cls,png,arm,preset,qp,bytes,ssim2,err
1000-lilith-photos-general,imazen-26-png-v3/png-v3/1000-lilith-photos-general/1033_general_stone-tunnel-lights_placa-pedro-infante-valladolid_s23u_iso800-f1p7_20230918-111620_3000x4000.sdr.png,iq_adef,6,20,52518,82.8756,
1000-lilith-photos-general,imazen-26-png-v3/png-v3/1000-lilith-photos-general/1033_general_stone-tunnel-lights_placa-pedro-infante-valladolid_s23u_iso800-f1p7_20230918-111620_3000x4000.sdr.png,iq_adef,6,32,30814,71.5712,
1000-lilith-photos-general,imazen-26-png-v3/png-v3/1000-lilith-photos-general/1033_general_stone-tunnel-lights_placa-pedro-infante-valladolid_s23u_iso800-f1p7_20230918-111620_3000x4000.sdr.png,iq_adef,6,44,15054,44.7028,
1000-lilith-photos-general,imazen-26-png-v3/png-v3/1000-lilith-photos-general/1033_general_stone-tunnel-lights_placa-pedro-infante-valladolid_s23u_iso800-f1p7_20230918-111620_3000x4000.sdr.png,iq_adef,10,20,54064,82.4974,
1000-lilith-photos-general,imazen-26-png-v3/png-v3/1000-lilith-photos-general/1033_general_stone-tunnel-lights_placa-pedro-infante-valladolid_s23u_iso800-f1p7_20230918-111620_3000x4000.sdr.png,iq_adef,10,32,32155,71.3815,
1000-lilith-photos-general,imazen-26-png-v3/png-v3/1000-lilith-photos-general/1033_general_stone-tunnel-lights_placa-pedro-infante-valladolid_s23u_iso800-f1p7_20230918-111620_3000x4000.sdr.png,iq_adef,10,44,15630,43.9335,
1000-lilith-photos-general,imazen-26-png-v3/png-v3/1000-lilith-photos-general/1033_general_stone-tunnel-lights_placa-pedro-infante-valladolid_s23u_iso800-f1p7_20230918-111620_3000x4000.sdr.png,iq_asharp,6,20,52518,82.6737,
1000-lilith-photos-general,imazen-26-png-v3/png-v3/1000-lilith-photos-general/1033_general_stone-tunnel-lights_placa-pedro-infante-valladolid_s23u_iso800-f1p7_20230918-111620_3000x4000.sdr.png,iq_asharp,6,32,30815,71.8159,
1000-lilith-photos-general,imazen-26-png-v3/png-v3/1000-lilith-photos-general/1033_general_stone-tunnel-lights_placa-pedro-infante-valladolid_s23u_iso800-f1p7_20230918-111620_3000x4000.sdr.png,iq_asharp,6,44,15054,44.4055,
1000-lilith-photos-general,imazen-26-png-v3/png-v3/1000-lilith-photos-general/1033_general_stone-tunnel-lights_placa-pedro-infante-valladolid_s23u_iso800-f1p7_20230918-111620_3000x4000.sdr.png,iq_asharp,10,20,54064,82.6379,
1000-lilith-photos-general,imazen-26-png-v3/png-v3/1000-lilith-photos-general/1033_general_stone-tunnel-lights_placa-pedro-infante-valladolid_s23u_iso800-f1p7_20230918-111620_3000x4000.sdr.png,iq_asharp,10,32,32155,71.6889,
1000-lilith-photos-general,imazen-26-png-v3/png-v3/1000-lilith-photos-general/1033_general_stone-tunnel-lights_placa-pedro-infante-valladolid_s23u_iso800-f1p7_20230918-111620_3000x4000.sdr.png,iq_asharp,10,44,15630,44.5320,
1000-lilith-photos-general,imazen-26-png-v3/png-v3/1000-lilith-photos-general/1033_general_stone-tunnel-lights_placa-pedro-infante-valladolid_s23u_iso800-f1p7_20230918-111620_3000x4000.sdr.png,iq_both,6,20,52518,82.8756,
1000-lilith-photos-general,imazen-26-png-v3/png-v3/1000-lilith-photos-general/1033_general_stone-tunnel-lights_placa-pedro-infante-valladolid_s23u_iso800-f1p7_20230918-111620_3000x4000.sdr.png,iq_both,6,32,30814,71.5712,
1000-lilith-photos-general,imazen-26-png-v3/png-v3/1000-lilith-photos-general/1033_general_stone-tunnel-lights_placa-pedro-infante-valladolid_s23u_iso800-f1p7_20230918-111620_3000x4000.sdr.png,iq_both,6,44,15054,44.7028,
1000-lilith-photos-general,imazen-26-png-v3/png-v3/1000-lilith-photos-general/1033_general_stone-tunnel-lights_placa-pedro-infante-valladolid_s23u_iso800-f1p7_20230918-111620_3000x4000.sdr.png,iq_both,10,20,54064,82.4974,
1000-lilith-photos-general,imazen-26-png-v3/png-v3/1000-lilith-photos-general/1033_general_stone-tunnel-lights_placa-pedro-infante-valladolid_s23u_iso800-f1p7_20230918-111620_3000x4000.sdr.png,iq_both,10,32,32155,71.3815,
1000-lilith-photos-general,imazen-26-png-v3/png-v3/1000-lilith-photos-general/1033_general_stone-tunnel-lights_placa-pedro-infante-valladolid_s23u_iso800-f1p7_20230918-111620_3000x4000.sdr.png,iq_both,10,44,15630,43.9335,
1000-lilith-photos-general,imazen-26-png-v3/png-v3/1000-lilith-photos-general/1033_general_stone-tunnel-lights_placa-pedro-infante-valladolid_s23u_iso800-f1p7_20230918-111620_3000x4000.sdr.png,adef,6,20,45058,79.2182,
1000-lilith-photos-general,imazen-26-png-v3/png-v3/1000-lilith-photos-general/1033_general_stone-tunnel-lights_placa-pedro-infante-valladolid_s23u_iso800-f1p7_20230918-111620_3000x4000.sdr.png,adef,6,32,24318,63.3299,
1000-lilith-photos-general,imazen-26-png-v3/png-v3/1000-lilith-photos-general/1033_general_stone-tunnel-lights_placa-pedro-infante-valladolid_s23u_iso800-f1p7_20230918-111620_3000x4000.sdr.png,adef,6,44,10569,26.2618,
1000-lilith-photos-general,imazen-26-png-v3/png-v3/1000-lilith-photos-general/1033_general_stone-tunnel-lights_placa-pedro-infante-valladolid_s23u_iso800-f1p7_20230918-111620_3000x4000.sdr.png,adef,10,20,45956,78.6533,
1000-lilith-photos-general,imazen-26-png-v3/png-v3/1000-lilith-photos-general/1033_general_stone-tunnel-lights_placa-pedro-infante-valladolid_s23u_iso800-f1p7_20230918-111620_3000x4000.sdr.png,adef,10,32,24755,62.4562,
1000-lilith-photos-general,imazen-26-png-v3/png-v3/1000-lilith-photos-general/1033_general_stone-tunnel-lights_placa-pedro-infante-valladolid_s23u_iso800-f1p7_20230918-111620_3000x4000.sdr.png,adef,10,44,10778,25.1707,
1000-lilith-photos-general,imazen-26-png-v3/png-v3/1000-lilith-photos-general/1033_general_stone-tunnel-lights_placa-pedro-infante-valladolid_s23u_iso800-f1p7_20230918-111620_3000x4000.sdr.png,asharp,6,20,45058,79.1847,
1000-lilith-photos-general,imazen-26-png-v3/png-v3/1000-lilith-photos-general/1033_general_stone-tunnel-lights_placa-pedro-infante-valladolid_s23u_iso800-f1p7_20230918-111620_3000x4000.sdr.png,asharp,6,32,24319,63.5981,
1000-lilith-photos-general,imazen-26-png-v3/png-v3/1000-lilith-photos-general/1033_general_stone-tunnel-lights_placa-pedro-infante-valladolid_s23u_iso800-f1p7_20230918-111620_3000x4000.sdr.png,asharp,6,44,10569,26.2518,
1000-lilith-photos-general,imazen-26-png-v3/png-v3/1000-lilith-photos-general/1033_general_stone-tunnel-lights_placa-pedro-infante-valladolid_s23u_iso800-f1p7_20230918-111620_3000x4000.sdr.png,asharp,10,20,45956,78.8194,
1000-lilith-photos-general,imazen-26-png-v3/png-v3/1000-lilith-photos-general/1033_general_stone-tunnel-lights_placa-pedro-infante-valladolid_s23u_iso800-f1p7_20230918-111620_3000x4000.sdr.png,asharp,10,32,24755,62.7057,
1000-lilith-photos-general,imazen-26-png-v3/png-v3/1000-lilith-photos-general/1033_general_stone-tunnel-lights_placa-pedro-infante-valladolid_s23u_iso800-f1p7_20230918-111620_3000x4000.sdr.png,asharp,10,44,10778,25.5541,
1000-lilith-photos-general,imazen-26-png-v3/png-v3/1000-lilith-photos-general/1050_general_riverside-walkway-and-river_louvre-palace-paris_s23u_iso50-f2p2_20240425-154625_4000x3000.sdr.png,iq_adef,6,20,31810,80.3077,
1000-lilith-photos-general,imazen-26-png-v3/png-v3/1000-lilith-photos-general/1050_general_riverside-walkway-and-river_louvre-palace-paris_s23u_iso50-f2p2_20240425-154625_4000x3000.sdr.png,iq_adef,6,32,18689,70.0272,
1000-lilith-photos-general,imazen-26-png-v3/png-v3/1000-lilith-photos-general/1050_general_riverside-walkway-and-river_louvre-palace-paris_s23u_iso50-f2p2_20240425-154625_4000x3000.sdr.png,iq_adef,6,44,8523,43.4581,
1000-lilith-photos-general,imazen-26-png-v3/png-v3/1000-lilith-photos-general/1050_general_riverside-walkway-and-river_louvre-palace-paris_s23u_iso50-f2p2_20240425-154625_4000x3000.sdr.png,iq_adef,10,20,33425,80.2009,
1000-lilith-photos-general,imazen-26-png-v3/png-v3/1000-lilith-photos-general/1050_general_riverside-walkway-and-river_louvre-palace-paris_s23u_iso50-f2p2_20240425-154625_4000x3000.sdr.png,iq_adef,10,32,19704,70.0949,
1000-lilith-photos-general,imazen-26-png-v3/png-v3/1000-lilith-photos-general/1050_general_riverside-walkway-and-river_louvre-palace-paris_s23u_iso50-f2p2_20240425-154625_4000x3000.sdr.png,iq_adef,10,44,8962,44.1116,
1000-lilith-photos-general,imazen-26-png-v3/png-v3/1000-lilith-photos-general/1050_general_riverside-walkway-and-river_louvre-palace-paris_s23u_iso50-f2p2_20240425-154625_4000x3000.sdr.png,iq_asharp,6,20,31810,80.1881,
1000-lilith-photos-general,imazen-26-png-v3/png-v3/1000-lilith-photos-general/1050_general_riverside-walkway-and-river_louvre-palace-paris_s23u_iso50-f2p2_20240425-154625_4000x3000.sdr.png,iq_asharp,6,32,18691,70.0430,
1000-lilith-photos-general,imazen-26-png-v3/png-v3/1000-lilith-photos-general/1050_general_riverside-walkway-and-river_louvre-palace-paris_s23u_iso50-f2p2_20240425-154625_4000x3000.sdr.png,iq_asharp,6,44,8523,43.3540,
1000-lilith-photos-general,imazen-26-png-v3/png-v3/1000-lilith-photos-general/1050_general_riverside-walkway-and-river_louvre-palace-paris_s23u_iso50-f2p2_20240425-154625_4000x3000.sdr.png,iq_asharp,10,20,33425,80.2422,
1000-lilith-photos-general,imazen-26-png-v3/png-v3/1000-lilith-photos-general/1050_general_riverside-walkway-and-river_louvre-palace-paris_s23u_iso50-f2p2_20240425-154625_4000x3000.sdr.png,iq_asharp,10,32,19704,70.1249,
1000-lilith-photos-general,imazen-26-png-v3/png-v3/1000-lilith-photos-general/1050_general_riverside-walkway-and-river_louvre-palace-paris_s23u_iso50-f2p2_20240425-154625_4000x3000.sdr.png,iq_asharp,10,44,8962,44.4409,
1000-lilith-photos-general,imazen-26-png-v3/png-v3/1000-lilith-photos-general/1050_general_riverside-walkway-and-river_louvre-palace-paris_s23u_iso50-f2p2_20240425-154625_4000x3000.sdr.png,iq_both,6,20,31810,80.3077,
1000-lilith-photos-general,imazen-26-png-v3/png-v3/1000-lilith-photos-general/1050_general_riverside-walkway-and-river_louvre-palace-paris_s23u_iso50-f2p2_20240425-154625_4000x3000.sdr.png,iq_both,6,32,18689,70.0272,
1000-lilith-photos-general,imazen-26-png-v3/png-v3/1000-lilith-photos-general/1050_general_riverside-walkway-and-river_louvre-palace-paris_s23u_iso50-f2p2_20240425-154625_4000x3000.sdr.png,iq_both,6,44,8523,43.4581,
1000-lilith-photos-general,imazen-26-png-v3/png-v3/1000-lilith-photos-general/1050_general_riverside-walkway-and-river_louvre-palace-paris_s23u_iso50-f2p2_20240425-154625_4000x3000.sdr.png,iq_both,10,20,33425,80.2009,
1000-lilith-photos-general,imazen-26-png-v3/png-v3/1000-lilith-photos-general/1050_general_riverside-walkway-and-river_louvre-palace-paris_s23u_iso50-f2p2_20240425-154625_4000x3000.sdr.png,iq_both,10,32,19704,70.0949,
1000-lilith-photos-general,imazen-26-png-v3/png-v3/1000-lilith-photos-general/1050_general_riverside-walkway-and-river_louvre-palace-paris_s23u_iso50-f2p2_20240425-154625_4000x3000.sdr.png,iq_both,10,44,8962,44.1116,
1000-lilith-photos-general,imazen-26-png-v3/png-v3/1000-lilith-photos-general/1050_general_riverside-walkway-and-river_louvre-palace-paris_s23u_iso50-f2p2_20240425-154625_4000x3000.sdr.png,adef,6,20,24709,73.4433,
1000-lilith-photos-general,imazen-26-png-v3/png-v3/1000-lilith-photos-general/1050_general_riverside-walkway-and-river_louvre-palace-paris_s23u_iso50-f2p2_20240425-154625_4000x3000.sdr.png,adef,6,32,12639,54.3300,
1000-lilith-photos-general,imazen-26-png-v3/png-v3/1000-lilith-photos-general/1050_general_riverside-walkway-and-river_louvre-palace-paris_s23u_iso50-f2p2_20240425-154625_4000x3000.sdr.png,adef,6,44,5150,13.6097,
1000-lilith-photos-general,imazen-26-png-v3/png-v3/1000-lilith-photos-general/1050_general_riverside-walkway-and-river_louvre-palace-paris_s23u_iso50-f2p2_20240425-154625_4000x3000.sdr.png,adef,10,20,23651,69.2474,
1000-lilith-photos-general,imazen-26-png-v3/png-v3/1000-lilith-photos-general/1050_general_riverside-walkway-and-river_louvre-palace-paris_s23u_iso50-f2p2_20240425-154625_4000x3000.sdr.png,adef,10,32,12146,51.5916,
1000-lilith-photos-general,imazen-26-png-v3/png-v3/1000-lilith-photos-general/1050_general_riverside-walkway-and-river_louvre-palace-paris_s23u_iso50-f2p2_20240425-154625_4000x3000.sdr.png,adef,10,44,5161,12.6657,
1000-lilith-photos-general,imazen-26-png-v3/png-v3/1000-lilith-photos-general/1050_general_riverside-walkway-and-river_louvre-palace-paris_s23u_iso50-f2p2_20240425-154625_4000x3000.sdr.png,asharp,6,20,24715,73.1640,
1000-lilith-photos-general,imazen-26-png-v3/png-v3/1000-lilith-photos-general/1050_general_riverside-walkway-and-river_louvre-palace-paris_s23u_iso50-f2p2_20240425-154625_4000x3000.sdr.png,asharp,6,32,12639,54.1779,
1000-lilith-photos-general,imazen-26-png-v3/png-v3/1000-lilith-photos-general/1050_general_riverside-walkway-and-river_louvre-palace-paris_s23u_iso50-f2p2_20240425-154625_4000x3000.sdr.png,asharp,6,44,5150,13.5547,
1000-lilith-photos-general,imazen-26-png-v3/png-v3/1000-lilith-photos-general/1050_general_riverside-walkway-and-river_louvre-palace-paris_s23u_iso50-f2p2_20240425-154625_4000x3000.sdr.png,asharp,10,20,23651,69.3211,
1000-lilith-photos-general,imazen-26-png-v3/png-v3/1000-lilith-photos-general/1050_general_riverside-walkway-and-river_louvre-palace-paris_s23u_iso50-f2p2_20240425-154625_4000x3000.sdr.png,asharp,10,32,12146,51.6737,
1000-lilith-photos-general,imazen-26-png-v3/png-v3/1000-lilith-photos-general/1050_general_riverside-walkway-and-river_louvre-palace-paris_s23u_iso50-f2p2_20240425-154625_4000x3000.sdr.png,asharp,10,44,5161,12.9212,
1200-lilith-interiors,imazen-26-png-v3/png-v3/1200-lilith-interiors/1205_interiors_modern-living-room_tulum-mexico_s23u_iso160-f1p7_20230917-114545_3000x4000.sdr.png,iq_adef,6,20,38390,81.0007,
1200-lilith-interiors,imazen-26-png-v3/png-v3/1200-lilith-interiors/1205_interiors_modern-living-room_tulum-mexico_s23u_iso160-f1p7_20230917-114545_3000x4000.sdr.png,iq_adef,6,32,24397,69.5264,
1200-lilith-interiors,imazen-26-png-v3/png-v3/1200-lilith-interiors/1205_interiors_modern-living-room_tulum-mexico_s23u_iso160-f1p7_20230917-114545_3000x4000.sdr.png,iq_adef,6,44,11735,39.4910,
1200-lilith-interiors,imazen-26-png-v3/png-v3/1200-lilith-interiors/1205_interiors_modern-living-room_tulum-mexico_s23u_iso160-f1p7_20230917-114545_3000x4000.sdr.png,iq_adef,10,20,39805,80.7599,
1200-lilith-interiors,imazen-26-png-v3/png-v3/1200-lilith-interiors/1205_interiors_modern-living-room_tulum-mexico_s23u_iso160-f1p7_20230917-114545_3000x4000.sdr.png,iq_adef,10,32,25416,69.6819,
1200-lilith-interiors,imazen-26-png-v3/png-v3/1200-lilith-interiors/1205_interiors_modern-living-room_tulum-mexico_s23u_iso160-f1p7_20230917-114545_3000x4000.sdr.png,iq_adef,10,44,12330,39.5385,
1200-lilith-interiors,imazen-26-png-v3/png-v3/1200-lilith-interiors/1205_interiors_modern-living-room_tulum-mexico_s23u_iso160-f1p7_20230917-114545_3000x4000.sdr.png,iq_asharp,6,20,38390,80.9057,
1200-lilith-interiors,imazen-26-png-v3/png-v3/1200-lilith-interiors/1205_interiors_modern-living-room_tulum-mexico_s23u_iso160-f1p7_20230917-114545_3000x4000.sdr.png,iq_asharp,6,32,24393,69.3212,
1200-lilith-interiors,imazen-26-png-v3/png-v3/1200-lilith-interiors/1205_interiors_modern-living-room_tulum-mexico_s23u_iso160-f1p7_20230917-114545_3000x4000.sdr.png,iq_asharp,6,44,11735,39.5756,
1200-lilith-interiors,imazen-26-png-v3/png-v3/1200-lilith-interiors/1205_interiors_modern-living-room_tulum-mexico_s23u_iso160-f1p7_20230917-114545_3000x4000.sdr.png,iq_asharp,10,20,39805,80.8094,
1200-lilith-interiors,imazen-26-png-v3/png-v3/1200-lilith-interiors/1205_interiors_modern-living-room_tulum-mexico_s23u_iso160-f1p7_20230917-114545_3000x4000.sdr.png,iq_asharp,10,32,25416,69.8104,
1200-lilith-interiors,imazen-26-png-v3/png-v3/1200-lilith-interiors/1205_interiors_modern-living-room_tulum-mexico_s23u_iso160-f1p7_20230917-114545_3000x4000.sdr.png,iq_asharp,10,44,12330,39.9616,
1200-lilith-interiors,imazen-26-png-v3/png-v3/1200-lilith-interiors/1205_interiors_modern-living-room_tulum-mexico_s23u_iso160-f1p7_20230917-114545_3000x4000.sdr.png,iq_both,6,20,38390,81.0007,
1200-lilith-interiors,imazen-26-png-v3/png-v3/1200-lilith-interiors/1205_interiors_modern-living-room_tulum-mexico_s23u_iso160-f1p7_20230917-114545_3000x4000.sdr.png,iq_both,6,32,24397,69.5264,
1200-lilith-interiors,imazen-26-png-v3/png-v3/1200-lilith-interiors/1205_interiors_modern-living-room_tulum-mexico_s23u_iso160-f1p7_20230917-114545_3000x4000.sdr.png,iq_both,6,44,11735,39.4910,
1200-lilith-interiors,imazen-26-png-v3/png-v3/1200-lilith-interiors/1205_interiors_modern-living-room_tulum-mexico_s23u_iso160-f1p7_20230917-114545_3000x4000.sdr.png,iq_both,10,20,39805,80.7599,
1200-lilith-interiors,imazen-26-png-v3/png-v3/1200-lilith-interiors/1205_interiors_modern-living-room_tulum-mexico_s23u_iso160-f1p7_20230917-114545_3000x4000.sdr.png,iq_both,10,32,25416,69.6819,
1200-lilith-interiors,imazen-26-png-v3/png-v3/1200-lilith-interiors/1205_interiors_modern-living-room_tulum-mexico_s23u_iso160-f1p7_20230917-114545_3000x4000.sdr.png,iq_both,10,44,12330,39.5385,
1200-lilith-interiors,imazen-26-png-v3/png-v3/1200-lilith-interiors/1205_interiors_modern-living-room_tulum-mexico_s23u_iso160-f1p7_20230917-114545_3000x4000.sdr.png,adef,6,20,30878,74.1571,
1200-lilith-interiors,imazen-26-png-v3/png-v3/1200-lilith-interiors/1205_interiors_modern-living-room_tulum-mexico_s23u_iso160-f1p7_20230917-114545_3000x4000.sdr.png,adef,6,32,17158,52.9943,
1200-lilith-interiors,imazen-26-png-v3/png-v3/1200-lilith-interiors/1205_interiors_modern-living-room_tulum-mexico_s23u_iso160-f1p7_20230917-114545_3000x4000.sdr.png,adef,6,44,7469,4.3153,
1200-lilith-interiors,imazen-26-png-v3/png-v3/1200-lilith-interiors/1205_interiors_modern-living-room_tulum-mexico_s23u_iso160-f1p7_20230917-114545_3000x4000.sdr.png,adef,10,20,30732,72.7113,
1200-lilith-interiors,imazen-26-png-v3/png-v3/1200-lilith-interiors/1205_interiors_modern-living-room_tulum-mexico_s23u_iso160-f1p7_20230917-114545_3000x4000.sdr.png,adef,10,32,17340,51.8112,
1200-lilith-interiors,imazen-26-png-v3/png-v3/1200-lilith-interiors/1205_interiors_modern-living-room_tulum-mexico_s23u_iso160-f1p7_20230917-114545_3000x4000.sdr.png,adef,10,44,7660,1.3175,
1200-lilith-interiors,imazen-26-png-v3/png-v3/1200-lilith-interiors/1205_interiors_modern-living-room_tulum-mexico_s23u_iso160-f1p7_20230917-114545_3000x4000.sdr.png,asharp,6,20,30878,73.9617,
1200-lilith-interiors,imazen-26-png-v3/png-v3/1200-lilith-interiors/1205_interiors_modern-living-room_tulum-mexico_s23u_iso160-f1p7_20230917-114545_3000x4000.sdr.png,asharp,6,32,17155,52.8844,
1200-lilith-interiors,imazen-26-png-v3/png-v3/1200-lilith-interiors/1205_interiors_modern-living-room_tulum-mexico_s23u_iso160-f1p7_20230917-114545_3000x4000.sdr.png,asharp,6,44,7468,4.2927,
1200-lilith-interiors,imazen-26-png-v3/png-v3/1200-lilith-interiors/1205_interiors_modern-living-room_tulum-mexico_s23u_iso160-f1p7_20230917-114545_3000x4000.sdr.png,asharp,10,20,30732,72.7223,
1200-lilith-interiors,imazen-26-png-v3/png-v3/1200-lilith-interiors/1205_interiors_modern-living-room_tulum-mexico_s23u_iso160-f1p7_20230917-114545_3000x4000.sdr.png,asharp,10,32,17340,51.9695,
1200-lilith-interiors,imazen-26-png-v3/png-v3/1200-lilith-interiors/1205_interiors_modern-living-room_tulum-mexico_s23u_iso160-f1p7_20230917-114545_3000x4000.sdr.png,asharp,10,44,7660,1.5208,
1200-lilith-interiors,imazen-26-png-v3/png-v3/1200-lilith-interiors/1225_interiors_kitchen-appliances-overhead_minamiizu-japan_s23u_iso200-f1p7_20250307-112014_3000x4000.sdr.png,iq_adef,6,20,43662,79.6798,
1200-lilith-interiors,imazen-26-png-v3/png-v3/1200-lilith-interiors/1225_interiors_kitchen-appliances-overhead_minamiizu-japan_s23u_iso200-f1p7_20250307-112014_3000x4000.sdr.png,iq_adef,6,32,24905,68.8477,
1200-lilith-interiors,imazen-26-png-v3/png-v3/1200-lilith-interiors/1225_interiors_kitchen-appliances-overhead_minamiizu-japan_s23u_iso200-f1p7_20250307-112014_3000x4000.sdr.png,iq_adef,6,44,10722,43.5112,
1200-lilith-interiors,imazen-26-png-v3/png-v3/1200-lilith-interiors/1225_interiors_kitchen-appliances-overhead_minamiizu-japan_s23u_iso200-f1p7_20250307-112014_3000x4000.sdr.png,iq_adef,10,20,46124,79.4066,
1200-lilith-interiors,imazen-26-png-v3/png-v3/1200-lilith-interiors/1225_interiors_kitchen-appliances-overhead_minamiizu-japan_s23u_iso200-f1p7_20250307-112014_3000x4000.sdr.png,iq_adef,10,32,26771,68.7570,
1200-lilith-interiors,imazen-26-png-v3/png-v3/1200-lilith-interiors/1225_interiors_kitchen-appliances-overhead_minamiizu-japan_s23u_iso200-f1p7_20250307-112014_3000x4000.sdr.png,iq_adef,10,44,11623,42.6467,
1200-lilith-interiors,imazen-26-png-v3/png-v3/1200-lilith-interiors/1225_interiors_kitchen-appliances-overhead_minamiizu-japan_s23u_iso200-f1p7_20250307-112014_3000x4000.sdr.png,iq_asharp,6,20,43662,79.6845,
1200-lilith-interiors,imazen-26-png-v3/png-v3/1200-lilith-interiors/1225_interiors_kitchen-appliances-overhead_minamiizu-japan_s23u_iso200-f1p7_20250307-112014_3000x4000.sdr.png,iq_asharp,6,32,24906,68.9842,
1200-lilith-interiors,imazen-26-png-v3/png-v3/1200-lilith-interiors/1225_interiors_kitchen-appliances-overhead_minamiizu-japan_s23u_iso200-f1p7_20250307-112014_3000x4000.sdr.png,iq_asharp,6,44,10721,43.6901,
1200-lilith-interiors,imazen-26-png-v3/png-v3/1200-lilith-interiors/1225_interiors_kitchen-appliances-overhead_minamiizu-japan_s23u_iso200-f1p7_20250307-112014_3000x4000.sdr.png,iq_asharp,10,20,46124,79.4795,
1200-lilith-interiors,imazen-26-png-v3/png-v3/1200-lilith-interiors/1225_interiors_kitchen-appliances-overhead_minamiizu-japan_s23u_iso200-f1p7_20250307-112014_3000x4000.sdr.png,iq_asharp,10,32,26771,68.9832,
1200-lilith-interiors,imazen-26-png-v3/png-v3/1200-lilith-interiors/1225_interiors_kitchen-appliances-overhead_minamiizu-japan_s23u_iso200-f1p7_20250307-112014_3000x4000.sdr.png,iq_asharp,10,44,11623,42.9408,
1200-lilith-interiors,imazen-26-png-v3/png-v3/1200-lilith-interiors/1225_interiors_kitchen-appliances-overhead_minamiizu-japan_s23u_iso200-f1p7_20250307-112014_3000x4000.sdr.png,iq_both,6,20,43662,79.6798,
1200-lilith-interiors,imazen-26-png-v3/png-v3/1200-lilith-interiors/1225_interiors_kitchen-appliances-overhead_minamiizu-japan_s23u_iso200-f1p7_20250307-112014_3000x4000.sdr.png,iq_both,6,32,24905,68.8477,
1200-lilith-interiors,imazen-26-png-v3/png-v3/1200-lilith-interiors/1225_interiors_kitchen-appliances-overhead_minamiizu-japan_s23u_iso200-f1p7_20250307-112014_3000x4000.sdr.png,iq_both,6,44,10722,43.5112,
1200-lilith-interiors,imazen-26-png-v3/png-v3/1200-lilith-interiors/1225_interiors_kitchen-appliances-overhead_minamiizu-japan_s23u_iso200-f1p7_20250307-112014_3000x4000.sdr.png,iq_both,10,20,46124,79.4066,
1200-lilith-interiors,imazen-26-png-v3/png-v3/1200-lilith-interiors/1225_interiors_kitchen-appliances-overhead_minamiizu-japan_s23u_iso200-f1p7_20250307-112014_3000x4000.sdr.png,iq_both,10,32,26771,68.7570,
1200-lilith-interiors,imazen-26-png-v3/png-v3/1200-lilith-interiors/1225_interiors_kitchen-appliances-overhead_minamiizu-japan_s23u_iso200-f1p7_20250307-112014_3000x4000.sdr.png,iq_both,10,44,11623,42.6467,
1200-lilith-interiors,imazen-26-png-v3/png-v3/1200-lilith-interiors/1225_interiors_kitchen-appliances-overhead_minamiizu-japan_s23u_iso200-f1p7_20250307-112014_3000x4000.sdr.png,adef,6,20,32475,72.3283,
1200-lilith-interiors,imazen-26-png-v3/png-v3/1200-lilith-interiors/1225_interiors_kitchen-appliances-overhead_minamiizu-japan_s23u_iso200-f1p7_20250307-112014_3000x4000.sdr.png,adef,6,32,15462,52.1237,
1200-lilith-interiors,imazen-26-png-v3/png-v3/1200-lilith-interiors/1225_interiors_kitchen-appliances-overhead_minamiizu-japan_s23u_iso200-f1p7_20250307-112014_3000x4000.sdr.png,adef,6,44,6639,15.4888,
1200-lilith-interiors,imazen-26-png-v3/png-v3/1200-lilith-interiors/1225_interiors_kitchen-appliances-overhead_minamiizu-japan_s23u_iso200-f1p7_20250307-112014_3000x4000.sdr.png,adef,10,20,34474,71.3218,
1200-lilith-interiors,imazen-26-png-v3/png-v3/1200-lilith-interiors/1225_interiors_kitchen-appliances-overhead_minamiizu-japan_s23u_iso200-f1p7_20250307-112014_3000x4000.sdr.png,adef,10,32,16582,50.9068,
1200-lilith-interiors,imazen-26-png-v3/png-v3/1200-lilith-interiors/1225_interiors_kitchen-appliances-overhead_minamiizu-japan_s23u_iso200-f1p7_20250307-112014_3000x4000.sdr.png,adef,10,44,6887,13.7142,
1200-lilith-interiors,imazen-26-png-v3/png-v3/1200-lilith-interiors/1225_interiors_kitchen-appliances-overhead_minamiizu-japan_s23u_iso200-f1p7_20250307-112014_3000x4000.sdr.png,asharp,6,20,32474,72.1768,
1200-lilith-interiors,imazen-26-png-v3/png-v3/1200-lilith-interiors/1225_interiors_kitchen-appliances-overhead_minamiizu-japan_s23u_iso200-f1p7_20250307-112014_3000x4000.sdr.png,asharp,6,32,15462,52.0718,
1200-lilith-interiors,imazen-26-png-v3/png-v3/1200-lilith-interiors/1225_interiors_kitchen-appliances-overhead_minamiizu-japan_s23u_iso200-f1p7_20250307-112014_3000x4000.sdr.png,asharp,6,44,6639,15.5980,
1200-lilith-interiors,imazen-26-png-v3/png-v3/1200-lilith-interiors/1225_interiors_kitchen-appliances-overhead_minamiizu-japan_s23u_iso200-f1p7_20250307-112014_3000x4000.sdr.png,asharp,10,20,34474,71.3741,
1200-lilith-interiors,imazen-26-png-v3/png-v3/1200-lilith-interiors/1225_interiors_kitchen-appliances-overhead_minamiizu-japan_s23u_iso200-f1p7_20250307-112014_3000x4000.sdr.png,asharp,10,32,16582,51.0539,
1200-lilith-interiors,imazen-26-png-v3/png-v3/1200-lilith-interiors/1225_interiors_kitchen-appliances-overhead_minamiizu-japan_s23u_iso200-f1p7_20250307-112014_3000x4000.sdr.png,asharp,10,44,6887,13.9846,
1400-lilith-nature,imazen-26-png-v3/png-v3/1400-lilith-nature/1510_nature_purple-iris-flowers_colorado_ip8plus_iso40-f2p8_img-0803_3024x4032.sdr.png,iq_adef,6,20,26127,83.5158,
1400-lilith-nature,imazen-26-png-v3/png-v3/1400-lilith-nature/1510_nature_purple-iris-flowers_colorado_ip8plus_iso40-f2p8_img-0803_3024x4032.sdr.png,iq_adef,6,32,14845,75.7000,
1400-lilith-nature,imazen-26-png-v3/png-v3/1400-lilith-nature/1510_nature_purple-iris-flowers_colorado_ip8plus_iso40-f2p8_img-0803_3024x4032.sdr.png,iq_adef,6,44,6244,56.9127,
1400-lilith-nature,imazen-26-png-v3/png-v3/1400-lilith-nature/1510_nature_purple-iris-flowers_colorado_ip8plus_iso40-f2p8_img-0803_3024x4032.sdr.png,iq_adef,10,20,28053,83.2572,
1400-lilith-nature,imazen-26-png-v3/png-v3/1400-lilith-nature/1510_nature_purple-iris-flowers_colorado_ip8plus_iso40-f2p8_img-0803_3024x4032.sdr.png,iq_adef,10,32,16242,75.9080,
1400-lilith-nature,imazen-26-png-v3/png-v3/1400-lilith-nature/1510_nature_purple-iris-flowers_colorado_ip8plus_iso40-f2p8_img-0803_3024x4032.sdr.png,iq_adef,10,44,6926,56.6979,
1400-lilith-nature,imazen-26-png-v3/png-v3/1400-lilith-nature/1510_nature_purple-iris-flowers_colorado_ip8plus_iso40-f2p8_img-0803_3024x4032.sdr.png,iq_asharp,6,20,26127,83.4527,
1400-lilith-nature,imazen-26-png-v3/png-v3/1400-lilith-nature/1510_nature_purple-iris-flowers_colorado_ip8plus_iso40-f2p8_img-0803_3024x4032.sdr.png,iq_asharp,6,32,14845,75.8616,
1400-lilith-nature,imazen-26-png-v3/png-v3/1400-lilith-nature/1510_nature_purple-iris-flowers_colorado_ip8plus_iso40-f2p8_img-0803_3024x4032.sdr.png,iq_asharp,6,44,6245,56.9627,
1400-lilith-nature,imazen-26-png-v3/png-v3/1400-lilith-nature/1510_nature_purple-iris-flowers_colorado_ip8plus_iso40-f2p8_img-0803_3024x4032.sdr.png,iq_asharp,10,20,28053,83.3016,
1400-lilith-nature,imazen-26-png-v3/png-v3/1400-lilith-nature/1510_nature_purple-iris-flowers_colorado_ip8plus_iso40-f2p8_img-0803_3024x4032.sdr.png,iq_asharp,10,32,16242,76.0671,
1400-lilith-nature,imazen-26-png-v3/png-v3/1400-lilith-nature/1510_nature_purple-iris-flowers_colorado_ip8plus_iso40-f2p8_img-0803_3024x4032.sdr.png,iq_asharp,10,44,6926,57.2009,
1400-lilith-nature,imazen-26-png-v3/png-v3/1400-lilith-nature/1510_nature_purple-iris-flowers_colorado_ip8plus_iso40-f2p8_img-0803_3024x4032.sdr.png,iq_both,6,20,26127,83.5158,
1400-lilith-nature,imazen-26-png-v3/png-v3/1400-lilith-nature/1510_nature_purple-iris-flowers_colorado_ip8plus_iso40-f2p8_img-0803_3024x4032.sdr.png,iq_both,6,32,14845,75.7000,
1400-lilith-nature,imazen-26-png-v3/png-v3/1400-lilith-nature/1510_nature_purple-iris-flowers_colorado_ip8plus_iso40-f2p8_img-0803_3024x4032.sdr.png,iq_both,6,44,6244,56.9127,
1400-lilith-nature,imazen-26-png-v3/png-v3/1400-lilith-nature/1510_nature_purple-iris-flowers_colorado_ip8plus_iso40-f2p8_img-0803_3024x4032.sdr.png,iq_both,10,20,28053,83.2572,
1400-lilith-nature,imazen-26-png-v3/png-v3/1400-lilith-nature/1510_nature_purple-iris-flowers_colorado_ip8plus_iso40-f2p8_img-0803_3024x4032.sdr.png,iq_both,10,32,16242,75.9080,
1400-lilith-nature,imazen-26-png-v3/png-v3/1400-lilith-nature/1510_nature_purple-iris-flowers_colorado_ip8plus_iso40-f2p8_img-0803_3024x4032.sdr.png,iq_both,10,44,6926,56.6979,
1400-lilith-nature,imazen-26-png-v3/png-v3/1400-lilith-nature/1510_nature_purple-iris-flowers_colorado_ip8plus_iso40-f2p8_img-0803_3024x4032.sdr.png,adef,6,20,15362,75.3072,
1400-lilith-nature,imazen-26-png-v3/png-v3/1400-lilith-nature/1510_nature_purple-iris-flowers_colorado_ip8plus_iso40-f2p8_img-0803_3024x4032.sdr.png,adef,6,32,6779,59.2456,
1400-lilith-nature,imazen-26-png-v3/png-v3/1400-lilith-nature/1510_nature_purple-iris-flowers_colorado_ip8plus_iso40-f2p8_img-0803_3024x4032.sdr.png,adef,6,44,3237,29.1875,
1400-lilith-nature,imazen-26-png-v3/png-v3/1400-lilith-nature/1510_nature_purple-iris-flowers_colorado_ip8plus_iso40-f2p8_img-0803_3024x4032.sdr.png,adef,10,20,15989,74.4237,
1400-lilith-nature,imazen-26-png-v3/png-v3/1400-lilith-nature/1510_nature_purple-iris-flowers_colorado_ip8plus_iso40-f2p8_img-0803_3024x4032.sdr.png,adef,10,32,7079,57.5544,
1400-lilith-nature,imazen-26-png-v3/png-v3/1400-lilith-nature/1510_nature_purple-iris-flowers_colorado_ip8plus_iso40-f2p8_img-0803_3024x4032.sdr.png,adef,10,44,3313,24.7067,
1400-lilith-nature,imazen-26-png-v3/png-v3/1400-lilith-nature/1510_nature_purple-iris-flowers_colorado_ip8plus_iso40-f2p8_img-0803_3024x4032.sdr.png,asharp,6,20,15363,75.2115,
1400-lilith-nature,imazen-26-png-v3/png-v3/1400-lilith-nature/1510_nature_purple-iris-flowers_colorado_ip8plus_iso40-f2p8_img-0803_3024x4032.sdr.png,asharp,6,32,6777,59.3950,
1400-lilith-nature,imazen-26-png-v3/png-v3/1400-lilith-nature/1510_nature_purple-iris-flowers_colorado_ip8plus_iso40-f2p8_img-0803_3024x4032.sdr.png,asharp,6,44,3237,29.2745,
1400-lilith-nature,imazen-26-png-v3/png-v3/1400-lilith-nature/1510_nature_purple-iris-flowers_colorado_ip8plus_iso40-f2p8_img-0803_3024x4032.sdr.png,asharp,10,20,15989,74.5086,
1400-lilith-nature,imazen-26-png-v3/png-v3/1400-lilith-nature/1510_nature_purple-iris-flowers_colorado_ip8plus_iso40-f2p8_img-0803_3024x4032.sdr.png,asharp,10,32,7079,57.7015,
1400-lilith-nature,imazen-26-png-v3/png-v3/1400-lilith-nature/1510_nature_purple-iris-flowers_colorado_ip8plus_iso40-f2p8_img-0803_3024x4032.sdr.png,asharp,10,44,3313,25.0780,
1400-lilith-nature,imazen-26-png-v3/png-v3/1400-lilith-nature/1514_nature_purple-allium-flowers_colorado_ip8plus_iso20-f2p8_img-1310_3024x4032.sdr.png,iq_adef,6,20,30596,83.1876,
1400-lilith-nature,imazen-26-png-v3/png-v3/1400-lilith-nature/1514_nature_purple-allium-flowers_colorado_ip8plus_iso20-f2p8_img-1310_3024x4032.sdr.png,iq_adef,6,32,18825,74.4244,
1400-lilith-nature,imazen-26-png-v3/png-v3/1400-lilith-nature/1514_nature_purple-allium-flowers_colorado_ip8plus_iso20-f2p8_img-1310_3024x4032.sdr.png,iq_adef,6,44,9091,52.1143,
1400-lilith-nature,imazen-26-png-v3/png-v3/1400-lilith-nature/1514_nature_purple-allium-flowers_colorado_ip8plus_iso20-f2p8_img-1310_3024x4032.sdr.png,iq_adef,10,20,33318,82.8002,
1400-lilith-nature,imazen-26-png-v3/png-v3/1400-lilith-nature/1514_nature_purple-allium-flowers_colorado_ip8plus_iso20-f2p8_img-1310_3024x4032.sdr.png,iq_adef,10,32,20566,74.8150,
1400-lilith-nature,imazen-26-png-v3/png-v3/1400-lilith-nature/1514_nature_purple-allium-flowers_colorado_ip8plus_iso20-f2p8_img-1310_3024x4032.sdr.png,iq_adef,10,44,9878,52.0661,
1400-lilith-nature,imazen-26-png-v3/png-v3/1400-lilith-nature/1514_nature_purple-allium-flowers_colorado_ip8plus_iso20-f2p8_img-1310_3024x4032.sdr.png,iq_asharp,6,20,30596,83.0565,
1400-lilith-nature,imazen-26-png-v3/png-v3/1400-lilith-nature/1514_nature_purple-allium-flowers_colorado_ip8plus_iso20-f2p8_img-1310_3024x4032.sdr.png,iq_asharp,6,32,18824,74.6329,
1400-lilith-nature,imazen-26-png-v3/png-v3/1400-lilith-nature/1514_nature_purple-allium-flowers_colorado_ip8plus_iso20-f2p8_img-1310_3024x4032.sdr.png,iq_asharp,6,44,9091,52.2848,
1400-lilith-nature,imazen-26-png-v3/png-v3/1400-lilith-nature/1514_nature_purple-allium-flowers_colorado_ip8plus_iso20-f2p8_img-1310_3024x4032.sdr.png,iq_asharp,10,20,33318,82.9051,
1400-lilith-nature,imazen-26-png-v3/png-v3/1400-lilith-nature/1514_nature_purple-allium-flowers_colorado_ip8plus_iso20-f2p8_img-1310_3024x4032.sdr.png,iq_asharp,10,32,20566,74.9406,
1400-lilith-nature,imazen-26-png-v3/png-v3/1400-lilith-nature/1514_nature_purple-allium-flowers_colorado_ip8plus_iso20-f2p8_img-1310_3024x4032.sdr.png,iq_asharp,10,44,9878,52.1240,
1400-lilith-nature,imazen-26-png-v3/png-v3/1400-lilith-nature/1514_nature_purple-allium-flowers_colorado_ip8plus_iso20-f2p8_img-1310_3024x4032.sdr.png,iq_both,6,20,30596,83.1876,
1400-lilith-nature,imazen-26-png-v3/png-v3/1400-lilith-nature/1514_nature_purple-allium-flowers_colorado_ip8plus_iso20-f2p8_img-1310_3024x4032.sdr.png,iq_both,6,32,18825,74.4244,
1400-lilith-nature,imazen-26-png-v3/png-v3/1400-lilith-nature/1514_nature_purple-allium-flowers_colorado_ip8plus_iso20-f2p8_img-1310_3024x4032.sdr.png,iq_both,6,44,9091,52.1143,
1400-lilith-nature,imazen-26-png-v3/png-v3/1400-lilith-nature/1514_nature_purple-allium-flowers_colorado_ip8plus_iso20-f2p8_img-1310_3024x4032.sdr.png,iq_both,10,20,33318,82.8002,
1400-lilith-nature,imazen-26-png-v3/png-v3/1400-lilith-nature/1514_nature_purple-allium-flowers_colorado_ip8plus_iso20-f2p8_img-1310_3024x4032.sdr.png,iq_both,10,32,20566,74.8150,
1400-lilith-nature,imazen-26-png-v3/png-v3/1400-lilith-nature/1514_nature_purple-allium-flowers_colorado_ip8plus_iso20-f2p8_img-1310_3024x4032.sdr.png,iq_both,10,44,9878,52.0661,
1400-lilith-nature,imazen-26-png-v3/png-v3/1400-lilith-nature/1514_nature_purple-allium-flowers_colorado_ip8plus_iso20-f2p8_img-1310_3024x4032.sdr.png,adef,6,20,21898,76.2510,
1400-lilith-nature,imazen-26-png-v3/png-v3/1400-lilith-nature/1514_nature_purple-allium-flowers_colorado_ip8plus_iso20-f2p8_img-1310_3024x4032.sdr.png,adef,6,32,11493,58.7258,
1400-lilith-nature,imazen-26-png-v3/png-v3/1400-lilith-nature/1514_nature_purple-allium-flowers_colorado_ip8plus_iso20-f2p8_img-1310_3024x4032.sdr.png,adef,6,44,5200,20.5550,
1400-lilith-nature,imazen-26-png-v3/png-v3/1400-lilith-nature/1514_nature_purple-allium-flowers_colorado_ip8plus_iso20-f2p8_img-1310_3024x4032.sdr.png,adef,10,20,23329,75.4198,
1400-lilith-nature,imazen-26-png-v3/png-v3/1400-lilith-nature/1514_nature_purple-allium-flowers_colorado_ip8plus_iso20-f2p8_img-1310_3024x4032.sdr.png,adef,10,32,12007,57.1126,
1400-lilith-nature,imazen-26-png-v3/png-v3/1400-lilith-nature/1514_nature_purple-allium-flowers_colorado_ip8plus_iso20-f2p8_img-1310_3024x4032.sdr.png,adef,10,44,5471,18.0592,
1400-lilith-nature,imazen-26-png-v3/png-v3/1400-lilith-nature/1514_nature_purple-allium-flowers_colorado_ip8plus_iso20-f2p8_img-1310_3024x4032.sdr.png,asharp,6,20,21899,76.2499,
1400-lilith-nature,imazen-26-png-v3/png-v3/1400-lilith-nature/1514_nature_purple-allium-flowers_colorado_ip8plus_iso20-f2p8_img-1310_3024x4032.sdr.png,asharp,6,32,11493,58.5969,
1400-lilith-nature,imazen-26-png-v3/png-v3/1400-lilith-nature/1514_nature_purple-allium-flowers_colorado_ip8plus_iso20-f2p8_img-1310_3024x4032.sdr.png,asharp,6,44,5200,20.6673,
1400-lilith-nature,imazen-26-png-v3/png-v3/1400-lilith-nature/1514_nature_purple-allium-flowers_colorado_ip8plus_iso20-f2p8_img-1310_3024x4032.sdr.png,asharp,10,20,23329,75.4929,
1400-lilith-nature,imazen-26-png-v3/png-v3/1400-lilith-nature/1514_nature_purple-allium-flowers_colorado_ip8plus_iso20-f2p8_img-1310_3024x4032.sdr.png,asharp,10,32,12007,57.1570,
1400-lilith-nature,imazen-26-png-v3/png-v3/1400-lilith-nature/1514_nature_purple-allium-flowers_colorado_ip8plus_iso20-f2p8_img-1310_3024x4032.sdr.png,asharp,10,44,5471,18.0512,
1600-lilith-food,imazen-26-png-v3/png-v3/1600-lilith-food/1608_food_single-cake-slice-plate_anedaitocho-kyoto-japan_s23u_iso320-f2p2_20230709-194142_4000x3000.sdr.png,iq_adef,6,20,60007,82.8241,
1600-lilith-food,imazen-26-png-v3/png-v3/1600-lilith-food/1608_food_single-cake-slice-plate_anedaitocho-kyoto-japan_s23u_iso320-f2p2_20230709-194142_4000x3000.sdr.png,iq_adef,6,32,36486,72.5595,
1600-lilith-food,imazen-26-png-v3/png-v3/1600-lilith-food/1608_food_single-cake-slice-plate_anedaitocho-kyoto-japan_s23u_iso320-f2p2_20230709-194142_4000x3000.sdr.png,iq_adef,6,44,19613,50.0252,
1600-lilith-food,imazen-26-png-v3/png-v3/1600-lilith-food/1608_food_single-cake-slice-plate_anedaitocho-kyoto-japan_s23u_iso320-f2p2_20230709-194142_4000x3000.sdr.png,iq_adef,10,20,63408,82.0463,
1600-lilith-food,imazen-26-png-v3/png-v3/1600-lilith-food/1608_food_single-cake-slice-plate_anedaitocho-kyoto-japan_s23u_iso320-f2p2_20230709-194142_4000x3000.sdr.png,iq_adef,10,32,38936,71.8023,
1600-lilith-food,imazen-26-png-v3/png-v3/1600-lilith-food/1608_food_single-cake-slice-plate_anedaitocho-kyoto-japan_s23u_iso320-f2p2_20230709-194142_4000x3000.sdr.png,iq_adef,10,44,20675,48.2430,
1600-lilith-food,imazen-26-png-v3/png-v3/1600-lilith-food/1608_food_single-cake-slice-plate_anedaitocho-kyoto-japan_s23u_iso320-f2p2_20230709-194142_4000x3000.sdr.png,iq_asharp,6,20,60007,82.9738,
1600-lilith-food,imazen-26-png-v3/png-v3/1600-lilith-food/1608_food_single-cake-slice-plate_anedaitocho-kyoto-japan_s23u_iso320-f2p2_20230709-194142_4000x3000.sdr.png,iq_asharp,6,32,36485,72.6758,
1600-lilith-food,imazen-26-png-v3/png-v3/1600-lilith-food/1608_food_single-cake-slice-plate_anedaitocho-kyoto-japan_s23u_iso320-f2p2_20230709-194142_4000x3000.sdr.png,iq_asharp,6,44,19613,50.1430,
1600-lilith-food,imazen-26-png-v3/png-v3/1600-lilith-food/1608_food_single-cake-slice-plate_anedaitocho-kyoto-japan_s23u_iso320-f2p2_20230709-194142_4000x3000.sdr.png,iq_asharp,10,20,63408,82.1092,
1600-lilith-food,imazen-26-png-v3/png-v3/1600-lilith-food/1608_food_single-cake-slice-plate_anedaitocho-kyoto-japan_s23u_iso320-f2p2_20230709-194142_4000x3000.sdr.png,iq_asharp,10,32,38936,72.0852,
1600-lilith-food,imazen-26-png-v3/png-v3/1600-lilith-food/1608_food_single-cake-slice-plate_anedaitocho-kyoto-japan_s23u_iso320-f2p2_20230709-194142_4000x3000.sdr.png,iq_asharp,10,44,20675,48.8662,
1600-lilith-food,imazen-26-png-v3/png-v3/1600-lilith-food/1608_food_single-cake-slice-plate_anedaitocho-kyoto-japan_s23u_iso320-f2p2_20230709-194142_4000x3000.sdr.png,iq_both,6,20,60007,82.8241,
1600-lilith-food,imazen-26-png-v3/png-v3/1600-lilith-food/1608_food_single-cake-slice-plate_anedaitocho-kyoto-japan_s23u_iso320-f2p2_20230709-194142_4000x3000.sdr.png,iq_both,6,32,36486,72.5595,
1600-lilith-food,imazen-26-png-v3/png-v3/1600-lilith-food/1608_food_single-cake-slice-plate_anedaitocho-kyoto-japan_s23u_iso320-f2p2_20230709-194142_4000x3000.sdr.png,iq_both,6,44,19613,50.0252,
1600-lilith-food,imazen-26-png-v3/png-v3/1600-lilith-food/1608_food_single-cake-slice-plate_anedaitocho-kyoto-japan_s23u_iso320-f2p2_20230709-194142_4000x3000.sdr.png,iq_both,10,20,63408,82.0463,
1600-lilith-food,imazen-26-png-v3/png-v3/1600-lilith-food/1608_food_single-cake-slice-plate_anedaitocho-kyoto-japan_s23u_iso320-f2p2_20230709-194142_4000x3000.sdr.png,iq_both,10,32,38936,71.8023,
1600-lilith-food,imazen-26-png-v3/png-v3/1600-lilith-food/1608_food_single-cake-slice-plate_anedaitocho-kyoto-japan_s23u_iso320-f2p2_20230709-194142_4000x3000.sdr.png,iq_both,10,44,20675,48.2430,
1600-lilith-food,imazen-26-png-v3/png-v3/1600-lilith-food/1608_food_single-cake-slice-plate_anedaitocho-kyoto-japan_s23u_iso320-f2p2_20230709-194142_4000x3000.sdr.png,adef,6,20,59932,79.4058,
1600-lilith-food,imazen-26-png-v3/png-v3/1600-lilith-food/1608_food_single-cake-slice-plate_anedaitocho-kyoto-japan_s23u_iso320-f2p2_20230709-194142_4000x3000.sdr.png,adef,6,32,34694,64.8895,
1600-lilith-food,imazen-26-png-v3/png-v3/1600-lilith-food/1608_food_single-cake-slice-plate_anedaitocho-kyoto-japan_s23u_iso320-f2p2_20230709-194142_4000x3000.sdr.png,adef,6,44,16975,37.1862,
1600-lilith-food,imazen-26-png-v3/png-v3/1600-lilith-food/1608_food_single-cake-slice-plate_anedaitocho-kyoto-japan_s23u_iso320-f2p2_20230709-194142_4000x3000.sdr.png,adef,10,20,63008,78.4303,
1600-lilith-food,imazen-26-png-v3/png-v3/1600-lilith-food/1608_food_single-cake-slice-plate_anedaitocho-kyoto-japan_s23u_iso320-f2p2_20230709-194142_4000x3000.sdr.png,adef,10,32,36577,62.7270,
1600-lilith-food,imazen-26-png-v3/png-v3/1600-lilith-food/1608_food_single-cake-slice-plate_anedaitocho-kyoto-japan_s23u_iso320-f2p2_20230709-194142_4000x3000.sdr.png,adef,10,44,18590,36.7792,
1600-lilith-food,imazen-26-png-v3/png-v3/1600-lilith-food/1608_food_single-cake-slice-plate_anedaitocho-kyoto-japan_s23u_iso320-f2p2_20230709-194142_4000x3000.sdr.png,asharp,6,20,59933,79.3269,
1600-lilith-food,imazen-26-png-v3/png-v3/1600-lilith-food/1608_food_single-cake-slice-plate_anedaitocho-kyoto-japan_s23u_iso320-f2p2_20230709-194142_4000x3000.sdr.png,asharp,6,32,34694,64.8903,
1600-lilith-food,imazen-26-png-v3/png-v3/1600-lilith-food/1608_food_single-cake-slice-plate_anedaitocho-kyoto-japan_s23u_iso320-f2p2_20230709-194142_4000x3000.sdr.png,asharp,6,44,16979,37.2087,
1600-lilith-food,imazen-26-png-v3/png-v3/1600-lilith-food/1608_food_single-cake-slice-plate_anedaitocho-kyoto-japan_s23u_iso320-f2p2_20230709-194142_4000x3000.sdr.png,asharp,10,20,63008,78.5262,
1600-lilith-food,imazen-26-png-v3/png-v3/1600-lilith-food/1608_food_single-cake-slice-plate_anedaitocho-kyoto-japan_s23u_iso320-f2p2_20230709-194142_4000x3000.sdr.png,asharp,10,32,36577,62.9174,
1600-lilith-food,imazen-26-png-v3/png-v3/1600-lilith-food/1608_food_single-cake-slice-plate_anedaitocho-kyoto-japan_s23u_iso320-f2p2_20230709-194142_4000x3000.sdr.png,asharp,10,44,18590,37.2752,
1600-lilith-food,imazen-26-png-v3/png-v3/1600-lilith-food/1614_food_dessert-plate-upside-down_valladolid-mexico_s23u_iso640-f1p7_20230917-213342_4000x3000.sdr.png,iq_adef,6,20,52648,80.7711,
1600-lilith-food,imazen-26-png-v3/png-v3/1600-lilith-food/1614_food_dessert-plate-upside-down_valladolid-mexico_s23u_iso640-f1p7_20230917-213342_4000x3000.sdr.png,iq_adef,6,32,30905,70.4979,
1600-lilith-food,imazen-26-png-v3/png-v3/1600-lilith-food/1614_food_dessert-plate-upside-down_valladolid-mexico_s23u_iso640-f1p7_20230917-213342_4000x3000.sdr.png,iq_adef,6,44,15270,43.9976,
1600-lilith-food,imazen-26-png-v3/png-v3/1600-lilith-food/1614_food_dessert-plate-upside-down_valladolid-mexico_s23u_iso640-f1p7_20230917-213342_4000x3000.sdr.png,iq_adef,10,20,54398,80.1723,
1600-lilith-food,imazen-26-png-v3/png-v3/1600-lilith-food/1614_food_dessert-plate-upside-down_valladolid-mexico_s23u_iso640-f1p7_20230917-213342_4000x3000.sdr.png,iq_adef,10,32,32180,69.3382,
1600-lilith-food,imazen-26-png-v3/png-v3/1600-lilith-food/1614_food_dessert-plate-upside-down_valladolid-mexico_s23u_iso640-f1p7_20230917-213342_4000x3000.sdr.png,iq_adef,10,44,15968,43.4124,
1600-lilith-food,imazen-26-png-v3/png-v3/1600-lilith-food/1614_food_dessert-plate-upside-down_valladolid-mexico_s23u_iso640-f1p7_20230917-213342_4000x3000.sdr.png,iq_asharp,6,20,52647,80.7657,
1600-lilith-food,imazen-26-png-v3/png-v3/1600-lilith-food/1614_food_dessert-plate-upside-down_valladolid-mexico_s23u_iso640-f1p7_20230917-213342_4000x3000.sdr.png,iq_asharp,6,32,30898,70.3426,
1600-lilith-food,imazen-26-png-v3/png-v3/1600-lilith-food/1614_food_dessert-plate-upside-down_valladolid-mexico_s23u_iso640-f1p7_20230917-213342_4000x3000.sdr.png,iq_asharp,6,44,15270,43.8092,
1600-lilith-food,imazen-26-png-v3/png-v3/1600-lilith-food/1614_food_dessert-plate-upside-down_valladolid-mexico_s23u_iso640-f1p7_20230917-213342_4000x3000.sdr.png,iq_asharp,10,20,54398,80.2868,
1600-lilith-food,imazen-26-png-v3/png-v3/1600-lilith-food/1614_food_dessert-plate-upside-down_valladolid-mexico_s23u_iso640-f1p7_20230917-213342_4000x3000.sdr.png,iq_asharp,10,32,32180,69.6684,
1600-lilith-food,imazen-26-png-v3/png-v3/1600-lilith-food/1614_food_dessert-plate-upside-down_valladolid-mexico_s23u_iso640-f1p7_20230917-213342_4000x3000.sdr.png,iq_asharp,10,44,15968,43.8590,
1600-lilith-food,imazen-26-png-v3/png-v3/1600-lilith-food/1614_food_dessert-plate-upside-down_valladolid-mexico_s23u_iso640-f1p7_20230917-213342_4000x3000.sdr.png,iq_both,6,20,52648,80.7711,
1600-lilith-food,imazen-26-png-v3/png-v3/1600-lilith-food/1614_food_dessert-plate-upside-down_valladolid-mexico_s23u_iso640-f1p7_20230917-213342_4000x3000.sdr.png,iq_both,6,32,30905,70.4979,
1600-lilith-food,imazen-26-png-v3/png-v3/1600-lilith-food/1614_food_dessert-plate-upside-down_valladolid-mexico_s23u_iso640-f1p7_20230917-213342_4000x3000.sdr.png,iq_both,6,44,15270,43.9976,
1600-lilith-food,imazen-26-png-v3/png-v3/1600-lilith-food/1614_food_dessert-plate-upside-down_valladolid-mexico_s23u_iso640-f1p7_20230917-213342_4000x3000.sdr.png,iq_both,10,20,54398,80.1723,
1600-lilith-food,imazen-26-png-v3/png-v3/1600-lilith-food/1614_food_dessert-plate-upside-down_valladolid-mexico_s23u_iso640-f1p7_20230917-213342_4000x3000.sdr.png,iq_both,10,32,32180,69.3382,
1600-lilith-food,imazen-26-png-v3/png-v3/1600-lilith-food/1614_food_dessert-plate-upside-down_valladolid-mexico_s23u_iso640-f1p7_20230917-213342_4000x3000.sdr.png,iq_both,10,44,15968,43.4124,
1600-lilith-food,imazen-26-png-v3/png-v3/1600-lilith-food/1614_food_dessert-plate-upside-down_valladolid-mexico_s23u_iso640-f1p7_20230917-213342_4000x3000.sdr.png,adef,6,20,49531,74.6139,
1600-lilith-food,imazen-26-png-v3/png-v3/1600-lilith-food/1614_food_dessert-plate-upside-down_valladolid-mexico_s23u_iso640-f1p7_20230917-213342_4000x3000.sdr.png,adef,6,32,27367,56.0329,
1600-lilith-food,imazen-26-png-v3/png-v3/1600-lilith-food/1614_food_dessert-plate-upside-down_valladolid-mexico_s23u_iso640-f1p7_20230917-213342_4000x3000.sdr.png,adef,6,44,12894,16.4635,
1600-lilith-food,imazen-26-png-v3/png-v3/1600-lilith-food/1614_food_dessert-plate-upside-down_valladolid-mexico_s23u_iso640-f1p7_20230917-213342_4000x3000.sdr.png,adef,10,20,50551,75.1424,
1600-lilith-food,imazen-26-png-v3/png-v3/1600-lilith-food/1614_food_dessert-plate-upside-down_valladolid-mexico_s23u_iso640-f1p7_20230917-213342_4000x3000.sdr.png,adef,10,32,27581,55.0417,
1600-lilith-food,imazen-26-png-v3/png-v3/1600-lilith-food/1614_food_dessert-plate-upside-down_valladolid-mexico_s23u_iso640-f1p7_20230917-213342_4000x3000.sdr.png,adef,10,44,12984,11.5964,
1600-lilith-food,imazen-26-png-v3/png-v3/1600-lilith-food/1614_food_dessert-plate-upside-down_valladolid-mexico_s23u_iso640-f1p7_20230917-213342_4000x3000.sdr.png,asharp,6,20,49530,74.4378,
1600-lilith-food,imazen-26-png-v3/png-v3/1600-lilith-food/1614_food_dessert-plate-upside-down_valladolid-mexico_s23u_iso640-f1p7_20230917-213342_4000x3000.sdr.png,asharp,6,32,27364,55.9197,
1600-lilith-food,imazen-26-png-v3/png-v3/1600-lilith-food/1614_food_dessert-plate-upside-down_valladolid-mexico_s23u_iso640-f1p7_20230917-213342_4000x3000.sdr.png,asharp,6,44,12894,16.1540,
1600-lilith-food,imazen-26-png-v3/png-v3/1600-lilith-food/1614_food_dessert-plate-upside-down_valladolid-mexico_s23u_iso640-f1p7_20230917-213342_4000x3000.sdr.png,asharp,10,20,50551,75.2429,
1600-lilith-food,imazen-26-png-v3/png-v3/1600-lilith-food/1614_food_dessert-plate-upside-down_valladolid-mexico_s23u_iso640-f1p7_20230917-213342_4000x3000.sdr.png,asharp,10,32,27581,55.1965,
1600-lilith-food,imazen-26-png-v3/png-v3/1600-lilith-food/1614_food_dessert-plate-upside-down_valladolid-mexico_s23u_iso640-f1p7_20230917-213342_4000x3000.sdr.png,asharp,10,44,12984,11.9354,
2000-unsplash-people,imazen-26-png-v3/png-v3/2000-unsplash-people/2000_people_by-alexander-aguero-enppvuxbcce-unsplash_4400x6600.sdr.png,iq_adef,6,20,19698,78.8865,
2000-unsplash-people,imazen-26-png-v3/png-v3/2000-unsplash-people/2000_people_by-alexander-aguero-enppvuxbcce-unsplash_4400x6600.sdr.png,iq_adef,6,32,10945,68.2298,
2000-unsplash-people,imazen-26-png-v3/png-v3/2000-unsplash-people/2000_people_by-alexander-aguero-enppvuxbcce-unsplash_4400x6600.sdr.png,iq_adef,6,44,3285,42.4988,
2000-unsplash-people,imazen-26-png-v3/png-v3/2000-unsplash-people/2000_people_by-alexander-aguero-enppvuxbcce-unsplash_4400x6600.sdr.png,iq_adef,10,20,19962,78.6372,
2000-unsplash-people,imazen-26-png-v3/png-v3/2000-unsplash-people/2000_people_by-alexander-aguero-enppvuxbcce-unsplash_4400x6600.sdr.png,iq_adef,10,32,11235,68.0055,
2000-unsplash-people,imazen-26-png-v3/png-v3/2000-unsplash-people/2000_people_by-alexander-aguero-enppvuxbcce-unsplash_4400x6600.sdr.png,iq_adef,10,44,3446,43.3660,
2000-unsplash-people,imazen-26-png-v3/png-v3/2000-unsplash-people/2000_people_by-alexander-aguero-enppvuxbcce-unsplash_4400x6600.sdr.png,iq_asharp,6,20,19695,78.5283,
2000-unsplash-people,imazen-26-png-v3/png-v3/2000-unsplash-people/2000_people_by-alexander-aguero-enppvuxbcce-unsplash_4400x6600.sdr.png,iq_asharp,6,32,10936,68.2459,
2000-unsplash-people,imazen-26-png-v3/png-v3/2000-unsplash-people/2000_people_by-alexander-aguero-enppvuxbcce-unsplash_4400x6600.sdr.png,iq_asharp,6,44,3282,42.5960,
2000-unsplash-people,imazen-26-png-v3/png-v3/2000-unsplash-people/2000_people_by-alexander-aguero-enppvuxbcce-unsplash_4400x6600.sdr.png,iq_asharp,10,20,19962,78.6674,
2000-unsplash-people,imazen-26-png-v3/png-v3/2000-unsplash-people/2000_people_by-alexander-aguero-enppvuxbcce-unsplash_4400x6600.sdr.png,iq_asharp,10,32,11235,68.0840,
2000-unsplash-people,imazen-26-png-v3/png-v3/2000-unsplash-people/2000_people_by-alexander-aguero-enppvuxbcce-unsplash_4400x6600.sdr.png,iq_asharp,10,44,3446,43.6505,
2000-unsplash-people,imazen-26-png-v3/png-v3/2000-unsplash-people/2000_people_by-alexander-aguero-enppvuxbcce-unsplash_4400x6600.sdr.png,iq_both,6,20,19698,78.8865,
2000-unsplash-people,imazen-26-png-v3/png-v3/2000-unsplash-people/2000_people_by-alexander-aguero-enppvuxbcce-unsplash_4400x6600.sdr.png,iq_both,6,32,10945,68.2298,
2000-unsplash-people,imazen-26-png-v3/png-v3/2000-unsplash-people/2000_people_by-alexander-aguero-enppvuxbcce-unsplash_4400x6600.sdr.png,iq_both,6,44,3285,42.4988,
2000-unsplash-people,imazen-26-png-v3/png-v3/2000-unsplash-people/2000_people_by-alexander-aguero-enppvuxbcce-unsplash_4400x6600.sdr.png,iq_both,10,20,19962,78.6372,
2000-unsplash-people,imazen-26-png-v3/png-v3/2000-unsplash-people/2000_people_by-alexander-aguero-enppvuxbcce-unsplash_4400x6600.sdr.png,iq_both,10,32,11235,68.0055,
2000-unsplash-people,imazen-26-png-v3/png-v3/2000-unsplash-people/2000_people_by-alexander-aguero-enppvuxbcce-unsplash_4400x6600.sdr.png,iq_both,10,44,3446,43.3660,
2000-unsplash-people,imazen-26-png-v3/png-v3/2000-unsplash-people/2000_people_by-alexander-aguero-enppvuxbcce-unsplash_4400x6600.sdr.png,adef,6,20,7932,64.0192,
2000-unsplash-people,imazen-26-png-v3/png-v3/2000-unsplash-people/2000_people_by-alexander-aguero-enppvuxbcce-unsplash_4400x6600.sdr.png,adef,6,32,2387,37.7847,
2000-unsplash-people,imazen-26-png-v3/png-v3/2000-unsplash-people/2000_people_by-alexander-aguero-enppvuxbcce-unsplash_4400x6600.sdr.png,adef,6,44,806,2.8665,
2000-unsplash-people,imazen-26-png-v3/png-v3/2000-unsplash-people/2000_people_by-alexander-aguero-enppvuxbcce-unsplash_4400x6600.sdr.png,adef,10,20,7429,63.3745,
2000-unsplash-people,imazen-26-png-v3/png-v3/2000-unsplash-people/2000_people_by-alexander-aguero-enppvuxbcce-unsplash_4400x6600.sdr.png,adef,10,32,2322,36.5750,
2000-unsplash-people,imazen-26-png-v3/png-v3/2000-unsplash-people/2000_people_by-alexander-aguero-enppvuxbcce-unsplash_4400x6600.sdr.png,adef,10,44,783,0.3581,
2000-unsplash-people,imazen-26-png-v3/png-v3/2000-unsplash-people/2000_people_by-alexander-aguero-enppvuxbcce-unsplash_4400x6600.sdr.png,asharp,6,20,7932,63.9932,
2000-unsplash-people,imazen-26-png-v3/png-v3/2000-unsplash-people/2000_people_by-alexander-aguero-enppvuxbcce-unsplash_4400x6600.sdr.png,asharp,6,32,2385,37.8300,
2000-unsplash-people,imazen-26-png-v3/png-v3/2000-unsplash-people/2000_people_by-alexander-aguero-enppvuxbcce-unsplash_4400x6600.sdr.png,asharp,6,44,806,2.8284,
2000-unsplash-people,imazen-26-png-v3/png-v3/2000-unsplash-people/2000_people_by-alexander-aguero-enppvuxbcce-unsplash_4400x6600.sdr.png,asharp,10,20,7429,63.4045,
2000-unsplash-people,imazen-26-png-v3/png-v3/2000-unsplash-people/2000_people_by-alexander-aguero-enppvuxbcce-unsplash_4400x6600.sdr.png,asharp,10,32,2322,36.6409,
2000-unsplash-people,imazen-26-png-v3/png-v3/2000-unsplash-people/2000_people_by-alexander-aguero-enppvuxbcce-unsplash_4400x6600.sdr.png,asharp,10,44,783,0.5598,
2000-unsplash-people,imazen-26-png-v3/png-v3/2000-unsplash-people/2001_people_by-anastasia-pivnenko-prng6r1nspq-unsplash_2272x3072.sdr.png,iq_adef,6,20,75338,80.2660,
2000-unsplash-people,imazen-26-png-v3/png-v3/2000-unsplash-people/2001_people_by-anastasia-pivnenko-prng6r1nspq-unsplash_2272x3072.sdr.png,iq_adef,6,32,44092,61.7843,
2000-unsplash-people,imazen-26-png-v3/png-v3/2000-unsplash-people/2001_people_by-anastasia-pivnenko-prng6r1nspq-unsplash_2272x3072.sdr.png,iq_adef,6,44,8132,19.7071,
2000-unsplash-people,imazen-26-png-v3/png-v3/2000-unsplash-people/2001_people_by-anastasia-pivnenko-prng6r1nspq-unsplash_2272x3072.sdr.png,iq_adef,10,20,75935,80.3161,
2000-unsplash-people,imazen-26-png-v3/png-v3/2000-unsplash-people/2001_people_by-anastasia-pivnenko-prng6r1nspq-unsplash_2272x3072.sdr.png,iq_adef,10,32,44413,60.2971,
2000-unsplash-people,imazen-26-png-v3/png-v3/2000-unsplash-people/2001_people_by-anastasia-pivnenko-prng6r1nspq-unsplash_2272x3072.sdr.png,iq_adef,10,44,8763,19.5859,
2000-unsplash-people,imazen-26-png-v3/png-v3/2000-unsplash-people/2001_people_by-anastasia-pivnenko-prng6r1nspq-unsplash_2272x3072.sdr.png,iq_asharp,6,20,75338,80.2246,
2000-unsplash-people,imazen-26-png-v3/png-v3/2000-unsplash-people/2001_people_by-anastasia-pivnenko-prng6r1nspq-unsplash_2272x3072.sdr.png,iq_asharp,6,32,44092,61.4715,
2000-unsplash-people,imazen-26-png-v3/png-v3/2000-unsplash-people/2001_people_by-anastasia-pivnenko-prng6r1nspq-unsplash_2272x3072.sdr.png,iq_asharp,6,44,8128,19.5486,
2000-unsplash-people,imazen-26-png-v3/png-v3/2000-unsplash-people/2001_people_by-anastasia-pivnenko-prng6r1nspq-unsplash_2272x3072.sdr.png,iq_asharp,10,20,75935,80.2781,
2000-unsplash-people,imazen-26-png-v3/png-v3/2000-unsplash-people/2001_people_by-anastasia-pivnenko-prng6r1nspq-unsplash_2272x3072.sdr.png,iq_asharp,10,32,44413,60.3624,
2000-unsplash-people,imazen-26-png-v3/png-v3/2000-unsplash-people/2001_people_by-anastasia-pivnenko-prng6r1nspq-unsplash_2272x3072.sdr.png,iq_asharp,10,44,8763,19.9449,
2000-unsplash-people,imazen-26-png-v3/png-v3/2000-unsplash-people/2001_people_by-anastasia-pivnenko-prng6r1nspq-unsplash_2272x3072.sdr.png,iq_both,6,20,75338,80.2660,
2000-unsplash-people,imazen-26-png-v3/png-v3/2000-unsplash-people/2001_people_by-anastasia-pivnenko-prng6r1nspq-unsplash_2272x3072.sdr.png,iq_both,6,32,44092,61.7843,
2000-unsplash-people,imazen-26-png-v3/png-v3/2000-unsplash-people/2001_people_by-anastasia-pivnenko-prng6r1nspq-unsplash_2272x3072.sdr.png,iq_both,6,44,8132,19.7071,
2000-unsplash-people,imazen-26-png-v3/png-v3/2000-unsplash-people/2001_people_by-anastasia-pivnenko-prng6r1nspq-unsplash_2272x3072.sdr.png,iq_both,10,20,75935,80.3161,
2000-unsplash-people,imazen-26-png-v3/png-v3/2000-unsplash-people/2001_people_by-anastasia-pivnenko-prng6r1nspq-unsplash_2272x3072.sdr.png,iq_both,10,32,44413,60.2971,
2000-unsplash-people,imazen-26-png-v3/png-v3/2000-unsplash-people/2001_people_by-anastasia-pivnenko-prng6r1nspq-unsplash_2272x3072.sdr.png,iq_both,10,44,8763,19.5859,
2000-unsplash-people,imazen-26-png-v3/png-v3/2000-unsplash-people/2001_people_by-anastasia-pivnenko-prng6r1nspq-unsplash_2272x3072.sdr.png,adef,6,20,71254,74.7264,
2000-unsplash-people,imazen-26-png-v3/png-v3/2000-unsplash-people/2001_people_by-anastasia-pivnenko-prng6r1nspq-unsplash_2272x3072.sdr.png,adef,6,32,38012,47.1194,
2000-unsplash-people,imazen-26-png-v3/png-v3/2000-unsplash-people/2001_people_by-anastasia-pivnenko-prng6r1nspq-unsplash_2272x3072.sdr.png,adef,6,44,2765,6.8482,
2000-unsplash-people,imazen-26-png-v3/png-v3/2000-unsplash-people/2001_people_by-anastasia-pivnenko-prng6r1nspq-unsplash_2272x3072.sdr.png,adef,10,20,72023,73.2279,
2000-unsplash-people,imazen-26-png-v3/png-v3/2000-unsplash-people/2001_people_by-anastasia-pivnenko-prng6r1nspq-unsplash_2272x3072.sdr.png,adef,10,32,35176,44.0428,
2000-unsplash-people,imazen-26-png-v3/png-v3/2000-unsplash-people/2001_people_by-anastasia-pivnenko-prng6r1nspq-unsplash_2272x3072.sdr.png,adef,10,44,2770,8.3154,
2000-unsplash-people,imazen-26-png-v3/png-v3/2000-unsplash-people/2001_people_by-anastasia-pivnenko-prng6r1nspq-unsplash_2272x3072.sdr.png,asharp,6,20,71254,74.6385,
2000-unsplash-people,imazen-26-png-v3/png-v3/2000-unsplash-people/2001_people_by-anastasia-pivnenko-prng6r1nspq-unsplash_2272x3072.sdr.png,asharp,6,32,38012,46.8379,
2000-unsplash-people,imazen-26-png-v3/png-v3/2000-unsplash-people/2001_people_by-anastasia-pivnenko-prng6r1nspq-unsplash_2272x3072.sdr.png,asharp,6,44,2765,6.8198,
2000-unsplash-people,imazen-26-png-v3/png-v3/2000-unsplash-people/2001_people_by-anastasia-pivnenko-prng6r1nspq-unsplash_2272x3072.sdr.png,asharp,10,20,72023,73.3372,
2000-unsplash-people,imazen-26-png-v3/png-v3/2000-unsplash-people/2001_people_by-anastasia-pivnenko-prng6r1nspq-unsplash_2272x3072.sdr.png,asharp,10,32,35176,44.2001,
2000-unsplash-people,imazen-26-png-v3/png-v3/2000-unsplash-people/2001_people_by-anastasia-pivnenko-prng6r1nspq-unsplash_2272x3072.sdr.png,asharp,10,44,2770,8.0140,
2200-unsplash-renders,imazen-26-png-v3/png-v3/2200-unsplash-renders/2200_renders_abstract-folded-ribbons_by-a-chosen-soul-moigsaj8te0-unsplash_7680x4320.sdr.png,iq_adef,6,20,15032,81.4610,
2200-unsplash-renders,imazen-26-png-v3/png-v3/2200-unsplash-renders/2200_renders_abstract-folded-ribbons_by-a-chosen-soul-moigsaj8te0-unsplash_7680x4320.sdr.png,iq_adef,6,32,8404,68.3946,
2200-unsplash-renders,imazen-26-png-v3/png-v3/2200-unsplash-renders/2200_renders_abstract-folded-ribbons_by-a-chosen-soul-moigsaj8te0-unsplash_7680x4320.sdr.png,iq_adef,6,44,2139,47.0775,
2200-unsplash-renders,imazen-26-png-v3/png-v3/2200-unsplash-renders/2200_renders_abstract-folded-ribbons_by-a-chosen-soul-moigsaj8te0-unsplash_7680x4320.sdr.png,iq_adef,10,20,15375,81.0763,
2200-unsplash-renders,imazen-26-png-v3/png-v3/2200-unsplash-renders/2200_renders_abstract-folded-ribbons_by-a-chosen-soul-moigsaj8te0-unsplash_7680x4320.sdr.png,iq_adef,10,32,8853,68.6103,
2200-unsplash-renders,imazen-26-png-v3/png-v3/2200-unsplash-renders/2200_renders_abstract-folded-ribbons_by-a-chosen-soul-moigsaj8te0-unsplash_7680x4320.sdr.png,iq_adef,10,44,2384,48.0631,
2200-unsplash-renders,imazen-26-png-v3/png-v3/2200-unsplash-renders/2200_renders_abstract-folded-ribbons_by-a-chosen-soul-moigsaj8te0-unsplash_7680x4320.sdr.png,iq_asharp,6,20,15028,81.5172,
2200-unsplash-renders,imazen-26-png-v3/png-v3/2200-unsplash-renders/2200_renders_abstract-folded-ribbons_by-a-chosen-soul-moigsaj8te0-unsplash_7680x4320.sdr.png,iq_asharp,6,32,8393,68.5123,
2200-unsplash-renders,imazen-26-png-v3/png-v3/2200-unsplash-renders/2200_renders_abstract-folded-ribbons_by-a-chosen-soul-moigsaj8te0-unsplash_7680x4320.sdr.png,iq_asharp,6,44,2134,46.9516,
2200-unsplash-renders,imazen-26-png-v3/png-v3/2200-unsplash-renders/2200_renders_abstract-folded-ribbons_by-a-chosen-soul-moigsaj8te0-unsplash_7680x4320.sdr.png,iq_asharp,10,20,15375,81.1817,
2200-unsplash-renders,imazen-26-png-v3/png-v3/2200-unsplash-renders/2200_renders_abstract-folded-ribbons_by-a-chosen-soul-moigsaj8te0-unsplash_7680x4320.sdr.png,iq_asharp,10,32,8853,68.7586,
2200-unsplash-renders,imazen-26-png-v3/png-v3/2200-unsplash-renders/2200_renders_abstract-folded-ribbons_by-a-chosen-soul-moigsaj8te0-unsplash_7680x4320.sdr.png,iq_asharp,10,44,2384,48.5953,
2200-unsplash-renders,imazen-26-png-v3/png-v3/2200-unsplash-renders/2200_renders_abstract-folded-ribbons_by-a-chosen-soul-moigsaj8te0-unsplash_7680x4320.sdr.png,iq_both,6,20,15032,81.4610,
2200-unsplash-renders,imazen-26-png-v3/png-v3/2200-unsplash-renders/2200_renders_abstract-folded-ribbons_by-a-chosen-soul-moigsaj8te0-unsplash_7680x4320.sdr.png,iq_both,6,32,8404,68.3946,
2200-unsplash-renders,imazen-26-png-v3/png-v3/2200-unsplash-renders/2200_renders_abstract-folded-ribbons_by-a-chosen-soul-moigsaj8te0-unsplash_7680x4320.sdr.png,iq_both,6,44,2139,47.0775,
2200-unsplash-renders,imazen-26-png-v3/png-v3/2200-unsplash-renders/2200_renders_abstract-folded-ribbons_by-a-chosen-soul-moigsaj8te0-unsplash_7680x4320.sdr.png,iq_both,10,20,15375,81.0763,
2200-unsplash-renders,imazen-26-png-v3/png-v3/2200-unsplash-renders/2200_renders_abstract-folded-ribbons_by-a-chosen-soul-moigsaj8te0-unsplash_7680x4320.sdr.png,iq_both,10,32,8853,68.6103,
2200-unsplash-renders,imazen-26-png-v3/png-v3/2200-unsplash-renders/2200_renders_abstract-folded-ribbons_by-a-chosen-soul-moigsaj8te0-unsplash_7680x4320.sdr.png,iq_both,10,44,2384,48.0631,
2200-unsplash-renders,imazen-26-png-v3/png-v3/2200-unsplash-renders/2200_renders_abstract-folded-ribbons_by-a-chosen-soul-moigsaj8te0-unsplash_7680x4320.sdr.png,adef,6,20,11556,72.3732,
2200-unsplash-renders,imazen-26-png-v3/png-v3/2200-unsplash-renders/2200_renders_abstract-folded-ribbons_by-a-chosen-soul-moigsaj8te0-unsplash_7680x4320.sdr.png,adef,6,32,5227,55.7257,
2200-unsplash-renders,imazen-26-png-v3/png-v3/2200-unsplash-renders/2200_renders_abstract-folded-ribbons_by-a-chosen-soul-moigsaj8te0-unsplash_7680x4320.sdr.png,adef,6,44,817,34.9731,
2200-unsplash-renders,imazen-26-png-v3/png-v3/2200-unsplash-renders/2200_renders_abstract-folded-ribbons_by-a-chosen-soul-moigsaj8te0-unsplash_7680x4320.sdr.png,adef,10,20,11718,71.1352,
2200-unsplash-renders,imazen-26-png-v3/png-v3/2200-unsplash-renders/2200_renders_abstract-folded-ribbons_by-a-chosen-soul-moigsaj8te0-unsplash_7680x4320.sdr.png,adef,10,32,5084,56.6632,
2200-unsplash-renders,imazen-26-png-v3/png-v3/2200-unsplash-renders/2200_renders_abstract-folded-ribbons_by-a-chosen-soul-moigsaj8te0-unsplash_7680x4320.sdr.png,adef,10,44,830,34.1116,
2200-unsplash-renders,imazen-26-png-v3/png-v3/2200-unsplash-renders/2200_renders_abstract-folded-ribbons_by-a-chosen-soul-moigsaj8te0-unsplash_7680x4320.sdr.png,asharp,6,20,11556,72.4892,
2200-unsplash-renders,imazen-26-png-v3/png-v3/2200-unsplash-renders/2200_renders_abstract-folded-ribbons_by-a-chosen-soul-moigsaj8te0-unsplash_7680x4320.sdr.png,asharp,6,32,5227,55.9259,
2200-unsplash-renders,imazen-26-png-v3/png-v3/2200-unsplash-renders/2200_renders_abstract-folded-ribbons_by-a-chosen-soul-moigsaj8te0-unsplash_7680x4320.sdr.png,asharp,6,44,821,35.3291,
2200-unsplash-renders,imazen-26-png-v3/png-v3/2200-unsplash-renders/2200_renders_abstract-folded-ribbons_by-a-chosen-soul-moigsaj8te0-unsplash_7680x4320.sdr.png,asharp,10,20,11718,71.2363,
2200-unsplash-renders,imazen-26-png-v3/png-v3/2200-unsplash-renders/2200_renders_abstract-folded-ribbons_by-a-chosen-soul-moigsaj8te0-unsplash_7680x4320.sdr.png,asharp,10,32,5084,56.8258,
2200-unsplash-renders,imazen-26-png-v3/png-v3/2200-unsplash-renders/2200_renders_abstract-folded-ribbons_by-a-chosen-soul-moigsaj8te0-unsplash_7680x4320.sdr.png,asharp,10,44,830,34.4660,
2200-unsplash-renders,imazen-26-png-v3/png-v3/2200-unsplash-renders/2201_renders_abstract-dark-curves_by-anton-sobotyak-g7ayfxxntva-unsplash_3840x2160.sdr.png,iq_adef,6,20,1046,87.2054,
2200-unsplash-renders,imazen-26-png-v3/png-v3/2200-unsplash-renders/2201_renders_abstract-dark-curves_by-anton-sobotyak-g7ayfxxntva-unsplash_3840x2160.sdr.png,iq_adef,6,32,606,83.3874,
2200-unsplash-renders,imazen-26-png-v3/png-v3/2200-unsplash-renders/2201_renders_abstract-dark-curves_by-anton-sobotyak-g7ayfxxntva-unsplash_3840x2160.sdr.png,iq_adef,6,44,344,79.1127,
2200-unsplash-renders,imazen-26-png-v3/png-v3/2200-unsplash-renders/2201_renders_abstract-dark-curves_by-anton-sobotyak-g7ayfxxntva-unsplash_3840x2160.sdr.png,iq_adef,10,20,1083,87.0389,
2200-unsplash-renders,imazen-26-png-v3/png-v3/2200-unsplash-renders/2201_renders_abstract-dark-curves_by-anton-sobotyak-g7ayfxxntva-unsplash_3840x2160.sdr.png,iq_adef,10,32,642,83.7009,
2200-unsplash-renders,imazen-26-png-v3/png-v3/2200-unsplash-renders/2201_renders_abstract-dark-curves_by-anton-sobotyak-g7ayfxxntva-unsplash_3840x2160.sdr.png,iq_adef,10,44,389,79.6472,
2200-unsplash-renders,imazen-26-png-v3/png-v3/2200-unsplash-renders/2201_renders_abstract-dark-curves_by-anton-sobotyak-g7ayfxxntva-unsplash_3840x2160.sdr.png,iq_asharp,6,20,1046,87.2117,
2200-unsplash-renders,imazen-26-png-v3/png-v3/2200-unsplash-renders/2201_renders_abstract-dark-curves_by-anton-sobotyak-g7ayfxxntva-unsplash_3840x2160.sdr.png,iq_asharp,6,32,606,83.3811,
2200-unsplash-renders,imazen-26-png-v3/png-v3/2200-unsplash-renders/2201_renders_abstract-dark-curves_by-anton-sobotyak-g7ayfxxntva-unsplash_3840x2160.sdr.png,iq_asharp,6,44,344,79.0973,
2200-unsplash-renders,imazen-26-png-v3/png-v3/2200-unsplash-renders/2201_renders_abstract-dark-curves_by-anton-sobotyak-g7ayfxxntva-unsplash_3840x2160.sdr.png,iq_asharp,10,20,1083,87.0954,
2200-unsplash-renders,imazen-26-png-v3/png-v3/2200-unsplash-renders/2201_renders_abstract-dark-curves_by-anton-sobotyak-g7ayfxxntva-unsplash_3840x2160.sdr.png,iq_asharp,10,32,642,83.7428,
2200-unsplash-renders,imazen-26-png-v3/png-v3/2200-unsplash-renders/2201_renders_abstract-dark-curves_by-anton-sobotyak-g7ayfxxntva-unsplash_3840x2160.sdr.png,iq_asharp,10,44,389,80.2105,
2200-unsplash-renders,imazen-26-png-v3/png-v3/2200-unsplash-renders/2201_renders_abstract-dark-curves_by-anton-sobotyak-g7ayfxxntva-unsplash_3840x2160.sdr.png,iq_both,6,20,1046,87.2054,
2200-unsplash-renders,imazen-26-png-v3/png-v3/2200-unsplash-renders/2201_renders_abstract-dark-curves_by-anton-sobotyak-g7ayfxxntva-unsplash_3840x2160.sdr.png,iq_both,6,32,606,83.3874,
2200-unsplash-renders,imazen-26-png-v3/png-v3/2200-unsplash-renders/2201_renders_abstract-dark-curves_by-anton-sobotyak-g7ayfxxntva-unsplash_3840x2160.sdr.png,iq_both,6,44,344,79.1127,
2200-unsplash-renders,imazen-26-png-v3/png-v3/2200-unsplash-renders/2201_renders_abstract-dark-curves_by-anton-sobotyak-g7ayfxxntva-unsplash_3840x2160.sdr.png,iq_both,10,20,1083,87.0389,
2200-unsplash-renders,imazen-26-png-v3/png-v3/2200-unsplash-renders/2201_renders_abstract-dark-curves_by-anton-sobotyak-g7ayfxxntva-unsplash_3840x2160.sdr.png,iq_both,10,32,642,83.7009,
2200-unsplash-renders,imazen-26-png-v3/png-v3/2200-unsplash-renders/2201_renders_abstract-dark-curves_by-anton-sobotyak-g7ayfxxntva-unsplash_3840x2160.sdr.png,iq_both,10,44,389,79.6472,
2200-unsplash-renders,imazen-26-png-v3/png-v3/2200-unsplash-renders/2201_renders_abstract-dark-curves_by-anton-sobotyak-g7ayfxxntva-unsplash_3840x2160.sdr.png,adef,6,20,414,82.0160,
2200-unsplash-renders,imazen-26-png-v3/png-v3/2200-unsplash-renders/2201_renders_abstract-dark-curves_by-anton-sobotyak-g7ayfxxntva-unsplash_3840x2160.sdr.png,adef,6,32,251,77.4831,
2200-unsplash-renders,imazen-26-png-v3/png-v3/2200-unsplash-renders/2201_renders_abstract-dark-curves_by-anton-sobotyak-g7ayfxxntva-unsplash_3840x2160.sdr.png,adef,6,44,151,67.9144,
2200-unsplash-renders,imazen-26-png-v3/png-v3/2200-unsplash-renders/2201_renders_abstract-dark-curves_by-anton-sobotyak-g7ayfxxntva-unsplash_3840x2160.sdr.png,adef,10,20,421,81.4223,
2200-unsplash-renders,imazen-26-png-v3/png-v3/2200-unsplash-renders/2201_renders_abstract-dark-curves_by-anton-sobotyak-g7ayfxxntva-unsplash_3840x2160.sdr.png,adef,10,32,263,76.0368,
2200-unsplash-renders,imazen-26-png-v3/png-v3/2200-unsplash-renders/2201_renders_abstract-dark-curves_by-anton-sobotyak-g7ayfxxntva-unsplash_3840x2160.sdr.png,adef,10,44,150,65.1183,
2200-unsplash-renders,imazen-26-png-v3/png-v3/2200-unsplash-renders/2201_renders_abstract-dark-curves_by-anton-sobotyak-g7ayfxxntva-unsplash_3840x2160.sdr.png,asharp,6,20,414,82.0389,
2200-unsplash-renders,imazen-26-png-v3/png-v3/2200-unsplash-renders/2201_renders_abstract-dark-curves_by-anton-sobotyak-g7ayfxxntva-unsplash_3840x2160.sdr.png,asharp,6,32,251,77.4332,
2200-unsplash-renders,imazen-26-png-v3/png-v3/2200-unsplash-renders/2201_renders_abstract-dark-curves_by-anton-sobotyak-g7ayfxxntva-unsplash_3840x2160.sdr.png,asharp,6,44,151,67.9397,
2200-unsplash-renders,imazen-26-png-v3/png-v3/2200-unsplash-renders/2201_renders_abstract-dark-curves_by-anton-sobotyak-g7ayfxxntva-unsplash_3840x2160.sdr.png,asharp,10,20,421,81.4288,
2200-unsplash-renders,imazen-26-png-v3/png-v3/2200-unsplash-renders/2201_renders_abstract-dark-curves_by-anton-sobotyak-g7ayfxxntva-unsplash_3840x2160.sdr.png,asharp,10,32,263,76.0889,
2200-unsplash-renders,imazen-26-png-v3/png-v3/2200-unsplash-renders/2201_renders_abstract-dark-curves_by-anton-sobotyak-g7ayfxxntva-unsplash_3840x2160.sdr.png,asharp,10,44,150,65.4219,
2400-unsplash-textures,imazen-26-png-v3/png-v3/2400-unsplash-textures/2404_textures_tree-bark-texture_by-hwang-sanguk-k0tljwrabxg-unsplash_3024x3024.sdr.png,iq_adef,6,20,85510,84.3836,
2400-unsplash-textures,imazen-26-png-v3/png-v3/2400-unsplash-textures/2404_textures_tree-bark-texture_by-hwang-sanguk-k0tljwrabxg-unsplash_3024x3024.sdr.png,iq_adef,6,32,46723,68.5343,
2400-unsplash-textures,imazen-26-png-v3/png-v3/2400-unsplash-textures/2404_textures_tree-bark-texture_by-hwang-sanguk-k0tljwrabxg-unsplash_3024x3024.sdr.png,iq_adef,6,44,19773,40.2470,
2400-unsplash-textures,imazen-26-png-v3/png-v3/2400-unsplash-textures/2404_textures_tree-bark-texture_by-hwang-sanguk-k0tljwrabxg-unsplash_3024x3024.sdr.png,iq_adef,10,20,86458,83.7128,
2400-unsplash-textures,imazen-26-png-v3/png-v3/2400-unsplash-textures/2404_textures_tree-bark-texture_by-hwang-sanguk-k0tljwrabxg-unsplash_3024x3024.sdr.png,iq_adef,10,32,46987,66.7511,
2400-unsplash-textures,imazen-26-png-v3/png-v3/2400-unsplash-textures/2404_textures_tree-bark-texture_by-hwang-sanguk-k0tljwrabxg-unsplash_3024x3024.sdr.png,iq_adef,10,44,20040,38.2337,
2400-unsplash-textures,imazen-26-png-v3/png-v3/2400-unsplash-textures/2404_textures_tree-bark-texture_by-hwang-sanguk-k0tljwrabxg-unsplash_3024x3024.sdr.png,iq_asharp,6,20,85512,84.3910,
2400-unsplash-textures,imazen-26-png-v3/png-v3/2400-unsplash-textures/2404_textures_tree-bark-texture_by-hwang-sanguk-k0tljwrabxg-unsplash_3024x3024.sdr.png,iq_asharp,6,32,46724,68.4916,
2400-unsplash-textures,imazen-26-png-v3/png-v3/2400-unsplash-textures/2404_textures_tree-bark-texture_by-hwang-sanguk-k0tljwrabxg-unsplash_3024x3024.sdr.png,iq_asharp,6,44,19773,40.2185,
2400-unsplash-textures,imazen-26-png-v3/png-v3/2400-unsplash-textures/2404_textures_tree-bark-texture_by-hwang-sanguk-k0tljwrabxg-unsplash_3024x3024.sdr.png,iq_asharp,10,20,86458,83.8731,
2400-unsplash-textures,imazen-26-png-v3/png-v3/2400-unsplash-textures/2404_textures_tree-bark-texture_by-hwang-sanguk-k0tljwrabxg-unsplash_3024x3024.sdr.png,iq_asharp,10,32,46987,67.0367,
2400-unsplash-textures,imazen-26-png-v3/png-v3/2400-unsplash-textures/2404_textures_tree-bark-texture_by-hwang-sanguk-k0tljwrabxg-unsplash_3024x3024.sdr.png,iq_asharp,10,44,20040,38.6771,
2400-unsplash-textures,imazen-26-png-v3/png-v3/2400-unsplash-textures/2404_textures_tree-bark-texture_by-hwang-sanguk-k0tljwrabxg-unsplash_3024x3024.sdr.png,iq_both,6,20,85510,84.3836,
2400-unsplash-textures,imazen-26-png-v3/png-v3/2400-unsplash-textures/2404_textures_tree-bark-texture_by-hwang-sanguk-k0tljwrabxg-unsplash_3024x3024.sdr.png,iq_both,6,32,46723,68.5343,
2400-unsplash-textures,imazen-26-png-v3/png-v3/2400-unsplash-textures/2404_textures_tree-bark-texture_by-hwang-sanguk-k0tljwrabxg-unsplash_3024x3024.sdr.png,iq_both,6,44,19773,40.2470,
2400-unsplash-textures,imazen-26-png-v3/png-v3/2400-unsplash-textures/2404_textures_tree-bark-texture_by-hwang-sanguk-k0tljwrabxg-unsplash_3024x3024.sdr.png,iq_both,10,20,86458,83.7128,
2400-unsplash-textures,imazen-26-png-v3/png-v3/2400-unsplash-textures/2404_textures_tree-bark-texture_by-hwang-sanguk-k0tljwrabxg-unsplash_3024x3024.sdr.png,iq_both,10,32,46987,66.7511,
2400-unsplash-textures,imazen-26-png-v3/png-v3/2400-unsplash-textures/2404_textures_tree-bark-texture_by-hwang-sanguk-k0tljwrabxg-unsplash_3024x3024.sdr.png,iq_both,10,44,20040,38.2337,
2400-unsplash-textures,imazen-26-png-v3/png-v3/2400-unsplash-textures/2404_textures_tree-bark-texture_by-hwang-sanguk-k0tljwrabxg-unsplash_3024x3024.sdr.png,adef,6,20,87842,82.2485,
2400-unsplash-textures,imazen-26-png-v3/png-v3/2400-unsplash-textures/2404_textures_tree-bark-texture_by-hwang-sanguk-k0tljwrabxg-unsplash_3024x3024.sdr.png,adef,6,32,52487,66.4329,
2400-unsplash-textures,imazen-26-png-v3/png-v3/2400-unsplash-textures/2404_textures_tree-bark-texture_by-hwang-sanguk-k0tljwrabxg-unsplash_3024x3024.sdr.png,adef,6,44,17228,29.8337,
2400-unsplash-textures,imazen-26-png-v3/png-v3/2400-unsplash-textures/2404_textures_tree-bark-texture_by-hwang-sanguk-k0tljwrabxg-unsplash_3024x3024.sdr.png,adef,10,20,87660,81.4025,
2400-unsplash-textures,imazen-26-png-v3/png-v3/2400-unsplash-textures/2404_textures_tree-bark-texture_by-hwang-sanguk-k0tljwrabxg-unsplash_3024x3024.sdr.png,adef,10,32,52980,64.6351,
2400-unsplash-textures,imazen-26-png-v3/png-v3/2400-unsplash-textures/2404_textures_tree-bark-texture_by-hwang-sanguk-k0tljwrabxg-unsplash_3024x3024.sdr.png,adef,10,44,17112,28.1636,
2400-unsplash-textures,imazen-26-png-v3/png-v3/2400-unsplash-textures/2404_textures_tree-bark-texture_by-hwang-sanguk-k0tljwrabxg-unsplash_3024x3024.sdr.png,asharp,6,20,87842,82.2184,
2400-unsplash-textures,imazen-26-png-v3/png-v3/2400-unsplash-textures/2404_textures_tree-bark-texture_by-hwang-sanguk-k0tljwrabxg-unsplash_3024x3024.sdr.png,asharp,6,32,52488,66.4762,
2400-unsplash-textures,imazen-26-png-v3/png-v3/2400-unsplash-textures/2404_textures_tree-bark-texture_by-hwang-sanguk-k0tljwrabxg-unsplash_3024x3024.sdr.png,asharp,6,44,17228,29.7600,
2400-unsplash-textures,imazen-26-png-v3/png-v3/2400-unsplash-textures/2404_textures_tree-bark-texture_by-hwang-sanguk-k0tljwrabxg-unsplash_3024x3024.sdr.png,asharp,10,20,87660,81.4581,
2400-unsplash-textures,imazen-26-png-v3/png-v3/2400-unsplash-textures/2404_textures_tree-bark-texture_by-hwang-sanguk-k0tljwrabxg-unsplash_3024x3024.sdr.png,asharp,10,32,52980,64.8435,
2400-unsplash-textures,imazen-26-png-v3/png-v3/2400-unsplash-textures/2404_textures_tree-bark-texture_by-hwang-sanguk-k0tljwrabxg-unsplash_3024x3024.sdr.png,asharp,10,44,17112,28.4476,
2400-unsplash-textures,imazen-26-png-v3/png-v3/2400-unsplash-textures/2407_textures_blue-wabring-threads_by-pawel-czerwinski-kra9zndplra-unsplash_4000x6000.sdr.png,iq_adef,6,20,20871,79.2352,
2400-unsplash-textures,imazen-26-png-v3/png-v3/2400-unsplash-textures/2407_textures_blue-wabring-threads_by-pawel-czerwinski-kra9zndplra-unsplash_4000x6000.sdr.png,iq_adef,6,32,7596,67.4687,
2400-unsplash-textures,imazen-26-png-v3/png-v3/2400-unsplash-textures/2407_textures_blue-wabring-threads_by-pawel-czerwinski-kra9zndplra-unsplash_4000x6000.sdr.png,iq_adef,6,44,2846,54.0488,
2400-unsplash-textures,imazen-26-png-v3/png-v3/2400-unsplash-textures/2407_textures_blue-wabring-threads_by-pawel-czerwinski-kra9zndplra-unsplash_4000x6000.sdr.png,iq_adef,10,20,22497,79.2145,
2400-unsplash-textures,imazen-26-png-v3/png-v3/2400-unsplash-textures/2407_textures_blue-wabring-threads_by-pawel-czerwinski-kra9zndplra-unsplash_4000x6000.sdr.png,iq_adef,10,32,9302,67.5475,
2400-unsplash-textures,imazen-26-png-v3/png-v3/2400-unsplash-textures/2407_textures_blue-wabring-threads_by-pawel-czerwinski-kra9zndplra-unsplash_4000x6000.sdr.png,iq_adef,10,44,3516,50.7473,
2400-unsplash-textures,imazen-26-png-v3/png-v3/2400-unsplash-textures/2407_textures_blue-wabring-threads_by-pawel-czerwinski-kra9zndplra-unsplash_4000x6000.sdr.png,iq_asharp,6,20,20860,79.0766,
2400-unsplash-textures,imazen-26-png-v3/png-v3/2400-unsplash-textures/2407_textures_blue-wabring-threads_by-pawel-czerwinski-kra9zndplra-unsplash_4000x6000.sdr.png,iq_asharp,6,32,7585,67.3017,
2400-unsplash-textures,imazen-26-png-v3/png-v3/2400-unsplash-textures/2407_textures_blue-wabring-threads_by-pawel-czerwinski-kra9zndplra-unsplash_4000x6000.sdr.png,iq_asharp,6,44,2854,54.0621,
2400-unsplash-textures,imazen-26-png-v3/png-v3/2400-unsplash-textures/2407_textures_blue-wabring-threads_by-pawel-czerwinski-kra9zndplra-unsplash_4000x6000.sdr.png,iq_asharp,10,20,22497,79.2986,
2400-unsplash-textures,imazen-26-png-v3/png-v3/2400-unsplash-textures/2407_textures_blue-wabring-threads_by-pawel-czerwinski-kra9zndplra-unsplash_4000x6000.sdr.png,iq_asharp,10,32,9302,67.7441,
2400-unsplash-textures,imazen-26-png-v3/png-v3/2400-unsplash-textures/2407_textures_blue-wabring-threads_by-pawel-czerwinski-kra9zndplra-unsplash_4000x6000.sdr.png,iq_asharp,10,44,3516,51.2088,
2400-unsplash-textures,imazen-26-png-v3/png-v3/2400-unsplash-textures/2407_textures_blue-wabring-threads_by-pawel-czerwinski-kra9zndplra-unsplash_4000x6000.sdr.png,iq_both,6,20,20871,79.2352,
2400-unsplash-textures,imazen-26-png-v3/png-v3/2400-unsplash-textures/2407_textures_blue-wabring-threads_by-pawel-czerwinski-kra9zndplra-unsplash_4000x6000.sdr.png,iq_both,6,32,7596,67.4687,
2400-unsplash-textures,imazen-26-png-v3/png-v3/2400-unsplash-textures/2407_textures_blue-wabring-threads_by-pawel-czerwinski-kra9zndplra-unsplash_4000x6000.sdr.png,iq_both,6,44,2846,54.0488,
2400-unsplash-textures,imazen-26-png-v3/png-v3/2400-unsplash-textures/2407_textures_blue-wabring-threads_by-pawel-czerwinski-kra9zndplra-unsplash_4000x6000.sdr.png,iq_both,10,20,22497,79.2145,
2400-unsplash-textures,imazen-26-png-v3/png-v3/2400-unsplash-textures/2407_textures_blue-wabring-threads_by-pawel-czerwinski-kra9zndplra-unsplash_4000x6000.sdr.png,iq_both,10,32,9302,67.5475,
2400-unsplash-textures,imazen-26-png-v3/png-v3/2400-unsplash-textures/2407_textures_blue-wabring-threads_by-pawel-czerwinski-kra9zndplra-unsplash_4000x6000.sdr.png,iq_both,10,44,3516,50.7473,
2400-unsplash-textures,imazen-26-png-v3/png-v3/2400-unsplash-textures/2407_textures_blue-wabring-threads_by-pawel-czerwinski-kra9zndplra-unsplash_4000x6000.sdr.png,adef,6,20,9284,67.0205,
2400-unsplash-textures,imazen-26-png-v3/png-v3/2400-unsplash-textures/2407_textures_blue-wabring-threads_by-pawel-czerwinski-kra9zndplra-unsplash_4000x6000.sdr.png,adef,6,32,2720,53.7863,
2400-unsplash-textures,imazen-26-png-v3/png-v3/2400-unsplash-textures/2407_textures_blue-wabring-threads_by-pawel-czerwinski-kra9zndplra-unsplash_4000x6000.sdr.png,adef,6,44,1218,24.2520,
2400-unsplash-textures,imazen-26-png-v3/png-v3/2400-unsplash-textures/2407_textures_blue-wabring-threads_by-pawel-czerwinski-kra9zndplra-unsplash_4000x6000.sdr.png,adef,10,20,7543,65.6866,
2400-unsplash-textures,imazen-26-png-v3/png-v3/2400-unsplash-textures/2407_textures_blue-wabring-threads_by-pawel-czerwinski-kra9zndplra-unsplash_4000x6000.sdr.png,adef,10,32,2810,51.2542,
2400-unsplash-textures,imazen-26-png-v3/png-v3/2400-unsplash-textures/2407_textures_blue-wabring-threads_by-pawel-czerwinski-kra9zndplra-unsplash_4000x6000.sdr.png,adef,10,44,1209,20.1669,
2400-unsplash-textures,imazen-26-png-v3/png-v3/2400-unsplash-textures/2407_textures_blue-wabring-threads_by-pawel-czerwinski-kra9zndplra-unsplash_4000x6000.sdr.png,asharp,6,20,9281,67.1623,
2400-unsplash-textures,imazen-26-png-v3/png-v3/2400-unsplash-textures/2407_textures_blue-wabring-threads_by-pawel-czerwinski-kra9zndplra-unsplash_4000x6000.sdr.png,asharp,6,32,2721,53.7797,
2400-unsplash-textures,imazen-26-png-v3/png-v3/2400-unsplash-textures/2407_textures_blue-wabring-threads_by-pawel-czerwinski-kra9zndplra-unsplash_4000x6000.sdr.png,asharp,6,44,1229,24.8109,
2400-unsplash-textures,imazen-26-png-v3/png-v3/2400-unsplash-textures/2407_textures_blue-wabring-threads_by-pawel-czerwinski-kra9zndplra-unsplash_4000x6000.sdr.png,asharp,10,20,7543,65.7912,
2400-unsplash-textures,imazen-26-png-v3/png-v3/2400-unsplash-textures/2407_textures_blue-wabring-threads_by-pawel-czerwinski-kra9zndplra-unsplash_4000x6000.sdr.png,asharp,10,32,2810,51.4976,
2400-unsplash-textures,imazen-26-png-v3/png-v3/2400-unsplash-textures/2407_textures_blue-wabring-threads_by-pawel-czerwinski-kra9zndplra-unsplash_4000x6000.sdr.png,asharp,10,44,1209,20.6788,
3000-art-institute-of-chicago-photos,imazen-26-png-v3/png-v3/3000-art-institute-of-chicago-photos/3001_aic_self-portrait_11_4000x5226.sdr.png,iq_adef,6,20,27040,76.1704,
3000-art-institute-of-chicago-photos,imazen-26-png-v3/png-v3/3000-art-institute-of-chicago-photos/3001_aic_self-portrait_11_4000x5226.sdr.png,iq_adef,6,32,14571,63.2937,
3000-art-institute-of-chicago-photos,imazen-26-png-v3/png-v3/3000-art-institute-of-chicago-photos/3001_aic_self-portrait_11_4000x5226.sdr.png,iq_adef,6,44,4083,31.9041,
3000-art-institute-of-chicago-photos,imazen-26-png-v3/png-v3/3000-art-institute-of-chicago-photos/3001_aic_self-portrait_11_4000x5226.sdr.png,iq_adef,10,20,27690,75.8298,
3000-art-institute-of-chicago-photos,imazen-26-png-v3/png-v3/3000-art-institute-of-chicago-photos/3001_aic_self-portrait_11_4000x5226.sdr.png,iq_adef,10,32,15227,64.2511,
3000-art-institute-of-chicago-photos,imazen-26-png-v3/png-v3/3000-art-institute-of-chicago-photos/3001_aic_self-portrait_11_4000x5226.sdr.png,iq_adef,10,44,4287,32.4724,
3000-art-institute-of-chicago-photos,imazen-26-png-v3/png-v3/3000-art-institute-of-chicago-photos/3001_aic_self-portrait_11_4000x5226.sdr.png,iq_asharp,6,20,27040,76.1852,
3000-art-institute-of-chicago-photos,imazen-26-png-v3/png-v3/3000-art-institute-of-chicago-photos/3001_aic_self-portrait_11_4000x5226.sdr.png,iq_asharp,6,32,14564,63.6091,
3000-art-institute-of-chicago-photos,imazen-26-png-v3/png-v3/3000-art-institute-of-chicago-photos/3001_aic_self-portrait_11_4000x5226.sdr.png,iq_asharp,6,44,4075,32.0191,
3000-art-institute-of-chicago-photos,imazen-26-png-v3/png-v3/3000-art-institute-of-chicago-photos/3001_aic_self-portrait_11_4000x5226.sdr.png,iq_asharp,10,20,27690,75.8735,
3000-art-institute-of-chicago-photos,imazen-26-png-v3/png-v3/3000-art-institute-of-chicago-photos/3001_aic_self-portrait_11_4000x5226.sdr.png,iq_asharp,10,32,15227,64.3299,
3000-art-institute-of-chicago-photos,imazen-26-png-v3/png-v3/3000-art-institute-of-chicago-photos/3001_aic_self-portrait_11_4000x5226.sdr.png,iq_asharp,10,44,4287,32.7180,
3000-art-institute-of-chicago-photos,imazen-26-png-v3/png-v3/3000-art-institute-of-chicago-photos/3001_aic_self-portrait_11_4000x5226.sdr.png,iq_both,6,20,27040,76.1704,
3000-art-institute-of-chicago-photos,imazen-26-png-v3/png-v3/3000-art-institute-of-chicago-photos/3001_aic_self-portrait_11_4000x5226.sdr.png,iq_both,6,32,14571,63.2937,
3000-art-institute-of-chicago-photos,imazen-26-png-v3/png-v3/3000-art-institute-of-chicago-photos/3001_aic_self-portrait_11_4000x5226.sdr.png,iq_both,6,44,4083,31.9041,
3000-art-institute-of-chicago-photos,imazen-26-png-v3/png-v3/3000-art-institute-of-chicago-photos/3001_aic_self-portrait_11_4000x5226.sdr.png,iq_both,10,20,27690,75.8298,
3000-art-institute-of-chicago-photos,imazen-26-png-v3/png-v3/3000-art-institute-of-chicago-photos/3001_aic_self-portrait_11_4000x5226.sdr.png,iq_both,10,32,15227,64.2511,
3000-art-institute-of-chicago-photos,imazen-26-png-v3/png-v3/3000-art-institute-of-chicago-photos/3001_aic_self-portrait_11_4000x5226.sdr.png,iq_both,10,44,4287,32.4724,
3000-art-institute-of-chicago-photos,imazen-26-png-v3/png-v3/3000-art-institute-of-chicago-photos/3001_aic_self-portrait_11_4000x5226.sdr.png,adef,6,20,12597,60.6960,
3000-art-institute-of-chicago-photos,imazen-26-png-v3/png-v3/3000-art-institute-of-chicago-photos/3001_aic_self-portrait_11_4000x5226.sdr.png,adef,6,32,3374,26.8253,
3000-art-institute-of-chicago-photos,imazen-26-png-v3/png-v3/3000-art-institute-of-chicago-photos/3001_aic_self-portrait_11_4000x5226.sdr.png,adef,6,44,671,5.6231,
3000-art-institute-of-chicago-photos,imazen-26-png-v3/png-v3/3000-art-institute-of-chicago-photos/3001_aic_self-portrait_11_4000x5226.sdr.png,adef,10,20,11708,58.4023,
3000-art-institute-of-chicago-photos,imazen-26-png-v3/png-v3/3000-art-institute-of-chicago-photos/3001_aic_self-portrait_11_4000x5226.sdr.png,adef,10,32,3093,24.8653,
3000-art-institute-of-chicago-photos,imazen-26-png-v3/png-v3/3000-art-institute-of-chicago-photos/3001_aic_self-portrait_11_4000x5226.sdr.png,adef,10,44,653,6.0776,
3000-art-institute-of-chicago-photos,imazen-26-png-v3/png-v3/3000-art-institute-of-chicago-photos/3001_aic_self-portrait_11_4000x5226.sdr.png,asharp,6,20,12594,60.5198,
3000-art-institute-of-chicago-photos,imazen-26-png-v3/png-v3/3000-art-institute-of-chicago-photos/3001_aic_self-portrait_11_4000x5226.sdr.png,asharp,6,32,3378,26.7291,
3000-art-institute-of-chicago-photos,imazen-26-png-v3/png-v3/3000-art-institute-of-chicago-photos/3001_aic_self-portrait_11_4000x5226.sdr.png,asharp,6,44,671,5.6126,
3000-art-institute-of-chicago-photos,imazen-26-png-v3/png-v3/3000-art-institute-of-chicago-photos/3001_aic_self-portrait_11_4000x5226.sdr.png,asharp,10,20,11708,58.4802,
3000-art-institute-of-chicago-photos,imazen-26-png-v3/png-v3/3000-art-institute-of-chicago-photos/3001_aic_self-portrait_11_4000x5226.sdr.png,asharp,10,32,3093,24.9409,
3000-art-institute-of-chicago-photos,imazen-26-png-v3/png-v3/3000-art-institute-of-chicago-photos/3001_aic_self-portrait_11_4000x5226.sdr.png,asharp,10,44,653,5.8974,
3000-art-institute-of-chicago-photos,imazen-26-png-v3/png-v3/3000-art-institute-of-chicago-photos/3002_aic_the-irish-question_181777_4000x4860.sdr.png,iq_adef,6,20,37686,81.6894,
3000-art-institute-of-chicago-photos,imazen-26-png-v3/png-v3/3000-art-institute-of-chicago-photos/3002_aic_the-irish-question_181777_4000x4860.sdr.png,iq_adef,6,32,23983,70.9154,
3000-art-institute-of-chicago-photos,imazen-26-png-v3/png-v3/3000-art-institute-of-chicago-photos/3002_aic_the-irish-question_181777_4000x4860.sdr.png,iq_adef,6,44,10176,37.3090,
3000-art-institute-of-chicago-photos,imazen-26-png-v3/png-v3/3000-art-institute-of-chicago-photos/3002_aic_the-irish-question_181777_4000x4860.sdr.png,iq_adef,10,20,38804,81.3344,
3000-art-institute-of-chicago-photos,imazen-26-png-v3/png-v3/3000-art-institute-of-chicago-photos/3002_aic_the-irish-question_181777_4000x4860.sdr.png,iq_adef,10,32,24872,70.5524,
3000-art-institute-of-chicago-photos,imazen-26-png-v3/png-v3/3000-art-institute-of-chicago-photos/3002_aic_the-irish-question_181777_4000x4860.sdr.png,iq_adef,10,44,10629,38.1311,
3000-art-institute-of-chicago-photos,imazen-26-png-v3/png-v3/3000-art-institute-of-chicago-photos/3002_aic_the-irish-question_181777_4000x4860.sdr.png,iq_asharp,6,20,37686,81.4082,
3000-art-institute-of-chicago-photos,imazen-26-png-v3/png-v3/3000-art-institute-of-chicago-photos/3002_aic_the-irish-question_181777_4000x4860.sdr.png,iq_asharp,6,32,23984,70.8234,
3000-art-institute-of-chicago-photos,imazen-26-png-v3/png-v3/3000-art-institute-of-chicago-photos/3002_aic_the-irish-question_181777_4000x4860.sdr.png,iq_asharp,6,44,10175,37.2276,
3000-art-institute-of-chicago-photos,imazen-26-png-v3/png-v3/3000-art-institute-of-chicago-photos/3002_aic_the-irish-question_181777_4000x4860.sdr.png,iq_asharp,10,20,38804,81.3558,
3000-art-institute-of-chicago-photos,imazen-26-png-v3/png-v3/3000-art-institute-of-chicago-photos/3002_aic_the-irish-question_181777_4000x4860.sdr.png,iq_asharp,10,32,24872,70.5888,
3000-art-institute-of-chicago-photos,imazen-26-png-v3/png-v3/3000-art-institute-of-chicago-photos/3002_aic_the-irish-question_181777_4000x4860.sdr.png,iq_asharp,10,44,10629,38.4008,
3000-art-institute-of-chicago-photos,imazen-26-png-v3/png-v3/3000-art-institute-of-chicago-photos/3002_aic_the-irish-question_181777_4000x4860.sdr.png,iq_both,6,20,37686,81.6894,
3000-art-institute-of-chicago-photos,imazen-26-png-v3/png-v3/3000-art-institute-of-chicago-photos/3002_aic_the-irish-question_181777_4000x4860.sdr.png,iq_both,6,32,23983,70.9154,
3000-art-institute-of-chicago-photos,imazen-26-png-v3/png-v3/3000-art-institute-of-chicago-photos/3002_aic_the-irish-question_181777_4000x4860.sdr.png,iq_both,6,44,10176,37.3090,
3000-art-institute-of-chicago-photos,imazen-26-png-v3/png-v3/3000-art-institute-of-chicago-photos/3002_aic_the-irish-question_181777_4000x4860.sdr.png,iq_both,10,20,38804,81.3344,
3000-art-institute-of-chicago-photos,imazen-26-png-v3/png-v3/3000-art-institute-of-chicago-photos/3002_aic_the-irish-question_181777_4000x4860.sdr.png,iq_both,10,32,24872,70.5524,
3000-art-institute-of-chicago-photos,imazen-26-png-v3/png-v3/3000-art-institute-of-chicago-photos/3002_aic_the-irish-question_181777_4000x4860.sdr.png,iq_both,10,44,10629,38.1311,
3000-art-institute-of-chicago-photos,imazen-26-png-v3/png-v3/3000-art-institute-of-chicago-photos/3002_aic_the-irish-question_181777_4000x4860.sdr.png,adef,6,20,24994,72.2775,
3000-art-institute-of-chicago-photos,imazen-26-png-v3/png-v3/3000-art-institute-of-chicago-photos/3002_aic_the-irish-question_181777_4000x4860.sdr.png,adef,6,32,11480,45.5698,
3000-art-institute-of-chicago-photos,imazen-26-png-v3/png-v3/3000-art-institute-of-chicago-photos/3002_aic_the-irish-question_181777_4000x4860.sdr.png,adef,6,44,3417,14.4376,
3000-art-institute-of-chicago-photos,imazen-26-png-v3/png-v3/3000-art-institute-of-chicago-photos/3002_aic_the-irish-question_181777_4000x4860.sdr.png,adef,10,20,24406,71.2517,
3000-art-institute-of-chicago-photos,imazen-26-png-v3/png-v3/3000-art-institute-of-chicago-photos/3002_aic_the-irish-question_181777_4000x4860.sdr.png,adef,10,32,11087,43.2143,
3000-art-institute-of-chicago-photos,imazen-26-png-v3/png-v3/3000-art-institute-of-chicago-photos/3002_aic_the-irish-question_181777_4000x4860.sdr.png,adef,10,44,3236,17.8763,
3000-art-institute-of-chicago-photos,imazen-26-png-v3/png-v3/3000-art-institute-of-chicago-photos/3002_aic_the-irish-question_181777_4000x4860.sdr.png,asharp,6,20,24994,72.1593,
3000-art-institute-of-chicago-photos,imazen-26-png-v3/png-v3/3000-art-institute-of-chicago-photos/3002_aic_the-irish-question_181777_4000x4860.sdr.png,asharp,6,32,11480,45.5748,
3000-art-institute-of-chicago-photos,imazen-26-png-v3/png-v3/3000-art-institute-of-chicago-photos/3002_aic_the-irish-question_181777_4000x4860.sdr.png,asharp,6,44,3412,14.5050,
3000-art-institute-of-chicago-photos,imazen-26-png-v3/png-v3/3000-art-institute-of-chicago-photos/3002_aic_the-irish-question_181777_4000x4860.sdr.png,asharp,10,20,24406,71.2992,
3000-art-institute-of-chicago-photos,imazen-26-png-v3/png-v3/3000-art-institute-of-chicago-photos/3002_aic_the-irish-question_181777_4000x4860.sdr.png,asharp,10,32,11087,43.3894,
3000-art-institute-of-chicago-photos,imazen-26-png-v3/png-v3/3000-art-institute-of-chicago-photos/3002_aic_the-irish-question_181777_4000x4860.sdr.png,asharp,10,44,3236,17.7344,
3300-met-museum-photos,imazen-26-png-v3/png-v3/3300-met-museum-photos/3311_met_jamb-stove_3689_2002x1717.sdr.png,iq_adef,6,20,58323,85.6770,
3300-met-museum-photos,imazen-26-png-v3/png-v3/3300-met-museum-photos/3311_met_jamb-stove_3689_2002x1717.sdr.png,iq_adef,6,32,32413,74.8500,
3300-met-museum-photos,imazen-26-png-v3/png-v3/3300-met-museum-photos/3311_met_jamb-stove_3689_2002x1717.sdr.png,iq_adef,6,44,14991,48.3074,
3300-met-museum-photos,imazen-26-png-v3/png-v3/3300-met-museum-photos/3311_met_jamb-stove_3689_2002x1717.sdr.png,iq_adef,10,20,59923,85.4431,
3300-met-museum-photos,imazen-26-png-v3/png-v3/3300-met-museum-photos/3311_met_jamb-stove_3689_2002x1717.sdr.png,iq_adef,10,32,33811,74.3471,
3300-met-museum-photos,imazen-26-png-v3/png-v3/3300-met-museum-photos/3311_met_jamb-stove_3689_2002x1717.sdr.png,iq_adef,10,44,15674,49.8191,
3300-met-museum-photos,imazen-26-png-v3/png-v3/3300-met-museum-photos/3311_met_jamb-stove_3689_2002x1717.sdr.png,iq_asharp,6,20,58323,85.6595,
3300-met-museum-photos,imazen-26-png-v3/png-v3/3300-met-museum-photos/3311_met_jamb-stove_3689_2002x1717.sdr.png,iq_asharp,6,32,32412,74.8299,
3300-met-museum-photos,imazen-26-png-v3/png-v3/3300-met-museum-photos/3311_met_jamb-stove_3689_2002x1717.sdr.png,iq_asharp,6,44,14990,47.9816,
3300-met-museum-photos,imazen-26-png-v3/png-v3/3300-met-museum-photos/3311_met_jamb-stove_3689_2002x1717.sdr.png,iq_asharp,10,20,59923,85.4431,
3300-met-museum-photos,imazen-26-png-v3/png-v3/3300-met-museum-photos/3311_met_jamb-stove_3689_2002x1717.sdr.png,iq_asharp,10,32,33811,74.3471,
3300-met-museum-photos,imazen-26-png-v3/png-v3/3300-met-museum-photos/3311_met_jamb-stove_3689_2002x1717.sdr.png,iq_asharp,10,44,15674,49.8191,
3300-met-museum-photos,imazen-26-png-v3/png-v3/3300-met-museum-photos/3311_met_jamb-stove_3689_2002x1717.sdr.png,iq_both,6,20,58323,85.6770,
3300-met-museum-photos,imazen-26-png-v3/png-v3/3300-met-museum-photos/3311_met_jamb-stove_3689_2002x1717.sdr.png,iq_both,6,32,32413,74.8500,
3300-met-museum-photos,imazen-26-png-v3/png-v3/3300-met-museum-photos/3311_met_jamb-stove_3689_2002x1717.sdr.png,iq_both,6,44,14991,48.3074,
3300-met-museum-photos,imazen-26-png-v3/png-v3/3300-met-museum-photos/3311_met_jamb-stove_3689_2002x1717.sdr.png,iq_both,10,20,59923,85.4431,
3300-met-museum-photos,imazen-26-png-v3/png-v3/3300-met-museum-photos/3311_met_jamb-stove_3689_2002x1717.sdr.png,iq_both,10,32,33811,74.3471,
3300-met-museum-photos,imazen-26-png-v3/png-v3/3300-met-museum-photos/3311_met_jamb-stove_3689_2002x1717.sdr.png,iq_both,10,44,15674,49.8191,
3300-met-museum-photos,imazen-26-png-v3/png-v3/3300-met-museum-photos/3311_met_jamb-stove_3689_2002x1717.sdr.png,adef,6,20,58016,84.9139,
3300-met-museum-photos,imazen-26-png-v3/png-v3/3300-met-museum-photos/3311_met_jamb-stove_3689_2002x1717.sdr.png,adef,6,32,28794,70.3741,
3300-met-museum-photos,imazen-26-png-v3/png-v3/3300-met-museum-photos/3311_met_jamb-stove_3689_2002x1717.sdr.png,adef,6,44,11752,38.9016,
3300-met-museum-photos,imazen-26-png-v3/png-v3/3300-met-museum-photos/3311_met_jamb-stove_3689_2002x1717.sdr.png,adef,10,20,58363,84.1312,
3300-met-museum-photos,imazen-26-png-v3/png-v3/3300-met-museum-photos/3311_met_jamb-stove_3689_2002x1717.sdr.png,adef,10,32,28658,68.5687,
3300-met-museum-photos,imazen-26-png-v3/png-v3/3300-met-museum-photos/3311_met_jamb-stove_3689_2002x1717.sdr.png,adef,10,44,11787,35.1955,
3300-met-museum-photos,imazen-26-png-v3/png-v3/3300-met-museum-photos/3311_met_jamb-stove_3689_2002x1717.sdr.png,asharp,6,20,58016,84.8511,
3300-met-museum-photos,imazen-26-png-v3/png-v3/3300-met-museum-photos/3311_met_jamb-stove_3689_2002x1717.sdr.png,asharp,6,32,28794,70.2520,
3300-met-museum-photos,imazen-26-png-v3/png-v3/3300-met-museum-photos/3311_met_jamb-stove_3689_2002x1717.sdr.png,asharp,6,44,11752,38.7954,
3300-met-museum-photos,imazen-26-png-v3/png-v3/3300-met-museum-photos/3311_met_jamb-stove_3689_2002x1717.sdr.png,asharp,10,20,58363,84.1312,
3300-met-museum-photos,imazen-26-png-v3/png-v3/3300-met-museum-photos/3311_met_jamb-stove_3689_2002x1717.sdr.png,asharp,10,32,28658,68.5687,
3300-met-museum-photos,imazen-26-png-v3/png-v3/3300-met-museum-photos/3311_met_jamb-stove_3689_2002x1717.sdr.png,asharp,10,44,11787,35.1955,
3300-met-museum-photos,imazen-26-png-v3/png-v3/3300-met-museum-photos/3318_met_vessel_479496_2505x2596.sdr.png,iq_adef,6,20,25985,81.7151,
3300-met-museum-photos,imazen-26-png-v3/png-v3/3300-met-museum-photos/3318_met_vessel_479496_2505x2596.sdr.png,iq_adef,6,32,14804,73.0685,
3300-met-museum-photos,imazen-26-png-v3/png-v3/3300-met-museum-photos/3318_met_vessel_479496_2505x2596.sdr.png,iq_adef,6,44,5374,52.0290,
3300-met-museum-photos,imazen-26-png-v3/png-v3/3300-met-museum-photos/3318_met_vessel_479496_2505x2596.sdr.png,iq_adef,10,20,27605,81.6506,
3300-met-museum-photos,imazen-26-png-v3/png-v3/3300-met-museum-photos/3318_met_vessel_479496_2505x2596.sdr.png,iq_adef,10,32,16016,73.4331,
3300-met-museum-photos,imazen-26-png-v3/png-v3/3300-met-museum-photos/3318_met_vessel_479496_2505x2596.sdr.png,iq_adef,10,44,6071,52.1925,
3300-met-museum-photos,imazen-26-png-v3/png-v3/3300-met-museum-photos/3318_met_vessel_479496_2505x2596.sdr.png,iq_asharp,6,20,25985,81.7423,
3300-met-museum-photos,imazen-26-png-v3/png-v3/3300-met-museum-photos/3318_met_vessel_479496_2505x2596.sdr.png,iq_asharp,6,32,14804,73.3444,
3300-met-museum-photos,imazen-26-png-v3/png-v3/3300-met-museum-photos/3318_met_vessel_479496_2505x2596.sdr.png,iq_asharp,6,44,5374,52.0491,
3300-met-museum-photos,imazen-26-png-v3/png-v3/3300-met-museum-photos/3318_met_vessel_479496_2505x2596.sdr.png,iq_asharp,10,20,27605,81.7099,
3300-met-museum-photos,imazen-26-png-v3/png-v3/3300-met-museum-photos/3318_met_vessel_479496_2505x2596.sdr.png,iq_asharp,10,32,16016,73.5196,
3300-met-museum-photos,imazen-26-png-v3/png-v3/3300-met-museum-photos/3318_met_vessel_479496_2505x2596.sdr.png,iq_asharp,10,44,6071,52.4118,
3300-met-museum-photos,imazen-26-png-v3/png-v3/3300-met-museum-photos/3318_met_vessel_479496_2505x2596.sdr.png,iq_both,6,20,25985,81.7151,
3300-met-museum-photos,imazen-26-png-v3/png-v3/3300-met-museum-photos/3318_met_vessel_479496_2505x2596.sdr.png,iq_both,6,32,14804,73.0685,
3300-met-museum-photos,imazen-26-png-v3/png-v3/3300-met-museum-photos/3318_met_vessel_479496_2505x2596.sdr.png,iq_both,6,44,5374,52.0290,
3300-met-museum-photos,imazen-26-png-v3/png-v3/3300-met-museum-photos/3318_met_vessel_479496_2505x2596.sdr.png,iq_both,10,20,27605,81.6506,
3300-met-museum-photos,imazen-26-png-v3/png-v3/3300-met-museum-photos/3318_met_vessel_479496_2505x2596.sdr.png,iq_both,10,32,16016,73.4331,
3300-met-museum-photos,imazen-26-png-v3/png-v3/3300-met-museum-photos/3318_met_vessel_479496_2505x2596.sdr.png,iq_both,10,44,6071,52.1925,
3300-met-museum-photos,imazen-26-png-v3/png-v3/3300-met-museum-photos/3318_met_vessel_479496_2505x2596.sdr.png,adef,6,20,13934,71.1256,
3300-met-museum-photos,imazen-26-png-v3/png-v3/3300-met-museum-photos/3318_met_vessel_479496_2505x2596.sdr.png,adef,6,32,5410,51.1281,
3300-met-museum-photos,imazen-26-png-v3/png-v3/3300-met-museum-photos/3318_met_vessel_479496_2505x2596.sdr.png,adef,6,44,1786,20.3396,
3300-met-museum-photos,imazen-26-png-v3/png-v3/3300-met-museum-photos/3318_met_vessel_479496_2505x2596.sdr.png,adef,10,20,14332,70.7358,
3300-met-museum-photos,imazen-26-png-v3/png-v3/3300-met-museum-photos/3318_met_vessel_479496_2505x2596.sdr.png,adef,10,32,6138,49.7716,
3300-met-museum-photos,imazen-26-png-v3/png-v3/3300-met-museum-photos/3318_met_vessel_479496_2505x2596.sdr.png,adef,10,44,2147,19.0242,
3300-met-museum-photos,imazen-26-png-v3/png-v3/3300-met-museum-photos/3318_met_vessel_479496_2505x2596.sdr.png,asharp,6,20,13935,71.0583,
3300-met-museum-photos,imazen-26-png-v3/png-v3/3300-met-museum-photos/3318_met_vessel_479496_2505x2596.sdr.png,asharp,6,32,5410,51.1212,
3300-met-museum-photos,imazen-26-png-v3/png-v3/3300-met-museum-photos/3318_met_vessel_479496_2505x2596.sdr.png,asharp,6,44,1786,20.2962,
3300-met-museum-photos,imazen-26-png-v3/png-v3/3300-met-museum-photos/3318_met_vessel_479496_2505x2596.sdr.png,asharp,10,20,14332,70.7621,
3300-met-museum-photos,imazen-26-png-v3/png-v3/3300-met-museum-photos/3318_met_vessel_479496_2505x2596.sdr.png,asharp,10,32,6138,49.8577,
3300-met-museum-photos,imazen-26-png-v3/png-v3/3300-met-museum-photos/3318_met_vessel_479496_2505x2596.sdr.png,asharp,10,44,2147,19.2884,
5000-national-park-service-brochures,imazen-26-png-v3/png-v3/5000-national-park-service-brochures/grayscale/5044_nps_mora-ohanapecosh7-2019_gray_p01_2550x3300.sdr.png,iq_adef,6,20,14228,90.4774,
5000-national-park-service-brochures,imazen-26-png-v3/png-v3/5000-national-park-service-brochures/grayscale/5044_nps_mora-ohanapecosh7-2019_gray_p01_2550x3300.sdr.png,iq_adef,6,32,11201,85.6029,
5000-national-park-service-brochures,imazen-26-png-v3/png-v3/5000-national-park-service-brochures/grayscale/5044_nps_mora-ohanapecosh7-2019_gray_p01_2550x3300.sdr.png,iq_adef,6,44,7909,70.8308,
5000-national-park-service-brochures,imazen-26-png-v3/png-v3/5000-national-park-service-brochures/grayscale/5044_nps_mora-ohanapecosh7-2019_gray_p01_2550x3300.sdr.png,iq_adef,10,20,15422,89.5394,
5000-national-park-service-brochures,imazen-26-png-v3/png-v3/5000-national-park-service-brochures/grayscale/5044_nps_mora-ohanapecosh7-2019_gray_p01_2550x3300.sdr.png,iq_adef,10,32,12464,80.7790,
5000-national-park-service-brochures,imazen-26-png-v3/png-v3/5000-national-park-service-brochures/grayscale/5044_nps_mora-ohanapecosh7-2019_gray_p01_2550x3300.sdr.png,iq_adef,10,44,8241,66.5397,
5000-national-park-service-brochures,imazen-26-png-v3/png-v3/5000-national-park-service-brochures/grayscale/5044_nps_mora-ohanapecosh7-2019_gray_p01_2550x3300.sdr.png,iq_asharp,6,20,14230,90.4973,
5000-national-park-service-brochures,imazen-26-png-v3/png-v3/5000-national-park-service-brochures/grayscale/5044_nps_mora-ohanapecosh7-2019_gray_p01_2550x3300.sdr.png,iq_asharp,6,32,11201,85.7155,
5000-national-park-service-brochures,imazen-26-png-v3/png-v3/5000-national-park-service-brochures/grayscale/5044_nps_mora-ohanapecosh7-2019_gray_p01_2550x3300.sdr.png,iq_asharp,6,44,7909,71.0769,
5000-national-park-service-brochures,imazen-26-png-v3/png-v3/5000-national-park-service-brochures/grayscale/5044_nps_mora-ohanapecosh7-2019_gray_p01_2550x3300.sdr.png,iq_asharp,10,20,15422,89.5579,
5000-national-park-service-brochures,imazen-26-png-v3/png-v3/5000-national-park-service-brochures/grayscale/5044_nps_mora-ohanapecosh7-2019_gray_p01_2550x3300.sdr.png,iq_asharp,10,32,12464,80.9608,
5000-national-park-service-brochures,imazen-26-png-v3/png-v3/5000-national-park-service-brochures/grayscale/5044_nps_mora-ohanapecosh7-2019_gray_p01_2550x3300.sdr.png,iq_asharp,10,44,8241,66.7306,
5000-national-park-service-brochures,imazen-26-png-v3/png-v3/5000-national-park-service-brochures/grayscale/5044_nps_mora-ohanapecosh7-2019_gray_p01_2550x3300.sdr.png,iq_both,6,20,14228,90.4774,
5000-national-park-service-brochures,imazen-26-png-v3/png-v3/5000-national-park-service-brochures/grayscale/5044_nps_mora-ohanapecosh7-2019_gray_p01_2550x3300.sdr.png,iq_both,6,32,11201,85.6029,
5000-national-park-service-brochures,imazen-26-png-v3/png-v3/5000-national-park-service-brochures/grayscale/5044_nps_mora-ohanapecosh7-2019_gray_p01_2550x3300.sdr.png,iq_both,6,44,7909,70.8308,
5000-national-park-service-brochures,imazen-26-png-v3/png-v3/5000-national-park-service-brochures/grayscale/5044_nps_mora-ohanapecosh7-2019_gray_p01_2550x3300.sdr.png,iq_both,10,20,15422,89.5394,
5000-national-park-service-brochures,imazen-26-png-v3/png-v3/5000-national-park-service-brochures/grayscale/5044_nps_mora-ohanapecosh7-2019_gray_p01_2550x3300.sdr.png,iq_both,10,32,12464,80.7790,
5000-national-park-service-brochures,imazen-26-png-v3/png-v3/5000-national-park-service-brochures/grayscale/5044_nps_mora-ohanapecosh7-2019_gray_p01_2550x3300.sdr.png,iq_both,10,44,8241,66.5397,
5000-national-park-service-brochures,imazen-26-png-v3/png-v3/5000-national-park-service-brochures/grayscale/5044_nps_mora-ohanapecosh7-2019_gray_p01_2550x3300.sdr.png,adef,6,20,13346,90.0415,
5000-national-park-service-brochures,imazen-26-png-v3/png-v3/5000-national-park-service-brochures/grayscale/5044_nps_mora-ohanapecosh7-2019_gray_p01_2550x3300.sdr.png,adef,6,32,10460,86.1316,
5000-national-park-service-brochures,imazen-26-png-v3/png-v3/5000-national-park-service-brochures/grayscale/5044_nps_mora-ohanapecosh7-2019_gray_p01_2550x3300.sdr.png,adef,6,44,7372,62.9569,
5000-national-park-service-brochures,imazen-26-png-v3/png-v3/5000-national-park-service-brochures/grayscale/5044_nps_mora-ohanapecosh7-2019_gray_p01_2550x3300.sdr.png,adef,10,20,22273,85.8144,
5000-national-park-service-brochures,imazen-26-png-v3/png-v3/5000-national-park-service-brochures/grayscale/5044_nps_mora-ohanapecosh7-2019_gray_p01_2550x3300.sdr.png,adef,10,32,14875,76.4102,
5000-national-park-service-brochures,imazen-26-png-v3/png-v3/5000-national-park-service-brochures/grayscale/5044_nps_mora-ohanapecosh7-2019_gray_p01_2550x3300.sdr.png,adef,10,44,8147,54.5342,
5000-national-park-service-brochures,imazen-26-png-v3/png-v3/5000-national-park-service-brochures/grayscale/5044_nps_mora-ohanapecosh7-2019_gray_p01_2550x3300.sdr.png,asharp,6,20,13346,90.2480,
5000-national-park-service-brochures,imazen-26-png-v3/png-v3/5000-national-park-service-brochures/grayscale/5044_nps_mora-ohanapecosh7-2019_gray_p01_2550x3300.sdr.png,asharp,6,32,10460,86.0088,
5000-national-park-service-brochures,imazen-26-png-v3/png-v3/5000-national-park-service-brochures/grayscale/5044_nps_mora-ohanapecosh7-2019_gray_p01_2550x3300.sdr.png,asharp,6,44,7372,63.0575,
5000-national-park-service-brochures,imazen-26-png-v3/png-v3/5000-national-park-service-brochures/grayscale/5044_nps_mora-ohanapecosh7-2019_gray_p01_2550x3300.sdr.png,asharp,10,20,22273,85.7937,
5000-national-park-service-brochures,imazen-26-png-v3/png-v3/5000-national-park-service-brochures/grayscale/5044_nps_mora-ohanapecosh7-2019_gray_p01_2550x3300.sdr.png,asharp,10,32,14875,76.4125,
5000-national-park-service-brochures,imazen-26-png-v3/png-v3/5000-national-park-service-brochures/grayscale/5044_nps_mora-ohanapecosh7-2019_gray_p01_2550x3300.sdr.png,asharp,10,44,8147,54.5633,
5000-national-park-service-brochures,imazen-26-png-v3/png-v3/5000-national-park-service-brochures/grayscale/5058_nps_shen-bigmeadows-roadtrail_gray_p02_2550x3300.sdr.png,iq_adef,6,20,21147,92.1045,
5000-national-park-service-brochures,imazen-26-png-v3/png-v3/5000-national-park-service-brochures/grayscale/5058_nps_shen-bigmeadows-roadtrail_gray_p02_2550x3300.sdr.png,iq_adef,6,32,16142,90.0933,
5000-national-park-service-brochures,imazen-26-png-v3/png-v3/5000-national-park-service-brochures/grayscale/5058_nps_shen-bigmeadows-roadtrail_gray_p02_2550x3300.sdr.png,iq_adef,6,44,13009,84.3640,
5000-national-park-service-brochures,imazen-26-png-v3/png-v3/5000-national-park-service-brochures/grayscale/5058_nps_shen-bigmeadows-roadtrail_gray_p02_2550x3300.sdr.png,iq_adef,10,20,20638,91.0830,
5000-national-park-service-brochures,imazen-26-png-v3/png-v3/5000-national-park-service-brochures/grayscale/5058_nps_shen-bigmeadows-roadtrail_gray_p02_2550x3300.sdr.png,iq_adef,10,32,16639,84.7680,
5000-national-park-service-brochures,imazen-26-png-v3/png-v3/5000-national-park-service-brochures/grayscale/5058_nps_shen-bigmeadows-roadtrail_gray_p02_2550x3300.sdr.png,iq_adef,10,44,10669,77.0365,
5000-national-park-service-brochures,imazen-26-png-v3/png-v3/5000-national-park-service-brochures/grayscale/5058_nps_shen-bigmeadows-roadtrail_gray_p02_2550x3300.sdr.png,iq_asharp,6,20,21147,92.1675,
5000-national-park-service-brochures,imazen-26-png-v3/png-v3/5000-national-park-service-brochures/grayscale/5058_nps_shen-bigmeadows-roadtrail_gray_p02_2550x3300.sdr.png,iq_asharp,6,32,16142,90.0605,
5000-national-park-service-brochures,imazen-26-png-v3/png-v3/5000-national-park-service-brochures/grayscale/5058_nps_shen-bigmeadows-roadtrail_gray_p02_2550x3300.sdr.png,iq_asharp,6,44,13009,84.6806,
5000-national-park-service-brochures,imazen-26-png-v3/png-v3/5000-national-park-service-brochures/grayscale/5058_nps_shen-bigmeadows-roadtrail_gray_p02_2550x3300.sdr.png,iq_asharp,10,20,20638,91.0830,
5000-national-park-service-brochures,imazen-26-png-v3/png-v3/5000-national-park-service-brochures/grayscale/5058_nps_shen-bigmeadows-roadtrail_gray_p02_2550x3300.sdr.png,iq_asharp,10,32,16639,84.7680,
5000-national-park-service-brochures,imazen-26-png-v3/png-v3/5000-national-park-service-brochures/grayscale/5058_nps_shen-bigmeadows-roadtrail_gray_p02_2550x3300.sdr.png,iq_asharp,10,44,10669,77.0365,
5000-national-park-service-brochures,imazen-26-png-v3/png-v3/5000-national-park-service-brochures/grayscale/5058_nps_shen-bigmeadows-roadtrail_gray_p02_2550x3300.sdr.png,iq_both,6,20,21147,92.1045,
5000-national-park-service-brochures,imazen-26-png-v3/png-v3/5000-national-park-service-brochures/grayscale/5058_nps_shen-bigmeadows-roadtrail_gray_p02_2550x3300.sdr.png,iq_both,6,32,16142,90.0933,
5000-national-park-service-brochures,imazen-26-png-v3/png-v3/5000-national-park-service-brochures/grayscale/5058_nps_shen-bigmeadows-roadtrail_gray_p02_2550x3300.sdr.png,iq_both,6,44,13009,84.3640,
5000-national-park-service-brochures,imazen-26-png-v3/png-v3/5000-national-park-service-brochures/grayscale/5058_nps_shen-bigmeadows-roadtrail_gray_p02_2550x3300.sdr.png,iq_both,10,20,20638,91.0830,
5000-national-park-service-brochures,imazen-26-png-v3/png-v3/5000-national-park-service-brochures/grayscale/5058_nps_shen-bigmeadows-roadtrail_gray_p02_2550x3300.sdr.png,iq_both,10,32,16639,84.7680,
5000-national-park-service-brochures,imazen-26-png-v3/png-v3/5000-national-park-service-brochures/grayscale/5058_nps_shen-bigmeadows-roadtrail_gray_p02_2550x3300.sdr.png,iq_both,10,44,10669,77.0365,
5000-national-park-service-brochures,imazen-26-png-v3/png-v3/5000-national-park-service-brochures/grayscale/5058_nps_shen-bigmeadows-roadtrail_gray_p02_2550x3300.sdr.png,adef,6,20,20741,92.3771,
5000-national-park-service-brochures,imazen-26-png-v3/png-v3/5000-national-park-service-brochures/grayscale/5058_nps_shen-bigmeadows-roadtrail_gray_p02_2550x3300.sdr.png,adef,6,32,16479,90.6590,
5000-national-park-service-brochures,imazen-26-png-v3/png-v3/5000-national-park-service-brochures/grayscale/5058_nps_shen-bigmeadows-roadtrail_gray_p02_2550x3300.sdr.png,adef,6,44,12988,85.7246,
5000-national-park-service-brochures,imazen-26-png-v3/png-v3/5000-national-park-service-brochures/grayscale/5058_nps_shen-bigmeadows-roadtrail_gray_p02_2550x3300.sdr.png,adef,10,20,41628,89.4294,
5000-national-park-service-brochures,imazen-26-png-v3/png-v3/5000-national-park-service-brochures/grayscale/5058_nps_shen-bigmeadows-roadtrail_gray_p02_2550x3300.sdr.png,adef,10,32,29028,83.6937,
5000-national-park-service-brochures,imazen-26-png-v3/png-v3/5000-national-park-service-brochures/grayscale/5058_nps_shen-bigmeadows-roadtrail_gray_p02_2550x3300.sdr.png,adef,10,44,16533,68.6027,
5000-national-park-service-brochures,imazen-26-png-v3/png-v3/5000-national-park-service-brochures/grayscale/5058_nps_shen-bigmeadows-roadtrail_gray_p02_2550x3300.sdr.png,asharp,6,20,20741,92.3209,
5000-national-park-service-brochures,imazen-26-png-v3/png-v3/5000-national-park-service-brochures/grayscale/5058_nps_shen-bigmeadows-roadtrail_gray_p02_2550x3300.sdr.png,asharp,6,32,16479,90.5354,
5000-national-park-service-brochures,imazen-26-png-v3/png-v3/5000-national-park-service-brochures/grayscale/5058_nps_shen-bigmeadows-roadtrail_gray_p02_2550x3300.sdr.png,asharp,6,44,12988,85.8646,
5000-national-park-service-brochures,imazen-26-png-v3/png-v3/5000-national-park-service-brochures/grayscale/5058_nps_shen-bigmeadows-roadtrail_gray_p02_2550x3300.sdr.png,asharp,10,20,41628,89.4294,
5000-national-park-service-brochures,imazen-26-png-v3/png-v3/5000-national-park-service-brochures/grayscale/5058_nps_shen-bigmeadows-roadtrail_gray_p02_2550x3300.sdr.png,asharp,10,32,29028,83.6937,
5000-national-park-service-brochures,imazen-26-png-v3/png-v3/5000-national-park-service-brochures/grayscale/5058_nps_shen-bigmeadows-roadtrail_gray_p02_2550x3300.sdr.png,asharp,10,44,16533,68.6027,
5200-epa-climate-impact-2021-report,imazen-26-png-v3/png-v3/5200-epa-climate-impact-2021-report/5202_epa_climate-impact-2021_fig-es1-six-impacts_p005_2968x3841.sdr.png,iq_adef,6,20,14283,85.9978,
5200-epa-climate-impact-2021-report,imazen-26-png-v3/png-v3/5200-epa-climate-impact-2021-report/5202_epa_climate-impact-2021_fig-es1-six-impacts_p005_2968x3841.sdr.png,iq_adef,6,32,9309,78.9132,
5200-epa-climate-impact-2021-report,imazen-26-png-v3/png-v3/5200-epa-climate-impact-2021-report/5202_epa_climate-impact-2021_fig-es1-six-impacts_p005_2968x3841.sdr.png,iq_adef,6,44,4824,62.7736,
5200-epa-climate-impact-2021-report,imazen-26-png-v3/png-v3/5200-epa-climate-impact-2021-report/5202_epa_climate-impact-2021_fig-es1-six-impacts_p005_2968x3841.sdr.png,iq_adef,10,20,17143,85.4725,
5200-epa-climate-impact-2021-report,imazen-26-png-v3/png-v3/5200-epa-climate-impact-2021-report/5202_epa_climate-impact-2021_fig-es1-six-impacts_p005_2968x3841.sdr.png,iq_adef,10,32,11001,78.2775,
5200-epa-climate-impact-2021-report,imazen-26-png-v3/png-v3/5200-epa-climate-impact-2021-report/5202_epa_climate-impact-2021_fig-es1-six-impacts_p005_2968x3841.sdr.png,iq_adef,10,44,5613,63.1686,
5200-epa-climate-impact-2021-report,imazen-26-png-v3/png-v3/5200-epa-climate-impact-2021-report/5202_epa_climate-impact-2021_fig-es1-six-impacts_p005_2968x3841.sdr.png,iq_asharp,6,20,14283,86.0409,
5200-epa-climate-impact-2021-report,imazen-26-png-v3/png-v3/5200-epa-climate-impact-2021-report/5202_epa_climate-impact-2021_fig-es1-six-impacts_p005_2968x3841.sdr.png,iq_asharp,6,32,9309,79.1304,
5200-epa-climate-impact-2021-report,imazen-26-png-v3/png-v3/5200-epa-climate-impact-2021-report/5202_epa_climate-impact-2021_fig-es1-six-impacts_p005_2968x3841.sdr.png,iq_asharp,6,44,4825,62.7954,
5200-epa-climate-impact-2021-report,imazen-26-png-v3/png-v3/5200-epa-climate-impact-2021-report/5202_epa_climate-impact-2021_fig-es1-six-impacts_p005_2968x3841.sdr.png,iq_asharp,10,20,17143,85.3948,
5200-epa-climate-impact-2021-report,imazen-26-png-v3/png-v3/5200-epa-climate-impact-2021-report/5202_epa_climate-impact-2021_fig-es1-six-impacts_p005_2968x3841.sdr.png,iq_asharp,10,32,11001,78.3878,
5200-epa-climate-impact-2021-report,imazen-26-png-v3/png-v3/5200-epa-climate-impact-2021-report/5202_epa_climate-impact-2021_fig-es1-six-impacts_p005_2968x3841.sdr.png,iq_asharp,10,44,5613,63.2516,
5200-epa-climate-impact-2021-report,imazen-26-png-v3/png-v3/5200-epa-climate-impact-2021-report/5202_epa_climate-impact-2021_fig-es1-six-impacts_p005_2968x3841.sdr.png,iq_both,6,20,14283,85.9978,
5200-epa-climate-impact-2021-report,imazen-26-png-v3/png-v3/5200-epa-climate-impact-2021-report/5202_epa_climate-impact-2021_fig-es1-six-impacts_p005_2968x3841.sdr.png,iq_both,6,32,9309,78.9132,
5200-epa-climate-impact-2021-report,imazen-26-png-v3/png-v3/5200-epa-climate-impact-2021-report/5202_epa_climate-impact-2021_fig-es1-six-impacts_p005_2968x3841.sdr.png,iq_both,6,44,4824,62.7736,
5200-epa-climate-impact-2021-report,imazen-26-png-v3/png-v3/5200-epa-climate-impact-2021-report/5202_epa_climate-impact-2021_fig-es1-six-impacts_p005_2968x3841.sdr.png,iq_both,10,20,17143,85.4725,
5200-epa-climate-impact-2021-report,imazen-26-png-v3/png-v3/5200-epa-climate-impact-2021-report/5202_epa_climate-impact-2021_fig-es1-six-impacts_p005_2968x3841.sdr.png,iq_both,10,32,11001,78.2775,
5200-epa-climate-impact-2021-report,imazen-26-png-v3/png-v3/5200-epa-climate-impact-2021-report/5202_epa_climate-impact-2021_fig-es1-six-impacts_p005_2968x3841.sdr.png,iq_both,10,44,5613,63.1686,
5200-epa-climate-impact-2021-report,imazen-26-png-v3/png-v3/5200-epa-climate-impact-2021-report/5202_epa_climate-impact-2021_fig-es1-six-impacts_p005_2968x3841.sdr.png,adef,6,20,11404,80.7049,
5200-epa-climate-impact-2021-report,imazen-26-png-v3/png-v3/5200-epa-climate-impact-2021-report/5202_epa_climate-impact-2021_fig-es1-six-impacts_p005_2968x3841.sdr.png,adef,6,32,6668,66.9163,
5200-epa-climate-impact-2021-report,imazen-26-png-v3/png-v3/5200-epa-climate-impact-2021-report/5202_epa_climate-impact-2021_fig-es1-six-impacts_p005_2968x3841.sdr.png,adef,6,44,3266,46.6906,
5200-epa-climate-impact-2021-report,imazen-26-png-v3/png-v3/5200-epa-climate-impact-2021-report/5202_epa_climate-impact-2021_fig-es1-six-impacts_p005_2968x3841.sdr.png,adef,10,20,13931,80.6693,
5200-epa-climate-impact-2021-report,imazen-26-png-v3/png-v3/5200-epa-climate-impact-2021-report/5202_epa_climate-impact-2021_fig-es1-six-impacts_p005_2968x3841.sdr.png,adef,10,32,7749,67.7567,
5200-epa-climate-impact-2021-report,imazen-26-png-v3/png-v3/5200-epa-climate-impact-2021-report/5202_epa_climate-impact-2021_fig-es1-six-impacts_p005_2968x3841.sdr.png,adef,10,44,3663,44.9878,
5200-epa-climate-impact-2021-report,imazen-26-png-v3/png-v3/5200-epa-climate-impact-2021-report/5202_epa_climate-impact-2021_fig-es1-six-impacts_p005_2968x3841.sdr.png,asharp,6,20,11407,80.5739,
5200-epa-climate-impact-2021-report,imazen-26-png-v3/png-v3/5200-epa-climate-impact-2021-report/5202_epa_climate-impact-2021_fig-es1-six-impacts_p005_2968x3841.sdr.png,asharp,6,32,6668,66.8300,
5200-epa-climate-impact-2021-report,imazen-26-png-v3/png-v3/5200-epa-climate-impact-2021-report/5202_epa_climate-impact-2021_fig-es1-six-impacts_p005_2968x3841.sdr.png,asharp,6,44,3264,46.6980,
5200-epa-climate-impact-2021-report,imazen-26-png-v3/png-v3/5200-epa-climate-impact-2021-report/5202_epa_climate-impact-2021_fig-es1-six-impacts_p005_2968x3841.sdr.png,asharp,10,20,13931,80.5935,
5200-epa-climate-impact-2021-report,imazen-26-png-v3/png-v3/5200-epa-climate-impact-2021-report/5202_epa_climate-impact-2021_fig-es1-six-impacts_p005_2968x3841.sdr.png,asharp,10,32,7749,67.8752,
5200-epa-climate-impact-2021-report,imazen-26-png-v3/png-v3/5200-epa-climate-impact-2021-report/5202_epa_climate-impact-2021_fig-es1-six-impacts_p005_2968x3841.sdr.png,asharp,10,44,3663,45.1996,
5200-epa-climate-impact-2021-report,imazen-26-png-v3/png-v3/5200-epa-climate-impact-2021-report/5204_epa_climate-impact-2021_key-findings-income-education-age_p007_2968x3841.sdr.png,iq_adef,6,20,7500,86.5959,
5200-epa-climate-impact-2021-report,imazen-26-png-v3/png-v3/5200-epa-climate-impact-2021-report/5204_epa_climate-impact-2021_key-findings-income-education-age_p007_2968x3841.sdr.png,iq_adef,6,32,5284,81.7035,
5200-epa-climate-impact-2021-report,imazen-26-png-v3/png-v3/5200-epa-climate-impact-2021-report/5204_epa_climate-impact-2021_key-findings-income-education-age_p007_2968x3841.sdr.png,iq_adef,6,44,3290,69.6678,
5200-epa-climate-impact-2021-report,imazen-26-png-v3/png-v3/5200-epa-climate-impact-2021-report/5204_epa_climate-impact-2021_key-findings-income-education-age_p007_2968x3841.sdr.png,iq_adef,10,20,9578,86.6269,
5200-epa-climate-impact-2021-report,imazen-26-png-v3/png-v3/5200-epa-climate-impact-2021-report/5204_epa_climate-impact-2021_key-findings-income-education-age_p007_2968x3841.sdr.png,iq_adef,10,32,6719,80.4019,
5200-epa-climate-impact-2021-report,imazen-26-png-v3/png-v3/5200-epa-climate-impact-2021-report/5204_epa_climate-impact-2021_key-findings-income-education-age_p007_2968x3841.sdr.png,iq_adef,10,44,4199,68.9912,
5200-epa-climate-impact-2021-report,imazen-26-png-v3/png-v3/5200-epa-climate-impact-2021-report/5204_epa_climate-impact-2021_key-findings-income-education-age_p007_2968x3841.sdr.png,iq_asharp,6,20,7504,86.5046,
5200-epa-climate-impact-2021-report,imazen-26-png-v3/png-v3/5200-epa-climate-impact-2021-report/5204_epa_climate-impact-2021_key-findings-income-education-age_p007_2968x3841.sdr.png,iq_asharp,6,32,5281,81.6465,
5200-epa-climate-impact-2021-report,imazen-26-png-v3/png-v3/5200-epa-climate-impact-2021-report/5204_epa_climate-impact-2021_key-findings-income-education-age_p007_2968x3841.sdr.png,iq_asharp,6,44,3290,69.6078,
5200-epa-climate-impact-2021-report,imazen-26-png-v3/png-v3/5200-epa-climate-impact-2021-report/5204_epa_climate-impact-2021_key-findings-income-education-age_p007_2968x3841.sdr.png,iq_asharp,10,20,9578,86.6133,
5200-epa-climate-impact-2021-report,imazen-26-png-v3/png-v3/5200-epa-climate-impact-2021-report/5204_epa_climate-impact-2021_key-findings-income-education-age_p007_2968x3841.sdr.png,iq_asharp,10,32,6719,80.7618,
5200-epa-climate-impact-2021-report,imazen-26-png-v3/png-v3/5200-epa-climate-impact-2021-report/5204_epa_climate-impact-2021_key-findings-income-education-age_p007_2968x3841.sdr.png,iq_asharp,10,44,4199,69.3849,
5200-epa-climate-impact-2021-report,imazen-26-png-v3/png-v3/5200-epa-climate-impact-2021-report/5204_epa_climate-impact-2021_key-findings-income-education-age_p007_2968x3841.sdr.png,iq_both,6,20,7500,86.5959,
5200-epa-climate-impact-2021-report,imazen-26-png-v3/png-v3/5200-epa-climate-impact-2021-report/5204_epa_climate-impact-2021_key-findings-income-education-age_p007_2968x3841.sdr.png,iq_both,6,32,5284,81.7035,
5200-epa-climate-impact-2021-report,imazen-26-png-v3/png-v3/5200-epa-climate-impact-2021-report/5204_epa_climate-impact-2021_key-findings-income-education-age_p007_2968x3841.sdr.png,iq_both,6,44,3290,69.6678,
5200-epa-climate-impact-2021-report,imazen-26-png-v3/png-v3/5200-epa-climate-impact-2021-report/5204_epa_climate-impact-2021_key-findings-income-education-age_p007_2968x3841.sdr.png,iq_both,10,20,9578,86.6269,
5200-epa-climate-impact-2021-report,imazen-26-png-v3/png-v3/5200-epa-climate-impact-2021-report/5204_epa_climate-impact-2021_key-findings-income-education-age_p007_2968x3841.sdr.png,iq_both,10,32,6719,80.4019,
5200-epa-climate-impact-2021-report,imazen-26-png-v3/png-v3/5200-epa-climate-impact-2021-report/5204_epa_climate-impact-2021_key-findings-income-education-age_p007_2968x3841.sdr.png,iq_both,10,44,4199,68.9912,
5200-epa-climate-impact-2021-report,imazen-26-png-v3/png-v3/5200-epa-climate-impact-2021-report/5204_epa_climate-impact-2021_key-findings-income-education-age_p007_2968x3841.sdr.png,adef,6,20,5621,80.9030,
5200-epa-climate-impact-2021-report,imazen-26-png-v3/png-v3/5200-epa-climate-impact-2021-report/5204_epa_climate-impact-2021_key-findings-income-education-age_p007_2968x3841.sdr.png,adef,6,32,3718,69.4599,
5200-epa-climate-impact-2021-report,imazen-26-png-v3/png-v3/5200-epa-climate-impact-2021-report/5204_epa_climate-impact-2021_key-findings-income-education-age_p007_2968x3841.sdr.png,adef,6,44,2712,52.2893,
5200-epa-climate-impact-2021-report,imazen-26-png-v3/png-v3/5200-epa-climate-impact-2021-report/5204_epa_climate-impact-2021_key-findings-income-education-age_p007_2968x3841.sdr.png,adef,10,20,11045,79.8755,
5200-epa-climate-impact-2021-report,imazen-26-png-v3/png-v3/5200-epa-climate-impact-2021-report/5204_epa_climate-impact-2021_key-findings-income-education-age_p007_2968x3841.sdr.png,adef,10,32,6619,68.1356,
5200-epa-climate-impact-2021-report,imazen-26-png-v3/png-v3/5200-epa-climate-impact-2021-report/5204_epa_climate-impact-2021_key-findings-income-education-age_p007_2968x3841.sdr.png,adef,10,44,3597,50.7217,
5200-epa-climate-impact-2021-report,imazen-26-png-v3/png-v3/5200-epa-climate-impact-2021-report/5204_epa_climate-impact-2021_key-findings-income-education-age_p007_2968x3841.sdr.png,asharp,6,20,5618,80.8207,
5200-epa-climate-impact-2021-report,imazen-26-png-v3/png-v3/5200-epa-climate-impact-2021-report/5204_epa_climate-impact-2021_key-findings-income-education-age_p007_2968x3841.sdr.png,asharp,6,32,3718,69.2944,
5200-epa-climate-impact-2021-report,imazen-26-png-v3/png-v3/5200-epa-climate-impact-2021-report/5204_epa_climate-impact-2021_key-findings-income-education-age_p007_2968x3841.sdr.png,asharp,6,44,2712,52.3258,
5200-epa-climate-impact-2021-report,imazen-26-png-v3/png-v3/5200-epa-climate-impact-2021-report/5204_epa_climate-impact-2021_key-findings-income-education-age_p007_2968x3841.sdr.png,asharp,10,20,11045,79.9315,
5200-epa-climate-impact-2021-report,imazen-26-png-v3/png-v3/5200-epa-climate-impact-2021-report/5204_epa_climate-impact-2021_key-findings-income-education-age_p007_2968x3841.sdr.png,asharp,10,32,6619,68.3229,
5200-epa-climate-impact-2021-report,imazen-26-png-v3/png-v3/5200-epa-climate-impact-2021-report/5204_epa_climate-impact-2021_key-findings-income-education-age_p007_2968x3841.sdr.png,asharp,10,44,3597,50.9516,
5300-noaa-hurricane-documents,imazen-26-png-v3/png-v3/5300-noaa-hurricane-documents/5300_noaa_nhc-verification-report-2024_page1_p01_2550x3300.sdr.png,iq_adef,6,20,20314,87.9158,
5300-noaa-hurricane-documents,imazen-26-png-v3/png-v3/5300-noaa-hurricane-documents/5300_noaa_nhc-verification-report-2024_page1_p01_2550x3300.sdr.png,iq_adef,6,32,15065,77.8152,
5300-noaa-hurricane-documents,imazen-26-png-v3/png-v3/5300-noaa-hurricane-documents/5300_noaa_nhc-verification-report-2024_page1_p01_2550x3300.sdr.png,iq_adef,6,44,10018,59.5712,
5300-noaa-hurricane-documents,imazen-26-png-v3/png-v3/5300-noaa-hurricane-documents/5300_noaa_nhc-verification-report-2024_page1_p01_2550x3300.sdr.png,iq_adef,10,20,20041,87.4723,
5300-noaa-hurricane-documents,imazen-26-png-v3/png-v3/5300-noaa-hurricane-documents/5300_noaa_nhc-verification-report-2024_page1_p01_2550x3300.sdr.png,iq_adef,10,32,15126,76.5626,
5300-noaa-hurricane-documents,imazen-26-png-v3/png-v3/5300-noaa-hurricane-documents/5300_noaa_nhc-verification-report-2024_page1_p01_2550x3300.sdr.png,iq_adef,10,44,9243,60.5446,
5300-noaa-hurricane-documents,imazen-26-png-v3/png-v3/5300-noaa-hurricane-documents/5300_noaa_nhc-verification-report-2024_page1_p01_2550x3300.sdr.png,iq_asharp,6,20,20314,88.0450,
5300-noaa-hurricane-documents,imazen-26-png-v3/png-v3/5300-noaa-hurricane-documents/5300_noaa_nhc-verification-report-2024_page1_p01_2550x3300.sdr.png,iq_asharp,6,32,15065,77.9899,
5300-noaa-hurricane-documents,imazen-26-png-v3/png-v3/5300-noaa-hurricane-documents/5300_noaa_nhc-verification-report-2024_page1_p01_2550x3300.sdr.png,iq_asharp,6,44,10018,59.8793,
5300-noaa-hurricane-documents,imazen-26-png-v3/png-v3/5300-noaa-hurricane-documents/5300_noaa_nhc-verification-report-2024_page1_p01_2550x3300.sdr.png,iq_asharp,10,20,20041,87.5128,
5300-noaa-hurricane-documents,imazen-26-png-v3/png-v3/5300-noaa-hurricane-documents/5300_noaa_nhc-verification-report-2024_page1_p01_2550x3300.sdr.png,iq_asharp,10,32,15126,76.9773,
5300-noaa-hurricane-documents,imazen-26-png-v3/png-v3/5300-noaa-hurricane-documents/5300_noaa_nhc-verification-report-2024_page1_p01_2550x3300.sdr.png,iq_asharp,10,44,9243,60.9019,
5300-noaa-hurricane-documents,imazen-26-png-v3/png-v3/5300-noaa-hurricane-documents/5300_noaa_nhc-verification-report-2024_page1_p01_2550x3300.sdr.png,iq_both,6,20,20314,87.9158,
5300-noaa-hurricane-documents,imazen-26-png-v3/png-v3/5300-noaa-hurricane-documents/5300_noaa_nhc-verification-report-2024_page1_p01_2550x3300.sdr.png,iq_both,6,32,15065,77.8152,
5300-noaa-hurricane-documents,imazen-26-png-v3/png-v3/5300-noaa-hurricane-documents/5300_noaa_nhc-verification-report-2024_page1_p01_2550x3300.sdr.png,iq_both,6,44,10018,59.5712,
5300-noaa-hurricane-documents,imazen-26-png-v3/png-v3/5300-noaa-hurricane-documents/5300_noaa_nhc-verification-report-2024_page1_p01_2550x3300.sdr.png,iq_both,10,20,20041,87.4723,
5300-noaa-hurricane-documents,imazen-26-png-v3/png-v3/5300-noaa-hurricane-documents/5300_noaa_nhc-verification-report-2024_page1_p01_2550x3300.sdr.png,iq_both,10,32,15126,76.5626,
5300-noaa-hurricane-documents,imazen-26-png-v3/png-v3/5300-noaa-hurricane-documents/5300_noaa_nhc-verification-report-2024_page1_p01_2550x3300.sdr.png,iq_both,10,44,9243,60.5446,
5300-noaa-hurricane-documents,imazen-26-png-v3/png-v3/5300-noaa-hurricane-documents/5300_noaa_nhc-verification-report-2024_page1_p01_2550x3300.sdr.png,adef,6,20,19437,85.7576,
5300-noaa-hurricane-documents,imazen-26-png-v3/png-v3/5300-noaa-hurricane-documents/5300_noaa_nhc-verification-report-2024_page1_p01_2550x3300.sdr.png,adef,6,32,14377,72.7386,
5300-noaa-hurricane-documents,imazen-26-png-v3/png-v3/5300-noaa-hurricane-documents/5300_noaa_nhc-verification-report-2024_page1_p01_2550x3300.sdr.png,adef,6,44,9405,52.8091,
5300-noaa-hurricane-documents,imazen-26-png-v3/png-v3/5300-noaa-hurricane-documents/5300_noaa_nhc-verification-report-2024_page1_p01_2550x3300.sdr.png,adef,10,20,33568,78.7166,
5300-noaa-hurricane-documents,imazen-26-png-v3/png-v3/5300-noaa-hurricane-documents/5300_noaa_nhc-verification-report-2024_page1_p01_2550x3300.sdr.png,adef,10,32,21800,65.6627,
5300-noaa-hurricane-documents,imazen-26-png-v3/png-v3/5300-noaa-hurricane-documents/5300_noaa_nhc-verification-report-2024_page1_p01_2550x3300.sdr.png,adef,10,44,11560,45.7592,
5300-noaa-hurricane-documents,imazen-26-png-v3/png-v3/5300-noaa-hurricane-documents/5300_noaa_nhc-verification-report-2024_page1_p01_2550x3300.sdr.png,asharp,6,20,19442,85.8562,
5300-noaa-hurricane-documents,imazen-26-png-v3/png-v3/5300-noaa-hurricane-documents/5300_noaa_nhc-verification-report-2024_page1_p01_2550x3300.sdr.png,asharp,6,32,14377,72.7750,
5300-noaa-hurricane-documents,imazen-26-png-v3/png-v3/5300-noaa-hurricane-documents/5300_noaa_nhc-verification-report-2024_page1_p01_2550x3300.sdr.png,asharp,6,44,9405,53.0940,
5300-noaa-hurricane-documents,imazen-26-png-v3/png-v3/5300-noaa-hurricane-documents/5300_noaa_nhc-verification-report-2024_page1_p01_2550x3300.sdr.png,asharp,10,20,33568,78.7533,
5300-noaa-hurricane-documents,imazen-26-png-v3/png-v3/5300-noaa-hurricane-documents/5300_noaa_nhc-verification-report-2024_page1_p01_2550x3300.sdr.png,asharp,10,32,21800,65.7971,
5300-noaa-hurricane-documents,imazen-26-png-v3/png-v3/5300-noaa-hurricane-documents/5300_noaa_nhc-verification-report-2024_page1_p01_2550x3300.sdr.png,asharp,10,44,11560,45.9975,
5300-noaa-hurricane-documents,imazen-26-png-v3/png-v3/5300-noaa-hurricane-documents/5312_noaa_nhc-al042024-debby_p19_2550x3300.sdr.png,iq_adef,6,20,10145,88.4248,
5300-noaa-hurricane-documents,imazen-26-png-v3/png-v3/5300-noaa-hurricane-documents/5312_noaa_nhc-al042024-debby_p19_2550x3300.sdr.png,iq_adef,6,32,7616,84.4355,
5300-noaa-hurricane-documents,imazen-26-png-v3/png-v3/5300-noaa-hurricane-documents/5312_noaa_nhc-al042024-debby_p19_2550x3300.sdr.png,iq_adef,6,44,6011,78.5138,
5300-noaa-hurricane-documents,imazen-26-png-v3/png-v3/5300-noaa-hurricane-documents/5312_noaa_nhc-al042024-debby_p19_2550x3300.sdr.png,iq_adef,10,20,14020,88.5042,
5300-noaa-hurricane-documents,imazen-26-png-v3/png-v3/5300-noaa-hurricane-documents/5312_noaa_nhc-al042024-debby_p19_2550x3300.sdr.png,iq_adef,10,32,11273,80.5954,
5300-noaa-hurricane-documents,imazen-26-png-v3/png-v3/5300-noaa-hurricane-documents/5312_noaa_nhc-al042024-debby_p19_2550x3300.sdr.png,iq_adef,10,44,7857,72.0124,
5300-noaa-hurricane-documents,imazen-26-png-v3/png-v3/5300-noaa-hurricane-documents/5312_noaa_nhc-al042024-debby_p19_2550x3300.sdr.png,iq_asharp,6,20,10145,88.8731,
5300-noaa-hurricane-documents,imazen-26-png-v3/png-v3/5300-noaa-hurricane-documents/5312_noaa_nhc-al042024-debby_p19_2550x3300.sdr.png,iq_asharp,6,32,7616,84.8579,
5300-noaa-hurricane-documents,imazen-26-png-v3/png-v3/5300-noaa-hurricane-documents/5312_noaa_nhc-al042024-debby_p19_2550x3300.sdr.png,iq_asharp,6,44,6011,78.6171,
5300-noaa-hurricane-documents,imazen-26-png-v3/png-v3/5300-noaa-hurricane-documents/5312_noaa_nhc-al042024-debby_p19_2550x3300.sdr.png,iq_asharp,10,20,14020,88.6008,
5300-noaa-hurricane-documents,imazen-26-png-v3/png-v3/5300-noaa-hurricane-documents/5312_noaa_nhc-al042024-debby_p19_2550x3300.sdr.png,iq_asharp,10,32,11273,80.9550,
5300-noaa-hurricane-documents,imazen-26-png-v3/png-v3/5300-noaa-hurricane-documents/5312_noaa_nhc-al042024-debby_p19_2550x3300.sdr.png,iq_asharp,10,44,7857,72.8140,
5300-noaa-hurricane-documents,imazen-26-png-v3/png-v3/5300-noaa-hurricane-documents/5312_noaa_nhc-al042024-debby_p19_2550x3300.sdr.png,iq_both,6,20,10145,88.4248,
5300-noaa-hurricane-documents,imazen-26-png-v3/png-v3/5300-noaa-hurricane-documents/5312_noaa_nhc-al042024-debby_p19_2550x3300.sdr.png,iq_both,6,32,7616,84.4355,
5300-noaa-hurricane-documents,imazen-26-png-v3/png-v3/5300-noaa-hurricane-documents/5312_noaa_nhc-al042024-debby_p19_2550x3300.sdr.png,iq_both,6,44,6011,78.5138,
5300-noaa-hurricane-documents,imazen-26-png-v3/png-v3/5300-noaa-hurricane-documents/5312_noaa_nhc-al042024-debby_p19_2550x3300.sdr.png,iq_both,10,20,14020,88.5042,
5300-noaa-hurricane-documents,imazen-26-png-v3/png-v3/5300-noaa-hurricane-documents/5312_noaa_nhc-al042024-debby_p19_2550x3300.sdr.png,iq_both,10,32,11273,80.5954,
5300-noaa-hurricane-documents,imazen-26-png-v3/png-v3/5300-noaa-hurricane-documents/5312_noaa_nhc-al042024-debby_p19_2550x3300.sdr.png,iq_both,10,44,7857,72.0124,
5300-noaa-hurricane-documents,imazen-26-png-v3/png-v3/5300-noaa-hurricane-documents/5312_noaa_nhc-al042024-debby_p19_2550x3300.sdr.png,adef,6,20,8555,87.3891,
5300-noaa-hurricane-documents,imazen-26-png-v3/png-v3/5300-noaa-hurricane-documents/5312_noaa_nhc-al042024-debby_p19_2550x3300.sdr.png,adef,6,32,6929,83.9971,
5300-noaa-hurricane-documents,imazen-26-png-v3/png-v3/5300-noaa-hurricane-documents/5312_noaa_nhc-al042024-debby_p19_2550x3300.sdr.png,adef,6,44,5550,73.8166,
5300-noaa-hurricane-documents,imazen-26-png-v3/png-v3/5300-noaa-hurricane-documents/5312_noaa_nhc-al042024-debby_p19_2550x3300.sdr.png,adef,10,20,22134,81.1742,
5300-noaa-hurricane-documents,imazen-26-png-v3/png-v3/5300-noaa-hurricane-documents/5312_noaa_nhc-al042024-debby_p19_2550x3300.sdr.png,adef,10,32,15104,74.6737,
5300-noaa-hurricane-documents,imazen-26-png-v3/png-v3/5300-noaa-hurricane-documents/5312_noaa_nhc-al042024-debby_p19_2550x3300.sdr.png,adef,10,44,8463,56.0870,
5300-noaa-hurricane-documents,imazen-26-png-v3/png-v3/5300-noaa-hurricane-documents/5312_noaa_nhc-al042024-debby_p19_2550x3300.sdr.png,asharp,6,20,8555,87.5168,
5300-noaa-hurricane-documents,imazen-26-png-v3/png-v3/5300-noaa-hurricane-documents/5312_noaa_nhc-al042024-debby_p19_2550x3300.sdr.png,asharp,6,32,6929,84.0208,
5300-noaa-hurricane-documents,imazen-26-png-v3/png-v3/5300-noaa-hurricane-documents/5312_noaa_nhc-al042024-debby_p19_2550x3300.sdr.png,asharp,6,44,5550,73.8560,
5300-noaa-hurricane-documents,imazen-26-png-v3/png-v3/5300-noaa-hurricane-documents/5312_noaa_nhc-al042024-debby_p19_2550x3300.sdr.png,asharp,10,20,22134,81.3243,
5300-noaa-hurricane-documents,imazen-26-png-v3/png-v3/5300-noaa-hurricane-documents/5312_noaa_nhc-al042024-debby_p19_2550x3300.sdr.png,asharp,10,32,15104,74.7943,
5300-noaa-hurricane-documents,imazen-26-png-v3/png-v3/5300-noaa-hurricane-documents/5312_noaa_nhc-al042024-debby_p19_2550x3300.sdr.png,asharp,10,44,8463,56.7650,
6000-lilith-scans-public-patents,imazen-26-png-v3/png-v3/6000-lilith-scans-public-patents/lynn_conway_us5046022_printrescangray300/6069_scans-patents_lynn-conway-us5046022-rescan-gray_p011_2479x3230.sdr.png,iq_adef,6,20,38753,87.7632,
6000-lilith-scans-public-patents,imazen-26-png-v3/png-v3/6000-lilith-scans-public-patents/lynn_conway_us5046022_printrescangray300/6069_scans-patents_lynn-conway-us5046022-rescan-gray_p011_2479x3230.sdr.png,iq_adef,6,32,25277,83.6722,
6000-lilith-scans-public-patents,imazen-26-png-v3/png-v3/6000-lilith-scans-public-patents/lynn_conway_us5046022_printrescangray300/6069_scans-patents_lynn-conway-us5046022-rescan-gray_p011_2479x3230.sdr.png,iq_adef,6,44,14419,70.9811,
6000-lilith-scans-public-patents,imazen-26-png-v3/png-v3/6000-lilith-scans-public-patents/lynn_conway_us5046022_printrescangray300/6069_scans-patents_lynn-conway-us5046022-rescan-gray_p011_2479x3230.sdr.png,iq_adef,10,20,42097,87.4299,
6000-lilith-scans-public-patents,imazen-26-png-v3/png-v3/6000-lilith-scans-public-patents/lynn_conway_us5046022_printrescangray300/6069_scans-patents_lynn-conway-us5046022-rescan-gray_p011_2479x3230.sdr.png,iq_adef,10,32,26980,81.2988,
6000-lilith-scans-public-patents,imazen-26-png-v3/png-v3/6000-lilith-scans-public-patents/lynn_conway_us5046022_printrescangray300/6069_scans-patents_lynn-conway-us5046022-rescan-gray_p011_2479x3230.sdr.png,iq_adef,10,44,15172,68.5749,
6000-lilith-scans-public-patents,imazen-26-png-v3/png-v3/6000-lilith-scans-public-patents/lynn_conway_us5046022_printrescangray300/6069_scans-patents_lynn-conway-us5046022-rescan-gray_p011_2479x3230.sdr.png,iq_asharp,6,20,38753,88.0070,
6000-lilith-scans-public-patents,imazen-26-png-v3/png-v3/6000-lilith-scans-public-patents/lynn_conway_us5046022_printrescangray300/6069_scans-patents_lynn-conway-us5046022-rescan-gray_p011_2479x3230.sdr.png,iq_asharp,6,32,25277,83.9782,
6000-lilith-scans-public-patents,imazen-26-png-v3/png-v3/6000-lilith-scans-public-patents/lynn_conway_us5046022_printrescangray300/6069_scans-patents_lynn-conway-us5046022-rescan-gray_p011_2479x3230.sdr.png,iq_asharp,6,44,14419,71.4583,
6000-lilith-scans-public-patents,imazen-26-png-v3/png-v3/6000-lilith-scans-public-patents/lynn_conway_us5046022_printrescangray300/6069_scans-patents_lynn-conway-us5046022-rescan-gray_p011_2479x3230.sdr.png,iq_asharp,10,20,42097,87.4299,
6000-lilith-scans-public-patents,imazen-26-png-v3/png-v3/6000-lilith-scans-public-patents/lynn_conway_us5046022_printrescangray300/6069_scans-patents_lynn-conway-us5046022-rescan-gray_p011_2479x3230.sdr.png,iq_asharp,10,32,26980,81.2988,
6000-lilith-scans-public-patents,imazen-26-png-v3/png-v3/6000-lilith-scans-public-patents/lynn_conway_us5046022_printrescangray300/6069_scans-patents_lynn-conway-us5046022-rescan-gray_p011_2479x3230.sdr.png,iq_asharp,10,44,15172,68.5749,
6000-lilith-scans-public-patents,imazen-26-png-v3/png-v3/6000-lilith-scans-public-patents/lynn_conway_us5046022_printrescangray300/6069_scans-patents_lynn-conway-us5046022-rescan-gray_p011_2479x3230.sdr.png,iq_both,6,20,38753,87.7632,
6000-lilith-scans-public-patents,imazen-26-png-v3/png-v3/6000-lilith-scans-public-patents/lynn_conway_us5046022_printrescangray300/6069_scans-patents_lynn-conway-us5046022-rescan-gray_p011_2479x3230.sdr.png,iq_both,6,32,25277,83.6722,
6000-lilith-scans-public-patents,imazen-26-png-v3/png-v3/6000-lilith-scans-public-patents/lynn_conway_us5046022_printrescangray300/6069_scans-patents_lynn-conway-us5046022-rescan-gray_p011_2479x3230.sdr.png,iq_both,6,44,14419,70.9811,
6000-lilith-scans-public-patents,imazen-26-png-v3/png-v3/6000-lilith-scans-public-patents/lynn_conway_us5046022_printrescangray300/6069_scans-patents_lynn-conway-us5046022-rescan-gray_p011_2479x3230.sdr.png,iq_both,10,20,42097,87.4299,
6000-lilith-scans-public-patents,imazen-26-png-v3/png-v3/6000-lilith-scans-public-patents/lynn_conway_us5046022_printrescangray300/6069_scans-patents_lynn-conway-us5046022-rescan-gray_p011_2479x3230.sdr.png,iq_both,10,32,26980,81.2988,
6000-lilith-scans-public-patents,imazen-26-png-v3/png-v3/6000-lilith-scans-public-patents/lynn_conway_us5046022_printrescangray300/6069_scans-patents_lynn-conway-us5046022-rescan-gray_p011_2479x3230.sdr.png,iq_both,10,44,15172,68.5749,
6000-lilith-scans-public-patents,imazen-26-png-v3/png-v3/6000-lilith-scans-public-patents/lynn_conway_us5046022_printrescangray300/6069_scans-patents_lynn-conway-us5046022-rescan-gray_p011_2479x3230.sdr.png,adef,6,20,39932,88.1499,
6000-lilith-scans-public-patents,imazen-26-png-v3/png-v3/6000-lilith-scans-public-patents/lynn_conway_us5046022_printrescangray300/6069_scans-patents_lynn-conway-us5046022-rescan-gray_p011_2479x3230.sdr.png,adef,6,32,26573,84.3109,
6000-lilith-scans-public-patents,imazen-26-png-v3/png-v3/6000-lilith-scans-public-patents/lynn_conway_us5046022_printrescangray300/6069_scans-patents_lynn-conway-us5046022-rescan-gray_p011_2479x3230.sdr.png,adef,6,44,14544,71.6788,
6000-lilith-scans-public-patents,imazen-26-png-v3/png-v3/6000-lilith-scans-public-patents/lynn_conway_us5046022_printrescangray300/6069_scans-patents_lynn-conway-us5046022-rescan-gray_p011_2479x3230.sdr.png,adef,10,20,45625,86.4624,
6000-lilith-scans-public-patents,imazen-26-png-v3/png-v3/6000-lilith-scans-public-patents/lynn_conway_us5046022_printrescangray300/6069_scans-patents_lynn-conway-us5046022-rescan-gray_p011_2479x3230.sdr.png,adef,10,32,29349,80.9396,
6000-lilith-scans-public-patents,imazen-26-png-v3/png-v3/6000-lilith-scans-public-patents/lynn_conway_us5046022_printrescangray300/6069_scans-patents_lynn-conway-us5046022-rescan-gray_p011_2479x3230.sdr.png,adef,10,44,15237,66.7507,
6000-lilith-scans-public-patents,imazen-26-png-v3/png-v3/6000-lilith-scans-public-patents/lynn_conway_us5046022_printrescangray300/6069_scans-patents_lynn-conway-us5046022-rescan-gray_p011_2479x3230.sdr.png,asharp,6,20,39932,88.2886,
6000-lilith-scans-public-patents,imazen-26-png-v3/png-v3/6000-lilith-scans-public-patents/lynn_conway_us5046022_printrescangray300/6069_scans-patents_lynn-conway-us5046022-rescan-gray_p011_2479x3230.sdr.png,asharp,6,32,26573,84.5595,
6000-lilith-scans-public-patents,imazen-26-png-v3/png-v3/6000-lilith-scans-public-patents/lynn_conway_us5046022_printrescangray300/6069_scans-patents_lynn-conway-us5046022-rescan-gray_p011_2479x3230.sdr.png,asharp,6,44,14544,72.2120,
6000-lilith-scans-public-patents,imazen-26-png-v3/png-v3/6000-lilith-scans-public-patents/lynn_conway_us5046022_printrescangray300/6069_scans-patents_lynn-conway-us5046022-rescan-gray_p011_2479x3230.sdr.png,asharp,10,20,45625,86.5542,
6000-lilith-scans-public-patents,imazen-26-png-v3/png-v3/6000-lilith-scans-public-patents/lynn_conway_us5046022_printrescangray300/6069_scans-patents_lynn-conway-us5046022-rescan-gray_p011_2479x3230.sdr.png,asharp,10,32,29349,80.9396,
6000-lilith-scans-public-patents,imazen-26-png-v3/png-v3/6000-lilith-scans-public-patents/lynn_conway_us5046022_printrescangray300/6069_scans-patents_lynn-conway-us5046022-rescan-gray_p011_2479x3230.sdr.png,asharp,10,44,15237,66.7507,
6000-lilith-scans-public-patents,imazen-26-png-v3/png-v3/6000-lilith-scans-public-patents/martha_jones_us77494_printrescancolor300/6093_scans-patents_martha-jones-us77494-rescan-color_p002_2479x3230.sdr.png,iq_adef,6,20,39673,84.2880,
6000-lilith-scans-public-patents,imazen-26-png-v3/png-v3/6000-lilith-scans-public-patents/martha_jones_us77494_printrescancolor300/6093_scans-patents_martha-jones-us77494-rescan-color_p002_2479x3230.sdr.png,iq_adef,6,32,25881,79.3143,
6000-lilith-scans-public-patents,imazen-26-png-v3/png-v3/6000-lilith-scans-public-patents/martha_jones_us77494_printrescancolor300/6093_scans-patents_martha-jones-us77494-rescan-color_p002_2479x3230.sdr.png,iq_adef,6,44,15132,70.3402,
6000-lilith-scans-public-patents,imazen-26-png-v3/png-v3/6000-lilith-scans-public-patents/martha_jones_us77494_printrescancolor300/6093_scans-patents_martha-jones-us77494-rescan-color_p002_2479x3230.sdr.png,iq_adef,10,20,44386,83.7681,
6000-lilith-scans-public-patents,imazen-26-png-v3/png-v3/6000-lilith-scans-public-patents/martha_jones_us77494_printrescancolor300/6093_scans-patents_martha-jones-us77494-rescan-color_p002_2479x3230.sdr.png,iq_adef,10,32,27752,76.8269,
6000-lilith-scans-public-patents,imazen-26-png-v3/png-v3/6000-lilith-scans-public-patents/martha_jones_us77494_printrescancolor300/6093_scans-patents_martha-jones-us77494-rescan-color_p002_2479x3230.sdr.png,iq_adef,10,44,15673,65.4909,
6000-lilith-scans-public-patents,imazen-26-png-v3/png-v3/6000-lilith-scans-public-patents/martha_jones_us77494_printrescancolor300/6093_scans-patents_martha-jones-us77494-rescan-color_p002_2479x3230.sdr.png,iq_asharp,6,20,39668,84.5146,
6000-lilith-scans-public-patents,imazen-26-png-v3/png-v3/6000-lilith-scans-public-patents/martha_jones_us77494_printrescancolor300/6093_scans-patents_martha-jones-us77494-rescan-color_p002_2479x3230.sdr.png,iq_asharp,6,32,25881,79.4687,
6000-lilith-scans-public-patents,imazen-26-png-v3/png-v3/6000-lilith-scans-public-patents/martha_jones_us77494_printrescancolor300/6093_scans-patents_martha-jones-us77494-rescan-color_p002_2479x3230.sdr.png,iq_asharp,6,44,15132,71.0908,
6000-lilith-scans-public-patents,imazen-26-png-v3/png-v3/6000-lilith-scans-public-patents/martha_jones_us77494_printrescancolor300/6093_scans-patents_martha-jones-us77494-rescan-color_p002_2479x3230.sdr.png,iq_asharp,10,20,44386,83.7818,
6000-lilith-scans-public-patents,imazen-26-png-v3/png-v3/6000-lilith-scans-public-patents/martha_jones_us77494_printrescancolor300/6093_scans-patents_martha-jones-us77494-rescan-color_p002_2479x3230.sdr.png,iq_asharp,10,32,27752,77.3250,
6000-lilith-scans-public-patents,imazen-26-png-v3/png-v3/6000-lilith-scans-public-patents/martha_jones_us77494_printrescancolor300/6093_scans-patents_martha-jones-us77494-rescan-color_p002_2479x3230.sdr.png,iq_asharp,10,44,15673,65.5505,
6000-lilith-scans-public-patents,imazen-26-png-v3/png-v3/6000-lilith-scans-public-patents/martha_jones_us77494_printrescancolor300/6093_scans-patents_martha-jones-us77494-rescan-color_p002_2479x3230.sdr.png,iq_both,6,20,39673,84.2880,
6000-lilith-scans-public-patents,imazen-26-png-v3/png-v3/6000-lilith-scans-public-patents/martha_jones_us77494_printrescancolor300/6093_scans-patents_martha-jones-us77494-rescan-color_p002_2479x3230.sdr.png,iq_both,6,32,25881,79.3143,
6000-lilith-scans-public-patents,imazen-26-png-v3/png-v3/6000-lilith-scans-public-patents/martha_jones_us77494_printrescancolor300/6093_scans-patents_martha-jones-us77494-rescan-color_p002_2479x3230.sdr.png,iq_both,6,44,15132,70.3402,
6000-lilith-scans-public-patents,imazen-26-png-v3/png-v3/6000-lilith-scans-public-patents/martha_jones_us77494_printrescancolor300/6093_scans-patents_martha-jones-us77494-rescan-color_p002_2479x3230.sdr.png,iq_both,10,20,44386,83.7681,
6000-lilith-scans-public-patents,imazen-26-png-v3/png-v3/6000-lilith-scans-public-patents/martha_jones_us77494_printrescancolor300/6093_scans-patents_martha-jones-us77494-rescan-color_p002_2479x3230.sdr.png,iq_both,10,32,27752,76.8269,
6000-lilith-scans-public-patents,imazen-26-png-v3/png-v3/6000-lilith-scans-public-patents/martha_jones_us77494_printrescancolor300/6093_scans-patents_martha-jones-us77494-rescan-color_p002_2479x3230.sdr.png,iq_both,10,44,15673,65.4909,
6000-lilith-scans-public-patents,imazen-26-png-v3/png-v3/6000-lilith-scans-public-patents/martha_jones_us77494_printrescancolor300/6093_scans-patents_martha-jones-us77494-rescan-color_p002_2479x3230.sdr.png,adef,6,20,38747,82.7708,
6000-lilith-scans-public-patents,imazen-26-png-v3/png-v3/6000-lilith-scans-public-patents/martha_jones_us77494_printrescancolor300/6093_scans-patents_martha-jones-us77494-rescan-color_p002_2479x3230.sdr.png,adef,6,32,26103,80.3575,
6000-lilith-scans-public-patents,imazen-26-png-v3/png-v3/6000-lilith-scans-public-patents/martha_jones_us77494_printrescancolor300/6093_scans-patents_martha-jones-us77494-rescan-color_p002_2479x3230.sdr.png,adef,6,44,15443,72.5078,
6000-lilith-scans-public-patents,imazen-26-png-v3/png-v3/6000-lilith-scans-public-patents/martha_jones_us77494_printrescancolor300/6093_scans-patents_martha-jones-us77494-rescan-color_p002_2479x3230.sdr.png,adef,10,20,47609,83.5733,
6000-lilith-scans-public-patents,imazen-26-png-v3/png-v3/6000-lilith-scans-public-patents/martha_jones_us77494_printrescancolor300/6093_scans-patents_martha-jones-us77494-rescan-color_p002_2479x3230.sdr.png,adef,10,32,30814,77.5138,
6000-lilith-scans-public-patents,imazen-26-png-v3/png-v3/6000-lilith-scans-public-patents/martha_jones_us77494_printrescancolor300/6093_scans-patents_martha-jones-us77494-rescan-color_p002_2479x3230.sdr.png,adef,10,44,16348,66.2713,
6000-lilith-scans-public-patents,imazen-26-png-v3/png-v3/6000-lilith-scans-public-patents/martha_jones_us77494_printrescancolor300/6093_scans-patents_martha-jones-us77494-rescan-color_p002_2479x3230.sdr.png,asharp,6,20,38747,82.8230,
6000-lilith-scans-public-patents,imazen-26-png-v3/png-v3/6000-lilith-scans-public-patents/martha_jones_us77494_printrescancolor300/6093_scans-patents_martha-jones-us77494-rescan-color_p002_2479x3230.sdr.png,asharp,6,32,26103,80.4411,
6000-lilith-scans-public-patents,imazen-26-png-v3/png-v3/6000-lilith-scans-public-patents/martha_jones_us77494_printrescancolor300/6093_scans-patents_martha-jones-us77494-rescan-color_p002_2479x3230.sdr.png,asharp,6,44,15443,73.2669,
6000-lilith-scans-public-patents,imazen-26-png-v3/png-v3/6000-lilith-scans-public-patents/martha_jones_us77494_printrescancolor300/6093_scans-patents_martha-jones-us77494-rescan-color_p002_2479x3230.sdr.png,asharp,10,20,47609,83.6680,
6000-lilith-scans-public-patents,imazen-26-png-v3/png-v3/6000-lilith-scans-public-patents/martha_jones_us77494_printrescancolor300/6093_scans-patents_martha-jones-us77494-rescan-color_p002_2479x3230.sdr.png,asharp,10,32,30814,77.6199,
6000-lilith-scans-public-patents,imazen-26-png-v3/png-v3/6000-lilith-scans-public-patents/martha_jones_us77494_printrescancolor300/6093_scans-patents_martha-jones-us77494-rescan-color_p002_2479x3230.sdr.png,asharp,10,44,16348,66.2713,
6600-ia-scans-manuscript-illustrations,imazen-26-png-v3/png-v3/6600-ia-scans-manuscript-illustrations/6609_scans-illustrations_hokusai-insects-creatures_plate0019_6234x4925.sdr.png,iq_adef,6,20,27836,80.2448,
6600-ia-scans-manuscript-illustrations,imazen-26-png-v3/png-v3/6600-ia-scans-manuscript-illustrations/6609_scans-illustrations_hokusai-insects-creatures_plate0019_6234x4925.sdr.png,iq_adef,6,32,17200,69.2537,
6600-ia-scans-manuscript-illustrations,imazen-26-png-v3/png-v3/6600-ia-scans-manuscript-illustrations/6609_scans-illustrations_hokusai-insects-creatures_plate0019_6234x4925.sdr.png,iq_adef,6,44,6597,39.2461,
6600-ia-scans-manuscript-illustrations,imazen-26-png-v3/png-v3/6600-ia-scans-manuscript-illustrations/6609_scans-illustrations_hokusai-insects-creatures_plate0019_6234x4925.sdr.png,iq_adef,10,20,29360,79.8523,
6600-ia-scans-manuscript-illustrations,imazen-26-png-v3/png-v3/6600-ia-scans-manuscript-illustrations/6609_scans-illustrations_hokusai-insects-creatures_plate0019_6234x4925.sdr.png,iq_adef,10,32,18022,69.2396,
6600-ia-scans-manuscript-illustrations,imazen-26-png-v3/png-v3/6600-ia-scans-manuscript-illustrations/6609_scans-illustrations_hokusai-insects-creatures_plate0019_6234x4925.sdr.png,iq_adef,10,44,6999,40.2996,
6600-ia-scans-manuscript-illustrations,imazen-26-png-v3/png-v3/6600-ia-scans-manuscript-illustrations/6609_scans-illustrations_hokusai-insects-creatures_plate0019_6234x4925.sdr.png,iq_asharp,6,20,27836,80.1559,
6600-ia-scans-manuscript-illustrations,imazen-26-png-v3/png-v3/6600-ia-scans-manuscript-illustrations/6609_scans-illustrations_hokusai-insects-creatures_plate0019_6234x4925.sdr.png,iq_asharp,6,32,17200,69.2746,
6600-ia-scans-manuscript-illustrations,imazen-26-png-v3/png-v3/6600-ia-scans-manuscript-illustrations/6609_scans-illustrations_hokusai-insects-creatures_plate0019_6234x4925.sdr.png,iq_asharp,6,44,6597,39.5180,
6600-ia-scans-manuscript-illustrations,imazen-26-png-v3/png-v3/6600-ia-scans-manuscript-illustrations/6609_scans-illustrations_hokusai-insects-creatures_plate0019_6234x4925.sdr.png,iq_asharp,10,20,29360,79.9298,
6600-ia-scans-manuscript-illustrations,imazen-26-png-v3/png-v3/6600-ia-scans-manuscript-illustrations/6609_scans-illustrations_hokusai-insects-creatures_plate0019_6234x4925.sdr.png,iq_asharp,10,32,18022,69.3036,
6600-ia-scans-manuscript-illustrations,imazen-26-png-v3/png-v3/6600-ia-scans-manuscript-illustrations/6609_scans-illustrations_hokusai-insects-creatures_plate0019_6234x4925.sdr.png,iq_asharp,10,44,6999,40.5376,
6600-ia-scans-manuscript-illustrations,imazen-26-png-v3/png-v3/6600-ia-scans-manuscript-illustrations/6609_scans-illustrations_hokusai-insects-creatures_plate0019_6234x4925.sdr.png,iq_both,6,20,27836,80.2448,
6600-ia-scans-manuscript-illustrations,imazen-26-png-v3/png-v3/6600-ia-scans-manuscript-illustrations/6609_scans-illustrations_hokusai-insects-creatures_plate0019_6234x4925.sdr.png,iq_both,6,32,17200,69.2537,
6600-ia-scans-manuscript-illustrations,imazen-26-png-v3/png-v3/6600-ia-scans-manuscript-illustrations/6609_scans-illustrations_hokusai-insects-creatures_plate0019_6234x4925.sdr.png,iq_both,6,44,6597,39.2461,
6600-ia-scans-manuscript-illustrations,imazen-26-png-v3/png-v3/6600-ia-scans-manuscript-illustrations/6609_scans-illustrations_hokusai-insects-creatures_plate0019_6234x4925.sdr.png,iq_both,10,20,29360,79.8523,
6600-ia-scans-manuscript-illustrations,imazen-26-png-v3/png-v3/6600-ia-scans-manuscript-illustrations/6609_scans-illustrations_hokusai-insects-creatures_plate0019_6234x4925.sdr.png,iq_both,10,32,18022,69.2396,
6600-ia-scans-manuscript-illustrations,imazen-26-png-v3/png-v3/6600-ia-scans-manuscript-illustrations/6609_scans-illustrations_hokusai-insects-creatures_plate0019_6234x4925.sdr.png,iq_both,10,44,6999,40.2996,
6600-ia-scans-manuscript-illustrations,imazen-26-png-v3/png-v3/6600-ia-scans-manuscript-illustrations/6609_scans-illustrations_hokusai-insects-creatures_plate0019_6234x4925.sdr.png,adef,6,20,17458,69.6274,
6600-ia-scans-manuscript-illustrations,imazen-26-png-v3/png-v3/6600-ia-scans-manuscript-illustrations/6609_scans-illustrations_hokusai-insects-creatures_plate0019_6234x4925.sdr.png,adef,6,32,6755,40.0102,
6600-ia-scans-manuscript-illustrations,imazen-26-png-v3/png-v3/6600-ia-scans-manuscript-illustrations/6609_scans-illustrations_hokusai-insects-creatures_plate0019_6234x4925.sdr.png,adef,6,44,1747,8.0452,
6600-ia-scans-manuscript-illustrations,imazen-26-png-v3/png-v3/6600-ia-scans-manuscript-illustrations/6609_scans-illustrations_hokusai-insects-creatures_plate0019_6234x4925.sdr.png,adef,10,20,17392,68.6525,
6600-ia-scans-manuscript-illustrations,imazen-26-png-v3/png-v3/6600-ia-scans-manuscript-illustrations/6609_scans-illustrations_hokusai-insects-creatures_plate0019_6234x4925.sdr.png,adef,10,32,6763,38.3986,
6600-ia-scans-manuscript-illustrations,imazen-26-png-v3/png-v3/6600-ia-scans-manuscript-illustrations/6609_scans-illustrations_hokusai-insects-creatures_plate0019_6234x4925.sdr.png,adef,10,44,1826,8.7486,
6600-ia-scans-manuscript-illustrations,imazen-26-png-v3/png-v3/6600-ia-scans-manuscript-illustrations/6609_scans-illustrations_hokusai-insects-creatures_plate0019_6234x4925.sdr.png,asharp,6,20,17458,69.5833,
6600-ia-scans-manuscript-illustrations,imazen-26-png-v3/png-v3/6600-ia-scans-manuscript-illustrations/6609_scans-illustrations_hokusai-insects-creatures_plate0019_6234x4925.sdr.png,asharp,6,32,6755,40.0204,
6600-ia-scans-manuscript-illustrations,imazen-26-png-v3/png-v3/6600-ia-scans-manuscript-illustrations/6609_scans-illustrations_hokusai-insects-creatures_plate0019_6234x4925.sdr.png,asharp,6,44,1747,7.9819,
6600-ia-scans-manuscript-illustrations,imazen-26-png-v3/png-v3/6600-ia-scans-manuscript-illustrations/6609_scans-illustrations_hokusai-insects-creatures_plate0019_6234x4925.sdr.png,asharp,10,20,17392,68.6571,
6600-ia-scans-manuscript-illustrations,imazen-26-png-v3/png-v3/6600-ia-scans-manuscript-illustrations/6609_scans-illustrations_hokusai-insects-creatures_plate0019_6234x4925.sdr.png,asharp,10,32,6763,38.4412,
6600-ia-scans-manuscript-illustrations,imazen-26-png-v3/png-v3/6600-ia-scans-manuscript-illustrations/6609_scans-illustrations_hokusai-insects-creatures_plate0019_6234x4925.sdr.png,asharp,10,44,1826,8.5658,
6600-ia-scans-manuscript-illustrations,imazen-26-png-v3/png-v3/6600-ia-scans-manuscript-illustrations/6619_scans-illustrations_redoute-rose-pale-pink_plate0057_2912x4368.sdr.png,iq_adef,6,20,24544,80.4366,
6600-ia-scans-manuscript-illustrations,imazen-26-png-v3/png-v3/6600-ia-scans-manuscript-illustrations/6619_scans-illustrations_redoute-rose-pale-pink_plate0057_2912x4368.sdr.png,iq_adef,6,32,15724,70.1978,
6600-ia-scans-manuscript-illustrations,imazen-26-png-v3/png-v3/6600-ia-scans-manuscript-illustrations/6619_scans-illustrations_redoute-rose-pale-pink_plate0057_2912x4368.sdr.png,iq_adef,6,44,6418,37.0190,
6600-ia-scans-manuscript-illustrations,imazen-26-png-v3/png-v3/6600-ia-scans-manuscript-illustrations/6619_scans-illustrations_redoute-rose-pale-pink_plate0057_2912x4368.sdr.png,iq_adef,10,20,24732,80.4086,
6600-ia-scans-manuscript-illustrations,imazen-26-png-v3/png-v3/6600-ia-scans-manuscript-illustrations/6619_scans-illustrations_redoute-rose-pale-pink_plate0057_2912x4368.sdr.png,iq_adef,10,32,16025,69.9503,
6600-ia-scans-manuscript-illustrations,imazen-26-png-v3/png-v3/6600-ia-scans-manuscript-illustrations/6619_scans-illustrations_redoute-rose-pale-pink_plate0057_2912x4368.sdr.png,iq_adef,10,44,6566,37.2456,
6600-ia-scans-manuscript-illustrations,imazen-26-png-v3/png-v3/6600-ia-scans-manuscript-illustrations/6619_scans-illustrations_redoute-rose-pale-pink_plate0057_2912x4368.sdr.png,iq_asharp,6,20,24541,80.6243,
6600-ia-scans-manuscript-illustrations,imazen-26-png-v3/png-v3/6600-ia-scans-manuscript-illustrations/6619_scans-illustrations_redoute-rose-pale-pink_plate0057_2912x4368.sdr.png,iq_asharp,6,32,15724,70.2865,
6600-ia-scans-manuscript-illustrations,imazen-26-png-v3/png-v3/6600-ia-scans-manuscript-illustrations/6619_scans-illustrations_redoute-rose-pale-pink_plate0057_2912x4368.sdr.png,iq_asharp,6,44,6418,37.1223,
6600-ia-scans-manuscript-illustrations,imazen-26-png-v3/png-v3/6600-ia-scans-manuscript-illustrations/6619_scans-illustrations_redoute-rose-pale-pink_plate0057_2912x4368.sdr.png,iq_asharp,10,20,24732,80.4014,
6600-ia-scans-manuscript-illustrations,imazen-26-png-v3/png-v3/6600-ia-scans-manuscript-illustrations/6619_scans-illustrations_redoute-rose-pale-pink_plate0057_2912x4368.sdr.png,iq_asharp,10,32,16025,70.0311,
6600-ia-scans-manuscript-illustrations,imazen-26-png-v3/png-v3/6600-ia-scans-manuscript-illustrations/6619_scans-illustrations_redoute-rose-pale-pink_plate0057_2912x4368.sdr.png,iq_asharp,10,44,6566,37.5228,
6600-ia-scans-manuscript-illustrations,imazen-26-png-v3/png-v3/6600-ia-scans-manuscript-illustrations/6619_scans-illustrations_redoute-rose-pale-pink_plate0057_2912x4368.sdr.png,iq_both,6,20,24544,80.4366,
6600-ia-scans-manuscript-illustrations,imazen-26-png-v3/png-v3/6600-ia-scans-manuscript-illustrations/6619_scans-illustrations_redoute-rose-pale-pink_plate0057_2912x4368.sdr.png,iq_both,6,32,15724,70.1978,
6600-ia-scans-manuscript-illustrations,imazen-26-png-v3/png-v3/6600-ia-scans-manuscript-illustrations/6619_scans-illustrations_redoute-rose-pale-pink_plate0057_2912x4368.sdr.png,iq_both,6,44,6418,37.0190,
6600-ia-scans-manuscript-illustrations,imazen-26-png-v3/png-v3/6600-ia-scans-manuscript-illustrations/6619_scans-illustrations_redoute-rose-pale-pink_plate0057_2912x4368.sdr.png,iq_both,10,20,24732,80.4086,
6600-ia-scans-manuscript-illustrations,imazen-26-png-v3/png-v3/6600-ia-scans-manuscript-illustrations/6619_scans-illustrations_redoute-rose-pale-pink_plate0057_2912x4368.sdr.png,iq_both,10,32,16025,69.9503,
6600-ia-scans-manuscript-illustrations,imazen-26-png-v3/png-v3/6600-ia-scans-manuscript-illustrations/6619_scans-illustrations_redoute-rose-pale-pink_plate0057_2912x4368.sdr.png,iq_both,10,44,6566,37.2456,
6600-ia-scans-manuscript-illustrations,imazen-26-png-v3/png-v3/6600-ia-scans-manuscript-illustrations/6619_scans-illustrations_redoute-rose-pale-pink_plate0057_2912x4368.sdr.png,adef,6,20,14935,70.4265,
6600-ia-scans-manuscript-illustrations,imazen-26-png-v3/png-v3/6600-ia-scans-manuscript-illustrations/6619_scans-illustrations_redoute-rose-pale-pink_plate0057_2912x4368.sdr.png,adef,6,32,6271,40.2443,
6600-ia-scans-manuscript-illustrations,imazen-26-png-v3/png-v3/6600-ia-scans-manuscript-illustrations/6619_scans-illustrations_redoute-rose-pale-pink_plate0057_2912x4368.sdr.png,adef,6,44,1265,13.2744,
6600-ia-scans-manuscript-illustrations,imazen-26-png-v3/png-v3/6600-ia-scans-manuscript-illustrations/6619_scans-illustrations_redoute-rose-pale-pink_plate0057_2912x4368.sdr.png,adef,10,20,14673,69.7903,
6600-ia-scans-manuscript-illustrations,imazen-26-png-v3/png-v3/6600-ia-scans-manuscript-illustrations/6619_scans-illustrations_redoute-rose-pale-pink_plate0057_2912x4368.sdr.png,adef,10,32,5957,37.8011,
6600-ia-scans-manuscript-illustrations,imazen-26-png-v3/png-v3/6600-ia-scans-manuscript-illustrations/6619_scans-illustrations_redoute-rose-pale-pink_plate0057_2912x4368.sdr.png,adef,10,44,1179,15.3187,
6600-ia-scans-manuscript-illustrations,imazen-26-png-v3/png-v3/6600-ia-scans-manuscript-illustrations/6619_scans-illustrations_redoute-rose-pale-pink_plate0057_2912x4368.sdr.png,asharp,6,20,14935,70.4496,
6600-ia-scans-manuscript-illustrations,imazen-26-png-v3/png-v3/6600-ia-scans-manuscript-illustrations/6619_scans-illustrations_redoute-rose-pale-pink_plate0057_2912x4368.sdr.png,asharp,6,32,6271,40.2428,
6600-ia-scans-manuscript-illustrations,imazen-26-png-v3/png-v3/6600-ia-scans-manuscript-illustrations/6619_scans-illustrations_redoute-rose-pale-pink_plate0057_2912x4368.sdr.png,asharp,6,44,1265,13.3710,
6600-ia-scans-manuscript-illustrations,imazen-26-png-v3/png-v3/6600-ia-scans-manuscript-illustrations/6619_scans-illustrations_redoute-rose-pale-pink_plate0057_2912x4368.sdr.png,asharp,10,20,14673,69.8268,
6600-ia-scans-manuscript-illustrations,imazen-26-png-v3/png-v3/6600-ia-scans-manuscript-illustrations/6619_scans-illustrations_redoute-rose-pale-pink_plate0057_2912x4368.sdr.png,asharp,10,32,5957,37.8389,
6600-ia-scans-manuscript-illustrations,imazen-26-png-v3/png-v3/6600-ia-scans-manuscript-illustrations/6619_scans-illustrations_redoute-rose-pale-pink_plate0057_2912x4368.sdr.png,asharp,10,44,1179,15.2110,
6800-ia-scans-manuscript-text,imazen-26-png-v3/png-v3/6800-ia-scans-manuscript-text/6825_scans-text_redoute-fr-description_p0060_2415x3528.sdr.png,iq_adef,6,20,17403,79.2350,
6800-ia-scans-manuscript-text,imazen-26-png-v3/png-v3/6800-ia-scans-manuscript-text/6825_scans-text_redoute-fr-description_p0060_2415x3528.sdr.png,iq_adef,6,32,9575,68.9940,
6800-ia-scans-manuscript-text,imazen-26-png-v3/png-v3/6800-ia-scans-manuscript-text/6825_scans-text_redoute-fr-description_p0060_2415x3528.sdr.png,iq_adef,6,44,2582,46.8160,
6800-ia-scans-manuscript-text,imazen-26-png-v3/png-v3/6800-ia-scans-manuscript-text/6825_scans-text_redoute-fr-description_p0060_2415x3528.sdr.png,iq_adef,10,20,18418,79.0203,
6800-ia-scans-manuscript-text,imazen-26-png-v3/png-v3/6800-ia-scans-manuscript-text/6825_scans-text_redoute-fr-description_p0060_2415x3528.sdr.png,iq_adef,10,32,10214,68.8901,
6800-ia-scans-manuscript-text,imazen-26-png-v3/png-v3/6800-ia-scans-manuscript-text/6825_scans-text_redoute-fr-description_p0060_2415x3528.sdr.png,iq_adef,10,44,2765,47.3395,
6800-ia-scans-manuscript-text,imazen-26-png-v3/png-v3/6800-ia-scans-manuscript-text/6825_scans-text_redoute-fr-description_p0060_2415x3528.sdr.png,iq_asharp,6,20,17401,79.0980,
6800-ia-scans-manuscript-text,imazen-26-png-v3/png-v3/6800-ia-scans-manuscript-text/6825_scans-text_redoute-fr-description_p0060_2415x3528.sdr.png,iq_asharp,6,32,9576,69.0070,
6800-ia-scans-manuscript-text,imazen-26-png-v3/png-v3/6800-ia-scans-manuscript-text/6825_scans-text_redoute-fr-description_p0060_2415x3528.sdr.png,iq_asharp,6,44,2579,47.0527,
6800-ia-scans-manuscript-text,imazen-26-png-v3/png-v3/6800-ia-scans-manuscript-text/6825_scans-text_redoute-fr-description_p0060_2415x3528.sdr.png,iq_asharp,10,20,18418,79.1125,
6800-ia-scans-manuscript-text,imazen-26-png-v3/png-v3/6800-ia-scans-manuscript-text/6825_scans-text_redoute-fr-description_p0060_2415x3528.sdr.png,iq_asharp,10,32,10214,68.9197,
6800-ia-scans-manuscript-text,imazen-26-png-v3/png-v3/6800-ia-scans-manuscript-text/6825_scans-text_redoute-fr-description_p0060_2415x3528.sdr.png,iq_asharp,10,44,2765,47.4759,
6800-ia-scans-manuscript-text,imazen-26-png-v3/png-v3/6800-ia-scans-manuscript-text/6825_scans-text_redoute-fr-description_p0060_2415x3528.sdr.png,iq_both,6,20,17403,79.2350,
6800-ia-scans-manuscript-text,imazen-26-png-v3/png-v3/6800-ia-scans-manuscript-text/6825_scans-text_redoute-fr-description_p0060_2415x3528.sdr.png,iq_both,6,32,9575,68.9940,
6800-ia-scans-manuscript-text,imazen-26-png-v3/png-v3/6800-ia-scans-manuscript-text/6825_scans-text_redoute-fr-description_p0060_2415x3528.sdr.png,iq_both,6,44,2582,46.8160,
6800-ia-scans-manuscript-text,imazen-26-png-v3/png-v3/6800-ia-scans-manuscript-text/6825_scans-text_redoute-fr-description_p0060_2415x3528.sdr.png,iq_both,10,20,18418,79.0203,
6800-ia-scans-manuscript-text,imazen-26-png-v3/png-v3/6800-ia-scans-manuscript-text/6825_scans-text_redoute-fr-description_p0060_2415x3528.sdr.png,iq_both,10,32,10214,68.8901,
6800-ia-scans-manuscript-text,imazen-26-png-v3/png-v3/6800-ia-scans-manuscript-text/6825_scans-text_redoute-fr-description_p0060_2415x3528.sdr.png,iq_both,10,44,2765,47.3395,
6800-ia-scans-manuscript-text,imazen-26-png-v3/png-v3/6800-ia-scans-manuscript-text/6825_scans-text_redoute-fr-description_p0060_2415x3528.sdr.png,adef,6,20,7351,66.0130,
6800-ia-scans-manuscript-text,imazen-26-png-v3/png-v3/6800-ia-scans-manuscript-text/6825_scans-text_redoute-fr-description_p0060_2415x3528.sdr.png,adef,6,32,1606,38.6130,
6800-ia-scans-manuscript-text,imazen-26-png-v3/png-v3/6800-ia-scans-manuscript-text/6825_scans-text_redoute-fr-description_p0060_2415x3528.sdr.png,adef,6,44,585,21.2952,
6800-ia-scans-manuscript-text,imazen-26-png-v3/png-v3/6800-ia-scans-manuscript-text/6825_scans-text_redoute-fr-description_p0060_2415x3528.sdr.png,adef,10,20,7357,65.2506,
6800-ia-scans-manuscript-text,imazen-26-png-v3/png-v3/6800-ia-scans-manuscript-text/6825_scans-text_redoute-fr-description_p0060_2415x3528.sdr.png,adef,10,32,1564,37.1621,
6800-ia-scans-manuscript-text,imazen-26-png-v3/png-v3/6800-ia-scans-manuscript-text/6825_scans-text_redoute-fr-description_p0060_2415x3528.sdr.png,adef,10,44,578,20.6654,
6800-ia-scans-manuscript-text,imazen-26-png-v3/png-v3/6800-ia-scans-manuscript-text/6825_scans-text_redoute-fr-description_p0060_2415x3528.sdr.png,asharp,6,20,7351,66.0130,
6800-ia-scans-manuscript-text,imazen-26-png-v3/png-v3/6800-ia-scans-manuscript-text/6825_scans-text_redoute-fr-description_p0060_2415x3528.sdr.png,asharp,6,32,1603,38.5061,
6800-ia-scans-manuscript-text,imazen-26-png-v3/png-v3/6800-ia-scans-manuscript-text/6825_scans-text_redoute-fr-description_p0060_2415x3528.sdr.png,asharp,6,44,585,21.3317,
6800-ia-scans-manuscript-text,imazen-26-png-v3/png-v3/6800-ia-scans-manuscript-text/6825_scans-text_redoute-fr-description_p0060_2415x3528.sdr.png,asharp,10,20,7357,65.3096,
6800-ia-scans-manuscript-text,imazen-26-png-v3/png-v3/6800-ia-scans-manuscript-text/6825_scans-text_redoute-fr-description_p0060_2415x3528.sdr.png,asharp,10,32,1564,37.1929,
6800-ia-scans-manuscript-text,imazen-26-png-v3/png-v3/6800-ia-scans-manuscript-text/6825_scans-text_redoute-fr-description_p0060_2415x3528.sdr.png,asharp,10,44,578,20.8990,
6800-ia-scans-manuscript-text,imazen-26-png-v3/png-v3/6800-ia-scans-manuscript-text/6833_scans-text_redoute-fr-description_p0146_2415x3528.sdr.png,iq_adef,6,20,15272,81.1998,
6800-ia-scans-manuscript-text,imazen-26-png-v3/png-v3/6800-ia-scans-manuscript-text/6833_scans-text_redoute-fr-description_p0146_2415x3528.sdr.png,iq_adef,6,32,8956,72.7490,
6800-ia-scans-manuscript-text,imazen-26-png-v3/png-v3/6800-ia-scans-manuscript-text/6833_scans-text_redoute-fr-description_p0146_2415x3528.sdr.png,iq_adef,6,44,4287,57.4912,
6800-ia-scans-manuscript-text,imazen-26-png-v3/png-v3/6800-ia-scans-manuscript-text/6833_scans-text_redoute-fr-description_p0146_2415x3528.sdr.png,iq_adef,10,20,16594,81.0234,
6800-ia-scans-manuscript-text,imazen-26-png-v3/png-v3/6800-ia-scans-manuscript-text/6833_scans-text_redoute-fr-description_p0146_2415x3528.sdr.png,iq_adef,10,32,9613,72.5077,
6800-ia-scans-manuscript-text,imazen-26-png-v3/png-v3/6800-ia-scans-manuscript-text/6833_scans-text_redoute-fr-description_p0146_2415x3528.sdr.png,iq_adef,10,44,4641,57.2933,
6800-ia-scans-manuscript-text,imazen-26-png-v3/png-v3/6800-ia-scans-manuscript-text/6833_scans-text_redoute-fr-description_p0146_2415x3528.sdr.png,iq_asharp,6,20,15272,81.2923,
6800-ia-scans-manuscript-text,imazen-26-png-v3/png-v3/6800-ia-scans-manuscript-text/6833_scans-text_redoute-fr-description_p0146_2415x3528.sdr.png,iq_asharp,6,32,8956,72.9018,
6800-ia-scans-manuscript-text,imazen-26-png-v3/png-v3/6800-ia-scans-manuscript-text/6833_scans-text_redoute-fr-description_p0146_2415x3528.sdr.png,iq_asharp,6,44,4287,57.6033,
6800-ia-scans-manuscript-text,imazen-26-png-v3/png-v3/6800-ia-scans-manuscript-text/6833_scans-text_redoute-fr-description_p0146_2415x3528.sdr.png,iq_asharp,10,20,16594,81.0642,
6800-ia-scans-manuscript-text,imazen-26-png-v3/png-v3/6800-ia-scans-manuscript-text/6833_scans-text_redoute-fr-description_p0146_2415x3528.sdr.png,iq_asharp,10,32,9613,72.6768,
6800-ia-scans-manuscript-text,imazen-26-png-v3/png-v3/6800-ia-scans-manuscript-text/6833_scans-text_redoute-fr-description_p0146_2415x3528.sdr.png,iq_asharp,10,44,4641,57.8946,
6800-ia-scans-manuscript-text,imazen-26-png-v3/png-v3/6800-ia-scans-manuscript-text/6833_scans-text_redoute-fr-description_p0146_2415x3528.sdr.png,iq_both,6,20,15272,81.1998,
6800-ia-scans-manuscript-text,imazen-26-png-v3/png-v3/6800-ia-scans-manuscript-text/6833_scans-text_redoute-fr-description_p0146_2415x3528.sdr.png,iq_both,6,32,8956,72.7490,
6800-ia-scans-manuscript-text,imazen-26-png-v3/png-v3/6800-ia-scans-manuscript-text/6833_scans-text_redoute-fr-description_p0146_2415x3528.sdr.png,iq_both,6,44,4287,57.4912,
6800-ia-scans-manuscript-text,imazen-26-png-v3/png-v3/6800-ia-scans-manuscript-text/6833_scans-text_redoute-fr-description_p0146_2415x3528.sdr.png,iq_both,10,20,16594,81.0234,
6800-ia-scans-manuscript-text,imazen-26-png-v3/png-v3/6800-ia-scans-manuscript-text/6833_scans-text_redoute-fr-description_p0146_2415x3528.sdr.png,iq_both,10,32,9613,72.5077,
6800-ia-scans-manuscript-text,imazen-26-png-v3/png-v3/6800-ia-scans-manuscript-text/6833_scans-text_redoute-fr-description_p0146_2415x3528.sdr.png,iq_both,10,44,4641,57.2933,
6800-ia-scans-manuscript-text,imazen-26-png-v3/png-v3/6800-ia-scans-manuscript-text/6833_scans-text_redoute-fr-description_p0146_2415x3528.sdr.png,adef,6,20,10119,69.6927,
6800-ia-scans-manuscript-text,imazen-26-png-v3/png-v3/6800-ia-scans-manuscript-text/6833_scans-text_redoute-fr-description_p0146_2415x3528.sdr.png,adef,6,32,5835,56.6806,
6800-ia-scans-manuscript-text,imazen-26-png-v3/png-v3/6800-ia-scans-manuscript-text/6833_scans-text_redoute-fr-description_p0146_2415x3528.sdr.png,adef,6,44,3217,43.7769,
6800-ia-scans-manuscript-text,imazen-26-png-v3/png-v3/6800-ia-scans-manuscript-text/6833_scans-text_redoute-fr-description_p0146_2415x3528.sdr.png,adef,10,20,10963,68.0534,
6800-ia-scans-manuscript-text,imazen-26-png-v3/png-v3/6800-ia-scans-manuscript-text/6833_scans-text_redoute-fr-description_p0146_2415x3528.sdr.png,adef,10,32,6364,54.1533,
6800-ia-scans-manuscript-text,imazen-26-png-v3/png-v3/6800-ia-scans-manuscript-text/6833_scans-text_redoute-fr-description_p0146_2415x3528.sdr.png,adef,10,44,3442,41.5147,
6800-ia-scans-manuscript-text,imazen-26-png-v3/png-v3/6800-ia-scans-manuscript-text/6833_scans-text_redoute-fr-description_p0146_2415x3528.sdr.png,asharp,6,20,10115,69.7497,
6800-ia-scans-manuscript-text,imazen-26-png-v3/png-v3/6800-ia-scans-manuscript-text/6833_scans-text_redoute-fr-description_p0146_2415x3528.sdr.png,asharp,6,32,5836,56.6597,
6800-ia-scans-manuscript-text,imazen-26-png-v3/png-v3/6800-ia-scans-manuscript-text/6833_scans-text_redoute-fr-description_p0146_2415x3528.sdr.png,asharp,6,44,3217,43.9353,
6800-ia-scans-manuscript-text,imazen-26-png-v3/png-v3/6800-ia-scans-manuscript-text/6833_scans-text_redoute-fr-description_p0146_2415x3528.sdr.png,asharp,10,20,10963,68.0756,
6800-ia-scans-manuscript-text,imazen-26-png-v3/png-v3/6800-ia-scans-manuscript-text/6833_scans-text_redoute-fr-description_p0146_2415x3528.sdr.png,asharp,10,32,6364,54.2298,
6800-ia-scans-manuscript-text,imazen-26-png-v3/png-v3/6800-ia-scans-manuscript-text/6833_scans-text_redoute-fr-description_p0146_2415x3528.sdr.png,asharp,10,44,3442,41.7847,
7000-lilith-plots,imazen-26-png-v3/png-v3/7000-lilith-plots/lines/7070_plots_line-voronoi-00012-s2be0c08d_1024x1024.sdr.png,iq_adef,6,20,56065,84.1976,
7000-lilith-plots,imazen-26-png-v3/png-v3/7000-lilith-plots/lines/7070_plots_line-voronoi-00012-s2be0c08d_1024x1024.sdr.png,iq_adef,6,32,40751,75.2036,
7000-lilith-plots,imazen-26-png-v3/png-v3/7000-lilith-plots/lines/7070_plots_line-voronoi-00012-s2be0c08d_1024x1024.sdr.png,iq_adef,6,44,28335,57.0918,
7000-lilith-plots,imazen-26-png-v3/png-v3/7000-lilith-plots/lines/7070_plots_line-voronoi-00012-s2be0c08d_1024x1024.sdr.png,iq_adef,10,20,58664,83.3193,
7000-lilith-plots,imazen-26-png-v3/png-v3/7000-lilith-plots/lines/7070_plots_line-voronoi-00012-s2be0c08d_1024x1024.sdr.png,iq_adef,10,32,41407,71.0453,
7000-lilith-plots,imazen-26-png-v3/png-v3/7000-lilith-plots/lines/7070_plots_line-voronoi-00012-s2be0c08d_1024x1024.sdr.png,iq_adef,10,44,24018,49.8992,
7000-lilith-plots,imazen-26-png-v3/png-v3/7000-lilith-plots/lines/7070_plots_line-voronoi-00012-s2be0c08d_1024x1024.sdr.png,iq_asharp,6,20,56065,84.5072,
7000-lilith-plots,imazen-26-png-v3/png-v3/7000-lilith-plots/lines/7070_plots_line-voronoi-00012-s2be0c08d_1024x1024.sdr.png,iq_asharp,6,32,40753,76.3684,
7000-lilith-plots,imazen-26-png-v3/png-v3/7000-lilith-plots/lines/7070_plots_line-voronoi-00012-s2be0c08d_1024x1024.sdr.png,iq_asharp,6,44,28335,58.2483,
7000-lilith-plots,imazen-26-png-v3/png-v3/7000-lilith-plots/lines/7070_plots_line-voronoi-00012-s2be0c08d_1024x1024.sdr.png,iq_asharp,10,20,58664,83.2570,
7000-lilith-plots,imazen-26-png-v3/png-v3/7000-lilith-plots/lines/7070_plots_line-voronoi-00012-s2be0c08d_1024x1024.sdr.png,iq_asharp,10,32,41407,71.7898,
7000-lilith-plots,imazen-26-png-v3/png-v3/7000-lilith-plots/lines/7070_plots_line-voronoi-00012-s2be0c08d_1024x1024.sdr.png,iq_asharp,10,44,24018,49.9310,
7000-lilith-plots,imazen-26-png-v3/png-v3/7000-lilith-plots/lines/7070_plots_line-voronoi-00012-s2be0c08d_1024x1024.sdr.png,iq_both,6,20,56065,84.1976,
7000-lilith-plots,imazen-26-png-v3/png-v3/7000-lilith-plots/lines/7070_plots_line-voronoi-00012-s2be0c08d_1024x1024.sdr.png,iq_both,6,32,40751,75.2036,
7000-lilith-plots,imazen-26-png-v3/png-v3/7000-lilith-plots/lines/7070_plots_line-voronoi-00012-s2be0c08d_1024x1024.sdr.png,iq_both,6,44,28335,57.0918,
7000-lilith-plots,imazen-26-png-v3/png-v3/7000-lilith-plots/lines/7070_plots_line-voronoi-00012-s2be0c08d_1024x1024.sdr.png,iq_both,10,20,58664,83.3193,
7000-lilith-plots,imazen-26-png-v3/png-v3/7000-lilith-plots/lines/7070_plots_line-voronoi-00012-s2be0c08d_1024x1024.sdr.png,iq_both,10,32,41407,71.0453,
7000-lilith-plots,imazen-26-png-v3/png-v3/7000-lilith-plots/lines/7070_plots_line-voronoi-00012-s2be0c08d_1024x1024.sdr.png,iq_both,10,44,24018,49.8992,
7000-lilith-plots,imazen-26-png-v3/png-v3/7000-lilith-plots/lines/7070_plots_line-voronoi-00012-s2be0c08d_1024x1024.sdr.png,adef,6,20,56379,84.4014,
7000-lilith-plots,imazen-26-png-v3/png-v3/7000-lilith-plots/lines/7070_plots_line-voronoi-00012-s2be0c08d_1024x1024.sdr.png,adef,6,32,41658,81.5701,
7000-lilith-plots,imazen-26-png-v3/png-v3/7000-lilith-plots/lines/7070_plots_line-voronoi-00012-s2be0c08d_1024x1024.sdr.png,adef,6,44,29464,65.4249,
7000-lilith-plots,imazen-26-png-v3/png-v3/7000-lilith-plots/lines/7070_plots_line-voronoi-00012-s2be0c08d_1024x1024.sdr.png,adef,10,20,76282,83.8783,
7000-lilith-plots,imazen-26-png-v3/png-v3/7000-lilith-plots/lines/7070_plots_line-voronoi-00012-s2be0c08d_1024x1024.sdr.png,adef,10,32,53775,76.4946,
7000-lilith-plots,imazen-26-png-v3/png-v3/7000-lilith-plots/lines/7070_plots_line-voronoi-00012-s2be0c08d_1024x1024.sdr.png,adef,10,44,32291,55.6095,
7000-lilith-plots,imazen-26-png-v3/png-v3/7000-lilith-plots/lines/7070_plots_line-voronoi-00012-s2be0c08d_1024x1024.sdr.png,asharp,6,20,56379,84.6350,
7000-lilith-plots,imazen-26-png-v3/png-v3/7000-lilith-plots/lines/7070_plots_line-voronoi-00012-s2be0c08d_1024x1024.sdr.png,asharp,6,32,41658,82.2659,
7000-lilith-plots,imazen-26-png-v3/png-v3/7000-lilith-plots/lines/7070_plots_line-voronoi-00012-s2be0c08d_1024x1024.sdr.png,asharp,6,44,29464,66.4886,
7000-lilith-plots,imazen-26-png-v3/png-v3/7000-lilith-plots/lines/7070_plots_line-voronoi-00012-s2be0c08d_1024x1024.sdr.png,asharp,10,20,76282,84.0989,
7000-lilith-plots,imazen-26-png-v3/png-v3/7000-lilith-plots/lines/7070_plots_line-voronoi-00012-s2be0c08d_1024x1024.sdr.png,asharp,10,32,53775,76.4922,
7000-lilith-plots,imazen-26-png-v3/png-v3/7000-lilith-plots/lines/7070_plots_line-voronoi-00012-s2be0c08d_1024x1024.sdr.png,asharp,10,44,32291,55.6202,
7000-lilith-plots,imazen-26-png-v3/png-v3/7000-lilith-plots/real-charts/7125_plots_chart-violin-16-forest_1024x1024.sdr.png,iq_adef,6,20,4204,89.4050,
7000-lilith-plots,imazen-26-png-v3/png-v3/7000-lilith-plots/real-charts/7125_plots_chart-violin-16-forest_1024x1024.sdr.png,iq_adef,6,32,3175,86.2495,
7000-lilith-plots,imazen-26-png-v3/png-v3/7000-lilith-plots/real-charts/7125_plots_chart-violin-16-forest_1024x1024.sdr.png,iq_adef,6,44,2304,77.7867,
7000-lilith-plots,imazen-26-png-v3/png-v3/7000-lilith-plots/real-charts/7125_plots_chart-violin-16-forest_1024x1024.sdr.png,iq_adef,10,20,6369,88.2971,
7000-lilith-plots,imazen-26-png-v3/png-v3/7000-lilith-plots/real-charts/7125_plots_chart-violin-16-forest_1024x1024.sdr.png,iq_adef,10,32,4848,85.0973,
7000-lilith-plots,imazen-26-png-v3/png-v3/7000-lilith-plots/real-charts/7125_plots_chart-violin-16-forest_1024x1024.sdr.png,iq_adef,10,44,3099,76.4456,
7000-lilith-plots,imazen-26-png-v3/png-v3/7000-lilith-plots/real-charts/7125_plots_chart-violin-16-forest_1024x1024.sdr.png,iq_asharp,6,20,4212,89.4281,
7000-lilith-plots,imazen-26-png-v3/png-v3/7000-lilith-plots/real-charts/7125_plots_chart-violin-16-forest_1024x1024.sdr.png,iq_asharp,6,32,3181,86.4969,
7000-lilith-plots,imazen-26-png-v3/png-v3/7000-lilith-plots/real-charts/7125_plots_chart-violin-16-forest_1024x1024.sdr.png,iq_asharp,6,44,2304,77.6226,
7000-lilith-plots,imazen-26-png-v3/png-v3/7000-lilith-plots/real-charts/7125_plots_chart-violin-16-forest_1024x1024.sdr.png,iq_asharp,10,20,6369,88.2055,
7000-lilith-plots,imazen-26-png-v3/png-v3/7000-lilith-plots/real-charts/7125_plots_chart-violin-16-forest_1024x1024.sdr.png,iq_asharp,10,32,4848,85.1952,
7000-lilith-plots,imazen-26-png-v3/png-v3/7000-lilith-plots/real-charts/7125_plots_chart-violin-16-forest_1024x1024.sdr.png,iq_asharp,10,44,3099,76.6249,
7000-lilith-plots,imazen-26-png-v3/png-v3/7000-lilith-plots/real-charts/7125_plots_chart-violin-16-forest_1024x1024.sdr.png,iq_both,6,20,4204,89.4050,
7000-lilith-plots,imazen-26-png-v3/png-v3/7000-lilith-plots/real-charts/7125_plots_chart-violin-16-forest_1024x1024.sdr.png,iq_both,6,32,3175,86.2495,
7000-lilith-plots,imazen-26-png-v3/png-v3/7000-lilith-plots/real-charts/7125_plots_chart-violin-16-forest_1024x1024.sdr.png,iq_both,6,44,2304,77.7867,
7000-lilith-plots,imazen-26-png-v3/png-v3/7000-lilith-plots/real-charts/7125_plots_chart-violin-16-forest_1024x1024.sdr.png,iq_both,10,20,6369,88.2971,
7000-lilith-plots,imazen-26-png-v3/png-v3/7000-lilith-plots/real-charts/7125_plots_chart-violin-16-forest_1024x1024.sdr.png,iq_both,10,32,4848,85.0973,
7000-lilith-plots,imazen-26-png-v3/png-v3/7000-lilith-plots/real-charts/7125_plots_chart-violin-16-forest_1024x1024.sdr.png,iq_both,10,44,3099,76.4456,
7000-lilith-plots,imazen-26-png-v3/png-v3/7000-lilith-plots/real-charts/7125_plots_chart-violin-16-forest_1024x1024.sdr.png,adef,6,20,3139,85.2792,
7000-lilith-plots,imazen-26-png-v3/png-v3/7000-lilith-plots/real-charts/7125_plots_chart-violin-16-forest_1024x1024.sdr.png,adef,6,32,2140,70.9349,
7000-lilith-plots,imazen-26-png-v3/png-v3/7000-lilith-plots/real-charts/7125_plots_chart-violin-16-forest_1024x1024.sdr.png,adef,6,44,1254,49.4728,
7000-lilith-plots,imazen-26-png-v3/png-v3/7000-lilith-plots/real-charts/7125_plots_chart-violin-16-forest_1024x1024.sdr.png,adef,10,20,4880,83.8948,
7000-lilith-plots,imazen-26-png-v3/png-v3/7000-lilith-plots/real-charts/7125_plots_chart-violin-16-forest_1024x1024.sdr.png,adef,10,32,2651,63.5835,
7000-lilith-plots,imazen-26-png-v3/png-v3/7000-lilith-plots/real-charts/7125_plots_chart-violin-16-forest_1024x1024.sdr.png,adef,10,44,1403,48.0656,
7000-lilith-plots,imazen-26-png-v3/png-v3/7000-lilith-plots/real-charts/7125_plots_chart-violin-16-forest_1024x1024.sdr.png,asharp,6,20,3144,85.2272,
7000-lilith-plots,imazen-26-png-v3/png-v3/7000-lilith-plots/real-charts/7125_plots_chart-violin-16-forest_1024x1024.sdr.png,asharp,6,32,2140,70.9311,
7000-lilith-plots,imazen-26-png-v3/png-v3/7000-lilith-plots/real-charts/7125_plots_chart-violin-16-forest_1024x1024.sdr.png,asharp,6,44,1254,49.5493,
7000-lilith-plots,imazen-26-png-v3/png-v3/7000-lilith-plots/real-charts/7125_plots_chart-violin-16-forest_1024x1024.sdr.png,asharp,10,20,4880,83.9074,
7000-lilith-plots,imazen-26-png-v3/png-v3/7000-lilith-plots/real-charts/7125_plots_chart-violin-16-forest_1024x1024.sdr.png,asharp,10,32,2651,63.6181,
7000-lilith-plots,imazen-26-png-v3/png-v3/7000-lilith-plots/real-charts/7125_plots_chart-violin-16-forest_1024x1024.sdr.png,asharp,10,44,1403,48.1682,
8000-lilith-mobile-screenshots,imazen-26-png-v3/png-v3/8000-lilith-mobile-screenshots/8000_mobile-screenshots_imageflow-server_screenshot-20260526-065435-brave_1968x2184.sdr.png,iq_adef,6,20,13287,88.2852,
8000-lilith-mobile-screenshots,imazen-26-png-v3/png-v3/8000-lilith-mobile-screenshots/8000_mobile-screenshots_imageflow-server_screenshot-20260526-065435-brave_1968x2184.sdr.png,iq_adef,6,32,10571,79.7269,
8000-lilith-mobile-screenshots,imazen-26-png-v3/png-v3/8000-lilith-mobile-screenshots/8000_mobile-screenshots_imageflow-server_screenshot-20260526-065435-brave_1968x2184.sdr.png,iq_adef,6,44,8326,67.0384,
8000-lilith-mobile-screenshots,imazen-26-png-v3/png-v3/8000-lilith-mobile-screenshots/8000_mobile-screenshots_imageflow-server_screenshot-20260526-065435-brave_1968x2184.sdr.png,iq_adef,10,20,14676,87.3214,
8000-lilith-mobile-screenshots,imazen-26-png-v3/png-v3/8000-lilith-mobile-screenshots/8000_mobile-screenshots_imageflow-server_screenshot-20260526-065435-brave_1968x2184.sdr.png,iq_adef,10,32,12169,77.9906,
8000-lilith-mobile-screenshots,imazen-26-png-v3/png-v3/8000-lilith-mobile-screenshots/8000_mobile-screenshots_imageflow-server_screenshot-20260526-065435-brave_1968x2184.sdr.png,iq_adef,10,44,7823,66.1573,
8000-lilith-mobile-screenshots,imazen-26-png-v3/png-v3/8000-lilith-mobile-screenshots/8000_mobile-screenshots_imageflow-server_screenshot-20260526-065435-brave_1968x2184.sdr.png,iq_asharp,6,20,13287,88.7984,
8000-lilith-mobile-screenshots,imazen-26-png-v3/png-v3/8000-lilith-mobile-screenshots/8000_mobile-screenshots_imageflow-server_screenshot-20260526-065435-brave_1968x2184.sdr.png,iq_asharp,6,32,10571,80.2328,
8000-lilith-mobile-screenshots,imazen-26-png-v3/png-v3/8000-lilith-mobile-screenshots/8000_mobile-screenshots_imageflow-server_screenshot-20260526-065435-brave_1968x2184.sdr.png,iq_asharp,6,44,8326,67.3867,
8000-lilith-mobile-screenshots,imazen-26-png-v3/png-v3/8000-lilith-mobile-screenshots/8000_mobile-screenshots_imageflow-server_screenshot-20260526-065435-brave_1968x2184.sdr.png,iq_asharp,10,20,14676,87.3662,
8000-lilith-mobile-screenshots,imazen-26-png-v3/png-v3/8000-lilith-mobile-screenshots/8000_mobile-screenshots_imageflow-server_screenshot-20260526-065435-brave_1968x2184.sdr.png,iq_asharp,10,32,12169,78.1119,
8000-lilith-mobile-screenshots,imazen-26-png-v3/png-v3/8000-lilith-mobile-screenshots/8000_mobile-screenshots_imageflow-server_screenshot-20260526-065435-brave_1968x2184.sdr.png,iq_asharp,10,44,7823,66.2134,
8000-lilith-mobile-screenshots,imazen-26-png-v3/png-v3/8000-lilith-mobile-screenshots/8000_mobile-screenshots_imageflow-server_screenshot-20260526-065435-brave_1968x2184.sdr.png,iq_both,6,20,13287,88.2852,
8000-lilith-mobile-screenshots,imazen-26-png-v3/png-v3/8000-lilith-mobile-screenshots/8000_mobile-screenshots_imageflow-server_screenshot-20260526-065435-brave_1968x2184.sdr.png,iq_both,6,32,10571,79.7269,
8000-lilith-mobile-screenshots,imazen-26-png-v3/png-v3/8000-lilith-mobile-screenshots/8000_mobile-screenshots_imageflow-server_screenshot-20260526-065435-brave_1968x2184.sdr.png,iq_both,6,44,8326,67.0384,
8000-lilith-mobile-screenshots,imazen-26-png-v3/png-v3/8000-lilith-mobile-screenshots/8000_mobile-screenshots_imageflow-server_screenshot-20260526-065435-brave_1968x2184.sdr.png,iq_both,10,20,14676,87.3214,
8000-lilith-mobile-screenshots,imazen-26-png-v3/png-v3/8000-lilith-mobile-screenshots/8000_mobile-screenshots_imageflow-server_screenshot-20260526-065435-brave_1968x2184.sdr.png,iq_both,10,32,12169,77.9906,
8000-lilith-mobile-screenshots,imazen-26-png-v3/png-v3/8000-lilith-mobile-screenshots/8000_mobile-screenshots_imageflow-server_screenshot-20260526-065435-brave_1968x2184.sdr.png,iq_both,10,44,7823,66.1573,
8000-lilith-mobile-screenshots,imazen-26-png-v3/png-v3/8000-lilith-mobile-screenshots/8000_mobile-screenshots_imageflow-server_screenshot-20260526-065435-brave_1968x2184.sdr.png,adef,6,20,12106,82.3747,
8000-lilith-mobile-screenshots,imazen-26-png-v3/png-v3/8000-lilith-mobile-screenshots/8000_mobile-screenshots_imageflow-server_screenshot-20260526-065435-brave_1968x2184.sdr.png,adef,6,32,9592,69.5642,
8000-lilith-mobile-screenshots,imazen-26-png-v3/png-v3/8000-lilith-mobile-screenshots/8000_mobile-screenshots_imageflow-server_screenshot-20260526-065435-brave_1968x2184.sdr.png,adef,6,44,7641,58.6041,
8000-lilith-mobile-screenshots,imazen-26-png-v3/png-v3/8000-lilith-mobile-screenshots/8000_mobile-screenshots_imageflow-server_screenshot-20260526-065435-brave_1968x2184.sdr.png,adef,10,20,27217,80.7303,
8000-lilith-mobile-screenshots,imazen-26-png-v3/png-v3/8000-lilith-mobile-screenshots/8000_mobile-screenshots_imageflow-server_screenshot-20260526-065435-brave_1968x2184.sdr.png,adef,10,32,17716,68.4928,
8000-lilith-mobile-screenshots,imazen-26-png-v3/png-v3/8000-lilith-mobile-screenshots/8000_mobile-screenshots_imageflow-server_screenshot-20260526-065435-brave_1968x2184.sdr.png,adef,10,44,9566,49.3805,
8000-lilith-mobile-screenshots,imazen-26-png-v3/png-v3/8000-lilith-mobile-screenshots/8000_mobile-screenshots_imageflow-server_screenshot-20260526-065435-brave_1968x2184.sdr.png,asharp,6,20,12106,83.2388,
8000-lilith-mobile-screenshots,imazen-26-png-v3/png-v3/8000-lilith-mobile-screenshots/8000_mobile-screenshots_imageflow-server_screenshot-20260526-065435-brave_1968x2184.sdr.png,asharp,6,32,9592,69.5816,
8000-lilith-mobile-screenshots,imazen-26-png-v3/png-v3/8000-lilith-mobile-screenshots/8000_mobile-screenshots_imageflow-server_screenshot-20260526-065435-brave_1968x2184.sdr.png,asharp,6,44,7641,58.9265,
8000-lilith-mobile-screenshots,imazen-26-png-v3/png-v3/8000-lilith-mobile-screenshots/8000_mobile-screenshots_imageflow-server_screenshot-20260526-065435-brave_1968x2184.sdr.png,asharp,10,20,27217,80.7475,
8000-lilith-mobile-screenshots,imazen-26-png-v3/png-v3/8000-lilith-mobile-screenshots/8000_mobile-screenshots_imageflow-server_screenshot-20260526-065435-brave_1968x2184.sdr.png,asharp,10,32,17716,68.4929,
8000-lilith-mobile-screenshots,imazen-26-png-v3/png-v3/8000-lilith-mobile-screenshots/8000_mobile-screenshots_imageflow-server_screenshot-20260526-065435-brave_1968x2184.sdr.png,asharp,10,44,9566,49.3297,
8000-lilith-mobile-screenshots,imazen-26-png-v3/png-v3/8000-lilith-mobile-screenshots/8012_mobile-screenshots_on-screen-keyboard_screenshot-20260526-070935-calculator_1080x2520.sdr.png,iq_adef,6,20,3910,92.3528,
8000-lilith-mobile-screenshots,imazen-26-png-v3/png-v3/8000-lilith-mobile-screenshots/8012_mobile-screenshots_on-screen-keyboard_screenshot-20260526-070935-calculator_1080x2520.sdr.png,iq_adef,6,32,3110,88.8749,
8000-lilith-mobile-screenshots,imazen-26-png-v3/png-v3/8000-lilith-mobile-screenshots/8012_mobile-screenshots_on-screen-keyboard_screenshot-20260526-070935-calculator_1080x2520.sdr.png,iq_adef,6,44,2351,80.2460,
8000-lilith-mobile-screenshots,imazen-26-png-v3/png-v3/8000-lilith-mobile-screenshots/8012_mobile-screenshots_on-screen-keyboard_screenshot-20260526-070935-calculator_1080x2520.sdr.png,iq_adef,10,20,4096,92.5395,
8000-lilith-mobile-screenshots,imazen-26-png-v3/png-v3/8000-lilith-mobile-screenshots/8012_mobile-screenshots_on-screen-keyboard_screenshot-20260526-070935-calculator_1080x2520.sdr.png,iq_adef,10,32,3628,86.8646,
8000-lilith-mobile-screenshots,imazen-26-png-v3/png-v3/8000-lilith-mobile-screenshots/8012_mobile-screenshots_on-screen-keyboard_screenshot-20260526-070935-calculator_1080x2520.sdr.png,iq_adef,10,44,2623,78.2167,
8000-lilith-mobile-screenshots,imazen-26-png-v3/png-v3/8000-lilith-mobile-screenshots/8012_mobile-screenshots_on-screen-keyboard_screenshot-20260526-070935-calculator_1080x2520.sdr.png,iq_asharp,6,20,3912,92.4252,
8000-lilith-mobile-screenshots,imazen-26-png-v3/png-v3/8000-lilith-mobile-screenshots/8012_mobile-screenshots_on-screen-keyboard_screenshot-20260526-070935-calculator_1080x2520.sdr.png,iq_asharp,6,32,3110,88.8906,
8000-lilith-mobile-screenshots,imazen-26-png-v3/png-v3/8000-lilith-mobile-screenshots/8012_mobile-screenshots_on-screen-keyboard_screenshot-20260526-070935-calculator_1080x2520.sdr.png,iq_asharp,6,44,2351,80.2375,
8000-lilith-mobile-screenshots,imazen-26-png-v3/png-v3/8000-lilith-mobile-screenshots/8012_mobile-screenshots_on-screen-keyboard_screenshot-20260526-070935-calculator_1080x2520.sdr.png,iq_asharp,10,20,4096,92.5223,
8000-lilith-mobile-screenshots,imazen-26-png-v3/png-v3/8000-lilith-mobile-screenshots/8012_mobile-screenshots_on-screen-keyboard_screenshot-20260526-070935-calculator_1080x2520.sdr.png,iq_asharp,10,32,3628,87.2801,
8000-lilith-mobile-screenshots,imazen-26-png-v3/png-v3/8000-lilith-mobile-screenshots/8012_mobile-screenshots_on-screen-keyboard_screenshot-20260526-070935-calculator_1080x2520.sdr.png,iq_asharp,10,44,2623,78.7170,
8000-lilith-mobile-screenshots,imazen-26-png-v3/png-v3/8000-lilith-mobile-screenshots/8012_mobile-screenshots_on-screen-keyboard_screenshot-20260526-070935-calculator_1080x2520.sdr.png,iq_both,6,20,3910,92.3528,
8000-lilith-mobile-screenshots,imazen-26-png-v3/png-v3/8000-lilith-mobile-screenshots/8012_mobile-screenshots_on-screen-keyboard_screenshot-20260526-070935-calculator_1080x2520.sdr.png,iq_both,6,32,3110,88.8749,
8000-lilith-mobile-screenshots,imazen-26-png-v3/png-v3/8000-lilith-mobile-screenshots/8012_mobile-screenshots_on-screen-keyboard_screenshot-20260526-070935-calculator_1080x2520.sdr.png,iq_both,6,44,2351,80.2460,
8000-lilith-mobile-screenshots,imazen-26-png-v3/png-v3/8000-lilith-mobile-screenshots/8012_mobile-screenshots_on-screen-keyboard_screenshot-20260526-070935-calculator_1080x2520.sdr.png,iq_both,10,20,4096,92.5395,
8000-lilith-mobile-screenshots,imazen-26-png-v3/png-v3/8000-lilith-mobile-screenshots/8012_mobile-screenshots_on-screen-keyboard_screenshot-20260526-070935-calculator_1080x2520.sdr.png,iq_both,10,32,3628,86.8646,
8000-lilith-mobile-screenshots,imazen-26-png-v3/png-v3/8000-lilith-mobile-screenshots/8012_mobile-screenshots_on-screen-keyboard_screenshot-20260526-070935-calculator_1080x2520.sdr.png,iq_both,10,44,2623,78.2167,
8000-lilith-mobile-screenshots,imazen-26-png-v3/png-v3/8000-lilith-mobile-screenshots/8012_mobile-screenshots_on-screen-keyboard_screenshot-20260526-070935-calculator_1080x2520.sdr.png,adef,6,20,3438,89.0207,
8000-lilith-mobile-screenshots,imazen-26-png-v3/png-v3/8000-lilith-mobile-screenshots/8012_mobile-screenshots_on-screen-keyboard_screenshot-20260526-070935-calculator_1080x2520.sdr.png,adef,6,32,2358,83.2042,
8000-lilith-mobile-screenshots,imazen-26-png-v3/png-v3/8000-lilith-mobile-screenshots/8012_mobile-screenshots_on-screen-keyboard_screenshot-20260526-070935-calculator_1080x2520.sdr.png,adef,6,44,1713,67.8823,
8000-lilith-mobile-screenshots,imazen-26-png-v3/png-v3/8000-lilith-mobile-screenshots/8012_mobile-screenshots_on-screen-keyboard_screenshot-20260526-070935-calculator_1080x2520.sdr.png,adef,10,20,5502,84.9667,
8000-lilith-mobile-screenshots,imazen-26-png-v3/png-v3/8000-lilith-mobile-screenshots/8012_mobile-screenshots_on-screen-keyboard_screenshot-20260526-070935-calculator_1080x2520.sdr.png,adef,10,32,3413,76.8577,
8000-lilith-mobile-screenshots,imazen-26-png-v3/png-v3/8000-lilith-mobile-screenshots/8012_mobile-screenshots_on-screen-keyboard_screenshot-20260526-070935-calculator_1080x2520.sdr.png,adef,10,44,1803,52.1210,
8000-lilith-mobile-screenshots,imazen-26-png-v3/png-v3/8000-lilith-mobile-screenshots/8012_mobile-screenshots_on-screen-keyboard_screenshot-20260526-070935-calculator_1080x2520.sdr.png,asharp,6,20,3440,89.0334,
8000-lilith-mobile-screenshots,imazen-26-png-v3/png-v3/8000-lilith-mobile-screenshots/8012_mobile-screenshots_on-screen-keyboard_screenshot-20260526-070935-calculator_1080x2520.sdr.png,asharp,6,32,2358,83.2733,
8000-lilith-mobile-screenshots,imazen-26-png-v3/png-v3/8000-lilith-mobile-screenshots/8012_mobile-screenshots_on-screen-keyboard_screenshot-20260526-070935-calculator_1080x2520.sdr.png,asharp,6,44,1713,67.9405,
8000-lilith-mobile-screenshots,imazen-26-png-v3/png-v3/8000-lilith-mobile-screenshots/8012_mobile-screenshots_on-screen-keyboard_screenshot-20260526-070935-calculator_1080x2520.sdr.png,asharp,10,20,5502,85.0312,
8000-lilith-mobile-screenshots,imazen-26-png-v3/png-v3/8000-lilith-mobile-screenshots/8012_mobile-screenshots_on-screen-keyboard_screenshot-20260526-070935-calculator_1080x2520.sdr.png,asharp,10,32,3413,76.8772,
8000-lilith-mobile-screenshots,imazen-26-png-v3/png-v3/8000-lilith-mobile-screenshots/8012_mobile-screenshots_on-screen-keyboard_screenshot-20260526-070935-calculator_1080x2520.sdr.png,asharp,10,44,1803,52.1578,
8100-lilith-web-screenshots,imazen-26-png-v3/png-v3/8100-lilith-web-screenshots/1440x900/8106_web-screenshots_climate-news_dpr1_page1_1440x900.sdr.png,iq_adef,6,20,20228,85.0755,
8100-lilith-web-screenshots,imazen-26-png-v3/png-v3/8100-lilith-web-screenshots/1440x900/8106_web-screenshots_climate-news_dpr1_page1_1440x900.sdr.png,iq_adef,6,32,14363,77.9303,
8100-lilith-web-screenshots,imazen-26-png-v3/png-v3/8100-lilith-web-screenshots/1440x900/8106_web-screenshots_climate-news_dpr1_page1_1440x900.sdr.png,iq_adef,6,44,8374,57.3850,
8100-lilith-web-screenshots,imazen-26-png-v3/png-v3/8100-lilith-web-screenshots/1440x900/8106_web-screenshots_climate-news_dpr1_page1_1440x900.sdr.png,iq_adef,10,20,22297,85.2018,
8100-lilith-web-screenshots,imazen-26-png-v3/png-v3/8100-lilith-web-screenshots/1440x900/8106_web-screenshots_climate-news_dpr1_page1_1440x900.sdr.png,iq_adef,10,32,15945,75.9978,
8100-lilith-web-screenshots,imazen-26-png-v3/png-v3/8100-lilith-web-screenshots/1440x900/8106_web-screenshots_climate-news_dpr1_page1_1440x900.sdr.png,iq_adef,10,44,9109,53.8720,
8100-lilith-web-screenshots,imazen-26-png-v3/png-v3/8100-lilith-web-screenshots/1440x900/8106_web-screenshots_climate-news_dpr1_page1_1440x900.sdr.png,iq_asharp,6,20,20228,85.2781,
8100-lilith-web-screenshots,imazen-26-png-v3/png-v3/8100-lilith-web-screenshots/1440x900/8106_web-screenshots_climate-news_dpr1_page1_1440x900.sdr.png,iq_asharp,6,32,14366,78.2256,
8100-lilith-web-screenshots,imazen-26-png-v3/png-v3/8100-lilith-web-screenshots/1440x900/8106_web-screenshots_climate-news_dpr1_page1_1440x900.sdr.png,iq_asharp,6,44,8375,57.4369,
8100-lilith-web-screenshots,imazen-26-png-v3/png-v3/8100-lilith-web-screenshots/1440x900/8106_web-screenshots_climate-news_dpr1_page1_1440x900.sdr.png,iq_asharp,10,20,22297,85.2800,
8100-lilith-web-screenshots,imazen-26-png-v3/png-v3/8100-lilith-web-screenshots/1440x900/8106_web-screenshots_climate-news_dpr1_page1_1440x900.sdr.png,iq_asharp,10,32,15945,76.1250,
8100-lilith-web-screenshots,imazen-26-png-v3/png-v3/8100-lilith-web-screenshots/1440x900/8106_web-screenshots_climate-news_dpr1_page1_1440x900.sdr.png,iq_asharp,10,44,9109,54.3749,
8100-lilith-web-screenshots,imazen-26-png-v3/png-v3/8100-lilith-web-screenshots/1440x900/8106_web-screenshots_climate-news_dpr1_page1_1440x900.sdr.png,iq_both,6,20,20228,85.0755,
8100-lilith-web-screenshots,imazen-26-png-v3/png-v3/8100-lilith-web-screenshots/1440x900/8106_web-screenshots_climate-news_dpr1_page1_1440x900.sdr.png,iq_both,6,32,14363,77.9303,
8100-lilith-web-screenshots,imazen-26-png-v3/png-v3/8100-lilith-web-screenshots/1440x900/8106_web-screenshots_climate-news_dpr1_page1_1440x900.sdr.png,iq_both,6,44,8374,57.3850,
8100-lilith-web-screenshots,imazen-26-png-v3/png-v3/8100-lilith-web-screenshots/1440x900/8106_web-screenshots_climate-news_dpr1_page1_1440x900.sdr.png,iq_both,10,20,22297,85.2018,
8100-lilith-web-screenshots,imazen-26-png-v3/png-v3/8100-lilith-web-screenshots/1440x900/8106_web-screenshots_climate-news_dpr1_page1_1440x900.sdr.png,iq_both,10,32,15945,75.9978,
8100-lilith-web-screenshots,imazen-26-png-v3/png-v3/8100-lilith-web-screenshots/1440x900/8106_web-screenshots_climate-news_dpr1_page1_1440x900.sdr.png,iq_both,10,44,9109,53.8720,
8100-lilith-web-screenshots,imazen-26-png-v3/png-v3/8100-lilith-web-screenshots/1440x900/8106_web-screenshots_climate-news_dpr1_page1_1440x900.sdr.png,adef,6,20,17845,82.3536,
8100-lilith-web-screenshots,imazen-26-png-v3/png-v3/8100-lilith-web-screenshots/1440x900/8106_web-screenshots_climate-news_dpr1_page1_1440x900.sdr.png,adef,6,32,12285,70.0731,
8100-lilith-web-screenshots,imazen-26-png-v3/png-v3/8100-lilith-web-screenshots/1440x900/8106_web-screenshots_climate-news_dpr1_page1_1440x900.sdr.png,adef,6,44,7616,42.2897,
8100-lilith-web-screenshots,imazen-26-png-v3/png-v3/8100-lilith-web-screenshots/1440x900/8106_web-screenshots_climate-news_dpr1_page1_1440x900.sdr.png,adef,10,20,29384,81.0669,
8100-lilith-web-screenshots,imazen-26-png-v3/png-v3/8100-lilith-web-screenshots/1440x900/8106_web-screenshots_climate-news_dpr1_page1_1440x900.sdr.png,adef,10,32,18139,65.4969,
8100-lilith-web-screenshots,imazen-26-png-v3/png-v3/8100-lilith-web-screenshots/1440x900/8106_web-screenshots_climate-news_dpr1_page1_1440x900.sdr.png,adef,10,44,8522,32.8247,
8100-lilith-web-screenshots,imazen-26-png-v3/png-v3/8100-lilith-web-screenshots/1440x900/8106_web-screenshots_climate-news_dpr1_page1_1440x900.sdr.png,asharp,6,20,17845,82.3439,
8100-lilith-web-screenshots,imazen-26-png-v3/png-v3/8100-lilith-web-screenshots/1440x900/8106_web-screenshots_climate-news_dpr1_page1_1440x900.sdr.png,asharp,6,32,12287,70.1018,
8100-lilith-web-screenshots,imazen-26-png-v3/png-v3/8100-lilith-web-screenshots/1440x900/8106_web-screenshots_climate-news_dpr1_page1_1440x900.sdr.png,asharp,6,44,7616,42.3440,
8100-lilith-web-screenshots,imazen-26-png-v3/png-v3/8100-lilith-web-screenshots/1440x900/8106_web-screenshots_climate-news_dpr1_page1_1440x900.sdr.png,asharp,10,20,29384,81.1663,
8100-lilith-web-screenshots,imazen-26-png-v3/png-v3/8100-lilith-web-screenshots/1440x900/8106_web-screenshots_climate-news_dpr1_page1_1440x900.sdr.png,asharp,10,32,18139,65.5459,
8100-lilith-web-screenshots,imazen-26-png-v3/png-v3/8100-lilith-web-screenshots/1440x900/8106_web-screenshots_climate-news_dpr1_page1_1440x900.sdr.png,asharp,10,44,8522,32.9743,
8100-lilith-web-screenshots,imazen-26-png-v3/png-v3/8100-lilith-web-screenshots/2880x1800/8267_web-screenshots_usgs-topoview_dpr2_page1_2880x1800.sdr.png,iq_adef,6,20,27520,85.4104,
8100-lilith-web-screenshots,imazen-26-png-v3/png-v3/8100-lilith-web-screenshots/2880x1800/8267_web-screenshots_usgs-topoview_dpr2_page1_2880x1800.sdr.png,iq_adef,6,32,18198,75.3638,
8100-lilith-web-screenshots,imazen-26-png-v3/png-v3/8100-lilith-web-screenshots/2880x1800/8267_web-screenshots_usgs-topoview_dpr2_page1_2880x1800.sdr.png,iq_adef,6,44,9984,52.6208,
8100-lilith-web-screenshots,imazen-26-png-v3/png-v3/8100-lilith-web-screenshots/2880x1800/8267_web-screenshots_usgs-topoview_dpr2_page1_2880x1800.sdr.png,iq_adef,10,20,30374,84.3290,
8100-lilith-web-screenshots,imazen-26-png-v3/png-v3/8100-lilith-web-screenshots/2880x1800/8267_web-screenshots_usgs-topoview_dpr2_page1_2880x1800.sdr.png,iq_adef,10,32,20004,73.6788,
8100-lilith-web-screenshots,imazen-26-png-v3/png-v3/8100-lilith-web-screenshots/2880x1800/8267_web-screenshots_usgs-topoview_dpr2_page1_2880x1800.sdr.png,iq_adef,10,44,10856,50.0266,
8100-lilith-web-screenshots,imazen-26-png-v3/png-v3/8100-lilith-web-screenshots/2880x1800/8267_web-screenshots_usgs-topoview_dpr2_page1_2880x1800.sdr.png,iq_asharp,6,20,27518,85.0835,
8100-lilith-web-screenshots,imazen-26-png-v3/png-v3/8100-lilith-web-screenshots/2880x1800/8267_web-screenshots_usgs-topoview_dpr2_page1_2880x1800.sdr.png,iq_asharp,6,32,18198,74.8685,
8100-lilith-web-screenshots,imazen-26-png-v3/png-v3/8100-lilith-web-screenshots/2880x1800/8267_web-screenshots_usgs-topoview_dpr2_page1_2880x1800.sdr.png,iq_asharp,6,44,9984,52.7804,
8100-lilith-web-screenshots,imazen-26-png-v3/png-v3/8100-lilith-web-screenshots/2880x1800/8267_web-screenshots_usgs-topoview_dpr2_page1_2880x1800.sdr.png,iq_asharp,10,20,30374,84.3831,
8100-lilith-web-screenshots,imazen-26-png-v3/png-v3/8100-lilith-web-screenshots/2880x1800/8267_web-screenshots_usgs-topoview_dpr2_page1_2880x1800.sdr.png,iq_asharp,10,32,20004,73.9809,
8100-lilith-web-screenshots,imazen-26-png-v3/png-v3/8100-lilith-web-screenshots/2880x1800/8267_web-screenshots_usgs-topoview_dpr2_page1_2880x1800.sdr.png,iq_asharp,10,44,10856,50.4339,
8100-lilith-web-screenshots,imazen-26-png-v3/png-v3/8100-lilith-web-screenshots/2880x1800/8267_web-screenshots_usgs-topoview_dpr2_page1_2880x1800.sdr.png,iq_both,6,20,27520,85.4104,
8100-lilith-web-screenshots,imazen-26-png-v3/png-v3/8100-lilith-web-screenshots/2880x1800/8267_web-screenshots_usgs-topoview_dpr2_page1_2880x1800.sdr.png,iq_both,6,32,18198,75.3638,
8100-lilith-web-screenshots,imazen-26-png-v3/png-v3/8100-lilith-web-screenshots/2880x1800/8267_web-screenshots_usgs-topoview_dpr2_page1_2880x1800.sdr.png,iq_both,6,44,9984,52.6208,
8100-lilith-web-screenshots,imazen-26-png-v3/png-v3/8100-lilith-web-screenshots/2880x1800/8267_web-screenshots_usgs-topoview_dpr2_page1_2880x1800.sdr.png,iq_both,10,20,30374,84.3290,
8100-lilith-web-screenshots,imazen-26-png-v3/png-v3/8100-lilith-web-screenshots/2880x1800/8267_web-screenshots_usgs-topoview_dpr2_page1_2880x1800.sdr.png,iq_both,10,32,20004,73.6788,
8100-lilith-web-screenshots,imazen-26-png-v3/png-v3/8100-lilith-web-screenshots/2880x1800/8267_web-screenshots_usgs-topoview_dpr2_page1_2880x1800.sdr.png,iq_both,10,44,10856,50.0266,
8100-lilith-web-screenshots,imazen-26-png-v3/png-v3/8100-lilith-web-screenshots/2880x1800/8267_web-screenshots_usgs-topoview_dpr2_page1_2880x1800.sdr.png,adef,6,20,24942,81.2522,
8100-lilith-web-screenshots,imazen-26-png-v3/png-v3/8100-lilith-web-screenshots/2880x1800/8267_web-screenshots_usgs-topoview_dpr2_page1_2880x1800.sdr.png,adef,6,32,14744,63.1983,
8100-lilith-web-screenshots,imazen-26-png-v3/png-v3/8100-lilith-web-screenshots/2880x1800/8267_web-screenshots_usgs-topoview_dpr2_page1_2880x1800.sdr.png,adef,6,44,7961,34.9647,
8100-lilith-web-screenshots,imazen-26-png-v3/png-v3/8100-lilith-web-screenshots/2880x1800/8267_web-screenshots_usgs-topoview_dpr2_page1_2880x1800.sdr.png,adef,10,20,29787,78.3163,
8100-lilith-web-screenshots,imazen-26-png-v3/png-v3/8100-lilith-web-screenshots/2880x1800/8267_web-screenshots_usgs-topoview_dpr2_page1_2880x1800.sdr.png,adef,10,32,16802,62.9623,
8100-lilith-web-screenshots,imazen-26-png-v3/png-v3/8100-lilith-web-screenshots/2880x1800/8267_web-screenshots_usgs-topoview_dpr2_page1_2880x1800.sdr.png,adef,10,44,8172,32.1357,
8100-lilith-web-screenshots,imazen-26-png-v3/png-v3/8100-lilith-web-screenshots/2880x1800/8267_web-screenshots_usgs-topoview_dpr2_page1_2880x1800.sdr.png,asharp,6,20,24936,81.0851,
8100-lilith-web-screenshots,imazen-26-png-v3/png-v3/8100-lilith-web-screenshots/2880x1800/8267_web-screenshots_usgs-topoview_dpr2_page1_2880x1800.sdr.png,asharp,6,32,14744,62.9495,
8100-lilith-web-screenshots,imazen-26-png-v3/png-v3/8100-lilith-web-screenshots/2880x1800/8267_web-screenshots_usgs-topoview_dpr2_page1_2880x1800.sdr.png,asharp,6,44,7961,35.1143,
8100-lilith-web-screenshots,imazen-26-png-v3/png-v3/8100-lilith-web-screenshots/2880x1800/8267_web-screenshots_usgs-topoview_dpr2_page1_2880x1800.sdr.png,asharp,10,20,29787,78.3485,
8100-lilith-web-screenshots,imazen-26-png-v3/png-v3/8100-lilith-web-screenshots/2880x1800/8267_web-screenshots_usgs-topoview_dpr2_page1_2880x1800.sdr.png,asharp,10,32,16802,63.0261,
8100-lilith-web-screenshots,imazen-26-png-v3/png-v3/8100-lilith-web-screenshots/2880x1800/8267_web-screenshots_usgs-topoview_dpr2_page1_2880x1800.sdr.png,asharp,10,44,8172,32.2755,
9000-lilith-ai-clipart,imazen-26-png-v3/png-v3/9000-lilith-ai-clipart/9036_gen_clipart_laptop-coffee_1024x1024.sdr.png,iq_adef,6,20,17205,87.5117,
9000-lilith-ai-clipart,imazen-26-png-v3/png-v3/9000-lilith-ai-clipart/9036_gen_clipart_laptop-coffee_1024x1024.sdr.png,iq_adef,6,32,11870,80.1738,
9000-lilith-ai-clipart,imazen-26-png-v3/png-v3/9000-lilith-ai-clipart/9036_gen_clipart_laptop-coffee_1024x1024.sdr.png,iq_adef,6,44,7076,65.4391,
9000-lilith-ai-clipart,imazen-26-png-v3/png-v3/9000-lilith-ai-clipart/9036_gen_clipart_laptop-coffee_1024x1024.sdr.png,iq_adef,10,20,19986,85.0394,
9000-lilith-ai-clipart,imazen-26-png-v3/png-v3/9000-lilith-ai-clipart/9036_gen_clipart_laptop-coffee_1024x1024.sdr.png,iq_adef,10,32,13353,76.9369,
9000-lilith-ai-clipart,imazen-26-png-v3/png-v3/9000-lilith-ai-clipart/9036_gen_clipart_laptop-coffee_1024x1024.sdr.png,iq_adef,10,44,7654,61.1674,
9000-lilith-ai-clipart,imazen-26-png-v3/png-v3/9000-lilith-ai-clipart/9036_gen_clipart_laptop-coffee_1024x1024.sdr.png,iq_asharp,6,20,17211,88.2092,
9000-lilith-ai-clipart,imazen-26-png-v3/png-v3/9000-lilith-ai-clipart/9036_gen_clipart_laptop-coffee_1024x1024.sdr.png,iq_asharp,6,32,11870,81.2552,
9000-lilith-ai-clipart,imazen-26-png-v3/png-v3/9000-lilith-ai-clipart/9036_gen_clipart_laptop-coffee_1024x1024.sdr.png,iq_asharp,6,44,7073,66.3152,
9000-lilith-ai-clipart,imazen-26-png-v3/png-v3/9000-lilith-ai-clipart/9036_gen_clipart_laptop-coffee_1024x1024.sdr.png,iq_asharp,10,20,19986,85.2200,
9000-lilith-ai-clipart,imazen-26-png-v3/png-v3/9000-lilith-ai-clipart/9036_gen_clipart_laptop-coffee_1024x1024.sdr.png,iq_asharp,10,32,13353,77.1192,
9000-lilith-ai-clipart,imazen-26-png-v3/png-v3/9000-lilith-ai-clipart/9036_gen_clipart_laptop-coffee_1024x1024.sdr.png,iq_asharp,10,44,7654,61.5119,
9000-lilith-ai-clipart,imazen-26-png-v3/png-v3/9000-lilith-ai-clipart/9036_gen_clipart_laptop-coffee_1024x1024.sdr.png,iq_both,6,20,17205,87.5117,
9000-lilith-ai-clipart,imazen-26-png-v3/png-v3/9000-lilith-ai-clipart/9036_gen_clipart_laptop-coffee_1024x1024.sdr.png,iq_both,6,32,11870,80.1738,
9000-lilith-ai-clipart,imazen-26-png-v3/png-v3/9000-lilith-ai-clipart/9036_gen_clipart_laptop-coffee_1024x1024.sdr.png,iq_both,6,44,7076,65.4391,
9000-lilith-ai-clipart,imazen-26-png-v3/png-v3/9000-lilith-ai-clipart/9036_gen_clipart_laptop-coffee_1024x1024.sdr.png,iq_both,10,20,19986,85.0394,
9000-lilith-ai-clipart,imazen-26-png-v3/png-v3/9000-lilith-ai-clipart/9036_gen_clipart_laptop-coffee_1024x1024.sdr.png,iq_both,10,32,13353,76.9369,
9000-lilith-ai-clipart,imazen-26-png-v3/png-v3/9000-lilith-ai-clipart/9036_gen_clipart_laptop-coffee_1024x1024.sdr.png,iq_both,10,44,7654,61.1674,
9000-lilith-ai-clipart,imazen-26-png-v3/png-v3/9000-lilith-ai-clipart/9036_gen_clipart_laptop-coffee_1024x1024.sdr.png,adef,6,20,16551,85.2203,
9000-lilith-ai-clipart,imazen-26-png-v3/png-v3/9000-lilith-ai-clipart/9036_gen_clipart_laptop-coffee_1024x1024.sdr.png,adef,6,32,11610,77.3907,
9000-lilith-ai-clipart,imazen-26-png-v3/png-v3/9000-lilith-ai-clipart/9036_gen_clipart_laptop-coffee_1024x1024.sdr.png,adef,6,44,7055,61.1645,
9000-lilith-ai-clipart,imazen-26-png-v3/png-v3/9000-lilith-ai-clipart/9036_gen_clipart_laptop-coffee_1024x1024.sdr.png,adef,10,20,19729,84.7270,
9000-lilith-ai-clipart,imazen-26-png-v3/png-v3/9000-lilith-ai-clipart/9036_gen_clipart_laptop-coffee_1024x1024.sdr.png,adef,10,32,13381,76.8673,
9000-lilith-ai-clipart,imazen-26-png-v3/png-v3/9000-lilith-ai-clipart/9036_gen_clipart_laptop-coffee_1024x1024.sdr.png,adef,10,44,7738,58.0184,
9000-lilith-ai-clipart,imazen-26-png-v3/png-v3/9000-lilith-ai-clipart/9036_gen_clipart_laptop-coffee_1024x1024.sdr.png,asharp,6,20,16548,85.9254,
9000-lilith-ai-clipart,imazen-26-png-v3/png-v3/9000-lilith-ai-clipart/9036_gen_clipart_laptop-coffee_1024x1024.sdr.png,asharp,6,32,11612,77.8246,
9000-lilith-ai-clipart,imazen-26-png-v3/png-v3/9000-lilith-ai-clipart/9036_gen_clipart_laptop-coffee_1024x1024.sdr.png,asharp,6,44,7055,61.9657,
9000-lilith-ai-clipart,imazen-26-png-v3/png-v3/9000-lilith-ai-clipart/9036_gen_clipart_laptop-coffee_1024x1024.sdr.png,asharp,10,20,19729,84.7543,
9000-lilith-ai-clipart,imazen-26-png-v3/png-v3/9000-lilith-ai-clipart/9036_gen_clipart_laptop-coffee_1024x1024.sdr.png,asharp,10,32,13381,77.0422,
9000-lilith-ai-clipart,imazen-26-png-v3/png-v3/9000-lilith-ai-clipart/9036_gen_clipart_laptop-coffee_1024x1024.sdr.png,asharp,10,44,7738,58.4604,
9000-lilith-ai-clipart,imazen-26-png-v3/png-v3/9000-lilith-ai-clipart/9070_gen_clipart_sunflower-cheerful_1024x1536.sdr.png,iq_adef,6,20,16200,87.7706,
9000-lilith-ai-clipart,imazen-26-png-v3/png-v3/9000-lilith-ai-clipart/9070_gen_clipart_sunflower-cheerful_1024x1536.sdr.png,iq_adef,6,32,11061,83.1366,
9000-lilith-ai-clipart,imazen-26-png-v3/png-v3/9000-lilith-ai-clipart/9070_gen_clipart_sunflower-cheerful_1024x1536.sdr.png,iq_adef,6,44,6587,71.4571,
9000-lilith-ai-clipart,imazen-26-png-v3/png-v3/9000-lilith-ai-clipart/9070_gen_clipart_sunflower-cheerful_1024x1536.sdr.png,iq_adef,10,20,19601,86.9535,
9000-lilith-ai-clipart,imazen-26-png-v3/png-v3/9000-lilith-ai-clipart/9070_gen_clipart_sunflower-cheerful_1024x1536.sdr.png,iq_adef,10,32,13664,81.6227,
9000-lilith-ai-clipart,imazen-26-png-v3/png-v3/9000-lilith-ai-clipart/9070_gen_clipart_sunflower-cheerful_1024x1536.sdr.png,iq_adef,10,44,7954,69.0748,
9000-lilith-ai-clipart,imazen-26-png-v3/png-v3/9000-lilith-ai-clipart/9070_gen_clipart_sunflower-cheerful_1024x1536.sdr.png,iq_asharp,6,20,16205,87.5918,
9000-lilith-ai-clipart,imazen-26-png-v3/png-v3/9000-lilith-ai-clipart/9070_gen_clipart_sunflower-cheerful_1024x1536.sdr.png,iq_asharp,6,32,11061,83.1616,
9000-lilith-ai-clipart,imazen-26-png-v3/png-v3/9000-lilith-ai-clipart/9070_gen_clipart_sunflower-cheerful_1024x1536.sdr.png,iq_asharp,6,44,6587,71.6433,
9000-lilith-ai-clipart,imazen-26-png-v3/png-v3/9000-lilith-ai-clipart/9070_gen_clipart_sunflower-cheerful_1024x1536.sdr.png,iq_asharp,10,20,19601,87.0715,
9000-lilith-ai-clipart,imazen-26-png-v3/png-v3/9000-lilith-ai-clipart/9070_gen_clipart_sunflower-cheerful_1024x1536.sdr.png,iq_asharp,10,32,13664,82.0008,
9000-lilith-ai-clipart,imazen-26-png-v3/png-v3/9000-lilith-ai-clipart/9070_gen_clipart_sunflower-cheerful_1024x1536.sdr.png,iq_asharp,10,44,7954,69.2587,
9000-lilith-ai-clipart,imazen-26-png-v3/png-v3/9000-lilith-ai-clipart/9070_gen_clipart_sunflower-cheerful_1024x1536.sdr.png,iq_both,6,20,16200,87.7706,
9000-lilith-ai-clipart,imazen-26-png-v3/png-v3/9000-lilith-ai-clipart/9070_gen_clipart_sunflower-cheerful_1024x1536.sdr.png,iq_both,6,32,11061,83.1366,
9000-lilith-ai-clipart,imazen-26-png-v3/png-v3/9000-lilith-ai-clipart/9070_gen_clipart_sunflower-cheerful_1024x1536.sdr.png,iq_both,6,44,6587,71.4571,
9000-lilith-ai-clipart,imazen-26-png-v3/png-v3/9000-lilith-ai-clipart/9070_gen_clipart_sunflower-cheerful_1024x1536.sdr.png,iq_both,10,20,19601,86.9535,
9000-lilith-ai-clipart,imazen-26-png-v3/png-v3/9000-lilith-ai-clipart/9070_gen_clipart_sunflower-cheerful_1024x1536.sdr.png,iq_both,10,32,13664,81.6227,
9000-lilith-ai-clipart,imazen-26-png-v3/png-v3/9000-lilith-ai-clipart/9070_gen_clipart_sunflower-cheerful_1024x1536.sdr.png,iq_both,10,44,7954,69.0748,
9000-lilith-ai-clipart,imazen-26-png-v3/png-v3/9000-lilith-ai-clipart/9070_gen_clipart_sunflower-cheerful_1024x1536.sdr.png,adef,6,20,13123,85.2803,
9000-lilith-ai-clipart,imazen-26-png-v3/png-v3/9000-lilith-ai-clipart/9070_gen_clipart_sunflower-cheerful_1024x1536.sdr.png,adef,6,32,8154,76.6631,
9000-lilith-ai-clipart,imazen-26-png-v3/png-v3/9000-lilith-ai-clipart/9070_gen_clipart_sunflower-cheerful_1024x1536.sdr.png,adef,6,44,4839,57.3345,
9000-lilith-ai-clipart,imazen-26-png-v3/png-v3/9000-lilith-ai-clipart/9070_gen_clipart_sunflower-cheerful_1024x1536.sdr.png,adef,10,20,18277,82.3162,
9000-lilith-ai-clipart,imazen-26-png-v3/png-v3/9000-lilith-ai-clipart/9070_gen_clipart_sunflower-cheerful_1024x1536.sdr.png,adef,10,32,11215,72.6182,
9000-lilith-ai-clipart,imazen-26-png-v3/png-v3/9000-lilith-ai-clipart/9070_gen_clipart_sunflower-cheerful_1024x1536.sdr.png,adef,10,44,5992,52.8055,
9000-lilith-ai-clipart,imazen-26-png-v3/png-v3/9000-lilith-ai-clipart/9070_gen_clipart_sunflower-cheerful_1024x1536.sdr.png,asharp,6,20,13123,85.2632,
9000-lilith-ai-clipart,imazen-26-png-v3/png-v3/9000-lilith-ai-clipart/9070_gen_clipart_sunflower-cheerful_1024x1536.sdr.png,asharp,6,32,8154,76.6200,
9000-lilith-ai-clipart,imazen-26-png-v3/png-v3/9000-lilith-ai-clipart/9070_gen_clipart_sunflower-cheerful_1024x1536.sdr.png,asharp,6,44,4840,57.4610,
9000-lilith-ai-clipart,imazen-26-png-v3/png-v3/9000-lilith-ai-clipart/9070_gen_clipart_sunflower-cheerful_1024x1536.sdr.png,asharp,10,20,18277,82.4881,
9000-lilith-ai-clipart,imazen-26-png-v3/png-v3/9000-lilith-ai-clipart/9070_gen_clipart_sunflower-cheerful_1024x1536.sdr.png,asharp,10,32,11215,72.7701,
9000-lilith-ai-clipart,imazen-26-png-v3/png-v3/9000-lilith-ai-clipart/9070_gen_clipart_sunflower-cheerful_1024x1536.sdr.png,asharp,10,44,5992,53.0008,
9094-lilith-ai-illustrations,imazen-26-png-v3/png-v3/9094-lilith-ai-illustrations/9100_gen_illustrations_bath-candles-evening_1024x1536.sdr.png,iq_adef,6,20,48044,78.9448,
9094-lilith-ai-illustrations,imazen-26-png-v3/png-v3/9094-lilith-ai-illustrations/9100_gen_illustrations_bath-candles-evening_1024x1536.sdr.png,iq_adef,6,32,27692,66.8585,
9094-lilith-ai-illustrations,imazen-26-png-v3/png-v3/9094-lilith-ai-illustrations/9100_gen_illustrations_bath-candles-evening_1024x1536.sdr.png,iq_adef,6,44,10151,36.0176,
9094-lilith-ai-illustrations,imazen-26-png-v3/png-v3/9094-lilith-ai-illustrations/9100_gen_illustrations_bath-candles-evening_1024x1536.sdr.png,iq_adef,10,20,49695,78.6008,
9094-lilith-ai-illustrations,imazen-26-png-v3/png-v3/9094-lilith-ai-illustrations/9100_gen_illustrations_bath-candles-evening_1024x1536.sdr.png,iq_adef,10,32,28976,66.9189,
9094-lilith-ai-illustrations,imazen-26-png-v3/png-v3/9094-lilith-ai-illustrations/9100_gen_illustrations_bath-candles-evening_1024x1536.sdr.png,iq_adef,10,44,10911,36.7020,
9094-lilith-ai-illustrations,imazen-26-png-v3/png-v3/9094-lilith-ai-illustrations/9100_gen_illustrations_bath-candles-evening_1024x1536.sdr.png,iq_asharp,6,20,48039,78.7981,
9094-lilith-ai-illustrations,imazen-26-png-v3/png-v3/9094-lilith-ai-illustrations/9100_gen_illustrations_bath-candles-evening_1024x1536.sdr.png,iq_asharp,6,32,27682,66.8213,
9094-lilith-ai-illustrations,imazen-26-png-v3/png-v3/9094-lilith-ai-illustrations/9100_gen_illustrations_bath-candles-evening_1024x1536.sdr.png,iq_asharp,6,44,10149,35.8284,
9094-lilith-ai-illustrations,imazen-26-png-v3/png-v3/9094-lilith-ai-illustrations/9100_gen_illustrations_bath-candles-evening_1024x1536.sdr.png,iq_asharp,10,20,49695,78.6447,
9094-lilith-ai-illustrations,imazen-26-png-v3/png-v3/9094-lilith-ai-illustrations/9100_gen_illustrations_bath-candles-evening_1024x1536.sdr.png,iq_asharp,10,32,28976,67.0785,
9094-lilith-ai-illustrations,imazen-26-png-v3/png-v3/9094-lilith-ai-illustrations/9100_gen_illustrations_bath-candles-evening_1024x1536.sdr.png,iq_asharp,10,44,10911,37.0471,
9094-lilith-ai-illustrations,imazen-26-png-v3/png-v3/9094-lilith-ai-illustrations/9100_gen_illustrations_bath-candles-evening_1024x1536.sdr.png,iq_both,6,20,48044,78.9448,
9094-lilith-ai-illustrations,imazen-26-png-v3/png-v3/9094-lilith-ai-illustrations/9100_gen_illustrations_bath-candles-evening_1024x1536.sdr.png,iq_both,6,32,27692,66.8585,
9094-lilith-ai-illustrations,imazen-26-png-v3/png-v3/9094-lilith-ai-illustrations/9100_gen_illustrations_bath-candles-evening_1024x1536.sdr.png,iq_both,6,44,10151,36.0176,
9094-lilith-ai-illustrations,imazen-26-png-v3/png-v3/9094-lilith-ai-illustrations/9100_gen_illustrations_bath-candles-evening_1024x1536.sdr.png,iq_both,10,20,49695,78.6008,
9094-lilith-ai-illustrations,imazen-26-png-v3/png-v3/9094-lilith-ai-illustrations/9100_gen_illustrations_bath-candles-evening_1024x1536.sdr.png,iq_both,10,32,28976,66.9189,
9094-lilith-ai-illustrations,imazen-26-png-v3/png-v3/9094-lilith-ai-illustrations/9100_gen_illustrations_bath-candles-evening_1024x1536.sdr.png,iq_both,10,44,10911,36.7020,
9094-lilith-ai-illustrations,imazen-26-png-v3/png-v3/9094-lilith-ai-illustrations/9100_gen_illustrations_bath-candles-evening_1024x1536.sdr.png,adef,6,20,36007,70.0731,
9094-lilith-ai-illustrations,imazen-26-png-v3/png-v3/9094-lilith-ai-illustrations/9100_gen_illustrations_bath-candles-evening_1024x1536.sdr.png,adef,6,32,14728,41.4434,
9094-lilith-ai-illustrations,imazen-26-png-v3/png-v3/9094-lilith-ai-illustrations/9100_gen_illustrations_bath-candles-evening_1024x1536.sdr.png,adef,6,44,4021,2.7448,
9094-lilith-ai-illustrations,imazen-26-png-v3/png-v3/9094-lilith-ai-illustrations/9100_gen_illustrations_bath-candles-evening_1024x1536.sdr.png,adef,10,20,36541,69.2151,
9094-lilith-ai-illustrations,imazen-26-png-v3/png-v3/9094-lilith-ai-illustrations/9100_gen_illustrations_bath-candles-evening_1024x1536.sdr.png,adef,10,32,13957,39.6321,
9094-lilith-ai-illustrations,imazen-26-png-v3/png-v3/9094-lilith-ai-illustrations/9100_gen_illustrations_bath-candles-evening_1024x1536.sdr.png,adef,10,44,4039,6.3792,
9094-lilith-ai-illustrations,imazen-26-png-v3/png-v3/9094-lilith-ai-illustrations/9100_gen_illustrations_bath-candles-evening_1024x1536.sdr.png,asharp,6,20,36003,69.9219,
9094-lilith-ai-illustrations,imazen-26-png-v3/png-v3/9094-lilith-ai-illustrations/9100_gen_illustrations_bath-candles-evening_1024x1536.sdr.png,asharp,6,32,14726,41.3247,
9094-lilith-ai-illustrations,imazen-26-png-v3/png-v3/9094-lilith-ai-illustrations/9100_gen_illustrations_bath-candles-evening_1024x1536.sdr.png,asharp,6,44,4021,2.8358,
9094-lilith-ai-illustrations,imazen-26-png-v3/png-v3/9094-lilith-ai-illustrations/9100_gen_illustrations_bath-candles-evening_1024x1536.sdr.png,asharp,10,20,36541,69.2224,
9094-lilith-ai-illustrations,imazen-26-png-v3/png-v3/9094-lilith-ai-illustrations/9100_gen_illustrations_bath-candles-evening_1024x1536.sdr.png,asharp,10,32,13957,39.7855,
9094-lilith-ai-illustrations,imazen-26-png-v3/png-v3/9094-lilith-ai-illustrations/9100_gen_illustrations_bath-candles-evening_1024x1536.sdr.png,asharp,10,44,4039,6.1232,
9094-lilith-ai-illustrations,imazen-26-png-v3/png-v3/9094-lilith-ai-illustrations/9135_gen_illustrations_old-fisherman-river_1024x1536.sdr.png,iq_adef,6,20,55710,78.4518,
9094-lilith-ai-illustrations,imazen-26-png-v3/png-v3/9094-lilith-ai-illustrations/9135_gen_illustrations_old-fisherman-river_1024x1536.sdr.png,iq_adef,6,32,32079,65.0713,
9094-lilith-ai-illustrations,imazen-26-png-v3/png-v3/9094-lilith-ai-illustrations/9135_gen_illustrations_old-fisherman-river_1024x1536.sdr.png,iq_adef,6,44,12886,30.3450,
9094-lilith-ai-illustrations,imazen-26-png-v3/png-v3/9094-lilith-ai-illustrations/9135_gen_illustrations_old-fisherman-river_1024x1536.sdr.png,iq_adef,10,20,60180,77.8072,
9094-lilith-ai-illustrations,imazen-26-png-v3/png-v3/9094-lilith-ai-illustrations/9135_gen_illustrations_old-fisherman-river_1024x1536.sdr.png,iq_adef,10,32,34654,64.2742,
9094-lilith-ai-illustrations,imazen-26-png-v3/png-v3/9094-lilith-ai-illustrations/9135_gen_illustrations_old-fisherman-river_1024x1536.sdr.png,iq_adef,10,44,13616,29.9632,
9094-lilith-ai-illustrations,imazen-26-png-v3/png-v3/9094-lilith-ai-illustrations/9135_gen_illustrations_old-fisherman-river_1024x1536.sdr.png,iq_asharp,6,20,55710,78.3388,
9094-lilith-ai-illustrations,imazen-26-png-v3/png-v3/9094-lilith-ai-illustrations/9135_gen_illustrations_old-fisherman-river_1024x1536.sdr.png,iq_asharp,6,32,32079,64.9411,
9094-lilith-ai-illustrations,imazen-26-png-v3/png-v3/9094-lilith-ai-illustrations/9135_gen_illustrations_old-fisherman-river_1024x1536.sdr.png,iq_asharp,6,44,12886,30.0273,
9094-lilith-ai-illustrations,imazen-26-png-v3/png-v3/9094-lilith-ai-illustrations/9135_gen_illustrations_old-fisherman-river_1024x1536.sdr.png,iq_asharp,10,20,60180,77.8930,
9094-lilith-ai-illustrations,imazen-26-png-v3/png-v3/9094-lilith-ai-illustrations/9135_gen_illustrations_old-fisherman-river_1024x1536.sdr.png,iq_asharp,10,32,34654,64.5617,
9094-lilith-ai-illustrations,imazen-26-png-v3/png-v3/9094-lilith-ai-illustrations/9135_gen_illustrations_old-fisherman-river_1024x1536.sdr.png,iq_asharp,10,44,13616,30.3809,
9094-lilith-ai-illustrations,imazen-26-png-v3/png-v3/9094-lilith-ai-illustrations/9135_gen_illustrations_old-fisherman-river_1024x1536.sdr.png,iq_both,6,20,55710,78.4518,
9094-lilith-ai-illustrations,imazen-26-png-v3/png-v3/9094-lilith-ai-illustrations/9135_gen_illustrations_old-fisherman-river_1024x1536.sdr.png,iq_both,6,32,32079,65.0713,
9094-lilith-ai-illustrations,imazen-26-png-v3/png-v3/9094-lilith-ai-illustrations/9135_gen_illustrations_old-fisherman-river_1024x1536.sdr.png,iq_both,6,44,12886,30.3450,
9094-lilith-ai-illustrations,imazen-26-png-v3/png-v3/9094-lilith-ai-illustrations/9135_gen_illustrations_old-fisherman-river_1024x1536.sdr.png,iq_both,10,20,60180,77.8072,
9094-lilith-ai-illustrations,imazen-26-png-v3/png-v3/9094-lilith-ai-illustrations/9135_gen_illustrations_old-fisherman-river_1024x1536.sdr.png,iq_both,10,32,34654,64.2742,
9094-lilith-ai-illustrations,imazen-26-png-v3/png-v3/9094-lilith-ai-illustrations/9135_gen_illustrations_old-fisherman-river_1024x1536.sdr.png,iq_both,10,44,13616,29.9632,
9094-lilith-ai-illustrations,imazen-26-png-v3/png-v3/9094-lilith-ai-illustrations/9135_gen_illustrations_old-fisherman-river_1024x1536.sdr.png,adef,6,20,45150,71.1388,
9094-lilith-ai-illustrations,imazen-26-png-v3/png-v3/9094-lilith-ai-illustrations/9135_gen_illustrations_old-fisherman-river_1024x1536.sdr.png,adef,6,32,20992,42.7169,
9094-lilith-ai-illustrations,imazen-26-png-v3/png-v3/9094-lilith-ai-illustrations/9135_gen_illustrations_old-fisherman-river_1024x1536.sdr.png,adef,6,44,6967,6.4251,
9094-lilith-ai-illustrations,imazen-26-png-v3/png-v3/9094-lilith-ai-illustrations/9135_gen_illustrations_old-fisherman-river_1024x1536.sdr.png,adef,10,20,47736,69.0096,
9094-lilith-ai-illustrations,imazen-26-png-v3/png-v3/9094-lilith-ai-illustrations/9135_gen_illustrations_old-fisherman-river_1024x1536.sdr.png,adef,10,32,20628,38.2560,
9094-lilith-ai-illustrations,imazen-26-png-v3/png-v3/9094-lilith-ai-illustrations/9135_gen_illustrations_old-fisherman-river_1024x1536.sdr.png,adef,10,44,6662,8.9195,
9094-lilith-ai-illustrations,imazen-26-png-v3/png-v3/9094-lilith-ai-illustrations/9135_gen_illustrations_old-fisherman-river_1024x1536.sdr.png,asharp,6,20,45150,70.9499,
9094-lilith-ai-illustrations,imazen-26-png-v3/png-v3/9094-lilith-ai-illustrations/9135_gen_illustrations_old-fisherman-river_1024x1536.sdr.png,asharp,6,32,20991,42.3198,
9094-lilith-ai-illustrations,imazen-26-png-v3/png-v3/9094-lilith-ai-illustrations/9135_gen_illustrations_old-fisherman-river_1024x1536.sdr.png,asharp,6,44,6968,6.6895,
9094-lilith-ai-illustrations,imazen-26-png-v3/png-v3/9094-lilith-ai-illustrations/9135_gen_illustrations_old-fisherman-river_1024x1536.sdr.png,asharp,10,20,47736,69.1242,
9094-lilith-ai-illustrations,imazen-26-png-v3/png-v3/9094-lilith-ai-illustrations/9135_gen_illustrations_old-fisherman-river_1024x1536.sdr.png,asharp,10,32,20628,38.4063,
9094-lilith-ai-illustrations,imazen-26-png-v3/png-v3/9094-lilith-ai-illustrations/9135_gen_illustrations_old-fisherman-river_1024x1536.sdr.png,asharp,10,44,6662,8.7094,
9226-lilith-ai-products,imazen-26-png-v3/png-v3/9226-lilith-ai-products/beauty/9303_gen_products-beauty_florwell-bath-soak-back_ingredients_p0074_1024x1536.sdr.png,iq_adef,6,20,38354,75.5933,
9226-lilith-ai-products,imazen-26-png-v3/png-v3/9226-lilith-ai-products/beauty/9303_gen_products-beauty_florwell-bath-soak-back_ingredients_p0074_1024x1536.sdr.png,iq_adef,6,32,21035,62.8292,
9226-lilith-ai-products,imazen-26-png-v3/png-v3/9226-lilith-ai-products/beauty/9303_gen_products-beauty_florwell-bath-soak-back_ingredients_p0074_1024x1536.sdr.png,iq_adef,6,44,8552,38.4516,
9226-lilith-ai-products,imazen-26-png-v3/png-v3/9226-lilith-ai-products/beauty/9303_gen_products-beauty_florwell-bath-soak-back_ingredients_p0074_1024x1536.sdr.png,iq_adef,10,20,42326,74.8741,
9226-lilith-ai-products,imazen-26-png-v3/png-v3/9226-lilith-ai-products/beauty/9303_gen_products-beauty_florwell-bath-soak-back_ingredients_p0074_1024x1536.sdr.png,iq_adef,10,32,23697,61.6235,
9226-lilith-ai-products,imazen-26-png-v3/png-v3/9226-lilith-ai-products/beauty/9303_gen_products-beauty_florwell-bath-soak-back_ingredients_p0074_1024x1536.sdr.png,iq_adef,10,44,9422,35.2107,
9226-lilith-ai-products,imazen-26-png-v3/png-v3/9226-lilith-ai-products/beauty/9303_gen_products-beauty_florwell-bath-soak-back_ingredients_p0074_1024x1536.sdr.png,iq_asharp,6,20,38349,75.7712,
9226-lilith-ai-products,imazen-26-png-v3/png-v3/9226-lilith-ai-products/beauty/9303_gen_products-beauty_florwell-bath-soak-back_ingredients_p0074_1024x1536.sdr.png,iq_asharp,6,32,21035,63.0158,
9226-lilith-ai-products,imazen-26-png-v3/png-v3/9226-lilith-ai-products/beauty/9303_gen_products-beauty_florwell-bath-soak-back_ingredients_p0074_1024x1536.sdr.png,iq_asharp,6,44,8553,38.6257,
9226-lilith-ai-products,imazen-26-png-v3/png-v3/9226-lilith-ai-products/beauty/9303_gen_products-beauty_florwell-bath-soak-back_ingredients_p0074_1024x1536.sdr.png,iq_asharp,10,20,42326,75.0050,
9226-lilith-ai-products,imazen-26-png-v3/png-v3/9226-lilith-ai-products/beauty/9303_gen_products-beauty_florwell-bath-soak-back_ingredients_p0074_1024x1536.sdr.png,iq_asharp,10,32,23697,61.9188,
9226-lilith-ai-products,imazen-26-png-v3/png-v3/9226-lilith-ai-products/beauty/9303_gen_products-beauty_florwell-bath-soak-back_ingredients_p0074_1024x1536.sdr.png,iq_asharp,10,44,9422,35.7755,
9226-lilith-ai-products,imazen-26-png-v3/png-v3/9226-lilith-ai-products/beauty/9303_gen_products-beauty_florwell-bath-soak-back_ingredients_p0074_1024x1536.sdr.png,iq_both,6,20,38354,75.5933,
9226-lilith-ai-products,imazen-26-png-v3/png-v3/9226-lilith-ai-products/beauty/9303_gen_products-beauty_florwell-bath-soak-back_ingredients_p0074_1024x1536.sdr.png,iq_both,6,32,21035,62.8292,
9226-lilith-ai-products,imazen-26-png-v3/png-v3/9226-lilith-ai-products/beauty/9303_gen_products-beauty_florwell-bath-soak-back_ingredients_p0074_1024x1536.sdr.png,iq_both,6,44,8552,38.4516,
9226-lilith-ai-products,imazen-26-png-v3/png-v3/9226-lilith-ai-products/beauty/9303_gen_products-beauty_florwell-bath-soak-back_ingredients_p0074_1024x1536.sdr.png,iq_both,10,20,42326,74.8741,
9226-lilith-ai-products,imazen-26-png-v3/png-v3/9226-lilith-ai-products/beauty/9303_gen_products-beauty_florwell-bath-soak-back_ingredients_p0074_1024x1536.sdr.png,iq_both,10,32,23697,61.6235,
9226-lilith-ai-products,imazen-26-png-v3/png-v3/9226-lilith-ai-products/beauty/9303_gen_products-beauty_florwell-bath-soak-back_ingredients_p0074_1024x1536.sdr.png,iq_both,10,44,9422,35.2107,
9226-lilith-ai-products,imazen-26-png-v3/png-v3/9226-lilith-ai-products/beauty/9303_gen_products-beauty_florwell-bath-soak-back_ingredients_p0074_1024x1536.sdr.png,adef,6,20,25800,65.8150,
9226-lilith-ai-products,imazen-26-png-v3/png-v3/9226-lilith-ai-products/beauty/9303_gen_products-beauty_florwell-bath-soak-back_ingredients_p0074_1024x1536.sdr.png,adef,6,32,13418,43.0716,
9226-lilith-ai-products,imazen-26-png-v3/png-v3/9226-lilith-ai-products/beauty/9303_gen_products-beauty_florwell-bath-soak-back_ingredients_p0074_1024x1536.sdr.png,adef,6,44,7009,24.2415,
9226-lilith-ai-products,imazen-26-png-v3/png-v3/9226-lilith-ai-products/beauty/9303_gen_products-beauty_florwell-bath-soak-back_ingredients_p0074_1024x1536.sdr.png,adef,10,20,30571,65.2016,
9226-lilith-ai-products,imazen-26-png-v3/png-v3/9226-lilith-ai-products/beauty/9303_gen_products-beauty_florwell-bath-soak-back_ingredients_p0074_1024x1536.sdr.png,adef,10,32,15213,42.0871,
9226-lilith-ai-products,imazen-26-png-v3/png-v3/9226-lilith-ai-products/beauty/9303_gen_products-beauty_florwell-bath-soak-back_ingredients_p0074_1024x1536.sdr.png,adef,10,44,7316,20.9184,
9226-lilith-ai-products,imazen-26-png-v3/png-v3/9226-lilith-ai-products/beauty/9303_gen_products-beauty_florwell-bath-soak-back_ingredients_p0074_1024x1536.sdr.png,asharp,6,20,25800,65.7656,
9226-lilith-ai-products,imazen-26-png-v3/png-v3/9226-lilith-ai-products/beauty/9303_gen_products-beauty_florwell-bath-soak-back_ingredients_p0074_1024x1536.sdr.png,asharp,6,32,13417,43.0505,
9226-lilith-ai-products,imazen-26-png-v3/png-v3/9226-lilith-ai-products/beauty/9303_gen_products-beauty_florwell-bath-soak-back_ingredients_p0074_1024x1536.sdr.png,asharp,6,44,7009,24.4148,
9226-lilith-ai-products,imazen-26-png-v3/png-v3/9226-lilith-ai-products/beauty/9303_gen_products-beauty_florwell-bath-soak-back_ingredients_p0074_1024x1536.sdr.png,asharp,10,20,30571,65.3133,
9226-lilith-ai-products,imazen-26-png-v3/png-v3/9226-lilith-ai-products/beauty/9303_gen_products-beauty_florwell-bath-soak-back_ingredients_p0074_1024x1536.sdr.png,asharp,10,32,15213,42.2597,
9226-lilith-ai-products,imazen-26-png-v3/png-v3/9226-lilith-ai-products/beauty/9303_gen_products-beauty_florwell-bath-soak-back_ingredients_p0074_1024x1536.sdr.png,asharp,10,44,7316,21.2789,
9226-lilith-ai-products,imazen-26-png-v3/png-v3/9226-lilith-ai-products/home/kitchen/9817_gen_products-home-kitchen_fieldstone-glass-storage-set_p0578_1536x1024.sdr.png,iq_adef,6,20,27941,83.8215,
9226-lilith-ai-products,imazen-26-png-v3/png-v3/9226-lilith-ai-products/home/kitchen/9817_gen_products-home-kitchen_fieldstone-glass-storage-set_p0578_1536x1024.sdr.png,iq_adef,6,32,17062,74.6856,
9226-lilith-ai-products,imazen-26-png-v3/png-v3/9226-lilith-ai-products/home/kitchen/9817_gen_products-home-kitchen_fieldstone-glass-storage-set_p0578_1536x1024.sdr.png,iq_adef,6,44,8567,53.6002,
9226-lilith-ai-products,imazen-26-png-v3/png-v3/9226-lilith-ai-products/home/kitchen/9817_gen_products-home-kitchen_fieldstone-glass-storage-set_p0578_1536x1024.sdr.png,iq_adef,10,20,31132,83.8113,
9226-lilith-ai-products,imazen-26-png-v3/png-v3/9226-lilith-ai-products/home/kitchen/9817_gen_products-home-kitchen_fieldstone-glass-storage-set_p0578_1536x1024.sdr.png,iq_adef,10,32,19143,74.3059,
9226-lilith-ai-products,imazen-26-png-v3/png-v3/9226-lilith-ai-products/home/kitchen/9817_gen_products-home-kitchen_fieldstone-glass-storage-set_p0578_1536x1024.sdr.png,iq_adef,10,44,9764,52.2644,
9226-lilith-ai-products,imazen-26-png-v3/png-v3/9226-lilith-ai-products/home/kitchen/9817_gen_products-home-kitchen_fieldstone-glass-storage-set_p0578_1536x1024.sdr.png,iq_asharp,6,20,27937,84.0897,
9226-lilith-ai-products,imazen-26-png-v3/png-v3/9226-lilith-ai-products/home/kitchen/9817_gen_products-home-kitchen_fieldstone-glass-storage-set_p0578_1536x1024.sdr.png,iq_asharp,6,32,17062,74.9561,
9226-lilith-ai-products,imazen-26-png-v3/png-v3/9226-lilith-ai-products/home/kitchen/9817_gen_products-home-kitchen_fieldstone-glass-storage-set_p0578_1536x1024.sdr.png,iq_asharp,6,44,8567,53.7937,
9226-lilith-ai-products,imazen-26-png-v3/png-v3/9226-lilith-ai-products/home/kitchen/9817_gen_products-home-kitchen_fieldstone-glass-storage-set_p0578_1536x1024.sdr.png,iq_asharp,10,20,31132,83.8868,
9226-lilith-ai-products,imazen-26-png-v3/png-v3/9226-lilith-ai-products/home/kitchen/9817_gen_products-home-kitchen_fieldstone-glass-storage-set_p0578_1536x1024.sdr.png,iq_asharp,10,32,19143,74.4946,
9226-lilith-ai-products,imazen-26-png-v3/png-v3/9226-lilith-ai-products/home/kitchen/9817_gen_products-home-kitchen_fieldstone-glass-storage-set_p0578_1536x1024.sdr.png,iq_asharp,10,44,9764,52.7661,
9226-lilith-ai-products,imazen-26-png-v3/png-v3/9226-lilith-ai-products/home/kitchen/9817_gen_products-home-kitchen_fieldstone-glass-storage-set_p0578_1536x1024.sdr.png,iq_both,6,20,27941,83.8215,
9226-lilith-ai-products,imazen-26-png-v3/png-v3/9226-lilith-ai-products/home/kitchen/9817_gen_products-home-kitchen_fieldstone-glass-storage-set_p0578_1536x1024.sdr.png,iq_both,6,32,17062,74.6856,
9226-lilith-ai-products,imazen-26-png-v3/png-v3/9226-lilith-ai-products/home/kitchen/9817_gen_products-home-kitchen_fieldstone-glass-storage-set_p0578_1536x1024.sdr.png,iq_both,6,44,8567,53.6002,
9226-lilith-ai-products,imazen-26-png-v3/png-v3/9226-lilith-ai-products/home/kitchen/9817_gen_products-home-kitchen_fieldstone-glass-storage-set_p0578_1536x1024.sdr.png,iq_both,10,20,31132,83.8113,
9226-lilith-ai-products,imazen-26-png-v3/png-v3/9226-lilith-ai-products/home/kitchen/9817_gen_products-home-kitchen_fieldstone-glass-storage-set_p0578_1536x1024.sdr.png,iq_both,10,32,19143,74.3059,
9226-lilith-ai-products,imazen-26-png-v3/png-v3/9226-lilith-ai-products/home/kitchen/9817_gen_products-home-kitchen_fieldstone-glass-storage-set_p0578_1536x1024.sdr.png,iq_both,10,44,9764,52.2644,
9226-lilith-ai-products,imazen-26-png-v3/png-v3/9226-lilith-ai-products/home/kitchen/9817_gen_products-home-kitchen_fieldstone-glass-storage-set_p0578_1536x1024.sdr.png,adef,6,20,22528,79.7938,
9226-lilith-ai-products,imazen-26-png-v3/png-v3/9226-lilith-ai-products/home/kitchen/9817_gen_products-home-kitchen_fieldstone-glass-storage-set_p0578_1536x1024.sdr.png,adef,6,32,13065,66.7777,
9226-lilith-ai-products,imazen-26-png-v3/png-v3/9226-lilith-ai-products/home/kitchen/9817_gen_products-home-kitchen_fieldstone-glass-storage-set_p0578_1536x1024.sdr.png,adef,6,44,6531,41.5122,
9226-lilith-ai-products,imazen-26-png-v3/png-v3/9226-lilith-ai-products/home/kitchen/9817_gen_products-home-kitchen_fieldstone-glass-storage-set_p0578_1536x1024.sdr.png,adef,10,20,25100,79.3084,
9226-lilith-ai-products,imazen-26-png-v3/png-v3/9226-lilith-ai-products/home/kitchen/9817_gen_products-home-kitchen_fieldstone-glass-storage-set_p0578_1536x1024.sdr.png,adef,10,32,13882,53.2886,
9226-lilith-ai-products,imazen-26-png-v3/png-v3/9226-lilith-ai-products/home/kitchen/9817_gen_products-home-kitchen_fieldstone-glass-storage-set_p0578_1536x1024.sdr.png,adef,10,44,6827,33.3243,
9226-lilith-ai-products,imazen-26-png-v3/png-v3/9226-lilith-ai-products/home/kitchen/9817_gen_products-home-kitchen_fieldstone-glass-storage-set_p0578_1536x1024.sdr.png,asharp,6,20,22528,79.8637,
9226-lilith-ai-products,imazen-26-png-v3/png-v3/9226-lilith-ai-products/home/kitchen/9817_gen_products-home-kitchen_fieldstone-glass-storage-set_p0578_1536x1024.sdr.png,asharp,6,32,13065,66.9151,
9226-lilith-ai-products,imazen-26-png-v3/png-v3/9226-lilith-ai-products/home/kitchen/9817_gen_products-home-kitchen_fieldstone-glass-storage-set_p0578_1536x1024.sdr.png,asharp,6,44,6531,41.6899,
9226-lilith-ai-products,imazen-26-png-v3/png-v3/9226-lilith-ai-products/home/kitchen/9817_gen_products-home-kitchen_fieldstone-glass-storage-set_p0578_1536x1024.sdr.png,asharp,10,20,25100,79.3278,
9226-lilith-ai-products,imazen-26-png-v3/png-v3/9226-lilith-ai-products/home/kitchen/9817_gen_products-home-kitchen_fieldstone-glass-storage-set_p0578_1536x1024.sdr.png,asharp,10,32,13882,53.4243,
9226-lilith-ai-products,imazen-26-png-v3/png-v3/9226-lilith-ai-products/home/kitchen/9817_gen_products-home-kitchen_fieldstone-glass-storage-set_p0578_1536x1024.sdr.png,asharp,10,44,6827,33.7811,
1000-lilith-photos-general,imazen-26-png-v3/png-v3/1000-lilith-photos-general/1033_general_stone-tunnel-lights_placa-pedro-infante-valladolid_s23u_iso800-f1p7_20230918-111620_3000x4000.sdr.png,aom_psnr_c6_q20,6,20,48635,79.5336,
1000-lilith-photos-general,imazen-26-png-v3/png-v3/1000-lilith-photos-general/1033_general_stone-tunnel-lights_placa-pedro-infante-valladolid_s23u_iso800-f1p7_20230918-111620_3000x4000.sdr.png,aom_psnr_c6_q32,6,32,26592,65.0366,
1000-lilith-photos-general,imazen-26-png-v3/png-v3/1000-lilith-photos-general/1033_general_stone-tunnel-lights_placa-pedro-infante-valladolid_s23u_iso800-f1p7_20230918-111620_3000x4000.sdr.png,aom_psnr_c6_q44,6,44,12225,32.0102,
1000-lilith-photos-general,imazen-26-png-v3/png-v3/1000-lilith-photos-general/1033_general_stone-tunnel-lights_placa-pedro-infante-valladolid_s23u_iso800-f1p7_20230918-111620_3000x4000.sdr.png,aom_psnr_c8_q20,8,20,50846,79.8095,
1000-lilith-photos-general,imazen-26-png-v3/png-v3/1000-lilith-photos-general/1033_general_stone-tunnel-lights_placa-pedro-infante-valladolid_s23u_iso800-f1p7_20230918-111620_3000x4000.sdr.png,aom_psnr_c8_q32,8,32,28262,64.7543,
1000-lilith-photos-general,imazen-26-png-v3/png-v3/1000-lilith-photos-general/1033_general_stone-tunnel-lights_placa-pedro-infante-valladolid_s23u_iso800-f1p7_20230918-111620_3000x4000.sdr.png,aom_psnr_c8_q44,8,44,12789,29.1163,
1000-lilith-photos-general,imazen-26-png-v3/png-v3/1000-lilith-photos-general/1033_general_stone-tunnel-lights_placa-pedro-infante-valladolid_s23u_iso800-f1p7_20230918-111620_3000x4000.sdr.png,aom_iq_c6_q20,6,20,53881,82.9037,
1000-lilith-photos-general,imazen-26-png-v3/png-v3/1000-lilith-photos-general/1033_general_stone-tunnel-lights_placa-pedro-infante-valladolid_s23u_iso800-f1p7_20230918-111620_3000x4000.sdr.png,aom_iq_c6_q32,6,32,31643,71.5013,
1000-lilith-photos-general,imazen-26-png-v3/png-v3/1000-lilith-photos-general/1033_general_stone-tunnel-lights_placa-pedro-infante-valladolid_s23u_iso800-f1p7_20230918-111620_3000x4000.sdr.png,aom_iq_c6_q44,6,44,15501,46.2095,
1000-lilith-photos-general,imazen-26-png-v3/png-v3/1000-lilith-photos-general/1033_general_stone-tunnel-lights_placa-pedro-infante-valladolid_s23u_iso800-f1p7_20230918-111620_3000x4000.sdr.png,aom_iq_c8_q20,8,20,55423,82.6913,
1000-lilith-photos-general,imazen-26-png-v3/png-v3/1000-lilith-photos-general/1033_general_stone-tunnel-lights_placa-pedro-infante-valladolid_s23u_iso800-f1p7_20230918-111620_3000x4000.sdr.png,aom_iq_c8_q32,8,32,33298,72.2990,
1000-lilith-photos-general,imazen-26-png-v3/png-v3/1000-lilith-photos-general/1033_general_stone-tunnel-lights_placa-pedro-infante-valladolid_s23u_iso800-f1p7_20230918-111620_3000x4000.sdr.png,aom_iq_c8_q44,8,44,16486,45.5493,
1000-lilith-photos-general,imazen-26-png-v3/png-v3/1000-lilith-photos-general/1050_general_riverside-walkway-and-river_louvre-palace-paris_s23u_iso50-f2p2_20240425-154625_4000x3000.sdr.png,aom_psnr_c6_q20,6,20,27951,75.2230,
1000-lilith-photos-general,imazen-26-png-v3/png-v3/1000-lilith-photos-general/1050_general_riverside-walkway-and-river_louvre-palace-paris_s23u_iso50-f2p2_20240425-154625_4000x3000.sdr.png,aom_psnr_c6_q32,6,32,14455,57.9688,
1000-lilith-photos-general,imazen-26-png-v3/png-v3/1000-lilith-photos-general/1050_general_riverside-walkway-and-river_louvre-palace-paris_s23u_iso50-f2p2_20240425-154625_4000x3000.sdr.png,aom_psnr_c6_q44,6,44,6325,22.0496,
1000-lilith-photos-general,imazen-26-png-v3/png-v3/1000-lilith-photos-general/1050_general_riverside-walkway-and-river_louvre-palace-paris_s23u_iso50-f2p2_20240425-154625_4000x3000.sdr.png,aom_psnr_c8_q20,8,20,27247,73.7632,
1000-lilith-photos-general,imazen-26-png-v3/png-v3/1000-lilith-photos-general/1050_general_riverside-walkway-and-river_louvre-palace-paris_s23u_iso50-f2p2_20240425-154625_4000x3000.sdr.png,aom_psnr_c8_q32,8,32,14153,54.5821,
1000-lilith-photos-general,imazen-26-png-v3/png-v3/1000-lilith-photos-general/1050_general_riverside-walkway-and-river_louvre-palace-paris_s23u_iso50-f2p2_20240425-154625_4000x3000.sdr.png,aom_psnr_c8_q44,8,44,5872,14.4810,
1000-lilith-photos-general,imazen-26-png-v3/png-v3/1000-lilith-photos-general/1050_general_riverside-walkway-and-river_louvre-palace-paris_s23u_iso50-f2p2_20240425-154625_4000x3000.sdr.png,aom_iq_c6_q20,6,20,32702,80.7562,
1000-lilith-photos-general,imazen-26-png-v3/png-v3/1000-lilith-photos-general/1050_general_riverside-walkway-and-river_louvre-palace-paris_s23u_iso50-f2p2_20240425-154625_4000x3000.sdr.png,aom_iq_c6_q32,6,32,19162,70.8726,
1000-lilith-photos-general,imazen-26-png-v3/png-v3/1000-lilith-photos-general/1050_general_riverside-walkway-and-river_louvre-palace-paris_s23u_iso50-f2p2_20240425-154625_4000x3000.sdr.png,aom_iq_c6_q44,6,44,8926,46.7619,
1000-lilith-photos-general,imazen-26-png-v3/png-v3/1000-lilith-photos-general/1050_general_riverside-walkway-and-river_louvre-palace-paris_s23u_iso50-f2p2_20240425-154625_4000x3000.sdr.png,aom_iq_c8_q20,8,20,33158,80.4694,
1000-lilith-photos-general,imazen-26-png-v3/png-v3/1000-lilith-photos-general/1050_general_riverside-walkway-and-river_louvre-palace-paris_s23u_iso50-f2p2_20240425-154625_4000x3000.sdr.png,aom_iq_c8_q32,8,32,19891,70.4802,
1000-lilith-photos-general,imazen-26-png-v3/png-v3/1000-lilith-photos-general/1050_general_riverside-walkway-and-river_louvre-palace-paris_s23u_iso50-f2p2_20240425-154625_4000x3000.sdr.png,aom_iq_c8_q44,8,44,9144,43.4788,
1200-lilith-interiors,imazen-26-png-v3/png-v3/1200-lilith-interiors/1205_interiors_modern-living-room_tulum-mexico_s23u_iso160-f1p7_20230917-114545_3000x4000.sdr.png,aom_psnr_c6_q20,6,20,32897,75.8015,
1200-lilith-interiors,imazen-26-png-v3/png-v3/1200-lilith-interiors/1205_interiors_modern-living-room_tulum-mexico_s23u_iso160-f1p7_20230917-114545_3000x4000.sdr.png,aom_psnr_c6_q32,6,32,18789,56.2217,
1200-lilith-interiors,imazen-26-png-v3/png-v3/1200-lilith-interiors/1205_interiors_modern-living-room_tulum-mexico_s23u_iso160-f1p7_20230917-114545_3000x4000.sdr.png,aom_psnr_c6_q44,6,44,8613,13.4001,
1200-lilith-interiors,imazen-26-png-v3/png-v3/1200-lilith-interiors/1205_interiors_modern-living-room_tulum-mexico_s23u_iso160-f1p7_20230917-114545_3000x4000.sdr.png,aom_psnr_c8_q20,8,20,33486,74.0637,
1200-lilith-interiors,imazen-26-png-v3/png-v3/1200-lilith-interiors/1205_interiors_modern-living-room_tulum-mexico_s23u_iso160-f1p7_20230917-114545_3000x4000.sdr.png,aom_psnr_c8_q32,8,32,18786,52.9303,
1200-lilith-interiors,imazen-26-png-v3/png-v3/1200-lilith-interiors/1205_interiors_modern-living-room_tulum-mexico_s23u_iso160-f1p7_20230917-114545_3000x4000.sdr.png,aom_psnr_c8_q44,8,44,8395,3.9324,
1200-lilith-interiors,imazen-26-png-v3/png-v3/1200-lilith-interiors/1205_interiors_modern-living-room_tulum-mexico_s23u_iso160-f1p7_20230917-114545_3000x4000.sdr.png,aom_iq_c6_q20,6,20,38333,81.2582,
1200-lilith-interiors,imazen-26-png-v3/png-v3/1200-lilith-interiors/1205_interiors_modern-living-room_tulum-mexico_s23u_iso160-f1p7_20230917-114545_3000x4000.sdr.png,aom_iq_c6_q32,6,32,24315,70.3668,
1200-lilith-interiors,imazen-26-png-v3/png-v3/1200-lilith-interiors/1205_interiors_modern-living-room_tulum-mexico_s23u_iso160-f1p7_20230917-114545_3000x4000.sdr.png,aom_iq_c6_q44,6,44,11813,41.8692,
1200-lilith-interiors,imazen-26-png-v3/png-v3/1200-lilith-interiors/1205_interiors_modern-living-room_tulum-mexico_s23u_iso160-f1p7_20230917-114545_3000x4000.sdr.png,aom_iq_c8_q20,8,20,40078,81.1381,
1200-lilith-interiors,imazen-26-png-v3/png-v3/1200-lilith-interiors/1205_interiors_modern-living-room_tulum-mexico_s23u_iso160-f1p7_20230917-114545_3000x4000.sdr.png,aom_iq_c8_q32,8,32,25734,69.5433,
1200-lilith-interiors,imazen-26-png-v3/png-v3/1200-lilith-interiors/1205_interiors_modern-living-room_tulum-mexico_s23u_iso160-f1p7_20230917-114545_3000x4000.sdr.png,aom_iq_c8_q44,8,44,12244,38.6956,
1200-lilith-interiors,imazen-26-png-v3/png-v3/1200-lilith-interiors/1225_interiors_kitchen-appliances-overhead_minamiizu-japan_s23u_iso200-f1p7_20250307-112014_3000x4000.sdr.png,aom_psnr_c6_q20,6,20,36801,74.6571,
1200-lilith-interiors,imazen-26-png-v3/png-v3/1200-lilith-interiors/1225_interiors_kitchen-appliances-overhead_minamiizu-japan_s23u_iso200-f1p7_20250307-112014_3000x4000.sdr.png,aom_psnr_c6_q32,6,32,16938,56.3290,
1200-lilith-interiors,imazen-26-png-v3/png-v3/1200-lilith-interiors/1225_interiors_kitchen-appliances-overhead_minamiizu-japan_s23u_iso200-f1p7_20250307-112014_3000x4000.sdr.png,aom_psnr_c6_q44,6,44,7173,23.0645,
1200-lilith-interiors,imazen-26-png-v3/png-v3/1200-lilith-interiors/1225_interiors_kitchen-appliances-overhead_minamiizu-japan_s23u_iso200-f1p7_20250307-112014_3000x4000.sdr.png,aom_psnr_c8_q20,8,20,34770,72.9685,
1200-lilith-interiors,imazen-26-png-v3/png-v3/1200-lilith-interiors/1225_interiors_kitchen-appliances-overhead_minamiizu-japan_s23u_iso200-f1p7_20250307-112014_3000x4000.sdr.png,aom_psnr_c8_q32,8,32,16227,52.5632,
1200-lilith-interiors,imazen-26-png-v3/png-v3/1200-lilith-interiors/1225_interiors_kitchen-appliances-overhead_minamiizu-japan_s23u_iso200-f1p7_20250307-112014_3000x4000.sdr.png,aom_psnr_c8_q44,8,44,6932,14.6158,
1200-lilith-interiors,imazen-26-png-v3/png-v3/1200-lilith-interiors/1225_interiors_kitchen-appliances-overhead_minamiizu-japan_s23u_iso200-f1p7_20250307-112014_3000x4000.sdr.png,aom_iq_c6_q20,6,20,43724,80.2894,
1200-lilith-interiors,imazen-26-png-v3/png-v3/1200-lilith-interiors/1225_interiors_kitchen-appliances-overhead_minamiizu-japan_s23u_iso200-f1p7_20250307-112014_3000x4000.sdr.png,aom_iq_c6_q32,6,32,24760,69.8346,
1200-lilith-interiors,imazen-26-png-v3/png-v3/1200-lilith-interiors/1225_interiors_kitchen-appliances-overhead_minamiizu-japan_s23u_iso200-f1p7_20250307-112014_3000x4000.sdr.png,aom_iq_c6_q44,6,44,10353,46.0971,
1200-lilith-interiors,imazen-26-png-v3/png-v3/1200-lilith-interiors/1225_interiors_kitchen-appliances-overhead_minamiizu-japan_s23u_iso200-f1p7_20250307-112014_3000x4000.sdr.png,aom_iq_c8_q20,8,20,43537,79.6890,
1200-lilith-interiors,imazen-26-png-v3/png-v3/1200-lilith-interiors/1225_interiors_kitchen-appliances-overhead_minamiizu-japan_s23u_iso200-f1p7_20250307-112014_3000x4000.sdr.png,aom_iq_c8_q32,8,32,25270,69.2860,
1200-lilith-interiors,imazen-26-png-v3/png-v3/1200-lilith-interiors/1225_interiors_kitchen-appliances-overhead_minamiizu-japan_s23u_iso200-f1p7_20250307-112014_3000x4000.sdr.png,aom_iq_c8_q44,8,44,10842,42.9327,
1400-lilith-nature,imazen-26-png-v3/png-v3/1400-lilith-nature/1510_nature_purple-iris-flowers_colorado_ip8plus_iso40-f2p8_img-0803_3024x4032.sdr.png,aom_psnr_c6_q20,6,20,18296,77.3077,
1400-lilith-nature,imazen-26-png-v3/png-v3/1400-lilith-nature/1510_nature_purple-iris-flowers_colorado_ip8plus_iso40-f2p8_img-0803_3024x4032.sdr.png,aom_psnr_c6_q32,6,32,8291,63.3990,
1400-lilith-nature,imazen-26-png-v3/png-v3/1400-lilith-nature/1510_nature_purple-iris-flowers_colorado_ip8plus_iso40-f2p8_img-0803_3024x4032.sdr.png,aom_psnr_c6_q44,6,44,3905,37.3121,
1400-lilith-nature,imazen-26-png-v3/png-v3/1400-lilith-nature/1510_nature_purple-iris-flowers_colorado_ip8plus_iso40-f2p8_img-0803_3024x4032.sdr.png,aom_psnr_c8_q20,8,20,18871,76.3549,
1400-lilith-nature,imazen-26-png-v3/png-v3/1400-lilith-nature/1510_nature_purple-iris-flowers_colorado_ip8plus_iso40-f2p8_img-0803_3024x4032.sdr.png,aom_psnr_c8_q32,8,32,9008,60.8340,
1400-lilith-nature,imazen-26-png-v3/png-v3/1400-lilith-nature/1510_nature_purple-iris-flowers_colorado_ip8plus_iso40-f2p8_img-0803_3024x4032.sdr.png,aom_psnr_c8_q44,8,44,4469,30.8664,
1400-lilith-nature,imazen-26-png-v3/png-v3/1400-lilith-nature/1510_nature_purple-iris-flowers_colorado_ip8plus_iso40-f2p8_img-0803_3024x4032.sdr.png,aom_iq_c6_q20,6,20,27182,83.6890,
1400-lilith-nature,imazen-26-png-v3/png-v3/1400-lilith-nature/1510_nature_purple-iris-flowers_colorado_ip8plus_iso40-f2p8_img-0803_3024x4032.sdr.png,aom_iq_c6_q32,6,32,15686,76.3394,
1400-lilith-nature,imazen-26-png-v3/png-v3/1400-lilith-nature/1510_nature_purple-iris-flowers_colorado_ip8plus_iso40-f2p8_img-0803_3024x4032.sdr.png,aom_iq_c6_q44,6,44,6791,59.8021,
1400-lilith-nature,imazen-26-png-v3/png-v3/1400-lilith-nature/1510_nature_purple-iris-flowers_colorado_ip8plus_iso40-f2p8_img-0803_3024x4032.sdr.png,aom_iq_c8_q20,8,20,28740,83.4678,
1400-lilith-nature,imazen-26-png-v3/png-v3/1400-lilith-nature/1510_nature_purple-iris-flowers_colorado_ip8plus_iso40-f2p8_img-0803_3024x4032.sdr.png,aom_iq_c8_q32,8,32,17040,75.9867,
1400-lilith-nature,imazen-26-png-v3/png-v3/1400-lilith-nature/1510_nature_purple-iris-flowers_colorado_ip8plus_iso40-f2p8_img-0803_3024x4032.sdr.png,aom_iq_c8_q44,8,44,7879,57.8648,
1400-lilith-nature,imazen-26-png-v3/png-v3/1400-lilith-nature/1514_nature_purple-allium-flowers_colorado_ip8plus_iso20-f2p8_img-1310_3024x4032.sdr.png,aom_psnr_c6_q20,6,20,23914,78.6092,
1400-lilith-nature,imazen-26-png-v3/png-v3/1400-lilith-nature/1514_nature_purple-allium-flowers_colorado_ip8plus_iso20-f2p8_img-1310_3024x4032.sdr.png,aom_psnr_c6_q32,6,32,12216,63.7310,
1400-lilith-nature,imazen-26-png-v3/png-v3/1400-lilith-nature/1514_nature_purple-allium-flowers_colorado_ip8plus_iso20-f2p8_img-1310_3024x4032.sdr.png,aom_psnr_c6_q44,6,44,5896,32.6701,
1400-lilith-nature,imazen-26-png-v3/png-v3/1400-lilith-nature/1514_nature_purple-allium-flowers_colorado_ip8plus_iso20-f2p8_img-1310_3024x4032.sdr.png,aom_psnr_c8_q20,8,20,23812,76.7966,
1400-lilith-nature,imazen-26-png-v3/png-v3/1400-lilith-nature/1514_nature_purple-allium-flowers_colorado_ip8plus_iso20-f2p8_img-1310_3024x4032.sdr.png,aom_psnr_c8_q32,8,32,12481,58.9967,
1400-lilith-nature,imazen-26-png-v3/png-v3/1400-lilith-nature/1514_nature_purple-allium-flowers_colorado_ip8plus_iso20-f2p8_img-1310_3024x4032.sdr.png,aom_psnr_c8_q44,8,44,5996,19.8958,
1400-lilith-nature,imazen-26-png-v3/png-v3/1400-lilith-nature/1514_nature_purple-allium-flowers_colorado_ip8plus_iso20-f2p8_img-1310_3024x4032.sdr.png,aom_iq_c6_q20,6,20,30481,83.7248,
1400-lilith-nature,imazen-26-png-v3/png-v3/1400-lilith-nature/1514_nature_purple-allium-flowers_colorado_ip8plus_iso20-f2p8_img-1310_3024x4032.sdr.png,aom_iq_c6_q32,6,32,18246,75.6352,
1400-lilith-nature,imazen-26-png-v3/png-v3/1400-lilith-nature/1514_nature_purple-allium-flowers_colorado_ip8plus_iso20-f2p8_img-1310_3024x4032.sdr.png,aom_iq_c6_q44,6,44,8762,55.8142,
1400-lilith-nature,imazen-26-png-v3/png-v3/1400-lilith-nature/1514_nature_purple-allium-flowers_colorado_ip8plus_iso20-f2p8_img-1310_3024x4032.sdr.png,aom_iq_c8_q20,8,20,31478,83.1452,
1400-lilith-nature,imazen-26-png-v3/png-v3/1400-lilith-nature/1514_nature_purple-allium-flowers_colorado_ip8plus_iso20-f2p8_img-1310_3024x4032.sdr.png,aom_iq_c8_q32,8,32,19673,74.7164,
1400-lilith-nature,imazen-26-png-v3/png-v3/1400-lilith-nature/1514_nature_purple-allium-flowers_colorado_ip8plus_iso20-f2p8_img-1310_3024x4032.sdr.png,aom_iq_c8_q44,8,44,9612,52.2839,
1600-lilith-food,imazen-26-png-v3/png-v3/1600-lilith-food/1608_food_single-cake-slice-plate_anedaitocho-kyoto-japan_s23u_iso320-f2p2_20230709-194142_4000x3000.sdr.png,aom_psnr_c6_q20,6,20,64311,80.3891,
1600-lilith-food,imazen-26-png-v3/png-v3/1600-lilith-food/1608_food_single-cake-slice-plate_anedaitocho-kyoto-japan_s23u_iso320-f2p2_20230709-194142_4000x3000.sdr.png,aom_psnr_c6_q32,6,32,37766,67.7857,
1600-lilith-food,imazen-26-png-v3/png-v3/1600-lilith-food/1608_food_single-cake-slice-plate_anedaitocho-kyoto-japan_s23u_iso320-f2p2_20230709-194142_4000x3000.sdr.png,aom_psnr_c6_q44,6,44,19868,43.7614,
1600-lilith-food,imazen-26-png-v3/png-v3/1600-lilith-food/1608_food_single-cake-slice-plate_anedaitocho-kyoto-japan_s23u_iso320-f2p2_20230709-194142_4000x3000.sdr.png,aom_psnr_c8_q20,8,20,66842,79.7846,
1600-lilith-food,imazen-26-png-v3/png-v3/1600-lilith-food/1608_food_single-cake-slice-plate_anedaitocho-kyoto-japan_s23u_iso320-f2p2_20230709-194142_4000x3000.sdr.png,aom_psnr_c8_q32,8,32,41309,66.5584,
1600-lilith-food,imazen-26-png-v3/png-v3/1600-lilith-food/1608_food_single-cake-slice-plate_anedaitocho-kyoto-japan_s23u_iso320-f2p2_20230709-194142_4000x3000.sdr.png,aom_psnr_c8_q44,8,44,22120,40.6468,
1600-lilith-food,imazen-26-png-v3/png-v3/1600-lilith-food/1608_food_single-cake-slice-plate_anedaitocho-kyoto-japan_s23u_iso320-f2p2_20230709-194142_4000x3000.sdr.png,aom_iq_c6_q20,6,20,61524,82.3801,
1600-lilith-food,imazen-26-png-v3/png-v3/1600-lilith-food/1608_food_single-cake-slice-plate_anedaitocho-kyoto-japan_s23u_iso320-f2p2_20230709-194142_4000x3000.sdr.png,aom_iq_c6_q32,6,32,37584,72.6309,
1600-lilith-food,imazen-26-png-v3/png-v3/1600-lilith-food/1608_food_single-cake-slice-plate_anedaitocho-kyoto-japan_s23u_iso320-f2p2_20230709-194142_4000x3000.sdr.png,aom_iq_c6_q44,6,44,20383,51.7443,
1600-lilith-food,imazen-26-png-v3/png-v3/1600-lilith-food/1608_food_single-cake-slice-plate_anedaitocho-kyoto-japan_s23u_iso320-f2p2_20230709-194142_4000x3000.sdr.png,aom_iq_c8_q20,8,20,64763,82.5315,
1600-lilith-food,imazen-26-png-v3/png-v3/1600-lilith-food/1608_food_single-cake-slice-plate_anedaitocho-kyoto-japan_s23u_iso320-f2p2_20230709-194142_4000x3000.sdr.png,aom_iq_c8_q32,8,32,40872,72.6462,
1600-lilith-food,imazen-26-png-v3/png-v3/1600-lilith-food/1608_food_single-cake-slice-plate_anedaitocho-kyoto-japan_s23u_iso320-f2p2_20230709-194142_4000x3000.sdr.png,aom_iq_c8_q44,8,44,22361,52.0033,
1600-lilith-food,imazen-26-png-v3/png-v3/1600-lilith-food/1614_food_dessert-plate-upside-down_valladolid-mexico_s23u_iso640-f1p7_20230917-213342_4000x3000.sdr.png,aom_psnr_c6_q20,6,20,54544,76.9117,
1600-lilith-food,imazen-26-png-v3/png-v3/1600-lilith-food/1614_food_dessert-plate-upside-down_valladolid-mexico_s23u_iso640-f1p7_20230917-213342_4000x3000.sdr.png,aom_psnr_c6_q32,6,32,31115,60.8259,
1600-lilith-food,imazen-26-png-v3/png-v3/1600-lilith-food/1614_food_dessert-plate-upside-down_valladolid-mexico_s23u_iso640-f1p7_20230917-213342_4000x3000.sdr.png,aom_psnr_c6_q44,6,44,14904,23.9832,
1600-lilith-food,imazen-26-png-v3/png-v3/1600-lilith-food/1614_food_dessert-plate-upside-down_valladolid-mexico_s23u_iso640-f1p7_20230917-213342_4000x3000.sdr.png,aom_psnr_c8_q20,8,20,53541,76.1438,
1600-lilith-food,imazen-26-png-v3/png-v3/1600-lilith-food/1614_food_dessert-plate-upside-down_valladolid-mexico_s23u_iso640-f1p7_20230917-213342_4000x3000.sdr.png,aom_psnr_c8_q32,8,32,30847,57.9858,
1600-lilith-food,imazen-26-png-v3/png-v3/1600-lilith-food/1614_food_dessert-plate-upside-down_valladolid-mexico_s23u_iso640-f1p7_20230917-213342_4000x3000.sdr.png,aom_psnr_c8_q44,8,44,14856,16.5857,
1600-lilith-food,imazen-26-png-v3/png-v3/1600-lilith-food/1614_food_dessert-plate-upside-down_valladolid-mexico_s23u_iso640-f1p7_20230917-213342_4000x3000.sdr.png,aom_iq_c6_q20,6,20,54456,81.2709,
1600-lilith-food,imazen-26-png-v3/png-v3/1600-lilith-food/1614_food_dessert-plate-upside-down_valladolid-mexico_s23u_iso640-f1p7_20230917-213342_4000x3000.sdr.png,aom_iq_c6_q32,6,32,32174,71.0197,
1600-lilith-food,imazen-26-png-v3/png-v3/1600-lilith-food/1614_food_dessert-plate-upside-down_valladolid-mexico_s23u_iso640-f1p7_20230917-213342_4000x3000.sdr.png,aom_iq_c6_q44,6,44,15829,46.5621,
1600-lilith-food,imazen-26-png-v3/png-v3/1600-lilith-food/1614_food_dessert-plate-upside-down_valladolid-mexico_s23u_iso640-f1p7_20230917-213342_4000x3000.sdr.png,aom_iq_c8_q20,8,20,54708,80.8346,
1600-lilith-food,imazen-26-png-v3/png-v3/1600-lilith-food/1614_food_dessert-plate-upside-down_valladolid-mexico_s23u_iso640-f1p7_20230917-213342_4000x3000.sdr.png,aom_iq_c8_q32,8,32,32989,70.6175,
1600-lilith-food,imazen-26-png-v3/png-v3/1600-lilith-food/1614_food_dessert-plate-upside-down_valladolid-mexico_s23u_iso640-f1p7_20230917-213342_4000x3000.sdr.png,aom_iq_c8_q44,8,44,16318,42.9762,
2000-unsplash-people,imazen-26-png-v3/png-v3/2000-unsplash-people/2000_people_by-alexander-aguero-enppvuxbcce-unsplash_4400x6600.sdr.png,aom_psnr_c6_q20,6,20,9410,65.9155,
2000-unsplash-people,imazen-26-png-v3/png-v3/2000-unsplash-people/2000_people_by-alexander-aguero-enppvuxbcce-unsplash_4400x6600.sdr.png,aom_psnr_c6_q32,6,32,2961,41.5938,
2000-unsplash-people,imazen-26-png-v3/png-v3/2000-unsplash-people/2000_people_by-alexander-aguero-enppvuxbcce-unsplash_4400x6600.sdr.png,aom_psnr_c6_q44,6,44,984,7.9406,
2000-unsplash-people,imazen-26-png-v3/png-v3/2000-unsplash-people/2000_people_by-alexander-aguero-enppvuxbcce-unsplash_4400x6600.sdr.png,aom_psnr_c8_q20,8,20,9730,65.0676,
2000-unsplash-people,imazen-26-png-v3/png-v3/2000-unsplash-people/2000_people_by-alexander-aguero-enppvuxbcce-unsplash_4400x6600.sdr.png,aom_psnr_c8_q32,8,32,3131,40.6151,
2000-unsplash-people,imazen-26-png-v3/png-v3/2000-unsplash-people/2000_people_by-alexander-aguero-enppvuxbcce-unsplash_4400x6600.sdr.png,aom_psnr_c8_q44,8,44,1069,4.5544,
2000-unsplash-people,imazen-26-png-v3/png-v3/2000-unsplash-people/2000_people_by-alexander-aguero-enppvuxbcce-unsplash_4400x6600.sdr.png,aom_iq_c6_q20,6,20,20179,78.7849,
2000-unsplash-people,imazen-26-png-v3/png-v3/2000-unsplash-people/2000_people_by-alexander-aguero-enppvuxbcce-unsplash_4400x6600.sdr.png,aom_iq_c6_q32,6,32,11730,68.1198,
2000-unsplash-people,imazen-26-png-v3/png-v3/2000-unsplash-people/2000_people_by-alexander-aguero-enppvuxbcce-unsplash_4400x6600.sdr.png,aom_iq_c6_q44,6,44,3716,44.9232,
2000-unsplash-people,imazen-26-png-v3/png-v3/2000-unsplash-people/2000_people_by-alexander-aguero-enppvuxbcce-unsplash_4400x6600.sdr.png,aom_iq_c8_q20,8,20,21176,78.7486,
2000-unsplash-people,imazen-26-png-v3/png-v3/2000-unsplash-people/2000_people_by-alexander-aguero-enppvuxbcce-unsplash_4400x6600.sdr.png,aom_iq_c8_q32,8,32,12064,68.5550,
2000-unsplash-people,imazen-26-png-v3/png-v3/2000-unsplash-people/2000_people_by-alexander-aguero-enppvuxbcce-unsplash_4400x6600.sdr.png,aom_iq_c8_q44,8,44,3831,43.8567,
2000-unsplash-people,imazen-26-png-v3/png-v3/2000-unsplash-people/2001_people_by-anastasia-pivnenko-prng6r1nspq-unsplash_2272x3072.sdr.png,aom_psnr_c6_q20,6,20,71758,75.9129,
2000-unsplash-people,imazen-26-png-v3/png-v3/2000-unsplash-people/2001_people_by-anastasia-pivnenko-prng6r1nspq-unsplash_2272x3072.sdr.png,aom_psnr_c6_q32,6,32,39802,48.3376,
2000-unsplash-people,imazen-26-png-v3/png-v3/2000-unsplash-people/2001_people_by-anastasia-pivnenko-prng6r1nspq-unsplash_2272x3072.sdr.png,aom_psnr_c6_q44,6,44,3242,1.8639,
2000-unsplash-people,imazen-26-png-v3/png-v3/2000-unsplash-people/2001_people_by-anastasia-pivnenko-prng6r1nspq-unsplash_2272x3072.sdr.png,aom_psnr_c8_q20,8,20,72236,73.9752,
2000-unsplash-people,imazen-26-png-v3/png-v3/2000-unsplash-people/2001_people_by-anastasia-pivnenko-prng6r1nspq-unsplash_2272x3072.sdr.png,aom_psnr_c8_q32,8,32,37984,44.2984,
2000-unsplash-people,imazen-26-png-v3/png-v3/2000-unsplash-people/2001_people_by-anastasia-pivnenko-prng6r1nspq-unsplash_2272x3072.sdr.png,aom_psnr_c8_q44,8,44,3516,6.2743,
2000-unsplash-people,imazen-26-png-v3/png-v3/2000-unsplash-people/2001_people_by-anastasia-pivnenko-prng6r1nspq-unsplash_2272x3072.sdr.png,aom_iq_c6_q20,6,20,76642,81.4549,
2000-unsplash-people,imazen-26-png-v3/png-v3/2000-unsplash-people/2001_people_by-anastasia-pivnenko-prng6r1nspq-unsplash_2272x3072.sdr.png,aom_iq_c6_q32,6,32,45390,62.2653,
2000-unsplash-people,imazen-26-png-v3/png-v3/2000-unsplash-people/2001_people_by-anastasia-pivnenko-prng6r1nspq-unsplash_2272x3072.sdr.png,aom_iq_c6_q44,6,44,8330,20.0851,
2000-unsplash-people,imazen-26-png-v3/png-v3/2000-unsplash-people/2001_people_by-anastasia-pivnenko-prng6r1nspq-unsplash_2272x3072.sdr.png,aom_iq_c8_q20,8,20,76526,79.4917,
2000-unsplash-people,imazen-26-png-v3/png-v3/2000-unsplash-people/2001_people_by-anastasia-pivnenko-prng6r1nspq-unsplash_2272x3072.sdr.png,aom_iq_c8_q32,8,32,43721,59.7358,
2000-unsplash-people,imazen-26-png-v3/png-v3/2000-unsplash-people/2001_people_by-anastasia-pivnenko-prng6r1nspq-unsplash_2272x3072.sdr.png,aom_iq_c8_q44,8,44,9262,19.8614,
2200-unsplash-renders,imazen-26-png-v3/png-v3/2200-unsplash-renders/2200_renders_abstract-folded-ribbons_by-a-chosen-soul-moigsaj8te0-unsplash_7680x4320.sdr.png,aom_psnr_c6_q20,6,20,11816,73.2238,
2200-unsplash-renders,imazen-26-png-v3/png-v3/2200-unsplash-renders/2200_renders_abstract-folded-ribbons_by-a-chosen-soul-moigsaj8te0-unsplash_7680x4320.sdr.png,aom_psnr_c6_q32,6,32,6111,60.5260,
2200-unsplash-renders,imazen-26-png-v3/png-v3/2200-unsplash-renders/2200_renders_abstract-folded-ribbons_by-a-chosen-soul-moigsaj8te0-unsplash_7680x4320.sdr.png,aom_psnr_c6_q44,6,44,1414,39.8328,
2200-unsplash-renders,imazen-26-png-v3/png-v3/2200-unsplash-renders/2200_renders_abstract-folded-ribbons_by-a-chosen-soul-moigsaj8te0-unsplash_7680x4320.sdr.png,aom_psnr_c8_q20,8,20,11629,70.7367,
2200-unsplash-renders,imazen-26-png-v3/png-v3/2200-unsplash-renders/2200_renders_abstract-folded-ribbons_by-a-chosen-soul-moigsaj8te0-unsplash_7680x4320.sdr.png,aom_psnr_c8_q32,8,32,5238,56.6256,
2200-unsplash-renders,imazen-26-png-v3/png-v3/2200-unsplash-renders/2200_renders_abstract-folded-ribbons_by-a-chosen-soul-moigsaj8te0-unsplash_7680x4320.sdr.png,aom_psnr_c8_q44,8,44,1105,34.1122,
2200-unsplash-renders,imazen-26-png-v3/png-v3/2200-unsplash-renders/2200_renders_abstract-folded-ribbons_by-a-chosen-soul-moigsaj8te0-unsplash_7680x4320.sdr.png,aom_iq_c6_q20,6,20,15108,81.4121,
2200-unsplash-renders,imazen-26-png-v3/png-v3/2200-unsplash-renders/2200_renders_abstract-folded-ribbons_by-a-chosen-soul-moigsaj8te0-unsplash_7680x4320.sdr.png,aom_iq_c6_q32,6,32,8458,69.5286,
2200-unsplash-renders,imazen-26-png-v3/png-v3/2200-unsplash-renders/2200_renders_abstract-folded-ribbons_by-a-chosen-soul-moigsaj8te0-unsplash_7680x4320.sdr.png,aom_iq_c6_q44,6,44,2250,48.3779,
2200-unsplash-renders,imazen-26-png-v3/png-v3/2200-unsplash-renders/2200_renders_abstract-folded-ribbons_by-a-chosen-soul-moigsaj8te0-unsplash_7680x4320.sdr.png,aom_iq_c8_q20,8,20,15131,79.1744,
2200-unsplash-renders,imazen-26-png-v3/png-v3/2200-unsplash-renders/2200_renders_abstract-folded-ribbons_by-a-chosen-soul-moigsaj8te0-unsplash_7680x4320.sdr.png,aom_iq_c8_q32,8,32,8189,66.9402,
2200-unsplash-renders,imazen-26-png-v3/png-v3/2200-unsplash-renders/2200_renders_abstract-folded-ribbons_by-a-chosen-soul-moigsaj8te0-unsplash_7680x4320.sdr.png,aom_iq_c8_q44,8,44,2386,47.5864,
2200-unsplash-renders,imazen-26-png-v3/png-v3/2200-unsplash-renders/2201_renders_abstract-dark-curves_by-anton-sobotyak-g7ayfxxntva-unsplash_3840x2160.sdr.png,aom_psnr_c6_q20,6,20,429,82.1832,
2200-unsplash-renders,imazen-26-png-v3/png-v3/2200-unsplash-renders/2201_renders_abstract-dark-curves_by-anton-sobotyak-g7ayfxxntva-unsplash_3840x2160.sdr.png,aom_psnr_c6_q32,6,32,292,78.0388,
2200-unsplash-renders,imazen-26-png-v3/png-v3/2200-unsplash-renders/2201_renders_abstract-dark-curves_by-anton-sobotyak-g7ayfxxntva-unsplash_3840x2160.sdr.png,aom_psnr_c6_q44,6,44,205,70.2429,
2200-unsplash-renders,imazen-26-png-v3/png-v3/2200-unsplash-renders/2201_renders_abstract-dark-curves_by-anton-sobotyak-g7ayfxxntva-unsplash_3840x2160.sdr.png,aom_psnr_c8_q20,8,20,567,81.1683,
2200-unsplash-renders,imazen-26-png-v3/png-v3/2200-unsplash-renders/2201_renders_abstract-dark-curves_by-anton-sobotyak-g7ayfxxntva-unsplash_3840x2160.sdr.png,aom_psnr_c8_q32,8,32,360,76.2975,
2200-unsplash-renders,imazen-26-png-v3/png-v3/2200-unsplash-renders/2201_renders_abstract-dark-curves_by-anton-sobotyak-g7ayfxxntva-unsplash_3840x2160.sdr.png,aom_psnr_c8_q44,8,44,224,67.3192,
2200-unsplash-renders,imazen-26-png-v3/png-v3/2200-unsplash-renders/2201_renders_abstract-dark-curves_by-anton-sobotyak-g7ayfxxntva-unsplash_3840x2160.sdr.png,aom_iq_c6_q20,6,20,1064,87.4220,
2200-unsplash-renders,imazen-26-png-v3/png-v3/2200-unsplash-renders/2201_renders_abstract-dark-curves_by-anton-sobotyak-g7ayfxxntva-unsplash_3840x2160.sdr.png,aom_iq_c6_q32,6,32,625,84.3836,
2200-unsplash-renders,imazen-26-png-v3/png-v3/2200-unsplash-renders/2201_renders_abstract-dark-curves_by-anton-sobotyak-g7ayfxxntva-unsplash_3840x2160.sdr.png,aom_iq_c6_q44,6,44,380,79.9123,
2200-unsplash-renders,imazen-26-png-v3/png-v3/2200-unsplash-renders/2201_renders_abstract-dark-curves_by-anton-sobotyak-g7ayfxxntva-unsplash_3840x2160.sdr.png,aom_iq_c8_q20,8,20,1322,86.7115,
2200-unsplash-renders,imazen-26-png-v3/png-v3/2200-unsplash-renders/2201_renders_abstract-dark-curves_by-anton-sobotyak-g7ayfxxntva-unsplash_3840x2160.sdr.png,aom_iq_c8_q32,8,32,776,83.4349,
2200-unsplash-renders,imazen-26-png-v3/png-v3/2200-unsplash-renders/2201_renders_abstract-dark-curves_by-anton-sobotyak-g7ayfxxntva-unsplash_3840x2160.sdr.png,aom_iq_c8_q44,8,44,487,78.2632,
2400-unsplash-textures,imazen-26-png-v3/png-v3/2400-unsplash-textures/2404_textures_tree-bark-texture_by-hwang-sanguk-k0tljwrabxg-unsplash_3024x3024.sdr.png,aom_psnr_c6_q20,6,20,88307,82.8366,
2400-unsplash-textures,imazen-26-png-v3/png-v3/2400-unsplash-textures/2404_textures_tree-bark-texture_by-hwang-sanguk-k0tljwrabxg-unsplash_3024x3024.sdr.png,aom_psnr_c6_q32,6,32,56427,68.2591,
2400-unsplash-textures,imazen-26-png-v3/png-v3/2400-unsplash-textures/2404_textures_tree-bark-texture_by-hwang-sanguk-k0tljwrabxg-unsplash_3024x3024.sdr.png,aom_psnr_c6_q44,6,44,19723,34.8421,
2400-unsplash-textures,imazen-26-png-v3/png-v3/2400-unsplash-textures/2404_textures_tree-bark-texture_by-hwang-sanguk-k0tljwrabxg-unsplash_3024x3024.sdr.png,aom_psnr_c8_q20,8,20,89056,82.7416,
2400-unsplash-textures,imazen-26-png-v3/png-v3/2400-unsplash-textures/2404_textures_tree-bark-texture_by-hwang-sanguk-k0tljwrabxg-unsplash_3024x3024.sdr.png,aom_psnr_c8_q32,8,32,56960,68.2182,
2400-unsplash-textures,imazen-26-png-v3/png-v3/2400-unsplash-textures/2404_textures_tree-bark-texture_by-hwang-sanguk-k0tljwrabxg-unsplash_3024x3024.sdr.png,aom_psnr_c8_q44,8,44,20422,34.2510,
2400-unsplash-textures,imazen-26-png-v3/png-v3/2400-unsplash-textures/2404_textures_tree-bark-texture_by-hwang-sanguk-k0tljwrabxg-unsplash_3024x3024.sdr.png,aom_iq_c6_q20,6,20,87131,84.2236,
2400-unsplash-textures,imazen-26-png-v3/png-v3/2400-unsplash-textures/2404_textures_tree-bark-texture_by-hwang-sanguk-k0tljwrabxg-unsplash_3024x3024.sdr.png,aom_iq_c6_q32,6,32,48453,68.9953,
2400-unsplash-textures,imazen-26-png-v3/png-v3/2400-unsplash-textures/2404_textures_tree-bark-texture_by-hwang-sanguk-k0tljwrabxg-unsplash_3024x3024.sdr.png,aom_iq_c6_q44,6,44,20579,41.8519,
2400-unsplash-textures,imazen-26-png-v3/png-v3/2400-unsplash-textures/2404_textures_tree-bark-texture_by-hwang-sanguk-k0tljwrabxg-unsplash_3024x3024.sdr.png,aom_iq_c8_q20,8,20,87366,84.2225,
2400-unsplash-textures,imazen-26-png-v3/png-v3/2400-unsplash-textures/2404_textures_tree-bark-texture_by-hwang-sanguk-k0tljwrabxg-unsplash_3024x3024.sdr.png,aom_iq_c8_q32,8,32,47973,68.8030,
2400-unsplash-textures,imazen-26-png-v3/png-v3/2400-unsplash-textures/2404_textures_tree-bark-texture_by-hwang-sanguk-k0tljwrabxg-unsplash_3024x3024.sdr.png,aom_iq_c8_q44,8,44,21016,41.6400,
2400-unsplash-textures,imazen-26-png-v3/png-v3/2400-unsplash-textures/2407_textures_blue-wabring-threads_by-pawel-czerwinski-kra9zndplra-unsplash_4000x6000.sdr.png,aom_psnr_c6_q20,6,20,9569,67.7648,
2400-unsplash-textures,imazen-26-png-v3/png-v3/2400-unsplash-textures/2407_textures_blue-wabring-threads_by-pawel-czerwinski-kra9zndplra-unsplash_4000x6000.sdr.png,aom_psnr_c6_q32,6,32,2449,55.6478,
2400-unsplash-textures,imazen-26-png-v3/png-v3/2400-unsplash-textures/2407_textures_blue-wabring-threads_by-pawel-czerwinski-kra9zndplra-unsplash_4000x6000.sdr.png,aom_psnr_c6_q44,6,44,1252,29.5888,
2400-unsplash-textures,imazen-26-png-v3/png-v3/2400-unsplash-textures/2407_textures_blue-wabring-threads_by-pawel-czerwinski-kra9zndplra-unsplash_4000x6000.sdr.png,aom_psnr_c8_q20,8,20,12314,67.3732,
2400-unsplash-textures,imazen-26-png-v3/png-v3/2400-unsplash-textures/2407_textures_blue-wabring-threads_by-pawel-czerwinski-kra9zndplra-unsplash_4000x6000.sdr.png,aom_psnr_c8_q32,8,32,3921,49.6056,
2400-unsplash-textures,imazen-26-png-v3/png-v3/2400-unsplash-textures/2407_textures_blue-wabring-threads_by-pawel-czerwinski-kra9zndplra-unsplash_4000x6000.sdr.png,aom_psnr_c8_q44,8,44,1627,14.9494,
2400-unsplash-textures,imazen-26-png-v3/png-v3/2400-unsplash-textures/2407_textures_blue-wabring-threads_by-pawel-czerwinski-kra9zndplra-unsplash_4000x6000.sdr.png,aom_iq_c6_q20,6,20,20249,79.3026,
2400-unsplash-textures,imazen-26-png-v3/png-v3/2400-unsplash-textures/2407_textures_blue-wabring-threads_by-pawel-czerwinski-kra9zndplra-unsplash_4000x6000.sdr.png,aom_iq_c6_q32,6,32,7791,68.1381,
2400-unsplash-textures,imazen-26-png-v3/png-v3/2400-unsplash-textures/2407_textures_blue-wabring-threads_by-pawel-czerwinski-kra9zndplra-unsplash_4000x6000.sdr.png,aom_iq_c6_q44,6,44,2488,55.6771,
2400-unsplash-textures,imazen-26-png-v3/png-v3/2400-unsplash-textures/2407_textures_blue-wabring-threads_by-pawel-czerwinski-kra9zndplra-unsplash_4000x6000.sdr.png,aom_iq_c8_q20,8,20,21986,78.1527,
2400-unsplash-textures,imazen-26-png-v3/png-v3/2400-unsplash-textures/2407_textures_blue-wabring-threads_by-pawel-czerwinski-kra9zndplra-unsplash_4000x6000.sdr.png,aom_iq_c8_q32,8,32,10945,67.2101,
2400-unsplash-textures,imazen-26-png-v3/png-v3/2400-unsplash-textures/2407_textures_blue-wabring-threads_by-pawel-czerwinski-kra9zndplra-unsplash_4000x6000.sdr.png,aom_iq_c8_q44,8,44,4131,49.3024,
3000-art-institute-of-chicago-photos,imazen-26-png-v3/png-v3/3000-art-institute-of-chicago-photos/3001_aic_self-portrait_11_4000x5226.sdr.png,aom_psnr_c6_q20,6,20,15303,63.2226,
3000-art-institute-of-chicago-photos,imazen-26-png-v3/png-v3/3000-art-institute-of-chicago-photos/3001_aic_self-portrait_11_4000x5226.sdr.png,aom_psnr_c6_q32,6,32,4266,33.0873,
3000-art-institute-of-chicago-photos,imazen-26-png-v3/png-v3/3000-art-institute-of-chicago-photos/3001_aic_self-portrait_11_4000x5226.sdr.png,aom_psnr_c6_q44,6,44,966,0.3728,
3000-art-institute-of-chicago-photos,imazen-26-png-v3/png-v3/3000-art-institute-of-chicago-photos/3001_aic_self-portrait_11_4000x5226.sdr.png,aom_psnr_c8_q20,8,20,15076,61.4225,
3000-art-institute-of-chicago-photos,imazen-26-png-v3/png-v3/3000-art-institute-of-chicago-photos/3001_aic_self-portrait_11_4000x5226.sdr.png,aom_psnr_c8_q32,8,32,4087,28.1014,
3000-art-institute-of-chicago-photos,imazen-26-png-v3/png-v3/3000-art-institute-of-chicago-photos/3001_aic_self-portrait_11_4000x5226.sdr.png,aom_psnr_c8_q44,8,44,1020,5.1011,
3000-art-institute-of-chicago-photos,imazen-26-png-v3/png-v3/3000-art-institute-of-chicago-photos/3001_aic_self-portrait_11_4000x5226.sdr.png,aom_iq_c6_q20,6,20,27799,76.4245,
3000-art-institute-of-chicago-photos,imazen-26-png-v3/png-v3/3000-art-institute-of-chicago-photos/3001_aic_self-portrait_11_4000x5226.sdr.png,aom_iq_c6_q32,6,32,15430,64.2802,
3000-art-institute-of-chicago-photos,imazen-26-png-v3/png-v3/3000-art-institute-of-chicago-photos/3001_aic_self-portrait_11_4000x5226.sdr.png,aom_iq_c6_q44,6,44,4470,34.3222,
3000-art-institute-of-chicago-photos,imazen-26-png-v3/png-v3/3000-art-institute-of-chicago-photos/3001_aic_self-portrait_11_4000x5226.sdr.png,aom_iq_c8_q20,8,20,28706,76.2384,
3000-art-institute-of-chicago-photos,imazen-26-png-v3/png-v3/3000-art-institute-of-chicago-photos/3001_aic_self-portrait_11_4000x5226.sdr.png,aom_iq_c8_q32,8,32,15830,64.1725,
3000-art-institute-of-chicago-photos,imazen-26-png-v3/png-v3/3000-art-institute-of-chicago-photos/3001_aic_self-portrait_11_4000x5226.sdr.png,aom_iq_c8_q44,8,44,4583,32.3751,
3000-art-institute-of-chicago-photos,imazen-26-png-v3/png-v3/3000-art-institute-of-chicago-photos/3002_aic_the-irish-question_181777_4000x4860.sdr.png,aom_psnr_c6_q20,6,20,27708,73.6345,
3000-art-institute-of-chicago-photos,imazen-26-png-v3/png-v3/3000-art-institute-of-chicago-photos/3002_aic_the-irish-question_181777_4000x4860.sdr.png,aom_psnr_c6_q32,6,32,13280,50.3332,
3000-art-institute-of-chicago-photos,imazen-26-png-v3/png-v3/3000-art-institute-of-chicago-photos/3002_aic_the-irish-question_181777_4000x4860.sdr.png,aom_psnr_c6_q44,6,44,4528,0.7680,
3000-art-institute-of-chicago-photos,imazen-26-png-v3/png-v3/3000-art-institute-of-chicago-photos/3002_aic_the-irish-question_181777_4000x4860.sdr.png,aom_psnr_c8_q20,8,20,28438,72.8687,
3000-art-institute-of-chicago-photos,imazen-26-png-v3/png-v3/3000-art-institute-of-chicago-photos/3002_aic_the-irish-question_181777_4000x4860.sdr.png,aom_psnr_c8_q32,8,32,13110,46.5316,
3000-art-institute-of-chicago-photos,imazen-26-png-v3/png-v3/3000-art-institute-of-chicago-photos/3002_aic_the-irish-question_181777_4000x4860.sdr.png,aom_psnr_c8_q44,8,44,4007,12.2274,
3000-art-institute-of-chicago-photos,imazen-26-png-v3/png-v3/3000-art-institute-of-chicago-photos/3002_aic_the-irish-question_181777_4000x4860.sdr.png,aom_iq_c6_q20,6,20,38941,82.0407,
3000-art-institute-of-chicago-photos,imazen-26-png-v3/png-v3/3000-art-institute-of-chicago-photos/3002_aic_the-irish-question_181777_4000x4860.sdr.png,aom_iq_c6_q32,6,32,24645,71.4062,
3000-art-institute-of-chicago-photos,imazen-26-png-v3/png-v3/3000-art-institute-of-chicago-photos/3002_aic_the-irish-question_181777_4000x4860.sdr.png,aom_iq_c6_q44,6,44,10441,39.7612,
3000-art-institute-of-chicago-photos,imazen-26-png-v3/png-v3/3000-art-institute-of-chicago-photos/3002_aic_the-irish-question_181777_4000x4860.sdr.png,aom_iq_c8_q20,8,20,41019,81.5266,
3000-art-institute-of-chicago-photos,imazen-26-png-v3/png-v3/3000-art-institute-of-chicago-photos/3002_aic_the-irish-question_181777_4000x4860.sdr.png,aom_iq_c8_q32,8,32,25871,70.3829,
3000-art-institute-of-chicago-photos,imazen-26-png-v3/png-v3/3000-art-institute-of-chicago-photos/3002_aic_the-irish-question_181777_4000x4860.sdr.png,aom_iq_c8_q44,8,44,10872,37.1296,
3300-met-museum-photos,imazen-26-png-v3/png-v3/3300-met-museum-photos/3311_met_jamb-stove_3689_2002x1717.sdr.png,aom_psnr_c6_q20,6,20,63501,86.2690,
3300-met-museum-photos,imazen-26-png-v3/png-v3/3300-met-museum-photos/3311_met_jamb-stove_3689_2002x1717.sdr.png,aom_psnr_c6_q32,6,32,33158,73.1135,
3300-met-museum-photos,imazen-26-png-v3/png-v3/3300-met-museum-photos/3311_met_jamb-stove_3689_2002x1717.sdr.png,aom_psnr_c6_q44,6,44,13970,46.1850,
3300-met-museum-photos,imazen-26-png-v3/png-v3/3300-met-museum-photos/3311_met_jamb-stove_3689_2002x1717.sdr.png,aom_psnr_c8_q20,8,20,62897,85.2016,
3300-met-museum-photos,imazen-26-png-v3/png-v3/3300-met-museum-photos/3311_met_jamb-stove_3689_2002x1717.sdr.png,aom_psnr_c8_q32,8,32,32894,71.8717,
3300-met-museum-photos,imazen-26-png-v3/png-v3/3300-met-museum-photos/3311_met_jamb-stove_3689_2002x1717.sdr.png,aom_psnr_c8_q44,8,44,14175,43.6200,
3300-met-museum-photos,imazen-26-png-v3/png-v3/3300-met-museum-photos/3311_met_jamb-stove_3689_2002x1717.sdr.png,aom_iq_c6_q20,6,20,60675,86.3057,
3300-met-museum-photos,imazen-26-png-v3/png-v3/3300-met-museum-photos/3311_met_jamb-stove_3689_2002x1717.sdr.png,aom_iq_c6_q32,6,32,33710,75.3611,
3300-met-museum-photos,imazen-26-png-v3/png-v3/3300-met-museum-photos/3311_met_jamb-stove_3689_2002x1717.sdr.png,aom_iq_c6_q44,6,44,15754,53.0286,
3300-met-museum-photos,imazen-26-png-v3/png-v3/3300-met-museum-photos/3311_met_jamb-stove_3689_2002x1717.sdr.png,aom_iq_c8_q20,8,20,60257,85.8233,
3300-met-museum-photos,imazen-26-png-v3/png-v3/3300-met-museum-photos/3311_met_jamb-stove_3689_2002x1717.sdr.png,aom_iq_c8_q32,8,32,33972,74.7264,
3300-met-museum-photos,imazen-26-png-v3/png-v3/3300-met-museum-photos/3311_met_jamb-stove_3689_2002x1717.sdr.png,aom_iq_c8_q44,8,44,15871,50.9608,
3300-met-museum-photos,imazen-26-png-v3/png-v3/3300-met-museum-photos/3318_met_vessel_479496_2505x2596.sdr.png,aom_psnr_c6_q20,6,20,16501,73.7044,
3300-met-museum-photos,imazen-26-png-v3/png-v3/3300-met-museum-photos/3318_met_vessel_479496_2505x2596.sdr.png,aom_psnr_c6_q32,6,32,6572,55.4327,
3300-met-museum-photos,imazen-26-png-v3/png-v3/3300-met-museum-photos/3318_met_vessel_479496_2505x2596.sdr.png,aom_psnr_c6_q44,6,44,2350,28.2720,
3300-met-museum-photos,imazen-26-png-v3/png-v3/3300-met-museum-photos/3318_met_vessel_479496_2505x2596.sdr.png,aom_psnr_c8_q20,8,20,16304,72.1531,
3300-met-museum-photos,imazen-26-png-v3/png-v3/3300-met-museum-photos/3318_met_vessel_479496_2505x2596.sdr.png,aom_psnr_c8_q32,8,32,6831,51.6770,
3300-met-museum-photos,imazen-26-png-v3/png-v3/3300-met-museum-photos/3318_met_vessel_479496_2505x2596.sdr.png,aom_psnr_c8_q44,8,44,2595,20.6305,
3300-met-museum-photos,imazen-26-png-v3/png-v3/3300-met-museum-photos/3318_met_vessel_479496_2505x2596.sdr.png,aom_iq_c6_q20,6,20,26559,82.0549,
3300-met-museum-photos,imazen-26-png-v3/png-v3/3300-met-museum-photos/3318_met_vessel_479496_2505x2596.sdr.png,aom_iq_c6_q32,6,32,15280,73.3470,
3300-met-museum-photos,imazen-26-png-v3/png-v3/3300-met-museum-photos/3318_met_vessel_479496_2505x2596.sdr.png,aom_iq_c6_q44,6,44,5644,54.1058,
3300-met-museum-photos,imazen-26-png-v3/png-v3/3300-met-museum-photos/3318_met_vessel_479496_2505x2596.sdr.png,aom_iq_c8_q20,8,20,27644,81.6916,
3300-met-museum-photos,imazen-26-png-v3/png-v3/3300-met-museum-photos/3318_met_vessel_479496_2505x2596.sdr.png,aom_iq_c8_q32,8,32,16136,73.3690,
3300-met-museum-photos,imazen-26-png-v3/png-v3/3300-met-museum-photos/3318_met_vessel_479496_2505x2596.sdr.png,aom_iq_c8_q44,8,44,6385,52.7266,
5000-national-park-service-brochures,imazen-26-png-v3/png-v3/5000-national-park-service-brochures/grayscale/5044_nps_mora-ohanapecosh7-2019_gray_p01_2550x3300.sdr.png,aom_psnr_c6_q20,6,20,13025,90.6261,
5000-national-park-service-brochures,imazen-26-png-v3/png-v3/5000-national-park-service-brochures/grayscale/5044_nps_mora-ohanapecosh7-2019_gray_p01_2550x3300.sdr.png,aom_psnr_c6_q32,6,32,10093,41.7165,
5000-national-park-service-brochures,imazen-26-png-v3/png-v3/5000-national-park-service-brochures/grayscale/5044_nps_mora-ohanapecosh7-2019_gray_p01_2550x3300.sdr.png,aom_psnr_c6_q44,6,44,7276,73.5944,
5000-national-park-service-brochures,imazen-26-png-v3/png-v3/5000-national-park-service-brochures/grayscale/5044_nps_mora-ohanapecosh7-2019_gray_p01_2550x3300.sdr.png,aom_psnr_c8_q20,8,20,13221,87.3794,
5000-national-park-service-brochures,imazen-26-png-v3/png-v3/5000-national-park-service-brochures/grayscale/5044_nps_mora-ohanapecosh7-2019_gray_p01_2550x3300.sdr.png,aom_psnr_c8_q32,8,32,10165,76.9206,
5000-national-park-service-brochures,imazen-26-png-v3/png-v3/5000-national-park-service-brochures/grayscale/5044_nps_mora-ohanapecosh7-2019_gray_p01_2550x3300.sdr.png,aom_psnr_c8_q44,8,44,6848,60.1435,
5000-national-park-service-brochures,imazen-26-png-v3/png-v3/5000-national-park-service-brochures/grayscale/5044_nps_mora-ohanapecosh7-2019_gray_p01_2550x3300.sdr.png,aom_iq_c6_q20,6,20,12966,DEC-ERR,
5000-national-park-service-brochures,imazen-26-png-v3/png-v3/5000-national-park-service-brochures/grayscale/5044_nps_mora-ohanapecosh7-2019_gray_p01_2550x3300.sdr.png,aom_iq_c6_q32,6,32,10069,DEC-ERR,
5000-national-park-service-brochures,imazen-26-png-v3/png-v3/5000-national-park-service-brochures/grayscale/5044_nps_mora-ohanapecosh7-2019_gray_p01_2550x3300.sdr.png,aom_iq_c6_q44,6,44,6450,DEC-ERR,
5000-national-park-service-brochures,imazen-26-png-v3/png-v3/5000-national-park-service-brochures/grayscale/5044_nps_mora-ohanapecosh7-2019_gray_p01_2550x3300.sdr.png,aom_iq_c8_q20,8,20,14208,88.9915,
5000-national-park-service-brochures,imazen-26-png-v3/png-v3/5000-national-park-service-brochures/grayscale/5044_nps_mora-ohanapecosh7-2019_gray_p01_2550x3300.sdr.png,aom_iq_c8_q32,8,32,10647,82.5168,
5000-national-park-service-brochures,imazen-26-png-v3/png-v3/5000-national-park-service-brochures/grayscale/5044_nps_mora-ohanapecosh7-2019_gray_p01_2550x3300.sdr.png,aom_iq_c8_q44,8,44,6773,66.8674,
5000-national-park-service-brochures,imazen-26-png-v3/png-v3/5000-national-park-service-brochures/grayscale/5058_nps_shen-bigmeadows-roadtrail_gray_p02_2550x3300.sdr.png,aom_psnr_c6_q20,6,20,12123,90.1618,
5000-national-park-service-brochures,imazen-26-png-v3/png-v3/5000-national-park-service-brochures/grayscale/5058_nps_shen-bigmeadows-roadtrail_gray_p02_2550x3300.sdr.png,aom_psnr_c6_q32,6,32,10088,90.2206,
5000-national-park-service-brochures,imazen-26-png-v3/png-v3/5000-national-park-service-brochures/grayscale/5058_nps_shen-bigmeadows-roadtrail_gray_p02_2550x3300.sdr.png,aom_psnr_c6_q44,6,44,8669,86.0023,
5000-national-park-service-brochures,imazen-26-png-v3/png-v3/5000-national-park-service-brochures/grayscale/5058_nps_shen-bigmeadows-roadtrail_gray_p02_2550x3300.sdr.png,aom_psnr_c8_q20,8,20,20842,91.0469,
5000-national-park-service-brochures,imazen-26-png-v3/png-v3/5000-national-park-service-brochures/grayscale/5058_nps_shen-bigmeadows-roadtrail_gray_p02_2550x3300.sdr.png,aom_psnr_c8_q32,8,32,17754,87.0404,
5000-national-park-service-brochures,imazen-26-png-v3/png-v3/5000-national-park-service-brochures/grayscale/5058_nps_shen-bigmeadows-roadtrail_gray_p02_2550x3300.sdr.png,aom_psnr_c8_q44,8,44,14917,81.0676,
5000-national-park-service-brochures,imazen-26-png-v3/png-v3/5000-national-park-service-brochures/grayscale/5058_nps_shen-bigmeadows-roadtrail_gray_p02_2550x3300.sdr.png,aom_iq_c6_q20,6,20,11755,DEC-ERR,
5000-national-park-service-brochures,imazen-26-png-v3/png-v3/5000-national-park-service-brochures/grayscale/5058_nps_shen-bigmeadows-roadtrail_gray_p02_2550x3300.sdr.png,aom_iq_c6_q32,6,32,9868,DEC-ERR,
5000-national-park-service-brochures,imazen-26-png-v3/png-v3/5000-national-park-service-brochures/grayscale/5058_nps_shen-bigmeadows-roadtrail_gray_p02_2550x3300.sdr.png,aom_iq_c6_q44,6,44,7567,DEC-ERR,
5000-national-park-service-brochures,imazen-26-png-v3/png-v3/5000-national-park-service-brochures/grayscale/5058_nps_shen-bigmeadows-roadtrail_gray_p02_2550x3300.sdr.png,aom_iq_c8_q20,8,20,21286,90.3668,
5000-national-park-service-brochures,imazen-26-png-v3/png-v3/5000-national-park-service-brochures/grayscale/5058_nps_shen-bigmeadows-roadtrail_gray_p02_2550x3300.sdr.png,aom_iq_c8_q32,8,32,17773,86.2791,
5000-national-park-service-brochures,imazen-26-png-v3/png-v3/5000-national-park-service-brochures/grayscale/5058_nps_shen-bigmeadows-roadtrail_gray_p02_2550x3300.sdr.png,aom_iq_c8_q44,8,44,13015,72.7822,
5200-epa-climate-impact-2021-report,imazen-26-png-v3/png-v3/5200-epa-climate-impact-2021-report/5202_epa_climate-impact-2021_fig-es1-six-impacts_p005_2968x3841.sdr.png,aom_psnr_c6_q20,6,20,12068,82.4895,
5200-epa-climate-impact-2021-report,imazen-26-png-v3/png-v3/5200-epa-climate-impact-2021-report/5202_epa_climate-impact-2021_fig-es1-six-impacts_p005_2968x3841.sdr.png,aom_psnr_c6_q32,6,32,7114,71.5656,
5200-epa-climate-impact-2021-report,imazen-26-png-v3/png-v3/5200-epa-climate-impact-2021-report/5202_epa_climate-impact-2021_fig-es1-six-impacts_p005_2968x3841.sdr.png,aom_psnr_c6_q44,6,44,3701,52.7870,
5200-epa-climate-impact-2021-report,imazen-26-png-v3/png-v3/5200-epa-climate-impact-2021-report/5202_epa_climate-impact-2021_fig-es1-six-impacts_p005_2968x3841.sdr.png,aom_psnr_c8_q20,8,20,11900,80.7791,
5200-epa-climate-impact-2021-report,imazen-26-png-v3/png-v3/5200-epa-climate-impact-2021-report/5202_epa_climate-impact-2021_fig-es1-six-impacts_p005_2968x3841.sdr.png,aom_psnr_c8_q32,8,32,6977,67.3531,
5200-epa-climate-impact-2021-report,imazen-26-png-v3/png-v3/5200-epa-climate-impact-2021-report/5202_epa_climate-impact-2021_fig-es1-six-impacts_p005_2968x3841.sdr.png,aom_psnr_c8_q44,8,44,3547,44.6929,
5200-epa-climate-impact-2021-report,imazen-26-png-v3/png-v3/5200-epa-climate-impact-2021-report/5202_epa_climate-impact-2021_fig-es1-six-impacts_p005_2968x3841.sdr.png,aom_iq_c6_q20,6,20,14105,86.3143,
5200-epa-climate-impact-2021-report,imazen-26-png-v3/png-v3/5200-epa-climate-impact-2021-report/5202_epa_climate-impact-2021_fig-es1-six-impacts_p005_2968x3841.sdr.png,aom_iq_c6_q32,6,32,9298,79.9626,
5200-epa-climate-impact-2021-report,imazen-26-png-v3/png-v3/5200-epa-climate-impact-2021-report/5202_epa_climate-impact-2021_fig-es1-six-impacts_p005_2968x3841.sdr.png,aom_iq_c6_q44,6,44,4906,65.5261,
5200-epa-climate-impact-2021-report,imazen-26-png-v3/png-v3/5200-epa-climate-impact-2021-report/5202_epa_climate-impact-2021_fig-es1-six-impacts_p005_2968x3841.sdr.png,aom_iq_c8_q20,8,20,14564,86.0587,
5200-epa-climate-impact-2021-report,imazen-26-png-v3/png-v3/5200-epa-climate-impact-2021-report/5202_epa_climate-impact-2021_fig-es1-six-impacts_p005_2968x3841.sdr.png,aom_iq_c8_q32,8,32,9558,79.2454,
5200-epa-climate-impact-2021-report,imazen-26-png-v3/png-v3/5200-epa-climate-impact-2021-report/5202_epa_climate-impact-2021_fig-es1-six-impacts_p005_2968x3841.sdr.png,aom_iq_c8_q44,8,44,5010,62.4019,
5200-epa-climate-impact-2021-report,imazen-26-png-v3/png-v3/5200-epa-climate-impact-2021-report/5204_epa_climate-impact-2021_key-findings-income-education-age_p007_2968x3841.sdr.png,aom_psnr_c6_q20,6,20,6271,78.2902,
5200-epa-climate-impact-2021-report,imazen-26-png-v3/png-v3/5200-epa-climate-impact-2021-report/5204_epa_climate-impact-2021_key-findings-income-education-age_p007_2968x3841.sdr.png,aom_psnr_c6_q32,6,32,4190,71.4586,
5200-epa-climate-impact-2021-report,imazen-26-png-v3/png-v3/5200-epa-climate-impact-2021-report/5204_epa_climate-impact-2021_key-findings-income-education-age_p007_2968x3841.sdr.png,aom_psnr_c6_q44,6,44,2951,53.2564,
5200-epa-climate-impact-2021-report,imazen-26-png-v3/png-v3/5200-epa-climate-impact-2021-report/5204_epa_climate-impact-2021_key-findings-income-education-age_p007_2968x3841.sdr.png,aom_psnr_c8_q20,8,20,6298,81.2789,
5200-epa-climate-impact-2021-report,imazen-26-png-v3/png-v3/5200-epa-climate-impact-2021-report/5204_epa_climate-impact-2021_key-findings-income-education-age_p007_2968x3841.sdr.png,aom_psnr_c8_q32,8,32,4550,70.1769,
5200-epa-climate-impact-2021-report,imazen-26-png-v3/png-v3/5200-epa-climate-impact-2021-report/5204_epa_climate-impact-2021_key-findings-income-education-age_p007_2968x3841.sdr.png,aom_psnr_c8_q44,8,44,3127,52.3359,
5200-epa-climate-impact-2021-report,imazen-26-png-v3/png-v3/5200-epa-climate-impact-2021-report/5204_epa_climate-impact-2021_key-findings-income-education-age_p007_2968x3841.sdr.png,aom_iq_c6_q20,6,20,7964,DEC-ERR,
5200-epa-climate-impact-2021-report,imazen-26-png-v3/png-v3/5200-epa-climate-impact-2021-report/5204_epa_climate-impact-2021_key-findings-income-education-age_p007_2968x3841.sdr.png,aom_iq_c6_q32,6,32,5584,DEC-ERR,
5200-epa-climate-impact-2021-report,imazen-26-png-v3/png-v3/5200-epa-climate-impact-2021-report/5204_epa_climate-impact-2021_key-findings-income-education-age_p007_2968x3841.sdr.png,aom_iq_c6_q44,6,44,3184,DEC-ERR,
5200-epa-climate-impact-2021-report,imazen-26-png-v3/png-v3/5200-epa-climate-impact-2021-report/5204_epa_climate-impact-2021_key-findings-income-education-age_p007_2968x3841.sdr.png,aom_iq_c8_q20,8,20,8440,86.5604,
5200-epa-climate-impact-2021-report,imazen-26-png-v3/png-v3/5200-epa-climate-impact-2021-report/5204_epa_climate-impact-2021_key-findings-income-education-age_p007_2968x3841.sdr.png,aom_iq_c8_q32,8,32,6129,81.4621,
5200-epa-climate-impact-2021-report,imazen-26-png-v3/png-v3/5200-epa-climate-impact-2021-report/5204_epa_climate-impact-2021_key-findings-income-education-age_p007_2968x3841.sdr.png,aom_iq_c8_q44,8,44,3757,68.7148,
5300-noaa-hurricane-documents,imazen-26-png-v3/png-v3/5300-noaa-hurricane-documents/5300_noaa_nhc-verification-report-2024_page1_p01_2550x3300.sdr.png,aom_psnr_c6_q20,6,20,16071,86.9441,
5300-noaa-hurricane-documents,imazen-26-png-v3/png-v3/5300-noaa-hurricane-documents/5300_noaa_nhc-verification-report-2024_page1_p01_2550x3300.sdr.png,aom_psnr_c6_q32,6,32,12632,80.3350,
5300-noaa-hurricane-documents,imazen-26-png-v3/png-v3/5300-noaa-hurricane-documents/5300_noaa_nhc-verification-report-2024_page1_p01_2550x3300.sdr.png,aom_psnr_c6_q44,6,44,8965,59.4682,
5300-noaa-hurricane-documents,imazen-26-png-v3/png-v3/5300-noaa-hurricane-documents/5300_noaa_nhc-verification-report-2024_page1_p01_2550x3300.sdr.png,aom_psnr_c8_q20,8,20,19223,79.0635,
5300-noaa-hurricane-documents,imazen-26-png-v3/png-v3/5300-noaa-hurricane-documents/5300_noaa_nhc-verification-report-2024_page1_p01_2550x3300.sdr.png,aom_psnr_c8_q32,8,32,14170,66.0286,
5300-noaa-hurricane-documents,imazen-26-png-v3/png-v3/5300-noaa-hurricane-documents/5300_noaa_nhc-verification-report-2024_page1_p01_2550x3300.sdr.png,aom_psnr_c8_q44,8,44,10535,49.5416,
5300-noaa-hurricane-documents,imazen-26-png-v3/png-v3/5300-noaa-hurricane-documents/5300_noaa_nhc-verification-report-2024_page1_p01_2550x3300.sdr.png,aom_iq_c6_q20,6,20,16268,DEC-ERR,
5300-noaa-hurricane-documents,imazen-26-png-v3/png-v3/5300-noaa-hurricane-documents/5300_noaa_nhc-verification-report-2024_page1_p01_2550x3300.sdr.png,aom_iq_c6_q32,6,32,12866,DEC-ERR,
5300-noaa-hurricane-documents,imazen-26-png-v3/png-v3/5300-noaa-hurricane-documents/5300_noaa_nhc-verification-report-2024_page1_p01_2550x3300.sdr.png,aom_iq_c6_q44,6,44,8250,DEC-ERR,
5300-noaa-hurricane-documents,imazen-26-png-v3/png-v3/5300-noaa-hurricane-documents/5300_noaa_nhc-verification-report-2024_page1_p01_2550x3300.sdr.png,aom_iq_c8_q20,8,20,20491,84.6577,
5300-noaa-hurricane-documents,imazen-26-png-v3/png-v3/5300-noaa-hurricane-documents/5300_noaa_nhc-verification-report-2024_page1_p01_2550x3300.sdr.png,aom_iq_c8_q32,8,32,15284,75.1353,
5300-noaa-hurricane-documents,imazen-26-png-v3/png-v3/5300-noaa-hurricane-documents/5300_noaa_nhc-verification-report-2024_page1_p01_2550x3300.sdr.png,aom_iq_c8_q44,8,44,9731,58.2461,
5300-noaa-hurricane-documents,imazen-26-png-v3/png-v3/5300-noaa-hurricane-documents/5312_noaa_nhc-al042024-debby_p19_2550x3300.sdr.png,aom_psnr_c6_q20,6,20,5296,87.8756,
5300-noaa-hurricane-documents,imazen-26-png-v3/png-v3/5300-noaa-hurricane-documents/5312_noaa_nhc-al042024-debby_p19_2550x3300.sdr.png,aom_psnr_c6_q32,6,32,4216,79.2397,
5300-noaa-hurricane-documents,imazen-26-png-v3/png-v3/5300-noaa-hurricane-documents/5312_noaa_nhc-al042024-debby_p19_2550x3300.sdr.png,aom_psnr_c6_q44,6,44,3433,72.5111,
5300-noaa-hurricane-documents,imazen-26-png-v3/png-v3/5300-noaa-hurricane-documents/5312_noaa_nhc-al042024-debby_p19_2550x3300.sdr.png,aom_psnr_c8_q20,8,20,9275,85.7510,
5300-noaa-hurricane-documents,imazen-26-png-v3/png-v3/5300-noaa-hurricane-documents/5312_noaa_nhc-al042024-debby_p19_2550x3300.sdr.png,aom_psnr_c8_q32,8,32,7851,78.1656,
5300-noaa-hurricane-documents,imazen-26-png-v3/png-v3/5300-noaa-hurricane-documents/5312_noaa_nhc-al042024-debby_p19_2550x3300.sdr.png,aom_psnr_c8_q44,8,44,6750,62.9264,
5300-noaa-hurricane-documents,imazen-26-png-v3/png-v3/5300-noaa-hurricane-documents/5312_noaa_nhc-al042024-debby_p19_2550x3300.sdr.png,aom_iq_c6_q20,6,20,5612,DEC-ERR,
5300-noaa-hurricane-documents,imazen-26-png-v3/png-v3/5300-noaa-hurricane-documents/5312_noaa_nhc-al042024-debby_p19_2550x3300.sdr.png,aom_iq_c6_q32,6,32,4612,DEC-ERR,
5300-noaa-hurricane-documents,imazen-26-png-v3/png-v3/5300-noaa-hurricane-documents/5312_noaa_nhc-al042024-debby_p19_2550x3300.sdr.png,aom_iq_c6_q44,6,44,3461,DEC-ERR,
5300-noaa-hurricane-documents,imazen-26-png-v3/png-v3/5300-noaa-hurricane-documents/5312_noaa_nhc-al042024-debby_p19_2550x3300.sdr.png,aom_iq_c8_q20,8,20,10374,87.8543,
5300-noaa-hurricane-documents,imazen-26-png-v3/png-v3/5300-noaa-hurricane-documents/5312_noaa_nhc-al042024-debby_p19_2550x3300.sdr.png,aom_iq_c8_q32,8,32,8718,84.5327,
5300-noaa-hurricane-documents,imazen-26-png-v3/png-v3/5300-noaa-hurricane-documents/5312_noaa_nhc-al042024-debby_p19_2550x3300.sdr.png,aom_iq_c8_q44,8,44,6484,71.2865,
6000-lilith-scans-public-patents,imazen-26-png-v3/png-v3/6000-lilith-scans-public-patents/lynn_conway_us5046022_printrescangray300/6069_scans-patents_lynn-conway-us5046022-rescan-gray_p011_2479x3230.sdr.png,aom_psnr_c6_q20,6,20,41749,88.5687,
6000-lilith-scans-public-patents,imazen-26-png-v3/png-v3/6000-lilith-scans-public-patents/lynn_conway_us5046022_printrescangray300/6069_scans-patents_lynn-conway-us5046022-rescan-gray_p011_2479x3230.sdr.png,aom_psnr_c6_q32,6,32,28794,85.0615,
6000-lilith-scans-public-patents,imazen-26-png-v3/png-v3/6000-lilith-scans-public-patents/lynn_conway_us5046022_printrescangray300/6069_scans-patents_lynn-conway-us5046022-rescan-gray_p011_2479x3230.sdr.png,aom_psnr_c6_q44,6,44,17137,77.2376,
6000-lilith-scans-public-patents,imazen-26-png-v3/png-v3/6000-lilith-scans-public-patents/lynn_conway_us5046022_printrescangray300/6069_scans-patents_lynn-conway-us5046022-rescan-gray_p011_2479x3230.sdr.png,aom_psnr_c8_q20,8,20,41479,84.3289,
6000-lilith-scans-public-patents,imazen-26-png-v3/png-v3/6000-lilith-scans-public-patents/lynn_conway_us5046022_printrescangray300/6069_scans-patents_lynn-conway-us5046022-rescan-gray_p011_2479x3230.sdr.png,aom_psnr_c8_q32,8,32,28106,79.4446,
6000-lilith-scans-public-patents,imazen-26-png-v3/png-v3/6000-lilith-scans-public-patents/lynn_conway_us5046022_printrescangray300/6069_scans-patents_lynn-conway-us5046022-rescan-gray_p011_2479x3230.sdr.png,aom_psnr_c8_q44,8,44,16178,65.9537,
6000-lilith-scans-public-patents,imazen-26-png-v3/png-v3/6000-lilith-scans-public-patents/lynn_conway_us5046022_printrescangray300/6069_scans-patents_lynn-conway-us5046022-rescan-gray_p011_2479x3230.sdr.png,aom_iq_c6_q20,6,20,38275,88.0086,
6000-lilith-scans-public-patents,imazen-26-png-v3/png-v3/6000-lilith-scans-public-patents/lynn_conway_us5046022_printrescangray300/6069_scans-patents_lynn-conway-us5046022-rescan-gray_p011_2479x3230.sdr.png,aom_iq_c6_q32,6,32,25247,84.2612,
6000-lilith-scans-public-patents,imazen-26-png-v3/png-v3/6000-lilith-scans-public-patents/lynn_conway_us5046022_printrescangray300/6069_scans-patents_lynn-conway-us5046022-rescan-gray_p011_2479x3230.sdr.png,aom_iq_c6_q44,6,44,14704,75.2728,
6000-lilith-scans-public-patents,imazen-26-png-v3/png-v3/6000-lilith-scans-public-patents/lynn_conway_us5046022_printrescangray300/6069_scans-patents_lynn-conway-us5046022-rescan-gray_p011_2479x3230.sdr.png,aom_iq_c8_q20,8,20,39011,85.1860,
6000-lilith-scans-public-patents,imazen-26-png-v3/png-v3/6000-lilith-scans-public-patents/lynn_conway_us5046022_printrescangray300/6069_scans-patents_lynn-conway-us5046022-rescan-gray_p011_2479x3230.sdr.png,aom_iq_c8_q32,8,32,25501,79.1170,
6000-lilith-scans-public-patents,imazen-26-png-v3/png-v3/6000-lilith-scans-public-patents/lynn_conway_us5046022_printrescangray300/6069_scans-patents_lynn-conway-us5046022-rescan-gray_p011_2479x3230.sdr.png,aom_iq_c8_q44,8,44,14729,70.5500,
6000-lilith-scans-public-patents,imazen-26-png-v3/png-v3/6000-lilith-scans-public-patents/martha_jones_us77494_printrescancolor300/6093_scans-patents_martha-jones-us77494-rescan-color_p002_2479x3230.sdr.png,aom_psnr_c6_q20,6,20,41487,84.4854,
6000-lilith-scans-public-patents,imazen-26-png-v3/png-v3/6000-lilith-scans-public-patents/martha_jones_us77494_printrescancolor300/6093_scans-patents_martha-jones-us77494-rescan-color_p002_2479x3230.sdr.png,aom_psnr_c6_q32,6,32,28872,80.6166,
6000-lilith-scans-public-patents,imazen-26-png-v3/png-v3/6000-lilith-scans-public-patents/martha_jones_us77494_printrescancolor300/6093_scans-patents_martha-jones-us77494-rescan-color_p002_2479x3230.sdr.png,aom_psnr_c6_q44,6,44,19895,75.9147,
6000-lilith-scans-public-patents,imazen-26-png-v3/png-v3/6000-lilith-scans-public-patents/martha_jones_us77494_printrescancolor300/6093_scans-patents_martha-jones-us77494-rescan-color_p002_2479x3230.sdr.png,aom_psnr_c8_q20,8,20,42328,83.1536,
6000-lilith-scans-public-patents,imazen-26-png-v3/png-v3/6000-lilith-scans-public-patents/martha_jones_us77494_printrescancolor300/6093_scans-patents_martha-jones-us77494-rescan-color_p002_2479x3230.sdr.png,aom_psnr_c8_q32,8,32,29303,79.6618,
6000-lilith-scans-public-patents,imazen-26-png-v3/png-v3/6000-lilith-scans-public-patents/martha_jones_us77494_printrescancolor300/6093_scans-patents_martha-jones-us77494-rescan-color_p002_2479x3230.sdr.png,aom_psnr_c8_q44,8,44,17199,71.1476,
6000-lilith-scans-public-patents,imazen-26-png-v3/png-v3/6000-lilith-scans-public-patents/martha_jones_us77494_printrescancolor300/6093_scans-patents_martha-jones-us77494-rescan-color_p002_2479x3230.sdr.png,aom_iq_c6_q20,6,20,39481,85.1959,
6000-lilith-scans-public-patents,imazen-26-png-v3/png-v3/6000-lilith-scans-public-patents/martha_jones_us77494_printrescancolor300/6093_scans-patents_martha-jones-us77494-rescan-color_p002_2479x3230.sdr.png,aom_iq_c6_q32,6,32,26200,79.6770,
6000-lilith-scans-public-patents,imazen-26-png-v3/png-v3/6000-lilith-scans-public-patents/martha_jones_us77494_printrescancolor300/6093_scans-patents_martha-jones-us77494-rescan-color_p002_2479x3230.sdr.png,aom_iq_c6_q44,6,44,15240,71.4814,
6000-lilith-scans-public-patents,imazen-26-png-v3/png-v3/6000-lilith-scans-public-patents/martha_jones_us77494_printrescancolor300/6093_scans-patents_martha-jones-us77494-rescan-color_p002_2479x3230.sdr.png,aom_iq_c8_q20,8,20,40309,84.3479,
6000-lilith-scans-public-patents,imazen-26-png-v3/png-v3/6000-lilith-scans-public-patents/martha_jones_us77494_printrescancolor300/6093_scans-patents_martha-jones-us77494-rescan-color_p002_2479x3230.sdr.png,aom_iq_c8_q32,8,32,26020,78.3997,
6000-lilith-scans-public-patents,imazen-26-png-v3/png-v3/6000-lilith-scans-public-patents/martha_jones_us77494_printrescancolor300/6093_scans-patents_martha-jones-us77494-rescan-color_p002_2479x3230.sdr.png,aom_iq_c8_q44,8,44,14891,68.9927,
6600-ia-scans-manuscript-illustrations,imazen-26-png-v3/png-v3/6600-ia-scans-manuscript-illustrations/6609_scans-illustrations_hokusai-insects-creatures_plate0019_6234x4925.sdr.png,aom_psnr_c6_q20,6,20,19968,71.5246,
6600-ia-scans-manuscript-illustrations,imazen-26-png-v3/png-v3/6600-ia-scans-manuscript-illustrations/6609_scans-illustrations_hokusai-insects-creatures_plate0019_6234x4925.sdr.png,aom_psnr_c6_q32,6,32,8423,45.5396,
6600-ia-scans-manuscript-illustrations,imazen-26-png-v3/png-v3/6600-ia-scans-manuscript-illustrations/6609_scans-illustrations_hokusai-insects-creatures_plate0019_6234x4925.sdr.png,aom_psnr_c6_q44,6,44,2310,0.9581,
6600-ia-scans-manuscript-illustrations,imazen-26-png-v3/png-v3/6600-ia-scans-manuscript-illustrations/6609_scans-illustrations_hokusai-insects-creatures_plate0019_6234x4925.sdr.png,aom_psnr_c8_q20,8,20,19262,70.1573,
6600-ia-scans-manuscript-illustrations,imazen-26-png-v3/png-v3/6600-ia-scans-manuscript-illustrations/6609_scans-illustrations_hokusai-insects-creatures_plate0019_6234x4925.sdr.png,aom_psnr_c8_q32,8,32,7813,41.6411,
6600-ia-scans-manuscript-illustrations,imazen-26-png-v3/png-v3/6600-ia-scans-manuscript-illustrations/6609_scans-illustrations_hokusai-insects-creatures_plate0019_6234x4925.sdr.png,aom_psnr_c8_q44,8,44,2215,6.8797,
6600-ia-scans-manuscript-illustrations,imazen-26-png-v3/png-v3/6600-ia-scans-manuscript-illustrations/6609_scans-illustrations_hokusai-insects-creatures_plate0019_6234x4925.sdr.png,aom_iq_c6_q20,6,20,28892,80.7954,
6600-ia-scans-manuscript-illustrations,imazen-26-png-v3/png-v3/6600-ia-scans-manuscript-illustrations/6609_scans-illustrations_hokusai-insects-creatures_plate0019_6234x4925.sdr.png,aom_iq_c6_q32,6,32,17906,70.2239,
6600-ia-scans-manuscript-illustrations,imazen-26-png-v3/png-v3/6600-ia-scans-manuscript-illustrations/6609_scans-illustrations_hokusai-insects-creatures_plate0019_6234x4925.sdr.png,aom_iq_c6_q44,6,44,7224,41.8731,
6600-ia-scans-manuscript-illustrations,imazen-26-png-v3/png-v3/6600-ia-scans-manuscript-illustrations/6609_scans-illustrations_hokusai-insects-creatures_plate0019_6234x4925.sdr.png,aom_iq_c8_q20,8,20,29370,80.2480,
6600-ia-scans-manuscript-illustrations,imazen-26-png-v3/png-v3/6600-ia-scans-manuscript-illustrations/6609_scans-illustrations_hokusai-insects-creatures_plate0019_6234x4925.sdr.png,aom_iq_c8_q32,8,32,18083,69.4579,
6600-ia-scans-manuscript-illustrations,imazen-26-png-v3/png-v3/6600-ia-scans-manuscript-illustrations/6609_scans-illustrations_hokusai-insects-creatures_plate0019_6234x4925.sdr.png,aom_iq_c8_q44,8,44,7131,40.4909,
6600-ia-scans-manuscript-illustrations,imazen-26-png-v3/png-v3/6600-ia-scans-manuscript-illustrations/6619_scans-illustrations_redoute-rose-pale-pink_plate0057_2912x4368.sdr.png,aom_psnr_c6_q20,6,20,16652,71.4451,
6600-ia-scans-manuscript-illustrations,imazen-26-png-v3/png-v3/6600-ia-scans-manuscript-illustrations/6619_scans-illustrations_redoute-rose-pale-pink_plate0057_2912x4368.sdr.png,aom_psnr_c6_q32,6,32,7532,44.8133,
6600-ia-scans-manuscript-illustrations,imazen-26-png-v3/png-v3/6600-ia-scans-manuscript-illustrations/6619_scans-illustrations_redoute-rose-pale-pink_plate0057_2912x4368.sdr.png,aom_psnr_c6_q44,6,44,1925,3.9913,
6600-ia-scans-manuscript-illustrations,imazen-26-png-v3/png-v3/6600-ia-scans-manuscript-illustrations/6619_scans-illustrations_redoute-rose-pale-pink_plate0057_2912x4368.sdr.png,aom_psnr_c8_q20,8,20,17112,70.4714,
6600-ia-scans-manuscript-illustrations,imazen-26-png-v3/png-v3/6600-ia-scans-manuscript-illustrations/6619_scans-illustrations_redoute-rose-pale-pink_plate0057_2912x4368.sdr.png,aom_psnr_c8_q32,8,32,7167,41.0671,
6600-ia-scans-manuscript-illustrations,imazen-26-png-v3/png-v3/6600-ia-scans-manuscript-illustrations/6619_scans-illustrations_redoute-rose-pale-pink_plate0057_2912x4368.sdr.png,aom_psnr_c8_q44,8,44,1566,11.2452,
6600-ia-scans-manuscript-illustrations,imazen-26-png-v3/png-v3/6600-ia-scans-manuscript-illustrations/6619_scans-illustrations_redoute-rose-pale-pink_plate0057_2912x4368.sdr.png,aom_iq_c6_q20,6,20,25450,81.0511,
6600-ia-scans-manuscript-illustrations,imazen-26-png-v3/png-v3/6600-ia-scans-manuscript-illustrations/6619_scans-illustrations_redoute-rose-pale-pink_plate0057_2912x4368.sdr.png,aom_iq_c6_q32,6,32,16557,70.9962,
6600-ia-scans-manuscript-illustrations,imazen-26-png-v3/png-v3/6600-ia-scans-manuscript-illustrations/6619_scans-illustrations_redoute-rose-pale-pink_plate0057_2912x4368.sdr.png,aom_iq_c6_q44,6,44,6968,40.2125,
6600-ia-scans-manuscript-illustrations,imazen-26-png-v3/png-v3/6600-ia-scans-manuscript-illustrations/6619_scans-illustrations_redoute-rose-pale-pink_plate0057_2912x4368.sdr.png,aom_iq_c8_q20,8,20,26948,80.8513,
6600-ia-scans-manuscript-illustrations,imazen-26-png-v3/png-v3/6600-ia-scans-manuscript-illustrations/6619_scans-illustrations_redoute-rose-pale-pink_plate0057_2912x4368.sdr.png,aom_iq_c8_q32,8,32,17278,70.3622,
6600-ia-scans-manuscript-illustrations,imazen-26-png-v3/png-v3/6600-ia-scans-manuscript-illustrations/6619_scans-illustrations_redoute-rose-pale-pink_plate0057_2912x4368.sdr.png,aom_iq_c8_q44,8,44,6844,37.0111,
6800-ia-scans-manuscript-text,imazen-26-png-v3/png-v3/6800-ia-scans-manuscript-text/6825_scans-text_redoute-fr-description_p0060_2415x3528.sdr.png,aom_psnr_c6_q20,6,20,8928,67.9761,
6800-ia-scans-manuscript-text,imazen-26-png-v3/png-v3/6800-ia-scans-manuscript-text/6825_scans-text_redoute-fr-description_p0060_2415x3528.sdr.png,aom_psnr_c6_q32,6,32,2358,44.5898,
6800-ia-scans-manuscript-text,imazen-26-png-v3/png-v3/6800-ia-scans-manuscript-text/6825_scans-text_redoute-fr-description_p0060_2415x3528.sdr.png,aom_psnr_c6_q44,6,44,885,26.3774,
6800-ia-scans-manuscript-text,imazen-26-png-v3/png-v3/6800-ia-scans-manuscript-text/6825_scans-text_redoute-fr-description_p0060_2415x3528.sdr.png,aom_psnr_c8_q20,8,20,8309,65.6120,
6800-ia-scans-manuscript-text,imazen-26-png-v3/png-v3/6800-ia-scans-manuscript-text/6825_scans-text_redoute-fr-description_p0060_2415x3528.sdr.png,aom_psnr_c8_q32,8,32,1820,39.8870,
6800-ia-scans-manuscript-text,imazen-26-png-v3/png-v3/6800-ia-scans-manuscript-text/6825_scans-text_redoute-fr-description_p0060_2415x3528.sdr.png,aom_psnr_c8_q44,8,44,683,20.9167,
6800-ia-scans-manuscript-text,imazen-26-png-v3/png-v3/6800-ia-scans-manuscript-text/6825_scans-text_redoute-fr-description_p0060_2415x3528.sdr.png,aom_iq_c6_q20,6,20,18330,79.2551,
6800-ia-scans-manuscript-text,imazen-26-png-v3/png-v3/6800-ia-scans-manuscript-text/6825_scans-text_redoute-fr-description_p0060_2415x3528.sdr.png,aom_iq_c6_q32,6,32,10442,69.8281,
6800-ia-scans-manuscript-text,imazen-26-png-v3/png-v3/6800-ia-scans-manuscript-text/6825_scans-text_redoute-fr-description_p0060_2415x3528.sdr.png,aom_iq_c6_q44,6,44,3361,49.6171,
6800-ia-scans-manuscript-text,imazen-26-png-v3/png-v3/6800-ia-scans-manuscript-text/6825_scans-text_redoute-fr-description_p0060_2415x3528.sdr.png,aom_iq_c8_q20,8,20,18897,79.4309,
6800-ia-scans-manuscript-text,imazen-26-png-v3/png-v3/6800-ia-scans-manuscript-text/6825_scans-text_redoute-fr-description_p0060_2415x3528.sdr.png,aom_iq_c8_q32,8,32,10424,69.2594,
6800-ia-scans-manuscript-text,imazen-26-png-v3/png-v3/6800-ia-scans-manuscript-text/6825_scans-text_redoute-fr-description_p0060_2415x3528.sdr.png,aom_iq_c8_q44,8,44,2996,47.6318,
6800-ia-scans-manuscript-text,imazen-26-png-v3/png-v3/6800-ia-scans-manuscript-text/6833_scans-text_redoute-fr-description_p0146_2415x3528.sdr.png,aom_psnr_c6_q20,6,20,11527,72.7709,
6800-ia-scans-manuscript-text,imazen-26-png-v3/png-v3/6800-ia-scans-manuscript-text/6833_scans-text_redoute-fr-description_p0146_2415x3528.sdr.png,aom_psnr_c6_q32,6,32,6678,59.1810,
6800-ia-scans-manuscript-text,imazen-26-png-v3/png-v3/6800-ia-scans-manuscript-text/6833_scans-text_redoute-fr-description_p0146_2415x3528.sdr.png,aom_psnr_c6_q44,6,44,3748,50.2020,
6800-ia-scans-manuscript-text,imazen-26-png-v3/png-v3/6800-ia-scans-manuscript-text/6833_scans-text_redoute-fr-description_p0146_2415x3528.sdr.png,aom_psnr_c8_q20,8,20,11164,70.7842,
6800-ia-scans-manuscript-text,imazen-26-png-v3/png-v3/6800-ia-scans-manuscript-text/6833_scans-text_redoute-fr-description_p0146_2415x3528.sdr.png,aom_psnr_c8_q32,8,32,6381,55.8266,
6800-ia-scans-manuscript-text,imazen-26-png-v3/png-v3/6800-ia-scans-manuscript-text/6833_scans-text_redoute-fr-description_p0146_2415x3528.sdr.png,aom_psnr_c8_q44,8,44,3544,43.2051,
6800-ia-scans-manuscript-text,imazen-26-png-v3/png-v3/6800-ia-scans-manuscript-text/6833_scans-text_redoute-fr-description_p0146_2415x3528.sdr.png,aom_iq_c6_q20,6,20,15683,81.4060,
6800-ia-scans-manuscript-text,imazen-26-png-v3/png-v3/6800-ia-scans-manuscript-text/6833_scans-text_redoute-fr-description_p0146_2415x3528.sdr.png,aom_iq_c6_q32,6,32,9473,73.5341,
6800-ia-scans-manuscript-text,imazen-26-png-v3/png-v3/6800-ia-scans-manuscript-text/6833_scans-text_redoute-fr-description_p0146_2415x3528.sdr.png,aom_iq_c6_q44,6,44,4667,60.7592,
6800-ia-scans-manuscript-text,imazen-26-png-v3/png-v3/6800-ia-scans-manuscript-text/6833_scans-text_redoute-fr-description_p0146_2415x3528.sdr.png,aom_iq_c8_q20,8,20,16167,81.2356,
6800-ia-scans-manuscript-text,imazen-26-png-v3/png-v3/6800-ia-scans-manuscript-text/6833_scans-text_redoute-fr-description_p0146_2415x3528.sdr.png,aom_iq_c8_q32,8,32,9539,72.6927,
6800-ia-scans-manuscript-text,imazen-26-png-v3/png-v3/6800-ia-scans-manuscript-text/6833_scans-text_redoute-fr-description_p0146_2415x3528.sdr.png,aom_iq_c8_q44,8,44,4535,57.7981,
7000-lilith-plots,imazen-26-png-v3/png-v3/7000-lilith-plots/lines/7070_plots_line-voronoi-00012-s2be0c08d_1024x1024.sdr.png,aom_psnr_c6_q20,6,20,55788,86.1051,
7000-lilith-plots,imazen-26-png-v3/png-v3/7000-lilith-plots/lines/7070_plots_line-voronoi-00012-s2be0c08d_1024x1024.sdr.png,aom_psnr_c6_q32,6,32,41331,80.6850,
7000-lilith-plots,imazen-26-png-v3/png-v3/7000-lilith-plots/lines/7070_plots_line-voronoi-00012-s2be0c08d_1024x1024.sdr.png,aom_psnr_c6_q44,6,44,27063,65.6980,
7000-lilith-plots,imazen-26-png-v3/png-v3/7000-lilith-plots/lines/7070_plots_line-voronoi-00012-s2be0c08d_1024x1024.sdr.png,aom_psnr_c8_q20,8,20,55984,84.4516,
7000-lilith-plots,imazen-26-png-v3/png-v3/7000-lilith-plots/lines/7070_plots_line-voronoi-00012-s2be0c08d_1024x1024.sdr.png,aom_psnr_c8_q32,8,32,40818,77.8016,
7000-lilith-plots,imazen-26-png-v3/png-v3/7000-lilith-plots/lines/7070_plots_line-voronoi-00012-s2be0c08d_1024x1024.sdr.png,aom_psnr_c8_q44,8,44,26228,60.7119,
7000-lilith-plots,imazen-26-png-v3/png-v3/7000-lilith-plots/lines/7070_plots_line-voronoi-00012-s2be0c08d_1024x1024.sdr.png,aom_iq_c6_q20,6,20,52745,86.5105,
7000-lilith-plots,imazen-26-png-v3/png-v3/7000-lilith-plots/lines/7070_plots_line-voronoi-00012-s2be0c08d_1024x1024.sdr.png,aom_iq_c6_q32,6,32,37207,76.9603,
7000-lilith-plots,imazen-26-png-v3/png-v3/7000-lilith-plots/lines/7070_plots_line-voronoi-00012-s2be0c08d_1024x1024.sdr.png,aom_iq_c6_q44,6,44,22007,54.8761,
7000-lilith-plots,imazen-26-png-v3/png-v3/7000-lilith-plots/lines/7070_plots_line-voronoi-00012-s2be0c08d_1024x1024.sdr.png,aom_iq_c8_q20,8,20,52929,83.9233,
7000-lilith-plots,imazen-26-png-v3/png-v3/7000-lilith-plots/lines/7070_plots_line-voronoi-00012-s2be0c08d_1024x1024.sdr.png,aom_iq_c8_q32,8,32,36558,73.2671,
7000-lilith-plots,imazen-26-png-v3/png-v3/7000-lilith-plots/lines/7070_plots_line-voronoi-00012-s2be0c08d_1024x1024.sdr.png,aom_iq_c8_q44,8,44,21197,50.3981,
7000-lilith-plots,imazen-26-png-v3/png-v3/7000-lilith-plots/real-charts/7125_plots_chart-violin-16-forest_1024x1024.sdr.png,aom_psnr_c6_q20,6,20,2390,88.3451,
7000-lilith-plots,imazen-26-png-v3/png-v3/7000-lilith-plots/real-charts/7125_plots_chart-violin-16-forest_1024x1024.sdr.png,aom_psnr_c6_q32,6,32,1646,78.8915,
7000-lilith-plots,imazen-26-png-v3/png-v3/7000-lilith-plots/real-charts/7125_plots_chart-violin-16-forest_1024x1024.sdr.png,aom_psnr_c6_q44,6,44,1003,63.9283,
7000-lilith-plots,imazen-26-png-v3/png-v3/7000-lilith-plots/real-charts/7125_plots_chart-violin-16-forest_1024x1024.sdr.png,aom_psnr_c8_q20,8,20,2953,75.0611,
7000-lilith-plots,imazen-26-png-v3/png-v3/7000-lilith-plots/real-charts/7125_plots_chart-violin-16-forest_1024x1024.sdr.png,aom_psnr_c8_q32,8,32,1650,61.3292,
7000-lilith-plots,imazen-26-png-v3/png-v3/7000-lilith-plots/real-charts/7125_plots_chart-violin-16-forest_1024x1024.sdr.png,aom_psnr_c8_q44,8,44,840,48.1774,
7000-lilith-plots,imazen-26-png-v3/png-v3/7000-lilith-plots/real-charts/7125_plots_chart-violin-16-forest_1024x1024.sdr.png,aom_iq_c6_q20,6,20,2840,DEC-ERR,
7000-lilith-plots,imazen-26-png-v3/png-v3/7000-lilith-plots/real-charts/7125_plots_chart-violin-16-forest_1024x1024.sdr.png,aom_iq_c6_q32,6,32,2243,DEC-ERR,
7000-lilith-plots,imazen-26-png-v3/png-v3/7000-lilith-plots/real-charts/7125_plots_chart-violin-16-forest_1024x1024.sdr.png,aom_iq_c6_q44,6,44,1627,DEC-ERR,
7000-lilith-plots,imazen-26-png-v3/png-v3/7000-lilith-plots/real-charts/7125_plots_chart-violin-16-forest_1024x1024.sdr.png,aom_iq_c8_q20,8,20,4466,85.8052,
7000-lilith-plots,imazen-26-png-v3/png-v3/7000-lilith-plots/real-charts/7125_plots_chart-violin-16-forest_1024x1024.sdr.png,aom_iq_c8_q32,8,32,3166,81.5910,
7000-lilith-plots,imazen-26-png-v3/png-v3/7000-lilith-plots/real-charts/7125_plots_chart-violin-16-forest_1024x1024.sdr.png,aom_iq_c8_q44,8,44,1957,67.5809,
8000-lilith-mobile-screenshots,imazen-26-png-v3/png-v3/8000-lilith-mobile-screenshots/8000_mobile-screenshots_imageflow-server_screenshot-20260526-065435-brave_1968x2184.sdr.png,aom_psnr_c6_q20,6,20,11332,86.1637,
8000-lilith-mobile-screenshots,imazen-26-png-v3/png-v3/8000-lilith-mobile-screenshots/8000_mobile-screenshots_imageflow-server_screenshot-20260526-065435-brave_1968x2184.sdr.png,aom_psnr_c6_q32,6,32,9749,77.0868,
8000-lilith-mobile-screenshots,imazen-26-png-v3/png-v3/8000-lilith-mobile-screenshots/8000_mobile-screenshots_imageflow-server_screenshot-20260526-065435-brave_1968x2184.sdr.png,aom_psnr_c6_q44,6,44,7422,61.4484,
8000-lilith-mobile-screenshots,imazen-26-png-v3/png-v3/8000-lilith-mobile-screenshots/8000_mobile-screenshots_imageflow-server_screenshot-20260526-065435-brave_1968x2184.sdr.png,aom_psnr_c8_q20,8,20,13183,80.9885,
8000-lilith-mobile-screenshots,imazen-26-png-v3/png-v3/8000-lilith-mobile-screenshots/8000_mobile-screenshots_imageflow-server_screenshot-20260526-065435-brave_1968x2184.sdr.png,aom_psnr_c8_q32,8,32,11116,71.4830,
8000-lilith-mobile-screenshots,imazen-26-png-v3/png-v3/8000-lilith-mobile-screenshots/8000_mobile-screenshots_imageflow-server_screenshot-20260526-065435-brave_1968x2184.sdr.png,aom_psnr_c8_q44,8,44,8030,55.4594,
8000-lilith-mobile-screenshots,imazen-26-png-v3/png-v3/8000-lilith-mobile-screenshots/8000_mobile-screenshots_imageflow-server_screenshot-20260526-065435-brave_1968x2184.sdr.png,aom_iq_c6_q20,6,20,11907,DEC-ERR,
8000-lilith-mobile-screenshots,imazen-26-png-v3/png-v3/8000-lilith-mobile-screenshots/8000_mobile-screenshots_imageflow-server_screenshot-20260526-065435-brave_1968x2184.sdr.png,aom_iq_c6_q32,6,32,9672,DEC-ERR,
8000-lilith-mobile-screenshots,imazen-26-png-v3/png-v3/8000-lilith-mobile-screenshots/8000_mobile-screenshots_imageflow-server_screenshot-20260526-065435-brave_1968x2184.sdr.png,aom_iq_c6_q44,6,44,7167,DEC-ERR,
8000-lilith-mobile-screenshots,imazen-26-png-v3/png-v3/8000-lilith-mobile-screenshots/8000_mobile-screenshots_imageflow-server_screenshot-20260526-065435-brave_1968x2184.sdr.png,aom_iq_c8_q20,8,20,14412,85.2288,
8000-lilith-mobile-screenshots,imazen-26-png-v3/png-v3/8000-lilith-mobile-screenshots/8000_mobile-screenshots_imageflow-server_screenshot-20260526-065435-brave_1968x2184.sdr.png,aom_iq_c8_q32,8,32,11691,78.8427,
8000-lilith-mobile-screenshots,imazen-26-png-v3/png-v3/8000-lilith-mobile-screenshots/8000_mobile-screenshots_imageflow-server_screenshot-20260526-065435-brave_1968x2184.sdr.png,aom_iq_c8_q44,8,44,7553,65.1313,
8000-lilith-mobile-screenshots,imazen-26-png-v3/png-v3/8000-lilith-mobile-screenshots/8012_mobile-screenshots_on-screen-keyboard_screenshot-20260526-070935-calculator_1080x2520.sdr.png,aom_psnr_c6_q20,6,20,2824,89.2909,
8000-lilith-mobile-screenshots,imazen-26-png-v3/png-v3/8000-lilith-mobile-screenshots/8012_mobile-screenshots_on-screen-keyboard_screenshot-20260526-070935-calculator_1080x2520.sdr.png,aom_psnr_c6_q32,6,32,2156,83.4498,
8000-lilith-mobile-screenshots,imazen-26-png-v3/png-v3/8000-lilith-mobile-screenshots/8012_mobile-screenshots_on-screen-keyboard_screenshot-20260526-070935-calculator_1080x2520.sdr.png,aom_psnr_c6_q44,6,44,1655,70.2766,
8000-lilith-mobile-screenshots,imazen-26-png-v3/png-v3/8000-lilith-mobile-screenshots/8012_mobile-screenshots_on-screen-keyboard_screenshot-20260526-070935-calculator_1080x2520.sdr.png,aom_psnr_c8_q20,8,20,3340,84.8796,
8000-lilith-mobile-screenshots,imazen-26-png-v3/png-v3/8000-lilith-mobile-screenshots/8012_mobile-screenshots_on-screen-keyboard_screenshot-20260526-070935-calculator_1080x2520.sdr.png,aom_psnr_c8_q32,8,32,2406,78.4910,
8000-lilith-mobile-screenshots,imazen-26-png-v3/png-v3/8000-lilith-mobile-screenshots/8012_mobile-screenshots_on-screen-keyboard_screenshot-20260526-070935-calculator_1080x2520.sdr.png,aom_psnr_c8_q44,8,44,1670,57.3604,
8000-lilith-mobile-screenshots,imazen-26-png-v3/png-v3/8000-lilith-mobile-screenshots/8012_mobile-screenshots_on-screen-keyboard_screenshot-20260526-070935-calculator_1080x2520.sdr.png,aom_iq_c6_q20,6,20,3509,DEC-ERR,
8000-lilith-mobile-screenshots,imazen-26-png-v3/png-v3/8000-lilith-mobile-screenshots/8012_mobile-screenshots_on-screen-keyboard_screenshot-20260526-070935-calculator_1080x2520.sdr.png,aom_iq_c6_q32,6,32,2706,DEC-ERR,
8000-lilith-mobile-screenshots,imazen-26-png-v3/png-v3/8000-lilith-mobile-screenshots/8012_mobile-screenshots_on-screen-keyboard_screenshot-20260526-070935-calculator_1080x2520.sdr.png,aom_iq_c6_q44,6,44,2043,DEC-ERR,
8000-lilith-mobile-screenshots,imazen-26-png-v3/png-v3/8000-lilith-mobile-screenshots/8012_mobile-screenshots_on-screen-keyboard_screenshot-20260526-070935-calculator_1080x2520.sdr.png,aom_iq_c8_q20,8,20,4563,89.9611,
8000-lilith-mobile-screenshots,imazen-26-png-v3/png-v3/8000-lilith-mobile-screenshots/8012_mobile-screenshots_on-screen-keyboard_screenshot-20260526-070935-calculator_1080x2520.sdr.png,aom_iq_c8_q32,8,32,3444,87.0223,
8000-lilith-mobile-screenshots,imazen-26-png-v3/png-v3/8000-lilith-mobile-screenshots/8012_mobile-screenshots_on-screen-keyboard_screenshot-20260526-070935-calculator_1080x2520.sdr.png,aom_iq_c8_q44,8,44,2390,77.6991,
8100-lilith-web-screenshots,imazen-26-png-v3/png-v3/8100-lilith-web-screenshots/1440x900/8106_web-screenshots_climate-news_dpr1_page1_1440x900.sdr.png,aom_psnr_c6_q20,6,20,17139,84.0615,
8100-lilith-web-screenshots,imazen-26-png-v3/png-v3/8100-lilith-web-screenshots/1440x900/8106_web-screenshots_climate-news_dpr1_page1_1440x900.sdr.png,aom_psnr_c6_q32,6,32,12399,73.2029,
8100-lilith-web-screenshots,imazen-26-png-v3/png-v3/8100-lilith-web-screenshots/1440x900/8106_web-screenshots_climate-news_dpr1_page1_1440x900.sdr.png,aom_psnr_c6_q44,6,44,9084,51.9716,
8100-lilith-web-screenshots,imazen-26-png-v3/png-v3/8100-lilith-web-screenshots/1440x900/8106_web-screenshots_climate-news_dpr1_page1_1440x900.sdr.png,aom_psnr_c8_q20,8,20,19145,82.6340,
8100-lilith-web-screenshots,imazen-26-png-v3/png-v3/8100-lilith-web-screenshots/1440x900/8106_web-screenshots_climate-news_dpr1_page1_1440x900.sdr.png,aom_psnr_c8_q32,8,32,13981,70.4365,
8100-lilith-web-screenshots,imazen-26-png-v3/png-v3/8100-lilith-web-screenshots/1440x900/8106_web-screenshots_climate-news_dpr1_page1_1440x900.sdr.png,aom_psnr_c8_q44,8,44,8786,39.0644,
8100-lilith-web-screenshots,imazen-26-png-v3/png-v3/8100-lilith-web-screenshots/1440x900/8106_web-screenshots_climate-news_dpr1_page1_1440x900.sdr.png,aom_iq_c6_q20,6,20,18246,DEC-ERR,
8100-lilith-web-screenshots,imazen-26-png-v3/png-v3/8100-lilith-web-screenshots/1440x900/8106_web-screenshots_climate-news_dpr1_page1_1440x900.sdr.png,aom_iq_c6_q32,6,32,14002,DEC-ERR,
8100-lilith-web-screenshots,imazen-26-png-v3/png-v3/8100-lilith-web-screenshots/1440x900/8106_web-screenshots_climate-news_dpr1_page1_1440x900.sdr.png,aom_iq_c6_q44,6,44,8611,DEC-ERR,
8100-lilith-web-screenshots,imazen-26-png-v3/png-v3/8100-lilith-web-screenshots/1440x900/8106_web-screenshots_climate-news_dpr1_page1_1440x900.sdr.png,aom_iq_c8_q20,8,20,21520,86.0596,
8100-lilith-web-screenshots,imazen-26-png-v3/png-v3/8100-lilith-web-screenshots/1440x900/8106_web-screenshots_climate-news_dpr1_page1_1440x900.sdr.png,aom_iq_c8_q32,8,32,16423,78.3839,
8100-lilith-web-screenshots,imazen-26-png-v3/png-v3/8100-lilith-web-screenshots/1440x900/8106_web-screenshots_climate-news_dpr1_page1_1440x900.sdr.png,aom_iq_c8_q44,8,44,9401,56.3968,
8100-lilith-web-screenshots,imazen-26-png-v3/png-v3/8100-lilith-web-screenshots/2880x1800/8267_web-screenshots_usgs-topoview_dpr2_page1_2880x1800.sdr.png,aom_psnr_c6_q20,6,20,24754,83.8166,
8100-lilith-web-screenshots,imazen-26-png-v3/png-v3/8100-lilith-web-screenshots/2880x1800/8267_web-screenshots_usgs-topoview_dpr2_page1_2880x1800.sdr.png,aom_psnr_c6_q32,6,32,15873,69.8893,
8100-lilith-web-screenshots,imazen-26-png-v3/png-v3/8100-lilith-web-screenshots/2880x1800/8267_web-screenshots_usgs-topoview_dpr2_page1_2880x1800.sdr.png,aom_psnr_c6_q44,6,44,9500,45.2483,
8100-lilith-web-screenshots,imazen-26-png-v3/png-v3/8100-lilith-web-screenshots/2880x1800/8267_web-screenshots_usgs-topoview_dpr2_page1_2880x1800.sdr.png,aom_psnr_c8_q20,8,20,25245,79.6321,
8100-lilith-web-screenshots,imazen-26-png-v3/png-v3/8100-lilith-web-screenshots/2880x1800/8267_web-screenshots_usgs-topoview_dpr2_page1_2880x1800.sdr.png,aom_psnr_c8_q32,8,32,15356,62.7048,
8100-lilith-web-screenshots,imazen-26-png-v3/png-v3/8100-lilith-web-screenshots/2880x1800/8267_web-screenshots_usgs-topoview_dpr2_page1_2880x1800.sdr.png,aom_psnr_c8_q44,8,44,8630,36.9390,
8100-lilith-web-screenshots,imazen-26-png-v3/png-v3/8100-lilith-web-screenshots/2880x1800/8267_web-screenshots_usgs-topoview_dpr2_page1_2880x1800.sdr.png,aom_iq_c6_q20,6,20,26390,DEC-ERR,
8100-lilith-web-screenshots,imazen-26-png-v3/png-v3/8100-lilith-web-screenshots/2880x1800/8267_web-screenshots_usgs-topoview_dpr2_page1_2880x1800.sdr.png,aom_iq_c6_q32,6,32,17781,DEC-ERR,
8100-lilith-web-screenshots,imazen-26-png-v3/png-v3/8100-lilith-web-screenshots/2880x1800/8267_web-screenshots_usgs-topoview_dpr2_page1_2880x1800.sdr.png,aom_iq_c6_q44,6,44,9840,DEC-ERR,
8100-lilith-web-screenshots,imazen-26-png-v3/png-v3/8100-lilith-web-screenshots/2880x1800/8267_web-screenshots_usgs-topoview_dpr2_page1_2880x1800.sdr.png,aom_iq_c8_q20,8,20,28402,84.4853,
8100-lilith-web-screenshots,imazen-26-png-v3/png-v3/8100-lilith-web-screenshots/2880x1800/8267_web-screenshots_usgs-topoview_dpr2_page1_2880x1800.sdr.png,aom_iq_c8_q32,8,32,18386,74.7071,
8100-lilith-web-screenshots,imazen-26-png-v3/png-v3/8100-lilith-web-screenshots/2880x1800/8267_web-screenshots_usgs-topoview_dpr2_page1_2880x1800.sdr.png,aom_iq_c8_q44,8,44,9974,52.9285,
9000-lilith-ai-clipart,imazen-26-png-v3/png-v3/9000-lilith-ai-clipart/9036_gen_clipart_laptop-coffee_1024x1024.sdr.png,aom_psnr_c6_q20,6,20,13723,86.9028,
9000-lilith-ai-clipart,imazen-26-png-v3/png-v3/9000-lilith-ai-clipart/9036_gen_clipart_laptop-coffee_1024x1024.sdr.png,aom_psnr_c6_q32,6,32,9404,78.5775,
9000-lilith-ai-clipart,imazen-26-png-v3/png-v3/9000-lilith-ai-clipart/9036_gen_clipart_laptop-coffee_1024x1024.sdr.png,aom_psnr_c6_q44,6,44,5673,66.4263,
9000-lilith-ai-clipart,imazen-26-png-v3/png-v3/9000-lilith-ai-clipart/9036_gen_clipart_laptop-coffee_1024x1024.sdr.png,aom_psnr_c8_q20,8,20,13681,85.5525,
9000-lilith-ai-clipart,imazen-26-png-v3/png-v3/9000-lilith-ai-clipart/9036_gen_clipart_laptop-coffee_1024x1024.sdr.png,aom_psnr_c8_q32,8,32,9426,74.0834,
9000-lilith-ai-clipart,imazen-26-png-v3/png-v3/9000-lilith-ai-clipart/9036_gen_clipart_laptop-coffee_1024x1024.sdr.png,aom_psnr_c8_q44,8,44,5544,58.1916,
9000-lilith-ai-clipart,imazen-26-png-v3/png-v3/9000-lilith-ai-clipart/9036_gen_clipart_laptop-coffee_1024x1024.sdr.png,aom_iq_c6_q20,6,20,13240,87.9517,
9000-lilith-ai-clipart,imazen-26-png-v3/png-v3/9000-lilith-ai-clipart/9036_gen_clipart_laptop-coffee_1024x1024.sdr.png,aom_iq_c6_q32,6,32,8928,81.8285,
9000-lilith-ai-clipart,imazen-26-png-v3/png-v3/9000-lilith-ai-clipart/9036_gen_clipart_laptop-coffee_1024x1024.sdr.png,aom_iq_c6_q44,6,44,5172,68.8865,
9000-lilith-ai-clipart,imazen-26-png-v3/png-v3/9000-lilith-ai-clipart/9036_gen_clipart_laptop-coffee_1024x1024.sdr.png,aom_iq_c8_q20,8,20,14025,86.7623,
9000-lilith-ai-clipart,imazen-26-png-v3/png-v3/9000-lilith-ai-clipart/9036_gen_clipart_laptop-coffee_1024x1024.sdr.png,aom_iq_c8_q32,8,32,9389,79.5114,
9000-lilith-ai-clipart,imazen-26-png-v3/png-v3/9000-lilith-ai-clipart/9036_gen_clipart_laptop-coffee_1024x1024.sdr.png,aom_iq_c8_q44,8,44,5423,63.7308,
9000-lilith-ai-clipart,imazen-26-png-v3/png-v3/9000-lilith-ai-clipart/9070_gen_clipart_sunflower-cheerful_1024x1536.sdr.png,aom_psnr_c6_q20,6,20,10428,85.3966,
9000-lilith-ai-clipart,imazen-26-png-v3/png-v3/9000-lilith-ai-clipart/9070_gen_clipart_sunflower-cheerful_1024x1536.sdr.png,aom_psnr_c6_q32,6,32,6454,78.2054,
9000-lilith-ai-clipart,imazen-26-png-v3/png-v3/9000-lilith-ai-clipart/9070_gen_clipart_sunflower-cheerful_1024x1536.sdr.png,aom_psnr_c6_q44,6,44,3692,64.6794,
9000-lilith-ai-clipart,imazen-26-png-v3/png-v3/9000-lilith-ai-clipart/9070_gen_clipart_sunflower-cheerful_1024x1536.sdr.png,aom_psnr_c8_q20,8,20,10589,83.3006,
9000-lilith-ai-clipart,imazen-26-png-v3/png-v3/9000-lilith-ai-clipart/9070_gen_clipart_sunflower-cheerful_1024x1536.sdr.png,aom_psnr_c8_q32,8,32,6500,74.0376,
9000-lilith-ai-clipart,imazen-26-png-v3/png-v3/9000-lilith-ai-clipart/9070_gen_clipart_sunflower-cheerful_1024x1536.sdr.png,aom_psnr_c8_q44,8,44,3678,55.0256,
9000-lilith-ai-clipart,imazen-26-png-v3/png-v3/9000-lilith-ai-clipart/9070_gen_clipart_sunflower-cheerful_1024x1536.sdr.png,aom_iq_c6_q20,6,20,12460,88.2289,
9000-lilith-ai-clipart,imazen-26-png-v3/png-v3/9000-lilith-ai-clipart/9070_gen_clipart_sunflower-cheerful_1024x1536.sdr.png,aom_iq_c6_q32,6,32,8434,84.1092,
9000-lilith-ai-clipart,imazen-26-png-v3/png-v3/9000-lilith-ai-clipart/9070_gen_clipart_sunflower-cheerful_1024x1536.sdr.png,aom_iq_c6_q44,6,44,4861,73.6364,
9000-lilith-ai-clipart,imazen-26-png-v3/png-v3/9000-lilith-ai-clipart/9070_gen_clipart_sunflower-cheerful_1024x1536.sdr.png,aom_iq_c8_q20,8,20,13570,86.6430,
9000-lilith-ai-clipart,imazen-26-png-v3/png-v3/9000-lilith-ai-clipart/9070_gen_clipart_sunflower-cheerful_1024x1536.sdr.png,aom_iq_c8_q32,8,32,9093,82.1510,
9000-lilith-ai-clipart,imazen-26-png-v3/png-v3/9000-lilith-ai-clipart/9070_gen_clipart_sunflower-cheerful_1024x1536.sdr.png,aom_iq_c8_q44,8,44,5359,69.8089,
9094-lilith-ai-illustrations,imazen-26-png-v3/png-v3/9094-lilith-ai-illustrations/9100_gen_illustrations_bath-candles-evening_1024x1536.sdr.png,aom_psnr_c6_q20,6,20,38923,71.7770,
9094-lilith-ai-illustrations,imazen-26-png-v3/png-v3/9094-lilith-ai-illustrations/9100_gen_illustrations_bath-candles-evening_1024x1536.sdr.png,aom_psnr_c6_q32,6,32,16261,47.8159,
9094-lilith-ai-illustrations,imazen-26-png-v3/png-v3/9094-lilith-ai-illustrations/9100_gen_illustrations_bath-candles-evening_1024x1536.sdr.png,aom_psnr_c6_q44,6,44,4651,4.8758,
9094-lilith-ai-illustrations,imazen-26-png-v3/png-v3/9094-lilith-ai-illustrations/9100_gen_illustrations_bath-candles-evening_1024x1536.sdr.png,aom_psnr_c8_q20,8,20,39863,70.5215,
9094-lilith-ai-illustrations,imazen-26-png-v3/png-v3/9094-lilith-ai-illustrations/9100_gen_illustrations_bath-candles-evening_1024x1536.sdr.png,aom_psnr_c8_q32,8,32,15980,43.5299,
9094-lilith-ai-illustrations,imazen-26-png-v3/png-v3/9094-lilith-ai-illustrations/9100_gen_illustrations_bath-candles-evening_1024x1536.sdr.png,aom_psnr_c8_q44,8,44,4760,2.0516,
9094-lilith-ai-illustrations,imazen-26-png-v3/png-v3/9094-lilith-ai-illustrations/9100_gen_illustrations_bath-candles-evening_1024x1536.sdr.png,aom_iq_c6_q20,6,20,47750,79.0819,
9094-lilith-ai-illustrations,imazen-26-png-v3/png-v3/9094-lilith-ai-illustrations/9100_gen_illustrations_bath-candles-evening_1024x1536.sdr.png,aom_iq_c6_q32,6,32,27533,67.6035,
9094-lilith-ai-illustrations,imazen-26-png-v3/png-v3/9094-lilith-ai-illustrations/9100_gen_illustrations_bath-candles-evening_1024x1536.sdr.png,aom_iq_c6_q44,6,44,10227,38.4376,
9094-lilith-ai-illustrations,imazen-26-png-v3/png-v3/9094-lilith-ai-illustrations/9100_gen_illustrations_bath-candles-evening_1024x1536.sdr.png,aom_iq_c8_q20,8,20,49777,78.8551,
9094-lilith-ai-illustrations,imazen-26-png-v3/png-v3/9094-lilith-ai-illustrations/9100_gen_illustrations_bath-candles-evening_1024x1536.sdr.png,aom_iq_c8_q32,8,32,28297,66.9529,
9094-lilith-ai-illustrations,imazen-26-png-v3/png-v3/9094-lilith-ai-illustrations/9100_gen_illustrations_bath-candles-evening_1024x1536.sdr.png,aom_iq_c8_q44,8,44,10531,35.9136,
9094-lilith-ai-illustrations,imazen-26-png-v3/png-v3/9094-lilith-ai-illustrations/9135_gen_illustrations_old-fisherman-river_1024x1536.sdr.png,aom_psnr_c6_q20,6,20,49254,72.5854,
9094-lilith-ai-illustrations,imazen-26-png-v3/png-v3/9094-lilith-ai-illustrations/9135_gen_illustrations_old-fisherman-river_1024x1536.sdr.png,aom_psnr_c6_q32,6,32,23960,49.5493,
9094-lilith-ai-illustrations,imazen-26-png-v3/png-v3/9094-lilith-ai-illustrations/9135_gen_illustrations_old-fisherman-river_1024x1536.sdr.png,aom_psnr_c6_q44,6,44,8523,4.8387,
9094-lilith-ai-illustrations,imazen-26-png-v3/png-v3/9094-lilith-ai-illustrations/9135_gen_illustrations_old-fisherman-river_1024x1536.sdr.png,aom_psnr_c8_q20,8,20,49216,71.4817,
9094-lilith-ai-illustrations,imazen-26-png-v3/png-v3/9094-lilith-ai-illustrations/9135_gen_illustrations_old-fisherman-river_1024x1536.sdr.png,aom_psnr_c8_q32,8,32,23523,44.5953,
9094-lilith-ai-illustrations,imazen-26-png-v3/png-v3/9094-lilith-ai-illustrations/9135_gen_illustrations_old-fisherman-river_1024x1536.sdr.png,aom_psnr_c8_q44,8,44,8128,5.2854,
9094-lilith-ai-illustrations,imazen-26-png-v3/png-v3/9094-lilith-ai-illustrations/9135_gen_illustrations_old-fisherman-river_1024x1536.sdr.png,aom_iq_c6_q20,6,20,56309,78.9487,
9094-lilith-ai-illustrations,imazen-26-png-v3/png-v3/9094-lilith-ai-illustrations/9135_gen_illustrations_old-fisherman-river_1024x1536.sdr.png,aom_iq_c6_q32,6,32,32611,66.5826,
9094-lilith-ai-illustrations,imazen-26-png-v3/png-v3/9094-lilith-ai-illustrations/9135_gen_illustrations_old-fisherman-river_1024x1536.sdr.png,aom_iq_c6_q44,6,44,13464,33.8001,
9094-lilith-ai-illustrations,imazen-26-png-v3/png-v3/9094-lilith-ai-illustrations/9135_gen_illustrations_old-fisherman-river_1024x1536.sdr.png,aom_iq_c8_q20,8,20,57298,78.5165,
9094-lilith-ai-illustrations,imazen-26-png-v3/png-v3/9094-lilith-ai-illustrations/9135_gen_illustrations_old-fisherman-river_1024x1536.sdr.png,aom_iq_c8_q32,8,32,33475,65.6536,
9094-lilith-ai-illustrations,imazen-26-png-v3/png-v3/9094-lilith-ai-illustrations/9135_gen_illustrations_old-fisherman-river_1024x1536.sdr.png,aom_iq_c8_q44,8,44,13612,29.9012,
9226-lilith-ai-products,imazen-26-png-v3/png-v3/9226-lilith-ai-products/beauty/9303_gen_products-beauty_florwell-bath-soak-back_ingredients_p0074_1024x1536.sdr.png,aom_psnr_c6_q20,6,20,29908,67.9092,
9226-lilith-ai-products,imazen-26-png-v3/png-v3/9226-lilith-ai-products/beauty/9303_gen_products-beauty_florwell-bath-soak-back_ingredients_p0074_1024x1536.sdr.png,aom_psnr_c6_q32,6,32,14454,46.5368,
9226-lilith-ai-products,imazen-26-png-v3/png-v3/9226-lilith-ai-products/beauty/9303_gen_products-beauty_florwell-bath-soak-back_ingredients_p0074_1024x1536.sdr.png,aom_psnr_c6_q44,6,44,7827,27.6533,
9226-lilith-ai-products,imazen-26-png-v3/png-v3/9226-lilith-ai-products/beauty/9303_gen_products-beauty_florwell-bath-soak-back_ingredients_p0074_1024x1536.sdr.png,aom_psnr_c8_q20,8,20,29026,66.6563,
9226-lilith-ai-products,imazen-26-png-v3/png-v3/9226-lilith-ai-products/beauty/9303_gen_products-beauty_florwell-bath-soak-back_ingredients_p0074_1024x1536.sdr.png,aom_psnr_c8_q32,8,32,14176,44.6357,
9226-lilith-ai-products,imazen-26-png-v3/png-v3/9226-lilith-ai-products/beauty/9303_gen_products-beauty_florwell-bath-soak-back_ingredients_p0074_1024x1536.sdr.png,aom_psnr_c8_q44,8,44,7514,23.2834,
9226-lilith-ai-products,imazen-26-png-v3/png-v3/9226-lilith-ai-products/beauty/9303_gen_products-beauty_florwell-bath-soak-back_ingredients_p0074_1024x1536.sdr.png,aom_iq_c6_q20,6,20,38351,75.8425,
9226-lilith-ai-products,imazen-26-png-v3/png-v3/9226-lilith-ai-products/beauty/9303_gen_products-beauty_florwell-bath-soak-back_ingredients_p0074_1024x1536.sdr.png,aom_iq_c6_q32,6,32,21576,63.4561,
9226-lilith-ai-products,imazen-26-png-v3/png-v3/9226-lilith-ai-products/beauty/9303_gen_products-beauty_florwell-bath-soak-back_ingredients_p0074_1024x1536.sdr.png,aom_iq_c6_q44,6,44,8988,40.6926,
9226-lilith-ai-products,imazen-26-png-v3/png-v3/9226-lilith-ai-products/beauty/9303_gen_products-beauty_florwell-bath-soak-back_ingredients_p0074_1024x1536.sdr.png,aom_iq_c8_q20,8,20,38177,75.5104,
9226-lilith-ai-products,imazen-26-png-v3/png-v3/9226-lilith-ai-products/beauty/9303_gen_products-beauty_florwell-bath-soak-back_ingredients_p0074_1024x1536.sdr.png,aom_iq_c8_q32,8,32,21603,63.2334,
9226-lilith-ai-products,imazen-26-png-v3/png-v3/9226-lilith-ai-products/beauty/9303_gen_products-beauty_florwell-bath-soak-back_ingredients_p0074_1024x1536.sdr.png,aom_iq_c8_q44,8,44,8792,38.6886,
9226-lilith-ai-products,imazen-26-png-v3/png-v3/9226-lilith-ai-products/home/kitchen/9817_gen_products-home-kitchen_fieldstone-glass-storage-set_p0578_1536x1024.sdr.png,aom_psnr_c6_q20,6,20,19849,80.7700,
9226-lilith-ai-products,imazen-26-png-v3/png-v3/9226-lilith-ai-products/home/kitchen/9817_gen_products-home-kitchen_fieldstone-glass-storage-set_p0578_1536x1024.sdr.png,aom_psnr_c6_q32,6,32,10969,68.9554,
9226-lilith-ai-products,imazen-26-png-v3/png-v3/9226-lilith-ai-products/home/kitchen/9817_gen_products-home-kitchen_fieldstone-glass-storage-set_p0578_1536x1024.sdr.png,aom_psnr_c6_q44,6,44,5427,46.4013,
9226-lilith-ai-products,imazen-26-png-v3/png-v3/9226-lilith-ai-products/home/kitchen/9817_gen_products-home-kitchen_fieldstone-glass-storage-set_p0578_1536x1024.sdr.png,aom_psnr_c8_q20,8,20,20176,79.5133,
9226-lilith-ai-products,imazen-26-png-v3/png-v3/9226-lilith-ai-products/home/kitchen/9817_gen_products-home-kitchen_fieldstone-glass-storage-set_p0578_1536x1024.sdr.png,aom_psnr_c8_q32,8,32,11438,64.9448,
9226-lilith-ai-products,imazen-26-png-v3/png-v3/9226-lilith-ai-products/home/kitchen/9817_gen_products-home-kitchen_fieldstone-glass-storage-set_p0578_1536x1024.sdr.png,aom_psnr_c8_q44,8,44,5516,36.0660,
9226-lilith-ai-products,imazen-26-png-v3/png-v3/9226-lilith-ai-products/home/kitchen/9817_gen_products-home-kitchen_fieldstone-glass-storage-set_p0578_1536x1024.sdr.png,aom_iq_c6_q20,6,20,23392,84.1143,
9226-lilith-ai-products,imazen-26-png-v3/png-v3/9226-lilith-ai-products/home/kitchen/9817_gen_products-home-kitchen_fieldstone-glass-storage-set_p0578_1536x1024.sdr.png,aom_iq_c6_q32,6,32,13738,75.9496,
9226-lilith-ai-products,imazen-26-png-v3/png-v3/9226-lilith-ai-products/home/kitchen/9817_gen_products-home-kitchen_fieldstone-glass-storage-set_p0578_1536x1024.sdr.png,aom_iq_c6_q44,6,44,6353,56.3775,
9226-lilith-ai-products,imazen-26-png-v3/png-v3/9226-lilith-ai-products/home/kitchen/9817_gen_products-home-kitchen_fieldstone-glass-storage-set_p0578_1536x1024.sdr.png,aom_iq_c8_q20,8,20,25083,83.9462,
9226-lilith-ai-products,imazen-26-png-v3/png-v3/9226-lilith-ai-products/home/kitchen/9817_gen_products-home-kitchen_fieldstone-glass-storage-set_p0578_1536x1024.sdr.png,aom_iq_c8_q32,8,32,15317,74.4403,
9226-lilith-ai-products,imazen-26-png-v3/png-v3/9226-lilith-ai-products/home/kitchen/9817_gen_products-home-kitchen_fieldstone-glass-storage-set_p0578_1536x1024.sdr.png,aom_iq_c8_q44,8,44,7525,50.7411,
1000-lilith-photos-general,imazen-26-png-v3/png-v3/1000-lilith-photos-general/1033_general_stone-tunnel-lights_placa-pedro-infante-valladolid_s23u_iso800-f1p7_20230918-111620_3000x4000.sdr.png,iq_adef,6,20,52518,82.8756,
1000-lilith-photos-general,imazen-26-png-v3/png-v3/1000-lilith-photos-general/1033_general_stone-tunnel-lights_placa-pedro-infante-valladolid_s23u_iso800-f1p7_20230918-111620_3000x4000.sdr.png,iq_adef,6,32,30814,71.5712,
1000-lilith-photos-general,imazen-26-png-v3/png-v3/1000-lilith-photos-general/1033_general_stone-tunnel-lights_placa-pedro-infante-valladolid_s23u_iso800-f1p7_20230918-111620_3000x4000.sdr.png,iq_adef,6,44,15054,44.7028,
1000-lilith-photos-general,imazen-26-png-v3/png-v3/1000-lilith-photos-general/1033_general_stone-tunnel-lights_placa-pedro-infante-valladolid_s23u_iso800-f1p7_20230918-111620_3000x4000.sdr.png,iq_adef,10,20,54064,82.4974,
1000-lilith-photos-general,imazen-26-png-v3/png-v3/1000-lilith-photos-general/1033_general_stone-tunnel-lights_placa-pedro-infante-valladolid_s23u_iso800-f1p7_20230918-111620_3000x4000.sdr.png,iq_adef,10,32,32155,71.3815,
1000-lilith-photos-general,imazen-26-png-v3/png-v3/1000-lilith-photos-general/1033_general_stone-tunnel-lights_placa-pedro-infante-valladolid_s23u_iso800-f1p7_20230918-111620_3000x4000.sdr.png,iq_adef,10,44,15630,43.9335,
1000-lilith-photos-general,imazen-26-png-v3/png-v3/1000-lilith-photos-general/1033_general_stone-tunnel-lights_placa-pedro-infante-valladolid_s23u_iso800-f1p7_20230918-111620_3000x4000.sdr.png,iq_asharp,6,20,52518,82.6737,
1000-lilith-photos-general,imazen-26-png-v3/png-v3/1000-lilith-photos-general/1033_general_stone-tunnel-lights_placa-pedro-infante-valladolid_s23u_iso800-f1p7_20230918-111620_3000x4000.sdr.png,iq_asharp,6,32,30815,71.8159,
1000-lilith-photos-general,imazen-26-png-v3/png-v3/1000-lilith-photos-general/1033_general_stone-tunnel-lights_placa-pedro-infante-valladolid_s23u_iso800-f1p7_20230918-111620_3000x4000.sdr.png,iq_asharp,6,44,15054,44.4055,
1000-lilith-photos-general,imazen-26-png-v3/png-v3/1000-lilith-photos-general/1033_general_stone-tunnel-lights_placa-pedro-infante-valladolid_s23u_iso800-f1p7_20230918-111620_3000x4000.sdr.png,iq_asharp,10,20,54064,82.6379,
1000-lilith-photos-general,imazen-26-png-v3/png-v3/1000-lilith-photos-general/1033_general_stone-tunnel-lights_placa-pedro-infante-valladolid_s23u_iso800-f1p7_20230918-111620_3000x4000.sdr.png,iq_asharp,10,32,32155,71.6889,
1000-lilith-photos-general,imazen-26-png-v3/png-v3/1000-lilith-photos-general/1033_general_stone-tunnel-lights_placa-pedro-infante-valladolid_s23u_iso800-f1p7_20230918-111620_3000x4000.sdr.png,iq_asharp,10,44,15630,44.5320,
1000-lilith-photos-general,imazen-26-png-v3/png-v3/1000-lilith-photos-general/1033_general_stone-tunnel-lights_placa-pedro-infante-valladolid_s23u_iso800-f1p7_20230918-111620_3000x4000.sdr.png,iq_both,6,20,52518,82.8756,
1000-lilith-photos-general,imazen-26-png-v3/png-v3/1000-lilith-photos-general/1033_general_stone-tunnel-lights_placa-pedro-infante-valladolid_s23u_iso800-f1p7_20230918-111620_3000x4000.sdr.png,iq_both,6,32,30814,71.5712,
1000-lilith-photos-general,imazen-26-png-v3/png-v3/1000-lilith-photos-general/1033_general_stone-tunnel-lights_placa-pedro-infante-valladolid_s23u_iso800-f1p7_20230918-111620_3000x4000.sdr.png,iq_both,6,44,15054,44.7028,
1000-lilith-photos-general,imazen-26-png-v3/png-v3/1000-lilith-photos-general/1033_general_stone-tunnel-lights_placa-pedro-infante-valladolid_s23u_iso800-f1p7_20230918-111620_3000x4000.sdr.png,iq_both,10,20,54064,82.4974,
1000-lilith-photos-general,imazen-26-png-v3/png-v3/1000-lilith-photos-general/1033_general_stone-tunnel-lights_placa-pedro-infante-valladolid_s23u_iso800-f1p7_20230918-111620_3000x4000.sdr.png,iq_both,10,32,32155,71.3815,
1000-lilith-photos-general,imazen-26-png-v3/png-v3/1000-lilith-photos-general/1033_general_stone-tunnel-lights_placa-pedro-infante-valladolid_s23u_iso800-f1p7_20230918-111620_3000x4000.sdr.png,iq_both,10,44,15630,43.9335,
1000-lilith-photos-general,imazen-26-png-v3/png-v3/1000-lilith-photos-general/1033_general_stone-tunnel-lights_placa-pedro-infante-valladolid_s23u_iso800-f1p7_20230918-111620_3000x4000.sdr.png,adef,6,20,45058,79.2182,
1000-lilith-photos-general,imazen-26-png-v3/png-v3/1000-lilith-photos-general/1033_general_stone-tunnel-lights_placa-pedro-infante-valladolid_s23u_iso800-f1p7_20230918-111620_3000x4000.sdr.png,adef,6,32,24318,63.3299,
1000-lilith-photos-general,imazen-26-png-v3/png-v3/1000-lilith-photos-general/1033_general_stone-tunnel-lights_placa-pedro-infante-valladolid_s23u_iso800-f1p7_20230918-111620_3000x4000.sdr.png,adef,6,44,10569,26.2618,
1000-lilith-photos-general,imazen-26-png-v3/png-v3/1000-lilith-photos-general/1033_general_stone-tunnel-lights_placa-pedro-infante-valladolid_s23u_iso800-f1p7_20230918-111620_3000x4000.sdr.png,adef,10,20,45956,78.6533,
1000-lilith-photos-general,imazen-26-png-v3/png-v3/1000-lilith-photos-general/1033_general_stone-tunnel-lights_placa-pedro-infante-valladolid_s23u_iso800-f1p7_20230918-111620_3000x4000.sdr.png,adef,10,32,24755,62.4562,
1000-lilith-photos-general,imazen-26-png-v3/png-v3/1000-lilith-photos-general/1033_general_stone-tunnel-lights_placa-pedro-infante-valladolid_s23u_iso800-f1p7_20230918-111620_3000x4000.sdr.png,adef,10,44,10778,25.1707,
1000-lilith-photos-general,imazen-26-png-v3/png-v3/1000-lilith-photos-general/1033_general_stone-tunnel-lights_placa-pedro-infante-valladolid_s23u_iso800-f1p7_20230918-111620_3000x4000.sdr.png,asharp,6,20,45058,79.1847,
1000-lilith-photos-general,imazen-26-png-v3/png-v3/1000-lilith-photos-general/1033_general_stone-tunnel-lights_placa-pedro-infante-valladolid_s23u_iso800-f1p7_20230918-111620_3000x4000.sdr.png,asharp,6,32,24319,63.5981,
1000-lilith-photos-general,imazen-26-png-v3/png-v3/1000-lilith-photos-general/1033_general_stone-tunnel-lights_placa-pedro-infante-valladolid_s23u_iso800-f1p7_20230918-111620_3000x4000.sdr.png,asharp,6,44,10569,26.2518,
1000-lilith-photos-general,imazen-26-png-v3/png-v3/1000-lilith-photos-general/1033_general_stone-tunnel-lights_placa-pedro-infante-valladolid_s23u_iso800-f1p7_20230918-111620_3000x4000.sdr.png,asharp,10,20,45956,78.8194,
1000-lilith-photos-general,imazen-26-png-v3/png-v3/1000-lilith-photos-general/1033_general_stone-tunnel-lights_placa-pedro-infante-valladolid_s23u_iso800-f1p7_20230918-111620_3000x4000.sdr.png,asharp,10,32,24755,62.7057,
1000-lilith-photos-general,imazen-26-png-v3/png-v3/1000-lilith-photos-general/1033_general_stone-tunnel-lights_placa-pedro-infante-valladolid_s23u_iso800-f1p7_20230918-111620_3000x4000.sdr.png,asharp,10,44,10778,25.5541,
1000-lilith-photos-general,imazen-26-png-v3/png-v3/1000-lilith-photos-general/1033_general_stone-tunnel-lights_placa-pedro-infante-valladolid_s23u_iso800-f1p7_20230918-111620_3000x4000.sdr.png,iq_dlf,6,20,52532,82.7485,
1000-lilith-photos-general,imazen-26-png-v3/png-v3/1000-lilith-photos-general/1033_general_stone-tunnel-lights_placa-pedro-infante-valladolid_s23u_iso800-f1p7_20230918-111620_3000x4000.sdr.png,iq_dlf,6,32,30829,71.8059,
1000-lilith-photos-general,imazen-26-png-v3/png-v3/1000-lilith-photos-general/1033_general_stone-tunnel-lights_placa-pedro-infante-valladolid_s23u_iso800-f1p7_20230918-111620_3000x4000.sdr.png,iq_dlf,6,44,15068,44.4859,
1000-lilith-photos-general,imazen-26-png-v3/png-v3/1000-lilith-photos-general/1033_general_stone-tunnel-lights_placa-pedro-infante-valladolid_s23u_iso800-f1p7_20230918-111620_3000x4000.sdr.png,iq_dlf,10,20,54075,82.5606,
1000-lilith-photos-general,imazen-26-png-v3/png-v3/1000-lilith-photos-general/1033_general_stone-tunnel-lights_placa-pedro-infante-valladolid_s23u_iso800-f1p7_20230918-111620_3000x4000.sdr.png,iq_dlf,10,32,32169,71.5192,
1000-lilith-photos-general,imazen-26-png-v3/png-v3/1000-lilith-photos-general/1033_general_stone-tunnel-lights_placa-pedro-infante-valladolid_s23u_iso800-f1p7_20230918-111620_3000x4000.sdr.png,iq_dlf,10,44,15642,44.5555,
1000-lilith-photos-general,imazen-26-png-v3/png-v3/1000-lilith-photos-general/1033_general_stone-tunnel-lights_placa-pedro-infante-valladolid_s23u_iso800-f1p7_20230918-111620_3000x4000.sdr.png,iq_all,6,20,52531,82.8833,
1000-lilith-photos-general,imazen-26-png-v3/png-v3/1000-lilith-photos-general/1033_general_stone-tunnel-lights_placa-pedro-infante-valladolid_s23u_iso800-f1p7_20230918-111620_3000x4000.sdr.png,iq_all,6,32,30828,71.5864,
1000-lilith-photos-general,imazen-26-png-v3/png-v3/1000-lilith-photos-general/1033_general_stone-tunnel-lights_placa-pedro-infante-valladolid_s23u_iso800-f1p7_20230918-111620_3000x4000.sdr.png,iq_all,6,44,15067,44.7837,
1000-lilith-photos-general,imazen-26-png-v3/png-v3/1000-lilith-photos-general/1033_general_stone-tunnel-lights_placa-pedro-infante-valladolid_s23u_iso800-f1p7_20230918-111620_3000x4000.sdr.png,iq_all,10,20,54075,82.3165,
1000-lilith-photos-general,imazen-26-png-v3/png-v3/1000-lilith-photos-general/1033_general_stone-tunnel-lights_placa-pedro-infante-valladolid_s23u_iso800-f1p7_20230918-111620_3000x4000.sdr.png,iq_all,10,32,32169,71.0865,
1000-lilith-photos-general,imazen-26-png-v3/png-v3/1000-lilith-photos-general/1033_general_stone-tunnel-lights_placa-pedro-infante-valladolid_s23u_iso800-f1p7_20230918-111620_3000x4000.sdr.png,iq_all,10,44,15642,43.9458,
1000-lilith-photos-general,imazen-26-png-v3/png-v3/1000-lilith-photos-general/1050_general_riverside-walkway-and-river_louvre-palace-paris_s23u_iso50-f2p2_20240425-154625_4000x3000.sdr.png,iq_adef,6,20,31810,80.3077,
1000-lilith-photos-general,imazen-26-png-v3/png-v3/1000-lilith-photos-general/1050_general_riverside-walkway-and-river_louvre-palace-paris_s23u_iso50-f2p2_20240425-154625_4000x3000.sdr.png,iq_adef,6,32,18689,70.0272,
1000-lilith-photos-general,imazen-26-png-v3/png-v3/1000-lilith-photos-general/1050_general_riverside-walkway-and-river_louvre-palace-paris_s23u_iso50-f2p2_20240425-154625_4000x3000.sdr.png,iq_adef,6,44,8523,43.4581,
1000-lilith-photos-general,imazen-26-png-v3/png-v3/1000-lilith-photos-general/1050_general_riverside-walkway-and-river_louvre-palace-paris_s23u_iso50-f2p2_20240425-154625_4000x3000.sdr.png,iq_adef,10,20,33425,80.2009,
1000-lilith-photos-general,imazen-26-png-v3/png-v3/1000-lilith-photos-general/1050_general_riverside-walkway-and-river_louvre-palace-paris_s23u_iso50-f2p2_20240425-154625_4000x3000.sdr.png,iq_adef,10,32,19704,70.0949,
1000-lilith-photos-general,imazen-26-png-v3/png-v3/1000-lilith-photos-general/1050_general_riverside-walkway-and-river_louvre-palace-paris_s23u_iso50-f2p2_20240425-154625_4000x3000.sdr.png,iq_adef,10,44,8962,44.1116,
1000-lilith-photos-general,imazen-26-png-v3/png-v3/1000-lilith-photos-general/1050_general_riverside-walkway-and-river_louvre-palace-paris_s23u_iso50-f2p2_20240425-154625_4000x3000.sdr.png,iq_asharp,6,20,31810,80.1881,
1000-lilith-photos-general,imazen-26-png-v3/png-v3/1000-lilith-photos-general/1050_general_riverside-walkway-and-river_louvre-palace-paris_s23u_iso50-f2p2_20240425-154625_4000x3000.sdr.png,iq_asharp,6,32,18691,70.0430,
1000-lilith-photos-general,imazen-26-png-v3/png-v3/1000-lilith-photos-general/1050_general_riverside-walkway-and-river_louvre-palace-paris_s23u_iso50-f2p2_20240425-154625_4000x3000.sdr.png,iq_asharp,6,44,8523,43.3540,
1000-lilith-photos-general,imazen-26-png-v3/png-v3/1000-lilith-photos-general/1050_general_riverside-walkway-and-river_louvre-palace-paris_s23u_iso50-f2p2_20240425-154625_4000x3000.sdr.png,iq_asharp,10,20,33425,80.2422,
1000-lilith-photos-general,imazen-26-png-v3/png-v3/1000-lilith-photos-general/1050_general_riverside-walkway-and-river_louvre-palace-paris_s23u_iso50-f2p2_20240425-154625_4000x3000.sdr.png,iq_asharp,10,32,19704,70.1249,
1000-lilith-photos-general,imazen-26-png-v3/png-v3/1000-lilith-photos-general/1050_general_riverside-walkway-and-river_louvre-palace-paris_s23u_iso50-f2p2_20240425-154625_4000x3000.sdr.png,iq_asharp,10,44,8962,44.4409,
1000-lilith-photos-general,imazen-26-png-v3/png-v3/1000-lilith-photos-general/1050_general_riverside-walkway-and-river_louvre-palace-paris_s23u_iso50-f2p2_20240425-154625_4000x3000.sdr.png,iq_both,6,20,31810,80.3077,
1000-lilith-photos-general,imazen-26-png-v3/png-v3/1000-lilith-photos-general/1050_general_riverside-walkway-and-river_louvre-palace-paris_s23u_iso50-f2p2_20240425-154625_4000x3000.sdr.png,iq_both,6,32,18689,70.0272,
1000-lilith-photos-general,imazen-26-png-v3/png-v3/1000-lilith-photos-general/1050_general_riverside-walkway-and-river_louvre-palace-paris_s23u_iso50-f2p2_20240425-154625_4000x3000.sdr.png,iq_both,6,44,8523,43.4581,
1000-lilith-photos-general,imazen-26-png-v3/png-v3/1000-lilith-photos-general/1050_general_riverside-walkway-and-river_louvre-palace-paris_s23u_iso50-f2p2_20240425-154625_4000x3000.sdr.png,iq_both,10,20,33425,80.2009,
1000-lilith-photos-general,imazen-26-png-v3/png-v3/1000-lilith-photos-general/1050_general_riverside-walkway-and-river_louvre-palace-paris_s23u_iso50-f2p2_20240425-154625_4000x3000.sdr.png,iq_both,10,32,19704,70.0949,
1000-lilith-photos-general,imazen-26-png-v3/png-v3/1000-lilith-photos-general/1050_general_riverside-walkway-and-river_louvre-palace-paris_s23u_iso50-f2p2_20240425-154625_4000x3000.sdr.png,iq_both,10,44,8962,44.1116,
1000-lilith-photos-general,imazen-26-png-v3/png-v3/1000-lilith-photos-general/1050_general_riverside-walkway-and-river_louvre-palace-paris_s23u_iso50-f2p2_20240425-154625_4000x3000.sdr.png,adef,6,20,24709,73.4433,
1000-lilith-photos-general,imazen-26-png-v3/png-v3/1000-lilith-photos-general/1050_general_riverside-walkway-and-river_louvre-palace-paris_s23u_iso50-f2p2_20240425-154625_4000x3000.sdr.png,adef,6,32,12639,54.3300,
1000-lilith-photos-general,imazen-26-png-v3/png-v3/1000-lilith-photos-general/1050_general_riverside-walkway-and-river_louvre-palace-paris_s23u_iso50-f2p2_20240425-154625_4000x3000.sdr.png,adef,6,44,5150,13.6097,
1000-lilith-photos-general,imazen-26-png-v3/png-v3/1000-lilith-photos-general/1050_general_riverside-walkway-and-river_louvre-palace-paris_s23u_iso50-f2p2_20240425-154625_4000x3000.sdr.png,adef,10,20,23651,69.2474,
1000-lilith-photos-general,imazen-26-png-v3/png-v3/1000-lilith-photos-general/1050_general_riverside-walkway-and-river_louvre-palace-paris_s23u_iso50-f2p2_20240425-154625_4000x3000.sdr.png,adef,10,32,12146,51.5916,
1000-lilith-photos-general,imazen-26-png-v3/png-v3/1000-lilith-photos-general/1050_general_riverside-walkway-and-river_louvre-palace-paris_s23u_iso50-f2p2_20240425-154625_4000x3000.sdr.png,adef,10,44,5161,12.6657,
1000-lilith-photos-general,imazen-26-png-v3/png-v3/1000-lilith-photos-general/1050_general_riverside-walkway-and-river_louvre-palace-paris_s23u_iso50-f2p2_20240425-154625_4000x3000.sdr.png,asharp,6,20,24715,73.1640,
1000-lilith-photos-general,imazen-26-png-v3/png-v3/1000-lilith-photos-general/1050_general_riverside-walkway-and-river_louvre-palace-paris_s23u_iso50-f2p2_20240425-154625_4000x3000.sdr.png,asharp,6,32,12639,54.1779,
1000-lilith-photos-general,imazen-26-png-v3/png-v3/1000-lilith-photos-general/1050_general_riverside-walkway-and-river_louvre-palace-paris_s23u_iso50-f2p2_20240425-154625_4000x3000.sdr.png,asharp,6,44,5150,13.5547,
1000-lilith-photos-general,imazen-26-png-v3/png-v3/1000-lilith-photos-general/1050_general_riverside-walkway-and-river_louvre-palace-paris_s23u_iso50-f2p2_20240425-154625_4000x3000.sdr.png,asharp,10,20,23651,69.3211,
1000-lilith-photos-general,imazen-26-png-v3/png-v3/1000-lilith-photos-general/1050_general_riverside-walkway-and-river_louvre-palace-paris_s23u_iso50-f2p2_20240425-154625_4000x3000.sdr.png,asharp,10,32,12146,51.6737,
1000-lilith-photos-general,imazen-26-png-v3/png-v3/1000-lilith-photos-general/1050_general_riverside-walkway-and-river_louvre-palace-paris_s23u_iso50-f2p2_20240425-154625_4000x3000.sdr.png,asharp,10,44,5161,12.9212,
1000-lilith-photos-general,imazen-26-png-v3/png-v3/1000-lilith-photos-general/1050_general_riverside-walkway-and-river_louvre-palace-paris_s23u_iso50-f2p2_20240425-154625_4000x3000.sdr.png,iq_dlf,6,20,31823,80.2609,
1000-lilith-photos-general,imazen-26-png-v3/png-v3/1000-lilith-photos-general/1050_general_riverside-walkway-and-river_louvre-palace-paris_s23u_iso50-f2p2_20240425-154625_4000x3000.sdr.png,iq_dlf,6,32,18711,70.0574,
1000-lilith-photos-general,imazen-26-png-v3/png-v3/1000-lilith-photos-general/1050_general_riverside-walkway-and-river_louvre-palace-paris_s23u_iso50-f2p2_20240425-154625_4000x3000.sdr.png,iq_dlf,6,44,8542,43.5295,
1000-lilith-photos-general,imazen-26-png-v3/png-v3/1000-lilith-photos-general/1050_general_riverside-walkway-and-river_louvre-palace-paris_s23u_iso50-f2p2_20240425-154625_4000x3000.sdr.png,iq_dlf,10,20,33438,80.1532,
1000-lilith-photos-general,imazen-26-png-v3/png-v3/1000-lilith-photos-general/1050_general_riverside-walkway-and-river_louvre-palace-paris_s23u_iso50-f2p2_20240425-154625_4000x3000.sdr.png,iq_dlf,10,32,19723,70.1117,
1000-lilith-photos-general,imazen-26-png-v3/png-v3/1000-lilith-photos-general/1050_general_riverside-walkway-and-river_louvre-palace-paris_s23u_iso50-f2p2_20240425-154625_4000x3000.sdr.png,iq_dlf,10,44,8981,44.4888,
1000-lilith-photos-general,imazen-26-png-v3/png-v3/1000-lilith-photos-general/1050_general_riverside-walkway-and-river_louvre-palace-paris_s23u_iso50-f2p2_20240425-154625_4000x3000.sdr.png,iq_all,6,20,31823,80.2793,
1000-lilith-photos-general,imazen-26-png-v3/png-v3/1000-lilith-photos-general/1050_general_riverside-walkway-and-river_louvre-palace-paris_s23u_iso50-f2p2_20240425-154625_4000x3000.sdr.png,iq_all,6,32,18711,69.9140,
1000-lilith-photos-general,imazen-26-png-v3/png-v3/1000-lilith-photos-general/1050_general_riverside-walkway-and-river_louvre-palace-paris_s23u_iso50-f2p2_20240425-154625_4000x3000.sdr.png,iq_all,6,44,8542,43.6652,
1000-lilith-photos-general,imazen-26-png-v3/png-v3/1000-lilith-photos-general/1050_general_riverside-walkway-and-river_louvre-palace-paris_s23u_iso50-f2p2_20240425-154625_4000x3000.sdr.png,iq_all,10,20,33438,80.0415,
1000-lilith-photos-general,imazen-26-png-v3/png-v3/1000-lilith-photos-general/1050_general_riverside-walkway-and-river_louvre-palace-paris_s23u_iso50-f2p2_20240425-154625_4000x3000.sdr.png,iq_all,10,32,19723,69.9038,
1000-lilith-photos-general,imazen-26-png-v3/png-v3/1000-lilith-photos-general/1050_general_riverside-walkway-and-river_louvre-palace-paris_s23u_iso50-f2p2_20240425-154625_4000x3000.sdr.png,iq_all,10,44,8981,44.0582,
1200-lilith-interiors,imazen-26-png-v3/png-v3/1200-lilith-interiors/1205_interiors_modern-living-room_tulum-mexico_s23u_iso160-f1p7_20230917-114545_3000x4000.sdr.png,iq_adef,6,20,38390,81.0007,
1200-lilith-interiors,imazen-26-png-v3/png-v3/1200-lilith-interiors/1205_interiors_modern-living-room_tulum-mexico_s23u_iso160-f1p7_20230917-114545_3000x4000.sdr.png,iq_adef,6,32,24397,69.5264,
1200-lilith-interiors,imazen-26-png-v3/png-v3/1200-lilith-interiors/1205_interiors_modern-living-room_tulum-mexico_s23u_iso160-f1p7_20230917-114545_3000x4000.sdr.png,iq_adef,6,44,11735,39.4910,
1200-lilith-interiors,imazen-26-png-v3/png-v3/1200-lilith-interiors/1205_interiors_modern-living-room_tulum-mexico_s23u_iso160-f1p7_20230917-114545_3000x4000.sdr.png,iq_adef,10,20,39805,80.7599,
1200-lilith-interiors,imazen-26-png-v3/png-v3/1200-lilith-interiors/1205_interiors_modern-living-room_tulum-mexico_s23u_iso160-f1p7_20230917-114545_3000x4000.sdr.png,iq_adef,10,32,25416,69.6819,
1200-lilith-interiors,imazen-26-png-v3/png-v3/1200-lilith-interiors/1205_interiors_modern-living-room_tulum-mexico_s23u_iso160-f1p7_20230917-114545_3000x4000.sdr.png,iq_adef,10,44,12330,39.5385,
1200-lilith-interiors,imazen-26-png-v3/png-v3/1200-lilith-interiors/1205_interiors_modern-living-room_tulum-mexico_s23u_iso160-f1p7_20230917-114545_3000x4000.sdr.png,iq_asharp,6,20,38390,80.9057,
1200-lilith-interiors,imazen-26-png-v3/png-v3/1200-lilith-interiors/1205_interiors_modern-living-room_tulum-mexico_s23u_iso160-f1p7_20230917-114545_3000x4000.sdr.png,iq_asharp,6,32,24393,69.3212,
1200-lilith-interiors,imazen-26-png-v3/png-v3/1200-lilith-interiors/1205_interiors_modern-living-room_tulum-mexico_s23u_iso160-f1p7_20230917-114545_3000x4000.sdr.png,iq_asharp,6,44,11735,39.5756,
1200-lilith-interiors,imazen-26-png-v3/png-v3/1200-lilith-interiors/1205_interiors_modern-living-room_tulum-mexico_s23u_iso160-f1p7_20230917-114545_3000x4000.sdr.png,iq_asharp,10,20,39805,80.8094,
1200-lilith-interiors,imazen-26-png-v3/png-v3/1200-lilith-interiors/1205_interiors_modern-living-room_tulum-mexico_s23u_iso160-f1p7_20230917-114545_3000x4000.sdr.png,iq_asharp,10,32,25416,69.8104,
1200-lilith-interiors,imazen-26-png-v3/png-v3/1200-lilith-interiors/1205_interiors_modern-living-room_tulum-mexico_s23u_iso160-f1p7_20230917-114545_3000x4000.sdr.png,iq_asharp,10,44,12330,39.9616,
1200-lilith-interiors,imazen-26-png-v3/png-v3/1200-lilith-interiors/1205_interiors_modern-living-room_tulum-mexico_s23u_iso160-f1p7_20230917-114545_3000x4000.sdr.png,iq_both,6,20,38390,81.0007,
1200-lilith-interiors,imazen-26-png-v3/png-v3/1200-lilith-interiors/1205_interiors_modern-living-room_tulum-mexico_s23u_iso160-f1p7_20230917-114545_3000x4000.sdr.png,iq_both,6,32,24397,69.5264,
1200-lilith-interiors,imazen-26-png-v3/png-v3/1200-lilith-interiors/1205_interiors_modern-living-room_tulum-mexico_s23u_iso160-f1p7_20230917-114545_3000x4000.sdr.png,iq_both,6,44,11735,39.4910,
1200-lilith-interiors,imazen-26-png-v3/png-v3/1200-lilith-interiors/1205_interiors_modern-living-room_tulum-mexico_s23u_iso160-f1p7_20230917-114545_3000x4000.sdr.png,iq_both,10,20,39805,80.7599,
1200-lilith-interiors,imazen-26-png-v3/png-v3/1200-lilith-interiors/1205_interiors_modern-living-room_tulum-mexico_s23u_iso160-f1p7_20230917-114545_3000x4000.sdr.png,iq_both,10,32,25416,69.6819,
1200-lilith-interiors,imazen-26-png-v3/png-v3/1200-lilith-interiors/1205_interiors_modern-living-room_tulum-mexico_s23u_iso160-f1p7_20230917-114545_3000x4000.sdr.png,iq_both,10,44,12330,39.5385,
1200-lilith-interiors,imazen-26-png-v3/png-v3/1200-lilith-interiors/1205_interiors_modern-living-room_tulum-mexico_s23u_iso160-f1p7_20230917-114545_3000x4000.sdr.png,adef,6,20,30878,74.1571,
1200-lilith-interiors,imazen-26-png-v3/png-v3/1200-lilith-interiors/1205_interiors_modern-living-room_tulum-mexico_s23u_iso160-f1p7_20230917-114545_3000x4000.sdr.png,adef,6,32,17158,52.9943,
1200-lilith-interiors,imazen-26-png-v3/png-v3/1200-lilith-interiors/1205_interiors_modern-living-room_tulum-mexico_s23u_iso160-f1p7_20230917-114545_3000x4000.sdr.png,adef,6,44,7469,4.3153,
1200-lilith-interiors,imazen-26-png-v3/png-v3/1200-lilith-interiors/1205_interiors_modern-living-room_tulum-mexico_s23u_iso160-f1p7_20230917-114545_3000x4000.sdr.png,adef,10,20,30732,72.7113,
1200-lilith-interiors,imazen-26-png-v3/png-v3/1200-lilith-interiors/1205_interiors_modern-living-room_tulum-mexico_s23u_iso160-f1p7_20230917-114545_3000x4000.sdr.png,adef,10,32,17340,51.8112,
1200-lilith-interiors,imazen-26-png-v3/png-v3/1200-lilith-interiors/1205_interiors_modern-living-room_tulum-mexico_s23u_iso160-f1p7_20230917-114545_3000x4000.sdr.png,adef,10,44,7660,1.3175,
1200-lilith-interiors,imazen-26-png-v3/png-v3/1200-lilith-interiors/1205_interiors_modern-living-room_tulum-mexico_s23u_iso160-f1p7_20230917-114545_3000x4000.sdr.png,asharp,6,20,30878,73.9617,
1200-lilith-interiors,imazen-26-png-v3/png-v3/1200-lilith-interiors/1205_interiors_modern-living-room_tulum-mexico_s23u_iso160-f1p7_20230917-114545_3000x4000.sdr.png,asharp,6,32,17155,52.8844,
1200-lilith-interiors,imazen-26-png-v3/png-v3/1200-lilith-interiors/1205_interiors_modern-living-room_tulum-mexico_s23u_iso160-f1p7_20230917-114545_3000x4000.sdr.png,asharp,6,44,7468,4.2927,
1200-lilith-interiors,imazen-26-png-v3/png-v3/1200-lilith-interiors/1205_interiors_modern-living-room_tulum-mexico_s23u_iso160-f1p7_20230917-114545_3000x4000.sdr.png,asharp,10,20,30732,72.7223,
1200-lilith-interiors,imazen-26-png-v3/png-v3/1200-lilith-interiors/1205_interiors_modern-living-room_tulum-mexico_s23u_iso160-f1p7_20230917-114545_3000x4000.sdr.png,asharp,10,32,17340,51.9695,
1200-lilith-interiors,imazen-26-png-v3/png-v3/1200-lilith-interiors/1205_interiors_modern-living-room_tulum-mexico_s23u_iso160-f1p7_20230917-114545_3000x4000.sdr.png,asharp,10,44,7660,1.5208,
1200-lilith-interiors,imazen-26-png-v3/png-v3/1200-lilith-interiors/1205_interiors_modern-living-room_tulum-mexico_s23u_iso160-f1p7_20230917-114545_3000x4000.sdr.png,iq_dlf,6,20,38415,80.9118,
1200-lilith-interiors,imazen-26-png-v3/png-v3/1200-lilith-interiors/1205_interiors_modern-living-room_tulum-mexico_s23u_iso160-f1p7_20230917-114545_3000x4000.sdr.png,iq_dlf,6,32,24424,69.2856,
1200-lilith-interiors,imazen-26-png-v3/png-v3/1200-lilith-interiors/1205_interiors_modern-living-room_tulum-mexico_s23u_iso160-f1p7_20230917-114545_3000x4000.sdr.png,iq_dlf,6,44,11767,39.5745,
1200-lilith-interiors,imazen-26-png-v3/png-v3/1200-lilith-interiors/1205_interiors_modern-living-room_tulum-mexico_s23u_iso160-f1p7_20230917-114545_3000x4000.sdr.png,iq_dlf,10,20,39828,80.6409,
1200-lilith-interiors,imazen-26-png-v3/png-v3/1200-lilith-interiors/1205_interiors_modern-living-room_tulum-mexico_s23u_iso160-f1p7_20230917-114545_3000x4000.sdr.png,iq_dlf,10,32,25446,69.7067,
1200-lilith-interiors,imazen-26-png-v3/png-v3/1200-lilith-interiors/1205_interiors_modern-living-room_tulum-mexico_s23u_iso160-f1p7_20230917-114545_3000x4000.sdr.png,iq_dlf,10,44,12360,39.9140,
1200-lilith-interiors,imazen-26-png-v3/png-v3/1200-lilith-interiors/1205_interiors_modern-living-room_tulum-mexico_s23u_iso160-f1p7_20230917-114545_3000x4000.sdr.png,iq_all,6,20,38415,80.9718,
1200-lilith-interiors,imazen-26-png-v3/png-v3/1200-lilith-interiors/1205_interiors_modern-living-room_tulum-mexico_s23u_iso160-f1p7_20230917-114545_3000x4000.sdr.png,iq_all,6,32,24428,69.4602,
1200-lilith-interiors,imazen-26-png-v3/png-v3/1200-lilith-interiors/1205_interiors_modern-living-room_tulum-mexico_s23u_iso160-f1p7_20230917-114545_3000x4000.sdr.png,iq_all,6,44,11767,39.5300,
1200-lilith-interiors,imazen-26-png-v3/png-v3/1200-lilith-interiors/1205_interiors_modern-living-room_tulum-mexico_s23u_iso160-f1p7_20230917-114545_3000x4000.sdr.png,iq_all,10,20,39828,80.5624,
1200-lilith-interiors,imazen-26-png-v3/png-v3/1200-lilith-interiors/1205_interiors_modern-living-room_tulum-mexico_s23u_iso160-f1p7_20230917-114545_3000x4000.sdr.png,iq_all,10,32,25446,69.5288,
1200-lilith-interiors,imazen-26-png-v3/png-v3/1200-lilith-interiors/1205_interiors_modern-living-room_tulum-mexico_s23u_iso160-f1p7_20230917-114545_3000x4000.sdr.png,iq_all,10,44,12360,39.4685,
1200-lilith-interiors,imazen-26-png-v3/png-v3/1200-lilith-interiors/1225_interiors_kitchen-appliances-overhead_minamiizu-japan_s23u_iso200-f1p7_20250307-112014_3000x4000.sdr.png,iq_adef,6,20,43662,79.6798,
1200-lilith-interiors,imazen-26-png-v3/png-v3/1200-lilith-interiors/1225_interiors_kitchen-appliances-overhead_minamiizu-japan_s23u_iso200-f1p7_20250307-112014_3000x4000.sdr.png,iq_adef,6,32,24905,68.8477,
1200-lilith-interiors,imazen-26-png-v3/png-v3/1200-lilith-interiors/1225_interiors_kitchen-appliances-overhead_minamiizu-japan_s23u_iso200-f1p7_20250307-112014_3000x4000.sdr.png,iq_adef,6,44,10722,43.5112,
1200-lilith-interiors,imazen-26-png-v3/png-v3/1200-lilith-interiors/1225_interiors_kitchen-appliances-overhead_minamiizu-japan_s23u_iso200-f1p7_20250307-112014_3000x4000.sdr.png,iq_adef,10,20,46124,79.4066,
1200-lilith-interiors,imazen-26-png-v3/png-v3/1200-lilith-interiors/1225_interiors_kitchen-appliances-overhead_minamiizu-japan_s23u_iso200-f1p7_20250307-112014_3000x4000.sdr.png,iq_adef,10,32,26771,68.7570,
1200-lilith-interiors,imazen-26-png-v3/png-v3/1200-lilith-interiors/1225_interiors_kitchen-appliances-overhead_minamiizu-japan_s23u_iso200-f1p7_20250307-112014_3000x4000.sdr.png,iq_adef,10,44,11623,42.6467,
1200-lilith-interiors,imazen-26-png-v3/png-v3/1200-lilith-interiors/1225_interiors_kitchen-appliances-overhead_minamiizu-japan_s23u_iso200-f1p7_20250307-112014_3000x4000.sdr.png,iq_asharp,6,20,43662,79.6845,
1200-lilith-interiors,imazen-26-png-v3/png-v3/1200-lilith-interiors/1225_interiors_kitchen-appliances-overhead_minamiizu-japan_s23u_iso200-f1p7_20250307-112014_3000x4000.sdr.png,iq_asharp,6,32,24906,68.9842,
1200-lilith-interiors,imazen-26-png-v3/png-v3/1200-lilith-interiors/1225_interiors_kitchen-appliances-overhead_minamiizu-japan_s23u_iso200-f1p7_20250307-112014_3000x4000.sdr.png,iq_asharp,6,44,10721,43.6901,
1200-lilith-interiors,imazen-26-png-v3/png-v3/1200-lilith-interiors/1225_interiors_kitchen-appliances-overhead_minamiizu-japan_s23u_iso200-f1p7_20250307-112014_3000x4000.sdr.png,iq_asharp,10,20,46124,79.4795,
1200-lilith-interiors,imazen-26-png-v3/png-v3/1200-lilith-interiors/1225_interiors_kitchen-appliances-overhead_minamiizu-japan_s23u_iso200-f1p7_20250307-112014_3000x4000.sdr.png,iq_asharp,10,32,26771,68.9832,
1200-lilith-interiors,imazen-26-png-v3/png-v3/1200-lilith-interiors/1225_interiors_kitchen-appliances-overhead_minamiizu-japan_s23u_iso200-f1p7_20250307-112014_3000x4000.sdr.png,iq_asharp,10,44,11623,42.9408,
1200-lilith-interiors,imazen-26-png-v3/png-v3/1200-lilith-interiors/1225_interiors_kitchen-appliances-overhead_minamiizu-japan_s23u_iso200-f1p7_20250307-112014_3000x4000.sdr.png,iq_both,6,20,43662,79.6798,
1200-lilith-interiors,imazen-26-png-v3/png-v3/1200-lilith-interiors/1225_interiors_kitchen-appliances-overhead_minamiizu-japan_s23u_iso200-f1p7_20250307-112014_3000x4000.sdr.png,iq_both,6,32,24905,68.8477,
1200-lilith-interiors,imazen-26-png-v3/png-v3/1200-lilith-interiors/1225_interiors_kitchen-appliances-overhead_minamiizu-japan_s23u_iso200-f1p7_20250307-112014_3000x4000.sdr.png,iq_both,6,44,10722,43.5112,
1200-lilith-interiors,imazen-26-png-v3/png-v3/1200-lilith-interiors/1225_interiors_kitchen-appliances-overhead_minamiizu-japan_s23u_iso200-f1p7_20250307-112014_3000x4000.sdr.png,iq_both,10,20,46124,79.4066,
1200-lilith-interiors,imazen-26-png-v3/png-v3/1200-lilith-interiors/1225_interiors_kitchen-appliances-overhead_minamiizu-japan_s23u_iso200-f1p7_20250307-112014_3000x4000.sdr.png,iq_both,10,32,26771,68.7570,
1200-lilith-interiors,imazen-26-png-v3/png-v3/1200-lilith-interiors/1225_interiors_kitchen-appliances-overhead_minamiizu-japan_s23u_iso200-f1p7_20250307-112014_3000x4000.sdr.png,iq_both,10,44,11623,42.6467,
1200-lilith-interiors,imazen-26-png-v3/png-v3/1200-lilith-interiors/1225_interiors_kitchen-appliances-overhead_minamiizu-japan_s23u_iso200-f1p7_20250307-112014_3000x4000.sdr.png,adef,6,20,32475,72.3283,
1200-lilith-interiors,imazen-26-png-v3/png-v3/1200-lilith-interiors/1225_interiors_kitchen-appliances-overhead_minamiizu-japan_s23u_iso200-f1p7_20250307-112014_3000x4000.sdr.png,adef,6,32,15462,52.1237,
1200-lilith-interiors,imazen-26-png-v3/png-v3/1200-lilith-interiors/1225_interiors_kitchen-appliances-overhead_minamiizu-japan_s23u_iso200-f1p7_20250307-112014_3000x4000.sdr.png,adef,6,44,6639,15.4888,
1200-lilith-interiors,imazen-26-png-v3/png-v3/1200-lilith-interiors/1225_interiors_kitchen-appliances-overhead_minamiizu-japan_s23u_iso200-f1p7_20250307-112014_3000x4000.sdr.png,adef,10,20,34474,71.3218,
1200-lilith-interiors,imazen-26-png-v3/png-v3/1200-lilith-interiors/1225_interiors_kitchen-appliances-overhead_minamiizu-japan_s23u_iso200-f1p7_20250307-112014_3000x4000.sdr.png,adef,10,32,16582,50.9068,
1200-lilith-interiors,imazen-26-png-v3/png-v3/1200-lilith-interiors/1225_interiors_kitchen-appliances-overhead_minamiizu-japan_s23u_iso200-f1p7_20250307-112014_3000x4000.sdr.png,adef,10,44,6887,13.7142,
1200-lilith-interiors,imazen-26-png-v3/png-v3/1200-lilith-interiors/1225_interiors_kitchen-appliances-overhead_minamiizu-japan_s23u_iso200-f1p7_20250307-112014_3000x4000.sdr.png,asharp,6,20,32474,72.1768,
1200-lilith-interiors,imazen-26-png-v3/png-v3/1200-lilith-interiors/1225_interiors_kitchen-appliances-overhead_minamiizu-japan_s23u_iso200-f1p7_20250307-112014_3000x4000.sdr.png,asharp,6,32,15462,52.0718,
1200-lilith-interiors,imazen-26-png-v3/png-v3/1200-lilith-interiors/1225_interiors_kitchen-appliances-overhead_minamiizu-japan_s23u_iso200-f1p7_20250307-112014_3000x4000.sdr.png,asharp,6,44,6639,15.5980,
1200-lilith-interiors,imazen-26-png-v3/png-v3/1200-lilith-interiors/1225_interiors_kitchen-appliances-overhead_minamiizu-japan_s23u_iso200-f1p7_20250307-112014_3000x4000.sdr.png,asharp,10,20,34474,71.3741,
1200-lilith-interiors,imazen-26-png-v3/png-v3/1200-lilith-interiors/1225_interiors_kitchen-appliances-overhead_minamiizu-japan_s23u_iso200-f1p7_20250307-112014_3000x4000.sdr.png,asharp,10,32,16582,51.0539,
1200-lilith-interiors,imazen-26-png-v3/png-v3/1200-lilith-interiors/1225_interiors_kitchen-appliances-overhead_minamiizu-japan_s23u_iso200-f1p7_20250307-112014_3000x4000.sdr.png,asharp,10,44,6887,13.9846,
1200-lilith-interiors,imazen-26-png-v3/png-v3/1200-lilith-interiors/1225_interiors_kitchen-appliances-overhead_minamiizu-japan_s23u_iso200-f1p7_20250307-112014_3000x4000.sdr.png,iq_dlf,6,20,43682,79.7018,
1200-lilith-interiors,imazen-26-png-v3/png-v3/1200-lilith-interiors/1225_interiors_kitchen-appliances-overhead_minamiizu-japan_s23u_iso200-f1p7_20250307-112014_3000x4000.sdr.png,iq_dlf,6,32,24933,69.0007,
1200-lilith-interiors,imazen-26-png-v3/png-v3/1200-lilith-interiors/1225_interiors_kitchen-appliances-overhead_minamiizu-japan_s23u_iso200-f1p7_20250307-112014_3000x4000.sdr.png,iq_dlf,6,44,10736,43.6992,
1200-lilith-interiors,imazen-26-png-v3/png-v3/1200-lilith-interiors/1225_interiors_kitchen-appliances-overhead_minamiizu-japan_s23u_iso200-f1p7_20250307-112014_3000x4000.sdr.png,iq_dlf,10,20,46143,79.4192,
1200-lilith-interiors,imazen-26-png-v3/png-v3/1200-lilith-interiors/1225_interiors_kitchen-appliances-overhead_minamiizu-japan_s23u_iso200-f1p7_20250307-112014_3000x4000.sdr.png,iq_dlf,10,32,26797,68.8821,
1200-lilith-interiors,imazen-26-png-v3/png-v3/1200-lilith-interiors/1225_interiors_kitchen-appliances-overhead_minamiizu-japan_s23u_iso200-f1p7_20250307-112014_3000x4000.sdr.png,iq_dlf,10,44,11648,43.0293,
1200-lilith-interiors,imazen-26-png-v3/png-v3/1200-lilith-interiors/1225_interiors_kitchen-appliances-overhead_minamiizu-japan_s23u_iso200-f1p7_20250307-112014_3000x4000.sdr.png,iq_all,6,20,43682,79.6674,
1200-lilith-interiors,imazen-26-png-v3/png-v3/1200-lilith-interiors/1225_interiors_kitchen-appliances-overhead_minamiizu-japan_s23u_iso200-f1p7_20250307-112014_3000x4000.sdr.png,iq_all,6,32,24931,68.7171,
1200-lilith-interiors,imazen-26-png-v3/png-v3/1200-lilith-interiors/1225_interiors_kitchen-appliances-overhead_minamiizu-japan_s23u_iso200-f1p7_20250307-112014_3000x4000.sdr.png,iq_all,6,44,10736,43.6435,
1200-lilith-interiors,imazen-26-png-v3/png-v3/1200-lilith-interiors/1225_interiors_kitchen-appliances-overhead_minamiizu-japan_s23u_iso200-f1p7_20250307-112014_3000x4000.sdr.png,iq_all,10,20,46143,79.2246,
1200-lilith-interiors,imazen-26-png-v3/png-v3/1200-lilith-interiors/1225_interiors_kitchen-appliances-overhead_minamiizu-japan_s23u_iso200-f1p7_20250307-112014_3000x4000.sdr.png,iq_all,10,32,26797,68.5529,
1200-lilith-interiors,imazen-26-png-v3/png-v3/1200-lilith-interiors/1225_interiors_kitchen-appliances-overhead_minamiizu-japan_s23u_iso200-f1p7_20250307-112014_3000x4000.sdr.png,iq_all,10,44,11648,42.6650,
1400-lilith-nature,imazen-26-png-v3/png-v3/1400-lilith-nature/1510_nature_purple-iris-flowers_colorado_ip8plus_iso40-f2p8_img-0803_3024x4032.sdr.png,iq_adef,6,20,26127,83.5158,
1400-lilith-nature,imazen-26-png-v3/png-v3/1400-lilith-nature/1510_nature_purple-iris-flowers_colorado_ip8plus_iso40-f2p8_img-0803_3024x4032.sdr.png,iq_adef,6,32,14845,75.7000,
1400-lilith-nature,imazen-26-png-v3/png-v3/1400-lilith-nature/1510_nature_purple-iris-flowers_colorado_ip8plus_iso40-f2p8_img-0803_3024x4032.sdr.png,iq_adef,6,44,6244,56.9127,
1400-lilith-nature,imazen-26-png-v3/png-v3/1400-lilith-nature/1510_nature_purple-iris-flowers_colorado_ip8plus_iso40-f2p8_img-0803_3024x4032.sdr.png,iq_adef,10,20,28053,83.2572,
1400-lilith-nature,imazen-26-png-v3/png-v3/1400-lilith-nature/1510_nature_purple-iris-flowers_colorado_ip8plus_iso40-f2p8_img-0803_3024x4032.sdr.png,iq_adef,10,32,16242,75.9080,
1400-lilith-nature,imazen-26-png-v3/png-v3/1400-lilith-nature/1510_nature_purple-iris-flowers_colorado_ip8plus_iso40-f2p8_img-0803_3024x4032.sdr.png,iq_adef,10,44,6926,56.6979,
1400-lilith-nature,imazen-26-png-v3/png-v3/1400-lilith-nature/1510_nature_purple-iris-flowers_colorado_ip8plus_iso40-f2p8_img-0803_3024x4032.sdr.png,iq_asharp,6,20,26127,83.4527,
1400-lilith-nature,imazen-26-png-v3/png-v3/1400-lilith-nature/1510_nature_purple-iris-flowers_colorado_ip8plus_iso40-f2p8_img-0803_3024x4032.sdr.png,iq_asharp,6,32,14845,75.8616,
1400-lilith-nature,imazen-26-png-v3/png-v3/1400-lilith-nature/1510_nature_purple-iris-flowers_colorado_ip8plus_iso40-f2p8_img-0803_3024x4032.sdr.png,iq_asharp,6,44,6245,56.9627,
1400-lilith-nature,imazen-26-png-v3/png-v3/1400-lilith-nature/1510_nature_purple-iris-flowers_colorado_ip8plus_iso40-f2p8_img-0803_3024x4032.sdr.png,iq_asharp,10,20,28053,83.3016,
1400-lilith-nature,imazen-26-png-v3/png-v3/1400-lilith-nature/1510_nature_purple-iris-flowers_colorado_ip8plus_iso40-f2p8_img-0803_3024x4032.sdr.png,iq_asharp,10,32,16242,76.0671,
1400-lilith-nature,imazen-26-png-v3/png-v3/1400-lilith-nature/1510_nature_purple-iris-flowers_colorado_ip8plus_iso40-f2p8_img-0803_3024x4032.sdr.png,iq_asharp,10,44,6926,57.2009,
1400-lilith-nature,imazen-26-png-v3/png-v3/1400-lilith-nature/1510_nature_purple-iris-flowers_colorado_ip8plus_iso40-f2p8_img-0803_3024x4032.sdr.png,iq_both,6,20,26127,83.5158,
1400-lilith-nature,imazen-26-png-v3/png-v3/1400-lilith-nature/1510_nature_purple-iris-flowers_colorado_ip8plus_iso40-f2p8_img-0803_3024x4032.sdr.png,iq_both,6,32,14845,75.7000,
1400-lilith-nature,imazen-26-png-v3/png-v3/1400-lilith-nature/1510_nature_purple-iris-flowers_colorado_ip8plus_iso40-f2p8_img-0803_3024x4032.sdr.png,iq_both,6,44,6244,56.9127,
1400-lilith-nature,imazen-26-png-v3/png-v3/1400-lilith-nature/1510_nature_purple-iris-flowers_colorado_ip8plus_iso40-f2p8_img-0803_3024x4032.sdr.png,iq_both,10,20,28053,83.2572,
1400-lilith-nature,imazen-26-png-v3/png-v3/1400-lilith-nature/1510_nature_purple-iris-flowers_colorado_ip8plus_iso40-f2p8_img-0803_3024x4032.sdr.png,iq_both,10,32,16242,75.9080,
1400-lilith-nature,imazen-26-png-v3/png-v3/1400-lilith-nature/1510_nature_purple-iris-flowers_colorado_ip8plus_iso40-f2p8_img-0803_3024x4032.sdr.png,iq_both,10,44,6926,56.6979,
1400-lilith-nature,imazen-26-png-v3/png-v3/1400-lilith-nature/1510_nature_purple-iris-flowers_colorado_ip8plus_iso40-f2p8_img-0803_3024x4032.sdr.png,adef,6,20,15362,75.3072,
1400-lilith-nature,imazen-26-png-v3/png-v3/1400-lilith-nature/1510_nature_purple-iris-flowers_colorado_ip8plus_iso40-f2p8_img-0803_3024x4032.sdr.png,adef,6,32,6779,59.2456,
1400-lilith-nature,imazen-26-png-v3/png-v3/1400-lilith-nature/1510_nature_purple-iris-flowers_colorado_ip8plus_iso40-f2p8_img-0803_3024x4032.sdr.png,adef,6,44,3237,29.1875,
1400-lilith-nature,imazen-26-png-v3/png-v3/1400-lilith-nature/1510_nature_purple-iris-flowers_colorado_ip8plus_iso40-f2p8_img-0803_3024x4032.sdr.png,adef,10,20,15989,74.4237,
1400-lilith-nature,imazen-26-png-v3/png-v3/1400-lilith-nature/1510_nature_purple-iris-flowers_colorado_ip8plus_iso40-f2p8_img-0803_3024x4032.sdr.png,adef,10,32,7079,57.5544,
1400-lilith-nature,imazen-26-png-v3/png-v3/1400-lilith-nature/1510_nature_purple-iris-flowers_colorado_ip8plus_iso40-f2p8_img-0803_3024x4032.sdr.png,adef,10,44,3313,24.7067,
1400-lilith-nature,imazen-26-png-v3/png-v3/1400-lilith-nature/1510_nature_purple-iris-flowers_colorado_ip8plus_iso40-f2p8_img-0803_3024x4032.sdr.png,asharp,6,20,15363,75.2115,
1400-lilith-nature,imazen-26-png-v3/png-v3/1400-lilith-nature/1510_nature_purple-iris-flowers_colorado_ip8plus_iso40-f2p8_img-0803_3024x4032.sdr.png,asharp,6,32,6777,59.3950,
1400-lilith-nature,imazen-26-png-v3/png-v3/1400-lilith-nature/1510_nature_purple-iris-flowers_colorado_ip8plus_iso40-f2p8_img-0803_3024x4032.sdr.png,asharp,6,44,3237,29.2745,
1400-lilith-nature,imazen-26-png-v3/png-v3/1400-lilith-nature/1510_nature_purple-iris-flowers_colorado_ip8plus_iso40-f2p8_img-0803_3024x4032.sdr.png,asharp,10,20,15989,74.5086,
1400-lilith-nature,imazen-26-png-v3/png-v3/1400-lilith-nature/1510_nature_purple-iris-flowers_colorado_ip8plus_iso40-f2p8_img-0803_3024x4032.sdr.png,asharp,10,32,7079,57.7015,
1400-lilith-nature,imazen-26-png-v3/png-v3/1400-lilith-nature/1510_nature_purple-iris-flowers_colorado_ip8plus_iso40-f2p8_img-0803_3024x4032.sdr.png,asharp,10,44,3313,25.0780,
1400-lilith-nature,imazen-26-png-v3/png-v3/1400-lilith-nature/1510_nature_purple-iris-flowers_colorado_ip8plus_iso40-f2p8_img-0803_3024x4032.sdr.png,iq_dlf,6,20,26141,83.4813,
1400-lilith-nature,imazen-26-png-v3/png-v3/1400-lilith-nature/1510_nature_purple-iris-flowers_colorado_ip8plus_iso40-f2p8_img-0803_3024x4032.sdr.png,iq_dlf,6,32,14866,75.9325,
1400-lilith-nature,imazen-26-png-v3/png-v3/1400-lilith-nature/1510_nature_purple-iris-flowers_colorado_ip8plus_iso40-f2p8_img-0803_3024x4032.sdr.png,iq_dlf,6,44,6268,57.0081,
1400-lilith-nature,imazen-26-png-v3/png-v3/1400-lilith-nature/1510_nature_purple-iris-flowers_colorado_ip8plus_iso40-f2p8_img-0803_3024x4032.sdr.png,iq_dlf,10,20,28065,83.2545,
1400-lilith-nature,imazen-26-png-v3/png-v3/1400-lilith-nature/1510_nature_purple-iris-flowers_colorado_ip8plus_iso40-f2p8_img-0803_3024x4032.sdr.png,iq_dlf,10,32,16262,75.9814,
1400-lilith-nature,imazen-26-png-v3/png-v3/1400-lilith-nature/1510_nature_purple-iris-flowers_colorado_ip8plus_iso40-f2p8_img-0803_3024x4032.sdr.png,iq_dlf,10,44,6948,57.2000,
1400-lilith-nature,imazen-26-png-v3/png-v3/1400-lilith-nature/1510_nature_purple-iris-flowers_colorado_ip8plus_iso40-f2p8_img-0803_3024x4032.sdr.png,iq_all,6,20,26141,83.5286,
1400-lilith-nature,imazen-26-png-v3/png-v3/1400-lilith-nature/1510_nature_purple-iris-flowers_colorado_ip8plus_iso40-f2p8_img-0803_3024x4032.sdr.png,iq_all,6,32,14867,75.6393,
1400-lilith-nature,imazen-26-png-v3/png-v3/1400-lilith-nature/1510_nature_purple-iris-flowers_colorado_ip8plus_iso40-f2p8_img-0803_3024x4032.sdr.png,iq_all,6,44,6267,56.9259,
1400-lilith-nature,imazen-26-png-v3/png-v3/1400-lilith-nature/1510_nature_purple-iris-flowers_colorado_ip8plus_iso40-f2p8_img-0803_3024x4032.sdr.png,iq_all,10,20,28065,83.0806,
1400-lilith-nature,imazen-26-png-v3/png-v3/1400-lilith-nature/1510_nature_purple-iris-flowers_colorado_ip8plus_iso40-f2p8_img-0803_3024x4032.sdr.png,iq_all,10,32,16262,75.6168,
1400-lilith-nature,imazen-26-png-v3/png-v3/1400-lilith-nature/1510_nature_purple-iris-flowers_colorado_ip8plus_iso40-f2p8_img-0803_3024x4032.sdr.png,iq_all,10,44,6948,56.5974,
1400-lilith-nature,imazen-26-png-v3/png-v3/1400-lilith-nature/1514_nature_purple-allium-flowers_colorado_ip8plus_iso20-f2p8_img-1310_3024x4032.sdr.png,iq_adef,6,20,30596,83.1876,
1400-lilith-nature,imazen-26-png-v3/png-v3/1400-lilith-nature/1514_nature_purple-allium-flowers_colorado_ip8plus_iso20-f2p8_img-1310_3024x4032.sdr.png,iq_adef,6,32,18825,74.4244,
1400-lilith-nature,imazen-26-png-v3/png-v3/1400-lilith-nature/1514_nature_purple-allium-flowers_colorado_ip8plus_iso20-f2p8_img-1310_3024x4032.sdr.png,iq_adef,6,44,9091,52.1143,
1400-lilith-nature,imazen-26-png-v3/png-v3/1400-lilith-nature/1514_nature_purple-allium-flowers_colorado_ip8plus_iso20-f2p8_img-1310_3024x4032.sdr.png,iq_adef,10,20,33318,82.8002,
1400-lilith-nature,imazen-26-png-v3/png-v3/1400-lilith-nature/1514_nature_purple-allium-flowers_colorado_ip8plus_iso20-f2p8_img-1310_3024x4032.sdr.png,iq_adef,10,32,20566,74.8150,
1400-lilith-nature,imazen-26-png-v3/png-v3/1400-lilith-nature/1514_nature_purple-allium-flowers_colorado_ip8plus_iso20-f2p8_img-1310_3024x4032.sdr.png,iq_adef,10,44,9878,52.0661,
1400-lilith-nature,imazen-26-png-v3/png-v3/1400-lilith-nature/1514_nature_purple-allium-flowers_colorado_ip8plus_iso20-f2p8_img-1310_3024x4032.sdr.png,iq_asharp,6,20,30596,83.0565,
1400-lilith-nature,imazen-26-png-v3/png-v3/1400-lilith-nature/1514_nature_purple-allium-flowers_colorado_ip8plus_iso20-f2p8_img-1310_3024x4032.sdr.png,iq_asharp,6,32,18824,74.6329,
1400-lilith-nature,imazen-26-png-v3/png-v3/1400-lilith-nature/1514_nature_purple-allium-flowers_colorado_ip8plus_iso20-f2p8_img-1310_3024x4032.sdr.png,iq_asharp,6,44,9091,52.2848,
1400-lilith-nature,imazen-26-png-v3/png-v3/1400-lilith-nature/1514_nature_purple-allium-flowers_colorado_ip8plus_iso20-f2p8_img-1310_3024x4032.sdr.png,iq_asharp,10,20,33318,82.9051,
1400-lilith-nature,imazen-26-png-v3/png-v3/1400-lilith-nature/1514_nature_purple-allium-flowers_colorado_ip8plus_iso20-f2p8_img-1310_3024x4032.sdr.png,iq_asharp,10,32,20566,74.9406,
1400-lilith-nature,imazen-26-png-v3/png-v3/1400-lilith-nature/1514_nature_purple-allium-flowers_colorado_ip8plus_iso20-f2p8_img-1310_3024x4032.sdr.png,iq_asharp,10,44,9878,52.1240,
1400-lilith-nature,imazen-26-png-v3/png-v3/1400-lilith-nature/1514_nature_purple-allium-flowers_colorado_ip8plus_iso20-f2p8_img-1310_3024x4032.sdr.png,iq_both,6,20,30596,83.1876,
1400-lilith-nature,imazen-26-png-v3/png-v3/1400-lilith-nature/1514_nature_purple-allium-flowers_colorado_ip8plus_iso20-f2p8_img-1310_3024x4032.sdr.png,iq_both,6,32,18825,74.4244,
1400-lilith-nature,imazen-26-png-v3/png-v3/1400-lilith-nature/1514_nature_purple-allium-flowers_colorado_ip8plus_iso20-f2p8_img-1310_3024x4032.sdr.png,iq_both,6,44,9091,52.1143,
1400-lilith-nature,imazen-26-png-v3/png-v3/1400-lilith-nature/1514_nature_purple-allium-flowers_colorado_ip8plus_iso20-f2p8_img-1310_3024x4032.sdr.png,iq_both,10,20,33318,82.8002,
1400-lilith-nature,imazen-26-png-v3/png-v3/1400-lilith-nature/1514_nature_purple-allium-flowers_colorado_ip8plus_iso20-f2p8_img-1310_3024x4032.sdr.png,iq_both,10,32,20566,74.8150,
1400-lilith-nature,imazen-26-png-v3/png-v3/1400-lilith-nature/1514_nature_purple-allium-flowers_colorado_ip8plus_iso20-f2p8_img-1310_3024x4032.sdr.png,iq_both,10,44,9878,52.0661,
1400-lilith-nature,imazen-26-png-v3/png-v3/1400-lilith-nature/1514_nature_purple-allium-flowers_colorado_ip8plus_iso20-f2p8_img-1310_3024x4032.sdr.png,adef,6,20,21898,76.2510,
1400-lilith-nature,imazen-26-png-v3/png-v3/1400-lilith-nature/1514_nature_purple-allium-flowers_colorado_ip8plus_iso20-f2p8_img-1310_3024x4032.sdr.png,adef,6,32,11493,58.7258,
1400-lilith-nature,imazen-26-png-v3/png-v3/1400-lilith-nature/1514_nature_purple-allium-flowers_colorado_ip8plus_iso20-f2p8_img-1310_3024x4032.sdr.png,adef,6,44,5200,20.5550,
1400-lilith-nature,imazen-26-png-v3/png-v3/1400-lilith-nature/1514_nature_purple-allium-flowers_colorado_ip8plus_iso20-f2p8_img-1310_3024x4032.sdr.png,adef,10,20,23329,75.4198,
1400-lilith-nature,imazen-26-png-v3/png-v3/1400-lilith-nature/1514_nature_purple-allium-flowers_colorado_ip8plus_iso20-f2p8_img-1310_3024x4032.sdr.png,adef,10,32,12007,57.1126,
1400-lilith-nature,imazen-26-png-v3/png-v3/1400-lilith-nature/1514_nature_purple-allium-flowers_colorado_ip8plus_iso20-f2p8_img-1310_3024x4032.sdr.png,adef,10,44,5471,18.0592,
1400-lilith-nature,imazen-26-png-v3/png-v3/1400-lilith-nature/1514_nature_purple-allium-flowers_colorado_ip8plus_iso20-f2p8_img-1310_3024x4032.sdr.png,asharp,6,20,21899,76.2499,
1400-lilith-nature,imazen-26-png-v3/png-v3/1400-lilith-nature/1514_nature_purple-allium-flowers_colorado_ip8plus_iso20-f2p8_img-1310_3024x4032.sdr.png,asharp,6,32,11493,58.5969,
1400-lilith-nature,imazen-26-png-v3/png-v3/1400-lilith-nature/1514_nature_purple-allium-flowers_colorado_ip8plus_iso20-f2p8_img-1310_3024x4032.sdr.png,asharp,6,44,5200,20.6673,
1400-lilith-nature,imazen-26-png-v3/png-v3/1400-lilith-nature/1514_nature_purple-allium-flowers_colorado_ip8plus_iso20-f2p8_img-1310_3024x4032.sdr.png,asharp,10,20,23329,75.4929,
1400-lilith-nature,imazen-26-png-v3/png-v3/1400-lilith-nature/1514_nature_purple-allium-flowers_colorado_ip8plus_iso20-f2p8_img-1310_3024x4032.sdr.png,asharp,10,32,12007,57.1570,
1400-lilith-nature,imazen-26-png-v3/png-v3/1400-lilith-nature/1514_nature_purple-allium-flowers_colorado_ip8plus_iso20-f2p8_img-1310_3024x4032.sdr.png,asharp,10,44,5471,18.0512,
1400-lilith-nature,imazen-26-png-v3/png-v3/1400-lilith-nature/1514_nature_purple-allium-flowers_colorado_ip8plus_iso20-f2p8_img-1310_3024x4032.sdr.png,iq_dlf,6,20,30618,83.0879,
1400-lilith-nature,imazen-26-png-v3/png-v3/1400-lilith-nature/1514_nature_purple-allium-flowers_colorado_ip8plus_iso20-f2p8_img-1310_3024x4032.sdr.png,iq_dlf,6,32,18866,74.6359,
1400-lilith-nature,imazen-26-png-v3/png-v3/1400-lilith-nature/1514_nature_purple-allium-flowers_colorado_ip8plus_iso20-f2p8_img-1310_3024x4032.sdr.png,iq_dlf,6,44,9118,52.4260,
1400-lilith-nature,imazen-26-png-v3/png-v3/1400-lilith-nature/1514_nature_purple-allium-flowers_colorado_ip8plus_iso20-f2p8_img-1310_3024x4032.sdr.png,iq_dlf,10,20,33340,82.8023,
1400-lilith-nature,imazen-26-png-v3/png-v3/1400-lilith-nature/1514_nature_purple-allium-flowers_colorado_ip8plus_iso20-f2p8_img-1310_3024x4032.sdr.png,iq_dlf,10,32,20596,74.9058,
1400-lilith-nature,imazen-26-png-v3/png-v3/1400-lilith-nature/1514_nature_purple-allium-flowers_colorado_ip8plus_iso20-f2p8_img-1310_3024x4032.sdr.png,iq_dlf,10,44,9906,52.2921,
1400-lilith-nature,imazen-26-png-v3/png-v3/1400-lilith-nature/1514_nature_purple-allium-flowers_colorado_ip8plus_iso20-f2p8_img-1310_3024x4032.sdr.png,iq_all,6,20,30618,83.2349,
1400-lilith-nature,imazen-26-png-v3/png-v3/1400-lilith-nature/1514_nature_purple-allium-flowers_colorado_ip8plus_iso20-f2p8_img-1310_3024x4032.sdr.png,iq_all,6,32,18867,74.4907,
1400-lilith-nature,imazen-26-png-v3/png-v3/1400-lilith-nature/1514_nature_purple-allium-flowers_colorado_ip8plus_iso20-f2p8_img-1310_3024x4032.sdr.png,iq_all,6,44,9121,52.2762,
1400-lilith-nature,imazen-26-png-v3/png-v3/1400-lilith-nature/1514_nature_purple-allium-flowers_colorado_ip8plus_iso20-f2p8_img-1310_3024x4032.sdr.png,iq_all,10,20,33340,82.6060,
1400-lilith-nature,imazen-26-png-v3/png-v3/1400-lilith-nature/1514_nature_purple-allium-flowers_colorado_ip8plus_iso20-f2p8_img-1310_3024x4032.sdr.png,iq_all,10,32,20596,74.5385,
1400-lilith-nature,imazen-26-png-v3/png-v3/1400-lilith-nature/1514_nature_purple-allium-flowers_colorado_ip8plus_iso20-f2p8_img-1310_3024x4032.sdr.png,iq_all,10,44,9906,52.1189,
1600-lilith-food,imazen-26-png-v3/png-v3/1600-lilith-food/1608_food_single-cake-slice-plate_anedaitocho-kyoto-japan_s23u_iso320-f2p2_20230709-194142_4000x3000.sdr.png,iq_adef,6,20,60007,82.8241,
1600-lilith-food,imazen-26-png-v3/png-v3/1600-lilith-food/1608_food_single-cake-slice-plate_anedaitocho-kyoto-japan_s23u_iso320-f2p2_20230709-194142_4000x3000.sdr.png,iq_adef,6,32,36486,72.5595,
1600-lilith-food,imazen-26-png-v3/png-v3/1600-lilith-food/1608_food_single-cake-slice-plate_anedaitocho-kyoto-japan_s23u_iso320-f2p2_20230709-194142_4000x3000.sdr.png,iq_adef,6,44,19613,50.0252,
1600-lilith-food,imazen-26-png-v3/png-v3/1600-lilith-food/1608_food_single-cake-slice-plate_anedaitocho-kyoto-japan_s23u_iso320-f2p2_20230709-194142_4000x3000.sdr.png,iq_adef,10,20,63408,82.0463,
1600-lilith-food,imazen-26-png-v3/png-v3/1600-lilith-food/1608_food_single-cake-slice-plate_anedaitocho-kyoto-japan_s23u_iso320-f2p2_20230709-194142_4000x3000.sdr.png,iq_adef,10,32,38936,71.8023,
1600-lilith-food,imazen-26-png-v3/png-v3/1600-lilith-food/1608_food_single-cake-slice-plate_anedaitocho-kyoto-japan_s23u_iso320-f2p2_20230709-194142_4000x3000.sdr.png,iq_adef,10,44,20675,48.2430,
1600-lilith-food,imazen-26-png-v3/png-v3/1600-lilith-food/1608_food_single-cake-slice-plate_anedaitocho-kyoto-japan_s23u_iso320-f2p2_20230709-194142_4000x3000.sdr.png,iq_asharp,6,20,60007,82.9738,
1600-lilith-food,imazen-26-png-v3/png-v3/1600-lilith-food/1608_food_single-cake-slice-plate_anedaitocho-kyoto-japan_s23u_iso320-f2p2_20230709-194142_4000x3000.sdr.png,iq_asharp,6,32,36485,72.6758,
1600-lilith-food,imazen-26-png-v3/png-v3/1600-lilith-food/1608_food_single-cake-slice-plate_anedaitocho-kyoto-japan_s23u_iso320-f2p2_20230709-194142_4000x3000.sdr.png,iq_asharp,6,44,19613,50.1430,
1600-lilith-food,imazen-26-png-v3/png-v3/1600-lilith-food/1608_food_single-cake-slice-plate_anedaitocho-kyoto-japan_s23u_iso320-f2p2_20230709-194142_4000x3000.sdr.png,iq_asharp,10,20,63408,82.1092,
1600-lilith-food,imazen-26-png-v3/png-v3/1600-lilith-food/1608_food_single-cake-slice-plate_anedaitocho-kyoto-japan_s23u_iso320-f2p2_20230709-194142_4000x3000.sdr.png,iq_asharp,10,32,38936,72.0852,
1600-lilith-food,imazen-26-png-v3/png-v3/1600-lilith-food/1608_food_single-cake-slice-plate_anedaitocho-kyoto-japan_s23u_iso320-f2p2_20230709-194142_4000x3000.sdr.png,iq_asharp,10,44,20675,48.8662,
1600-lilith-food,imazen-26-png-v3/png-v3/1600-lilith-food/1608_food_single-cake-slice-plate_anedaitocho-kyoto-japan_s23u_iso320-f2p2_20230709-194142_4000x3000.sdr.png,iq_both,6,20,60007,82.8241,
1600-lilith-food,imazen-26-png-v3/png-v3/1600-lilith-food/1608_food_single-cake-slice-plate_anedaitocho-kyoto-japan_s23u_iso320-f2p2_20230709-194142_4000x3000.sdr.png,iq_both,6,32,36486,72.5595,
1600-lilith-food,imazen-26-png-v3/png-v3/1600-lilith-food/1608_food_single-cake-slice-plate_anedaitocho-kyoto-japan_s23u_iso320-f2p2_20230709-194142_4000x3000.sdr.png,iq_both,6,44,19613,50.0252,
1600-lilith-food,imazen-26-png-v3/png-v3/1600-lilith-food/1608_food_single-cake-slice-plate_anedaitocho-kyoto-japan_s23u_iso320-f2p2_20230709-194142_4000x3000.sdr.png,iq_both,10,20,63408,82.0463,
1600-lilith-food,imazen-26-png-v3/png-v3/1600-lilith-food/1608_food_single-cake-slice-plate_anedaitocho-kyoto-japan_s23u_iso320-f2p2_20230709-194142_4000x3000.sdr.png,iq_both,10,32,38936,71.8023,
1600-lilith-food,imazen-26-png-v3/png-v3/1600-lilith-food/1608_food_single-cake-slice-plate_anedaitocho-kyoto-japan_s23u_iso320-f2p2_20230709-194142_4000x3000.sdr.png,iq_both,10,44,20675,48.2430,
1600-lilith-food,imazen-26-png-v3/png-v3/1600-lilith-food/1608_food_single-cake-slice-plate_anedaitocho-kyoto-japan_s23u_iso320-f2p2_20230709-194142_4000x3000.sdr.png,adef,6,20,59932,79.4058,
1600-lilith-food,imazen-26-png-v3/png-v3/1600-lilith-food/1608_food_single-cake-slice-plate_anedaitocho-kyoto-japan_s23u_iso320-f2p2_20230709-194142_4000x3000.sdr.png,adef,6,32,34694,64.8895,
1600-lilith-food,imazen-26-png-v3/png-v3/1600-lilith-food/1608_food_single-cake-slice-plate_anedaitocho-kyoto-japan_s23u_iso320-f2p2_20230709-194142_4000x3000.sdr.png,adef,6,44,16975,37.1862,
1600-lilith-food,imazen-26-png-v3/png-v3/1600-lilith-food/1608_food_single-cake-slice-plate_anedaitocho-kyoto-japan_s23u_iso320-f2p2_20230709-194142_4000x3000.sdr.png,adef,10,20,63008,78.4303,
1600-lilith-food,imazen-26-png-v3/png-v3/1600-lilith-food/1608_food_single-cake-slice-plate_anedaitocho-kyoto-japan_s23u_iso320-f2p2_20230709-194142_4000x3000.sdr.png,adef,10,32,36577,62.7270,
1600-lilith-food,imazen-26-png-v3/png-v3/1600-lilith-food/1608_food_single-cake-slice-plate_anedaitocho-kyoto-japan_s23u_iso320-f2p2_20230709-194142_4000x3000.sdr.png,adef,10,44,18590,36.7792,
1600-lilith-food,imazen-26-png-v3/png-v3/1600-lilith-food/1608_food_single-cake-slice-plate_anedaitocho-kyoto-japan_s23u_iso320-f2p2_20230709-194142_4000x3000.sdr.png,asharp,6,20,59933,79.3269,
1600-lilith-food,imazen-26-png-v3/png-v3/1600-lilith-food/1608_food_single-cake-slice-plate_anedaitocho-kyoto-japan_s23u_iso320-f2p2_20230709-194142_4000x3000.sdr.png,asharp,6,32,34694,64.8903,
1600-lilith-food,imazen-26-png-v3/png-v3/1600-lilith-food/1608_food_single-cake-slice-plate_anedaitocho-kyoto-japan_s23u_iso320-f2p2_20230709-194142_4000x3000.sdr.png,asharp,6,44,16979,37.2087,
1600-lilith-food,imazen-26-png-v3/png-v3/1600-lilith-food/1608_food_single-cake-slice-plate_anedaitocho-kyoto-japan_s23u_iso320-f2p2_20230709-194142_4000x3000.sdr.png,asharp,10,20,63008,78.5262,
1600-lilith-food,imazen-26-png-v3/png-v3/1600-lilith-food/1608_food_single-cake-slice-plate_anedaitocho-kyoto-japan_s23u_iso320-f2p2_20230709-194142_4000x3000.sdr.png,asharp,10,32,36577,62.9174,
1600-lilith-food,imazen-26-png-v3/png-v3/1600-lilith-food/1608_food_single-cake-slice-plate_anedaitocho-kyoto-japan_s23u_iso320-f2p2_20230709-194142_4000x3000.sdr.png,asharp,10,44,18590,37.2752,
1600-lilith-food,imazen-26-png-v3/png-v3/1600-lilith-food/1608_food_single-cake-slice-plate_anedaitocho-kyoto-japan_s23u_iso320-f2p2_20230709-194142_4000x3000.sdr.png,iq_dlf,6,20,60026,83.0375,
1600-lilith-food,imazen-26-png-v3/png-v3/1600-lilith-food/1608_food_single-cake-slice-plate_anedaitocho-kyoto-japan_s23u_iso320-f2p2_20230709-194142_4000x3000.sdr.png,iq_dlf,6,32,36510,72.7133,
1600-lilith-food,imazen-26-png-v3/png-v3/1600-lilith-food/1608_food_single-cake-slice-plate_anedaitocho-kyoto-japan_s23u_iso320-f2p2_20230709-194142_4000x3000.sdr.png,iq_dlf,6,44,19639,50.2341,
1600-lilith-food,imazen-26-png-v3/png-v3/1600-lilith-food/1608_food_single-cake-slice-plate_anedaitocho-kyoto-japan_s23u_iso320-f2p2_20230709-194142_4000x3000.sdr.png,iq_dlf,10,20,63427,82.1467,
1600-lilith-food,imazen-26-png-v3/png-v3/1600-lilith-food/1608_food_single-cake-slice-plate_anedaitocho-kyoto-japan_s23u_iso320-f2p2_20230709-194142_4000x3000.sdr.png,iq_dlf,10,32,38959,72.0645,
1600-lilith-food,imazen-26-png-v3/png-v3/1600-lilith-food/1608_food_single-cake-slice-plate_anedaitocho-kyoto-japan_s23u_iso320-f2p2_20230709-194142_4000x3000.sdr.png,iq_dlf,10,44,20699,48.8446,
1600-lilith-food,imazen-26-png-v3/png-v3/1600-lilith-food/1608_food_single-cake-slice-plate_anedaitocho-kyoto-japan_s23u_iso320-f2p2_20230709-194142_4000x3000.sdr.png,iq_all,6,20,60026,82.8269,
1600-lilith-food,imazen-26-png-v3/png-v3/1600-lilith-food/1608_food_single-cake-slice-plate_anedaitocho-kyoto-japan_s23u_iso320-f2p2_20230709-194142_4000x3000.sdr.png,iq_all,6,32,36510,72.5079,
1600-lilith-food,imazen-26-png-v3/png-v3/1600-lilith-food/1608_food_single-cake-slice-plate_anedaitocho-kyoto-japan_s23u_iso320-f2p2_20230709-194142_4000x3000.sdr.png,iq_all,6,44,19639,50.0559,
1600-lilith-food,imazen-26-png-v3/png-v3/1600-lilith-food/1608_food_single-cake-slice-plate_anedaitocho-kyoto-japan_s23u_iso320-f2p2_20230709-194142_4000x3000.sdr.png,iq_all,10,20,63427,82.0318,
1600-lilith-food,imazen-26-png-v3/png-v3/1600-lilith-food/1608_food_single-cake-slice-plate_anedaitocho-kyoto-japan_s23u_iso320-f2p2_20230709-194142_4000x3000.sdr.png,iq_all,10,32,38959,71.7765,
1600-lilith-food,imazen-26-png-v3/png-v3/1600-lilith-food/1608_food_single-cake-slice-plate_anedaitocho-kyoto-japan_s23u_iso320-f2p2_20230709-194142_4000x3000.sdr.png,iq_all,10,44,20699,48.2115,
1600-lilith-food,imazen-26-png-v3/png-v3/1600-lilith-food/1614_food_dessert-plate-upside-down_valladolid-mexico_s23u_iso640-f1p7_20230917-213342_4000x3000.sdr.png,iq_adef,6,20,52648,80.7711,
1600-lilith-food,imazen-26-png-v3/png-v3/1600-lilith-food/1614_food_dessert-plate-upside-down_valladolid-mexico_s23u_iso640-f1p7_20230917-213342_4000x3000.sdr.png,iq_adef,6,32,30905,70.4979,
1600-lilith-food,imazen-26-png-v3/png-v3/1600-lilith-food/1614_food_dessert-plate-upside-down_valladolid-mexico_s23u_iso640-f1p7_20230917-213342_4000x3000.sdr.png,iq_adef,6,44,15270,43.9976,
1600-lilith-food,imazen-26-png-v3/png-v3/1600-lilith-food/1614_food_dessert-plate-upside-down_valladolid-mexico_s23u_iso640-f1p7_20230917-213342_4000x3000.sdr.png,iq_adef,10,20,54398,80.1723,
1600-lilith-food,imazen-26-png-v3/png-v3/1600-lilith-food/1614_food_dessert-plate-upside-down_valladolid-mexico_s23u_iso640-f1p7_20230917-213342_4000x3000.sdr.png,iq_adef,10,32,32180,69.3382,
1600-lilith-food,imazen-26-png-v3/png-v3/1600-lilith-food/1614_food_dessert-plate-upside-down_valladolid-mexico_s23u_iso640-f1p7_20230917-213342_4000x3000.sdr.png,iq_adef,10,44,15968,43.4124,
1600-lilith-food,imazen-26-png-v3/png-v3/1600-lilith-food/1614_food_dessert-plate-upside-down_valladolid-mexico_s23u_iso640-f1p7_20230917-213342_4000x3000.sdr.png,iq_asharp,6,20,52647,80.7657,
1600-lilith-food,imazen-26-png-v3/png-v3/1600-lilith-food/1614_food_dessert-plate-upside-down_valladolid-mexico_s23u_iso640-f1p7_20230917-213342_4000x3000.sdr.png,iq_asharp,6,32,30898,70.3426,
1600-lilith-food,imazen-26-png-v3/png-v3/1600-lilith-food/1614_food_dessert-plate-upside-down_valladolid-mexico_s23u_iso640-f1p7_20230917-213342_4000x3000.sdr.png,iq_asharp,6,44,15270,43.8092,
1600-lilith-food,imazen-26-png-v3/png-v3/1600-lilith-food/1614_food_dessert-plate-upside-down_valladolid-mexico_s23u_iso640-f1p7_20230917-213342_4000x3000.sdr.png,iq_asharp,10,20,54398,80.2868,
1600-lilith-food,imazen-26-png-v3/png-v3/1600-lilith-food/1614_food_dessert-plate-upside-down_valladolid-mexico_s23u_iso640-f1p7_20230917-213342_4000x3000.sdr.png,iq_asharp,10,32,32180,69.6684,
1600-lilith-food,imazen-26-png-v3/png-v3/1600-lilith-food/1614_food_dessert-plate-upside-down_valladolid-mexico_s23u_iso640-f1p7_20230917-213342_4000x3000.sdr.png,iq_asharp,10,44,15968,43.8590,
1600-lilith-food,imazen-26-png-v3/png-v3/1600-lilith-food/1614_food_dessert-plate-upside-down_valladolid-mexico_s23u_iso640-f1p7_20230917-213342_4000x3000.sdr.png,iq_both,6,20,52648,80.7711,
1600-lilith-food,imazen-26-png-v3/png-v3/1600-lilith-food/1614_food_dessert-plate-upside-down_valladolid-mexico_s23u_iso640-f1p7_20230917-213342_4000x3000.sdr.png,iq_both,6,32,30905,70.4979,
1600-lilith-food,imazen-26-png-v3/png-v3/1600-lilith-food/1614_food_dessert-plate-upside-down_valladolid-mexico_s23u_iso640-f1p7_20230917-213342_4000x3000.sdr.png,iq_both,6,44,15270,43.9976,
1600-lilith-food,imazen-26-png-v3/png-v3/1600-lilith-food/1614_food_dessert-plate-upside-down_valladolid-mexico_s23u_iso640-f1p7_20230917-213342_4000x3000.sdr.png,iq_both,10,20,54398,80.1723,
1600-lilith-food,imazen-26-png-v3/png-v3/1600-lilith-food/1614_food_dessert-plate-upside-down_valladolid-mexico_s23u_iso640-f1p7_20230917-213342_4000x3000.sdr.png,iq_both,10,32,32180,69.3382,
1600-lilith-food,imazen-26-png-v3/png-v3/1600-lilith-food/1614_food_dessert-plate-upside-down_valladolid-mexico_s23u_iso640-f1p7_20230917-213342_4000x3000.sdr.png,iq_both,10,44,15968,43.4124,
1600-lilith-food,imazen-26-png-v3/png-v3/1600-lilith-food/1614_food_dessert-plate-upside-down_valladolid-mexico_s23u_iso640-f1p7_20230917-213342_4000x3000.sdr.png,adef,6,20,49531,74.6139,
1600-lilith-food,imazen-26-png-v3/png-v3/1600-lilith-food/1614_food_dessert-plate-upside-down_valladolid-mexico_s23u_iso640-f1p7_20230917-213342_4000x3000.sdr.png,adef,6,32,27367,56.0329,
1600-lilith-food,imazen-26-png-v3/png-v3/1600-lilith-food/1614_food_dessert-plate-upside-down_valladolid-mexico_s23u_iso640-f1p7_20230917-213342_4000x3000.sdr.png,adef,6,44,12894,16.4635,
1600-lilith-food,imazen-26-png-v3/png-v3/1600-lilith-food/1614_food_dessert-plate-upside-down_valladolid-mexico_s23u_iso640-f1p7_20230917-213342_4000x3000.sdr.png,adef,10,20,50551,75.1424,
1600-lilith-food,imazen-26-png-v3/png-v3/1600-lilith-food/1614_food_dessert-plate-upside-down_valladolid-mexico_s23u_iso640-f1p7_20230917-213342_4000x3000.sdr.png,adef,10,32,27581,55.0417,
1600-lilith-food,imazen-26-png-v3/png-v3/1600-lilith-food/1614_food_dessert-plate-upside-down_valladolid-mexico_s23u_iso640-f1p7_20230917-213342_4000x3000.sdr.png,adef,10,44,12984,11.5964,
1600-lilith-food,imazen-26-png-v3/png-v3/1600-lilith-food/1614_food_dessert-plate-upside-down_valladolid-mexico_s23u_iso640-f1p7_20230917-213342_4000x3000.sdr.png,asharp,6,20,49530,74.4378,
1600-lilith-food,imazen-26-png-v3/png-v3/1600-lilith-food/1614_food_dessert-plate-upside-down_valladolid-mexico_s23u_iso640-f1p7_20230917-213342_4000x3000.sdr.png,asharp,6,32,27364,55.9197,
1600-lilith-food,imazen-26-png-v3/png-v3/1600-lilith-food/1614_food_dessert-plate-upside-down_valladolid-mexico_s23u_iso640-f1p7_20230917-213342_4000x3000.sdr.png,asharp,6,44,12894,16.1540,
1600-lilith-food,imazen-26-png-v3/png-v3/1600-lilith-food/1614_food_dessert-plate-upside-down_valladolid-mexico_s23u_iso640-f1p7_20230917-213342_4000x3000.sdr.png,asharp,10,20,50551,75.2429,
1600-lilith-food,imazen-26-png-v3/png-v3/1600-lilith-food/1614_food_dessert-plate-upside-down_valladolid-mexico_s23u_iso640-f1p7_20230917-213342_4000x3000.sdr.png,asharp,10,32,27581,55.1965,
1600-lilith-food,imazen-26-png-v3/png-v3/1600-lilith-food/1614_food_dessert-plate-upside-down_valladolid-mexico_s23u_iso640-f1p7_20230917-213342_4000x3000.sdr.png,asharp,10,44,12984,11.9354,
1600-lilith-food,imazen-26-png-v3/png-v3/1600-lilith-food/1614_food_dessert-plate-upside-down_valladolid-mexico_s23u_iso640-f1p7_20230917-213342_4000x3000.sdr.png,iq_dlf,6,20,52668,80.7693,
1600-lilith-food,imazen-26-png-v3/png-v3/1600-lilith-food/1614_food_dessert-plate-upside-down_valladolid-mexico_s23u_iso640-f1p7_20230917-213342_4000x3000.sdr.png,iq_dlf,6,32,30929,70.4295,
1600-lilith-food,imazen-26-png-v3/png-v3/1600-lilith-food/1614_food_dessert-plate-upside-down_valladolid-mexico_s23u_iso640-f1p7_20230917-213342_4000x3000.sdr.png,iq_dlf,6,44,15295,43.9470,
1600-lilith-food,imazen-26-png-v3/png-v3/1600-lilith-food/1614_food_dessert-plate-upside-down_valladolid-mexico_s23u_iso640-f1p7_20230917-213342_4000x3000.sdr.png,iq_dlf,10,20,54417,80.2570,
1600-lilith-food,imazen-26-png-v3/png-v3/1600-lilith-food/1614_food_dessert-plate-upside-down_valladolid-mexico_s23u_iso640-f1p7_20230917-213342_4000x3000.sdr.png,iq_dlf,10,32,32204,69.6275,
1600-lilith-food,imazen-26-png-v3/png-v3/1600-lilith-food/1614_food_dessert-plate-upside-down_valladolid-mexico_s23u_iso640-f1p7_20230917-213342_4000x3000.sdr.png,iq_dlf,10,44,15990,43.9691,
1600-lilith-food,imazen-26-png-v3/png-v3/1600-lilith-food/1614_food_dessert-plate-upside-down_valladolid-mexico_s23u_iso640-f1p7_20230917-213342_4000x3000.sdr.png,iq_all,6,20,52669,80.7997,
1600-lilith-food,imazen-26-png-v3/png-v3/1600-lilith-food/1614_food_dessert-plate-upside-down_valladolid-mexico_s23u_iso640-f1p7_20230917-213342_4000x3000.sdr.png,iq_all,6,32,30930,70.4852,
1600-lilith-food,imazen-26-png-v3/png-v3/1600-lilith-food/1614_food_dessert-plate-upside-down_valladolid-mexico_s23u_iso640-f1p7_20230917-213342_4000x3000.sdr.png,iq_all,6,44,15295,44.1578,
1600-lilith-food,imazen-26-png-v3/png-v3/1600-lilith-food/1614_food_dessert-plate-upside-down_valladolid-mexico_s23u_iso640-f1p7_20230917-213342_4000x3000.sdr.png,iq_all,10,20,54417,80.0958,
1600-lilith-food,imazen-26-png-v3/png-v3/1600-lilith-food/1614_food_dessert-plate-upside-down_valladolid-mexico_s23u_iso640-f1p7_20230917-213342_4000x3000.sdr.png,iq_all,10,32,32204,69.2082,
1600-lilith-food,imazen-26-png-v3/png-v3/1600-lilith-food/1614_food_dessert-plate-upside-down_valladolid-mexico_s23u_iso640-f1p7_20230917-213342_4000x3000.sdr.png,iq_all,10,44,15990,43.5333,
2000-unsplash-people,imazen-26-png-v3/png-v3/2000-unsplash-people/2000_people_by-alexander-aguero-enppvuxbcce-unsplash_4400x6600.sdr.png,iq_adef,6,20,19698,78.8865,
2000-unsplash-people,imazen-26-png-v3/png-v3/2000-unsplash-people/2000_people_by-alexander-aguero-enppvuxbcce-unsplash_4400x6600.sdr.png,iq_adef,6,32,10945,68.2298,
2000-unsplash-people,imazen-26-png-v3/png-v3/2000-unsplash-people/2000_people_by-alexander-aguero-enppvuxbcce-unsplash_4400x6600.sdr.png,iq_adef,6,44,3285,42.4988,
2000-unsplash-people,imazen-26-png-v3/png-v3/2000-unsplash-people/2000_people_by-alexander-aguero-enppvuxbcce-unsplash_4400x6600.sdr.png,iq_adef,10,20,19962,78.6372,
2000-unsplash-people,imazen-26-png-v3/png-v3/2000-unsplash-people/2000_people_by-alexander-aguero-enppvuxbcce-unsplash_4400x6600.sdr.png,iq_adef,10,32,11235,68.0055,
2000-unsplash-people,imazen-26-png-v3/png-v3/2000-unsplash-people/2000_people_by-alexander-aguero-enppvuxbcce-unsplash_4400x6600.sdr.png,iq_adef,10,44,3446,43.3660,
2000-unsplash-people,imazen-26-png-v3/png-v3/2000-unsplash-people/2000_people_by-alexander-aguero-enppvuxbcce-unsplash_4400x6600.sdr.png,iq_asharp,6,20,19695,78.5283,
2000-unsplash-people,imazen-26-png-v3/png-v3/2000-unsplash-people/2000_people_by-alexander-aguero-enppvuxbcce-unsplash_4400x6600.sdr.png,iq_asharp,6,32,10936,68.2459,
2000-unsplash-people,imazen-26-png-v3/png-v3/2000-unsplash-people/2000_people_by-alexander-aguero-enppvuxbcce-unsplash_4400x6600.sdr.png,iq_asharp,6,44,3282,42.5960,
2000-unsplash-people,imazen-26-png-v3/png-v3/2000-unsplash-people/2000_people_by-alexander-aguero-enppvuxbcce-unsplash_4400x6600.sdr.png,iq_asharp,10,20,19962,78.6674,
2000-unsplash-people,imazen-26-png-v3/png-v3/2000-unsplash-people/2000_people_by-alexander-aguero-enppvuxbcce-unsplash_4400x6600.sdr.png,iq_asharp,10,32,11235,68.0840,
2000-unsplash-people,imazen-26-png-v3/png-v3/2000-unsplash-people/2000_people_by-alexander-aguero-enppvuxbcce-unsplash_4400x6600.sdr.png,iq_asharp,10,44,3446,43.6505,
2000-unsplash-people,imazen-26-png-v3/png-v3/2000-unsplash-people/2000_people_by-alexander-aguero-enppvuxbcce-unsplash_4400x6600.sdr.png,iq_both,6,20,19698,78.8865,
2000-unsplash-people,imazen-26-png-v3/png-v3/2000-unsplash-people/2000_people_by-alexander-aguero-enppvuxbcce-unsplash_4400x6600.sdr.png,iq_both,6,32,10945,68.2298,
2000-unsplash-people,imazen-26-png-v3/png-v3/2000-unsplash-people/2000_people_by-alexander-aguero-enppvuxbcce-unsplash_4400x6600.sdr.png,iq_both,6,44,3285,42.4988,
2000-unsplash-people,imazen-26-png-v3/png-v3/2000-unsplash-people/2000_people_by-alexander-aguero-enppvuxbcce-unsplash_4400x6600.sdr.png,iq_both,10,20,19962,78.6372,
2000-unsplash-people,imazen-26-png-v3/png-v3/2000-unsplash-people/2000_people_by-alexander-aguero-enppvuxbcce-unsplash_4400x6600.sdr.png,iq_both,10,32,11235,68.0055,
2000-unsplash-people,imazen-26-png-v3/png-v3/2000-unsplash-people/2000_people_by-alexander-aguero-enppvuxbcce-unsplash_4400x6600.sdr.png,iq_both,10,44,3446,43.3660,
2000-unsplash-people,imazen-26-png-v3/png-v3/2000-unsplash-people/2000_people_by-alexander-aguero-enppvuxbcce-unsplash_4400x6600.sdr.png,adef,6,20,7932,64.0192,
2000-unsplash-people,imazen-26-png-v3/png-v3/2000-unsplash-people/2000_people_by-alexander-aguero-enppvuxbcce-unsplash_4400x6600.sdr.png,adef,6,32,2387,37.7847,
2000-unsplash-people,imazen-26-png-v3/png-v3/2000-unsplash-people/2000_people_by-alexander-aguero-enppvuxbcce-unsplash_4400x6600.sdr.png,adef,6,44,806,2.8665,
2000-unsplash-people,imazen-26-png-v3/png-v3/2000-unsplash-people/2000_people_by-alexander-aguero-enppvuxbcce-unsplash_4400x6600.sdr.png,adef,10,20,7429,63.3745,
2000-unsplash-people,imazen-26-png-v3/png-v3/2000-unsplash-people/2000_people_by-alexander-aguero-enppvuxbcce-unsplash_4400x6600.sdr.png,adef,10,32,2322,36.5750,
2000-unsplash-people,imazen-26-png-v3/png-v3/2000-unsplash-people/2000_people_by-alexander-aguero-enppvuxbcce-unsplash_4400x6600.sdr.png,adef,10,44,783,0.3581,
2000-unsplash-people,imazen-26-png-v3/png-v3/2000-unsplash-people/2000_people_by-alexander-aguero-enppvuxbcce-unsplash_4400x6600.sdr.png,asharp,6,20,7932,63.9932,
2000-unsplash-people,imazen-26-png-v3/png-v3/2000-unsplash-people/2000_people_by-alexander-aguero-enppvuxbcce-unsplash_4400x6600.sdr.png,asharp,6,32,2385,37.8300,
2000-unsplash-people,imazen-26-png-v3/png-v3/2000-unsplash-people/2000_people_by-alexander-aguero-enppvuxbcce-unsplash_4400x6600.sdr.png,asharp,6,44,806,2.8284,
2000-unsplash-people,imazen-26-png-v3/png-v3/2000-unsplash-people/2000_people_by-alexander-aguero-enppvuxbcce-unsplash_4400x6600.sdr.png,asharp,10,20,7429,63.4045,
2000-unsplash-people,imazen-26-png-v3/png-v3/2000-unsplash-people/2000_people_by-alexander-aguero-enppvuxbcce-unsplash_4400x6600.sdr.png,asharp,10,32,2322,36.6409,
2000-unsplash-people,imazen-26-png-v3/png-v3/2000-unsplash-people/2000_people_by-alexander-aguero-enppvuxbcce-unsplash_4400x6600.sdr.png,asharp,10,44,783,0.5598,
2000-unsplash-people,imazen-26-png-v3/png-v3/2000-unsplash-people/2000_people_by-alexander-aguero-enppvuxbcce-unsplash_4400x6600.sdr.png,iq_dlf,6,20,19706,78.5580,
2000-unsplash-people,imazen-26-png-v3/png-v3/2000-unsplash-people/2000_people_by-alexander-aguero-enppvuxbcce-unsplash_4400x6600.sdr.png,iq_dlf,6,32,10949,68.4759,
2000-unsplash-people,imazen-26-png-v3/png-v3/2000-unsplash-people/2000_people_by-alexander-aguero-enppvuxbcce-unsplash_4400x6600.sdr.png,iq_dlf,6,44,3291,42.5946,
2000-unsplash-people,imazen-26-png-v3/png-v3/2000-unsplash-people/2000_people_by-alexander-aguero-enppvuxbcce-unsplash_4400x6600.sdr.png,iq_dlf,10,20,19969,78.6015,
2000-unsplash-people,imazen-26-png-v3/png-v3/2000-unsplash-people/2000_people_by-alexander-aguero-enppvuxbcce-unsplash_4400x6600.sdr.png,iq_dlf,10,32,11243,68.1153,
2000-unsplash-people,imazen-26-png-v3/png-v3/2000-unsplash-people/2000_people_by-alexander-aguero-enppvuxbcce-unsplash_4400x6600.sdr.png,iq_dlf,10,44,3456,43.6514,
2000-unsplash-people,imazen-26-png-v3/png-v3/2000-unsplash-people/2000_people_by-alexander-aguero-enppvuxbcce-unsplash_4400x6600.sdr.png,iq_all,6,20,19706,78.8458,
2000-unsplash-people,imazen-26-png-v3/png-v3/2000-unsplash-people/2000_people_by-alexander-aguero-enppvuxbcce-unsplash_4400x6600.sdr.png,iq_all,6,32,10953,68.3800,
2000-unsplash-people,imazen-26-png-v3/png-v3/2000-unsplash-people/2000_people_by-alexander-aguero-enppvuxbcce-unsplash_4400x6600.sdr.png,iq_all,6,44,3294,42.4860,
2000-unsplash-people,imazen-26-png-v3/png-v3/2000-unsplash-people/2000_people_by-alexander-aguero-enppvuxbcce-unsplash_4400x6600.sdr.png,iq_all,10,20,19969,78.4876,
2000-unsplash-people,imazen-26-png-v3/png-v3/2000-unsplash-people/2000_people_by-alexander-aguero-enppvuxbcce-unsplash_4400x6600.sdr.png,iq_all,10,32,11243,67.8465,
2000-unsplash-people,imazen-26-png-v3/png-v3/2000-unsplash-people/2000_people_by-alexander-aguero-enppvuxbcce-unsplash_4400x6600.sdr.png,iq_all,10,44,3456,43.3233,
2000-unsplash-people,imazen-26-png-v3/png-v3/2000-unsplash-people/2001_people_by-anastasia-pivnenko-prng6r1nspq-unsplash_2272x3072.sdr.png,iq_adef,6,20,75338,80.2660,
2000-unsplash-people,imazen-26-png-v3/png-v3/2000-unsplash-people/2001_people_by-anastasia-pivnenko-prng6r1nspq-unsplash_2272x3072.sdr.png,iq_adef,6,32,44092,61.7843,
2000-unsplash-people,imazen-26-png-v3/png-v3/2000-unsplash-people/2001_people_by-anastasia-pivnenko-prng6r1nspq-unsplash_2272x3072.sdr.png,iq_adef,6,44,8132,19.7071,
2000-unsplash-people,imazen-26-png-v3/png-v3/2000-unsplash-people/2001_people_by-anastasia-pivnenko-prng6r1nspq-unsplash_2272x3072.sdr.png,iq_adef,10,20,75935,80.3161,
2000-unsplash-people,imazen-26-png-v3/png-v3/2000-unsplash-people/2001_people_by-anastasia-pivnenko-prng6r1nspq-unsplash_2272x3072.sdr.png,iq_adef,10,32,44413,60.2971,
2000-unsplash-people,imazen-26-png-v3/png-v3/2000-unsplash-people/2001_people_by-anastasia-pivnenko-prng6r1nspq-unsplash_2272x3072.sdr.png,iq_adef,10,44,8763,19.5859,
2000-unsplash-people,imazen-26-png-v3/png-v3/2000-unsplash-people/2001_people_by-anastasia-pivnenko-prng6r1nspq-unsplash_2272x3072.sdr.png,iq_asharp,6,20,75338,80.2246,
2000-unsplash-people,imazen-26-png-v3/png-v3/2000-unsplash-people/2001_people_by-anastasia-pivnenko-prng6r1nspq-unsplash_2272x3072.sdr.png,iq_asharp,6,32,44092,61.4715,
2000-unsplash-people,imazen-26-png-v3/png-v3/2000-unsplash-people/2001_people_by-anastasia-pivnenko-prng6r1nspq-unsplash_2272x3072.sdr.png,iq_asharp,6,44,8128,19.5486,
2000-unsplash-people,imazen-26-png-v3/png-v3/2000-unsplash-people/2001_people_by-anastasia-pivnenko-prng6r1nspq-unsplash_2272x3072.sdr.png,iq_asharp,10,20,75935,80.2781,
2000-unsplash-people,imazen-26-png-v3/png-v3/2000-unsplash-people/2001_people_by-anastasia-pivnenko-prng6r1nspq-unsplash_2272x3072.sdr.png,iq_asharp,10,32,44413,60.3624,
2000-unsplash-people,imazen-26-png-v3/png-v3/2000-unsplash-people/2001_people_by-anastasia-pivnenko-prng6r1nspq-unsplash_2272x3072.sdr.png,iq_asharp,10,44,8763,19.9449,
2000-unsplash-people,imazen-26-png-v3/png-v3/2000-unsplash-people/2001_people_by-anastasia-pivnenko-prng6r1nspq-unsplash_2272x3072.sdr.png,iq_both,6,20,75338,80.2660,
2000-unsplash-people,imazen-26-png-v3/png-v3/2000-unsplash-people/2001_people_by-anastasia-pivnenko-prng6r1nspq-unsplash_2272x3072.sdr.png,iq_both,6,32,44092,61.7843,
2000-unsplash-people,imazen-26-png-v3/png-v3/2000-unsplash-people/2001_people_by-anastasia-pivnenko-prng6r1nspq-unsplash_2272x3072.sdr.png,iq_both,6,44,8132,19.7071,
2000-unsplash-people,imazen-26-png-v3/png-v3/2000-unsplash-people/2001_people_by-anastasia-pivnenko-prng6r1nspq-unsplash_2272x3072.sdr.png,iq_both,10,20,75935,80.3161,
2000-unsplash-people,imazen-26-png-v3/png-v3/2000-unsplash-people/2001_people_by-anastasia-pivnenko-prng6r1nspq-unsplash_2272x3072.sdr.png,iq_both,10,32,44413,60.2971,
2000-unsplash-people,imazen-26-png-v3/png-v3/2000-unsplash-people/2001_people_by-anastasia-pivnenko-prng6r1nspq-unsplash_2272x3072.sdr.png,iq_both,10,44,8763,19.5859,
2000-unsplash-people,imazen-26-png-v3/png-v3/2000-unsplash-people/2001_people_by-anastasia-pivnenko-prng6r1nspq-unsplash_2272x3072.sdr.png,adef,6,20,71254,74.7264,
2000-unsplash-people,imazen-26-png-v3/png-v3/2000-unsplash-people/2001_people_by-anastasia-pivnenko-prng6r1nspq-unsplash_2272x3072.sdr.png,adef,6,32,38012,47.1194,
2000-unsplash-people,imazen-26-png-v3/png-v3/2000-unsplash-people/2001_people_by-anastasia-pivnenko-prng6r1nspq-unsplash_2272x3072.sdr.png,adef,6,44,2765,6.8482,
2000-unsplash-people,imazen-26-png-v3/png-v3/2000-unsplash-people/2001_people_by-anastasia-pivnenko-prng6r1nspq-unsplash_2272x3072.sdr.png,adef,10,20,72023,73.2279,
2000-unsplash-people,imazen-26-png-v3/png-v3/2000-unsplash-people/2001_people_by-anastasia-pivnenko-prng6r1nspq-unsplash_2272x3072.sdr.png,adef,10,32,35176,44.0428,
2000-unsplash-people,imazen-26-png-v3/png-v3/2000-unsplash-people/2001_people_by-anastasia-pivnenko-prng6r1nspq-unsplash_2272x3072.sdr.png,adef,10,44,2770,8.3154,
2000-unsplash-people,imazen-26-png-v3/png-v3/2000-unsplash-people/2001_people_by-anastasia-pivnenko-prng6r1nspq-unsplash_2272x3072.sdr.png,asharp,6,20,71254,74.6385,
2000-unsplash-people,imazen-26-png-v3/png-v3/2000-unsplash-people/2001_people_by-anastasia-pivnenko-prng6r1nspq-unsplash_2272x3072.sdr.png,asharp,6,32,38012,46.8379,
2000-unsplash-people,imazen-26-png-v3/png-v3/2000-unsplash-people/2001_people_by-anastasia-pivnenko-prng6r1nspq-unsplash_2272x3072.sdr.png,asharp,6,44,2765,6.8198,
2000-unsplash-people,imazen-26-png-v3/png-v3/2000-unsplash-people/2001_people_by-anastasia-pivnenko-prng6r1nspq-unsplash_2272x3072.sdr.png,asharp,10,20,72023,73.3372,
2000-unsplash-people,imazen-26-png-v3/png-v3/2000-unsplash-people/2001_people_by-anastasia-pivnenko-prng6r1nspq-unsplash_2272x3072.sdr.png,asharp,10,32,35176,44.2001,
2000-unsplash-people,imazen-26-png-v3/png-v3/2000-unsplash-people/2001_people_by-anastasia-pivnenko-prng6r1nspq-unsplash_2272x3072.sdr.png,asharp,10,44,2770,8.0140,
2000-unsplash-people,imazen-26-png-v3/png-v3/2000-unsplash-people/2001_people_by-anastasia-pivnenko-prng6r1nspq-unsplash_2272x3072.sdr.png,iq_dlf,6,20,75353,80.2923,
2000-unsplash-people,imazen-26-png-v3/png-v3/2000-unsplash-people/2001_people_by-anastasia-pivnenko-prng6r1nspq-unsplash_2272x3072.sdr.png,iq_dlf,6,32,44110,61.8586,
2000-unsplash-people,imazen-26-png-v3/png-v3/2000-unsplash-people/2001_people_by-anastasia-pivnenko-prng6r1nspq-unsplash_2272x3072.sdr.png,iq_dlf,6,44,8140,19.6040,
2000-unsplash-people,imazen-26-png-v3/png-v3/2000-unsplash-people/2001_people_by-anastasia-pivnenko-prng6r1nspq-unsplash_2272x3072.sdr.png,iq_dlf,10,20,75948,80.4891,
2000-unsplash-people,imazen-26-png-v3/png-v3/2000-unsplash-people/2001_people_by-anastasia-pivnenko-prng6r1nspq-unsplash_2272x3072.sdr.png,iq_dlf,10,32,44431,60.5702,
2000-unsplash-people,imazen-26-png-v3/png-v3/2000-unsplash-people/2001_people_by-anastasia-pivnenko-prng6r1nspq-unsplash_2272x3072.sdr.png,iq_dlf,10,44,8771,19.9332,
2000-unsplash-people,imazen-26-png-v3/png-v3/2000-unsplash-people/2001_people_by-anastasia-pivnenko-prng6r1nspq-unsplash_2272x3072.sdr.png,iq_all,6,20,75352,80.4620,
2000-unsplash-people,imazen-26-png-v3/png-v3/2000-unsplash-people/2001_people_by-anastasia-pivnenko-prng6r1nspq-unsplash_2272x3072.sdr.png,iq_all,6,32,44109,62.1238,
2000-unsplash-people,imazen-26-png-v3/png-v3/2000-unsplash-people/2001_people_by-anastasia-pivnenko-prng6r1nspq-unsplash_2272x3072.sdr.png,iq_all,6,44,8141,19.7941,
2000-unsplash-people,imazen-26-png-v3/png-v3/2000-unsplash-people/2001_people_by-anastasia-pivnenko-prng6r1nspq-unsplash_2272x3072.sdr.png,iq_all,10,20,75948,80.3817,
2000-unsplash-people,imazen-26-png-v3/png-v3/2000-unsplash-people/2001_people_by-anastasia-pivnenko-prng6r1nspq-unsplash_2272x3072.sdr.png,iq_all,10,32,44431,60.2040,
2000-unsplash-people,imazen-26-png-v3/png-v3/2000-unsplash-people/2001_people_by-anastasia-pivnenko-prng6r1nspq-unsplash_2272x3072.sdr.png,iq_all,10,44,8771,19.5726,
2200-unsplash-renders,imazen-26-png-v3/png-v3/2200-unsplash-renders/2200_renders_abstract-folded-ribbons_by-a-chosen-soul-moigsaj8te0-unsplash_7680x4320.sdr.png,iq_adef,6,20,15032,81.4610,
2200-unsplash-renders,imazen-26-png-v3/png-v3/2200-unsplash-renders/2200_renders_abstract-folded-ribbons_by-a-chosen-soul-moigsaj8te0-unsplash_7680x4320.sdr.png,iq_adef,6,32,8404,68.3946,
2200-unsplash-renders,imazen-26-png-v3/png-v3/2200-unsplash-renders/2200_renders_abstract-folded-ribbons_by-a-chosen-soul-moigsaj8te0-unsplash_7680x4320.sdr.png,iq_adef,6,44,2139,47.0775,
2200-unsplash-renders,imazen-26-png-v3/png-v3/2200-unsplash-renders/2200_renders_abstract-folded-ribbons_by-a-chosen-soul-moigsaj8te0-unsplash_7680x4320.sdr.png,iq_adef,10,20,15375,81.0763,
2200-unsplash-renders,imazen-26-png-v3/png-v3/2200-unsplash-renders/2200_renders_abstract-folded-ribbons_by-a-chosen-soul-moigsaj8te0-unsplash_7680x4320.sdr.png,iq_adef,10,32,8853,68.6103,
2200-unsplash-renders,imazen-26-png-v3/png-v3/2200-unsplash-renders/2200_renders_abstract-folded-ribbons_by-a-chosen-soul-moigsaj8te0-unsplash_7680x4320.sdr.png,iq_adef,10,44,2384,48.0631,
2200-unsplash-renders,imazen-26-png-v3/png-v3/2200-unsplash-renders/2200_renders_abstract-folded-ribbons_by-a-chosen-soul-moigsaj8te0-unsplash_7680x4320.sdr.png,iq_asharp,6,20,15028,81.5172,
2200-unsplash-renders,imazen-26-png-v3/png-v3/2200-unsplash-renders/2200_renders_abstract-folded-ribbons_by-a-chosen-soul-moigsaj8te0-unsplash_7680x4320.sdr.png,iq_asharp,6,32,8393,68.5123,
2200-unsplash-renders,imazen-26-png-v3/png-v3/2200-unsplash-renders/2200_renders_abstract-folded-ribbons_by-a-chosen-soul-moigsaj8te0-unsplash_7680x4320.sdr.png,iq_asharp,6,44,2134,46.9516,
2200-unsplash-renders,imazen-26-png-v3/png-v3/2200-unsplash-renders/2200_renders_abstract-folded-ribbons_by-a-chosen-soul-moigsaj8te0-unsplash_7680x4320.sdr.png,iq_asharp,10,20,15375,81.1817,
2200-unsplash-renders,imazen-26-png-v3/png-v3/2200-unsplash-renders/2200_renders_abstract-folded-ribbons_by-a-chosen-soul-moigsaj8te0-unsplash_7680x4320.sdr.png,iq_asharp,10,32,8853,68.7586,
2200-unsplash-renders,imazen-26-png-v3/png-v3/2200-unsplash-renders/2200_renders_abstract-folded-ribbons_by-a-chosen-soul-moigsaj8te0-unsplash_7680x4320.sdr.png,iq_asharp,10,44,2384,48.5953,
2200-unsplash-renders,imazen-26-png-v3/png-v3/2200-unsplash-renders/2200_renders_abstract-folded-ribbons_by-a-chosen-soul-moigsaj8te0-unsplash_7680x4320.sdr.png,iq_both,6,20,15032,81.4610,
2200-unsplash-renders,imazen-26-png-v3/png-v3/2200-unsplash-renders/2200_renders_abstract-folded-ribbons_by-a-chosen-soul-moigsaj8te0-unsplash_7680x4320.sdr.png,iq_both,6,32,8404,68.3946,
2200-unsplash-renders,imazen-26-png-v3/png-v3/2200-unsplash-renders/2200_renders_abstract-folded-ribbons_by-a-chosen-soul-moigsaj8te0-unsplash_7680x4320.sdr.png,iq_both,6,44,2139,47.0775,
2200-unsplash-renders,imazen-26-png-v3/png-v3/2200-unsplash-renders/2200_renders_abstract-folded-ribbons_by-a-chosen-soul-moigsaj8te0-unsplash_7680x4320.sdr.png,iq_both,10,20,15375,81.0763,
2200-unsplash-renders,imazen-26-png-v3/png-v3/2200-unsplash-renders/2200_renders_abstract-folded-ribbons_by-a-chosen-soul-moigsaj8te0-unsplash_7680x4320.sdr.png,iq_both,10,32,8853,68.6103,
2200-unsplash-renders,imazen-26-png-v3/png-v3/2200-unsplash-renders/2200_renders_abstract-folded-ribbons_by-a-chosen-soul-moigsaj8te0-unsplash_7680x4320.sdr.png,iq_both,10,44,2384,48.0631,
2200-unsplash-renders,imazen-26-png-v3/png-v3/2200-unsplash-renders/2200_renders_abstract-folded-ribbons_by-a-chosen-soul-moigsaj8te0-unsplash_7680x4320.sdr.png,adef,6,20,11556,72.3732,
2200-unsplash-renders,imazen-26-png-v3/png-v3/2200-unsplash-renders/2200_renders_abstract-folded-ribbons_by-a-chosen-soul-moigsaj8te0-unsplash_7680x4320.sdr.png,adef,6,32,5227,55.7257,
2200-unsplash-renders,imazen-26-png-v3/png-v3/2200-unsplash-renders/2200_renders_abstract-folded-ribbons_by-a-chosen-soul-moigsaj8te0-unsplash_7680x4320.sdr.png,adef,6,44,817,34.9731,
2200-unsplash-renders,imazen-26-png-v3/png-v3/2200-unsplash-renders/2200_renders_abstract-folded-ribbons_by-a-chosen-soul-moigsaj8te0-unsplash_7680x4320.sdr.png,adef,10,20,11718,71.1352,
2200-unsplash-renders,imazen-26-png-v3/png-v3/2200-unsplash-renders/2200_renders_abstract-folded-ribbons_by-a-chosen-soul-moigsaj8te0-unsplash_7680x4320.sdr.png,adef,10,32,5084,56.6632,
2200-unsplash-renders,imazen-26-png-v3/png-v3/2200-unsplash-renders/2200_renders_abstract-folded-ribbons_by-a-chosen-soul-moigsaj8te0-unsplash_7680x4320.sdr.png,adef,10,44,830,34.1116,
2200-unsplash-renders,imazen-26-png-v3/png-v3/2200-unsplash-renders/2200_renders_abstract-folded-ribbons_by-a-chosen-soul-moigsaj8te0-unsplash_7680x4320.sdr.png,asharp,6,20,11556,72.4892,
2200-unsplash-renders,imazen-26-png-v3/png-v3/2200-unsplash-renders/2200_renders_abstract-folded-ribbons_by-a-chosen-soul-moigsaj8te0-unsplash_7680x4320.sdr.png,asharp,6,32,5227,55.9259,
2200-unsplash-renders,imazen-26-png-v3/png-v3/2200-unsplash-renders/2200_renders_abstract-folded-ribbons_by-a-chosen-soul-moigsaj8te0-unsplash_7680x4320.sdr.png,asharp,6,44,821,35.3291,
2200-unsplash-renders,imazen-26-png-v3/png-v3/2200-unsplash-renders/2200_renders_abstract-folded-ribbons_by-a-chosen-soul-moigsaj8te0-unsplash_7680x4320.sdr.png,asharp,10,20,11718,71.2363,
2200-unsplash-renders,imazen-26-png-v3/png-v3/2200-unsplash-renders/2200_renders_abstract-folded-ribbons_by-a-chosen-soul-moigsaj8te0-unsplash_7680x4320.sdr.png,asharp,10,32,5084,56.8258,
2200-unsplash-renders,imazen-26-png-v3/png-v3/2200-unsplash-renders/2200_renders_abstract-folded-ribbons_by-a-chosen-soul-moigsaj8te0-unsplash_7680x4320.sdr.png,asharp,10,44,830,34.4660,
2200-unsplash-renders,imazen-26-png-v3/png-v3/2200-unsplash-renders/2200_renders_abstract-folded-ribbons_by-a-chosen-soul-moigsaj8te0-unsplash_7680x4320.sdr.png,iq_dlf,6,20,15046,81.6365,
2200-unsplash-renders,imazen-26-png-v3/png-v3/2200-unsplash-renders/2200_renders_abstract-folded-ribbons_by-a-chosen-soul-moigsaj8te0-unsplash_7680x4320.sdr.png,iq_dlf,6,32,8414,68.5403,
2200-unsplash-renders,imazen-26-png-v3/png-v3/2200-unsplash-renders/2200_renders_abstract-folded-ribbons_by-a-chosen-soul-moigsaj8te0-unsplash_7680x4320.sdr.png,iq_dlf,6,44,2158,47.0023,
2200-unsplash-renders,imazen-26-png-v3/png-v3/2200-unsplash-renders/2200_renders_abstract-folded-ribbons_by-a-chosen-soul-moigsaj8te0-unsplash_7680x4320.sdr.png,iq_dlf,10,20,15388,81.2314,
2200-unsplash-renders,imazen-26-png-v3/png-v3/2200-unsplash-renders/2200_renders_abstract-folded-ribbons_by-a-chosen-soul-moigsaj8te0-unsplash_7680x4320.sdr.png,iq_dlf,10,32,8871,68.6219,
2200-unsplash-renders,imazen-26-png-v3/png-v3/2200-unsplash-renders/2200_renders_abstract-folded-ribbons_by-a-chosen-soul-moigsaj8te0-unsplash_7680x4320.sdr.png,iq_dlf,10,44,2408,48.7866,
2200-unsplash-renders,imazen-26-png-v3/png-v3/2200-unsplash-renders/2200_renders_abstract-folded-ribbons_by-a-chosen-soul-moigsaj8te0-unsplash_7680x4320.sdr.png,iq_all,6,20,15048,81.4789,
2200-unsplash-renders,imazen-26-png-v3/png-v3/2200-unsplash-renders/2200_renders_abstract-folded-ribbons_by-a-chosen-soul-moigsaj8te0-unsplash_7680x4320.sdr.png,iq_all,6,32,8425,68.3870,
2200-unsplash-renders,imazen-26-png-v3/png-v3/2200-unsplash-renders/2200_renders_abstract-folded-ribbons_by-a-chosen-soul-moigsaj8te0-unsplash_7680x4320.sdr.png,iq_all,6,44,2158,47.1069,
2200-unsplash-renders,imazen-26-png-v3/png-v3/2200-unsplash-renders/2200_renders_abstract-folded-ribbons_by-a-chosen-soul-moigsaj8te0-unsplash_7680x4320.sdr.png,iq_all,10,20,15388,81.0810,
2200-unsplash-renders,imazen-26-png-v3/png-v3/2200-unsplash-renders/2200_renders_abstract-folded-ribbons_by-a-chosen-soul-moigsaj8te0-unsplash_7680x4320.sdr.png,iq_all,10,32,8871,68.2330,
2200-unsplash-renders,imazen-26-png-v3/png-v3/2200-unsplash-renders/2200_renders_abstract-folded-ribbons_by-a-chosen-soul-moigsaj8te0-unsplash_7680x4320.sdr.png,iq_all,10,44,2408,48.1908,
2200-unsplash-renders,imazen-26-png-v3/png-v3/2200-unsplash-renders/2201_renders_abstract-dark-curves_by-anton-sobotyak-g7ayfxxntva-unsplash_3840x2160.sdr.png,iq_adef,6,20,1046,87.2054,
2200-unsplash-renders,imazen-26-png-v3/png-v3/2200-unsplash-renders/2201_renders_abstract-dark-curves_by-anton-sobotyak-g7ayfxxntva-unsplash_3840x2160.sdr.png,iq_adef,6,32,606,83.3874,
2200-unsplash-renders,imazen-26-png-v3/png-v3/2200-unsplash-renders/2201_renders_abstract-dark-curves_by-anton-sobotyak-g7ayfxxntva-unsplash_3840x2160.sdr.png,iq_adef,6,44,344,79.1127,
2200-unsplash-renders,imazen-26-png-v3/png-v3/2200-unsplash-renders/2201_renders_abstract-dark-curves_by-anton-sobotyak-g7ayfxxntva-unsplash_3840x2160.sdr.png,iq_adef,10,20,1083,87.0389,
2200-unsplash-renders,imazen-26-png-v3/png-v3/2200-unsplash-renders/2201_renders_abstract-dark-curves_by-anton-sobotyak-g7ayfxxntva-unsplash_3840x2160.sdr.png,iq_adef,10,32,642,83.7009,
2200-unsplash-renders,imazen-26-png-v3/png-v3/2200-unsplash-renders/2201_renders_abstract-dark-curves_by-anton-sobotyak-g7ayfxxntva-unsplash_3840x2160.sdr.png,iq_adef,10,44,389,79.6472,
2200-unsplash-renders,imazen-26-png-v3/png-v3/2200-unsplash-renders/2201_renders_abstract-dark-curves_by-anton-sobotyak-g7ayfxxntva-unsplash_3840x2160.sdr.png,iq_asharp,6,20,1046,87.2117,
2200-unsplash-renders,imazen-26-png-v3/png-v3/2200-unsplash-renders/2201_renders_abstract-dark-curves_by-anton-sobotyak-g7ayfxxntva-unsplash_3840x2160.sdr.png,iq_asharp,6,32,606,83.3811,
2200-unsplash-renders,imazen-26-png-v3/png-v3/2200-unsplash-renders/2201_renders_abstract-dark-curves_by-anton-sobotyak-g7ayfxxntva-unsplash_3840x2160.sdr.png,iq_asharp,6,44,344,79.0973,
2200-unsplash-renders,imazen-26-png-v3/png-v3/2200-unsplash-renders/2201_renders_abstract-dark-curves_by-anton-sobotyak-g7ayfxxntva-unsplash_3840x2160.sdr.png,iq_asharp,10,20,1083,87.0954,
2200-unsplash-renders,imazen-26-png-v3/png-v3/2200-unsplash-renders/2201_renders_abstract-dark-curves_by-anton-sobotyak-g7ayfxxntva-unsplash_3840x2160.sdr.png,iq_asharp,10,32,642,83.7428,
2200-unsplash-renders,imazen-26-png-v3/png-v3/2200-unsplash-renders/2201_renders_abstract-dark-curves_by-anton-sobotyak-g7ayfxxntva-unsplash_3840x2160.sdr.png,iq_asharp,10,44,389,80.2105,
2200-unsplash-renders,imazen-26-png-v3/png-v3/2200-unsplash-renders/2201_renders_abstract-dark-curves_by-anton-sobotyak-g7ayfxxntva-unsplash_3840x2160.sdr.png,iq_both,6,20,1046,87.2054,
2200-unsplash-renders,imazen-26-png-v3/png-v3/2200-unsplash-renders/2201_renders_abstract-dark-curves_by-anton-sobotyak-g7ayfxxntva-unsplash_3840x2160.sdr.png,iq_both,6,32,606,83.3874,
2200-unsplash-renders,imazen-26-png-v3/png-v3/2200-unsplash-renders/2201_renders_abstract-dark-curves_by-anton-sobotyak-g7ayfxxntva-unsplash_3840x2160.sdr.png,iq_both,6,44,344,79.1127,
2200-unsplash-renders,imazen-26-png-v3/png-v3/2200-unsplash-renders/2201_renders_abstract-dark-curves_by-anton-sobotyak-g7ayfxxntva-unsplash_3840x2160.sdr.png,iq_both,10,20,1083,87.0389,
2200-unsplash-renders,imazen-26-png-v3/png-v3/2200-unsplash-renders/2201_renders_abstract-dark-curves_by-anton-sobotyak-g7ayfxxntva-unsplash_3840x2160.sdr.png,iq_both,10,32,642,83.7009,
2200-unsplash-renders,imazen-26-png-v3/png-v3/2200-unsplash-renders/2201_renders_abstract-dark-curves_by-anton-sobotyak-g7ayfxxntva-unsplash_3840x2160.sdr.png,iq_both,10,44,389,79.6472,
2200-unsplash-renders,imazen-26-png-v3/png-v3/2200-unsplash-renders/2201_renders_abstract-dark-curves_by-anton-sobotyak-g7ayfxxntva-unsplash_3840x2160.sdr.png,adef,6,20,414,82.0160,
2200-unsplash-renders,imazen-26-png-v3/png-v3/2200-unsplash-renders/2201_renders_abstract-dark-curves_by-anton-sobotyak-g7ayfxxntva-unsplash_3840x2160.sdr.png,adef,6,32,251,77.4831,
2200-unsplash-renders,imazen-26-png-v3/png-v3/2200-unsplash-renders/2201_renders_abstract-dark-curves_by-anton-sobotyak-g7ayfxxntva-unsplash_3840x2160.sdr.png,adef,6,44,151,67.9144,
2200-unsplash-renders,imazen-26-png-v3/png-v3/2200-unsplash-renders/2201_renders_abstract-dark-curves_by-anton-sobotyak-g7ayfxxntva-unsplash_3840x2160.sdr.png,adef,10,20,421,81.4223,
2200-unsplash-renders,imazen-26-png-v3/png-v3/2200-unsplash-renders/2201_renders_abstract-dark-curves_by-anton-sobotyak-g7ayfxxntva-unsplash_3840x2160.sdr.png,adef,10,32,263,76.0368,
2200-unsplash-renders,imazen-26-png-v3/png-v3/2200-unsplash-renders/2201_renders_abstract-dark-curves_by-anton-sobotyak-g7ayfxxntva-unsplash_3840x2160.sdr.png,adef,10,44,150,65.1183,
2200-unsplash-renders,imazen-26-png-v3/png-v3/2200-unsplash-renders/2201_renders_abstract-dark-curves_by-anton-sobotyak-g7ayfxxntva-unsplash_3840x2160.sdr.png,asharp,6,20,414,82.0389,
2200-unsplash-renders,imazen-26-png-v3/png-v3/2200-unsplash-renders/2201_renders_abstract-dark-curves_by-anton-sobotyak-g7ayfxxntva-unsplash_3840x2160.sdr.png,asharp,6,32,251,77.4332,
2200-unsplash-renders,imazen-26-png-v3/png-v3/2200-unsplash-renders/2201_renders_abstract-dark-curves_by-anton-sobotyak-g7ayfxxntva-unsplash_3840x2160.sdr.png,asharp,6,44,151,67.9397,
2200-unsplash-renders,imazen-26-png-v3/png-v3/2200-unsplash-renders/2201_renders_abstract-dark-curves_by-anton-sobotyak-g7ayfxxntva-unsplash_3840x2160.sdr.png,asharp,10,20,421,81.4288,
2200-unsplash-renders,imazen-26-png-v3/png-v3/2200-unsplash-renders/2201_renders_abstract-dark-curves_by-anton-sobotyak-g7ayfxxntva-unsplash_3840x2160.sdr.png,asharp,10,32,263,76.0889,
2200-unsplash-renders,imazen-26-png-v3/png-v3/2200-unsplash-renders/2201_renders_abstract-dark-curves_by-anton-sobotyak-g7ayfxxntva-unsplash_3840x2160.sdr.png,asharp,10,44,150,65.4219,
2200-unsplash-renders,imazen-26-png-v3/png-v3/2200-unsplash-renders/2201_renders_abstract-dark-curves_by-anton-sobotyak-g7ayfxxntva-unsplash_3840x2160.sdr.png,iq_dlf,6,20,1048,87.0438,
2200-unsplash-renders,imazen-26-png-v3/png-v3/2200-unsplash-renders/2201_renders_abstract-dark-curves_by-anton-sobotyak-g7ayfxxntva-unsplash_3840x2160.sdr.png,iq_dlf,6,32,609,83.4533,
2200-unsplash-renders,imazen-26-png-v3/png-v3/2200-unsplash-renders/2201_renders_abstract-dark-curves_by-anton-sobotyak-g7ayfxxntva-unsplash_3840x2160.sdr.png,iq_dlf,6,44,347,79.1243,
2200-unsplash-renders,imazen-26-png-v3/png-v3/2200-unsplash-renders/2201_renders_abstract-dark-curves_by-anton-sobotyak-g7ayfxxntva-unsplash_3840x2160.sdr.png,iq_dlf,10,20,1086,86.7557,
2200-unsplash-renders,imazen-26-png-v3/png-v3/2200-unsplash-renders/2201_renders_abstract-dark-curves_by-anton-sobotyak-g7ayfxxntva-unsplash_3840x2160.sdr.png,iq_dlf,10,32,645,83.4846,
2200-unsplash-renders,imazen-26-png-v3/png-v3/2200-unsplash-renders/2201_renders_abstract-dark-curves_by-anton-sobotyak-g7ayfxxntva-unsplash_3840x2160.sdr.png,iq_dlf,10,44,392,80.2214,
2200-unsplash-renders,imazen-26-png-v3/png-v3/2200-unsplash-renders/2201_renders_abstract-dark-curves_by-anton-sobotyak-g7ayfxxntva-unsplash_3840x2160.sdr.png,iq_all,6,20,1048,87.0585,
2200-unsplash-renders,imazen-26-png-v3/png-v3/2200-unsplash-renders/2201_renders_abstract-dark-curves_by-anton-sobotyak-g7ayfxxntva-unsplash_3840x2160.sdr.png,iq_all,6,32,609,83.4082,
2200-unsplash-renders,imazen-26-png-v3/png-v3/2200-unsplash-renders/2201_renders_abstract-dark-curves_by-anton-sobotyak-g7ayfxxntva-unsplash_3840x2160.sdr.png,iq_all,6,44,347,79.0821,
2200-unsplash-renders,imazen-26-png-v3/png-v3/2200-unsplash-renders/2201_renders_abstract-dark-curves_by-anton-sobotyak-g7ayfxxntva-unsplash_3840x2160.sdr.png,iq_all,10,20,1086,86.6339,
2200-unsplash-renders,imazen-26-png-v3/png-v3/2200-unsplash-renders/2201_renders_abstract-dark-curves_by-anton-sobotyak-g7ayfxxntva-unsplash_3840x2160.sdr.png,iq_all,10,32,645,83.3858,
2200-unsplash-renders,imazen-26-png-v3/png-v3/2200-unsplash-renders/2201_renders_abstract-dark-curves_by-anton-sobotyak-g7ayfxxntva-unsplash_3840x2160.sdr.png,iq_all,10,44,392,79.5954,
2400-unsplash-textures,imazen-26-png-v3/png-v3/2400-unsplash-textures/2404_textures_tree-bark-texture_by-hwang-sanguk-k0tljwrabxg-unsplash_3024x3024.sdr.png,iq_adef,6,20,85510,84.3836,
2400-unsplash-textures,imazen-26-png-v3/png-v3/2400-unsplash-textures/2404_textures_tree-bark-texture_by-hwang-sanguk-k0tljwrabxg-unsplash_3024x3024.sdr.png,iq_adef,6,32,46723,68.5343,
2400-unsplash-textures,imazen-26-png-v3/png-v3/2400-unsplash-textures/2404_textures_tree-bark-texture_by-hwang-sanguk-k0tljwrabxg-unsplash_3024x3024.sdr.png,iq_adef,6,44,19773,40.2470,
2400-unsplash-textures,imazen-26-png-v3/png-v3/2400-unsplash-textures/2404_textures_tree-bark-texture_by-hwang-sanguk-k0tljwrabxg-unsplash_3024x3024.sdr.png,iq_adef,10,20,86458,83.7128,
2400-unsplash-textures,imazen-26-png-v3/png-v3/2400-unsplash-textures/2404_textures_tree-bark-texture_by-hwang-sanguk-k0tljwrabxg-unsplash_3024x3024.sdr.png,iq_adef,10,32,46987,66.7511,
2400-unsplash-textures,imazen-26-png-v3/png-v3/2400-unsplash-textures/2404_textures_tree-bark-texture_by-hwang-sanguk-k0tljwrabxg-unsplash_3024x3024.sdr.png,iq_adef,10,44,20040,38.2337,
2400-unsplash-textures,imazen-26-png-v3/png-v3/2400-unsplash-textures/2404_textures_tree-bark-texture_by-hwang-sanguk-k0tljwrabxg-unsplash_3024x3024.sdr.png,iq_asharp,6,20,85512,84.3910,
2400-unsplash-textures,imazen-26-png-v3/png-v3/2400-unsplash-textures/2404_textures_tree-bark-texture_by-hwang-sanguk-k0tljwrabxg-unsplash_3024x3024.sdr.png,iq_asharp,6,32,46724,68.4916,
2400-unsplash-textures,imazen-26-png-v3/png-v3/2400-unsplash-textures/2404_textures_tree-bark-texture_by-hwang-sanguk-k0tljwrabxg-unsplash_3024x3024.sdr.png,iq_asharp,6,44,19773,40.2185,
2400-unsplash-textures,imazen-26-png-v3/png-v3/2400-unsplash-textures/2404_textures_tree-bark-texture_by-hwang-sanguk-k0tljwrabxg-unsplash_3024x3024.sdr.png,iq_asharp,10,20,86458,83.8731,
2400-unsplash-textures,imazen-26-png-v3/png-v3/2400-unsplash-textures/2404_textures_tree-bark-texture_by-hwang-sanguk-k0tljwrabxg-unsplash_3024x3024.sdr.png,iq_asharp,10,32,46987,67.0367,
2400-unsplash-textures,imazen-26-png-v3/png-v3/2400-unsplash-textures/2404_textures_tree-bark-texture_by-hwang-sanguk-k0tljwrabxg-unsplash_3024x3024.sdr.png,iq_asharp,10,44,20040,38.6771,
2400-unsplash-textures,imazen-26-png-v3/png-v3/2400-unsplash-textures/2404_textures_tree-bark-texture_by-hwang-sanguk-k0tljwrabxg-unsplash_3024x3024.sdr.png,iq_both,6,20,85510,84.3836,
2400-unsplash-textures,imazen-26-png-v3/png-v3/2400-unsplash-textures/2404_textures_tree-bark-texture_by-hwang-sanguk-k0tljwrabxg-unsplash_3024x3024.sdr.png,iq_both,6,32,46723,68.5343,
2400-unsplash-textures,imazen-26-png-v3/png-v3/2400-unsplash-textures/2404_textures_tree-bark-texture_by-hwang-sanguk-k0tljwrabxg-unsplash_3024x3024.sdr.png,iq_both,6,44,19773,40.2470,
2400-unsplash-textures,imazen-26-png-v3/png-v3/2400-unsplash-textures/2404_textures_tree-bark-texture_by-hwang-sanguk-k0tljwrabxg-unsplash_3024x3024.sdr.png,iq_both,10,20,86458,83.7128,
2400-unsplash-textures,imazen-26-png-v3/png-v3/2400-unsplash-textures/2404_textures_tree-bark-texture_by-hwang-sanguk-k0tljwrabxg-unsplash_3024x3024.sdr.png,iq_both,10,32,46987,66.7511,
2400-unsplash-textures,imazen-26-png-v3/png-v3/2400-unsplash-textures/2404_textures_tree-bark-texture_by-hwang-sanguk-k0tljwrabxg-unsplash_3024x3024.sdr.png,iq_both,10,44,20040,38.2337,
2400-unsplash-textures,imazen-26-png-v3/png-v3/2400-unsplash-textures/2404_textures_tree-bark-texture_by-hwang-sanguk-k0tljwrabxg-unsplash_3024x3024.sdr.png,adef,6,20,87842,82.2485,
2400-unsplash-textures,imazen-26-png-v3/png-v3/2400-unsplash-textures/2404_textures_tree-bark-texture_by-hwang-sanguk-k0tljwrabxg-unsplash_3024x3024.sdr.png,adef,6,32,52487,66.4329,
2400-unsplash-textures,imazen-26-png-v3/png-v3/2400-unsplash-textures/2404_textures_tree-bark-texture_by-hwang-sanguk-k0tljwrabxg-unsplash_3024x3024.sdr.png,adef,6,44,17228,29.8337,
2400-unsplash-textures,imazen-26-png-v3/png-v3/2400-unsplash-textures/2404_textures_tree-bark-texture_by-hwang-sanguk-k0tljwrabxg-unsplash_3024x3024.sdr.png,adef,10,20,87660,81.4025,
2400-unsplash-textures,imazen-26-png-v3/png-v3/2400-unsplash-textures/2404_textures_tree-bark-texture_by-hwang-sanguk-k0tljwrabxg-unsplash_3024x3024.sdr.png,adef,10,32,52980,64.6351,
2400-unsplash-textures,imazen-26-png-v3/png-v3/2400-unsplash-textures/2404_textures_tree-bark-texture_by-hwang-sanguk-k0tljwrabxg-unsplash_3024x3024.sdr.png,adef,10,44,17112,28.1636,
2400-unsplash-textures,imazen-26-png-v3/png-v3/2400-unsplash-textures/2404_textures_tree-bark-texture_by-hwang-sanguk-k0tljwrabxg-unsplash_3024x3024.sdr.png,asharp,6,20,87842,82.2184,
2400-unsplash-textures,imazen-26-png-v3/png-v3/2400-unsplash-textures/2404_textures_tree-bark-texture_by-hwang-sanguk-k0tljwrabxg-unsplash_3024x3024.sdr.png,asharp,6,32,52488,66.4762,
2400-unsplash-textures,imazen-26-png-v3/png-v3/2400-unsplash-textures/2404_textures_tree-bark-texture_by-hwang-sanguk-k0tljwrabxg-unsplash_3024x3024.sdr.png,asharp,6,44,17228,29.7600,
2400-unsplash-textures,imazen-26-png-v3/png-v3/2400-unsplash-textures/2404_textures_tree-bark-texture_by-hwang-sanguk-k0tljwrabxg-unsplash_3024x3024.sdr.png,asharp,10,20,87660,81.4581,
2400-unsplash-textures,imazen-26-png-v3/png-v3/2400-unsplash-textures/2404_textures_tree-bark-texture_by-hwang-sanguk-k0tljwrabxg-unsplash_3024x3024.sdr.png,asharp,10,32,52980,64.8435,
2400-unsplash-textures,imazen-26-png-v3/png-v3/2400-unsplash-textures/2404_textures_tree-bark-texture_by-hwang-sanguk-k0tljwrabxg-unsplash_3024x3024.sdr.png,asharp,10,44,17112,28.4476,
2400-unsplash-textures,imazen-26-png-v3/png-v3/2400-unsplash-textures/2404_textures_tree-bark-texture_by-hwang-sanguk-k0tljwrabxg-unsplash_3024x3024.sdr.png,iq_dlf,6,20,85529,84.3407,
2400-unsplash-textures,imazen-26-png-v3/png-v3/2400-unsplash-textures/2404_textures_tree-bark-texture_by-hwang-sanguk-k0tljwrabxg-unsplash_3024x3024.sdr.png,iq_dlf,6,32,46740,68.4688,
2400-unsplash-textures,imazen-26-png-v3/png-v3/2400-unsplash-textures/2404_textures_tree-bark-texture_by-hwang-sanguk-k0tljwrabxg-unsplash_3024x3024.sdr.png,iq_dlf,6,44,19779,40.1234,
2400-unsplash-textures,imazen-26-png-v3/png-v3/2400-unsplash-textures/2404_textures_tree-bark-texture_by-hwang-sanguk-k0tljwrabxg-unsplash_3024x3024.sdr.png,iq_dlf,10,20,86473,83.8676,
2400-unsplash-textures,imazen-26-png-v3/png-v3/2400-unsplash-textures/2404_textures_tree-bark-texture_by-hwang-sanguk-k0tljwrabxg-unsplash_3024x3024.sdr.png,iq_dlf,10,32,47002,67.0191,
2400-unsplash-textures,imazen-26-png-v3/png-v3/2400-unsplash-textures/2404_textures_tree-bark-texture_by-hwang-sanguk-k0tljwrabxg-unsplash_3024x3024.sdr.png,iq_dlf,10,44,20055,38.6667,
2400-unsplash-textures,imazen-26-png-v3/png-v3/2400-unsplash-textures/2404_textures_tree-bark-texture_by-hwang-sanguk-k0tljwrabxg-unsplash_3024x3024.sdr.png,iq_all,6,20,85527,84.3638,
2400-unsplash-textures,imazen-26-png-v3/png-v3/2400-unsplash-textures/2404_textures_tree-bark-texture_by-hwang-sanguk-k0tljwrabxg-unsplash_3024x3024.sdr.png,iq_all,6,32,46740,68.5370,
2400-unsplash-textures,imazen-26-png-v3/png-v3/2400-unsplash-textures/2404_textures_tree-bark-texture_by-hwang-sanguk-k0tljwrabxg-unsplash_3024x3024.sdr.png,iq_all,6,44,19778,40.2758,
2400-unsplash-textures,imazen-26-png-v3/png-v3/2400-unsplash-textures/2404_textures_tree-bark-texture_by-hwang-sanguk-k0tljwrabxg-unsplash_3024x3024.sdr.png,iq_all,10,20,86473,83.6796,
2400-unsplash-textures,imazen-26-png-v3/png-v3/2400-unsplash-textures/2404_textures_tree-bark-texture_by-hwang-sanguk-k0tljwrabxg-unsplash_3024x3024.sdr.png,iq_all,10,32,47002,66.6973,
2400-unsplash-textures,imazen-26-png-v3/png-v3/2400-unsplash-textures/2404_textures_tree-bark-texture_by-hwang-sanguk-k0tljwrabxg-unsplash_3024x3024.sdr.png,iq_all,10,44,20055,38.1971,
2400-unsplash-textures,imazen-26-png-v3/png-v3/2400-unsplash-textures/2407_textures_blue-wabring-threads_by-pawel-czerwinski-kra9zndplra-unsplash_4000x6000.sdr.png,iq_adef,6,20,20871,79.2352,
2400-unsplash-textures,imazen-26-png-v3/png-v3/2400-unsplash-textures/2407_textures_blue-wabring-threads_by-pawel-czerwinski-kra9zndplra-unsplash_4000x6000.sdr.png,iq_adef,6,32,7596,67.4687,
2400-unsplash-textures,imazen-26-png-v3/png-v3/2400-unsplash-textures/2407_textures_blue-wabring-threads_by-pawel-czerwinski-kra9zndplra-unsplash_4000x6000.sdr.png,iq_adef,6,44,2846,54.0488,
2400-unsplash-textures,imazen-26-png-v3/png-v3/2400-unsplash-textures/2407_textures_blue-wabring-threads_by-pawel-czerwinski-kra9zndplra-unsplash_4000x6000.sdr.png,iq_adef,10,20,22497,79.2145,
2400-unsplash-textures,imazen-26-png-v3/png-v3/2400-unsplash-textures/2407_textures_blue-wabring-threads_by-pawel-czerwinski-kra9zndplra-unsplash_4000x6000.sdr.png,iq_adef,10,32,9302,67.5475,
2400-unsplash-textures,imazen-26-png-v3/png-v3/2400-unsplash-textures/2407_textures_blue-wabring-threads_by-pawel-czerwinski-kra9zndplra-unsplash_4000x6000.sdr.png,iq_adef,10,44,3516,50.7473,
2400-unsplash-textures,imazen-26-png-v3/png-v3/2400-unsplash-textures/2407_textures_blue-wabring-threads_by-pawel-czerwinski-kra9zndplra-unsplash_4000x6000.sdr.png,iq_asharp,6,20,20860,79.0766,
2400-unsplash-textures,imazen-26-png-v3/png-v3/2400-unsplash-textures/2407_textures_blue-wabring-threads_by-pawel-czerwinski-kra9zndplra-unsplash_4000x6000.sdr.png,iq_asharp,6,32,7585,67.3017,
2400-unsplash-textures,imazen-26-png-v3/png-v3/2400-unsplash-textures/2407_textures_blue-wabring-threads_by-pawel-czerwinski-kra9zndplra-unsplash_4000x6000.sdr.png,iq_asharp,6,44,2854,54.0621,
2400-unsplash-textures,imazen-26-png-v3/png-v3/2400-unsplash-textures/2407_textures_blue-wabring-threads_by-pawel-czerwinski-kra9zndplra-unsplash_4000x6000.sdr.png,iq_asharp,10,20,22497,79.2986,
2400-unsplash-textures,imazen-26-png-v3/png-v3/2400-unsplash-textures/2407_textures_blue-wabring-threads_by-pawel-czerwinski-kra9zndplra-unsplash_4000x6000.sdr.png,iq_asharp,10,32,9302,67.7441,
2400-unsplash-textures,imazen-26-png-v3/png-v3/2400-unsplash-textures/2407_textures_blue-wabring-threads_by-pawel-czerwinski-kra9zndplra-unsplash_4000x6000.sdr.png,iq_asharp,10,44,3516,51.2088,
2400-unsplash-textures,imazen-26-png-v3/png-v3/2400-unsplash-textures/2407_textures_blue-wabring-threads_by-pawel-czerwinski-kra9zndplra-unsplash_4000x6000.sdr.png,iq_both,6,20,20871,79.2352,
2400-unsplash-textures,imazen-26-png-v3/png-v3/2400-unsplash-textures/2407_textures_blue-wabring-threads_by-pawel-czerwinski-kra9zndplra-unsplash_4000x6000.sdr.png,iq_both,6,32,7596,67.4687,
2400-unsplash-textures,imazen-26-png-v3/png-v3/2400-unsplash-textures/2407_textures_blue-wabring-threads_by-pawel-czerwinski-kra9zndplra-unsplash_4000x6000.sdr.png,iq_both,6,44,2846,54.0488,
2400-unsplash-textures,imazen-26-png-v3/png-v3/2400-unsplash-textures/2407_textures_blue-wabring-threads_by-pawel-czerwinski-kra9zndplra-unsplash_4000x6000.sdr.png,iq_both,10,20,22497,79.2145,
2400-unsplash-textures,imazen-26-png-v3/png-v3/2400-unsplash-textures/2407_textures_blue-wabring-threads_by-pawel-czerwinski-kra9zndplra-unsplash_4000x6000.sdr.png,iq_both,10,32,9302,67.5475,
2400-unsplash-textures,imazen-26-png-v3/png-v3/2400-unsplash-textures/2407_textures_blue-wabring-threads_by-pawel-czerwinski-kra9zndplra-unsplash_4000x6000.sdr.png,iq_both,10,44,3516,50.7473,
2400-unsplash-textures,imazen-26-png-v3/png-v3/2400-unsplash-textures/2407_textures_blue-wabring-threads_by-pawel-czerwinski-kra9zndplra-unsplash_4000x6000.sdr.png,adef,6,20,9284,67.0205,
2400-unsplash-textures,imazen-26-png-v3/png-v3/2400-unsplash-textures/2407_textures_blue-wabring-threads_by-pawel-czerwinski-kra9zndplra-unsplash_4000x6000.sdr.png,adef,6,32,2720,53.7863,
2400-unsplash-textures,imazen-26-png-v3/png-v3/2400-unsplash-textures/2407_textures_blue-wabring-threads_by-pawel-czerwinski-kra9zndplra-unsplash_4000x6000.sdr.png,adef,6,44,1218,24.2520,
2400-unsplash-textures,imazen-26-png-v3/png-v3/2400-unsplash-textures/2407_textures_blue-wabring-threads_by-pawel-czerwinski-kra9zndplra-unsplash_4000x6000.sdr.png,adef,10,20,7543,65.6866,
2400-unsplash-textures,imazen-26-png-v3/png-v3/2400-unsplash-textures/2407_textures_blue-wabring-threads_by-pawel-czerwinski-kra9zndplra-unsplash_4000x6000.sdr.png,adef,10,32,2810,51.2542,
2400-unsplash-textures,imazen-26-png-v3/png-v3/2400-unsplash-textures/2407_textures_blue-wabring-threads_by-pawel-czerwinski-kra9zndplra-unsplash_4000x6000.sdr.png,adef,10,44,1209,20.1669,
2400-unsplash-textures,imazen-26-png-v3/png-v3/2400-unsplash-textures/2407_textures_blue-wabring-threads_by-pawel-czerwinski-kra9zndplra-unsplash_4000x6000.sdr.png,asharp,6,20,9281,67.1623,
2400-unsplash-textures,imazen-26-png-v3/png-v3/2400-unsplash-textures/2407_textures_blue-wabring-threads_by-pawel-czerwinski-kra9zndplra-unsplash_4000x6000.sdr.png,asharp,6,32,2721,53.7797,
2400-unsplash-textures,imazen-26-png-v3/png-v3/2400-unsplash-textures/2407_textures_blue-wabring-threads_by-pawel-czerwinski-kra9zndplra-unsplash_4000x6000.sdr.png,asharp,6,44,1229,24.8109,
2400-unsplash-textures,imazen-26-png-v3/png-v3/2400-unsplash-textures/2407_textures_blue-wabring-threads_by-pawel-czerwinski-kra9zndplra-unsplash_4000x6000.sdr.png,asharp,10,20,7543,65.7912,
2400-unsplash-textures,imazen-26-png-v3/png-v3/2400-unsplash-textures/2407_textures_blue-wabring-threads_by-pawel-czerwinski-kra9zndplra-unsplash_4000x6000.sdr.png,asharp,10,32,2810,51.4976,
2400-unsplash-textures,imazen-26-png-v3/png-v3/2400-unsplash-textures/2407_textures_blue-wabring-threads_by-pawel-czerwinski-kra9zndplra-unsplash_4000x6000.sdr.png,asharp,10,44,1209,20.6788,
2400-unsplash-textures,imazen-26-png-v3/png-v3/2400-unsplash-textures/2407_textures_blue-wabring-threads_by-pawel-czerwinski-kra9zndplra-unsplash_4000x6000.sdr.png,iq_dlf,6,20,20875,79.2457,
2400-unsplash-textures,imazen-26-png-v3/png-v3/2400-unsplash-textures/2407_textures_blue-wabring-threads_by-pawel-czerwinski-kra9zndplra-unsplash_4000x6000.sdr.png,iq_dlf,6,32,7613,67.4189,
2400-unsplash-textures,imazen-26-png-v3/png-v3/2400-unsplash-textures/2407_textures_blue-wabring-threads_by-pawel-czerwinski-kra9zndplra-unsplash_4000x6000.sdr.png,iq_dlf,6,44,2878,54.1141,
2400-unsplash-textures,imazen-26-png-v3/png-v3/2400-unsplash-textures/2407_textures_blue-wabring-threads_by-pawel-czerwinski-kra9zndplra-unsplash_4000x6000.sdr.png,iq_dlf,10,20,22511,79.2328,
2400-unsplash-textures,imazen-26-png-v3/png-v3/2400-unsplash-textures/2407_textures_blue-wabring-threads_by-pawel-czerwinski-kra9zndplra-unsplash_4000x6000.sdr.png,iq_dlf,10,32,9320,67.6088,
2400-unsplash-textures,imazen-26-png-v3/png-v3/2400-unsplash-textures/2407_textures_blue-wabring-threads_by-pawel-czerwinski-kra9zndplra-unsplash_4000x6000.sdr.png,iq_dlf,10,44,3540,51.3855,
2400-unsplash-textures,imazen-26-png-v3/png-v3/2400-unsplash-textures/2407_textures_blue-wabring-threads_by-pawel-czerwinski-kra9zndplra-unsplash_4000x6000.sdr.png,iq_all,6,20,20886,79.2281,
2400-unsplash-textures,imazen-26-png-v3/png-v3/2400-unsplash-textures/2407_textures_blue-wabring-threads_by-pawel-czerwinski-kra9zndplra-unsplash_4000x6000.sdr.png,iq_all,6,32,7622,67.3846,
2400-unsplash-textures,imazen-26-png-v3/png-v3/2400-unsplash-textures/2407_textures_blue-wabring-threads_by-pawel-czerwinski-kra9zndplra-unsplash_4000x6000.sdr.png,iq_all,6,44,2870,54.1516,
2400-unsplash-textures,imazen-26-png-v3/png-v3/2400-unsplash-textures/2407_textures_blue-wabring-threads_by-pawel-czerwinski-kra9zndplra-unsplash_4000x6000.sdr.png,iq_all,10,20,22511,79.1086,
2400-unsplash-textures,imazen-26-png-v3/png-v3/2400-unsplash-textures/2407_textures_blue-wabring-threads_by-pawel-czerwinski-kra9zndplra-unsplash_4000x6000.sdr.png,iq_all,10,32,9320,67.1634,
2400-unsplash-textures,imazen-26-png-v3/png-v3/2400-unsplash-textures/2407_textures_blue-wabring-threads_by-pawel-czerwinski-kra9zndplra-unsplash_4000x6000.sdr.png,iq_all,10,44,3540,50.7563,
3000-art-institute-of-chicago-photos,imazen-26-png-v3/png-v3/3000-art-institute-of-chicago-photos/3001_aic_self-portrait_11_4000x5226.sdr.png,iq_adef,6,20,27040,76.1704,
3000-art-institute-of-chicago-photos,imazen-26-png-v3/png-v3/3000-art-institute-of-chicago-photos/3001_aic_self-portrait_11_4000x5226.sdr.png,iq_adef,6,32,14571,63.2937,
3000-art-institute-of-chicago-photos,imazen-26-png-v3/png-v3/3000-art-institute-of-chicago-photos/3001_aic_self-portrait_11_4000x5226.sdr.png,iq_adef,6,44,4083,31.9041,
3000-art-institute-of-chicago-photos,imazen-26-png-v3/png-v3/3000-art-institute-of-chicago-photos/3001_aic_self-portrait_11_4000x5226.sdr.png,iq_adef,10,20,27690,75.8298,
3000-art-institute-of-chicago-photos,imazen-26-png-v3/png-v3/3000-art-institute-of-chicago-photos/3001_aic_self-portrait_11_4000x5226.sdr.png,iq_adef,10,32,15227,64.2511,
3000-art-institute-of-chicago-photos,imazen-26-png-v3/png-v3/3000-art-institute-of-chicago-photos/3001_aic_self-portrait_11_4000x5226.sdr.png,iq_adef,10,44,4287,32.4724,
3000-art-institute-of-chicago-photos,imazen-26-png-v3/png-v3/3000-art-institute-of-chicago-photos/3001_aic_self-portrait_11_4000x5226.sdr.png,iq_asharp,6,20,27040,76.1852,
3000-art-institute-of-chicago-photos,imazen-26-png-v3/png-v3/3000-art-institute-of-chicago-photos/3001_aic_self-portrait_11_4000x5226.sdr.png,iq_asharp,6,32,14564,63.6091,
3000-art-institute-of-chicago-photos,imazen-26-png-v3/png-v3/3000-art-institute-of-chicago-photos/3001_aic_self-portrait_11_4000x5226.sdr.png,iq_asharp,6,44,4075,32.0191,
3000-art-institute-of-chicago-photos,imazen-26-png-v3/png-v3/3000-art-institute-of-chicago-photos/3001_aic_self-portrait_11_4000x5226.sdr.png,iq_asharp,10,20,27690,75.8735,
3000-art-institute-of-chicago-photos,imazen-26-png-v3/png-v3/3000-art-institute-of-chicago-photos/3001_aic_self-portrait_11_4000x5226.sdr.png,iq_asharp,10,32,15227,64.3299,
3000-art-institute-of-chicago-photos,imazen-26-png-v3/png-v3/3000-art-institute-of-chicago-photos/3001_aic_self-portrait_11_4000x5226.sdr.png,iq_asharp,10,44,4287,32.7180,
3000-art-institute-of-chicago-photos,imazen-26-png-v3/png-v3/3000-art-institute-of-chicago-photos/3001_aic_self-portrait_11_4000x5226.sdr.png,iq_both,6,20,27040,76.1704,
3000-art-institute-of-chicago-photos,imazen-26-png-v3/png-v3/3000-art-institute-of-chicago-photos/3001_aic_self-portrait_11_4000x5226.sdr.png,iq_both,6,32,14571,63.2937,
3000-art-institute-of-chicago-photos,imazen-26-png-v3/png-v3/3000-art-institute-of-chicago-photos/3001_aic_self-portrait_11_4000x5226.sdr.png,iq_both,6,44,4083,31.9041,
3000-art-institute-of-chicago-photos,imazen-26-png-v3/png-v3/3000-art-institute-of-chicago-photos/3001_aic_self-portrait_11_4000x5226.sdr.png,iq_both,10,20,27690,75.8298,
3000-art-institute-of-chicago-photos,imazen-26-png-v3/png-v3/3000-art-institute-of-chicago-photos/3001_aic_self-portrait_11_4000x5226.sdr.png,iq_both,10,32,15227,64.2511,
3000-art-institute-of-chicago-photos,imazen-26-png-v3/png-v3/3000-art-institute-of-chicago-photos/3001_aic_self-portrait_11_4000x5226.sdr.png,iq_both,10,44,4287,32.4724,
3000-art-institute-of-chicago-photos,imazen-26-png-v3/png-v3/3000-art-institute-of-chicago-photos/3001_aic_self-portrait_11_4000x5226.sdr.png,adef,6,20,12597,60.6960,
3000-art-institute-of-chicago-photos,imazen-26-png-v3/png-v3/3000-art-institute-of-chicago-photos/3001_aic_self-portrait_11_4000x5226.sdr.png,adef,6,32,3374,26.8253,
3000-art-institute-of-chicago-photos,imazen-26-png-v3/png-v3/3000-art-institute-of-chicago-photos/3001_aic_self-portrait_11_4000x5226.sdr.png,adef,6,44,671,5.6231,
3000-art-institute-of-chicago-photos,imazen-26-png-v3/png-v3/3000-art-institute-of-chicago-photos/3001_aic_self-portrait_11_4000x5226.sdr.png,adef,10,20,11708,58.4023,
3000-art-institute-of-chicago-photos,imazen-26-png-v3/png-v3/3000-art-institute-of-chicago-photos/3001_aic_self-portrait_11_4000x5226.sdr.png,adef,10,32,3093,24.8653,
3000-art-institute-of-chicago-photos,imazen-26-png-v3/png-v3/3000-art-institute-of-chicago-photos/3001_aic_self-portrait_11_4000x5226.sdr.png,adef,10,44,653,6.0776,
3000-art-institute-of-chicago-photos,imazen-26-png-v3/png-v3/3000-art-institute-of-chicago-photos/3001_aic_self-portrait_11_4000x5226.sdr.png,asharp,6,20,12594,60.5198,
3000-art-institute-of-chicago-photos,imazen-26-png-v3/png-v3/3000-art-institute-of-chicago-photos/3001_aic_self-portrait_11_4000x5226.sdr.png,asharp,6,32,3378,26.7291,
3000-art-institute-of-chicago-photos,imazen-26-png-v3/png-v3/3000-art-institute-of-chicago-photos/3001_aic_self-portrait_11_4000x5226.sdr.png,asharp,6,44,671,5.6126,
3000-art-institute-of-chicago-photos,imazen-26-png-v3/png-v3/3000-art-institute-of-chicago-photos/3001_aic_self-portrait_11_4000x5226.sdr.png,asharp,10,20,11708,58.4802,
3000-art-institute-of-chicago-photos,imazen-26-png-v3/png-v3/3000-art-institute-of-chicago-photos/3001_aic_self-portrait_11_4000x5226.sdr.png,asharp,10,32,3093,24.9409,
3000-art-institute-of-chicago-photos,imazen-26-png-v3/png-v3/3000-art-institute-of-chicago-photos/3001_aic_self-portrait_11_4000x5226.sdr.png,asharp,10,44,653,5.8974,
3000-art-institute-of-chicago-photos,imazen-26-png-v3/png-v3/3000-art-institute-of-chicago-photos/3001_aic_self-portrait_11_4000x5226.sdr.png,iq_dlf,6,20,27038,76.1836,
3000-art-institute-of-chicago-photos,imazen-26-png-v3/png-v3/3000-art-institute-of-chicago-photos/3001_aic_self-portrait_11_4000x5226.sdr.png,iq_dlf,6,32,14579,63.8504,
3000-art-institute-of-chicago-photos,imazen-26-png-v3/png-v3/3000-art-institute-of-chicago-photos/3001_aic_self-portrait_11_4000x5226.sdr.png,iq_dlf,6,44,4089,32.1144,
3000-art-institute-of-chicago-photos,imazen-26-png-v3/png-v3/3000-art-institute-of-chicago-photos/3001_aic_self-portrait_11_4000x5226.sdr.png,iq_dlf,10,20,27699,75.8117,
3000-art-institute-of-chicago-photos,imazen-26-png-v3/png-v3/3000-art-institute-of-chicago-photos/3001_aic_self-portrait_11_4000x5226.sdr.png,iq_dlf,10,32,15240,64.3363,
3000-art-institute-of-chicago-photos,imazen-26-png-v3/png-v3/3000-art-institute-of-chicago-photos/3001_aic_self-portrait_11_4000x5226.sdr.png,iq_dlf,10,44,4301,32.7706,
3000-art-institute-of-chicago-photos,imazen-26-png-v3/png-v3/3000-art-institute-of-chicago-photos/3001_aic_self-portrait_11_4000x5226.sdr.png,iq_all,6,20,27039,76.1322,
3000-art-institute-of-chicago-photos,imazen-26-png-v3/png-v3/3000-art-institute-of-chicago-photos/3001_aic_self-portrait_11_4000x5226.sdr.png,iq_all,6,32,14583,63.3384,
3000-art-institute-of-chicago-photos,imazen-26-png-v3/png-v3/3000-art-institute-of-chicago-photos/3001_aic_self-portrait_11_4000x5226.sdr.png,iq_all,6,44,4098,31.9549,
3000-art-institute-of-chicago-photos,imazen-26-png-v3/png-v3/3000-art-institute-of-chicago-photos/3001_aic_self-portrait_11_4000x5226.sdr.png,iq_all,10,20,27699,75.6807,
3000-art-institute-of-chicago-photos,imazen-26-png-v3/png-v3/3000-art-institute-of-chicago-photos/3001_aic_self-portrait_11_4000x5226.sdr.png,iq_all,10,32,15240,64.0641,
3000-art-institute-of-chicago-photos,imazen-26-png-v3/png-v3/3000-art-institute-of-chicago-photos/3001_aic_self-portrait_11_4000x5226.sdr.png,iq_all,10,44,4301,32.4769,
3000-art-institute-of-chicago-photos,imazen-26-png-v3/png-v3/3000-art-institute-of-chicago-photos/3002_aic_the-irish-question_181777_4000x4860.sdr.png,iq_adef,6,20,37686,81.6894,
3000-art-institute-of-chicago-photos,imazen-26-png-v3/png-v3/3000-art-institute-of-chicago-photos/3002_aic_the-irish-question_181777_4000x4860.sdr.png,iq_adef,6,32,23983,70.9154,
3000-art-institute-of-chicago-photos,imazen-26-png-v3/png-v3/3000-art-institute-of-chicago-photos/3002_aic_the-irish-question_181777_4000x4860.sdr.png,iq_adef,6,44,10176,37.3090,
3000-art-institute-of-chicago-photos,imazen-26-png-v3/png-v3/3000-art-institute-of-chicago-photos/3002_aic_the-irish-question_181777_4000x4860.sdr.png,iq_adef,10,20,38804,81.3344,
3000-art-institute-of-chicago-photos,imazen-26-png-v3/png-v3/3000-art-institute-of-chicago-photos/3002_aic_the-irish-question_181777_4000x4860.sdr.png,iq_adef,10,32,24872,70.5524,
3000-art-institute-of-chicago-photos,imazen-26-png-v3/png-v3/3000-art-institute-of-chicago-photos/3002_aic_the-irish-question_181777_4000x4860.sdr.png,iq_adef,10,44,10629,38.1311,
3000-art-institute-of-chicago-photos,imazen-26-png-v3/png-v3/3000-art-institute-of-chicago-photos/3002_aic_the-irish-question_181777_4000x4860.sdr.png,iq_asharp,6,20,37686,81.4082,
3000-art-institute-of-chicago-photos,imazen-26-png-v3/png-v3/3000-art-institute-of-chicago-photos/3002_aic_the-irish-question_181777_4000x4860.sdr.png,iq_asharp,6,32,23984,70.8234,
3000-art-institute-of-chicago-photos,imazen-26-png-v3/png-v3/3000-art-institute-of-chicago-photos/3002_aic_the-irish-question_181777_4000x4860.sdr.png,iq_asharp,6,44,10175,37.2276,
3000-art-institute-of-chicago-photos,imazen-26-png-v3/png-v3/3000-art-institute-of-chicago-photos/3002_aic_the-irish-question_181777_4000x4860.sdr.png,iq_asharp,10,20,38804,81.3558,
3000-art-institute-of-chicago-photos,imazen-26-png-v3/png-v3/3000-art-institute-of-chicago-photos/3002_aic_the-irish-question_181777_4000x4860.sdr.png,iq_asharp,10,32,24872,70.5888,
3000-art-institute-of-chicago-photos,imazen-26-png-v3/png-v3/3000-art-institute-of-chicago-photos/3002_aic_the-irish-question_181777_4000x4860.sdr.png,iq_asharp,10,44,10629,38.4008,
3000-art-institute-of-chicago-photos,imazen-26-png-v3/png-v3/3000-art-institute-of-chicago-photos/3002_aic_the-irish-question_181777_4000x4860.sdr.png,iq_both,6,20,37686,81.6894,
3000-art-institute-of-chicago-photos,imazen-26-png-v3/png-v3/3000-art-institute-of-chicago-photos/3002_aic_the-irish-question_181777_4000x4860.sdr.png,iq_both,6,32,23983,70.9154,
3000-art-institute-of-chicago-photos,imazen-26-png-v3/png-v3/3000-art-institute-of-chicago-photos/3002_aic_the-irish-question_181777_4000x4860.sdr.png,iq_both,6,44,10176,37.3090,
3000-art-institute-of-chicago-photos,imazen-26-png-v3/png-v3/3000-art-institute-of-chicago-photos/3002_aic_the-irish-question_181777_4000x4860.sdr.png,iq_both,10,20,38804,81.3344,
3000-art-institute-of-chicago-photos,imazen-26-png-v3/png-v3/3000-art-institute-of-chicago-photos/3002_aic_the-irish-question_181777_4000x4860.sdr.png,iq_both,10,32,24872,70.5524,
3000-art-institute-of-chicago-photos,imazen-26-png-v3/png-v3/3000-art-institute-of-chicago-photos/3002_aic_the-irish-question_181777_4000x4860.sdr.png,iq_both,10,44,10629,38.1311,
3000-art-institute-of-chicago-photos,imazen-26-png-v3/png-v3/3000-art-institute-of-chicago-photos/3002_aic_the-irish-question_181777_4000x4860.sdr.png,adef,6,20,24994,72.2775,
3000-art-institute-of-chicago-photos,imazen-26-png-v3/png-v3/3000-art-institute-of-chicago-photos/3002_aic_the-irish-question_181777_4000x4860.sdr.png,adef,6,32,11480,45.5698,
3000-art-institute-of-chicago-photos,imazen-26-png-v3/png-v3/3000-art-institute-of-chicago-photos/3002_aic_the-irish-question_181777_4000x4860.sdr.png,adef,6,44,3417,14.4376,
3000-art-institute-of-chicago-photos,imazen-26-png-v3/png-v3/3000-art-institute-of-chicago-photos/3002_aic_the-irish-question_181777_4000x4860.sdr.png,adef,10,20,24406,71.2517,
3000-art-institute-of-chicago-photos,imazen-26-png-v3/png-v3/3000-art-institute-of-chicago-photos/3002_aic_the-irish-question_181777_4000x4860.sdr.png,adef,10,32,11087,43.2143,
3000-art-institute-of-chicago-photos,imazen-26-png-v3/png-v3/3000-art-institute-of-chicago-photos/3002_aic_the-irish-question_181777_4000x4860.sdr.png,adef,10,44,3236,17.8763,
3000-art-institute-of-chicago-photos,imazen-26-png-v3/png-v3/3000-art-institute-of-chicago-photos/3002_aic_the-irish-question_181777_4000x4860.sdr.png,asharp,6,20,24994,72.1593,
3000-art-institute-of-chicago-photos,imazen-26-png-v3/png-v3/3000-art-institute-of-chicago-photos/3002_aic_the-irish-question_181777_4000x4860.sdr.png,asharp,6,32,11480,45.5748,
3000-art-institute-of-chicago-photos,imazen-26-png-v3/png-v3/3000-art-institute-of-chicago-photos/3002_aic_the-irish-question_181777_4000x4860.sdr.png,asharp,6,44,3412,14.5050,
3000-art-institute-of-chicago-photos,imazen-26-png-v3/png-v3/3000-art-institute-of-chicago-photos/3002_aic_the-irish-question_181777_4000x4860.sdr.png,asharp,10,20,24406,71.2992,
3000-art-institute-of-chicago-photos,imazen-26-png-v3/png-v3/3000-art-institute-of-chicago-photos/3002_aic_the-irish-question_181777_4000x4860.sdr.png,asharp,10,32,11087,43.3894,
3000-art-institute-of-chicago-photos,imazen-26-png-v3/png-v3/3000-art-institute-of-chicago-photos/3002_aic_the-irish-question_181777_4000x4860.sdr.png,asharp,10,44,3236,17.7344,
3000-art-institute-of-chicago-photos,imazen-26-png-v3/png-v3/3000-art-institute-of-chicago-photos/3002_aic_the-irish-question_181777_4000x4860.sdr.png,iq_dlf,6,20,37694,81.4463,
3000-art-institute-of-chicago-photos,imazen-26-png-v3/png-v3/3000-art-institute-of-chicago-photos/3002_aic_the-irish-question_181777_4000x4860.sdr.png,iq_dlf,6,32,24000,70.9827,
3000-art-institute-of-chicago-photos,imazen-26-png-v3/png-v3/3000-art-institute-of-chicago-photos/3002_aic_the-irish-question_181777_4000x4860.sdr.png,iq_dlf,6,44,10190,37.2548,
3000-art-institute-of-chicago-photos,imazen-26-png-v3/png-v3/3000-art-institute-of-chicago-photos/3002_aic_the-irish-question_181777_4000x4860.sdr.png,iq_dlf,10,20,38811,81.4059,
3000-art-institute-of-chicago-photos,imazen-26-png-v3/png-v3/3000-art-institute-of-chicago-photos/3002_aic_the-irish-question_181777_4000x4860.sdr.png,iq_dlf,10,32,24888,70.6088,
3000-art-institute-of-chicago-photos,imazen-26-png-v3/png-v3/3000-art-institute-of-chicago-photos/3002_aic_the-irish-question_181777_4000x4860.sdr.png,iq_dlf,10,44,10643,38.4055,
3000-art-institute-of-chicago-photos,imazen-26-png-v3/png-v3/3000-art-institute-of-chicago-photos/3002_aic_the-irish-question_181777_4000x4860.sdr.png,iq_all,6,20,37694,81.7274,
3000-art-institute-of-chicago-photos,imazen-26-png-v3/png-v3/3000-art-institute-of-chicago-photos/3002_aic_the-irish-question_181777_4000x4860.sdr.png,iq_all,6,32,23999,71.0411,
3000-art-institute-of-chicago-photos,imazen-26-png-v3/png-v3/3000-art-institute-of-chicago-photos/3002_aic_the-irish-question_181777_4000x4860.sdr.png,iq_all,6,44,10190,37.3966,
3000-art-institute-of-chicago-photos,imazen-26-png-v3/png-v3/3000-art-institute-of-chicago-photos/3002_aic_the-irish-question_181777_4000x4860.sdr.png,iq_all,10,20,38811,81.2976,
3000-art-institute-of-chicago-photos,imazen-26-png-v3/png-v3/3000-art-institute-of-chicago-photos/3002_aic_the-irish-question_181777_4000x4860.sdr.png,iq_all,10,32,24888,70.3541,
3000-art-institute-of-chicago-photos,imazen-26-png-v3/png-v3/3000-art-institute-of-chicago-photos/3002_aic_the-irish-question_181777_4000x4860.sdr.png,iq_all,10,44,10643,38.0663,
3300-met-museum-photos,imazen-26-png-v3/png-v3/3300-met-museum-photos/3311_met_jamb-stove_3689_2002x1717.sdr.png,iq_adef,6,20,58323,85.6770,
3300-met-museum-photos,imazen-26-png-v3/png-v3/3300-met-museum-photos/3311_met_jamb-stove_3689_2002x1717.sdr.png,iq_adef,6,32,32413,74.8500,
3300-met-museum-photos,imazen-26-png-v3/png-v3/3300-met-museum-photos/3311_met_jamb-stove_3689_2002x1717.sdr.png,iq_adef,6,44,14991,48.3074,
3300-met-museum-photos,imazen-26-png-v3/png-v3/3300-met-museum-photos/3311_met_jamb-stove_3689_2002x1717.sdr.png,iq_adef,10,20,59923,85.4431,
3300-met-museum-photos,imazen-26-png-v3/png-v3/3300-met-museum-photos/3311_met_jamb-stove_3689_2002x1717.sdr.png,iq_adef,10,32,33811,74.3471,
3300-met-museum-photos,imazen-26-png-v3/png-v3/3300-met-museum-photos/3311_met_jamb-stove_3689_2002x1717.sdr.png,iq_adef,10,44,15674,49.8191,
3300-met-museum-photos,imazen-26-png-v3/png-v3/3300-met-museum-photos/3311_met_jamb-stove_3689_2002x1717.sdr.png,iq_asharp,6,20,58323,85.6595,
3300-met-museum-photos,imazen-26-png-v3/png-v3/3300-met-museum-photos/3311_met_jamb-stove_3689_2002x1717.sdr.png,iq_asharp,6,32,32412,74.8299,
3300-met-museum-photos,imazen-26-png-v3/png-v3/3300-met-museum-photos/3311_met_jamb-stove_3689_2002x1717.sdr.png,iq_asharp,6,44,14990,47.9816,
3300-met-museum-photos,imazen-26-png-v3/png-v3/3300-met-museum-photos/3311_met_jamb-stove_3689_2002x1717.sdr.png,iq_asharp,10,20,59923,85.4431,
3300-met-museum-photos,imazen-26-png-v3/png-v3/3300-met-museum-photos/3311_met_jamb-stove_3689_2002x1717.sdr.png,iq_asharp,10,32,33811,74.3471,
3300-met-museum-photos,imazen-26-png-v3/png-v3/3300-met-museum-photos/3311_met_jamb-stove_3689_2002x1717.sdr.png,iq_asharp,10,44,15674,49.8191,
3300-met-museum-photos,imazen-26-png-v3/png-v3/3300-met-museum-photos/3311_met_jamb-stove_3689_2002x1717.sdr.png,iq_both,6,20,58323,85.6770,
3300-met-museum-photos,imazen-26-png-v3/png-v3/3300-met-museum-photos/3311_met_jamb-stove_3689_2002x1717.sdr.png,iq_both,6,32,32413,74.8500,
3300-met-museum-photos,imazen-26-png-v3/png-v3/3300-met-museum-photos/3311_met_jamb-stove_3689_2002x1717.sdr.png,iq_both,6,44,14991,48.3074,
3300-met-museum-photos,imazen-26-png-v3/png-v3/3300-met-museum-photos/3311_met_jamb-stove_3689_2002x1717.sdr.png,iq_both,10,20,59923,85.4431,
3300-met-museum-photos,imazen-26-png-v3/png-v3/3300-met-museum-photos/3311_met_jamb-stove_3689_2002x1717.sdr.png,iq_both,10,32,33811,74.3471,
3300-met-museum-photos,imazen-26-png-v3/png-v3/3300-met-museum-photos/3311_met_jamb-stove_3689_2002x1717.sdr.png,iq_both,10,44,15674,49.8191,
3300-met-museum-photos,imazen-26-png-v3/png-v3/3300-met-museum-photos/3311_met_jamb-stove_3689_2002x1717.sdr.png,adef,6,20,58016,84.9139,
3300-met-museum-photos,imazen-26-png-v3/png-v3/3300-met-museum-photos/3311_met_jamb-stove_3689_2002x1717.sdr.png,adef,6,32,28794,70.3741,
3300-met-museum-photos,imazen-26-png-v3/png-v3/3300-met-museum-photos/3311_met_jamb-stove_3689_2002x1717.sdr.png,adef,6,44,11752,38.9016,
3300-met-museum-photos,imazen-26-png-v3/png-v3/3300-met-museum-photos/3311_met_jamb-stove_3689_2002x1717.sdr.png,adef,10,20,58363,84.1312,
3300-met-museum-photos,imazen-26-png-v3/png-v3/3300-met-museum-photos/3311_met_jamb-stove_3689_2002x1717.sdr.png,adef,10,32,28658,68.5687,
3300-met-museum-photos,imazen-26-png-v3/png-v3/3300-met-museum-photos/3311_met_jamb-stove_3689_2002x1717.sdr.png,adef,10,44,11787,35.1955,
3300-met-museum-photos,imazen-26-png-v3/png-v3/3300-met-museum-photos/3311_met_jamb-stove_3689_2002x1717.sdr.png,asharp,6,20,58016,84.8511,
3300-met-museum-photos,imazen-26-png-v3/png-v3/3300-met-museum-photos/3311_met_jamb-stove_3689_2002x1717.sdr.png,asharp,6,32,28794,70.2520,
3300-met-museum-photos,imazen-26-png-v3/png-v3/3300-met-museum-photos/3311_met_jamb-stove_3689_2002x1717.sdr.png,asharp,6,44,11752,38.7954,
3300-met-museum-photos,imazen-26-png-v3/png-v3/3300-met-museum-photos/3311_met_jamb-stove_3689_2002x1717.sdr.png,asharp,10,20,58363,84.1312,
3300-met-museum-photos,imazen-26-png-v3/png-v3/3300-met-museum-photos/3311_met_jamb-stove_3689_2002x1717.sdr.png,asharp,10,32,28658,68.5687,
3300-met-museum-photos,imazen-26-png-v3/png-v3/3300-met-museum-photos/3311_met_jamb-stove_3689_2002x1717.sdr.png,asharp,10,44,11787,35.1955,
3300-met-museum-photos,imazen-26-png-v3/png-v3/3300-met-museum-photos/3311_met_jamb-stove_3689_2002x1717.sdr.png,iq_dlf,6,20,58337,85.6626,
3300-met-museum-photos,imazen-26-png-v3/png-v3/3300-met-museum-photos/3311_met_jamb-stove_3689_2002x1717.sdr.png,iq_dlf,6,32,32426,74.8384,
3300-met-museum-photos,imazen-26-png-v3/png-v3/3300-met-museum-photos/3311_met_jamb-stove_3689_2002x1717.sdr.png,iq_dlf,6,44,15002,48.0183,
3300-met-museum-photos,imazen-26-png-v3/png-v3/3300-met-museum-photos/3311_met_jamb-stove_3689_2002x1717.sdr.png,iq_dlf,10,20,59937,85.4416,
3300-met-museum-photos,imazen-26-png-v3/png-v3/3300-met-museum-photos/3311_met_jamb-stove_3689_2002x1717.sdr.png,iq_dlf,10,32,33825,74.3310,
3300-met-museum-photos,imazen-26-png-v3/png-v3/3300-met-museum-photos/3311_met_jamb-stove_3689_2002x1717.sdr.png,iq_dlf,10,44,15685,49.9118,
3300-met-museum-photos,imazen-26-png-v3/png-v3/3300-met-museum-photos/3311_met_jamb-stove_3689_2002x1717.sdr.png,iq_all,6,20,58337,85.6714,
3300-met-museum-photos,imazen-26-png-v3/png-v3/3300-met-museum-photos/3311_met_jamb-stove_3689_2002x1717.sdr.png,iq_all,6,32,32427,74.8267,
3300-met-museum-photos,imazen-26-png-v3/png-v3/3300-met-museum-photos/3311_met_jamb-stove_3689_2002x1717.sdr.png,iq_all,6,44,15001,48.3502,
3300-met-museum-photos,imazen-26-png-v3/png-v3/3300-met-museum-photos/3311_met_jamb-stove_3689_2002x1717.sdr.png,iq_all,10,20,59937,85.4416,
3300-met-museum-photos,imazen-26-png-v3/png-v3/3300-met-museum-photos/3311_met_jamb-stove_3689_2002x1717.sdr.png,iq_all,10,32,33825,74.3310,
3300-met-museum-photos,imazen-26-png-v3/png-v3/3300-met-museum-photos/3311_met_jamb-stove_3689_2002x1717.sdr.png,iq_all,10,44,15685,49.9118,
3300-met-museum-photos,imazen-26-png-v3/png-v3/3300-met-museum-photos/3318_met_vessel_479496_2505x2596.sdr.png,iq_adef,6,20,25985,81.7151,
3300-met-museum-photos,imazen-26-png-v3/png-v3/3300-met-museum-photos/3318_met_vessel_479496_2505x2596.sdr.png,iq_adef,6,32,14804,73.0685,
3300-met-museum-photos,imazen-26-png-v3/png-v3/3300-met-museum-photos/3318_met_vessel_479496_2505x2596.sdr.png,iq_adef,6,44,5374,52.0290,
3300-met-museum-photos,imazen-26-png-v3/png-v3/3300-met-museum-photos/3318_met_vessel_479496_2505x2596.sdr.png,iq_adef,10,20,27605,81.6506,
3300-met-museum-photos,imazen-26-png-v3/png-v3/3300-met-museum-photos/3318_met_vessel_479496_2505x2596.sdr.png,iq_adef,10,32,16016,73.4331,
3300-met-museum-photos,imazen-26-png-v3/png-v3/3300-met-museum-photos/3318_met_vessel_479496_2505x2596.sdr.png,iq_adef,10,44,6071,52.1925,
3300-met-museum-photos,imazen-26-png-v3/png-v3/3300-met-museum-photos/3318_met_vessel_479496_2505x2596.sdr.png,iq_asharp,6,20,25985,81.7423,
3300-met-museum-photos,imazen-26-png-v3/png-v3/3300-met-museum-photos/3318_met_vessel_479496_2505x2596.sdr.png,iq_asharp,6,32,14804,73.3444,
3300-met-museum-photos,imazen-26-png-v3/png-v3/3300-met-museum-photos/3318_met_vessel_479496_2505x2596.sdr.png,iq_asharp,6,44,5374,52.0491,
3300-met-museum-photos,imazen-26-png-v3/png-v3/3300-met-museum-photos/3318_met_vessel_479496_2505x2596.sdr.png,iq_asharp,10,20,27605,81.7099,
3300-met-museum-photos,imazen-26-png-v3/png-v3/3300-met-museum-photos/3318_met_vessel_479496_2505x2596.sdr.png,iq_asharp,10,32,16016,73.5196,
3300-met-museum-photos,imazen-26-png-v3/png-v3/3300-met-museum-photos/3318_met_vessel_479496_2505x2596.sdr.png,iq_asharp,10,44,6071,52.4118,
3300-met-museum-photos,imazen-26-png-v3/png-v3/3300-met-museum-photos/3318_met_vessel_479496_2505x2596.sdr.png,iq_both,6,20,25985,81.7151,
3300-met-museum-photos,imazen-26-png-v3/png-v3/3300-met-museum-photos/3318_met_vessel_479496_2505x2596.sdr.png,iq_both,6,32,14804,73.0685,
3300-met-museum-photos,imazen-26-png-v3/png-v3/3300-met-museum-photos/3318_met_vessel_479496_2505x2596.sdr.png,iq_both,6,44,5374,52.0290,
3300-met-museum-photos,imazen-26-png-v3/png-v3/3300-met-museum-photos/3318_met_vessel_479496_2505x2596.sdr.png,iq_both,10,20,27605,81.6506,
3300-met-museum-photos,imazen-26-png-v3/png-v3/3300-met-museum-photos/3318_met_vessel_479496_2505x2596.sdr.png,iq_both,10,32,16016,73.4331,
3300-met-museum-photos,imazen-26-png-v3/png-v3/3300-met-museum-photos/3318_met_vessel_479496_2505x2596.sdr.png,iq_both,10,44,6071,52.1925,
3300-met-museum-photos,imazen-26-png-v3/png-v3/3300-met-museum-photos/3318_met_vessel_479496_2505x2596.sdr.png,adef,6,20,13934,71.1256,
3300-met-museum-photos,imazen-26-png-v3/png-v3/3300-met-museum-photos/3318_met_vessel_479496_2505x2596.sdr.png,adef,6,32,5410,51.1281,
3300-met-museum-photos,imazen-26-png-v3/png-v3/3300-met-museum-photos/3318_met_vessel_479496_2505x2596.sdr.png,adef,6,44,1786,20.3396,
3300-met-museum-photos,imazen-26-png-v3/png-v3/3300-met-museum-photos/3318_met_vessel_479496_2505x2596.sdr.png,adef,10,20,14332,70.7358,
3300-met-museum-photos,imazen-26-png-v3/png-v3/3300-met-museum-photos/3318_met_vessel_479496_2505x2596.sdr.png,adef,10,32,6138,49.7716,
3300-met-museum-photos,imazen-26-png-v3/png-v3/3300-met-museum-photos/3318_met_vessel_479496_2505x2596.sdr.png,adef,10,44,2147,19.0242,
3300-met-museum-photos,imazen-26-png-v3/png-v3/3300-met-museum-photos/3318_met_vessel_479496_2505x2596.sdr.png,asharp,6,20,13935,71.0583,
3300-met-museum-photos,imazen-26-png-v3/png-v3/3300-met-museum-photos/3318_met_vessel_479496_2505x2596.sdr.png,asharp,6,32,5410,51.1212,
3300-met-museum-photos,imazen-26-png-v3/png-v3/3300-met-museum-photos/3318_met_vessel_479496_2505x2596.sdr.png,asharp,6,44,1786,20.2962,
3300-met-museum-photos,imazen-26-png-v3/png-v3/3300-met-museum-photos/3318_met_vessel_479496_2505x2596.sdr.png,asharp,10,20,14332,70.7621,
3300-met-museum-photos,imazen-26-png-v3/png-v3/3300-met-museum-photos/3318_met_vessel_479496_2505x2596.sdr.png,asharp,10,32,6138,49.8577,
3300-met-museum-photos,imazen-26-png-v3/png-v3/3300-met-museum-photos/3318_met_vessel_479496_2505x2596.sdr.png,asharp,10,44,2147,19.2884,
3300-met-museum-photos,imazen-26-png-v3/png-v3/3300-met-museum-photos/3318_met_vessel_479496_2505x2596.sdr.png,iq_dlf,6,20,25994,81.7573,
3300-met-museum-photos,imazen-26-png-v3/png-v3/3300-met-museum-photos/3318_met_vessel_479496_2505x2596.sdr.png,iq_dlf,6,32,14820,73.4250,
3300-met-museum-photos,imazen-26-png-v3/png-v3/3300-met-museum-photos/3318_met_vessel_479496_2505x2596.sdr.png,iq_dlf,6,44,5390,52.1067,
3300-met-museum-photos,imazen-26-png-v3/png-v3/3300-met-museum-photos/3318_met_vessel_479496_2505x2596.sdr.png,iq_dlf,10,20,27614,81.6401,
3300-met-museum-photos,imazen-26-png-v3/png-v3/3300-met-museum-photos/3318_met_vessel_479496_2505x2596.sdr.png,iq_dlf,10,32,16031,73.5123,
3300-met-museum-photos,imazen-26-png-v3/png-v3/3300-met-museum-photos/3318_met_vessel_479496_2505x2596.sdr.png,iq_dlf,10,44,6087,52.4219,
3300-met-museum-photos,imazen-26-png-v3/png-v3/3300-met-museum-photos/3318_met_vessel_479496_2505x2596.sdr.png,iq_all,6,20,25994,81.6852,
3300-met-museum-photos,imazen-26-png-v3/png-v3/3300-met-museum-photos/3318_met_vessel_479496_2505x2596.sdr.png,iq_all,6,32,14819,72.9570,
3300-met-museum-photos,imazen-26-png-v3/png-v3/3300-met-museum-photos/3318_met_vessel_479496_2505x2596.sdr.png,iq_all,6,44,5390,52.0917,
3300-met-museum-photos,imazen-26-png-v3/png-v3/3300-met-museum-photos/3318_met_vessel_479496_2505x2596.sdr.png,iq_all,10,20,27614,81.5241,
3300-met-museum-photos,imazen-26-png-v3/png-v3/3300-met-museum-photos/3318_met_vessel_479496_2505x2596.sdr.png,iq_all,10,32,16031,73.2756,
3300-met-museum-photos,imazen-26-png-v3/png-v3/3300-met-museum-photos/3318_met_vessel_479496_2505x2596.sdr.png,iq_all,10,44,6087,52.1688,
5000-national-park-service-brochures,imazen-26-png-v3/png-v3/5000-national-park-service-brochures/grayscale/5044_nps_mora-ohanapecosh7-2019_gray_p01_2550x3300.sdr.png,iq_adef,6,20,14228,90.4774,
5000-national-park-service-brochures,imazen-26-png-v3/png-v3/5000-national-park-service-brochures/grayscale/5044_nps_mora-ohanapecosh7-2019_gray_p01_2550x3300.sdr.png,iq_adef,6,32,11201,85.6029,
5000-national-park-service-brochures,imazen-26-png-v3/png-v3/5000-national-park-service-brochures/grayscale/5044_nps_mora-ohanapecosh7-2019_gray_p01_2550x3300.sdr.png,iq_adef,6,44,7909,70.8308,
5000-national-park-service-brochures,imazen-26-png-v3/png-v3/5000-national-park-service-brochures/grayscale/5044_nps_mora-ohanapecosh7-2019_gray_p01_2550x3300.sdr.png,iq_adef,10,20,15422,89.5394,
5000-national-park-service-brochures,imazen-26-png-v3/png-v3/5000-national-park-service-brochures/grayscale/5044_nps_mora-ohanapecosh7-2019_gray_p01_2550x3300.sdr.png,iq_adef,10,32,12464,80.7790,
5000-national-park-service-brochures,imazen-26-png-v3/png-v3/5000-national-park-service-brochures/grayscale/5044_nps_mora-ohanapecosh7-2019_gray_p01_2550x3300.sdr.png,iq_adef,10,44,8241,66.5397,
5000-national-park-service-brochures,imazen-26-png-v3/png-v3/5000-national-park-service-brochures/grayscale/5044_nps_mora-ohanapecosh7-2019_gray_p01_2550x3300.sdr.png,iq_asharp,6,20,14230,90.4973,
5000-national-park-service-brochures,imazen-26-png-v3/png-v3/5000-national-park-service-brochures/grayscale/5044_nps_mora-ohanapecosh7-2019_gray_p01_2550x3300.sdr.png,iq_asharp,6,32,11201,85.7155,
5000-national-park-service-brochures,imazen-26-png-v3/png-v3/5000-national-park-service-brochures/grayscale/5044_nps_mora-ohanapecosh7-2019_gray_p01_2550x3300.sdr.png,iq_asharp,6,44,7909,71.0769,
5000-national-park-service-brochures,imazen-26-png-v3/png-v3/5000-national-park-service-brochures/grayscale/5044_nps_mora-ohanapecosh7-2019_gray_p01_2550x3300.sdr.png,iq_asharp,10,20,15422,89.5579,
5000-national-park-service-brochures,imazen-26-png-v3/png-v3/5000-national-park-service-brochures/grayscale/5044_nps_mora-ohanapecosh7-2019_gray_p01_2550x3300.sdr.png,iq_asharp,10,32,12464,80.9608,
5000-national-park-service-brochures,imazen-26-png-v3/png-v3/5000-national-park-service-brochures/grayscale/5044_nps_mora-ohanapecosh7-2019_gray_p01_2550x3300.sdr.png,iq_asharp,10,44,8241,66.7306,
5000-national-park-service-brochures,imazen-26-png-v3/png-v3/5000-national-park-service-brochures/grayscale/5044_nps_mora-ohanapecosh7-2019_gray_p01_2550x3300.sdr.png,iq_both,6,20,14228,90.4774,
5000-national-park-service-brochures,imazen-26-png-v3/png-v3/5000-national-park-service-brochures/grayscale/5044_nps_mora-ohanapecosh7-2019_gray_p01_2550x3300.sdr.png,iq_both,6,32,11201,85.6029,
5000-national-park-service-brochures,imazen-26-png-v3/png-v3/5000-national-park-service-brochures/grayscale/5044_nps_mora-ohanapecosh7-2019_gray_p01_2550x3300.sdr.png,iq_both,6,44,7909,70.8308,
5000-national-park-service-brochures,imazen-26-png-v3/png-v3/5000-national-park-service-brochures/grayscale/5044_nps_mora-ohanapecosh7-2019_gray_p01_2550x3300.sdr.png,iq_both,10,20,15422,89.5394,
5000-national-park-service-brochures,imazen-26-png-v3/png-v3/5000-national-park-service-brochures/grayscale/5044_nps_mora-ohanapecosh7-2019_gray_p01_2550x3300.sdr.png,iq_both,10,32,12464,80.7790,
5000-national-park-service-brochures,imazen-26-png-v3/png-v3/5000-national-park-service-brochures/grayscale/5044_nps_mora-ohanapecosh7-2019_gray_p01_2550x3300.sdr.png,iq_both,10,44,8241,66.5397,
5000-national-park-service-brochures,imazen-26-png-v3/png-v3/5000-national-park-service-brochures/grayscale/5044_nps_mora-ohanapecosh7-2019_gray_p01_2550x3300.sdr.png,adef,6,20,13346,90.0415,
5000-national-park-service-brochures,imazen-26-png-v3/png-v3/5000-national-park-service-brochures/grayscale/5044_nps_mora-ohanapecosh7-2019_gray_p01_2550x3300.sdr.png,adef,6,32,10460,86.1316,
5000-national-park-service-brochures,imazen-26-png-v3/png-v3/5000-national-park-service-brochures/grayscale/5044_nps_mora-ohanapecosh7-2019_gray_p01_2550x3300.sdr.png,adef,6,44,7372,62.9569,
5000-national-park-service-brochures,imazen-26-png-v3/png-v3/5000-national-park-service-brochures/grayscale/5044_nps_mora-ohanapecosh7-2019_gray_p01_2550x3300.sdr.png,adef,10,20,22273,85.8144,
5000-national-park-service-brochures,imazen-26-png-v3/png-v3/5000-national-park-service-brochures/grayscale/5044_nps_mora-ohanapecosh7-2019_gray_p01_2550x3300.sdr.png,adef,10,32,14875,76.4102,
5000-national-park-service-brochures,imazen-26-png-v3/png-v3/5000-national-park-service-brochures/grayscale/5044_nps_mora-ohanapecosh7-2019_gray_p01_2550x3300.sdr.png,adef,10,44,8147,54.5342,
5000-national-park-service-brochures,imazen-26-png-v3/png-v3/5000-national-park-service-brochures/grayscale/5044_nps_mora-ohanapecosh7-2019_gray_p01_2550x3300.sdr.png,asharp,6,20,13346,90.2480,
5000-national-park-service-brochures,imazen-26-png-v3/png-v3/5000-national-park-service-brochures/grayscale/5044_nps_mora-ohanapecosh7-2019_gray_p01_2550x3300.sdr.png,asharp,6,32,10460,86.0088,
5000-national-park-service-brochures,imazen-26-png-v3/png-v3/5000-national-park-service-brochures/grayscale/5044_nps_mora-ohanapecosh7-2019_gray_p01_2550x3300.sdr.png,asharp,6,44,7372,63.0575,
5000-national-park-service-brochures,imazen-26-png-v3/png-v3/5000-national-park-service-brochures/grayscale/5044_nps_mora-ohanapecosh7-2019_gray_p01_2550x3300.sdr.png,asharp,10,20,22273,85.7937,
5000-national-park-service-brochures,imazen-26-png-v3/png-v3/5000-national-park-service-brochures/grayscale/5044_nps_mora-ohanapecosh7-2019_gray_p01_2550x3300.sdr.png,asharp,10,32,14875,76.4125,
5000-national-park-service-brochures,imazen-26-png-v3/png-v3/5000-national-park-service-brochures/grayscale/5044_nps_mora-ohanapecosh7-2019_gray_p01_2550x3300.sdr.png,asharp,10,44,8147,54.5633,
5000-national-park-service-brochures,imazen-26-png-v3/png-v3/5000-national-park-service-brochures/grayscale/5044_nps_mora-ohanapecosh7-2019_gray_p01_2550x3300.sdr.png,iq_dlf,6,20,14259,90.4165,
5000-national-park-service-brochures,imazen-26-png-v3/png-v3/5000-national-park-service-brochures/grayscale/5044_nps_mora-ohanapecosh7-2019_gray_p01_2550x3300.sdr.png,iq_dlf,6,32,11231,85.6540,
5000-national-park-service-brochures,imazen-26-png-v3/png-v3/5000-national-park-service-brochures/grayscale/5044_nps_mora-ohanapecosh7-2019_gray_p01_2550x3300.sdr.png,iq_dlf,6,44,7941,71.2923,
5000-national-park-service-brochures,imazen-26-png-v3/png-v3/5000-national-park-service-brochures/grayscale/5044_nps_mora-ohanapecosh7-2019_gray_p01_2550x3300.sdr.png,iq_dlf,10,20,15448,89.5040,
5000-national-park-service-brochures,imazen-26-png-v3/png-v3/5000-national-park-service-brochures/grayscale/5044_nps_mora-ohanapecosh7-2019_gray_p01_2550x3300.sdr.png,iq_dlf,10,32,12494,80.9017,
5000-national-park-service-brochures,imazen-26-png-v3/png-v3/5000-national-park-service-brochures/grayscale/5044_nps_mora-ohanapecosh7-2019_gray_p01_2550x3300.sdr.png,iq_dlf,10,44,8273,66.7038,
5000-national-park-service-brochures,imazen-26-png-v3/png-v3/5000-national-park-service-brochures/grayscale/5044_nps_mora-ohanapecosh7-2019_gray_p01_2550x3300.sdr.png,iq_all,6,20,14257,90.5286,
5000-national-park-service-brochures,imazen-26-png-v3/png-v3/5000-national-park-service-brochures/grayscale/5044_nps_mora-ohanapecosh7-2019_gray_p01_2550x3300.sdr.png,iq_all,6,32,11231,85.5396,
5000-national-park-service-brochures,imazen-26-png-v3/png-v3/5000-national-park-service-brochures/grayscale/5044_nps_mora-ohanapecosh7-2019_gray_p01_2550x3300.sdr.png,iq_all,6,44,7941,70.9251,
5000-national-park-service-brochures,imazen-26-png-v3/png-v3/5000-national-park-service-brochures/grayscale/5044_nps_mora-ohanapecosh7-2019_gray_p01_2550x3300.sdr.png,iq_all,10,20,15448,89.4713,
5000-national-park-service-brochures,imazen-26-png-v3/png-v3/5000-national-park-service-brochures/grayscale/5044_nps_mora-ohanapecosh7-2019_gray_p01_2550x3300.sdr.png,iq_all,10,32,12494,80.6572,
5000-national-park-service-brochures,imazen-26-png-v3/png-v3/5000-national-park-service-brochures/grayscale/5044_nps_mora-ohanapecosh7-2019_gray_p01_2550x3300.sdr.png,iq_all,10,44,8273,66.5085,
5000-national-park-service-brochures,imazen-26-png-v3/png-v3/5000-national-park-service-brochures/grayscale/5058_nps_shen-bigmeadows-roadtrail_gray_p02_2550x3300.sdr.png,iq_adef,6,20,21147,92.1045,
5000-national-park-service-brochures,imazen-26-png-v3/png-v3/5000-national-park-service-brochures/grayscale/5058_nps_shen-bigmeadows-roadtrail_gray_p02_2550x3300.sdr.png,iq_adef,6,32,16142,90.0933,
5000-national-park-service-brochures,imazen-26-png-v3/png-v3/5000-national-park-service-brochures/grayscale/5058_nps_shen-bigmeadows-roadtrail_gray_p02_2550x3300.sdr.png,iq_adef,6,44,13009,84.3640,
5000-national-park-service-brochures,imazen-26-png-v3/png-v3/5000-national-park-service-brochures/grayscale/5058_nps_shen-bigmeadows-roadtrail_gray_p02_2550x3300.sdr.png,iq_adef,10,20,20638,91.0830,
5000-national-park-service-brochures,imazen-26-png-v3/png-v3/5000-national-park-service-brochures/grayscale/5058_nps_shen-bigmeadows-roadtrail_gray_p02_2550x3300.sdr.png,iq_adef,10,32,16639,84.7680,
5000-national-park-service-brochures,imazen-26-png-v3/png-v3/5000-national-park-service-brochures/grayscale/5058_nps_shen-bigmeadows-roadtrail_gray_p02_2550x3300.sdr.png,iq_adef,10,44,10669,77.0365,
5000-national-park-service-brochures,imazen-26-png-v3/png-v3/5000-national-park-service-brochures/grayscale/5058_nps_shen-bigmeadows-roadtrail_gray_p02_2550x3300.sdr.png,iq_asharp,6,20,21147,92.1675,
5000-national-park-service-brochures,imazen-26-png-v3/png-v3/5000-national-park-service-brochures/grayscale/5058_nps_shen-bigmeadows-roadtrail_gray_p02_2550x3300.sdr.png,iq_asharp,6,32,16142,90.0605,
5000-national-park-service-brochures,imazen-26-png-v3/png-v3/5000-national-park-service-brochures/grayscale/5058_nps_shen-bigmeadows-roadtrail_gray_p02_2550x3300.sdr.png,iq_asharp,6,44,13009,84.6806,
5000-national-park-service-brochures,imazen-26-png-v3/png-v3/5000-national-park-service-brochures/grayscale/5058_nps_shen-bigmeadows-roadtrail_gray_p02_2550x3300.sdr.png,iq_asharp,10,20,20638,91.0830,
5000-national-park-service-brochures,imazen-26-png-v3/png-v3/5000-national-park-service-brochures/grayscale/5058_nps_shen-bigmeadows-roadtrail_gray_p02_2550x3300.sdr.png,iq_asharp,10,32,16639,84.7680,
5000-national-park-service-brochures,imazen-26-png-v3/png-v3/5000-national-park-service-brochures/grayscale/5058_nps_shen-bigmeadows-roadtrail_gray_p02_2550x3300.sdr.png,iq_asharp,10,44,10669,77.0365,
5000-national-park-service-brochures,imazen-26-png-v3/png-v3/5000-national-park-service-brochures/grayscale/5058_nps_shen-bigmeadows-roadtrail_gray_p02_2550x3300.sdr.png,iq_both,6,20,21147,92.1045,
5000-national-park-service-brochures,imazen-26-png-v3/png-v3/5000-national-park-service-brochures/grayscale/5058_nps_shen-bigmeadows-roadtrail_gray_p02_2550x3300.sdr.png,iq_both,6,32,16142,90.0933,
5000-national-park-service-brochures,imazen-26-png-v3/png-v3/5000-national-park-service-brochures/grayscale/5058_nps_shen-bigmeadows-roadtrail_gray_p02_2550x3300.sdr.png,iq_both,6,44,13009,84.3640,
5000-national-park-service-brochures,imazen-26-png-v3/png-v3/5000-national-park-service-brochures/grayscale/5058_nps_shen-bigmeadows-roadtrail_gray_p02_2550x3300.sdr.png,iq_both,10,20,20638,91.0830,
5000-national-park-service-brochures,imazen-26-png-v3/png-v3/5000-national-park-service-brochures/grayscale/5058_nps_shen-bigmeadows-roadtrail_gray_p02_2550x3300.sdr.png,iq_both,10,32,16639,84.7680,
5000-national-park-service-brochures,imazen-26-png-v3/png-v3/5000-national-park-service-brochures/grayscale/5058_nps_shen-bigmeadows-roadtrail_gray_p02_2550x3300.sdr.png,iq_both,10,44,10669,77.0365,
5000-national-park-service-brochures,imazen-26-png-v3/png-v3/5000-national-park-service-brochures/grayscale/5058_nps_shen-bigmeadows-roadtrail_gray_p02_2550x3300.sdr.png,adef,6,20,20741,92.3771,
5000-national-park-service-brochures,imazen-26-png-v3/png-v3/5000-national-park-service-brochures/grayscale/5058_nps_shen-bigmeadows-roadtrail_gray_p02_2550x3300.sdr.png,adef,6,32,16479,90.6590,
5000-national-park-service-brochures,imazen-26-png-v3/png-v3/5000-national-park-service-brochures/grayscale/5058_nps_shen-bigmeadows-roadtrail_gray_p02_2550x3300.sdr.png,adef,6,44,12988,85.7246,
5000-national-park-service-brochures,imazen-26-png-v3/png-v3/5000-national-park-service-brochures/grayscale/5058_nps_shen-bigmeadows-roadtrail_gray_p02_2550x3300.sdr.png,adef,10,20,41628,89.4294,
5000-national-park-service-brochures,imazen-26-png-v3/png-v3/5000-national-park-service-brochures/grayscale/5058_nps_shen-bigmeadows-roadtrail_gray_p02_2550x3300.sdr.png,adef,10,32,29028,83.6937,
5000-national-park-service-brochures,imazen-26-png-v3/png-v3/5000-national-park-service-brochures/grayscale/5058_nps_shen-bigmeadows-roadtrail_gray_p02_2550x3300.sdr.png,adef,10,44,16533,68.6027,
5000-national-park-service-brochures,imazen-26-png-v3/png-v3/5000-national-park-service-brochures/grayscale/5058_nps_shen-bigmeadows-roadtrail_gray_p02_2550x3300.sdr.png,asharp,6,20,20741,92.3209,
5000-national-park-service-brochures,imazen-26-png-v3/png-v3/5000-national-park-service-brochures/grayscale/5058_nps_shen-bigmeadows-roadtrail_gray_p02_2550x3300.sdr.png,asharp,6,32,16479,90.5354,
5000-national-park-service-brochures,imazen-26-png-v3/png-v3/5000-national-park-service-brochures/grayscale/5058_nps_shen-bigmeadows-roadtrail_gray_p02_2550x3300.sdr.png,asharp,6,44,12988,85.8646,
5000-national-park-service-brochures,imazen-26-png-v3/png-v3/5000-national-park-service-brochures/grayscale/5058_nps_shen-bigmeadows-roadtrail_gray_p02_2550x3300.sdr.png,asharp,10,20,41628,89.4294,
5000-national-park-service-brochures,imazen-26-png-v3/png-v3/5000-national-park-service-brochures/grayscale/5058_nps_shen-bigmeadows-roadtrail_gray_p02_2550x3300.sdr.png,asharp,10,32,29028,83.6937,
5000-national-park-service-brochures,imazen-26-png-v3/png-v3/5000-national-park-service-brochures/grayscale/5058_nps_shen-bigmeadows-roadtrail_gray_p02_2550x3300.sdr.png,asharp,10,44,16533,68.6027,
5000-national-park-service-brochures,imazen-26-png-v3/png-v3/5000-national-park-service-brochures/grayscale/5058_nps_shen-bigmeadows-roadtrail_gray_p02_2550x3300.sdr.png,iq_dlf,6,20,21170,92.2246,
5000-national-park-service-brochures,imazen-26-png-v3/png-v3/5000-national-park-service-brochures/grayscale/5058_nps_shen-bigmeadows-roadtrail_gray_p02_2550x3300.sdr.png,iq_dlf,6,32,16166,90.1831,
5000-national-park-service-brochures,imazen-26-png-v3/png-v3/5000-national-park-service-brochures/grayscale/5058_nps_shen-bigmeadows-roadtrail_gray_p02_2550x3300.sdr.png,iq_dlf,6,44,13033,84.6717,
5000-national-park-service-brochures,imazen-26-png-v3/png-v3/5000-national-park-service-brochures/grayscale/5058_nps_shen-bigmeadows-roadtrail_gray_p02_2550x3300.sdr.png,iq_dlf,10,20,20660,91.0965,
5000-national-park-service-brochures,imazen-26-png-v3/png-v3/5000-national-park-service-brochures/grayscale/5058_nps_shen-bigmeadows-roadtrail_gray_p02_2550x3300.sdr.png,iq_dlf,10,32,16662,84.8064,
5000-national-park-service-brochures,imazen-26-png-v3/png-v3/5000-national-park-service-brochures/grayscale/5058_nps_shen-bigmeadows-roadtrail_gray_p02_2550x3300.sdr.png,iq_dlf,10,44,10692,77.0209,
5000-national-park-service-brochures,imazen-26-png-v3/png-v3/5000-national-park-service-brochures/grayscale/5058_nps_shen-bigmeadows-roadtrail_gray_p02_2550x3300.sdr.png,iq_all,6,20,21170,92.1535,
5000-national-park-service-brochures,imazen-26-png-v3/png-v3/5000-national-park-service-brochures/grayscale/5058_nps_shen-bigmeadows-roadtrail_gray_p02_2550x3300.sdr.png,iq_all,6,32,16166,90.1833,
5000-national-park-service-brochures,imazen-26-png-v3/png-v3/5000-national-park-service-brochures/grayscale/5058_nps_shen-bigmeadows-roadtrail_gray_p02_2550x3300.sdr.png,iq_all,6,44,13033,84.3803,
5000-national-park-service-brochures,imazen-26-png-v3/png-v3/5000-national-park-service-brochures/grayscale/5058_nps_shen-bigmeadows-roadtrail_gray_p02_2550x3300.sdr.png,iq_all,10,20,20660,91.0965,
5000-national-park-service-brochures,imazen-26-png-v3/png-v3/5000-national-park-service-brochures/grayscale/5058_nps_shen-bigmeadows-roadtrail_gray_p02_2550x3300.sdr.png,iq_all,10,32,16662,84.8064,
5000-national-park-service-brochures,imazen-26-png-v3/png-v3/5000-national-park-service-brochures/grayscale/5058_nps_shen-bigmeadows-roadtrail_gray_p02_2550x3300.sdr.png,iq_all,10,44,10692,77.0209,
5200-epa-climate-impact-2021-report,imazen-26-png-v3/png-v3/5200-epa-climate-impact-2021-report/5202_epa_climate-impact-2021_fig-es1-six-impacts_p005_2968x3841.sdr.png,iq_adef,6,20,14283,85.9978,
5200-epa-climate-impact-2021-report,imazen-26-png-v3/png-v3/5200-epa-climate-impact-2021-report/5202_epa_climate-impact-2021_fig-es1-six-impacts_p005_2968x3841.sdr.png,iq_adef,6,32,9309,78.9132,
5200-epa-climate-impact-2021-report,imazen-26-png-v3/png-v3/5200-epa-climate-impact-2021-report/5202_epa_climate-impact-2021_fig-es1-six-impacts_p005_2968x3841.sdr.png,iq_adef,6,44,4824,62.7736,
5200-epa-climate-impact-2021-report,imazen-26-png-v3/png-v3/5200-epa-climate-impact-2021-report/5202_epa_climate-impact-2021_fig-es1-six-impacts_p005_2968x3841.sdr.png,iq_adef,10,20,17143,85.4725,
5200-epa-climate-impact-2021-report,imazen-26-png-v3/png-v3/5200-epa-climate-impact-2021-report/5202_epa_climate-impact-2021_fig-es1-six-impacts_p005_2968x3841.sdr.png,iq_adef,10,32,11001,78.2775,
5200-epa-climate-impact-2021-report,imazen-26-png-v3/png-v3/5200-epa-climate-impact-2021-report/5202_epa_climate-impact-2021_fig-es1-six-impacts_p005_2968x3841.sdr.png,iq_adef,10,44,5613,63.1686,
5200-epa-climate-impact-2021-report,imazen-26-png-v3/png-v3/5200-epa-climate-impact-2021-report/5202_epa_climate-impact-2021_fig-es1-six-impacts_p005_2968x3841.sdr.png,iq_asharp,6,20,14283,86.0409,
5200-epa-climate-impact-2021-report,imazen-26-png-v3/png-v3/5200-epa-climate-impact-2021-report/5202_epa_climate-impact-2021_fig-es1-six-impacts_p005_2968x3841.sdr.png,iq_asharp,6,32,9309,79.1304,
5200-epa-climate-impact-2021-report,imazen-26-png-v3/png-v3/5200-epa-climate-impact-2021-report/5202_epa_climate-impact-2021_fig-es1-six-impacts_p005_2968x3841.sdr.png,iq_asharp,6,44,4825,62.7954,
5200-epa-climate-impact-2021-report,imazen-26-png-v3/png-v3/5200-epa-climate-impact-2021-report/5202_epa_climate-impact-2021_fig-es1-six-impacts_p005_2968x3841.sdr.png,iq_asharp,10,20,17143,85.3948,
5200-epa-climate-impact-2021-report,imazen-26-png-v3/png-v3/5200-epa-climate-impact-2021-report/5202_epa_climate-impact-2021_fig-es1-six-impacts_p005_2968x3841.sdr.png,iq_asharp,10,32,11001,78.3878,
5200-epa-climate-impact-2021-report,imazen-26-png-v3/png-v3/5200-epa-climate-impact-2021-report/5202_epa_climate-impact-2021_fig-es1-six-impacts_p005_2968x3841.sdr.png,iq_asharp,10,44,5613,63.2516,
5200-epa-climate-impact-2021-report,imazen-26-png-v3/png-v3/5200-epa-climate-impact-2021-report/5202_epa_climate-impact-2021_fig-es1-six-impacts_p005_2968x3841.sdr.png,iq_both,6,20,14283,85.9978,
5200-epa-climate-impact-2021-report,imazen-26-png-v3/png-v3/5200-epa-climate-impact-2021-report/5202_epa_climate-impact-2021_fig-es1-six-impacts_p005_2968x3841.sdr.png,iq_both,6,32,9309,78.9132,
5200-epa-climate-impact-2021-report,imazen-26-png-v3/png-v3/5200-epa-climate-impact-2021-report/5202_epa_climate-impact-2021_fig-es1-six-impacts_p005_2968x3841.sdr.png,iq_both,6,44,4824,62.7736,
5200-epa-climate-impact-2021-report,imazen-26-png-v3/png-v3/5200-epa-climate-impact-2021-report/5202_epa_climate-impact-2021_fig-es1-six-impacts_p005_2968x3841.sdr.png,iq_both,10,20,17143,85.4725,
5200-epa-climate-impact-2021-report,imazen-26-png-v3/png-v3/5200-epa-climate-impact-2021-report/5202_epa_climate-impact-2021_fig-es1-six-impacts_p005_2968x3841.sdr.png,iq_both,10,32,11001,78.2775,
5200-epa-climate-impact-2021-report,imazen-26-png-v3/png-v3/5200-epa-climate-impact-2021-report/5202_epa_climate-impact-2021_fig-es1-six-impacts_p005_2968x3841.sdr.png,iq_both,10,44,5613,63.1686,
5200-epa-climate-impact-2021-report,imazen-26-png-v3/png-v3/5200-epa-climate-impact-2021-report/5202_epa_climate-impact-2021_fig-es1-six-impacts_p005_2968x3841.sdr.png,adef,6,20,11404,80.7049,
5200-epa-climate-impact-2021-report,imazen-26-png-v3/png-v3/5200-epa-climate-impact-2021-report/5202_epa_climate-impact-2021_fig-es1-six-impacts_p005_2968x3841.sdr.png,adef,6,32,6668,66.9163,
5200-epa-climate-impact-2021-report,imazen-26-png-v3/png-v3/5200-epa-climate-impact-2021-report/5202_epa_climate-impact-2021_fig-es1-six-impacts_p005_2968x3841.sdr.png,adef,6,44,3266,46.6906,
5200-epa-climate-impact-2021-report,imazen-26-png-v3/png-v3/5200-epa-climate-impact-2021-report/5202_epa_climate-impact-2021_fig-es1-six-impacts_p005_2968x3841.sdr.png,adef,10,20,13931,80.6693,
5200-epa-climate-impact-2021-report,imazen-26-png-v3/png-v3/5200-epa-climate-impact-2021-report/5202_epa_climate-impact-2021_fig-es1-six-impacts_p005_2968x3841.sdr.png,adef,10,32,7749,67.7567,
5200-epa-climate-impact-2021-report,imazen-26-png-v3/png-v3/5200-epa-climate-impact-2021-report/5202_epa_climate-impact-2021_fig-es1-six-impacts_p005_2968x3841.sdr.png,adef,10,44,3663,44.9878,
5200-epa-climate-impact-2021-report,imazen-26-png-v3/png-v3/5200-epa-climate-impact-2021-report/5202_epa_climate-impact-2021_fig-es1-six-impacts_p005_2968x3841.sdr.png,asharp,6,20,11407,80.5739,
5200-epa-climate-impact-2021-report,imazen-26-png-v3/png-v3/5200-epa-climate-impact-2021-report/5202_epa_climate-impact-2021_fig-es1-six-impacts_p005_2968x3841.sdr.png,asharp,6,32,6668,66.8300,
5200-epa-climate-impact-2021-report,imazen-26-png-v3/png-v3/5200-epa-climate-impact-2021-report/5202_epa_climate-impact-2021_fig-es1-six-impacts_p005_2968x3841.sdr.png,asharp,6,44,3264,46.6980,
5200-epa-climate-impact-2021-report,imazen-26-png-v3/png-v3/5200-epa-climate-impact-2021-report/5202_epa_climate-impact-2021_fig-es1-six-impacts_p005_2968x3841.sdr.png,asharp,10,20,13931,80.5935,
5200-epa-climate-impact-2021-report,imazen-26-png-v3/png-v3/5200-epa-climate-impact-2021-report/5202_epa_climate-impact-2021_fig-es1-six-impacts_p005_2968x3841.sdr.png,asharp,10,32,7749,67.8752,
5200-epa-climate-impact-2021-report,imazen-26-png-v3/png-v3/5200-epa-climate-impact-2021-report/5202_epa_climate-impact-2021_fig-es1-six-impacts_p005_2968x3841.sdr.png,asharp,10,44,3663,45.1996,
5200-epa-climate-impact-2021-report,imazen-26-png-v3/png-v3/5200-epa-climate-impact-2021-report/5202_epa_climate-impact-2021_fig-es1-six-impacts_p005_2968x3841.sdr.png,iq_dlf,6,20,14303,86.2604,
5200-epa-climate-impact-2021-report,imazen-26-png-v3/png-v3/5200-epa-climate-impact-2021-report/5202_epa_climate-impact-2021_fig-es1-six-impacts_p005_2968x3841.sdr.png,iq_dlf,6,32,9333,79.1456,
5200-epa-climate-impact-2021-report,imazen-26-png-v3/png-v3/5200-epa-climate-impact-2021-report/5202_epa_climate-impact-2021_fig-es1-six-impacts_p005_2968x3841.sdr.png,iq_dlf,6,44,4852,63.2311,
5200-epa-climate-impact-2021-report,imazen-26-png-v3/png-v3/5200-epa-climate-impact-2021-report/5202_epa_climate-impact-2021_fig-es1-six-impacts_p005_2968x3841.sdr.png,iq_dlf,10,20,17162,85.2409,
5200-epa-climate-impact-2021-report,imazen-26-png-v3/png-v3/5200-epa-climate-impact-2021-report/5202_epa_climate-impact-2021_fig-es1-six-impacts_p005_2968x3841.sdr.png,iq_dlf,10,32,11026,78.2824,
5200-epa-climate-impact-2021-report,imazen-26-png-v3/png-v3/5200-epa-climate-impact-2021-report/5202_epa_climate-impact-2021_fig-es1-six-impacts_p005_2968x3841.sdr.png,iq_dlf,10,44,5640,63.2651,
5200-epa-climate-impact-2021-report,imazen-26-png-v3/png-v3/5200-epa-climate-impact-2021-report/5202_epa_climate-impact-2021_fig-es1-six-impacts_p005_2968x3841.sdr.png,iq_all,6,20,14303,85.9369,
5200-epa-climate-impact-2021-report,imazen-26-png-v3/png-v3/5200-epa-climate-impact-2021-report/5202_epa_climate-impact-2021_fig-es1-six-impacts_p005_2968x3841.sdr.png,iq_all,6,32,9337,78.7060,
5200-epa-climate-impact-2021-report,imazen-26-png-v3/png-v3/5200-epa-climate-impact-2021-report/5202_epa_climate-impact-2021_fig-es1-six-impacts_p005_2968x3841.sdr.png,iq_all,6,44,4852,63.2435,
5200-epa-climate-impact-2021-report,imazen-26-png-v3/png-v3/5200-epa-climate-impact-2021-report/5202_epa_climate-impact-2021_fig-es1-six-impacts_p005_2968x3841.sdr.png,iq_all,10,20,17162,85.2190,
5200-epa-climate-impact-2021-report,imazen-26-png-v3/png-v3/5200-epa-climate-impact-2021-report/5202_epa_climate-impact-2021_fig-es1-six-impacts_p005_2968x3841.sdr.png,iq_all,10,32,11026,78.0651,
5200-epa-climate-impact-2021-report,imazen-26-png-v3/png-v3/5200-epa-climate-impact-2021-report/5202_epa_climate-impact-2021_fig-es1-six-impacts_p005_2968x3841.sdr.png,iq_all,10,44,5640,63.1188,
5200-epa-climate-impact-2021-report,imazen-26-png-v3/png-v3/5200-epa-climate-impact-2021-report/5204_epa_climate-impact-2021_key-findings-income-education-age_p007_2968x3841.sdr.png,iq_adef,6,20,7500,86.5959,
5200-epa-climate-impact-2021-report,imazen-26-png-v3/png-v3/5200-epa-climate-impact-2021-report/5204_epa_climate-impact-2021_key-findings-income-education-age_p007_2968x3841.sdr.png,iq_adef,6,32,5284,81.7035,
5200-epa-climate-impact-2021-report,imazen-26-png-v3/png-v3/5200-epa-climate-impact-2021-report/5204_epa_climate-impact-2021_key-findings-income-education-age_p007_2968x3841.sdr.png,iq_adef,6,44,3290,69.6678,
5200-epa-climate-impact-2021-report,imazen-26-png-v3/png-v3/5200-epa-climate-impact-2021-report/5204_epa_climate-impact-2021_key-findings-income-education-age_p007_2968x3841.sdr.png,iq_adef,10,20,9578,86.6269,
5200-epa-climate-impact-2021-report,imazen-26-png-v3/png-v3/5200-epa-climate-impact-2021-report/5204_epa_climate-impact-2021_key-findings-income-education-age_p007_2968x3841.sdr.png,iq_adef,10,32,6719,80.4019,
5200-epa-climate-impact-2021-report,imazen-26-png-v3/png-v3/5200-epa-climate-impact-2021-report/5204_epa_climate-impact-2021_key-findings-income-education-age_p007_2968x3841.sdr.png,iq_adef,10,44,4199,68.9912,
5200-epa-climate-impact-2021-report,imazen-26-png-v3/png-v3/5200-epa-climate-impact-2021-report/5204_epa_climate-impact-2021_key-findings-income-education-age_p007_2968x3841.sdr.png,iq_asharp,6,20,7504,86.5046,
5200-epa-climate-impact-2021-report,imazen-26-png-v3/png-v3/5200-epa-climate-impact-2021-report/5204_epa_climate-impact-2021_key-findings-income-education-age_p007_2968x3841.sdr.png,iq_asharp,6,32,5281,81.6465,
5200-epa-climate-impact-2021-report,imazen-26-png-v3/png-v3/5200-epa-climate-impact-2021-report/5204_epa_climate-impact-2021_key-findings-income-education-age_p007_2968x3841.sdr.png,iq_asharp,6,44,3290,69.6078,
5200-epa-climate-impact-2021-report,imazen-26-png-v3/png-v3/5200-epa-climate-impact-2021-report/5204_epa_climate-impact-2021_key-findings-income-education-age_p007_2968x3841.sdr.png,iq_asharp,10,20,9578,86.6133,
5200-epa-climate-impact-2021-report,imazen-26-png-v3/png-v3/5200-epa-climate-impact-2021-report/5204_epa_climate-impact-2021_key-findings-income-education-age_p007_2968x3841.sdr.png,iq_asharp,10,32,6719,80.7618,
5200-epa-climate-impact-2021-report,imazen-26-png-v3/png-v3/5200-epa-climate-impact-2021-report/5204_epa_climate-impact-2021_key-findings-income-education-age_p007_2968x3841.sdr.png,iq_asharp,10,44,4199,69.3849,
5200-epa-climate-impact-2021-report,imazen-26-png-v3/png-v3/5200-epa-climate-impact-2021-report/5204_epa_climate-impact-2021_key-findings-income-education-age_p007_2968x3841.sdr.png,iq_both,6,20,7500,86.5959,
5200-epa-climate-impact-2021-report,imazen-26-png-v3/png-v3/5200-epa-climate-impact-2021-report/5204_epa_climate-impact-2021_key-findings-income-education-age_p007_2968x3841.sdr.png,iq_both,6,32,5284,81.7035,
5200-epa-climate-impact-2021-report,imazen-26-png-v3/png-v3/5200-epa-climate-impact-2021-report/5204_epa_climate-impact-2021_key-findings-income-education-age_p007_2968x3841.sdr.png,iq_both,6,44,3290,69.6678,
5200-epa-climate-impact-2021-report,imazen-26-png-v3/png-v3/5200-epa-climate-impact-2021-report/5204_epa_climate-impact-2021_key-findings-income-education-age_p007_2968x3841.sdr.png,iq_both,10,20,9578,86.6269,
5200-epa-climate-impact-2021-report,imazen-26-png-v3/png-v3/5200-epa-climate-impact-2021-report/5204_epa_climate-impact-2021_key-findings-income-education-age_p007_2968x3841.sdr.png,iq_both,10,32,6719,80.4019,
5200-epa-climate-impact-2021-report,imazen-26-png-v3/png-v3/5200-epa-climate-impact-2021-report/5204_epa_climate-impact-2021_key-findings-income-education-age_p007_2968x3841.sdr.png,iq_both,10,44,4199,68.9912,
5200-epa-climate-impact-2021-report,imazen-26-png-v3/png-v3/5200-epa-climate-impact-2021-report/5204_epa_climate-impact-2021_key-findings-income-education-age_p007_2968x3841.sdr.png,adef,6,20,5621,80.9030,
5200-epa-climate-impact-2021-report,imazen-26-png-v3/png-v3/5200-epa-climate-impact-2021-report/5204_epa_climate-impact-2021_key-findings-income-education-age_p007_2968x3841.sdr.png,adef,6,32,3718,69.4599,
5200-epa-climate-impact-2021-report,imazen-26-png-v3/png-v3/5200-epa-climate-impact-2021-report/5204_epa_climate-impact-2021_key-findings-income-education-age_p007_2968x3841.sdr.png,adef,6,44,2712,52.2893,
5200-epa-climate-impact-2021-report,imazen-26-png-v3/png-v3/5200-epa-climate-impact-2021-report/5204_epa_climate-impact-2021_key-findings-income-education-age_p007_2968x3841.sdr.png,adef,10,20,11045,79.8755,
5200-epa-climate-impact-2021-report,imazen-26-png-v3/png-v3/5200-epa-climate-impact-2021-report/5204_epa_climate-impact-2021_key-findings-income-education-age_p007_2968x3841.sdr.png,adef,10,32,6619,68.1356,
5200-epa-climate-impact-2021-report,imazen-26-png-v3/png-v3/5200-epa-climate-impact-2021-report/5204_epa_climate-impact-2021_key-findings-income-education-age_p007_2968x3841.sdr.png,adef,10,44,3597,50.7217,
5200-epa-climate-impact-2021-report,imazen-26-png-v3/png-v3/5200-epa-climate-impact-2021-report/5204_epa_climate-impact-2021_key-findings-income-education-age_p007_2968x3841.sdr.png,asharp,6,20,5618,80.8207,
5200-epa-climate-impact-2021-report,imazen-26-png-v3/png-v3/5200-epa-climate-impact-2021-report/5204_epa_climate-impact-2021_key-findings-income-education-age_p007_2968x3841.sdr.png,asharp,6,32,3718,69.2944,
5200-epa-climate-impact-2021-report,imazen-26-png-v3/png-v3/5200-epa-climate-impact-2021-report/5204_epa_climate-impact-2021_key-findings-income-education-age_p007_2968x3841.sdr.png,asharp,6,44,2712,52.3258,
5200-epa-climate-impact-2021-report,imazen-26-png-v3/png-v3/5200-epa-climate-impact-2021-report/5204_epa_climate-impact-2021_key-findings-income-education-age_p007_2968x3841.sdr.png,asharp,10,20,11045,79.9315,
5200-epa-climate-impact-2021-report,imazen-26-png-v3/png-v3/5200-epa-climate-impact-2021-report/5204_epa_climate-impact-2021_key-findings-income-education-age_p007_2968x3841.sdr.png,asharp,10,32,6619,68.3229,
5200-epa-climate-impact-2021-report,imazen-26-png-v3/png-v3/5200-epa-climate-impact-2021-report/5204_epa_climate-impact-2021_key-findings-income-education-age_p007_2968x3841.sdr.png,asharp,10,44,3597,50.9516,
5200-epa-climate-impact-2021-report,imazen-26-png-v3/png-v3/5200-epa-climate-impact-2021-report/5204_epa_climate-impact-2021_key-findings-income-education-age_p007_2968x3841.sdr.png,iq_dlf,6,20,7526,86.5212,
5200-epa-climate-impact-2021-report,imazen-26-png-v3/png-v3/5200-epa-climate-impact-2021-report/5204_epa_climate-impact-2021_key-findings-income-education-age_p007_2968x3841.sdr.png,iq_dlf,6,32,5304,81.5660,
5200-epa-climate-impact-2021-report,imazen-26-png-v3/png-v3/5200-epa-climate-impact-2021-report/5204_epa_climate-impact-2021_key-findings-income-education-age_p007_2968x3841.sdr.png,iq_dlf,6,44,3316,69.5925,
5200-epa-climate-impact-2021-report,imazen-26-png-v3/png-v3/5200-epa-climate-impact-2021-report/5204_epa_climate-impact-2021_key-findings-income-education-age_p007_2968x3841.sdr.png,iq_dlf,10,20,9599,86.3753,
5200-epa-climate-impact-2021-report,imazen-26-png-v3/png-v3/5200-epa-climate-impact-2021-report/5204_epa_climate-impact-2021_key-findings-income-education-age_p007_2968x3841.sdr.png,iq_dlf,10,32,6743,80.5681,
5200-epa-climate-impact-2021-report,imazen-26-png-v3/png-v3/5200-epa-climate-impact-2021-report/5204_epa_climate-impact-2021_key-findings-income-education-age_p007_2968x3841.sdr.png,iq_dlf,10,44,4226,69.4259,
5200-epa-climate-impact-2021-report,imazen-26-png-v3/png-v3/5200-epa-climate-impact-2021-report/5204_epa_climate-impact-2021_key-findings-income-education-age_p007_2968x3841.sdr.png,iq_all,6,20,7526,86.2830,
5200-epa-climate-impact-2021-report,imazen-26-png-v3/png-v3/5200-epa-climate-impact-2021-report/5204_epa_climate-impact-2021_key-findings-income-education-age_p007_2968x3841.sdr.png,iq_all,6,32,5304,81.4889,
5200-epa-climate-impact-2021-report,imazen-26-png-v3/png-v3/5200-epa-climate-impact-2021-report/5204_epa_climate-impact-2021_key-findings-income-education-age_p007_2968x3841.sdr.png,iq_all,6,44,3316,69.6386,
5200-epa-climate-impact-2021-report,imazen-26-png-v3/png-v3/5200-epa-climate-impact-2021-report/5204_epa_climate-impact-2021_key-findings-income-education-age_p007_2968x3841.sdr.png,iq_all,10,20,9599,86.2778,
5200-epa-climate-impact-2021-report,imazen-26-png-v3/png-v3/5200-epa-climate-impact-2021-report/5204_epa_climate-impact-2021_key-findings-income-education-age_p007_2968x3841.sdr.png,iq_all,10,32,6743,80.1207,
5200-epa-climate-impact-2021-report,imazen-26-png-v3/png-v3/5200-epa-climate-impact-2021-report/5204_epa_climate-impact-2021_key-findings-income-education-age_p007_2968x3841.sdr.png,iq_all,10,44,4226,69.0031,
5300-noaa-hurricane-documents,imazen-26-png-v3/png-v3/5300-noaa-hurricane-documents/5300_noaa_nhc-verification-report-2024_page1_p01_2550x3300.sdr.png,iq_adef,6,20,20314,87.9158,
5300-noaa-hurricane-documents,imazen-26-png-v3/png-v3/5300-noaa-hurricane-documents/5300_noaa_nhc-verification-report-2024_page1_p01_2550x3300.sdr.png,iq_adef,6,32,15065,77.8152,
5300-noaa-hurricane-documents,imazen-26-png-v3/png-v3/5300-noaa-hurricane-documents/5300_noaa_nhc-verification-report-2024_page1_p01_2550x3300.sdr.png,iq_adef,6,44,10018,59.5712,
5300-noaa-hurricane-documents,imazen-26-png-v3/png-v3/5300-noaa-hurricane-documents/5300_noaa_nhc-verification-report-2024_page1_p01_2550x3300.sdr.png,iq_adef,10,20,20041,87.4723,
5300-noaa-hurricane-documents,imazen-26-png-v3/png-v3/5300-noaa-hurricane-documents/5300_noaa_nhc-verification-report-2024_page1_p01_2550x3300.sdr.png,iq_adef,10,32,15126,76.5626,
5300-noaa-hurricane-documents,imazen-26-png-v3/png-v3/5300-noaa-hurricane-documents/5300_noaa_nhc-verification-report-2024_page1_p01_2550x3300.sdr.png,iq_adef,10,44,9243,60.5446,
5300-noaa-hurricane-documents,imazen-26-png-v3/png-v3/5300-noaa-hurricane-documents/5300_noaa_nhc-verification-report-2024_page1_p01_2550x3300.sdr.png,iq_asharp,6,20,20314,88.0450,
5300-noaa-hurricane-documents,imazen-26-png-v3/png-v3/5300-noaa-hurricane-documents/5300_noaa_nhc-verification-report-2024_page1_p01_2550x3300.sdr.png,iq_asharp,6,32,15065,77.9899,
5300-noaa-hurricane-documents,imazen-26-png-v3/png-v3/5300-noaa-hurricane-documents/5300_noaa_nhc-verification-report-2024_page1_p01_2550x3300.sdr.png,iq_asharp,6,44,10018,59.8793,
5300-noaa-hurricane-documents,imazen-26-png-v3/png-v3/5300-noaa-hurricane-documents/5300_noaa_nhc-verification-report-2024_page1_p01_2550x3300.sdr.png,iq_asharp,10,20,20041,87.5128,
5300-noaa-hurricane-documents,imazen-26-png-v3/png-v3/5300-noaa-hurricane-documents/5300_noaa_nhc-verification-report-2024_page1_p01_2550x3300.sdr.png,iq_asharp,10,32,15126,76.9773,
5300-noaa-hurricane-documents,imazen-26-png-v3/png-v3/5300-noaa-hurricane-documents/5300_noaa_nhc-verification-report-2024_page1_p01_2550x3300.sdr.png,iq_asharp,10,44,9243,60.9019,
5300-noaa-hurricane-documents,imazen-26-png-v3/png-v3/5300-noaa-hurricane-documents/5300_noaa_nhc-verification-report-2024_page1_p01_2550x3300.sdr.png,iq_both,6,20,20314,87.9158,
5300-noaa-hurricane-documents,imazen-26-png-v3/png-v3/5300-noaa-hurricane-documents/5300_noaa_nhc-verification-report-2024_page1_p01_2550x3300.sdr.png,iq_both,6,32,15065,77.8152,
5300-noaa-hurricane-documents,imazen-26-png-v3/png-v3/5300-noaa-hurricane-documents/5300_noaa_nhc-verification-report-2024_page1_p01_2550x3300.sdr.png,iq_both,6,44,10018,59.5712,
5300-noaa-hurricane-documents,imazen-26-png-v3/png-v3/5300-noaa-hurricane-documents/5300_noaa_nhc-verification-report-2024_page1_p01_2550x3300.sdr.png,iq_both,10,20,20041,87.4723,
5300-noaa-hurricane-documents,imazen-26-png-v3/png-v3/5300-noaa-hurricane-documents/5300_noaa_nhc-verification-report-2024_page1_p01_2550x3300.sdr.png,iq_both,10,32,15126,76.5626,
5300-noaa-hurricane-documents,imazen-26-png-v3/png-v3/5300-noaa-hurricane-documents/5300_noaa_nhc-verification-report-2024_page1_p01_2550x3300.sdr.png,iq_both,10,44,9243,60.5446,
5300-noaa-hurricane-documents,imazen-26-png-v3/png-v3/5300-noaa-hurricane-documents/5300_noaa_nhc-verification-report-2024_page1_p01_2550x3300.sdr.png,adef,6,20,19437,85.7576,
5300-noaa-hurricane-documents,imazen-26-png-v3/png-v3/5300-noaa-hurricane-documents/5300_noaa_nhc-verification-report-2024_page1_p01_2550x3300.sdr.png,adef,6,32,14377,72.7386,
5300-noaa-hurricane-documents,imazen-26-png-v3/png-v3/5300-noaa-hurricane-documents/5300_noaa_nhc-verification-report-2024_page1_p01_2550x3300.sdr.png,adef,6,44,9405,52.8091,
5300-noaa-hurricane-documents,imazen-26-png-v3/png-v3/5300-noaa-hurricane-documents/5300_noaa_nhc-verification-report-2024_page1_p01_2550x3300.sdr.png,adef,10,20,33568,78.7166,
5300-noaa-hurricane-documents,imazen-26-png-v3/png-v3/5300-noaa-hurricane-documents/5300_noaa_nhc-verification-report-2024_page1_p01_2550x3300.sdr.png,adef,10,32,21800,65.6627,
5300-noaa-hurricane-documents,imazen-26-png-v3/png-v3/5300-noaa-hurricane-documents/5300_noaa_nhc-verification-report-2024_page1_p01_2550x3300.sdr.png,adef,10,44,11560,45.7592,
5300-noaa-hurricane-documents,imazen-26-png-v3/png-v3/5300-noaa-hurricane-documents/5300_noaa_nhc-verification-report-2024_page1_p01_2550x3300.sdr.png,asharp,6,20,19442,85.8562,
5300-noaa-hurricane-documents,imazen-26-png-v3/png-v3/5300-noaa-hurricane-documents/5300_noaa_nhc-verification-report-2024_page1_p01_2550x3300.sdr.png,asharp,6,32,14377,72.7750,
5300-noaa-hurricane-documents,imazen-26-png-v3/png-v3/5300-noaa-hurricane-documents/5300_noaa_nhc-verification-report-2024_page1_p01_2550x3300.sdr.png,asharp,6,44,9405,53.0940,
5300-noaa-hurricane-documents,imazen-26-png-v3/png-v3/5300-noaa-hurricane-documents/5300_noaa_nhc-verification-report-2024_page1_p01_2550x3300.sdr.png,asharp,10,20,33568,78.7533,
5300-noaa-hurricane-documents,imazen-26-png-v3/png-v3/5300-noaa-hurricane-documents/5300_noaa_nhc-verification-report-2024_page1_p01_2550x3300.sdr.png,asharp,10,32,21800,65.7971,
5300-noaa-hurricane-documents,imazen-26-png-v3/png-v3/5300-noaa-hurricane-documents/5300_noaa_nhc-verification-report-2024_page1_p01_2550x3300.sdr.png,asharp,10,44,11560,45.9975,
5300-noaa-hurricane-documents,imazen-26-png-v3/png-v3/5300-noaa-hurricane-documents/5300_noaa_nhc-verification-report-2024_page1_p01_2550x3300.sdr.png,iq_dlf,6,20,20334,87.9089,
5300-noaa-hurricane-documents,imazen-26-png-v3/png-v3/5300-noaa-hurricane-documents/5300_noaa_nhc-verification-report-2024_page1_p01_2550x3300.sdr.png,iq_dlf,6,32,15073,77.9056,
5300-noaa-hurricane-documents,imazen-26-png-v3/png-v3/5300-noaa-hurricane-documents/5300_noaa_nhc-verification-report-2024_page1_p01_2550x3300.sdr.png,iq_dlf,6,44,10037,59.8745,
5300-noaa-hurricane-documents,imazen-26-png-v3/png-v3/5300-noaa-hurricane-documents/5300_noaa_nhc-verification-report-2024_page1_p01_2550x3300.sdr.png,iq_dlf,10,20,20053,87.3518,
5300-noaa-hurricane-documents,imazen-26-png-v3/png-v3/5300-noaa-hurricane-documents/5300_noaa_nhc-verification-report-2024_page1_p01_2550x3300.sdr.png,iq_dlf,10,32,15143,76.9347,
5300-noaa-hurricane-documents,imazen-26-png-v3/png-v3/5300-noaa-hurricane-documents/5300_noaa_nhc-verification-report-2024_page1_p01_2550x3300.sdr.png,iq_dlf,10,44,9260,60.7815,
5300-noaa-hurricane-documents,imazen-26-png-v3/png-v3/5300-noaa-hurricane-documents/5300_noaa_nhc-verification-report-2024_page1_p01_2550x3300.sdr.png,iq_all,6,20,20334,87.7268,
5300-noaa-hurricane-documents,imazen-26-png-v3/png-v3/5300-noaa-hurricane-documents/5300_noaa_nhc-verification-report-2024_page1_p01_2550x3300.sdr.png,iq_all,6,32,15072,77.9122,
5300-noaa-hurricane-documents,imazen-26-png-v3/png-v3/5300-noaa-hurricane-documents/5300_noaa_nhc-verification-report-2024_page1_p01_2550x3300.sdr.png,iq_all,6,44,10037,59.5667,
5300-noaa-hurricane-documents,imazen-26-png-v3/png-v3/5300-noaa-hurricane-documents/5300_noaa_nhc-verification-report-2024_page1_p01_2550x3300.sdr.png,iq_all,10,20,20053,87.2613,
5300-noaa-hurricane-documents,imazen-26-png-v3/png-v3/5300-noaa-hurricane-documents/5300_noaa_nhc-verification-report-2024_page1_p01_2550x3300.sdr.png,iq_all,10,32,15143,76.3906,
5300-noaa-hurricane-documents,imazen-26-png-v3/png-v3/5300-noaa-hurricane-documents/5300_noaa_nhc-verification-report-2024_page1_p01_2550x3300.sdr.png,iq_all,10,44,9260,60.3877,
5300-noaa-hurricane-documents,imazen-26-png-v3/png-v3/5300-noaa-hurricane-documents/5312_noaa_nhc-al042024-debby_p19_2550x3300.sdr.png,iq_adef,6,20,10145,88.4248,
5300-noaa-hurricane-documents,imazen-26-png-v3/png-v3/5300-noaa-hurricane-documents/5312_noaa_nhc-al042024-debby_p19_2550x3300.sdr.png,iq_adef,6,32,7616,84.4355,
5300-noaa-hurricane-documents,imazen-26-png-v3/png-v3/5300-noaa-hurricane-documents/5312_noaa_nhc-al042024-debby_p19_2550x3300.sdr.png,iq_adef,6,44,6011,78.5138,
5300-noaa-hurricane-documents,imazen-26-png-v3/png-v3/5300-noaa-hurricane-documents/5312_noaa_nhc-al042024-debby_p19_2550x3300.sdr.png,iq_adef,10,20,14020,88.5042,
5300-noaa-hurricane-documents,imazen-26-png-v3/png-v3/5300-noaa-hurricane-documents/5312_noaa_nhc-al042024-debby_p19_2550x3300.sdr.png,iq_adef,10,32,11273,80.5954,
5300-noaa-hurricane-documents,imazen-26-png-v3/png-v3/5300-noaa-hurricane-documents/5312_noaa_nhc-al042024-debby_p19_2550x3300.sdr.png,iq_adef,10,44,7857,72.0124,
5300-noaa-hurricane-documents,imazen-26-png-v3/png-v3/5300-noaa-hurricane-documents/5312_noaa_nhc-al042024-debby_p19_2550x3300.sdr.png,iq_asharp,6,20,10145,88.8731,
5300-noaa-hurricane-documents,imazen-26-png-v3/png-v3/5300-noaa-hurricane-documents/5312_noaa_nhc-al042024-debby_p19_2550x3300.sdr.png,iq_asharp,6,32,7616,84.8579,
5300-noaa-hurricane-documents,imazen-26-png-v3/png-v3/5300-noaa-hurricane-documents/5312_noaa_nhc-al042024-debby_p19_2550x3300.sdr.png,iq_asharp,6,44,6011,78.6171,
5300-noaa-hurricane-documents,imazen-26-png-v3/png-v3/5300-noaa-hurricane-documents/5312_noaa_nhc-al042024-debby_p19_2550x3300.sdr.png,iq_asharp,10,20,14020,88.6008,
5300-noaa-hurricane-documents,imazen-26-png-v3/png-v3/5300-noaa-hurricane-documents/5312_noaa_nhc-al042024-debby_p19_2550x3300.sdr.png,iq_asharp,10,32,11273,80.9550,
5300-noaa-hurricane-documents,imazen-26-png-v3/png-v3/5300-noaa-hurricane-documents/5312_noaa_nhc-al042024-debby_p19_2550x3300.sdr.png,iq_asharp,10,44,7857,72.8140,
5300-noaa-hurricane-documents,imazen-26-png-v3/png-v3/5300-noaa-hurricane-documents/5312_noaa_nhc-al042024-debby_p19_2550x3300.sdr.png,iq_both,6,20,10145,88.4248,
5300-noaa-hurricane-documents,imazen-26-png-v3/png-v3/5300-noaa-hurricane-documents/5312_noaa_nhc-al042024-debby_p19_2550x3300.sdr.png,iq_both,6,32,7616,84.4355,
5300-noaa-hurricane-documents,imazen-26-png-v3/png-v3/5300-noaa-hurricane-documents/5312_noaa_nhc-al042024-debby_p19_2550x3300.sdr.png,iq_both,6,44,6011,78.5138,
5300-noaa-hurricane-documents,imazen-26-png-v3/png-v3/5300-noaa-hurricane-documents/5312_noaa_nhc-al042024-debby_p19_2550x3300.sdr.png,iq_both,10,20,14020,88.5042,
5300-noaa-hurricane-documents,imazen-26-png-v3/png-v3/5300-noaa-hurricane-documents/5312_noaa_nhc-al042024-debby_p19_2550x3300.sdr.png,iq_both,10,32,11273,80.5954,
5300-noaa-hurricane-documents,imazen-26-png-v3/png-v3/5300-noaa-hurricane-documents/5312_noaa_nhc-al042024-debby_p19_2550x3300.sdr.png,iq_both,10,44,7857,72.0124,
5300-noaa-hurricane-documents,imazen-26-png-v3/png-v3/5300-noaa-hurricane-documents/5312_noaa_nhc-al042024-debby_p19_2550x3300.sdr.png,adef,6,20,8555,87.3891,
5300-noaa-hurricane-documents,imazen-26-png-v3/png-v3/5300-noaa-hurricane-documents/5312_noaa_nhc-al042024-debby_p19_2550x3300.sdr.png,adef,6,32,6929,83.9971,
5300-noaa-hurricane-documents,imazen-26-png-v3/png-v3/5300-noaa-hurricane-documents/5312_noaa_nhc-al042024-debby_p19_2550x3300.sdr.png,adef,6,44,5550,73.8166,
5300-noaa-hurricane-documents,imazen-26-png-v3/png-v3/5300-noaa-hurricane-documents/5312_noaa_nhc-al042024-debby_p19_2550x3300.sdr.png,adef,10,20,22134,81.1742,
5300-noaa-hurricane-documents,imazen-26-png-v3/png-v3/5300-noaa-hurricane-documents/5312_noaa_nhc-al042024-debby_p19_2550x3300.sdr.png,adef,10,32,15104,74.6737,
5300-noaa-hurricane-documents,imazen-26-png-v3/png-v3/5300-noaa-hurricane-documents/5312_noaa_nhc-al042024-debby_p19_2550x3300.sdr.png,adef,10,44,8463,56.0870,
5300-noaa-hurricane-documents,imazen-26-png-v3/png-v3/5300-noaa-hurricane-documents/5312_noaa_nhc-al042024-debby_p19_2550x3300.sdr.png,asharp,6,20,8555,87.5168,
5300-noaa-hurricane-documents,imazen-26-png-v3/png-v3/5300-noaa-hurricane-documents/5312_noaa_nhc-al042024-debby_p19_2550x3300.sdr.png,asharp,6,32,6929,84.0208,
5300-noaa-hurricane-documents,imazen-26-png-v3/png-v3/5300-noaa-hurricane-documents/5312_noaa_nhc-al042024-debby_p19_2550x3300.sdr.png,asharp,6,44,5550,73.8560,
5300-noaa-hurricane-documents,imazen-26-png-v3/png-v3/5300-noaa-hurricane-documents/5312_noaa_nhc-al042024-debby_p19_2550x3300.sdr.png,asharp,10,20,22134,81.3243,
5300-noaa-hurricane-documents,imazen-26-png-v3/png-v3/5300-noaa-hurricane-documents/5312_noaa_nhc-al042024-debby_p19_2550x3300.sdr.png,asharp,10,32,15104,74.7943,
5300-noaa-hurricane-documents,imazen-26-png-v3/png-v3/5300-noaa-hurricane-documents/5312_noaa_nhc-al042024-debby_p19_2550x3300.sdr.png,asharp,10,44,8463,56.7650,
5300-noaa-hurricane-documents,imazen-26-png-v3/png-v3/5300-noaa-hurricane-documents/5312_noaa_nhc-al042024-debby_p19_2550x3300.sdr.png,iq_dlf,6,20,10178,88.7252,
5300-noaa-hurricane-documents,imazen-26-png-v3/png-v3/5300-noaa-hurricane-documents/5312_noaa_nhc-al042024-debby_p19_2550x3300.sdr.png,iq_dlf,6,32,7653,84.8317,
5300-noaa-hurricane-documents,imazen-26-png-v3/png-v3/5300-noaa-hurricane-documents/5312_noaa_nhc-al042024-debby_p19_2550x3300.sdr.png,iq_dlf,6,44,6051,78.4611,
5300-noaa-hurricane-documents,imazen-26-png-v3/png-v3/5300-noaa-hurricane-documents/5312_noaa_nhc-al042024-debby_p19_2550x3300.sdr.png,iq_dlf,10,20,14054,88.2579,
5300-noaa-hurricane-documents,imazen-26-png-v3/png-v3/5300-noaa-hurricane-documents/5312_noaa_nhc-al042024-debby_p19_2550x3300.sdr.png,iq_dlf,10,32,11310,80.9587,
5300-noaa-hurricane-documents,imazen-26-png-v3/png-v3/5300-noaa-hurricane-documents/5312_noaa_nhc-al042024-debby_p19_2550x3300.sdr.png,iq_dlf,10,44,7895,72.6425,
5300-noaa-hurricane-documents,imazen-26-png-v3/png-v3/5300-noaa-hurricane-documents/5312_noaa_nhc-al042024-debby_p19_2550x3300.sdr.png,iq_all,6,20,10178,88.3753,
5300-noaa-hurricane-documents,imazen-26-png-v3/png-v3/5300-noaa-hurricane-documents/5312_noaa_nhc-al042024-debby_p19_2550x3300.sdr.png,iq_all,6,32,7653,84.3554,
5300-noaa-hurricane-documents,imazen-26-png-v3/png-v3/5300-noaa-hurricane-documents/5312_noaa_nhc-al042024-debby_p19_2550x3300.sdr.png,iq_all,6,44,6051,78.2837,
5300-noaa-hurricane-documents,imazen-26-png-v3/png-v3/5300-noaa-hurricane-documents/5312_noaa_nhc-al042024-debby_p19_2550x3300.sdr.png,iq_all,10,20,14054,88.2536,
5300-noaa-hurricane-documents,imazen-26-png-v3/png-v3/5300-noaa-hurricane-documents/5312_noaa_nhc-al042024-debby_p19_2550x3300.sdr.png,iq_all,10,32,11310,80.5424,
5300-noaa-hurricane-documents,imazen-26-png-v3/png-v3/5300-noaa-hurricane-documents/5312_noaa_nhc-al042024-debby_p19_2550x3300.sdr.png,iq_all,10,44,7895,71.6823,
6000-lilith-scans-public-patents,imazen-26-png-v3/png-v3/6000-lilith-scans-public-patents/lynn_conway_us5046022_printrescangray300/6069_scans-patents_lynn-conway-us5046022-rescan-gray_p011_2479x3230.sdr.png,iq_adef,6,20,38753,87.7632,
6000-lilith-scans-public-patents,imazen-26-png-v3/png-v3/6000-lilith-scans-public-patents/lynn_conway_us5046022_printrescangray300/6069_scans-patents_lynn-conway-us5046022-rescan-gray_p011_2479x3230.sdr.png,iq_adef,6,32,25277,83.6722,
6000-lilith-scans-public-patents,imazen-26-png-v3/png-v3/6000-lilith-scans-public-patents/lynn_conway_us5046022_printrescangray300/6069_scans-patents_lynn-conway-us5046022-rescan-gray_p011_2479x3230.sdr.png,iq_adef,6,44,14419,70.9811,
6000-lilith-scans-public-patents,imazen-26-png-v3/png-v3/6000-lilith-scans-public-patents/lynn_conway_us5046022_printrescangray300/6069_scans-patents_lynn-conway-us5046022-rescan-gray_p011_2479x3230.sdr.png,iq_adef,10,20,42097,87.4299,
6000-lilith-scans-public-patents,imazen-26-png-v3/png-v3/6000-lilith-scans-public-patents/lynn_conway_us5046022_printrescangray300/6069_scans-patents_lynn-conway-us5046022-rescan-gray_p011_2479x3230.sdr.png,iq_adef,10,32,26980,81.2988,
6000-lilith-scans-public-patents,imazen-26-png-v3/png-v3/6000-lilith-scans-public-patents/lynn_conway_us5046022_printrescangray300/6069_scans-patents_lynn-conway-us5046022-rescan-gray_p011_2479x3230.sdr.png,iq_adef,10,44,15172,68.5749,
6000-lilith-scans-public-patents,imazen-26-png-v3/png-v3/6000-lilith-scans-public-patents/lynn_conway_us5046022_printrescangray300/6069_scans-patents_lynn-conway-us5046022-rescan-gray_p011_2479x3230.sdr.png,iq_asharp,6,20,38753,88.0070,
6000-lilith-scans-public-patents,imazen-26-png-v3/png-v3/6000-lilith-scans-public-patents/lynn_conway_us5046022_printrescangray300/6069_scans-patents_lynn-conway-us5046022-rescan-gray_p011_2479x3230.sdr.png,iq_asharp,6,32,25277,83.9782,
6000-lilith-scans-public-patents,imazen-26-png-v3/png-v3/6000-lilith-scans-public-patents/lynn_conway_us5046022_printrescangray300/6069_scans-patents_lynn-conway-us5046022-rescan-gray_p011_2479x3230.sdr.png,iq_asharp,6,44,14419,71.4583,
6000-lilith-scans-public-patents,imazen-26-png-v3/png-v3/6000-lilith-scans-public-patents/lynn_conway_us5046022_printrescangray300/6069_scans-patents_lynn-conway-us5046022-rescan-gray_p011_2479x3230.sdr.png,iq_asharp,10,20,42097,87.4299,
6000-lilith-scans-public-patents,imazen-26-png-v3/png-v3/6000-lilith-scans-public-patents/lynn_conway_us5046022_printrescangray300/6069_scans-patents_lynn-conway-us5046022-rescan-gray_p011_2479x3230.sdr.png,iq_asharp,10,32,26980,81.2988,
6000-lilith-scans-public-patents,imazen-26-png-v3/png-v3/6000-lilith-scans-public-patents/lynn_conway_us5046022_printrescangray300/6069_scans-patents_lynn-conway-us5046022-rescan-gray_p011_2479x3230.sdr.png,iq_asharp,10,44,15172,68.5749,
6000-lilith-scans-public-patents,imazen-26-png-v3/png-v3/6000-lilith-scans-public-patents/lynn_conway_us5046022_printrescangray300/6069_scans-patents_lynn-conway-us5046022-rescan-gray_p011_2479x3230.sdr.png,iq_both,6,20,38753,87.7632,
6000-lilith-scans-public-patents,imazen-26-png-v3/png-v3/6000-lilith-scans-public-patents/lynn_conway_us5046022_printrescangray300/6069_scans-patents_lynn-conway-us5046022-rescan-gray_p011_2479x3230.sdr.png,iq_both,6,32,25277,83.6722,
6000-lilith-scans-public-patents,imazen-26-png-v3/png-v3/6000-lilith-scans-public-patents/lynn_conway_us5046022_printrescangray300/6069_scans-patents_lynn-conway-us5046022-rescan-gray_p011_2479x3230.sdr.png,iq_both,6,44,14419,70.9811,
6000-lilith-scans-public-patents,imazen-26-png-v3/png-v3/6000-lilith-scans-public-patents/lynn_conway_us5046022_printrescangray300/6069_scans-patents_lynn-conway-us5046022-rescan-gray_p011_2479x3230.sdr.png,iq_both,10,20,42097,87.4299,
6000-lilith-scans-public-patents,imazen-26-png-v3/png-v3/6000-lilith-scans-public-patents/lynn_conway_us5046022_printrescangray300/6069_scans-patents_lynn-conway-us5046022-rescan-gray_p011_2479x3230.sdr.png,iq_both,10,32,26980,81.2988,
6000-lilith-scans-public-patents,imazen-26-png-v3/png-v3/6000-lilith-scans-public-patents/lynn_conway_us5046022_printrescangray300/6069_scans-patents_lynn-conway-us5046022-rescan-gray_p011_2479x3230.sdr.png,iq_both,10,44,15172,68.5749,
6000-lilith-scans-public-patents,imazen-26-png-v3/png-v3/6000-lilith-scans-public-patents/lynn_conway_us5046022_printrescangray300/6069_scans-patents_lynn-conway-us5046022-rescan-gray_p011_2479x3230.sdr.png,adef,6,20,39932,88.1499,
6000-lilith-scans-public-patents,imazen-26-png-v3/png-v3/6000-lilith-scans-public-patents/lynn_conway_us5046022_printrescangray300/6069_scans-patents_lynn-conway-us5046022-rescan-gray_p011_2479x3230.sdr.png,adef,6,32,26573,84.3109,
6000-lilith-scans-public-patents,imazen-26-png-v3/png-v3/6000-lilith-scans-public-patents/lynn_conway_us5046022_printrescangray300/6069_scans-patents_lynn-conway-us5046022-rescan-gray_p011_2479x3230.sdr.png,adef,6,44,14544,71.6788,
6000-lilith-scans-public-patents,imazen-26-png-v3/png-v3/6000-lilith-scans-public-patents/lynn_conway_us5046022_printrescangray300/6069_scans-patents_lynn-conway-us5046022-rescan-gray_p011_2479x3230.sdr.png,adef,10,20,45625,86.4624,
6000-lilith-scans-public-patents,imazen-26-png-v3/png-v3/6000-lilith-scans-public-patents/lynn_conway_us5046022_printrescangray300/6069_scans-patents_lynn-conway-us5046022-rescan-gray_p011_2479x3230.sdr.png,adef,10,32,29349,80.9396,
6000-lilith-scans-public-patents,imazen-26-png-v3/png-v3/6000-lilith-scans-public-patents/lynn_conway_us5046022_printrescangray300/6069_scans-patents_lynn-conway-us5046022-rescan-gray_p011_2479x3230.sdr.png,adef,10,44,15237,66.7507,
6000-lilith-scans-public-patents,imazen-26-png-v3/png-v3/6000-lilith-scans-public-patents/lynn_conway_us5046022_printrescangray300/6069_scans-patents_lynn-conway-us5046022-rescan-gray_p011_2479x3230.sdr.png,asharp,6,20,39932,88.2886,
6000-lilith-scans-public-patents,imazen-26-png-v3/png-v3/6000-lilith-scans-public-patents/lynn_conway_us5046022_printrescangray300/6069_scans-patents_lynn-conway-us5046022-rescan-gray_p011_2479x3230.sdr.png,asharp,6,32,26573,84.5595,
6000-lilith-scans-public-patents,imazen-26-png-v3/png-v3/6000-lilith-scans-public-patents/lynn_conway_us5046022_printrescangray300/6069_scans-patents_lynn-conway-us5046022-rescan-gray_p011_2479x3230.sdr.png,asharp,6,44,14544,72.2120,
6000-lilith-scans-public-patents,imazen-26-png-v3/png-v3/6000-lilith-scans-public-patents/lynn_conway_us5046022_printrescangray300/6069_scans-patents_lynn-conway-us5046022-rescan-gray_p011_2479x3230.sdr.png,asharp,10,20,45625,86.5542,
6000-lilith-scans-public-patents,imazen-26-png-v3/png-v3/6000-lilith-scans-public-patents/lynn_conway_us5046022_printrescangray300/6069_scans-patents_lynn-conway-us5046022-rescan-gray_p011_2479x3230.sdr.png,asharp,10,32,29349,80.9396,
6000-lilith-scans-public-patents,imazen-26-png-v3/png-v3/6000-lilith-scans-public-patents/lynn_conway_us5046022_printrescangray300/6069_scans-patents_lynn-conway-us5046022-rescan-gray_p011_2479x3230.sdr.png,asharp,10,44,15237,66.7507,
6000-lilith-scans-public-patents,imazen-26-png-v3/png-v3/6000-lilith-scans-public-patents/lynn_conway_us5046022_printrescangray300/6069_scans-patents_lynn-conway-us5046022-rescan-gray_p011_2479x3230.sdr.png,iq_dlf,6,20,38771,88.0022,
6000-lilith-scans-public-patents,imazen-26-png-v3/png-v3/6000-lilith-scans-public-patents/lynn_conway_us5046022_printrescangray300/6069_scans-patents_lynn-conway-us5046022-rescan-gray_p011_2479x3230.sdr.png,iq_dlf,6,32,25298,84.0019,
6000-lilith-scans-public-patents,imazen-26-png-v3/png-v3/6000-lilith-scans-public-patents/lynn_conway_us5046022_printrescangray300/6069_scans-patents_lynn-conway-us5046022-rescan-gray_p011_2479x3230.sdr.png,iq_dlf,6,44,14442,71.4936,
6000-lilith-scans-public-patents,imazen-26-png-v3/png-v3/6000-lilith-scans-public-patents/lynn_conway_us5046022_printrescangray300/6069_scans-patents_lynn-conway-us5046022-rescan-gray_p011_2479x3230.sdr.png,iq_dlf,10,20,42115,87.4735,
6000-lilith-scans-public-patents,imazen-26-png-v3/png-v3/6000-lilith-scans-public-patents/lynn_conway_us5046022_printrescangray300/6069_scans-patents_lynn-conway-us5046022-rescan-gray_p011_2479x3230.sdr.png,iq_dlf,10,32,27000,81.2644,
6000-lilith-scans-public-patents,imazen-26-png-v3/png-v3/6000-lilith-scans-public-patents/lynn_conway_us5046022_printrescangray300/6069_scans-patents_lynn-conway-us5046022-rescan-gray_p011_2479x3230.sdr.png,iq_dlf,10,44,15196,68.5722,
6000-lilith-scans-public-patents,imazen-26-png-v3/png-v3/6000-lilith-scans-public-patents/lynn_conway_us5046022_printrescangray300/6069_scans-patents_lynn-conway-us5046022-rescan-gray_p011_2479x3230.sdr.png,iq_all,6,20,38771,87.8215,
6000-lilith-scans-public-patents,imazen-26-png-v3/png-v3/6000-lilith-scans-public-patents/lynn_conway_us5046022_printrescangray300/6069_scans-patents_lynn-conway-us5046022-rescan-gray_p011_2479x3230.sdr.png,iq_all,6,32,25298,83.6568,
6000-lilith-scans-public-patents,imazen-26-png-v3/png-v3/6000-lilith-scans-public-patents/lynn_conway_us5046022_printrescangray300/6069_scans-patents_lynn-conway-us5046022-rescan-gray_p011_2479x3230.sdr.png,iq_all,6,44,14442,70.9652,
6000-lilith-scans-public-patents,imazen-26-png-v3/png-v3/6000-lilith-scans-public-patents/lynn_conway_us5046022_printrescangray300/6069_scans-patents_lynn-conway-us5046022-rescan-gray_p011_2479x3230.sdr.png,iq_all,10,20,42115,87.4735,
6000-lilith-scans-public-patents,imazen-26-png-v3/png-v3/6000-lilith-scans-public-patents/lynn_conway_us5046022_printrescangray300/6069_scans-patents_lynn-conway-us5046022-rescan-gray_p011_2479x3230.sdr.png,iq_all,10,32,27000,81.2644,
6000-lilith-scans-public-patents,imazen-26-png-v3/png-v3/6000-lilith-scans-public-patents/lynn_conway_us5046022_printrescangray300/6069_scans-patents_lynn-conway-us5046022-rescan-gray_p011_2479x3230.sdr.png,iq_all,10,44,15196,68.5722,
6000-lilith-scans-public-patents,imazen-26-png-v3/png-v3/6000-lilith-scans-public-patents/martha_jones_us77494_printrescancolor300/6093_scans-patents_martha-jones-us77494-rescan-color_p002_2479x3230.sdr.png,iq_adef,6,20,39673,84.2880,
6000-lilith-scans-public-patents,imazen-26-png-v3/png-v3/6000-lilith-scans-public-patents/martha_jones_us77494_printrescancolor300/6093_scans-patents_martha-jones-us77494-rescan-color_p002_2479x3230.sdr.png,iq_adef,6,32,25881,79.3143,
6000-lilith-scans-public-patents,imazen-26-png-v3/png-v3/6000-lilith-scans-public-patents/martha_jones_us77494_printrescancolor300/6093_scans-patents_martha-jones-us77494-rescan-color_p002_2479x3230.sdr.png,iq_adef,6,44,15132,70.3402,
6000-lilith-scans-public-patents,imazen-26-png-v3/png-v3/6000-lilith-scans-public-patents/martha_jones_us77494_printrescancolor300/6093_scans-patents_martha-jones-us77494-rescan-color_p002_2479x3230.sdr.png,iq_adef,10,20,44386,83.7681,
6000-lilith-scans-public-patents,imazen-26-png-v3/png-v3/6000-lilith-scans-public-patents/martha_jones_us77494_printrescancolor300/6093_scans-patents_martha-jones-us77494-rescan-color_p002_2479x3230.sdr.png,iq_adef,10,32,27752,76.8269,
6000-lilith-scans-public-patents,imazen-26-png-v3/png-v3/6000-lilith-scans-public-patents/martha_jones_us77494_printrescancolor300/6093_scans-patents_martha-jones-us77494-rescan-color_p002_2479x3230.sdr.png,iq_adef,10,44,15673,65.4909,
6000-lilith-scans-public-patents,imazen-26-png-v3/png-v3/6000-lilith-scans-public-patents/martha_jones_us77494_printrescancolor300/6093_scans-patents_martha-jones-us77494-rescan-color_p002_2479x3230.sdr.png,iq_asharp,6,20,39668,84.5146,
6000-lilith-scans-public-patents,imazen-26-png-v3/png-v3/6000-lilith-scans-public-patents/martha_jones_us77494_printrescancolor300/6093_scans-patents_martha-jones-us77494-rescan-color_p002_2479x3230.sdr.png,iq_asharp,6,32,25881,79.4687,
6000-lilith-scans-public-patents,imazen-26-png-v3/png-v3/6000-lilith-scans-public-patents/martha_jones_us77494_printrescancolor300/6093_scans-patents_martha-jones-us77494-rescan-color_p002_2479x3230.sdr.png,iq_asharp,6,44,15132,71.0908,
6000-lilith-scans-public-patents,imazen-26-png-v3/png-v3/6000-lilith-scans-public-patents/martha_jones_us77494_printrescancolor300/6093_scans-patents_martha-jones-us77494-rescan-color_p002_2479x3230.sdr.png,iq_asharp,10,20,44386,83.7818,
6000-lilith-scans-public-patents,imazen-26-png-v3/png-v3/6000-lilith-scans-public-patents/martha_jones_us77494_printrescancolor300/6093_scans-patents_martha-jones-us77494-rescan-color_p002_2479x3230.sdr.png,iq_asharp,10,32,27752,77.3250,
6000-lilith-scans-public-patents,imazen-26-png-v3/png-v3/6000-lilith-scans-public-patents/martha_jones_us77494_printrescancolor300/6093_scans-patents_martha-jones-us77494-rescan-color_p002_2479x3230.sdr.png,iq_asharp,10,44,15673,65.5505,
6000-lilith-scans-public-patents,imazen-26-png-v3/png-v3/6000-lilith-scans-public-patents/martha_jones_us77494_printrescancolor300/6093_scans-patents_martha-jones-us77494-rescan-color_p002_2479x3230.sdr.png,iq_both,6,20,39673,84.2880,
6000-lilith-scans-public-patents,imazen-26-png-v3/png-v3/6000-lilith-scans-public-patents/martha_jones_us77494_printrescancolor300/6093_scans-patents_martha-jones-us77494-rescan-color_p002_2479x3230.sdr.png,iq_both,6,32,25881,79.3143,
6000-lilith-scans-public-patents,imazen-26-png-v3/png-v3/6000-lilith-scans-public-patents/martha_jones_us77494_printrescancolor300/6093_scans-patents_martha-jones-us77494-rescan-color_p002_2479x3230.sdr.png,iq_both,6,44,15132,70.3402,
6000-lilith-scans-public-patents,imazen-26-png-v3/png-v3/6000-lilith-scans-public-patents/martha_jones_us77494_printrescancolor300/6093_scans-patents_martha-jones-us77494-rescan-color_p002_2479x3230.sdr.png,iq_both,10,20,44386,83.7681,
6000-lilith-scans-public-patents,imazen-26-png-v3/png-v3/6000-lilith-scans-public-patents/martha_jones_us77494_printrescancolor300/6093_scans-patents_martha-jones-us77494-rescan-color_p002_2479x3230.sdr.png,iq_both,10,32,27752,76.8269,
6000-lilith-scans-public-patents,imazen-26-png-v3/png-v3/6000-lilith-scans-public-patents/martha_jones_us77494_printrescancolor300/6093_scans-patents_martha-jones-us77494-rescan-color_p002_2479x3230.sdr.png,iq_both,10,44,15673,65.4909,
6000-lilith-scans-public-patents,imazen-26-png-v3/png-v3/6000-lilith-scans-public-patents/martha_jones_us77494_printrescancolor300/6093_scans-patents_martha-jones-us77494-rescan-color_p002_2479x3230.sdr.png,adef,6,20,38747,82.7708,
6000-lilith-scans-public-patents,imazen-26-png-v3/png-v3/6000-lilith-scans-public-patents/martha_jones_us77494_printrescancolor300/6093_scans-patents_martha-jones-us77494-rescan-color_p002_2479x3230.sdr.png,adef,6,32,26103,80.3575,
6000-lilith-scans-public-patents,imazen-26-png-v3/png-v3/6000-lilith-scans-public-patents/martha_jones_us77494_printrescancolor300/6093_scans-patents_martha-jones-us77494-rescan-color_p002_2479x3230.sdr.png,adef,6,44,15443,72.5078,
6000-lilith-scans-public-patents,imazen-26-png-v3/png-v3/6000-lilith-scans-public-patents/martha_jones_us77494_printrescancolor300/6093_scans-patents_martha-jones-us77494-rescan-color_p002_2479x3230.sdr.png,adef,10,20,47609,83.5733,
6000-lilith-scans-public-patents,imazen-26-png-v3/png-v3/6000-lilith-scans-public-patents/martha_jones_us77494_printrescancolor300/6093_scans-patents_martha-jones-us77494-rescan-color_p002_2479x3230.sdr.png,adef,10,32,30814,77.5138,
6000-lilith-scans-public-patents,imazen-26-png-v3/png-v3/6000-lilith-scans-public-patents/martha_jones_us77494_printrescancolor300/6093_scans-patents_martha-jones-us77494-rescan-color_p002_2479x3230.sdr.png,adef,10,44,16348,66.2713,
6000-lilith-scans-public-patents,imazen-26-png-v3/png-v3/6000-lilith-scans-public-patents/martha_jones_us77494_printrescancolor300/6093_scans-patents_martha-jones-us77494-rescan-color_p002_2479x3230.sdr.png,asharp,6,20,38747,82.8230,
6000-lilith-scans-public-patents,imazen-26-png-v3/png-v3/6000-lilith-scans-public-patents/martha_jones_us77494_printrescancolor300/6093_scans-patents_martha-jones-us77494-rescan-color_p002_2479x3230.sdr.png,asharp,6,32,26103,80.4411,
6000-lilith-scans-public-patents,imazen-26-png-v3/png-v3/6000-lilith-scans-public-patents/martha_jones_us77494_printrescancolor300/6093_scans-patents_martha-jones-us77494-rescan-color_p002_2479x3230.sdr.png,asharp,6,44,15443,73.2669,
6000-lilith-scans-public-patents,imazen-26-png-v3/png-v3/6000-lilith-scans-public-patents/martha_jones_us77494_printrescancolor300/6093_scans-patents_martha-jones-us77494-rescan-color_p002_2479x3230.sdr.png,asharp,10,20,47609,83.6680,
6000-lilith-scans-public-patents,imazen-26-png-v3/png-v3/6000-lilith-scans-public-patents/martha_jones_us77494_printrescancolor300/6093_scans-patents_martha-jones-us77494-rescan-color_p002_2479x3230.sdr.png,asharp,10,32,30814,77.6199,
6000-lilith-scans-public-patents,imazen-26-png-v3/png-v3/6000-lilith-scans-public-patents/martha_jones_us77494_printrescancolor300/6093_scans-patents_martha-jones-us77494-rescan-color_p002_2479x3230.sdr.png,asharp,10,44,16348,66.2713,
6000-lilith-scans-public-patents,imazen-26-png-v3/png-v3/6000-lilith-scans-public-patents/martha_jones_us77494_printrescancolor300/6093_scans-patents_martha-jones-us77494-rescan-color_p002_2479x3230.sdr.png,iq_dlf,6,20,39678,84.5485,
6000-lilith-scans-public-patents,imazen-26-png-v3/png-v3/6000-lilith-scans-public-patents/martha_jones_us77494_printrescancolor300/6093_scans-patents_martha-jones-us77494-rescan-color_p002_2479x3230.sdr.png,iq_dlf,6,32,25893,79.4525,
6000-lilith-scans-public-patents,imazen-26-png-v3/png-v3/6000-lilith-scans-public-patents/martha_jones_us77494_printrescancolor300/6093_scans-patents_martha-jones-us77494-rescan-color_p002_2479x3230.sdr.png,iq_dlf,6,44,15145,71.0947,
6000-lilith-scans-public-patents,imazen-26-png-v3/png-v3/6000-lilith-scans-public-patents/martha_jones_us77494_printrescancolor300/6093_scans-patents_martha-jones-us77494-rescan-color_p002_2479x3230.sdr.png,iq_dlf,10,20,44395,83.8057,
6000-lilith-scans-public-patents,imazen-26-png-v3/png-v3/6000-lilith-scans-public-patents/martha_jones_us77494_printrescancolor300/6093_scans-patents_martha-jones-us77494-rescan-color_p002_2479x3230.sdr.png,iq_dlf,10,32,27763,77.3454,
6000-lilith-scans-public-patents,imazen-26-png-v3/png-v3/6000-lilith-scans-public-patents/martha_jones_us77494_printrescancolor300/6093_scans-patents_martha-jones-us77494-rescan-color_p002_2479x3230.sdr.png,iq_dlf,10,44,15686,65.5256,
6000-lilith-scans-public-patents,imazen-26-png-v3/png-v3/6000-lilith-scans-public-patents/martha_jones_us77494_printrescancolor300/6093_scans-patents_martha-jones-us77494-rescan-color_p002_2479x3230.sdr.png,iq_all,6,20,39683,84.3414,
6000-lilith-scans-public-patents,imazen-26-png-v3/png-v3/6000-lilith-scans-public-patents/martha_jones_us77494_printrescancolor300/6093_scans-patents_martha-jones-us77494-rescan-color_p002_2479x3230.sdr.png,iq_all,6,32,25893,79.3114,
6000-lilith-scans-public-patents,imazen-26-png-v3/png-v3/6000-lilith-scans-public-patents/martha_jones_us77494_printrescancolor300/6093_scans-patents_martha-jones-us77494-rescan-color_p002_2479x3230.sdr.png,iq_all,6,44,15145,70.3387,
6000-lilith-scans-public-patents,imazen-26-png-v3/png-v3/6000-lilith-scans-public-patents/martha_jones_us77494_printrescancolor300/6093_scans-patents_martha-jones-us77494-rescan-color_p002_2479x3230.sdr.png,iq_all,10,20,44395,83.7405,
6000-lilith-scans-public-patents,imazen-26-png-v3/png-v3/6000-lilith-scans-public-patents/martha_jones_us77494_printrescancolor300/6093_scans-patents_martha-jones-us77494-rescan-color_p002_2479x3230.sdr.png,iq_all,10,32,27763,76.8202,
6000-lilith-scans-public-patents,imazen-26-png-v3/png-v3/6000-lilith-scans-public-patents/martha_jones_us77494_printrescancolor300/6093_scans-patents_martha-jones-us77494-rescan-color_p002_2479x3230.sdr.png,iq_all,10,44,15686,65.4662,
6600-ia-scans-manuscript-illustrations,imazen-26-png-v3/png-v3/6600-ia-scans-manuscript-illustrations/6609_scans-illustrations_hokusai-insects-creatures_plate0019_6234x4925.sdr.png,iq_adef,6,20,27836,80.2448,
6600-ia-scans-manuscript-illustrations,imazen-26-png-v3/png-v3/6600-ia-scans-manuscript-illustrations/6609_scans-illustrations_hokusai-insects-creatures_plate0019_6234x4925.sdr.png,iq_adef,6,32,17200,69.2537,
6600-ia-scans-manuscript-illustrations,imazen-26-png-v3/png-v3/6600-ia-scans-manuscript-illustrations/6609_scans-illustrations_hokusai-insects-creatures_plate0019_6234x4925.sdr.png,iq_adef,6,44,6597,39.2461,
6600-ia-scans-manuscript-illustrations,imazen-26-png-v3/png-v3/6600-ia-scans-manuscript-illustrations/6609_scans-illustrations_hokusai-insects-creatures_plate0019_6234x4925.sdr.png,iq_adef,10,20,29360,79.8523,
6600-ia-scans-manuscript-illustrations,imazen-26-png-v3/png-v3/6600-ia-scans-manuscript-illustrations/6609_scans-illustrations_hokusai-insects-creatures_plate0019_6234x4925.sdr.png,iq_adef,10,32,18022,69.2396,
6600-ia-scans-manuscript-illustrations,imazen-26-png-v3/png-v3/6600-ia-scans-manuscript-illustrations/6609_scans-illustrations_hokusai-insects-creatures_plate0019_6234x4925.sdr.png,iq_adef,10,44,6999,40.2996,
6600-ia-scans-manuscript-illustrations,imazen-26-png-v3/png-v3/6600-ia-scans-manuscript-illustrations/6609_scans-illustrations_hokusai-insects-creatures_plate0019_6234x4925.sdr.png,iq_asharp,6,20,27836,80.1559,
6600-ia-scans-manuscript-illustrations,imazen-26-png-v3/png-v3/6600-ia-scans-manuscript-illustrations/6609_scans-illustrations_hokusai-insects-creatures_plate0019_6234x4925.sdr.png,iq_asharp,6,32,17200,69.2746,
6600-ia-scans-manuscript-illustrations,imazen-26-png-v3/png-v3/6600-ia-scans-manuscript-illustrations/6609_scans-illustrations_hokusai-insects-creatures_plate0019_6234x4925.sdr.png,iq_asharp,6,44,6597,39.5180,
6600-ia-scans-manuscript-illustrations,imazen-26-png-v3/png-v3/6600-ia-scans-manuscript-illustrations/6609_scans-illustrations_hokusai-insects-creatures_plate0019_6234x4925.sdr.png,iq_asharp,10,20,29360,79.9298,
6600-ia-scans-manuscript-illustrations,imazen-26-png-v3/png-v3/6600-ia-scans-manuscript-illustrations/6609_scans-illustrations_hokusai-insects-creatures_plate0019_6234x4925.sdr.png,iq_asharp,10,32,18022,69.3036,
6600-ia-scans-manuscript-illustrations,imazen-26-png-v3/png-v3/6600-ia-scans-manuscript-illustrations/6609_scans-illustrations_hokusai-insects-creatures_plate0019_6234x4925.sdr.png,iq_asharp,10,44,6999,40.5376,
6600-ia-scans-manuscript-illustrations,imazen-26-png-v3/png-v3/6600-ia-scans-manuscript-illustrations/6609_scans-illustrations_hokusai-insects-creatures_plate0019_6234x4925.sdr.png,iq_both,6,20,27836,80.2448,
6600-ia-scans-manuscript-illustrations,imazen-26-png-v3/png-v3/6600-ia-scans-manuscript-illustrations/6609_scans-illustrations_hokusai-insects-creatures_plate0019_6234x4925.sdr.png,iq_both,6,32,17200,69.2537,
6600-ia-scans-manuscript-illustrations,imazen-26-png-v3/png-v3/6600-ia-scans-manuscript-illustrations/6609_scans-illustrations_hokusai-insects-creatures_plate0019_6234x4925.sdr.png,iq_both,6,44,6597,39.2461,
6600-ia-scans-manuscript-illustrations,imazen-26-png-v3/png-v3/6600-ia-scans-manuscript-illustrations/6609_scans-illustrations_hokusai-insects-creatures_plate0019_6234x4925.sdr.png,iq_both,10,20,29360,79.8523,
6600-ia-scans-manuscript-illustrations,imazen-26-png-v3/png-v3/6600-ia-scans-manuscript-illustrations/6609_scans-illustrations_hokusai-insects-creatures_plate0019_6234x4925.sdr.png,iq_both,10,32,18022,69.2396,
6600-ia-scans-manuscript-illustrations,imazen-26-png-v3/png-v3/6600-ia-scans-manuscript-illustrations/6609_scans-illustrations_hokusai-insects-creatures_plate0019_6234x4925.sdr.png,iq_both,10,44,6999,40.2996,
6600-ia-scans-manuscript-illustrations,imazen-26-png-v3/png-v3/6600-ia-scans-manuscript-illustrations/6609_scans-illustrations_hokusai-insects-creatures_plate0019_6234x4925.sdr.png,adef,6,20,17458,69.6274,
6600-ia-scans-manuscript-illustrations,imazen-26-png-v3/png-v3/6600-ia-scans-manuscript-illustrations/6609_scans-illustrations_hokusai-insects-creatures_plate0019_6234x4925.sdr.png,adef,6,32,6755,40.0102,
6600-ia-scans-manuscript-illustrations,imazen-26-png-v3/png-v3/6600-ia-scans-manuscript-illustrations/6609_scans-illustrations_hokusai-insects-creatures_plate0019_6234x4925.sdr.png,adef,6,44,1747,8.0452,
6600-ia-scans-manuscript-illustrations,imazen-26-png-v3/png-v3/6600-ia-scans-manuscript-illustrations/6609_scans-illustrations_hokusai-insects-creatures_plate0019_6234x4925.sdr.png,adef,10,20,17392,68.6525,
6600-ia-scans-manuscript-illustrations,imazen-26-png-v3/png-v3/6600-ia-scans-manuscript-illustrations/6609_scans-illustrations_hokusai-insects-creatures_plate0019_6234x4925.sdr.png,adef,10,32,6763,38.3986,
6600-ia-scans-manuscript-illustrations,imazen-26-png-v3/png-v3/6600-ia-scans-manuscript-illustrations/6609_scans-illustrations_hokusai-insects-creatures_plate0019_6234x4925.sdr.png,adef,10,44,1826,8.7486,
6600-ia-scans-manuscript-illustrations,imazen-26-png-v3/png-v3/6600-ia-scans-manuscript-illustrations/6609_scans-illustrations_hokusai-insects-creatures_plate0019_6234x4925.sdr.png,asharp,6,20,17458,69.5833,
6600-ia-scans-manuscript-illustrations,imazen-26-png-v3/png-v3/6600-ia-scans-manuscript-illustrations/6609_scans-illustrations_hokusai-insects-creatures_plate0019_6234x4925.sdr.png,asharp,6,32,6755,40.0204,
6600-ia-scans-manuscript-illustrations,imazen-26-png-v3/png-v3/6600-ia-scans-manuscript-illustrations/6609_scans-illustrations_hokusai-insects-creatures_plate0019_6234x4925.sdr.png,asharp,6,44,1747,7.9819,
6600-ia-scans-manuscript-illustrations,imazen-26-png-v3/png-v3/6600-ia-scans-manuscript-illustrations/6609_scans-illustrations_hokusai-insects-creatures_plate0019_6234x4925.sdr.png,asharp,10,20,17392,68.6571,
6600-ia-scans-manuscript-illustrations,imazen-26-png-v3/png-v3/6600-ia-scans-manuscript-illustrations/6609_scans-illustrations_hokusai-insects-creatures_plate0019_6234x4925.sdr.png,asharp,10,32,6763,38.4412,
6600-ia-scans-manuscript-illustrations,imazen-26-png-v3/png-v3/6600-ia-scans-manuscript-illustrations/6609_scans-illustrations_hokusai-insects-creatures_plate0019_6234x4925.sdr.png,asharp,10,44,1826,8.5658,
6600-ia-scans-manuscript-illustrations,imazen-26-png-v3/png-v3/6600-ia-scans-manuscript-illustrations/6609_scans-illustrations_hokusai-insects-creatures_plate0019_6234x4925.sdr.png,iq_dlf,6,20,27844,80.1784,
6600-ia-scans-manuscript-illustrations,imazen-26-png-v3/png-v3/6600-ia-scans-manuscript-illustrations/6609_scans-illustrations_hokusai-insects-creatures_plate0019_6234x4925.sdr.png,iq_dlf,6,32,17219,69.3983,
6600-ia-scans-manuscript-illustrations,imazen-26-png-v3/png-v3/6600-ia-scans-manuscript-illustrations/6609_scans-illustrations_hokusai-insects-creatures_plate0019_6234x4925.sdr.png,iq_dlf,6,44,6616,39.5356,
6600-ia-scans-manuscript-illustrations,imazen-26-png-v3/png-v3/6600-ia-scans-manuscript-illustrations/6609_scans-illustrations_hokusai-insects-creatures_plate0019_6234x4925.sdr.png,iq_dlf,10,20,29368,79.7612,
6600-ia-scans-manuscript-illustrations,imazen-26-png-v3/png-v3/6600-ia-scans-manuscript-illustrations/6609_scans-illustrations_hokusai-insects-creatures_plate0019_6234x4925.sdr.png,iq_dlf,10,32,18040,69.2417,
6600-ia-scans-manuscript-illustrations,imazen-26-png-v3/png-v3/6600-ia-scans-manuscript-illustrations/6609_scans-illustrations_hokusai-insects-creatures_plate0019_6234x4925.sdr.png,iq_dlf,10,44,7018,40.5122,
6600-ia-scans-manuscript-illustrations,imazen-26-png-v3/png-v3/6600-ia-scans-manuscript-illustrations/6609_scans-illustrations_hokusai-insects-creatures_plate0019_6234x4925.sdr.png,iq_all,6,20,27844,80.2493,
6600-ia-scans-manuscript-illustrations,imazen-26-png-v3/png-v3/6600-ia-scans-manuscript-illustrations/6609_scans-illustrations_hokusai-insects-creatures_plate0019_6234x4925.sdr.png,iq_all,6,32,17219,69.2310,
6600-ia-scans-manuscript-illustrations,imazen-26-png-v3/png-v3/6600-ia-scans-manuscript-illustrations/6609_scans-illustrations_hokusai-insects-creatures_plate0019_6234x4925.sdr.png,iq_all,6,44,6616,39.2839,
6600-ia-scans-manuscript-illustrations,imazen-26-png-v3/png-v3/6600-ia-scans-manuscript-illustrations/6609_scans-illustrations_hokusai-insects-creatures_plate0019_6234x4925.sdr.png,iq_all,10,20,29368,79.6588,
6600-ia-scans-manuscript-illustrations,imazen-26-png-v3/png-v3/6600-ia-scans-manuscript-illustrations/6609_scans-illustrations_hokusai-insects-creatures_plate0019_6234x4925.sdr.png,iq_all,10,32,18040,69.0151,
6600-ia-scans-manuscript-illustrations,imazen-26-png-v3/png-v3/6600-ia-scans-manuscript-illustrations/6609_scans-illustrations_hokusai-insects-creatures_plate0019_6234x4925.sdr.png,iq_all,10,44,7018,40.2821,
6600-ia-scans-manuscript-illustrations,imazen-26-png-v3/png-v3/6600-ia-scans-manuscript-illustrations/6619_scans-illustrations_redoute-rose-pale-pink_plate0057_2912x4368.sdr.png,iq_adef,6,20,24544,80.4366,
6600-ia-scans-manuscript-illustrations,imazen-26-png-v3/png-v3/6600-ia-scans-manuscript-illustrations/6619_scans-illustrations_redoute-rose-pale-pink_plate0057_2912x4368.sdr.png,iq_adef,6,32,15724,70.1978,
6600-ia-scans-manuscript-illustrations,imazen-26-png-v3/png-v3/6600-ia-scans-manuscript-illustrations/6619_scans-illustrations_redoute-rose-pale-pink_plate0057_2912x4368.sdr.png,iq_adef,6,44,6418,37.0190,
6600-ia-scans-manuscript-illustrations,imazen-26-png-v3/png-v3/6600-ia-scans-manuscript-illustrations/6619_scans-illustrations_redoute-rose-pale-pink_plate0057_2912x4368.sdr.png,iq_adef,10,20,24732,80.4086,
6600-ia-scans-manuscript-illustrations,imazen-26-png-v3/png-v3/6600-ia-scans-manuscript-illustrations/6619_scans-illustrations_redoute-rose-pale-pink_plate0057_2912x4368.sdr.png,iq_adef,10,32,16025,69.9503,
6600-ia-scans-manuscript-illustrations,imazen-26-png-v3/png-v3/6600-ia-scans-manuscript-illustrations/6619_scans-illustrations_redoute-rose-pale-pink_plate0057_2912x4368.sdr.png,iq_adef,10,44,6566,37.2456,
6600-ia-scans-manuscript-illustrations,imazen-26-png-v3/png-v3/6600-ia-scans-manuscript-illustrations/6619_scans-illustrations_redoute-rose-pale-pink_plate0057_2912x4368.sdr.png,iq_asharp,6,20,24541,80.6243,
6600-ia-scans-manuscript-illustrations,imazen-26-png-v3/png-v3/6600-ia-scans-manuscript-illustrations/6619_scans-illustrations_redoute-rose-pale-pink_plate0057_2912x4368.sdr.png,iq_asharp,6,32,15724,70.2865,
6600-ia-scans-manuscript-illustrations,imazen-26-png-v3/png-v3/6600-ia-scans-manuscript-illustrations/6619_scans-illustrations_redoute-rose-pale-pink_plate0057_2912x4368.sdr.png,iq_asharp,6,44,6418,37.1223,
6600-ia-scans-manuscript-illustrations,imazen-26-png-v3/png-v3/6600-ia-scans-manuscript-illustrations/6619_scans-illustrations_redoute-rose-pale-pink_plate0057_2912x4368.sdr.png,iq_asharp,10,20,24732,80.4014,
6600-ia-scans-manuscript-illustrations,imazen-26-png-v3/png-v3/6600-ia-scans-manuscript-illustrations/6619_scans-illustrations_redoute-rose-pale-pink_plate0057_2912x4368.sdr.png,iq_asharp,10,32,16025,70.0311,
6600-ia-scans-manuscript-illustrations,imazen-26-png-v3/png-v3/6600-ia-scans-manuscript-illustrations/6619_scans-illustrations_redoute-rose-pale-pink_plate0057_2912x4368.sdr.png,iq_asharp,10,44,6566,37.5228,
6600-ia-scans-manuscript-illustrations,imazen-26-png-v3/png-v3/6600-ia-scans-manuscript-illustrations/6619_scans-illustrations_redoute-rose-pale-pink_plate0057_2912x4368.sdr.png,iq_both,6,20,24544,80.4366,
6600-ia-scans-manuscript-illustrations,imazen-26-png-v3/png-v3/6600-ia-scans-manuscript-illustrations/6619_scans-illustrations_redoute-rose-pale-pink_plate0057_2912x4368.sdr.png,iq_both,6,32,15724,70.1978,
6600-ia-scans-manuscript-illustrations,imazen-26-png-v3/png-v3/6600-ia-scans-manuscript-illustrations/6619_scans-illustrations_redoute-rose-pale-pink_plate0057_2912x4368.sdr.png,iq_both,6,44,6418,37.0190,
6600-ia-scans-manuscript-illustrations,imazen-26-png-v3/png-v3/6600-ia-scans-manuscript-illustrations/6619_scans-illustrations_redoute-rose-pale-pink_plate0057_2912x4368.sdr.png,iq_both,10,20,24732,80.4086,
6600-ia-scans-manuscript-illustrations,imazen-26-png-v3/png-v3/6600-ia-scans-manuscript-illustrations/6619_scans-illustrations_redoute-rose-pale-pink_plate0057_2912x4368.sdr.png,iq_both,10,32,16025,69.9503,
6600-ia-scans-manuscript-illustrations,imazen-26-png-v3/png-v3/6600-ia-scans-manuscript-illustrations/6619_scans-illustrations_redoute-rose-pale-pink_plate0057_2912x4368.sdr.png,iq_both,10,44,6566,37.2456,
6600-ia-scans-manuscript-illustrations,imazen-26-png-v3/png-v3/6600-ia-scans-manuscript-illustrations/6619_scans-illustrations_redoute-rose-pale-pink_plate0057_2912x4368.sdr.png,adef,6,20,14935,70.4265,
6600-ia-scans-manuscript-illustrations,imazen-26-png-v3/png-v3/6600-ia-scans-manuscript-illustrations/6619_scans-illustrations_redoute-rose-pale-pink_plate0057_2912x4368.sdr.png,adef,6,32,6271,40.2443,
6600-ia-scans-manuscript-illustrations,imazen-26-png-v3/png-v3/6600-ia-scans-manuscript-illustrations/6619_scans-illustrations_redoute-rose-pale-pink_plate0057_2912x4368.sdr.png,adef,6,44,1265,13.2744,
6600-ia-scans-manuscript-illustrations,imazen-26-png-v3/png-v3/6600-ia-scans-manuscript-illustrations/6619_scans-illustrations_redoute-rose-pale-pink_plate0057_2912x4368.sdr.png,adef,10,20,14673,69.7903,
6600-ia-scans-manuscript-illustrations,imazen-26-png-v3/png-v3/6600-ia-scans-manuscript-illustrations/6619_scans-illustrations_redoute-rose-pale-pink_plate0057_2912x4368.sdr.png,adef,10,32,5957,37.8011,
6600-ia-scans-manuscript-illustrations,imazen-26-png-v3/png-v3/6600-ia-scans-manuscript-illustrations/6619_scans-illustrations_redoute-rose-pale-pink_plate0057_2912x4368.sdr.png,adef,10,44,1179,15.3187,
6600-ia-scans-manuscript-illustrations,imazen-26-png-v3/png-v3/6600-ia-scans-manuscript-illustrations/6619_scans-illustrations_redoute-rose-pale-pink_plate0057_2912x4368.sdr.png,asharp,6,20,14935,70.4496,
6600-ia-scans-manuscript-illustrations,imazen-26-png-v3/png-v3/6600-ia-scans-manuscript-illustrations/6619_scans-illustrations_redoute-rose-pale-pink_plate0057_2912x4368.sdr.png,asharp,6,32,6271,40.2428,
6600-ia-scans-manuscript-illustrations,imazen-26-png-v3/png-v3/6600-ia-scans-manuscript-illustrations/6619_scans-illustrations_redoute-rose-pale-pink_plate0057_2912x4368.sdr.png,asharp,6,44,1265,13.3710,
6600-ia-scans-manuscript-illustrations,imazen-26-png-v3/png-v3/6600-ia-scans-manuscript-illustrations/6619_scans-illustrations_redoute-rose-pale-pink_plate0057_2912x4368.sdr.png,asharp,10,20,14673,69.8268,
6600-ia-scans-manuscript-illustrations,imazen-26-png-v3/png-v3/6600-ia-scans-manuscript-illustrations/6619_scans-illustrations_redoute-rose-pale-pink_plate0057_2912x4368.sdr.png,asharp,10,32,5957,37.8389,
6600-ia-scans-manuscript-illustrations,imazen-26-png-v3/png-v3/6600-ia-scans-manuscript-illustrations/6619_scans-illustrations_redoute-rose-pale-pink_plate0057_2912x4368.sdr.png,asharp,10,44,1179,15.2110,
6600-ia-scans-manuscript-illustrations,imazen-26-png-v3/png-v3/6600-ia-scans-manuscript-illustrations/6619_scans-illustrations_redoute-rose-pale-pink_plate0057_2912x4368.sdr.png,iq_dlf,6,20,24547,80.4998,
6600-ia-scans-manuscript-illustrations,imazen-26-png-v3/png-v3/6600-ia-scans-manuscript-illustrations/6619_scans-illustrations_redoute-rose-pale-pink_plate0057_2912x4368.sdr.png,iq_dlf,6,32,15746,70.3164,
6600-ia-scans-manuscript-illustrations,imazen-26-png-v3/png-v3/6600-ia-scans-manuscript-illustrations/6619_scans-illustrations_redoute-rose-pale-pink_plate0057_2912x4368.sdr.png,iq_dlf,6,44,6429,37.2122,
6600-ia-scans-manuscript-illustrations,imazen-26-png-v3/png-v3/6600-ia-scans-manuscript-illustrations/6619_scans-illustrations_redoute-rose-pale-pink_plate0057_2912x4368.sdr.png,iq_dlf,10,20,24734,80.3311,
6600-ia-scans-manuscript-illustrations,imazen-26-png-v3/png-v3/6600-ia-scans-manuscript-illustrations/6619_scans-illustrations_redoute-rose-pale-pink_plate0057_2912x4368.sdr.png,iq_dlf,10,32,16036,70.0174,
6600-ia-scans-manuscript-illustrations,imazen-26-png-v3/png-v3/6600-ia-scans-manuscript-illustrations/6619_scans-illustrations_redoute-rose-pale-pink_plate0057_2912x4368.sdr.png,iq_dlf,10,44,6577,37.6403,
6600-ia-scans-manuscript-illustrations,imazen-26-png-v3/png-v3/6600-ia-scans-manuscript-illustrations/6619_scans-illustrations_redoute-rose-pale-pink_plate0057_2912x4368.sdr.png,iq_all,6,20,24550,80.4025,
6600-ia-scans-manuscript-illustrations,imazen-26-png-v3/png-v3/6600-ia-scans-manuscript-illustrations/6619_scans-illustrations_redoute-rose-pale-pink_plate0057_2912x4368.sdr.png,iq_all,6,32,15746,70.1716,
6600-ia-scans-manuscript-illustrations,imazen-26-png-v3/png-v3/6600-ia-scans-manuscript-illustrations/6619_scans-illustrations_redoute-rose-pale-pink_plate0057_2912x4368.sdr.png,iq_all,6,44,6430,37.1229,
6600-ia-scans-manuscript-illustrations,imazen-26-png-v3/png-v3/6600-ia-scans-manuscript-illustrations/6619_scans-illustrations_redoute-rose-pale-pink_plate0057_2912x4368.sdr.png,iq_all,10,20,24734,80.2266,
6600-ia-scans-manuscript-illustrations,imazen-26-png-v3/png-v3/6600-ia-scans-manuscript-illustrations/6619_scans-illustrations_redoute-rose-pale-pink_plate0057_2912x4368.sdr.png,iq_all,10,32,16036,69.7809,
6600-ia-scans-manuscript-illustrations,imazen-26-png-v3/png-v3/6600-ia-scans-manuscript-illustrations/6619_scans-illustrations_redoute-rose-pale-pink_plate0057_2912x4368.sdr.png,iq_all,10,44,6577,37.3616,
6800-ia-scans-manuscript-text,imazen-26-png-v3/png-v3/6800-ia-scans-manuscript-text/6825_scans-text_redoute-fr-description_p0060_2415x3528.sdr.png,iq_adef,6,20,17403,79.2350,
6800-ia-scans-manuscript-text,imazen-26-png-v3/png-v3/6800-ia-scans-manuscript-text/6825_scans-text_redoute-fr-description_p0060_2415x3528.sdr.png,iq_adef,6,32,9575,68.9940,
6800-ia-scans-manuscript-text,imazen-26-png-v3/png-v3/6800-ia-scans-manuscript-text/6825_scans-text_redoute-fr-description_p0060_2415x3528.sdr.png,iq_adef,6,44,2582,46.8160,
6800-ia-scans-manuscript-text,imazen-26-png-v3/png-v3/6800-ia-scans-manuscript-text/6825_scans-text_redoute-fr-description_p0060_2415x3528.sdr.png,iq_adef,10,20,18418,79.0203,
6800-ia-scans-manuscript-text,imazen-26-png-v3/png-v3/6800-ia-scans-manuscript-text/6825_scans-text_redoute-fr-description_p0060_2415x3528.sdr.png,iq_adef,10,32,10214,68.8901,
6800-ia-scans-manuscript-text,imazen-26-png-v3/png-v3/6800-ia-scans-manuscript-text/6825_scans-text_redoute-fr-description_p0060_2415x3528.sdr.png,iq_adef,10,44,2765,47.3395,
6800-ia-scans-manuscript-text,imazen-26-png-v3/png-v3/6800-ia-scans-manuscript-text/6825_scans-text_redoute-fr-description_p0060_2415x3528.sdr.png,iq_asharp,6,20,17401,79.0980,
6800-ia-scans-manuscript-text,imazen-26-png-v3/png-v3/6800-ia-scans-manuscript-text/6825_scans-text_redoute-fr-description_p0060_2415x3528.sdr.png,iq_asharp,6,32,9576,69.0070,
6800-ia-scans-manuscript-text,imazen-26-png-v3/png-v3/6800-ia-scans-manuscript-text/6825_scans-text_redoute-fr-description_p0060_2415x3528.sdr.png,iq_asharp,6,44,2579,47.0527,
6800-ia-scans-manuscript-text,imazen-26-png-v3/png-v3/6800-ia-scans-manuscript-text/6825_scans-text_redoute-fr-description_p0060_2415x3528.sdr.png,iq_asharp,10,20,18418,79.1125,
6800-ia-scans-manuscript-text,imazen-26-png-v3/png-v3/6800-ia-scans-manuscript-text/6825_scans-text_redoute-fr-description_p0060_2415x3528.sdr.png,iq_asharp,10,32,10214,68.9197,
6800-ia-scans-manuscript-text,imazen-26-png-v3/png-v3/6800-ia-scans-manuscript-text/6825_scans-text_redoute-fr-description_p0060_2415x3528.sdr.png,iq_asharp,10,44,2765,47.4759,
6800-ia-scans-manuscript-text,imazen-26-png-v3/png-v3/6800-ia-scans-manuscript-text/6825_scans-text_redoute-fr-description_p0060_2415x3528.sdr.png,iq_both,6,20,17403,79.2350,
6800-ia-scans-manuscript-text,imazen-26-png-v3/png-v3/6800-ia-scans-manuscript-text/6825_scans-text_redoute-fr-description_p0060_2415x3528.sdr.png,iq_both,6,32,9575,68.9940,
6800-ia-scans-manuscript-text,imazen-26-png-v3/png-v3/6800-ia-scans-manuscript-text/6825_scans-text_redoute-fr-description_p0060_2415x3528.sdr.png,iq_both,6,44,2582,46.8160,
6800-ia-scans-manuscript-text,imazen-26-png-v3/png-v3/6800-ia-scans-manuscript-text/6825_scans-text_redoute-fr-description_p0060_2415x3528.sdr.png,iq_both,10,20,18418,79.0203,
6800-ia-scans-manuscript-text,imazen-26-png-v3/png-v3/6800-ia-scans-manuscript-text/6825_scans-text_redoute-fr-description_p0060_2415x3528.sdr.png,iq_both,10,32,10214,68.8901,
6800-ia-scans-manuscript-text,imazen-26-png-v3/png-v3/6800-ia-scans-manuscript-text/6825_scans-text_redoute-fr-description_p0060_2415x3528.sdr.png,iq_both,10,44,2765,47.3395,
6800-ia-scans-manuscript-text,imazen-26-png-v3/png-v3/6800-ia-scans-manuscript-text/6825_scans-text_redoute-fr-description_p0060_2415x3528.sdr.png,adef,6,20,7351,66.0130,
6800-ia-scans-manuscript-text,imazen-26-png-v3/png-v3/6800-ia-scans-manuscript-text/6825_scans-text_redoute-fr-description_p0060_2415x3528.sdr.png,adef,6,32,1606,38.6130,
6800-ia-scans-manuscript-text,imazen-26-png-v3/png-v3/6800-ia-scans-manuscript-text/6825_scans-text_redoute-fr-description_p0060_2415x3528.sdr.png,adef,6,44,585,21.2952,
6800-ia-scans-manuscript-text,imazen-26-png-v3/png-v3/6800-ia-scans-manuscript-text/6825_scans-text_redoute-fr-description_p0060_2415x3528.sdr.png,adef,10,20,7357,65.2506,
6800-ia-scans-manuscript-text,imazen-26-png-v3/png-v3/6800-ia-scans-manuscript-text/6825_scans-text_redoute-fr-description_p0060_2415x3528.sdr.png,adef,10,32,1564,37.1621,
6800-ia-scans-manuscript-text,imazen-26-png-v3/png-v3/6800-ia-scans-manuscript-text/6825_scans-text_redoute-fr-description_p0060_2415x3528.sdr.png,adef,10,44,578,20.6654,
6800-ia-scans-manuscript-text,imazen-26-png-v3/png-v3/6800-ia-scans-manuscript-text/6825_scans-text_redoute-fr-description_p0060_2415x3528.sdr.png,asharp,6,20,7351,66.0130,
6800-ia-scans-manuscript-text,imazen-26-png-v3/png-v3/6800-ia-scans-manuscript-text/6825_scans-text_redoute-fr-description_p0060_2415x3528.sdr.png,asharp,6,32,1603,38.5061,
6800-ia-scans-manuscript-text,imazen-26-png-v3/png-v3/6800-ia-scans-manuscript-text/6825_scans-text_redoute-fr-description_p0060_2415x3528.sdr.png,asharp,6,44,585,21.3317,
6800-ia-scans-manuscript-text,imazen-26-png-v3/png-v3/6800-ia-scans-manuscript-text/6825_scans-text_redoute-fr-description_p0060_2415x3528.sdr.png,asharp,10,20,7357,65.3096,
6800-ia-scans-manuscript-text,imazen-26-png-v3/png-v3/6800-ia-scans-manuscript-text/6825_scans-text_redoute-fr-description_p0060_2415x3528.sdr.png,asharp,10,32,1564,37.1929,
6800-ia-scans-manuscript-text,imazen-26-png-v3/png-v3/6800-ia-scans-manuscript-text/6825_scans-text_redoute-fr-description_p0060_2415x3528.sdr.png,asharp,10,44,578,20.8990,
6800-ia-scans-manuscript-text,imazen-26-png-v3/png-v3/6800-ia-scans-manuscript-text/6825_scans-text_redoute-fr-description_p0060_2415x3528.sdr.png,iq_dlf,6,20,17422,79.2256,
6800-ia-scans-manuscript-text,imazen-26-png-v3/png-v3/6800-ia-scans-manuscript-text/6825_scans-text_redoute-fr-description_p0060_2415x3528.sdr.png,iq_dlf,6,32,9571,69.0916,
6800-ia-scans-manuscript-text,imazen-26-png-v3/png-v3/6800-ia-scans-manuscript-text/6825_scans-text_redoute-fr-description_p0060_2415x3528.sdr.png,iq_dlf,6,44,2588,47.0365,
6800-ia-scans-manuscript-text,imazen-26-png-v3/png-v3/6800-ia-scans-manuscript-text/6825_scans-text_redoute-fr-description_p0060_2415x3528.sdr.png,iq_dlf,10,20,18435,78.9704,
6800-ia-scans-manuscript-text,imazen-26-png-v3/png-v3/6800-ia-scans-manuscript-text/6825_scans-text_redoute-fr-description_p0060_2415x3528.sdr.png,iq_dlf,10,32,10221,68.8537,
6800-ia-scans-manuscript-text,imazen-26-png-v3/png-v3/6800-ia-scans-manuscript-text/6825_scans-text_redoute-fr-description_p0060_2415x3528.sdr.png,iq_dlf,10,44,2771,47.5444,
6800-ia-scans-manuscript-text,imazen-26-png-v3/png-v3/6800-ia-scans-manuscript-text/6825_scans-text_redoute-fr-description_p0060_2415x3528.sdr.png,iq_all,6,20,17421,79.2909,
6800-ia-scans-manuscript-text,imazen-26-png-v3/png-v3/6800-ia-scans-manuscript-text/6825_scans-text_redoute-fr-description_p0060_2415x3528.sdr.png,iq_all,6,32,9573,68.8539,
6800-ia-scans-manuscript-text,imazen-26-png-v3/png-v3/6800-ia-scans-manuscript-text/6825_scans-text_redoute-fr-description_p0060_2415x3528.sdr.png,iq_all,6,44,2588,46.9301,
6800-ia-scans-manuscript-text,imazen-26-png-v3/png-v3/6800-ia-scans-manuscript-text/6825_scans-text_redoute-fr-description_p0060_2415x3528.sdr.png,iq_all,10,20,18435,78.9472,
6800-ia-scans-manuscript-text,imazen-26-png-v3/png-v3/6800-ia-scans-manuscript-text/6825_scans-text_redoute-fr-description_p0060_2415x3528.sdr.png,iq_all,10,32,10221,68.7882,
6800-ia-scans-manuscript-text,imazen-26-png-v3/png-v3/6800-ia-scans-manuscript-text/6825_scans-text_redoute-fr-description_p0060_2415x3528.sdr.png,iq_all,10,44,2771,47.3347,
6800-ia-scans-manuscript-text,imazen-26-png-v3/png-v3/6800-ia-scans-manuscript-text/6833_scans-text_redoute-fr-description_p0146_2415x3528.sdr.png,iq_adef,6,20,15272,81.1998,
6800-ia-scans-manuscript-text,imazen-26-png-v3/png-v3/6800-ia-scans-manuscript-text/6833_scans-text_redoute-fr-description_p0146_2415x3528.sdr.png,iq_adef,6,32,8956,72.7490,
6800-ia-scans-manuscript-text,imazen-26-png-v3/png-v3/6800-ia-scans-manuscript-text/6833_scans-text_redoute-fr-description_p0146_2415x3528.sdr.png,iq_adef,6,44,4287,57.4912,
6800-ia-scans-manuscript-text,imazen-26-png-v3/png-v3/6800-ia-scans-manuscript-text/6833_scans-text_redoute-fr-description_p0146_2415x3528.sdr.png,iq_adef,10,20,16594,81.0234,
6800-ia-scans-manuscript-text,imazen-26-png-v3/png-v3/6800-ia-scans-manuscript-text/6833_scans-text_redoute-fr-description_p0146_2415x3528.sdr.png,iq_adef,10,32,9613,72.5077,
6800-ia-scans-manuscript-text,imazen-26-png-v3/png-v3/6800-ia-scans-manuscript-text/6833_scans-text_redoute-fr-description_p0146_2415x3528.sdr.png,iq_adef,10,44,4641,57.2933,
6800-ia-scans-manuscript-text,imazen-26-png-v3/png-v3/6800-ia-scans-manuscript-text/6833_scans-text_redoute-fr-description_p0146_2415x3528.sdr.png,iq_asharp,6,20,15272,81.2923,
6800-ia-scans-manuscript-text,imazen-26-png-v3/png-v3/6800-ia-scans-manuscript-text/6833_scans-text_redoute-fr-description_p0146_2415x3528.sdr.png,iq_asharp,6,32,8956,72.9018,
6800-ia-scans-manuscript-text,imazen-26-png-v3/png-v3/6800-ia-scans-manuscript-text/6833_scans-text_redoute-fr-description_p0146_2415x3528.sdr.png,iq_asharp,6,44,4287,57.6033,
6800-ia-scans-manuscript-text,imazen-26-png-v3/png-v3/6800-ia-scans-manuscript-text/6833_scans-text_redoute-fr-description_p0146_2415x3528.sdr.png,iq_asharp,10,20,16594,81.0642,
6800-ia-scans-manuscript-text,imazen-26-png-v3/png-v3/6800-ia-scans-manuscript-text/6833_scans-text_redoute-fr-description_p0146_2415x3528.sdr.png,iq_asharp,10,32,9613,72.6768,
6800-ia-scans-manuscript-text,imazen-26-png-v3/png-v3/6800-ia-scans-manuscript-text/6833_scans-text_redoute-fr-description_p0146_2415x3528.sdr.png,iq_asharp,10,44,4641,57.8946,
6800-ia-scans-manuscript-text,imazen-26-png-v3/png-v3/6800-ia-scans-manuscript-text/6833_scans-text_redoute-fr-description_p0146_2415x3528.sdr.png,iq_both,6,20,15272,81.1998,
6800-ia-scans-manuscript-text,imazen-26-png-v3/png-v3/6800-ia-scans-manuscript-text/6833_scans-text_redoute-fr-description_p0146_2415x3528.sdr.png,iq_both,6,32,8956,72.7490,
6800-ia-scans-manuscript-text,imazen-26-png-v3/png-v3/6800-ia-scans-manuscript-text/6833_scans-text_redoute-fr-description_p0146_2415x3528.sdr.png,iq_both,6,44,4287,57.4912,
6800-ia-scans-manuscript-text,imazen-26-png-v3/png-v3/6800-ia-scans-manuscript-text/6833_scans-text_redoute-fr-description_p0146_2415x3528.sdr.png,iq_both,10,20,16594,81.0234,
6800-ia-scans-manuscript-text,imazen-26-png-v3/png-v3/6800-ia-scans-manuscript-text/6833_scans-text_redoute-fr-description_p0146_2415x3528.sdr.png,iq_both,10,32,9613,72.5077,
6800-ia-scans-manuscript-text,imazen-26-png-v3/png-v3/6800-ia-scans-manuscript-text/6833_scans-text_redoute-fr-description_p0146_2415x3528.sdr.png,iq_both,10,44,4641,57.2933,
6800-ia-scans-manuscript-text,imazen-26-png-v3/png-v3/6800-ia-scans-manuscript-text/6833_scans-text_redoute-fr-description_p0146_2415x3528.sdr.png,adef,6,20,10119,69.6927,
6800-ia-scans-manuscript-text,imazen-26-png-v3/png-v3/6800-ia-scans-manuscript-text/6833_scans-text_redoute-fr-description_p0146_2415x3528.sdr.png,adef,6,32,5835,56.6806,
6800-ia-scans-manuscript-text,imazen-26-png-v3/png-v3/6800-ia-scans-manuscript-text/6833_scans-text_redoute-fr-description_p0146_2415x3528.sdr.png,adef,6,44,3217,43.7769,
6800-ia-scans-manuscript-text,imazen-26-png-v3/png-v3/6800-ia-scans-manuscript-text/6833_scans-text_redoute-fr-description_p0146_2415x3528.sdr.png,adef,10,20,10963,68.0534,
6800-ia-scans-manuscript-text,imazen-26-png-v3/png-v3/6800-ia-scans-manuscript-text/6833_scans-text_redoute-fr-description_p0146_2415x3528.sdr.png,adef,10,32,6364,54.1533,
6800-ia-scans-manuscript-text,imazen-26-png-v3/png-v3/6800-ia-scans-manuscript-text/6833_scans-text_redoute-fr-description_p0146_2415x3528.sdr.png,adef,10,44,3442,41.5147,
6800-ia-scans-manuscript-text,imazen-26-png-v3/png-v3/6800-ia-scans-manuscript-text/6833_scans-text_redoute-fr-description_p0146_2415x3528.sdr.png,asharp,6,20,10115,69.7497,
6800-ia-scans-manuscript-text,imazen-26-png-v3/png-v3/6800-ia-scans-manuscript-text/6833_scans-text_redoute-fr-description_p0146_2415x3528.sdr.png,asharp,6,32,5836,56.6597,
6800-ia-scans-manuscript-text,imazen-26-png-v3/png-v3/6800-ia-scans-manuscript-text/6833_scans-text_redoute-fr-description_p0146_2415x3528.sdr.png,asharp,6,44,3217,43.9353,
6800-ia-scans-manuscript-text,imazen-26-png-v3/png-v3/6800-ia-scans-manuscript-text/6833_scans-text_redoute-fr-description_p0146_2415x3528.sdr.png,asharp,10,20,10963,68.0756,
6800-ia-scans-manuscript-text,imazen-26-png-v3/png-v3/6800-ia-scans-manuscript-text/6833_scans-text_redoute-fr-description_p0146_2415x3528.sdr.png,asharp,10,32,6364,54.2298,
6800-ia-scans-manuscript-text,imazen-26-png-v3/png-v3/6800-ia-scans-manuscript-text/6833_scans-text_redoute-fr-description_p0146_2415x3528.sdr.png,asharp,10,44,3442,41.7847,
6800-ia-scans-manuscript-text,imazen-26-png-v3/png-v3/6800-ia-scans-manuscript-text/6833_scans-text_redoute-fr-description_p0146_2415x3528.sdr.png,iq_dlf,6,20,15275,81.4922,
6800-ia-scans-manuscript-text,imazen-26-png-v3/png-v3/6800-ia-scans-manuscript-text/6833_scans-text_redoute-fr-description_p0146_2415x3528.sdr.png,iq_dlf,6,32,8966,72.9458,
6800-ia-scans-manuscript-text,imazen-26-png-v3/png-v3/6800-ia-scans-manuscript-text/6833_scans-text_redoute-fr-description_p0146_2415x3528.sdr.png,iq_dlf,6,44,4304,57.7059,
6800-ia-scans-manuscript-text,imazen-26-png-v3/png-v3/6800-ia-scans-manuscript-text/6833_scans-text_redoute-fr-description_p0146_2415x3528.sdr.png,iq_dlf,10,20,16605,80.8991,
6800-ia-scans-manuscript-text,imazen-26-png-v3/png-v3/6800-ia-scans-manuscript-text/6833_scans-text_redoute-fr-description_p0146_2415x3528.sdr.png,iq_dlf,10,32,9628,72.7306,
6800-ia-scans-manuscript-text,imazen-26-png-v3/png-v3/6800-ia-scans-manuscript-text/6833_scans-text_redoute-fr-description_p0146_2415x3528.sdr.png,iq_dlf,10,44,4658,57.9199,
6800-ia-scans-manuscript-text,imazen-26-png-v3/png-v3/6800-ia-scans-manuscript-text/6833_scans-text_redoute-fr-description_p0146_2415x3528.sdr.png,iq_all,6,20,15280,81.0676,
6800-ia-scans-manuscript-text,imazen-26-png-v3/png-v3/6800-ia-scans-manuscript-text/6833_scans-text_redoute-fr-description_p0146_2415x3528.sdr.png,iq_all,6,32,8971,72.4693,
6800-ia-scans-manuscript-text,imazen-26-png-v3/png-v3/6800-ia-scans-manuscript-text/6833_scans-text_redoute-fr-description_p0146_2415x3528.sdr.png,iq_all,6,44,4307,57.4949,
6800-ia-scans-manuscript-text,imazen-26-png-v3/png-v3/6800-ia-scans-manuscript-text/6833_scans-text_redoute-fr-description_p0146_2415x3528.sdr.png,iq_all,10,20,16605,80.7474,
6800-ia-scans-manuscript-text,imazen-26-png-v3/png-v3/6800-ia-scans-manuscript-text/6833_scans-text_redoute-fr-description_p0146_2415x3528.sdr.png,iq_all,10,32,9628,72.6077,
6800-ia-scans-manuscript-text,imazen-26-png-v3/png-v3/6800-ia-scans-manuscript-text/6833_scans-text_redoute-fr-description_p0146_2415x3528.sdr.png,iq_all,10,44,4658,57.3229,
7000-lilith-plots,imazen-26-png-v3/png-v3/7000-lilith-plots/lines/7070_plots_line-voronoi-00012-s2be0c08d_1024x1024.sdr.png,iq_adef,6,20,56065,84.1976,
7000-lilith-plots,imazen-26-png-v3/png-v3/7000-lilith-plots/lines/7070_plots_line-voronoi-00012-s2be0c08d_1024x1024.sdr.png,iq_adef,6,32,40751,75.2036,
7000-lilith-plots,imazen-26-png-v3/png-v3/7000-lilith-plots/lines/7070_plots_line-voronoi-00012-s2be0c08d_1024x1024.sdr.png,iq_adef,6,44,28335,57.0918,
7000-lilith-plots,imazen-26-png-v3/png-v3/7000-lilith-plots/lines/7070_plots_line-voronoi-00012-s2be0c08d_1024x1024.sdr.png,iq_adef,10,20,58664,83.3193,
7000-lilith-plots,imazen-26-png-v3/png-v3/7000-lilith-plots/lines/7070_plots_line-voronoi-00012-s2be0c08d_1024x1024.sdr.png,iq_adef,10,32,41407,71.0453,
7000-lilith-plots,imazen-26-png-v3/png-v3/7000-lilith-plots/lines/7070_plots_line-voronoi-00012-s2be0c08d_1024x1024.sdr.png,iq_adef,10,44,24018,49.8992,
7000-lilith-plots,imazen-26-png-v3/png-v3/7000-lilith-plots/lines/7070_plots_line-voronoi-00012-s2be0c08d_1024x1024.sdr.png,iq_asharp,6,20,56065,84.5072,
7000-lilith-plots,imazen-26-png-v3/png-v3/7000-lilith-plots/lines/7070_plots_line-voronoi-00012-s2be0c08d_1024x1024.sdr.png,iq_asharp,6,32,40753,76.3684,
7000-lilith-plots,imazen-26-png-v3/png-v3/7000-lilith-plots/lines/7070_plots_line-voronoi-00012-s2be0c08d_1024x1024.sdr.png,iq_asharp,6,44,28335,58.2483,
7000-lilith-plots,imazen-26-png-v3/png-v3/7000-lilith-plots/lines/7070_plots_line-voronoi-00012-s2be0c08d_1024x1024.sdr.png,iq_asharp,10,20,58664,83.2570,
7000-lilith-plots,imazen-26-png-v3/png-v3/7000-lilith-plots/lines/7070_plots_line-voronoi-00012-s2be0c08d_1024x1024.sdr.png,iq_asharp,10,32,41407,71.7898,
7000-lilith-plots,imazen-26-png-v3/png-v3/7000-lilith-plots/lines/7070_plots_line-voronoi-00012-s2be0c08d_1024x1024.sdr.png,iq_asharp,10,44,24018,49.9310,
7000-lilith-plots,imazen-26-png-v3/png-v3/7000-lilith-plots/lines/7070_plots_line-voronoi-00012-s2be0c08d_1024x1024.sdr.png,iq_both,6,20,56065,84.1976,
7000-lilith-plots,imazen-26-png-v3/png-v3/7000-lilith-plots/lines/7070_plots_line-voronoi-00012-s2be0c08d_1024x1024.sdr.png,iq_both,6,32,40751,75.2036,
7000-lilith-plots,imazen-26-png-v3/png-v3/7000-lilith-plots/lines/7070_plots_line-voronoi-00012-s2be0c08d_1024x1024.sdr.png,iq_both,6,44,28335,57.0918,
7000-lilith-plots,imazen-26-png-v3/png-v3/7000-lilith-plots/lines/7070_plots_line-voronoi-00012-s2be0c08d_1024x1024.sdr.png,iq_both,10,20,58664,83.3193,
7000-lilith-plots,imazen-26-png-v3/png-v3/7000-lilith-plots/lines/7070_plots_line-voronoi-00012-s2be0c08d_1024x1024.sdr.png,iq_both,10,32,41407,71.0453,
7000-lilith-plots,imazen-26-png-v3/png-v3/7000-lilith-plots/lines/7070_plots_line-voronoi-00012-s2be0c08d_1024x1024.sdr.png,iq_both,10,44,24018,49.8992,
7000-lilith-plots,imazen-26-png-v3/png-v3/7000-lilith-plots/lines/7070_plots_line-voronoi-00012-s2be0c08d_1024x1024.sdr.png,adef,6,20,56379,84.4014,
7000-lilith-plots,imazen-26-png-v3/png-v3/7000-lilith-plots/lines/7070_plots_line-voronoi-00012-s2be0c08d_1024x1024.sdr.png,adef,6,32,41658,81.5701,
7000-lilith-plots,imazen-26-png-v3/png-v3/7000-lilith-plots/lines/7070_plots_line-voronoi-00012-s2be0c08d_1024x1024.sdr.png,adef,6,44,29464,65.4249,
7000-lilith-plots,imazen-26-png-v3/png-v3/7000-lilith-plots/lines/7070_plots_line-voronoi-00012-s2be0c08d_1024x1024.sdr.png,adef,10,20,76282,83.8783,
7000-lilith-plots,imazen-26-png-v3/png-v3/7000-lilith-plots/lines/7070_plots_line-voronoi-00012-s2be0c08d_1024x1024.sdr.png,adef,10,32,53775,76.4946,
7000-lilith-plots,imazen-26-png-v3/png-v3/7000-lilith-plots/lines/7070_plots_line-voronoi-00012-s2be0c08d_1024x1024.sdr.png,adef,10,44,32291,55.6095,
7000-lilith-plots,imazen-26-png-v3/png-v3/7000-lilith-plots/lines/7070_plots_line-voronoi-00012-s2be0c08d_1024x1024.sdr.png,asharp,6,20,56379,84.6350,
7000-lilith-plots,imazen-26-png-v3/png-v3/7000-lilith-plots/lines/7070_plots_line-voronoi-00012-s2be0c08d_1024x1024.sdr.png,asharp,6,32,41658,82.2659,
7000-lilith-plots,imazen-26-png-v3/png-v3/7000-lilith-plots/lines/7070_plots_line-voronoi-00012-s2be0c08d_1024x1024.sdr.png,asharp,6,44,29464,66.4886,
7000-lilith-plots,imazen-26-png-v3/png-v3/7000-lilith-plots/lines/7070_plots_line-voronoi-00012-s2be0c08d_1024x1024.sdr.png,asharp,10,20,76282,84.0989,
7000-lilith-plots,imazen-26-png-v3/png-v3/7000-lilith-plots/lines/7070_plots_line-voronoi-00012-s2be0c08d_1024x1024.sdr.png,asharp,10,32,53775,76.4922,
7000-lilith-plots,imazen-26-png-v3/png-v3/7000-lilith-plots/lines/7070_plots_line-voronoi-00012-s2be0c08d_1024x1024.sdr.png,asharp,10,44,32291,55.6202,
7000-lilith-plots,imazen-26-png-v3/png-v3/7000-lilith-plots/lines/7070_plots_line-voronoi-00012-s2be0c08d_1024x1024.sdr.png,iq_dlf,6,20,56075,84.4739,
7000-lilith-plots,imazen-26-png-v3/png-v3/7000-lilith-plots/lines/7070_plots_line-voronoi-00012-s2be0c08d_1024x1024.sdr.png,iq_dlf,6,32,40763,76.3684,
7000-lilith-plots,imazen-26-png-v3/png-v3/7000-lilith-plots/lines/7070_plots_line-voronoi-00012-s2be0c08d_1024x1024.sdr.png,iq_dlf,6,44,28345,58.2429,
7000-lilith-plots,imazen-26-png-v3/png-v3/7000-lilith-plots/lines/7070_plots_line-voronoi-00012-s2be0c08d_1024x1024.sdr.png,iq_dlf,10,20,58675,83.2743,
7000-lilith-plots,imazen-26-png-v3/png-v3/7000-lilith-plots/lines/7070_plots_line-voronoi-00012-s2be0c08d_1024x1024.sdr.png,iq_dlf,10,32,41418,71.7877,
7000-lilith-plots,imazen-26-png-v3/png-v3/7000-lilith-plots/lines/7070_plots_line-voronoi-00012-s2be0c08d_1024x1024.sdr.png,iq_dlf,10,44,24028,49.9337,
7000-lilith-plots,imazen-26-png-v3/png-v3/7000-lilith-plots/lines/7070_plots_line-voronoi-00012-s2be0c08d_1024x1024.sdr.png,iq_all,6,20,56075,84.1760,
7000-lilith-plots,imazen-26-png-v3/png-v3/7000-lilith-plots/lines/7070_plots_line-voronoi-00012-s2be0c08d_1024x1024.sdr.png,iq_all,6,32,40761,75.2033,
7000-lilith-plots,imazen-26-png-v3/png-v3/7000-lilith-plots/lines/7070_plots_line-voronoi-00012-s2be0c08d_1024x1024.sdr.png,iq_all,6,44,28345,57.0891,
7000-lilith-plots,imazen-26-png-v3/png-v3/7000-lilith-plots/lines/7070_plots_line-voronoi-00012-s2be0c08d_1024x1024.sdr.png,iq_all,10,20,58675,83.3241,
7000-lilith-plots,imazen-26-png-v3/png-v3/7000-lilith-plots/lines/7070_plots_line-voronoi-00012-s2be0c08d_1024x1024.sdr.png,iq_all,10,32,41418,71.0431,
7000-lilith-plots,imazen-26-png-v3/png-v3/7000-lilith-plots/lines/7070_plots_line-voronoi-00012-s2be0c08d_1024x1024.sdr.png,iq_all,10,44,24028,49.8972,
7000-lilith-plots,imazen-26-png-v3/png-v3/7000-lilith-plots/real-charts/7125_plots_chart-violin-16-forest_1024x1024.sdr.png,iq_adef,6,20,4204,89.4050,
7000-lilith-plots,imazen-26-png-v3/png-v3/7000-lilith-plots/real-charts/7125_plots_chart-violin-16-forest_1024x1024.sdr.png,iq_adef,6,32,3175,86.2495,
7000-lilith-plots,imazen-26-png-v3/png-v3/7000-lilith-plots/real-charts/7125_plots_chart-violin-16-forest_1024x1024.sdr.png,iq_adef,6,44,2304,77.7867,
7000-lilith-plots,imazen-26-png-v3/png-v3/7000-lilith-plots/real-charts/7125_plots_chart-violin-16-forest_1024x1024.sdr.png,iq_adef,10,20,6369,88.2971,
7000-lilith-plots,imazen-26-png-v3/png-v3/7000-lilith-plots/real-charts/7125_plots_chart-violin-16-forest_1024x1024.sdr.png,iq_adef,10,32,4848,85.0973,
7000-lilith-plots,imazen-26-png-v3/png-v3/7000-lilith-plots/real-charts/7125_plots_chart-violin-16-forest_1024x1024.sdr.png,iq_adef,10,44,3099,76.4456,
7000-lilith-plots,imazen-26-png-v3/png-v3/7000-lilith-plots/real-charts/7125_plots_chart-violin-16-forest_1024x1024.sdr.png,iq_asharp,6,20,4212,89.4281,
7000-lilith-plots,imazen-26-png-v3/png-v3/7000-lilith-plots/real-charts/7125_plots_chart-violin-16-forest_1024x1024.sdr.png,iq_asharp,6,32,3181,86.4969,
7000-lilith-plots,imazen-26-png-v3/png-v3/7000-lilith-plots/real-charts/7125_plots_chart-violin-16-forest_1024x1024.sdr.png,iq_asharp,6,44,2304,77.6226,
7000-lilith-plots,imazen-26-png-v3/png-v3/7000-lilith-plots/real-charts/7125_plots_chart-violin-16-forest_1024x1024.sdr.png,iq_asharp,10,20,6369,88.2055,
7000-lilith-plots,imazen-26-png-v3/png-v3/7000-lilith-plots/real-charts/7125_plots_chart-violin-16-forest_1024x1024.sdr.png,iq_asharp,10,32,4848,85.1952,
7000-lilith-plots,imazen-26-png-v3/png-v3/7000-lilith-plots/real-charts/7125_plots_chart-violin-16-forest_1024x1024.sdr.png,iq_asharp,10,44,3099,76.6249,
7000-lilith-plots,imazen-26-png-v3/png-v3/7000-lilith-plots/real-charts/7125_plots_chart-violin-16-forest_1024x1024.sdr.png,iq_both,6,20,4204,89.4050,
7000-lilith-plots,imazen-26-png-v3/png-v3/7000-lilith-plots/real-charts/7125_plots_chart-violin-16-forest_1024x1024.sdr.png,iq_both,6,32,3175,86.2495,
7000-lilith-plots,imazen-26-png-v3/png-v3/7000-lilith-plots/real-charts/7125_plots_chart-violin-16-forest_1024x1024.sdr.png,iq_both,6,44,2304,77.7867,
7000-lilith-plots,imazen-26-png-v3/png-v3/7000-lilith-plots/real-charts/7125_plots_chart-violin-16-forest_1024x1024.sdr.png,iq_both,10,20,6369,88.2971,
7000-lilith-plots,imazen-26-png-v3/png-v3/7000-lilith-plots/real-charts/7125_plots_chart-violin-16-forest_1024x1024.sdr.png,iq_both,10,32,4848,85.0973,
7000-lilith-plots,imazen-26-png-v3/png-v3/7000-lilith-plots/real-charts/7125_plots_chart-violin-16-forest_1024x1024.sdr.png,iq_both,10,44,3099,76.4456,
7000-lilith-plots,imazen-26-png-v3/png-v3/7000-lilith-plots/real-charts/7125_plots_chart-violin-16-forest_1024x1024.sdr.png,adef,6,20,3139,85.2792,
7000-lilith-plots,imazen-26-png-v3/png-v3/7000-lilith-plots/real-charts/7125_plots_chart-violin-16-forest_1024x1024.sdr.png,adef,6,32,2140,70.9349,
7000-lilith-plots,imazen-26-png-v3/png-v3/7000-lilith-plots/real-charts/7125_plots_chart-violin-16-forest_1024x1024.sdr.png,adef,6,44,1254,49.4728,
7000-lilith-plots,imazen-26-png-v3/png-v3/7000-lilith-plots/real-charts/7125_plots_chart-violin-16-forest_1024x1024.sdr.png,adef,10,20,4880,83.8948,
7000-lilith-plots,imazen-26-png-v3/png-v3/7000-lilith-plots/real-charts/7125_plots_chart-violin-16-forest_1024x1024.sdr.png,adef,10,32,2651,63.5835,
7000-lilith-plots,imazen-26-png-v3/png-v3/7000-lilith-plots/real-charts/7125_plots_chart-violin-16-forest_1024x1024.sdr.png,adef,10,44,1403,48.0656,
7000-lilith-plots,imazen-26-png-v3/png-v3/7000-lilith-plots/real-charts/7125_plots_chart-violin-16-forest_1024x1024.sdr.png,asharp,6,20,3144,85.2272,
7000-lilith-plots,imazen-26-png-v3/png-v3/7000-lilith-plots/real-charts/7125_plots_chart-violin-16-forest_1024x1024.sdr.png,asharp,6,32,2140,70.9311,
7000-lilith-plots,imazen-26-png-v3/png-v3/7000-lilith-plots/real-charts/7125_plots_chart-violin-16-forest_1024x1024.sdr.png,asharp,6,44,1254,49.5493,
7000-lilith-plots,imazen-26-png-v3/png-v3/7000-lilith-plots/real-charts/7125_plots_chart-violin-16-forest_1024x1024.sdr.png,asharp,10,20,4880,83.9074,
7000-lilith-plots,imazen-26-png-v3/png-v3/7000-lilith-plots/real-charts/7125_plots_chart-violin-16-forest_1024x1024.sdr.png,asharp,10,32,2651,63.6181,
7000-lilith-plots,imazen-26-png-v3/png-v3/7000-lilith-plots/real-charts/7125_plots_chart-violin-16-forest_1024x1024.sdr.png,asharp,10,44,1403,48.1682,
7000-lilith-plots,imazen-26-png-v3/png-v3/7000-lilith-plots/real-charts/7125_plots_chart-violin-16-forest_1024x1024.sdr.png,iq_dlf,6,20,4215,89.1519,
7000-lilith-plots,imazen-26-png-v3/png-v3/7000-lilith-plots/real-charts/7125_plots_chart-violin-16-forest_1024x1024.sdr.png,iq_dlf,6,32,3184,86.1960,
7000-lilith-plots,imazen-26-png-v3/png-v3/7000-lilith-plots/real-charts/7125_plots_chart-violin-16-forest_1024x1024.sdr.png,iq_dlf,6,44,2308,78.1720,
7000-lilith-plots,imazen-26-png-v3/png-v3/7000-lilith-plots/real-charts/7125_plots_chart-violin-16-forest_1024x1024.sdr.png,iq_dlf,10,20,6372,88.1357,
7000-lilith-plots,imazen-26-png-v3/png-v3/7000-lilith-plots/real-charts/7125_plots_chart-violin-16-forest_1024x1024.sdr.png,iq_dlf,10,32,4851,85.0715,
7000-lilith-plots,imazen-26-png-v3/png-v3/7000-lilith-plots/real-charts/7125_plots_chart-violin-16-forest_1024x1024.sdr.png,iq_dlf,10,44,3103,77.1463,
7000-lilith-plots,imazen-26-png-v3/png-v3/7000-lilith-plots/real-charts/7125_plots_chart-violin-16-forest_1024x1024.sdr.png,iq_all,6,20,4208,89.1075,
7000-lilith-plots,imazen-26-png-v3/png-v3/7000-lilith-plots/real-charts/7125_plots_chart-violin-16-forest_1024x1024.sdr.png,iq_all,6,32,3177,86.1128,
7000-lilith-plots,imazen-26-png-v3/png-v3/7000-lilith-plots/real-charts/7125_plots_chart-violin-16-forest_1024x1024.sdr.png,iq_all,6,44,2308,78.2638,
7000-lilith-plots,imazen-26-png-v3/png-v3/7000-lilith-plots/real-charts/7125_plots_chart-violin-16-forest_1024x1024.sdr.png,iq_all,10,20,6372,88.0447,
7000-lilith-plots,imazen-26-png-v3/png-v3/7000-lilith-plots/real-charts/7125_plots_chart-violin-16-forest_1024x1024.sdr.png,iq_all,10,32,4851,84.8636,
7000-lilith-plots,imazen-26-png-v3/png-v3/7000-lilith-plots/real-charts/7125_plots_chart-violin-16-forest_1024x1024.sdr.png,iq_all,10,44,3103,76.8129,
8000-lilith-mobile-screenshots,imazen-26-png-v3/png-v3/8000-lilith-mobile-screenshots/8000_mobile-screenshots_imageflow-server_screenshot-20260526-065435-brave_1968x2184.sdr.png,iq_adef,6,20,13287,88.2852,
8000-lilith-mobile-screenshots,imazen-26-png-v3/png-v3/8000-lilith-mobile-screenshots/8000_mobile-screenshots_imageflow-server_screenshot-20260526-065435-brave_1968x2184.sdr.png,iq_adef,6,32,10571,79.7269,
8000-lilith-mobile-screenshots,imazen-26-png-v3/png-v3/8000-lilith-mobile-screenshots/8000_mobile-screenshots_imageflow-server_screenshot-20260526-065435-brave_1968x2184.sdr.png,iq_adef,6,44,8326,67.0384,
8000-lilith-mobile-screenshots,imazen-26-png-v3/png-v3/8000-lilith-mobile-screenshots/8000_mobile-screenshots_imageflow-server_screenshot-20260526-065435-brave_1968x2184.sdr.png,iq_adef,10,20,14676,87.3214,
8000-lilith-mobile-screenshots,imazen-26-png-v3/png-v3/8000-lilith-mobile-screenshots/8000_mobile-screenshots_imageflow-server_screenshot-20260526-065435-brave_1968x2184.sdr.png,iq_adef,10,32,12169,77.9906,
8000-lilith-mobile-screenshots,imazen-26-png-v3/png-v3/8000-lilith-mobile-screenshots/8000_mobile-screenshots_imageflow-server_screenshot-20260526-065435-brave_1968x2184.sdr.png,iq_adef,10,44,7823,66.1573,
8000-lilith-mobile-screenshots,imazen-26-png-v3/png-v3/8000-lilith-mobile-screenshots/8000_mobile-screenshots_imageflow-server_screenshot-20260526-065435-brave_1968x2184.sdr.png,iq_asharp,6,20,13287,88.7984,
8000-lilith-mobile-screenshots,imazen-26-png-v3/png-v3/8000-lilith-mobile-screenshots/8000_mobile-screenshots_imageflow-server_screenshot-20260526-065435-brave_1968x2184.sdr.png,iq_asharp,6,32,10571,80.2328,
8000-lilith-mobile-screenshots,imazen-26-png-v3/png-v3/8000-lilith-mobile-screenshots/8000_mobile-screenshots_imageflow-server_screenshot-20260526-065435-brave_1968x2184.sdr.png,iq_asharp,6,44,8326,67.3867,
8000-lilith-mobile-screenshots,imazen-26-png-v3/png-v3/8000-lilith-mobile-screenshots/8000_mobile-screenshots_imageflow-server_screenshot-20260526-065435-brave_1968x2184.sdr.png,iq_asharp,10,20,14676,87.3662,
8000-lilith-mobile-screenshots,imazen-26-png-v3/png-v3/8000-lilith-mobile-screenshots/8000_mobile-screenshots_imageflow-server_screenshot-20260526-065435-brave_1968x2184.sdr.png,iq_asharp,10,32,12169,78.1119,
8000-lilith-mobile-screenshots,imazen-26-png-v3/png-v3/8000-lilith-mobile-screenshots/8000_mobile-screenshots_imageflow-server_screenshot-20260526-065435-brave_1968x2184.sdr.png,iq_asharp,10,44,7823,66.2134,
8000-lilith-mobile-screenshots,imazen-26-png-v3/png-v3/8000-lilith-mobile-screenshots/8000_mobile-screenshots_imageflow-server_screenshot-20260526-065435-brave_1968x2184.sdr.png,iq_both,6,20,13287,88.2852,
8000-lilith-mobile-screenshots,imazen-26-png-v3/png-v3/8000-lilith-mobile-screenshots/8000_mobile-screenshots_imageflow-server_screenshot-20260526-065435-brave_1968x2184.sdr.png,iq_both,6,32,10571,79.7269,
8000-lilith-mobile-screenshots,imazen-26-png-v3/png-v3/8000-lilith-mobile-screenshots/8000_mobile-screenshots_imageflow-server_screenshot-20260526-065435-brave_1968x2184.sdr.png,iq_both,6,44,8326,67.0384,
8000-lilith-mobile-screenshots,imazen-26-png-v3/png-v3/8000-lilith-mobile-screenshots/8000_mobile-screenshots_imageflow-server_screenshot-20260526-065435-brave_1968x2184.sdr.png,iq_both,10,20,14676,87.3214,
8000-lilith-mobile-screenshots,imazen-26-png-v3/png-v3/8000-lilith-mobile-screenshots/8000_mobile-screenshots_imageflow-server_screenshot-20260526-065435-brave_1968x2184.sdr.png,iq_both,10,32,12169,77.9906,
8000-lilith-mobile-screenshots,imazen-26-png-v3/png-v3/8000-lilith-mobile-screenshots/8000_mobile-screenshots_imageflow-server_screenshot-20260526-065435-brave_1968x2184.sdr.png,iq_both,10,44,7823,66.1573,
8000-lilith-mobile-screenshots,imazen-26-png-v3/png-v3/8000-lilith-mobile-screenshots/8000_mobile-screenshots_imageflow-server_screenshot-20260526-065435-brave_1968x2184.sdr.png,adef,6,20,12106,82.3747,
8000-lilith-mobile-screenshots,imazen-26-png-v3/png-v3/8000-lilith-mobile-screenshots/8000_mobile-screenshots_imageflow-server_screenshot-20260526-065435-brave_1968x2184.sdr.png,adef,6,32,9592,69.5642,
8000-lilith-mobile-screenshots,imazen-26-png-v3/png-v3/8000-lilith-mobile-screenshots/8000_mobile-screenshots_imageflow-server_screenshot-20260526-065435-brave_1968x2184.sdr.png,adef,6,44,7641,58.6041,
8000-lilith-mobile-screenshots,imazen-26-png-v3/png-v3/8000-lilith-mobile-screenshots/8000_mobile-screenshots_imageflow-server_screenshot-20260526-065435-brave_1968x2184.sdr.png,adef,10,20,27217,80.7303,
8000-lilith-mobile-screenshots,imazen-26-png-v3/png-v3/8000-lilith-mobile-screenshots/8000_mobile-screenshots_imageflow-server_screenshot-20260526-065435-brave_1968x2184.sdr.png,adef,10,32,17716,68.4928,
8000-lilith-mobile-screenshots,imazen-26-png-v3/png-v3/8000-lilith-mobile-screenshots/8000_mobile-screenshots_imageflow-server_screenshot-20260526-065435-brave_1968x2184.sdr.png,adef,10,44,9566,49.3805,
8000-lilith-mobile-screenshots,imazen-26-png-v3/png-v3/8000-lilith-mobile-screenshots/8000_mobile-screenshots_imageflow-server_screenshot-20260526-065435-brave_1968x2184.sdr.png,asharp,6,20,12106,83.2388,
8000-lilith-mobile-screenshots,imazen-26-png-v3/png-v3/8000-lilith-mobile-screenshots/8000_mobile-screenshots_imageflow-server_screenshot-20260526-065435-brave_1968x2184.sdr.png,asharp,6,32,9592,69.5816,
8000-lilith-mobile-screenshots,imazen-26-png-v3/png-v3/8000-lilith-mobile-screenshots/8000_mobile-screenshots_imageflow-server_screenshot-20260526-065435-brave_1968x2184.sdr.png,asharp,6,44,7641,58.9265,
8000-lilith-mobile-screenshots,imazen-26-png-v3/png-v3/8000-lilith-mobile-screenshots/8000_mobile-screenshots_imageflow-server_screenshot-20260526-065435-brave_1968x2184.sdr.png,asharp,10,20,27217,80.7475,
8000-lilith-mobile-screenshots,imazen-26-png-v3/png-v3/8000-lilith-mobile-screenshots/8000_mobile-screenshots_imageflow-server_screenshot-20260526-065435-brave_1968x2184.sdr.png,asharp,10,32,17716,68.4929,
8000-lilith-mobile-screenshots,imazen-26-png-v3/png-v3/8000-lilith-mobile-screenshots/8000_mobile-screenshots_imageflow-server_screenshot-20260526-065435-brave_1968x2184.sdr.png,asharp,10,44,9566,49.3297,
8000-lilith-mobile-screenshots,imazen-26-png-v3/png-v3/8000-lilith-mobile-screenshots/8000_mobile-screenshots_imageflow-server_screenshot-20260526-065435-brave_1968x2184.sdr.png,iq_dlf,6,20,13308,88.8407,
8000-lilith-mobile-screenshots,imazen-26-png-v3/png-v3/8000-lilith-mobile-screenshots/8000_mobile-screenshots_imageflow-server_screenshot-20260526-065435-brave_1968x2184.sdr.png,iq_dlf,6,32,10595,80.4196,
8000-lilith-mobile-screenshots,imazen-26-png-v3/png-v3/8000-lilith-mobile-screenshots/8000_mobile-screenshots_imageflow-server_screenshot-20260526-065435-brave_1968x2184.sdr.png,iq_dlf,6,44,8350,67.5463,
8000-lilith-mobile-screenshots,imazen-26-png-v3/png-v3/8000-lilith-mobile-screenshots/8000_mobile-screenshots_imageflow-server_screenshot-20260526-065435-brave_1968x2184.sdr.png,iq_dlf,10,20,14697,87.3315,
8000-lilith-mobile-screenshots,imazen-26-png-v3/png-v3/8000-lilith-mobile-screenshots/8000_mobile-screenshots_imageflow-server_screenshot-20260526-065435-brave_1968x2184.sdr.png,iq_dlf,10,32,12193,78.1238,
8000-lilith-mobile-screenshots,imazen-26-png-v3/png-v3/8000-lilith-mobile-screenshots/8000_mobile-screenshots_imageflow-server_screenshot-20260526-065435-brave_1968x2184.sdr.png,iq_dlf,10,44,7850,66.3501,
8000-lilith-mobile-screenshots,imazen-26-png-v3/png-v3/8000-lilith-mobile-screenshots/8000_mobile-screenshots_imageflow-server_screenshot-20260526-065435-brave_1968x2184.sdr.png,iq_all,6,20,13308,88.2933,
8000-lilith-mobile-screenshots,imazen-26-png-v3/png-v3/8000-lilith-mobile-screenshots/8000_mobile-screenshots_imageflow-server_screenshot-20260526-065435-brave_1968x2184.sdr.png,iq_all,6,32,10595,79.8976,
8000-lilith-mobile-screenshots,imazen-26-png-v3/png-v3/8000-lilith-mobile-screenshots/8000_mobile-screenshots_imageflow-server_screenshot-20260526-065435-brave_1968x2184.sdr.png,iq_all,6,44,8354,67.3694,
8000-lilith-mobile-screenshots,imazen-26-png-v3/png-v3/8000-lilith-mobile-screenshots/8000_mobile-screenshots_imageflow-server_screenshot-20260526-065435-brave_1968x2184.sdr.png,iq_all,10,20,14697,87.2697,
8000-lilith-mobile-screenshots,imazen-26-png-v3/png-v3/8000-lilith-mobile-screenshots/8000_mobile-screenshots_imageflow-server_screenshot-20260526-065435-brave_1968x2184.sdr.png,iq_all,10,32,12193,77.9106,
8000-lilith-mobile-screenshots,imazen-26-png-v3/png-v3/8000-lilith-mobile-screenshots/8000_mobile-screenshots_imageflow-server_screenshot-20260526-065435-brave_1968x2184.sdr.png,iq_all,10,44,7850,66.1058,
8000-lilith-mobile-screenshots,imazen-26-png-v3/png-v3/8000-lilith-mobile-screenshots/8012_mobile-screenshots_on-screen-keyboard_screenshot-20260526-070935-calculator_1080x2520.sdr.png,iq_adef,6,20,3910,92.3528,
8000-lilith-mobile-screenshots,imazen-26-png-v3/png-v3/8000-lilith-mobile-screenshots/8012_mobile-screenshots_on-screen-keyboard_screenshot-20260526-070935-calculator_1080x2520.sdr.png,iq_adef,6,32,3110,88.8749,
8000-lilith-mobile-screenshots,imazen-26-png-v3/png-v3/8000-lilith-mobile-screenshots/8012_mobile-screenshots_on-screen-keyboard_screenshot-20260526-070935-calculator_1080x2520.sdr.png,iq_adef,6,44,2351,80.2460,
8000-lilith-mobile-screenshots,imazen-26-png-v3/png-v3/8000-lilith-mobile-screenshots/8012_mobile-screenshots_on-screen-keyboard_screenshot-20260526-070935-calculator_1080x2520.sdr.png,iq_adef,10,20,4096,92.5395,
8000-lilith-mobile-screenshots,imazen-26-png-v3/png-v3/8000-lilith-mobile-screenshots/8012_mobile-screenshots_on-screen-keyboard_screenshot-20260526-070935-calculator_1080x2520.sdr.png,iq_adef,10,32,3628,86.8646,
8000-lilith-mobile-screenshots,imazen-26-png-v3/png-v3/8000-lilith-mobile-screenshots/8012_mobile-screenshots_on-screen-keyboard_screenshot-20260526-070935-calculator_1080x2520.sdr.png,iq_adef,10,44,2623,78.2167,
8000-lilith-mobile-screenshots,imazen-26-png-v3/png-v3/8000-lilith-mobile-screenshots/8012_mobile-screenshots_on-screen-keyboard_screenshot-20260526-070935-calculator_1080x2520.sdr.png,iq_asharp,6,20,3912,92.4252,
8000-lilith-mobile-screenshots,imazen-26-png-v3/png-v3/8000-lilith-mobile-screenshots/8012_mobile-screenshots_on-screen-keyboard_screenshot-20260526-070935-calculator_1080x2520.sdr.png,iq_asharp,6,32,3110,88.8906,
8000-lilith-mobile-screenshots,imazen-26-png-v3/png-v3/8000-lilith-mobile-screenshots/8012_mobile-screenshots_on-screen-keyboard_screenshot-20260526-070935-calculator_1080x2520.sdr.png,iq_asharp,6,44,2351,80.2375,
8000-lilith-mobile-screenshots,imazen-26-png-v3/png-v3/8000-lilith-mobile-screenshots/8012_mobile-screenshots_on-screen-keyboard_screenshot-20260526-070935-calculator_1080x2520.sdr.png,iq_asharp,10,20,4096,92.5223,
8000-lilith-mobile-screenshots,imazen-26-png-v3/png-v3/8000-lilith-mobile-screenshots/8012_mobile-screenshots_on-screen-keyboard_screenshot-20260526-070935-calculator_1080x2520.sdr.png,iq_asharp,10,32,3628,87.2801,
8000-lilith-mobile-screenshots,imazen-26-png-v3/png-v3/8000-lilith-mobile-screenshots/8012_mobile-screenshots_on-screen-keyboard_screenshot-20260526-070935-calculator_1080x2520.sdr.png,iq_asharp,10,44,2623,78.7170,
8000-lilith-mobile-screenshots,imazen-26-png-v3/png-v3/8000-lilith-mobile-screenshots/8012_mobile-screenshots_on-screen-keyboard_screenshot-20260526-070935-calculator_1080x2520.sdr.png,iq_both,6,20,3910,92.3528,
8000-lilith-mobile-screenshots,imazen-26-png-v3/png-v3/8000-lilith-mobile-screenshots/8012_mobile-screenshots_on-screen-keyboard_screenshot-20260526-070935-calculator_1080x2520.sdr.png,iq_both,6,32,3110,88.8749,
8000-lilith-mobile-screenshots,imazen-26-png-v3/png-v3/8000-lilith-mobile-screenshots/8012_mobile-screenshots_on-screen-keyboard_screenshot-20260526-070935-calculator_1080x2520.sdr.png,iq_both,6,44,2351,80.2460,
8000-lilith-mobile-screenshots,imazen-26-png-v3/png-v3/8000-lilith-mobile-screenshots/8012_mobile-screenshots_on-screen-keyboard_screenshot-20260526-070935-calculator_1080x2520.sdr.png,iq_both,10,20,4096,92.5395,
8000-lilith-mobile-screenshots,imazen-26-png-v3/png-v3/8000-lilith-mobile-screenshots/8012_mobile-screenshots_on-screen-keyboard_screenshot-20260526-070935-calculator_1080x2520.sdr.png,iq_both,10,32,3628,86.8646,
8000-lilith-mobile-screenshots,imazen-26-png-v3/png-v3/8000-lilith-mobile-screenshots/8012_mobile-screenshots_on-screen-keyboard_screenshot-20260526-070935-calculator_1080x2520.sdr.png,iq_both,10,44,2623,78.2167,
8000-lilith-mobile-screenshots,imazen-26-png-v3/png-v3/8000-lilith-mobile-screenshots/8012_mobile-screenshots_on-screen-keyboard_screenshot-20260526-070935-calculator_1080x2520.sdr.png,adef,6,20,3438,89.0207,
8000-lilith-mobile-screenshots,imazen-26-png-v3/png-v3/8000-lilith-mobile-screenshots/8012_mobile-screenshots_on-screen-keyboard_screenshot-20260526-070935-calculator_1080x2520.sdr.png,adef,6,32,2358,83.2042,
8000-lilith-mobile-screenshots,imazen-26-png-v3/png-v3/8000-lilith-mobile-screenshots/8012_mobile-screenshots_on-screen-keyboard_screenshot-20260526-070935-calculator_1080x2520.sdr.png,adef,6,44,1713,67.8823,
8000-lilith-mobile-screenshots,imazen-26-png-v3/png-v3/8000-lilith-mobile-screenshots/8012_mobile-screenshots_on-screen-keyboard_screenshot-20260526-070935-calculator_1080x2520.sdr.png,adef,10,20,5502,84.9667,
8000-lilith-mobile-screenshots,imazen-26-png-v3/png-v3/8000-lilith-mobile-screenshots/8012_mobile-screenshots_on-screen-keyboard_screenshot-20260526-070935-calculator_1080x2520.sdr.png,adef,10,32,3413,76.8577,
8000-lilith-mobile-screenshots,imazen-26-png-v3/png-v3/8000-lilith-mobile-screenshots/8012_mobile-screenshots_on-screen-keyboard_screenshot-20260526-070935-calculator_1080x2520.sdr.png,adef,10,44,1803,52.1210,
8000-lilith-mobile-screenshots,imazen-26-png-v3/png-v3/8000-lilith-mobile-screenshots/8012_mobile-screenshots_on-screen-keyboard_screenshot-20260526-070935-calculator_1080x2520.sdr.png,asharp,6,20,3440,89.0334,
8000-lilith-mobile-screenshots,imazen-26-png-v3/png-v3/8000-lilith-mobile-screenshots/8012_mobile-screenshots_on-screen-keyboard_screenshot-20260526-070935-calculator_1080x2520.sdr.png,asharp,6,32,2358,83.2733,
8000-lilith-mobile-screenshots,imazen-26-png-v3/png-v3/8000-lilith-mobile-screenshots/8012_mobile-screenshots_on-screen-keyboard_screenshot-20260526-070935-calculator_1080x2520.sdr.png,asharp,6,44,1713,67.9405,
8000-lilith-mobile-screenshots,imazen-26-png-v3/png-v3/8000-lilith-mobile-screenshots/8012_mobile-screenshots_on-screen-keyboard_screenshot-20260526-070935-calculator_1080x2520.sdr.png,asharp,10,20,5502,85.0312,
8000-lilith-mobile-screenshots,imazen-26-png-v3/png-v3/8000-lilith-mobile-screenshots/8012_mobile-screenshots_on-screen-keyboard_screenshot-20260526-070935-calculator_1080x2520.sdr.png,asharp,10,32,3413,76.8772,
8000-lilith-mobile-screenshots,imazen-26-png-v3/png-v3/8000-lilith-mobile-screenshots/8012_mobile-screenshots_on-screen-keyboard_screenshot-20260526-070935-calculator_1080x2520.sdr.png,asharp,10,44,1803,52.1578,
8000-lilith-mobile-screenshots,imazen-26-png-v3/png-v3/8000-lilith-mobile-screenshots/8012_mobile-screenshots_on-screen-keyboard_screenshot-20260526-070935-calculator_1080x2520.sdr.png,iq_dlf,6,20,3917,92.4262,
8000-lilith-mobile-screenshots,imazen-26-png-v3/png-v3/8000-lilith-mobile-screenshots/8012_mobile-screenshots_on-screen-keyboard_screenshot-20260526-070935-calculator_1080x2520.sdr.png,iq_dlf,6,32,3117,88.8654,
8000-lilith-mobile-screenshots,imazen-26-png-v3/png-v3/8000-lilith-mobile-screenshots/8012_mobile-screenshots_on-screen-keyboard_screenshot-20260526-070935-calculator_1080x2520.sdr.png,iq_dlf,6,44,2357,81.5681,
8000-lilith-mobile-screenshots,imazen-26-png-v3/png-v3/8000-lilith-mobile-screenshots/8012_mobile-screenshots_on-screen-keyboard_screenshot-20260526-070935-calculator_1080x2520.sdr.png,iq_dlf,10,20,4101,92.4536,
8000-lilith-mobile-screenshots,imazen-26-png-v3/png-v3/8000-lilith-mobile-screenshots/8012_mobile-screenshots_on-screen-keyboard_screenshot-20260526-070935-calculator_1080x2520.sdr.png,iq_dlf,10,32,3634,87.1446,
8000-lilith-mobile-screenshots,imazen-26-png-v3/png-v3/8000-lilith-mobile-screenshots/8012_mobile-screenshots_on-screen-keyboard_screenshot-20260526-070935-calculator_1080x2520.sdr.png,iq_dlf,10,44,2629,80.9795,
8000-lilith-mobile-screenshots,imazen-26-png-v3/png-v3/8000-lilith-mobile-screenshots/8012_mobile-screenshots_on-screen-keyboard_screenshot-20260526-070935-calculator_1080x2520.sdr.png,iq_all,6,20,3915,92.3247,
8000-lilith-mobile-screenshots,imazen-26-png-v3/png-v3/8000-lilith-mobile-screenshots/8012_mobile-screenshots_on-screen-keyboard_screenshot-20260526-070935-calculator_1080x2520.sdr.png,iq_all,6,32,3117,88.8644,
8000-lilith-mobile-screenshots,imazen-26-png-v3/png-v3/8000-lilith-mobile-screenshots/8012_mobile-screenshots_on-screen-keyboard_screenshot-20260526-070935-calculator_1080x2520.sdr.png,iq_all,6,44,2357,81.5596,
8000-lilith-mobile-screenshots,imazen-26-png-v3/png-v3/8000-lilith-mobile-screenshots/8012_mobile-screenshots_on-screen-keyboard_screenshot-20260526-070935-calculator_1080x2520.sdr.png,iq_all,10,20,4101,92.4611,
8000-lilith-mobile-screenshots,imazen-26-png-v3/png-v3/8000-lilith-mobile-screenshots/8012_mobile-screenshots_on-screen-keyboard_screenshot-20260526-070935-calculator_1080x2520.sdr.png,iq_all,10,32,3634,86.7097,
8000-lilith-mobile-screenshots,imazen-26-png-v3/png-v3/8000-lilith-mobile-screenshots/8012_mobile-screenshots_on-screen-keyboard_screenshot-20260526-070935-calculator_1080x2520.sdr.png,iq_all,10,44,2629,80.1253,
8100-lilith-web-screenshots,imazen-26-png-v3/png-v3/8100-lilith-web-screenshots/1440x900/8106_web-screenshots_climate-news_dpr1_page1_1440x900.sdr.png,iq_adef,6,20,20228,85.0755,
8100-lilith-web-screenshots,imazen-26-png-v3/png-v3/8100-lilith-web-screenshots/1440x900/8106_web-screenshots_climate-news_dpr1_page1_1440x900.sdr.png,iq_adef,6,32,14363,77.9303,
8100-lilith-web-screenshots,imazen-26-png-v3/png-v3/8100-lilith-web-screenshots/1440x900/8106_web-screenshots_climate-news_dpr1_page1_1440x900.sdr.png,iq_adef,6,44,8374,57.3850,
8100-lilith-web-screenshots,imazen-26-png-v3/png-v3/8100-lilith-web-screenshots/1440x900/8106_web-screenshots_climate-news_dpr1_page1_1440x900.sdr.png,iq_adef,10,20,22297,85.2018,
8100-lilith-web-screenshots,imazen-26-png-v3/png-v3/8100-lilith-web-screenshots/1440x900/8106_web-screenshots_climate-news_dpr1_page1_1440x900.sdr.png,iq_adef,10,32,15945,75.9978,
8100-lilith-web-screenshots,imazen-26-png-v3/png-v3/8100-lilith-web-screenshots/1440x900/8106_web-screenshots_climate-news_dpr1_page1_1440x900.sdr.png,iq_adef,10,44,9109,53.8720,
8100-lilith-web-screenshots,imazen-26-png-v3/png-v3/8100-lilith-web-screenshots/1440x900/8106_web-screenshots_climate-news_dpr1_page1_1440x900.sdr.png,iq_asharp,6,20,20228,85.2781,
8100-lilith-web-screenshots,imazen-26-png-v3/png-v3/8100-lilith-web-screenshots/1440x900/8106_web-screenshots_climate-news_dpr1_page1_1440x900.sdr.png,iq_asharp,6,32,14366,78.2256,
8100-lilith-web-screenshots,imazen-26-png-v3/png-v3/8100-lilith-web-screenshots/1440x900/8106_web-screenshots_climate-news_dpr1_page1_1440x900.sdr.png,iq_asharp,6,44,8375,57.4369,
8100-lilith-web-screenshots,imazen-26-png-v3/png-v3/8100-lilith-web-screenshots/1440x900/8106_web-screenshots_climate-news_dpr1_page1_1440x900.sdr.png,iq_asharp,10,20,22297,85.2800,
8100-lilith-web-screenshots,imazen-26-png-v3/png-v3/8100-lilith-web-screenshots/1440x900/8106_web-screenshots_climate-news_dpr1_page1_1440x900.sdr.png,iq_asharp,10,32,15945,76.1250,
8100-lilith-web-screenshots,imazen-26-png-v3/png-v3/8100-lilith-web-screenshots/1440x900/8106_web-screenshots_climate-news_dpr1_page1_1440x900.sdr.png,iq_asharp,10,44,9109,54.3749,
8100-lilith-web-screenshots,imazen-26-png-v3/png-v3/8100-lilith-web-screenshots/1440x900/8106_web-screenshots_climate-news_dpr1_page1_1440x900.sdr.png,iq_both,6,20,20228,85.0755,
8100-lilith-web-screenshots,imazen-26-png-v3/png-v3/8100-lilith-web-screenshots/1440x900/8106_web-screenshots_climate-news_dpr1_page1_1440x900.sdr.png,iq_both,6,32,14363,77.9303,
8100-lilith-web-screenshots,imazen-26-png-v3/png-v3/8100-lilith-web-screenshots/1440x900/8106_web-screenshots_climate-news_dpr1_page1_1440x900.sdr.png,iq_both,6,44,8374,57.3850,
8100-lilith-web-screenshots,imazen-26-png-v3/png-v3/8100-lilith-web-screenshots/1440x900/8106_web-screenshots_climate-news_dpr1_page1_1440x900.sdr.png,iq_both,10,20,22297,85.2018,
8100-lilith-web-screenshots,imazen-26-png-v3/png-v3/8100-lilith-web-screenshots/1440x900/8106_web-screenshots_climate-news_dpr1_page1_1440x900.sdr.png,iq_both,10,32,15945,75.9978,
8100-lilith-web-screenshots,imazen-26-png-v3/png-v3/8100-lilith-web-screenshots/1440x900/8106_web-screenshots_climate-news_dpr1_page1_1440x900.sdr.png,iq_both,10,44,9109,53.8720,
8100-lilith-web-screenshots,imazen-26-png-v3/png-v3/8100-lilith-web-screenshots/1440x900/8106_web-screenshots_climate-news_dpr1_page1_1440x900.sdr.png,adef,6,20,17845,82.3536,
8100-lilith-web-screenshots,imazen-26-png-v3/png-v3/8100-lilith-web-screenshots/1440x900/8106_web-screenshots_climate-news_dpr1_page1_1440x900.sdr.png,adef,6,32,12285,70.0731,
8100-lilith-web-screenshots,imazen-26-png-v3/png-v3/8100-lilith-web-screenshots/1440x900/8106_web-screenshots_climate-news_dpr1_page1_1440x900.sdr.png,adef,6,44,7616,42.2897,
8100-lilith-web-screenshots,imazen-26-png-v3/png-v3/8100-lilith-web-screenshots/1440x900/8106_web-screenshots_climate-news_dpr1_page1_1440x900.sdr.png,adef,10,20,29384,81.0669,
8100-lilith-web-screenshots,imazen-26-png-v3/png-v3/8100-lilith-web-screenshots/1440x900/8106_web-screenshots_climate-news_dpr1_page1_1440x900.sdr.png,adef,10,32,18139,65.4969,
8100-lilith-web-screenshots,imazen-26-png-v3/png-v3/8100-lilith-web-screenshots/1440x900/8106_web-screenshots_climate-news_dpr1_page1_1440x900.sdr.png,adef,10,44,8522,32.8247,
8100-lilith-web-screenshots,imazen-26-png-v3/png-v3/8100-lilith-web-screenshots/1440x900/8106_web-screenshots_climate-news_dpr1_page1_1440x900.sdr.png,asharp,6,20,17845,82.3439,
8100-lilith-web-screenshots,imazen-26-png-v3/png-v3/8100-lilith-web-screenshots/1440x900/8106_web-screenshots_climate-news_dpr1_page1_1440x900.sdr.png,asharp,6,32,12287,70.1018,
8100-lilith-web-screenshots,imazen-26-png-v3/png-v3/8100-lilith-web-screenshots/1440x900/8106_web-screenshots_climate-news_dpr1_page1_1440x900.sdr.png,asharp,6,44,7616,42.3440,
8100-lilith-web-screenshots,imazen-26-png-v3/png-v3/8100-lilith-web-screenshots/1440x900/8106_web-screenshots_climate-news_dpr1_page1_1440x900.sdr.png,asharp,10,20,29384,81.1663,
8100-lilith-web-screenshots,imazen-26-png-v3/png-v3/8100-lilith-web-screenshots/1440x900/8106_web-screenshots_climate-news_dpr1_page1_1440x900.sdr.png,asharp,10,32,18139,65.5459,
8100-lilith-web-screenshots,imazen-26-png-v3/png-v3/8100-lilith-web-screenshots/1440x900/8106_web-screenshots_climate-news_dpr1_page1_1440x900.sdr.png,asharp,10,44,8522,32.9743,
8100-lilith-web-screenshots,imazen-26-png-v3/png-v3/8100-lilith-web-screenshots/1440x900/8106_web-screenshots_climate-news_dpr1_page1_1440x900.sdr.png,iq_dlf,6,20,20248,85.2027,
8100-lilith-web-screenshots,imazen-26-png-v3/png-v3/8100-lilith-web-screenshots/1440x900/8106_web-screenshots_climate-news_dpr1_page1_1440x900.sdr.png,iq_dlf,6,32,14387,78.1970,
8100-lilith-web-screenshots,imazen-26-png-v3/png-v3/8100-lilith-web-screenshots/1440x900/8106_web-screenshots_climate-news_dpr1_page1_1440x900.sdr.png,iq_dlf,6,44,8409,57.5254,
8100-lilith-web-screenshots,imazen-26-png-v3/png-v3/8100-lilith-web-screenshots/1440x900/8106_web-screenshots_climate-news_dpr1_page1_1440x900.sdr.png,iq_dlf,10,20,22316,85.2234,
8100-lilith-web-screenshots,imazen-26-png-v3/png-v3/8100-lilith-web-screenshots/1440x900/8106_web-screenshots_climate-news_dpr1_page1_1440x900.sdr.png,iq_dlf,10,32,15966,76.1008,
8100-lilith-web-screenshots,imazen-26-png-v3/png-v3/8100-lilith-web-screenshots/1440x900/8106_web-screenshots_climate-news_dpr1_page1_1440x900.sdr.png,iq_dlf,10,44,9133,54.4082,
8100-lilith-web-screenshots,imazen-26-png-v3/png-v3/8100-lilith-web-screenshots/1440x900/8106_web-screenshots_climate-news_dpr1_page1_1440x900.sdr.png,iq_all,6,20,20248,85.0934,
8100-lilith-web-screenshots,imazen-26-png-v3/png-v3/8100-lilith-web-screenshots/1440x900/8106_web-screenshots_climate-news_dpr1_page1_1440x900.sdr.png,iq_all,6,32,14384,77.9348,
8100-lilith-web-screenshots,imazen-26-png-v3/png-v3/8100-lilith-web-screenshots/1440x900/8106_web-screenshots_climate-news_dpr1_page1_1440x900.sdr.png,iq_all,6,44,8409,57.5305,
8100-lilith-web-screenshots,imazen-26-png-v3/png-v3/8100-lilith-web-screenshots/1440x900/8106_web-screenshots_climate-news_dpr1_page1_1440x900.sdr.png,iq_all,10,20,22316,85.1328,
8100-lilith-web-screenshots,imazen-26-png-v3/png-v3/8100-lilith-web-screenshots/1440x900/8106_web-screenshots_climate-news_dpr1_page1_1440x900.sdr.png,iq_all,10,32,15966,75.8979,
8100-lilith-web-screenshots,imazen-26-png-v3/png-v3/8100-lilith-web-screenshots/1440x900/8106_web-screenshots_climate-news_dpr1_page1_1440x900.sdr.png,iq_all,10,44,9133,53.9103,
8100-lilith-web-screenshots,imazen-26-png-v3/png-v3/8100-lilith-web-screenshots/2880x1800/8267_web-screenshots_usgs-topoview_dpr2_page1_2880x1800.sdr.png,iq_adef,6,20,27520,85.4104,
8100-lilith-web-screenshots,imazen-26-png-v3/png-v3/8100-lilith-web-screenshots/2880x1800/8267_web-screenshots_usgs-topoview_dpr2_page1_2880x1800.sdr.png,iq_adef,6,32,18198,75.3638,
8100-lilith-web-screenshots,imazen-26-png-v3/png-v3/8100-lilith-web-screenshots/2880x1800/8267_web-screenshots_usgs-topoview_dpr2_page1_2880x1800.sdr.png,iq_adef,6,44,9984,52.6208,
8100-lilith-web-screenshots,imazen-26-png-v3/png-v3/8100-lilith-web-screenshots/2880x1800/8267_web-screenshots_usgs-topoview_dpr2_page1_2880x1800.sdr.png,iq_adef,10,20,30374,84.3290,
8100-lilith-web-screenshots,imazen-26-png-v3/png-v3/8100-lilith-web-screenshots/2880x1800/8267_web-screenshots_usgs-topoview_dpr2_page1_2880x1800.sdr.png,iq_adef,10,32,20004,73.6788,
8100-lilith-web-screenshots,imazen-26-png-v3/png-v3/8100-lilith-web-screenshots/2880x1800/8267_web-screenshots_usgs-topoview_dpr2_page1_2880x1800.sdr.png,iq_adef,10,44,10856,50.0266,
8100-lilith-web-screenshots,imazen-26-png-v3/png-v3/8100-lilith-web-screenshots/2880x1800/8267_web-screenshots_usgs-topoview_dpr2_page1_2880x1800.sdr.png,iq_asharp,6,20,27518,85.0835,
8100-lilith-web-screenshots,imazen-26-png-v3/png-v3/8100-lilith-web-screenshots/2880x1800/8267_web-screenshots_usgs-topoview_dpr2_page1_2880x1800.sdr.png,iq_asharp,6,32,18198,74.8685,
8100-lilith-web-screenshots,imazen-26-png-v3/png-v3/8100-lilith-web-screenshots/2880x1800/8267_web-screenshots_usgs-topoview_dpr2_page1_2880x1800.sdr.png,iq_asharp,6,44,9984,52.7804,
8100-lilith-web-screenshots,imazen-26-png-v3/png-v3/8100-lilith-web-screenshots/2880x1800/8267_web-screenshots_usgs-topoview_dpr2_page1_2880x1800.sdr.png,iq_asharp,10,20,30374,84.3831,
8100-lilith-web-screenshots,imazen-26-png-v3/png-v3/8100-lilith-web-screenshots/2880x1800/8267_web-screenshots_usgs-topoview_dpr2_page1_2880x1800.sdr.png,iq_asharp,10,32,20004,73.9809,
8100-lilith-web-screenshots,imazen-26-png-v3/png-v3/8100-lilith-web-screenshots/2880x1800/8267_web-screenshots_usgs-topoview_dpr2_page1_2880x1800.sdr.png,iq_asharp,10,44,10856,50.4339,
8100-lilith-web-screenshots,imazen-26-png-v3/png-v3/8100-lilith-web-screenshots/2880x1800/8267_web-screenshots_usgs-topoview_dpr2_page1_2880x1800.sdr.png,iq_both,6,20,27520,85.4104,
8100-lilith-web-screenshots,imazen-26-png-v3/png-v3/8100-lilith-web-screenshots/2880x1800/8267_web-screenshots_usgs-topoview_dpr2_page1_2880x1800.sdr.png,iq_both,6,32,18198,75.3638,
8100-lilith-web-screenshots,imazen-26-png-v3/png-v3/8100-lilith-web-screenshots/2880x1800/8267_web-screenshots_usgs-topoview_dpr2_page1_2880x1800.sdr.png,iq_both,6,44,9984,52.6208,
8100-lilith-web-screenshots,imazen-26-png-v3/png-v3/8100-lilith-web-screenshots/2880x1800/8267_web-screenshots_usgs-topoview_dpr2_page1_2880x1800.sdr.png,iq_both,10,20,30374,84.3290,
8100-lilith-web-screenshots,imazen-26-png-v3/png-v3/8100-lilith-web-screenshots/2880x1800/8267_web-screenshots_usgs-topoview_dpr2_page1_2880x1800.sdr.png,iq_both,10,32,20004,73.6788,
8100-lilith-web-screenshots,imazen-26-png-v3/png-v3/8100-lilith-web-screenshots/2880x1800/8267_web-screenshots_usgs-topoview_dpr2_page1_2880x1800.sdr.png,iq_both,10,44,10856,50.0266,
8100-lilith-web-screenshots,imazen-26-png-v3/png-v3/8100-lilith-web-screenshots/2880x1800/8267_web-screenshots_usgs-topoview_dpr2_page1_2880x1800.sdr.png,adef,6,20,24942,81.2522,
8100-lilith-web-screenshots,imazen-26-png-v3/png-v3/8100-lilith-web-screenshots/2880x1800/8267_web-screenshots_usgs-topoview_dpr2_page1_2880x1800.sdr.png,adef,6,32,14744,63.1983,
8100-lilith-web-screenshots,imazen-26-png-v3/png-v3/8100-lilith-web-screenshots/2880x1800/8267_web-screenshots_usgs-topoview_dpr2_page1_2880x1800.sdr.png,adef,6,44,7961,34.9647,
8100-lilith-web-screenshots,imazen-26-png-v3/png-v3/8100-lilith-web-screenshots/2880x1800/8267_web-screenshots_usgs-topoview_dpr2_page1_2880x1800.sdr.png,adef,10,20,29787,78.3163,
8100-lilith-web-screenshots,imazen-26-png-v3/png-v3/8100-lilith-web-screenshots/2880x1800/8267_web-screenshots_usgs-topoview_dpr2_page1_2880x1800.sdr.png,adef,10,32,16802,62.9623,
8100-lilith-web-screenshots,imazen-26-png-v3/png-v3/8100-lilith-web-screenshots/2880x1800/8267_web-screenshots_usgs-topoview_dpr2_page1_2880x1800.sdr.png,adef,10,44,8172,32.1357,
8100-lilith-web-screenshots,imazen-26-png-v3/png-v3/8100-lilith-web-screenshots/2880x1800/8267_web-screenshots_usgs-topoview_dpr2_page1_2880x1800.sdr.png,asharp,6,20,24936,81.0851,
8100-lilith-web-screenshots,imazen-26-png-v3/png-v3/8100-lilith-web-screenshots/2880x1800/8267_web-screenshots_usgs-topoview_dpr2_page1_2880x1800.sdr.png,asharp,6,32,14744,62.9495,
8100-lilith-web-screenshots,imazen-26-png-v3/png-v3/8100-lilith-web-screenshots/2880x1800/8267_web-screenshots_usgs-topoview_dpr2_page1_2880x1800.sdr.png,asharp,6,44,7961,35.1143,
8100-lilith-web-screenshots,imazen-26-png-v3/png-v3/8100-lilith-web-screenshots/2880x1800/8267_web-screenshots_usgs-topoview_dpr2_page1_2880x1800.sdr.png,asharp,10,20,29787,78.3485,
8100-lilith-web-screenshots,imazen-26-png-v3/png-v3/8100-lilith-web-screenshots/2880x1800/8267_web-screenshots_usgs-topoview_dpr2_page1_2880x1800.sdr.png,asharp,10,32,16802,63.0261,
8100-lilith-web-screenshots,imazen-26-png-v3/png-v3/8100-lilith-web-screenshots/2880x1800/8267_web-screenshots_usgs-topoview_dpr2_page1_2880x1800.sdr.png,asharp,10,44,8172,32.2755,
8100-lilith-web-screenshots,imazen-26-png-v3/png-v3/8100-lilith-web-screenshots/2880x1800/8267_web-screenshots_usgs-topoview_dpr2_page1_2880x1800.sdr.png,iq_dlf,6,20,27539,85.0666,
8100-lilith-web-screenshots,imazen-26-png-v3/png-v3/8100-lilith-web-screenshots/2880x1800/8267_web-screenshots_usgs-topoview_dpr2_page1_2880x1800.sdr.png,iq_dlf,6,32,18228,74.8637,
8100-lilith-web-screenshots,imazen-26-png-v3/png-v3/8100-lilith-web-screenshots/2880x1800/8267_web-screenshots_usgs-topoview_dpr2_page1_2880x1800.sdr.png,iq_dlf,6,44,10014,52.9108,
8100-lilith-web-screenshots,imazen-26-png-v3/png-v3/8100-lilith-web-screenshots/2880x1800/8267_web-screenshots_usgs-topoview_dpr2_page1_2880x1800.sdr.png,iq_dlf,10,20,30395,84.1443,
8100-lilith-web-screenshots,imazen-26-png-v3/png-v3/8100-lilith-web-screenshots/2880x1800/8267_web-screenshots_usgs-topoview_dpr2_page1_2880x1800.sdr.png,iq_dlf,10,32,20034,73.8867,
8100-lilith-web-screenshots,imazen-26-png-v3/png-v3/8100-lilith-web-screenshots/2880x1800/8267_web-screenshots_usgs-topoview_dpr2_page1_2880x1800.sdr.png,iq_dlf,10,44,10886,50.4548,
8100-lilith-web-screenshots,imazen-26-png-v3/png-v3/8100-lilith-web-screenshots/2880x1800/8267_web-screenshots_usgs-topoview_dpr2_page1_2880x1800.sdr.png,iq_all,6,20,27544,85.4117,
8100-lilith-web-screenshots,imazen-26-png-v3/png-v3/8100-lilith-web-screenshots/2880x1800/8267_web-screenshots_usgs-topoview_dpr2_page1_2880x1800.sdr.png,iq_all,6,32,18228,75.4061,
8100-lilith-web-screenshots,imazen-26-png-v3/png-v3/8100-lilith-web-screenshots/2880x1800/8267_web-screenshots_usgs-topoview_dpr2_page1_2880x1800.sdr.png,iq_all,6,44,10014,52.6642,
8100-lilith-web-screenshots,imazen-26-png-v3/png-v3/8100-lilith-web-screenshots/2880x1800/8267_web-screenshots_usgs-topoview_dpr2_page1_2880x1800.sdr.png,iq_all,10,20,30395,84.0591,
8100-lilith-web-screenshots,imazen-26-png-v3/png-v3/8100-lilith-web-screenshots/2880x1800/8267_web-screenshots_usgs-topoview_dpr2_page1_2880x1800.sdr.png,iq_all,10,32,20034,73.3150,
8100-lilith-web-screenshots,imazen-26-png-v3/png-v3/8100-lilith-web-screenshots/2880x1800/8267_web-screenshots_usgs-topoview_dpr2_page1_2880x1800.sdr.png,iq_all,10,44,10886,50.0441,
9000-lilith-ai-clipart,imazen-26-png-v3/png-v3/9000-lilith-ai-clipart/9036_gen_clipart_laptop-coffee_1024x1024.sdr.png,iq_adef,6,20,17205,87.5117,
9000-lilith-ai-clipart,imazen-26-png-v3/png-v3/9000-lilith-ai-clipart/9036_gen_clipart_laptop-coffee_1024x1024.sdr.png,iq_adef,6,32,11870,80.1738,
9000-lilith-ai-clipart,imazen-26-png-v3/png-v3/9000-lilith-ai-clipart/9036_gen_clipart_laptop-coffee_1024x1024.sdr.png,iq_adef,6,44,7076,65.4391,
9000-lilith-ai-clipart,imazen-26-png-v3/png-v3/9000-lilith-ai-clipart/9036_gen_clipart_laptop-coffee_1024x1024.sdr.png,iq_adef,10,20,19986,85.0394,
9000-lilith-ai-clipart,imazen-26-png-v3/png-v3/9000-lilith-ai-clipart/9036_gen_clipart_laptop-coffee_1024x1024.sdr.png,iq_adef,10,32,13353,76.9369,
9000-lilith-ai-clipart,imazen-26-png-v3/png-v3/9000-lilith-ai-clipart/9036_gen_clipart_laptop-coffee_1024x1024.sdr.png,iq_adef,10,44,7654,61.1674,
9000-lilith-ai-clipart,imazen-26-png-v3/png-v3/9000-lilith-ai-clipart/9036_gen_clipart_laptop-coffee_1024x1024.sdr.png,iq_asharp,6,20,17211,88.2092,
9000-lilith-ai-clipart,imazen-26-png-v3/png-v3/9000-lilith-ai-clipart/9036_gen_clipart_laptop-coffee_1024x1024.sdr.png,iq_asharp,6,32,11870,81.2552,
9000-lilith-ai-clipart,imazen-26-png-v3/png-v3/9000-lilith-ai-clipart/9036_gen_clipart_laptop-coffee_1024x1024.sdr.png,iq_asharp,6,44,7073,66.3152,
9000-lilith-ai-clipart,imazen-26-png-v3/png-v3/9000-lilith-ai-clipart/9036_gen_clipart_laptop-coffee_1024x1024.sdr.png,iq_asharp,10,20,19986,85.2200,
9000-lilith-ai-clipart,imazen-26-png-v3/png-v3/9000-lilith-ai-clipart/9036_gen_clipart_laptop-coffee_1024x1024.sdr.png,iq_asharp,10,32,13353,77.1192,
9000-lilith-ai-clipart,imazen-26-png-v3/png-v3/9000-lilith-ai-clipart/9036_gen_clipart_laptop-coffee_1024x1024.sdr.png,iq_asharp,10,44,7654,61.5119,
9000-lilith-ai-clipart,imazen-26-png-v3/png-v3/9000-lilith-ai-clipart/9036_gen_clipart_laptop-coffee_1024x1024.sdr.png,iq_both,6,20,17205,87.5117,
9000-lilith-ai-clipart,imazen-26-png-v3/png-v3/9000-lilith-ai-clipart/9036_gen_clipart_laptop-coffee_1024x1024.sdr.png,iq_both,6,32,11870,80.1738,
9000-lilith-ai-clipart,imazen-26-png-v3/png-v3/9000-lilith-ai-clipart/9036_gen_clipart_laptop-coffee_1024x1024.sdr.png,iq_both,6,44,7076,65.4391,
9000-lilith-ai-clipart,imazen-26-png-v3/png-v3/9000-lilith-ai-clipart/9036_gen_clipart_laptop-coffee_1024x1024.sdr.png,iq_both,10,20,19986,85.0394,
9000-lilith-ai-clipart,imazen-26-png-v3/png-v3/9000-lilith-ai-clipart/9036_gen_clipart_laptop-coffee_1024x1024.sdr.png,iq_both,10,32,13353,76.9369,
9000-lilith-ai-clipart,imazen-26-png-v3/png-v3/9000-lilith-ai-clipart/9036_gen_clipart_laptop-coffee_1024x1024.sdr.png,iq_both,10,44,7654,61.1674,
9000-lilith-ai-clipart,imazen-26-png-v3/png-v3/9000-lilith-ai-clipart/9036_gen_clipart_laptop-coffee_1024x1024.sdr.png,adef,6,20,16551,85.2203,
9000-lilith-ai-clipart,imazen-26-png-v3/png-v3/9000-lilith-ai-clipart/9036_gen_clipart_laptop-coffee_1024x1024.sdr.png,adef,6,32,11610,77.3907,
9000-lilith-ai-clipart,imazen-26-png-v3/png-v3/9000-lilith-ai-clipart/9036_gen_clipart_laptop-coffee_1024x1024.sdr.png,adef,6,44,7055,61.1645,
9000-lilith-ai-clipart,imazen-26-png-v3/png-v3/9000-lilith-ai-clipart/9036_gen_clipart_laptop-coffee_1024x1024.sdr.png,adef,10,20,19729,84.7270,
9000-lilith-ai-clipart,imazen-26-png-v3/png-v3/9000-lilith-ai-clipart/9036_gen_clipart_laptop-coffee_1024x1024.sdr.png,adef,10,32,13381,76.8673,
9000-lilith-ai-clipart,imazen-26-png-v3/png-v3/9000-lilith-ai-clipart/9036_gen_clipart_laptop-coffee_1024x1024.sdr.png,adef,10,44,7738,58.0184,
9000-lilith-ai-clipart,imazen-26-png-v3/png-v3/9000-lilith-ai-clipart/9036_gen_clipart_laptop-coffee_1024x1024.sdr.png,asharp,6,20,16548,85.9254,
9000-lilith-ai-clipart,imazen-26-png-v3/png-v3/9000-lilith-ai-clipart/9036_gen_clipart_laptop-coffee_1024x1024.sdr.png,asharp,6,32,11612,77.8246,
9000-lilith-ai-clipart,imazen-26-png-v3/png-v3/9000-lilith-ai-clipart/9036_gen_clipart_laptop-coffee_1024x1024.sdr.png,asharp,6,44,7055,61.9657,
9000-lilith-ai-clipart,imazen-26-png-v3/png-v3/9000-lilith-ai-clipart/9036_gen_clipart_laptop-coffee_1024x1024.sdr.png,asharp,10,20,19729,84.7543,
9000-lilith-ai-clipart,imazen-26-png-v3/png-v3/9000-lilith-ai-clipart/9036_gen_clipart_laptop-coffee_1024x1024.sdr.png,asharp,10,32,13381,77.0422,
9000-lilith-ai-clipart,imazen-26-png-v3/png-v3/9000-lilith-ai-clipart/9036_gen_clipart_laptop-coffee_1024x1024.sdr.png,asharp,10,44,7738,58.4604,
9000-lilith-ai-clipart,imazen-26-png-v3/png-v3/9000-lilith-ai-clipart/9036_gen_clipart_laptop-coffee_1024x1024.sdr.png,iq_dlf,6,20,17231,88.0376,
9000-lilith-ai-clipart,imazen-26-png-v3/png-v3/9000-lilith-ai-clipart/9036_gen_clipart_laptop-coffee_1024x1024.sdr.png,iq_dlf,6,32,11893,81.1692,
9000-lilith-ai-clipart,imazen-26-png-v3/png-v3/9000-lilith-ai-clipart/9036_gen_clipart_laptop-coffee_1024x1024.sdr.png,iq_dlf,6,44,7096,66.3636,
9000-lilith-ai-clipart,imazen-26-png-v3/png-v3/9000-lilith-ai-clipart/9036_gen_clipart_laptop-coffee_1024x1024.sdr.png,iq_dlf,10,20,20006,85.0508,
9000-lilith-ai-clipart,imazen-26-png-v3/png-v3/9000-lilith-ai-clipart/9036_gen_clipart_laptop-coffee_1024x1024.sdr.png,iq_dlf,10,32,13374,77.0920,
9000-lilith-ai-clipart,imazen-26-png-v3/png-v3/9000-lilith-ai-clipart/9036_gen_clipart_laptop-coffee_1024x1024.sdr.png,iq_dlf,10,44,7677,61.4747,
9000-lilith-ai-clipart,imazen-26-png-v3/png-v3/9000-lilith-ai-clipart/9036_gen_clipart_laptop-coffee_1024x1024.sdr.png,iq_all,6,20,17231,87.5339,
9000-lilith-ai-clipart,imazen-26-png-v3/png-v3/9000-lilith-ai-clipart/9036_gen_clipart_laptop-coffee_1024x1024.sdr.png,iq_all,6,32,11893,80.1223,
9000-lilith-ai-clipart,imazen-26-png-v3/png-v3/9000-lilith-ai-clipart/9036_gen_clipart_laptop-coffee_1024x1024.sdr.png,iq_all,6,44,7099,65.4844,
9000-lilith-ai-clipart,imazen-26-png-v3/png-v3/9000-lilith-ai-clipart/9036_gen_clipart_laptop-coffee_1024x1024.sdr.png,iq_all,10,20,20006,84.9865,
9000-lilith-ai-clipart,imazen-26-png-v3/png-v3/9000-lilith-ai-clipart/9036_gen_clipart_laptop-coffee_1024x1024.sdr.png,iq_all,10,32,13374,76.8963,
9000-lilith-ai-clipart,imazen-26-png-v3/png-v3/9000-lilith-ai-clipart/9036_gen_clipart_laptop-coffee_1024x1024.sdr.png,iq_all,10,44,7677,61.1377,
9000-lilith-ai-clipart,imazen-26-png-v3/png-v3/9000-lilith-ai-clipart/9070_gen_clipart_sunflower-cheerful_1024x1536.sdr.png,iq_adef,6,20,16200,87.7706,
9000-lilith-ai-clipart,imazen-26-png-v3/png-v3/9000-lilith-ai-clipart/9070_gen_clipart_sunflower-cheerful_1024x1536.sdr.png,iq_adef,6,32,11061,83.1366,
9000-lilith-ai-clipart,imazen-26-png-v3/png-v3/9000-lilith-ai-clipart/9070_gen_clipart_sunflower-cheerful_1024x1536.sdr.png,iq_adef,6,44,6587,71.4571,
9000-lilith-ai-clipart,imazen-26-png-v3/png-v3/9000-lilith-ai-clipart/9070_gen_clipart_sunflower-cheerful_1024x1536.sdr.png,iq_adef,10,20,19601,86.9535,
9000-lilith-ai-clipart,imazen-26-png-v3/png-v3/9000-lilith-ai-clipart/9070_gen_clipart_sunflower-cheerful_1024x1536.sdr.png,iq_adef,10,32,13664,81.6227,
9000-lilith-ai-clipart,imazen-26-png-v3/png-v3/9000-lilith-ai-clipart/9070_gen_clipart_sunflower-cheerful_1024x1536.sdr.png,iq_adef,10,44,7954,69.0748,
9000-lilith-ai-clipart,imazen-26-png-v3/png-v3/9000-lilith-ai-clipart/9070_gen_clipart_sunflower-cheerful_1024x1536.sdr.png,iq_asharp,6,20,16205,87.5918,
9000-lilith-ai-clipart,imazen-26-png-v3/png-v3/9000-lilith-ai-clipart/9070_gen_clipart_sunflower-cheerful_1024x1536.sdr.png,iq_asharp,6,32,11061,83.1616,
9000-lilith-ai-clipart,imazen-26-png-v3/png-v3/9000-lilith-ai-clipart/9070_gen_clipart_sunflower-cheerful_1024x1536.sdr.png,iq_asharp,6,44,6587,71.6433,
9000-lilith-ai-clipart,imazen-26-png-v3/png-v3/9000-lilith-ai-clipart/9070_gen_clipart_sunflower-cheerful_1024x1536.sdr.png,iq_asharp,10,20,19601,87.0715,
9000-lilith-ai-clipart,imazen-26-png-v3/png-v3/9000-lilith-ai-clipart/9070_gen_clipart_sunflower-cheerful_1024x1536.sdr.png,iq_asharp,10,32,13664,82.0008,
9000-lilith-ai-clipart,imazen-26-png-v3/png-v3/9000-lilith-ai-clipart/9070_gen_clipart_sunflower-cheerful_1024x1536.sdr.png,iq_asharp,10,44,7954,69.2587,
9000-lilith-ai-clipart,imazen-26-png-v3/png-v3/9000-lilith-ai-clipart/9070_gen_clipart_sunflower-cheerful_1024x1536.sdr.png,iq_both,6,20,16200,87.7706,
9000-lilith-ai-clipart,imazen-26-png-v3/png-v3/9000-lilith-ai-clipart/9070_gen_clipart_sunflower-cheerful_1024x1536.sdr.png,iq_both,6,32,11061,83.1366,
9000-lilith-ai-clipart,imazen-26-png-v3/png-v3/9000-lilith-ai-clipart/9070_gen_clipart_sunflower-cheerful_1024x1536.sdr.png,iq_both,6,44,6587,71.4571,
9000-lilith-ai-clipart,imazen-26-png-v3/png-v3/9000-lilith-ai-clipart/9070_gen_clipart_sunflower-cheerful_1024x1536.sdr.png,iq_both,10,20,19601,86.9535,
9000-lilith-ai-clipart,imazen-26-png-v3/png-v3/9000-lilith-ai-clipart/9070_gen_clipart_sunflower-cheerful_1024x1536.sdr.png,iq_both,10,32,13664,81.6227,
9000-lilith-ai-clipart,imazen-26-png-v3/png-v3/9000-lilith-ai-clipart/9070_gen_clipart_sunflower-cheerful_1024x1536.sdr.png,iq_both,10,44,7954,69.0748,
9000-lilith-ai-clipart,imazen-26-png-v3/png-v3/9000-lilith-ai-clipart/9070_gen_clipart_sunflower-cheerful_1024x1536.sdr.png,adef,6,20,13123,85.2803,
9000-lilith-ai-clipart,imazen-26-png-v3/png-v3/9000-lilith-ai-clipart/9070_gen_clipart_sunflower-cheerful_1024x1536.sdr.png,adef,6,32,8154,76.6631,
9000-lilith-ai-clipart,imazen-26-png-v3/png-v3/9000-lilith-ai-clipart/9070_gen_clipart_sunflower-cheerful_1024x1536.sdr.png,adef,6,44,4839,57.3345,
9000-lilith-ai-clipart,imazen-26-png-v3/png-v3/9000-lilith-ai-clipart/9070_gen_clipart_sunflower-cheerful_1024x1536.sdr.png,adef,10,20,18277,82.3162,
9000-lilith-ai-clipart,imazen-26-png-v3/png-v3/9000-lilith-ai-clipart/9070_gen_clipart_sunflower-cheerful_1024x1536.sdr.png,adef,10,32,11215,72.6182,
9000-lilith-ai-clipart,imazen-26-png-v3/png-v3/9000-lilith-ai-clipart/9070_gen_clipart_sunflower-cheerful_1024x1536.sdr.png,adef,10,44,5992,52.8055,
9000-lilith-ai-clipart,imazen-26-png-v3/png-v3/9000-lilith-ai-clipart/9070_gen_clipart_sunflower-cheerful_1024x1536.sdr.png,asharp,6,20,13123,85.2632,
9000-lilith-ai-clipart,imazen-26-png-v3/png-v3/9000-lilith-ai-clipart/9070_gen_clipart_sunflower-cheerful_1024x1536.sdr.png,asharp,6,32,8154,76.6200,
9000-lilith-ai-clipart,imazen-26-png-v3/png-v3/9000-lilith-ai-clipart/9070_gen_clipart_sunflower-cheerful_1024x1536.sdr.png,asharp,6,44,4840,57.4610,
9000-lilith-ai-clipart,imazen-26-png-v3/png-v3/9000-lilith-ai-clipart/9070_gen_clipart_sunflower-cheerful_1024x1536.sdr.png,asharp,10,20,18277,82.4881,
9000-lilith-ai-clipart,imazen-26-png-v3/png-v3/9000-lilith-ai-clipart/9070_gen_clipart_sunflower-cheerful_1024x1536.sdr.png,asharp,10,32,11215,72.7701,
9000-lilith-ai-clipart,imazen-26-png-v3/png-v3/9000-lilith-ai-clipart/9070_gen_clipart_sunflower-cheerful_1024x1536.sdr.png,asharp,10,44,5992,53.0008,
9000-lilith-ai-clipart,imazen-26-png-v3/png-v3/9000-lilith-ai-clipart/9070_gen_clipart_sunflower-cheerful_1024x1536.sdr.png,iq_dlf,6,20,16227,87.6544,
9000-lilith-ai-clipart,imazen-26-png-v3/png-v3/9000-lilith-ai-clipart/9070_gen_clipart_sunflower-cheerful_1024x1536.sdr.png,iq_dlf,6,32,11088,83.0739,
9000-lilith-ai-clipart,imazen-26-png-v3/png-v3/9000-lilith-ai-clipart/9070_gen_clipart_sunflower-cheerful_1024x1536.sdr.png,iq_dlf,6,44,6622,71.7568,
9000-lilith-ai-clipart,imazen-26-png-v3/png-v3/9000-lilith-ai-clipart/9070_gen_clipart_sunflower-cheerful_1024x1536.sdr.png,iq_dlf,10,20,19623,86.9853,
9000-lilith-ai-clipart,imazen-26-png-v3/png-v3/9000-lilith-ai-clipart/9070_gen_clipart_sunflower-cheerful_1024x1536.sdr.png,iq_dlf,10,32,13693,81.8726,
9000-lilith-ai-clipart,imazen-26-png-v3/png-v3/9000-lilith-ai-clipart/9070_gen_clipart_sunflower-cheerful_1024x1536.sdr.png,iq_dlf,10,44,7988,69.2165,
9000-lilith-ai-clipart,imazen-26-png-v3/png-v3/9000-lilith-ai-clipart/9070_gen_clipart_sunflower-cheerful_1024x1536.sdr.png,iq_all,6,20,16222,87.6337,
9000-lilith-ai-clipart,imazen-26-png-v3/png-v3/9000-lilith-ai-clipart/9070_gen_clipart_sunflower-cheerful_1024x1536.sdr.png,iq_all,6,32,11090,83.1017,
9000-lilith-ai-clipart,imazen-26-png-v3/png-v3/9000-lilith-ai-clipart/9070_gen_clipart_sunflower-cheerful_1024x1536.sdr.png,iq_all,6,44,6622,71.5434,
9000-lilith-ai-clipart,imazen-26-png-v3/png-v3/9000-lilith-ai-clipart/9070_gen_clipart_sunflower-cheerful_1024x1536.sdr.png,iq_all,10,20,19623,86.9197,
9000-lilith-ai-clipart,imazen-26-png-v3/png-v3/9000-lilith-ai-clipart/9070_gen_clipart_sunflower-cheerful_1024x1536.sdr.png,iq_all,10,32,13693,81.3550,
9000-lilith-ai-clipart,imazen-26-png-v3/png-v3/9000-lilith-ai-clipart/9070_gen_clipart_sunflower-cheerful_1024x1536.sdr.png,iq_all,10,44,7988,68.9563,
9094-lilith-ai-illustrations,imazen-26-png-v3/png-v3/9094-lilith-ai-illustrations/9100_gen_illustrations_bath-candles-evening_1024x1536.sdr.png,iq_adef,6,20,48044,78.9448,
9094-lilith-ai-illustrations,imazen-26-png-v3/png-v3/9094-lilith-ai-illustrations/9100_gen_illustrations_bath-candles-evening_1024x1536.sdr.png,iq_adef,6,32,27692,66.8585,
9094-lilith-ai-illustrations,imazen-26-png-v3/png-v3/9094-lilith-ai-illustrations/9100_gen_illustrations_bath-candles-evening_1024x1536.sdr.png,iq_adef,6,44,10151,36.0176,
9094-lilith-ai-illustrations,imazen-26-png-v3/png-v3/9094-lilith-ai-illustrations/9100_gen_illustrations_bath-candles-evening_1024x1536.sdr.png,iq_adef,10,20,49695,78.6008,
9094-lilith-ai-illustrations,imazen-26-png-v3/png-v3/9094-lilith-ai-illustrations/9100_gen_illustrations_bath-candles-evening_1024x1536.sdr.png,iq_adef,10,32,28976,66.9189,
9094-lilith-ai-illustrations,imazen-26-png-v3/png-v3/9094-lilith-ai-illustrations/9100_gen_illustrations_bath-candles-evening_1024x1536.sdr.png,iq_adef,10,44,10911,36.7020,
9094-lilith-ai-illustrations,imazen-26-png-v3/png-v3/9094-lilith-ai-illustrations/9100_gen_illustrations_bath-candles-evening_1024x1536.sdr.png,iq_asharp,6,20,48039,78.7981,
9094-lilith-ai-illustrations,imazen-26-png-v3/png-v3/9094-lilith-ai-illustrations/9100_gen_illustrations_bath-candles-evening_1024x1536.sdr.png,iq_asharp,6,32,27682,66.8213,
9094-lilith-ai-illustrations,imazen-26-png-v3/png-v3/9094-lilith-ai-illustrations/9100_gen_illustrations_bath-candles-evening_1024x1536.sdr.png,iq_asharp,6,44,10149,35.8284,
9094-lilith-ai-illustrations,imazen-26-png-v3/png-v3/9094-lilith-ai-illustrations/9100_gen_illustrations_bath-candles-evening_1024x1536.sdr.png,iq_asharp,10,20,49695,78.6447,
9094-lilith-ai-illustrations,imazen-26-png-v3/png-v3/9094-lilith-ai-illustrations/9100_gen_illustrations_bath-candles-evening_1024x1536.sdr.png,iq_asharp,10,32,28976,67.0785,
9094-lilith-ai-illustrations,imazen-26-png-v3/png-v3/9094-lilith-ai-illustrations/9100_gen_illustrations_bath-candles-evening_1024x1536.sdr.png,iq_asharp,10,44,10911,37.0471,
9094-lilith-ai-illustrations,imazen-26-png-v3/png-v3/9094-lilith-ai-illustrations/9100_gen_illustrations_bath-candles-evening_1024x1536.sdr.png,iq_both,6,20,48044,78.9448,
9094-lilith-ai-illustrations,imazen-26-png-v3/png-v3/9094-lilith-ai-illustrations/9100_gen_illustrations_bath-candles-evening_1024x1536.sdr.png,iq_both,6,32,27692,66.8585,
9094-lilith-ai-illustrations,imazen-26-png-v3/png-v3/9094-lilith-ai-illustrations/9100_gen_illustrations_bath-candles-evening_1024x1536.sdr.png,iq_both,6,44,10151,36.0176,
9094-lilith-ai-illustrations,imazen-26-png-v3/png-v3/9094-lilith-ai-illustrations/9100_gen_illustrations_bath-candles-evening_1024x1536.sdr.png,iq_both,10,20,49695,78.6008,
9094-lilith-ai-illustrations,imazen-26-png-v3/png-v3/9094-lilith-ai-illustrations/9100_gen_illustrations_bath-candles-evening_1024x1536.sdr.png,iq_both,10,32,28976,66.9189,
9094-lilith-ai-illustrations,imazen-26-png-v3/png-v3/9094-lilith-ai-illustrations/9100_gen_illustrations_bath-candles-evening_1024x1536.sdr.png,iq_both,10,44,10911,36.7020,
9094-lilith-ai-illustrations,imazen-26-png-v3/png-v3/9094-lilith-ai-illustrations/9100_gen_illustrations_bath-candles-evening_1024x1536.sdr.png,adef,6,20,36007,70.0731,
9094-lilith-ai-illustrations,imazen-26-png-v3/png-v3/9094-lilith-ai-illustrations/9100_gen_illustrations_bath-candles-evening_1024x1536.sdr.png,adef,6,32,14728,41.4434,
9094-lilith-ai-illustrations,imazen-26-png-v3/png-v3/9094-lilith-ai-illustrations/9100_gen_illustrations_bath-candles-evening_1024x1536.sdr.png,adef,6,44,4021,2.7448,
9094-lilith-ai-illustrations,imazen-26-png-v3/png-v3/9094-lilith-ai-illustrations/9100_gen_illustrations_bath-candles-evening_1024x1536.sdr.png,adef,10,20,36541,69.2151,
9094-lilith-ai-illustrations,imazen-26-png-v3/png-v3/9094-lilith-ai-illustrations/9100_gen_illustrations_bath-candles-evening_1024x1536.sdr.png,adef,10,32,13957,39.6321,
9094-lilith-ai-illustrations,imazen-26-png-v3/png-v3/9094-lilith-ai-illustrations/9100_gen_illustrations_bath-candles-evening_1024x1536.sdr.png,adef,10,44,4039,6.3792,
9094-lilith-ai-illustrations,imazen-26-png-v3/png-v3/9094-lilith-ai-illustrations/9100_gen_illustrations_bath-candles-evening_1024x1536.sdr.png,asharp,6,20,36003,69.9219,
9094-lilith-ai-illustrations,imazen-26-png-v3/png-v3/9094-lilith-ai-illustrations/9100_gen_illustrations_bath-candles-evening_1024x1536.sdr.png,asharp,6,32,14726,41.3247,
9094-lilith-ai-illustrations,imazen-26-png-v3/png-v3/9094-lilith-ai-illustrations/9100_gen_illustrations_bath-candles-evening_1024x1536.sdr.png,asharp,6,44,4021,2.8358,
9094-lilith-ai-illustrations,imazen-26-png-v3/png-v3/9094-lilith-ai-illustrations/9100_gen_illustrations_bath-candles-evening_1024x1536.sdr.png,asharp,10,20,36541,69.2224,
9094-lilith-ai-illustrations,imazen-26-png-v3/png-v3/9094-lilith-ai-illustrations/9100_gen_illustrations_bath-candles-evening_1024x1536.sdr.png,asharp,10,32,13957,39.7855,
9094-lilith-ai-illustrations,imazen-26-png-v3/png-v3/9094-lilith-ai-illustrations/9100_gen_illustrations_bath-candles-evening_1024x1536.sdr.png,asharp,10,44,4039,6.1232,
9094-lilith-ai-illustrations,imazen-26-png-v3/png-v3/9094-lilith-ai-illustrations/9100_gen_illustrations_bath-candles-evening_1024x1536.sdr.png,iq_dlf,6,20,48049,78.7429,
9094-lilith-ai-illustrations,imazen-26-png-v3/png-v3/9094-lilith-ai-illustrations/9100_gen_illustrations_bath-candles-evening_1024x1536.sdr.png,iq_dlf,6,32,27689,67.0663,
9094-lilith-ai-illustrations,imazen-26-png-v3/png-v3/9094-lilith-ai-illustrations/9100_gen_illustrations_bath-candles-evening_1024x1536.sdr.png,iq_dlf,6,44,10182,35.7487,
9094-lilith-ai-illustrations,imazen-26-png-v3/png-v3/9094-lilith-ai-illustrations/9100_gen_illustrations_bath-candles-evening_1024x1536.sdr.png,iq_dlf,10,20,49705,78.6416,
9094-lilith-ai-illustrations,imazen-26-png-v3/png-v3/9094-lilith-ai-illustrations/9100_gen_illustrations_bath-candles-evening_1024x1536.sdr.png,iq_dlf,10,32,28991,67.0958,
9094-lilith-ai-illustrations,imazen-26-png-v3/png-v3/9094-lilith-ai-illustrations/9100_gen_illustrations_bath-candles-evening_1024x1536.sdr.png,iq_dlf,10,44,10927,37.1127,
9094-lilith-ai-illustrations,imazen-26-png-v3/png-v3/9094-lilith-ai-illustrations/9100_gen_illustrations_bath-candles-evening_1024x1536.sdr.png,iq_all,6,20,48054,78.8625,
9094-lilith-ai-illustrations,imazen-26-png-v3/png-v3/9094-lilith-ai-illustrations/9100_gen_illustrations_bath-candles-evening_1024x1536.sdr.png,iq_all,6,32,27697,66.7400,
9094-lilith-ai-illustrations,imazen-26-png-v3/png-v3/9094-lilith-ai-illustrations/9100_gen_illustrations_bath-candles-evening_1024x1536.sdr.png,iq_all,6,44,10182,36.0382,
9094-lilith-ai-illustrations,imazen-26-png-v3/png-v3/9094-lilith-ai-illustrations/9100_gen_illustrations_bath-candles-evening_1024x1536.sdr.png,iq_all,10,20,49705,78.4758,
9094-lilith-ai-illustrations,imazen-26-png-v3/png-v3/9094-lilith-ai-illustrations/9100_gen_illustrations_bath-candles-evening_1024x1536.sdr.png,iq_all,10,32,28991,66.7015,
9094-lilith-ai-illustrations,imazen-26-png-v3/png-v3/9094-lilith-ai-illustrations/9100_gen_illustrations_bath-candles-evening_1024x1536.sdr.png,iq_all,10,44,10927,36.7105,
9094-lilith-ai-illustrations,imazen-26-png-v3/png-v3/9094-lilith-ai-illustrations/9135_gen_illustrations_old-fisherman-river_1024x1536.sdr.png,iq_adef,6,20,55710,78.4518,
9094-lilith-ai-illustrations,imazen-26-png-v3/png-v3/9094-lilith-ai-illustrations/9135_gen_illustrations_old-fisherman-river_1024x1536.sdr.png,iq_adef,6,32,32079,65.0713,
9094-lilith-ai-illustrations,imazen-26-png-v3/png-v3/9094-lilith-ai-illustrations/9135_gen_illustrations_old-fisherman-river_1024x1536.sdr.png,iq_adef,6,44,12886,30.3450,
9094-lilith-ai-illustrations,imazen-26-png-v3/png-v3/9094-lilith-ai-illustrations/9135_gen_illustrations_old-fisherman-river_1024x1536.sdr.png,iq_adef,10,20,60180,77.8072,
9094-lilith-ai-illustrations,imazen-26-png-v3/png-v3/9094-lilith-ai-illustrations/9135_gen_illustrations_old-fisherman-river_1024x1536.sdr.png,iq_adef,10,32,34654,64.2742,
9094-lilith-ai-illustrations,imazen-26-png-v3/png-v3/9094-lilith-ai-illustrations/9135_gen_illustrations_old-fisherman-river_1024x1536.sdr.png,iq_adef,10,44,13616,29.9632,
9094-lilith-ai-illustrations,imazen-26-png-v3/png-v3/9094-lilith-ai-illustrations/9135_gen_illustrations_old-fisherman-river_1024x1536.sdr.png,iq_asharp,6,20,55710,78.3388,
9094-lilith-ai-illustrations,imazen-26-png-v3/png-v3/9094-lilith-ai-illustrations/9135_gen_illustrations_old-fisherman-river_1024x1536.sdr.png,iq_asharp,6,32,32079,64.9411,
9094-lilith-ai-illustrations,imazen-26-png-v3/png-v3/9094-lilith-ai-illustrations/9135_gen_illustrations_old-fisherman-river_1024x1536.sdr.png,iq_asharp,6,44,12886,30.0273,
9094-lilith-ai-illustrations,imazen-26-png-v3/png-v3/9094-lilith-ai-illustrations/9135_gen_illustrations_old-fisherman-river_1024x1536.sdr.png,iq_asharp,10,20,60180,77.8930,
9094-lilith-ai-illustrations,imazen-26-png-v3/png-v3/9094-lilith-ai-illustrations/9135_gen_illustrations_old-fisherman-river_1024x1536.sdr.png,iq_asharp,10,32,34654,64.5617,
9094-lilith-ai-illustrations,imazen-26-png-v3/png-v3/9094-lilith-ai-illustrations/9135_gen_illustrations_old-fisherman-river_1024x1536.sdr.png,iq_asharp,10,44,13616,30.3809,
9094-lilith-ai-illustrations,imazen-26-png-v3/png-v3/9094-lilith-ai-illustrations/9135_gen_illustrations_old-fisherman-river_1024x1536.sdr.png,iq_both,6,20,55710,78.4518,
9094-lilith-ai-illustrations,imazen-26-png-v3/png-v3/9094-lilith-ai-illustrations/9135_gen_illustrations_old-fisherman-river_1024x1536.sdr.png,iq_both,6,32,32079,65.0713,
9094-lilith-ai-illustrations,imazen-26-png-v3/png-v3/9094-lilith-ai-illustrations/9135_gen_illustrations_old-fisherman-river_1024x1536.sdr.png,iq_both,6,44,12886,30.3450,
9094-lilith-ai-illustrations,imazen-26-png-v3/png-v3/9094-lilith-ai-illustrations/9135_gen_illustrations_old-fisherman-river_1024x1536.sdr.png,iq_both,10,20,60180,77.8072,
9094-lilith-ai-illustrations,imazen-26-png-v3/png-v3/9094-lilith-ai-illustrations/9135_gen_illustrations_old-fisherman-river_1024x1536.sdr.png,iq_both,10,32,34654,64.2742,
9094-lilith-ai-illustrations,imazen-26-png-v3/png-v3/9094-lilith-ai-illustrations/9135_gen_illustrations_old-fisherman-river_1024x1536.sdr.png,iq_both,10,44,13616,29.9632,
9094-lilith-ai-illustrations,imazen-26-png-v3/png-v3/9094-lilith-ai-illustrations/9135_gen_illustrations_old-fisherman-river_1024x1536.sdr.png,adef,6,20,45150,71.1388,
9094-lilith-ai-illustrations,imazen-26-png-v3/png-v3/9094-lilith-ai-illustrations/9135_gen_illustrations_old-fisherman-river_1024x1536.sdr.png,adef,6,32,20992,42.7169,
9094-lilith-ai-illustrations,imazen-26-png-v3/png-v3/9094-lilith-ai-illustrations/9135_gen_illustrations_old-fisherman-river_1024x1536.sdr.png,adef,6,44,6967,6.4251,
9094-lilith-ai-illustrations,imazen-26-png-v3/png-v3/9094-lilith-ai-illustrations/9135_gen_illustrations_old-fisherman-river_1024x1536.sdr.png,adef,10,20,47736,69.0096,
9094-lilith-ai-illustrations,imazen-26-png-v3/png-v3/9094-lilith-ai-illustrations/9135_gen_illustrations_old-fisherman-river_1024x1536.sdr.png,adef,10,32,20628,38.2560,
9094-lilith-ai-illustrations,imazen-26-png-v3/png-v3/9094-lilith-ai-illustrations/9135_gen_illustrations_old-fisherman-river_1024x1536.sdr.png,adef,10,44,6662,8.9195,
9094-lilith-ai-illustrations,imazen-26-png-v3/png-v3/9094-lilith-ai-illustrations/9135_gen_illustrations_old-fisherman-river_1024x1536.sdr.png,asharp,6,20,45150,70.9499,
9094-lilith-ai-illustrations,imazen-26-png-v3/png-v3/9094-lilith-ai-illustrations/9135_gen_illustrations_old-fisherman-river_1024x1536.sdr.png,asharp,6,32,20991,42.3198,
9094-lilith-ai-illustrations,imazen-26-png-v3/png-v3/9094-lilith-ai-illustrations/9135_gen_illustrations_old-fisherman-river_1024x1536.sdr.png,asharp,6,44,6968,6.6895,
9094-lilith-ai-illustrations,imazen-26-png-v3/png-v3/9094-lilith-ai-illustrations/9135_gen_illustrations_old-fisherman-river_1024x1536.sdr.png,asharp,10,20,47736,69.1242,
9094-lilith-ai-illustrations,imazen-26-png-v3/png-v3/9094-lilith-ai-illustrations/9135_gen_illustrations_old-fisherman-river_1024x1536.sdr.png,asharp,10,32,20628,38.4063,
9094-lilith-ai-illustrations,imazen-26-png-v3/png-v3/9094-lilith-ai-illustrations/9135_gen_illustrations_old-fisherman-river_1024x1536.sdr.png,asharp,10,44,6662,8.7094,
9094-lilith-ai-illustrations,imazen-26-png-v3/png-v3/9094-lilith-ai-illustrations/9135_gen_illustrations_old-fisherman-river_1024x1536.sdr.png,iq_dlf,6,20,55740,78.3160,
9094-lilith-ai-illustrations,imazen-26-png-v3/png-v3/9094-lilith-ai-illustrations/9135_gen_illustrations_old-fisherman-river_1024x1536.sdr.png,iq_dlf,6,32,32118,64.9852,
9094-lilith-ai-illustrations,imazen-26-png-v3/png-v3/9094-lilith-ai-illustrations/9135_gen_illustrations_old-fisherman-river_1024x1536.sdr.png,iq_dlf,6,44,12913,30.2428,
9094-lilith-ai-illustrations,imazen-26-png-v3/png-v3/9094-lilith-ai-illustrations/9135_gen_illustrations_old-fisherman-river_1024x1536.sdr.png,iq_dlf,10,20,60198,77.8935,
9094-lilith-ai-illustrations,imazen-26-png-v3/png-v3/9094-lilith-ai-illustrations/9135_gen_illustrations_old-fisherman-river_1024x1536.sdr.png,iq_dlf,10,32,34682,64.4782,
9094-lilith-ai-illustrations,imazen-26-png-v3/png-v3/9094-lilith-ai-illustrations/9135_gen_illustrations_old-fisherman-river_1024x1536.sdr.png,iq_dlf,10,44,13642,30.6131,
9094-lilith-ai-illustrations,imazen-26-png-v3/png-v3/9094-lilith-ai-illustrations/9135_gen_illustrations_old-fisherman-river_1024x1536.sdr.png,iq_all,6,20,55740,78.4162,
9094-lilith-ai-illustrations,imazen-26-png-v3/png-v3/9094-lilith-ai-illustrations/9135_gen_illustrations_old-fisherman-river_1024x1536.sdr.png,iq_all,6,32,32118,64.8988,
9094-lilith-ai-illustrations,imazen-26-png-v3/png-v3/9094-lilith-ai-illustrations/9135_gen_illustrations_old-fisherman-river_1024x1536.sdr.png,iq_all,6,44,12913,30.6235,
9094-lilith-ai-illustrations,imazen-26-png-v3/png-v3/9094-lilith-ai-illustrations/9135_gen_illustrations_old-fisherman-river_1024x1536.sdr.png,iq_all,10,20,60198,77.7659,
9094-lilith-ai-illustrations,imazen-26-png-v3/png-v3/9094-lilith-ai-illustrations/9135_gen_illustrations_old-fisherman-river_1024x1536.sdr.png,iq_all,10,32,34682,64.0779,
9094-lilith-ai-illustrations,imazen-26-png-v3/png-v3/9094-lilith-ai-illustrations/9135_gen_illustrations_old-fisherman-river_1024x1536.sdr.png,iq_all,10,44,13642,30.1365,
9226-lilith-ai-products,imazen-26-png-v3/png-v3/9226-lilith-ai-products/beauty/9303_gen_products-beauty_florwell-bath-soak-back_ingredients_p0074_1024x1536.sdr.png,iq_adef,6,20,38354,75.5933,
9226-lilith-ai-products,imazen-26-png-v3/png-v3/9226-lilith-ai-products/beauty/9303_gen_products-beauty_florwell-bath-soak-back_ingredients_p0074_1024x1536.sdr.png,iq_adef,6,32,21035,62.8292,
9226-lilith-ai-products,imazen-26-png-v3/png-v3/9226-lilith-ai-products/beauty/9303_gen_products-beauty_florwell-bath-soak-back_ingredients_p0074_1024x1536.sdr.png,iq_adef,6,44,8552,38.4516,
9226-lilith-ai-products,imazen-26-png-v3/png-v3/9226-lilith-ai-products/beauty/9303_gen_products-beauty_florwell-bath-soak-back_ingredients_p0074_1024x1536.sdr.png,iq_adef,10,20,42326,74.8741,
9226-lilith-ai-products,imazen-26-png-v3/png-v3/9226-lilith-ai-products/beauty/9303_gen_products-beauty_florwell-bath-soak-back_ingredients_p0074_1024x1536.sdr.png,iq_adef,10,32,23697,61.6235,
9226-lilith-ai-products,imazen-26-png-v3/png-v3/9226-lilith-ai-products/beauty/9303_gen_products-beauty_florwell-bath-soak-back_ingredients_p0074_1024x1536.sdr.png,iq_adef,10,44,9422,35.2107,
9226-lilith-ai-products,imazen-26-png-v3/png-v3/9226-lilith-ai-products/beauty/9303_gen_products-beauty_florwell-bath-soak-back_ingredients_p0074_1024x1536.sdr.png,iq_asharp,6,20,38349,75.7712,
9226-lilith-ai-products,imazen-26-png-v3/png-v3/9226-lilith-ai-products/beauty/9303_gen_products-beauty_florwell-bath-soak-back_ingredients_p0074_1024x1536.sdr.png,iq_asharp,6,32,21035,63.0158,
9226-lilith-ai-products,imazen-26-png-v3/png-v3/9226-lilith-ai-products/beauty/9303_gen_products-beauty_florwell-bath-soak-back_ingredients_p0074_1024x1536.sdr.png,iq_asharp,6,44,8553,38.6257,
9226-lilith-ai-products,imazen-26-png-v3/png-v3/9226-lilith-ai-products/beauty/9303_gen_products-beauty_florwell-bath-soak-back_ingredients_p0074_1024x1536.sdr.png,iq_asharp,10,20,42326,75.0050,
9226-lilith-ai-products,imazen-26-png-v3/png-v3/9226-lilith-ai-products/beauty/9303_gen_products-beauty_florwell-bath-soak-back_ingredients_p0074_1024x1536.sdr.png,iq_asharp,10,32,23697,61.9188,
9226-lilith-ai-products,imazen-26-png-v3/png-v3/9226-lilith-ai-products/beauty/9303_gen_products-beauty_florwell-bath-soak-back_ingredients_p0074_1024x1536.sdr.png,iq_asharp,10,44,9422,35.7755,
9226-lilith-ai-products,imazen-26-png-v3/png-v3/9226-lilith-ai-products/beauty/9303_gen_products-beauty_florwell-bath-soak-back_ingredients_p0074_1024x1536.sdr.png,iq_both,6,20,38354,75.5933,
9226-lilith-ai-products,imazen-26-png-v3/png-v3/9226-lilith-ai-products/beauty/9303_gen_products-beauty_florwell-bath-soak-back_ingredients_p0074_1024x1536.sdr.png,iq_both,6,32,21035,62.8292,
9226-lilith-ai-products,imazen-26-png-v3/png-v3/9226-lilith-ai-products/beauty/9303_gen_products-beauty_florwell-bath-soak-back_ingredients_p0074_1024x1536.sdr.png,iq_both,6,44,8552,38.4516,
9226-lilith-ai-products,imazen-26-png-v3/png-v3/9226-lilith-ai-products/beauty/9303_gen_products-beauty_florwell-bath-soak-back_ingredients_p0074_1024x1536.sdr.png,iq_both,10,20,42326,74.8741,
9226-lilith-ai-products,imazen-26-png-v3/png-v3/9226-lilith-ai-products/beauty/9303_gen_products-beauty_florwell-bath-soak-back_ingredients_p0074_1024x1536.sdr.png,iq_both,10,32,23697,61.6235,
9226-lilith-ai-products,imazen-26-png-v3/png-v3/9226-lilith-ai-products/beauty/9303_gen_products-beauty_florwell-bath-soak-back_ingredients_p0074_1024x1536.sdr.png,iq_both,10,44,9422,35.2107,
9226-lilith-ai-products,imazen-26-png-v3/png-v3/9226-lilith-ai-products/beauty/9303_gen_products-beauty_florwell-bath-soak-back_ingredients_p0074_1024x1536.sdr.png,adef,6,20,25800,65.8150,
9226-lilith-ai-products,imazen-26-png-v3/png-v3/9226-lilith-ai-products/beauty/9303_gen_products-beauty_florwell-bath-soak-back_ingredients_p0074_1024x1536.sdr.png,adef,6,32,13418,43.0716,
9226-lilith-ai-products,imazen-26-png-v3/png-v3/9226-lilith-ai-products/beauty/9303_gen_products-beauty_florwell-bath-soak-back_ingredients_p0074_1024x1536.sdr.png,adef,6,44,7009,24.2415,
9226-lilith-ai-products,imazen-26-png-v3/png-v3/9226-lilith-ai-products/beauty/9303_gen_products-beauty_florwell-bath-soak-back_ingredients_p0074_1024x1536.sdr.png,adef,10,20,30571,65.2016,
9226-lilith-ai-products,imazen-26-png-v3/png-v3/9226-lilith-ai-products/beauty/9303_gen_products-beauty_florwell-bath-soak-back_ingredients_p0074_1024x1536.sdr.png,adef,10,32,15213,42.0871,
9226-lilith-ai-products,imazen-26-png-v3/png-v3/9226-lilith-ai-products/beauty/9303_gen_products-beauty_florwell-bath-soak-back_ingredients_p0074_1024x1536.sdr.png,adef,10,44,7316,20.9184,
9226-lilith-ai-products,imazen-26-png-v3/png-v3/9226-lilith-ai-products/beauty/9303_gen_products-beauty_florwell-bath-soak-back_ingredients_p0074_1024x1536.sdr.png,asharp,6,20,25800,65.7656,
9226-lilith-ai-products,imazen-26-png-v3/png-v3/9226-lilith-ai-products/beauty/9303_gen_products-beauty_florwell-bath-soak-back_ingredients_p0074_1024x1536.sdr.png,asharp,6,32,13417,43.0505,
9226-lilith-ai-products,imazen-26-png-v3/png-v3/9226-lilith-ai-products/beauty/9303_gen_products-beauty_florwell-bath-soak-back_ingredients_p0074_1024x1536.sdr.png,asharp,6,44,7009,24.4148,
9226-lilith-ai-products,imazen-26-png-v3/png-v3/9226-lilith-ai-products/beauty/9303_gen_products-beauty_florwell-bath-soak-back_ingredients_p0074_1024x1536.sdr.png,asharp,10,20,30571,65.3133,
9226-lilith-ai-products,imazen-26-png-v3/png-v3/9226-lilith-ai-products/beauty/9303_gen_products-beauty_florwell-bath-soak-back_ingredients_p0074_1024x1536.sdr.png,asharp,10,32,15213,42.2597,
9226-lilith-ai-products,imazen-26-png-v3/png-v3/9226-lilith-ai-products/beauty/9303_gen_products-beauty_florwell-bath-soak-back_ingredients_p0074_1024x1536.sdr.png,asharp,10,44,7316,21.2789,
9226-lilith-ai-products,imazen-26-png-v3/png-v3/9226-lilith-ai-products/beauty/9303_gen_products-beauty_florwell-bath-soak-back_ingredients_p0074_1024x1536.sdr.png,iq_dlf,6,20,38373,75.6920,
9226-lilith-ai-products,imazen-26-png-v3/png-v3/9226-lilith-ai-products/beauty/9303_gen_products-beauty_florwell-bath-soak-back_ingredients_p0074_1024x1536.sdr.png,iq_dlf,6,32,21061,63.2013,
9226-lilith-ai-products,imazen-26-png-v3/png-v3/9226-lilith-ai-products/beauty/9303_gen_products-beauty_florwell-bath-soak-back_ingredients_p0074_1024x1536.sdr.png,iq_dlf,6,44,8582,38.6534,
9226-lilith-ai-products,imazen-26-png-v3/png-v3/9226-lilith-ai-products/beauty/9303_gen_products-beauty_florwell-bath-soak-back_ingredients_p0074_1024x1536.sdr.png,iq_dlf,10,20,42348,74.9825,
9226-lilith-ai-products,imazen-26-png-v3/png-v3/9226-lilith-ai-products/beauty/9303_gen_products-beauty_florwell-bath-soak-back_ingredients_p0074_1024x1536.sdr.png,iq_dlf,10,32,23726,61.8895,
9226-lilith-ai-products,imazen-26-png-v3/png-v3/9226-lilith-ai-products/beauty/9303_gen_products-beauty_florwell-bath-soak-back_ingredients_p0074_1024x1536.sdr.png,iq_dlf,10,44,9450,35.7345,
9226-lilith-ai-products,imazen-26-png-v3/png-v3/9226-lilith-ai-products/beauty/9303_gen_products-beauty_florwell-bath-soak-back_ingredients_p0074_1024x1536.sdr.png,iq_all,6,20,38378,75.6132,
9226-lilith-ai-products,imazen-26-png-v3/png-v3/9226-lilith-ai-products/beauty/9303_gen_products-beauty_florwell-bath-soak-back_ingredients_p0074_1024x1536.sdr.png,iq_all,6,32,21067,62.7398,
9226-lilith-ai-products,imazen-26-png-v3/png-v3/9226-lilith-ai-products/beauty/9303_gen_products-beauty_florwell-bath-soak-back_ingredients_p0074_1024x1536.sdr.png,iq_all,6,44,8582,38.4682,
9226-lilith-ai-products,imazen-26-png-v3/png-v3/9226-lilith-ai-products/beauty/9303_gen_products-beauty_florwell-bath-soak-back_ingredients_p0074_1024x1536.sdr.png,iq_all,10,20,42348,74.8553,
9226-lilith-ai-products,imazen-26-png-v3/png-v3/9226-lilith-ai-products/beauty/9303_gen_products-beauty_florwell-bath-soak-back_ingredients_p0074_1024x1536.sdr.png,iq_all,10,32,23726,61.5616,
9226-lilith-ai-products,imazen-26-png-v3/png-v3/9226-lilith-ai-products/beauty/9303_gen_products-beauty_florwell-bath-soak-back_ingredients_p0074_1024x1536.sdr.png,iq_all,10,44,9450,35.1828,
9226-lilith-ai-products,imazen-26-png-v3/png-v3/9226-lilith-ai-products/home/kitchen/9817_gen_products-home-kitchen_fieldstone-glass-storage-set_p0578_1536x1024.sdr.png,iq_adef,6,20,27941,83.8215,
9226-lilith-ai-products,imazen-26-png-v3/png-v3/9226-lilith-ai-products/home/kitchen/9817_gen_products-home-kitchen_fieldstone-glass-storage-set_p0578_1536x1024.sdr.png,iq_adef,6,32,17062,74.6856,
9226-lilith-ai-products,imazen-26-png-v3/png-v3/9226-lilith-ai-products/home/kitchen/9817_gen_products-home-kitchen_fieldstone-glass-storage-set_p0578_1536x1024.sdr.png,iq_adef,6,44,8567,53.6002,
9226-lilith-ai-products,imazen-26-png-v3/png-v3/9226-lilith-ai-products/home/kitchen/9817_gen_products-home-kitchen_fieldstone-glass-storage-set_p0578_1536x1024.sdr.png,iq_adef,10,20,31132,83.8113,
9226-lilith-ai-products,imazen-26-png-v3/png-v3/9226-lilith-ai-products/home/kitchen/9817_gen_products-home-kitchen_fieldstone-glass-storage-set_p0578_1536x1024.sdr.png,iq_adef,10,32,19143,74.3059,
9226-lilith-ai-products,imazen-26-png-v3/png-v3/9226-lilith-ai-products/home/kitchen/9817_gen_products-home-kitchen_fieldstone-glass-storage-set_p0578_1536x1024.sdr.png,iq_adef,10,44,9764,52.2644,
9226-lilith-ai-products,imazen-26-png-v3/png-v3/9226-lilith-ai-products/home/kitchen/9817_gen_products-home-kitchen_fieldstone-glass-storage-set_p0578_1536x1024.sdr.png,iq_asharp,6,20,27937,84.0897,
9226-lilith-ai-products,imazen-26-png-v3/png-v3/9226-lilith-ai-products/home/kitchen/9817_gen_products-home-kitchen_fieldstone-glass-storage-set_p0578_1536x1024.sdr.png,iq_asharp,6,32,17062,74.9561,
9226-lilith-ai-products,imazen-26-png-v3/png-v3/9226-lilith-ai-products/home/kitchen/9817_gen_products-home-kitchen_fieldstone-glass-storage-set_p0578_1536x1024.sdr.png,iq_asharp,6,44,8567,53.7937,
9226-lilith-ai-products,imazen-26-png-v3/png-v3/9226-lilith-ai-products/home/kitchen/9817_gen_products-home-kitchen_fieldstone-glass-storage-set_p0578_1536x1024.sdr.png,iq_asharp,10,20,31132,83.8868,
9226-lilith-ai-products,imazen-26-png-v3/png-v3/9226-lilith-ai-products/home/kitchen/9817_gen_products-home-kitchen_fieldstone-glass-storage-set_p0578_1536x1024.sdr.png,iq_asharp,10,32,19143,74.4946,
9226-lilith-ai-products,imazen-26-png-v3/png-v3/9226-lilith-ai-products/home/kitchen/9817_gen_products-home-kitchen_fieldstone-glass-storage-set_p0578_1536x1024.sdr.png,iq_asharp,10,44,9764,52.7661,
9226-lilith-ai-products,imazen-26-png-v3/png-v3/9226-lilith-ai-products/home/kitchen/9817_gen_products-home-kitchen_fieldstone-glass-storage-set_p0578_1536x1024.sdr.png,iq_both,6,20,27941,83.8215,
9226-lilith-ai-products,imazen-26-png-v3/png-v3/9226-lilith-ai-products/home/kitchen/9817_gen_products-home-kitchen_fieldstone-glass-storage-set_p0578_1536x1024.sdr.png,iq_both,6,32,17062,74.6856,
9226-lilith-ai-products,imazen-26-png-v3/png-v3/9226-lilith-ai-products/home/kitchen/9817_gen_products-home-kitchen_fieldstone-glass-storage-set_p0578_1536x1024.sdr.png,iq_both,6,44,8567,53.6002,
9226-lilith-ai-products,imazen-26-png-v3/png-v3/9226-lilith-ai-products/home/kitchen/9817_gen_products-home-kitchen_fieldstone-glass-storage-set_p0578_1536x1024.sdr.png,iq_both,10,20,31132,83.8113,
9226-lilith-ai-products,imazen-26-png-v3/png-v3/9226-lilith-ai-products/home/kitchen/9817_gen_products-home-kitchen_fieldstone-glass-storage-set_p0578_1536x1024.sdr.png,iq_both,10,32,19143,74.3059,
9226-lilith-ai-products,imazen-26-png-v3/png-v3/9226-lilith-ai-products/home/kitchen/9817_gen_products-home-kitchen_fieldstone-glass-storage-set_p0578_1536x1024.sdr.png,iq_both,10,44,9764,52.2644,
9226-lilith-ai-products,imazen-26-png-v3/png-v3/9226-lilith-ai-products/home/kitchen/9817_gen_products-home-kitchen_fieldstone-glass-storage-set_p0578_1536x1024.sdr.png,adef,6,20,22528,79.7938,
9226-lilith-ai-products,imazen-26-png-v3/png-v3/9226-lilith-ai-products/home/kitchen/9817_gen_products-home-kitchen_fieldstone-glass-storage-set_p0578_1536x1024.sdr.png,adef,6,32,13065,66.7777,
9226-lilith-ai-products,imazen-26-png-v3/png-v3/9226-lilith-ai-products/home/kitchen/9817_gen_products-home-kitchen_fieldstone-glass-storage-set_p0578_1536x1024.sdr.png,adef,6,44,6531,41.5122,
9226-lilith-ai-products,imazen-26-png-v3/png-v3/9226-lilith-ai-products/home/kitchen/9817_gen_products-home-kitchen_fieldstone-glass-storage-set_p0578_1536x1024.sdr.png,adef,10,20,25100,79.3084,
9226-lilith-ai-products,imazen-26-png-v3/png-v3/9226-lilith-ai-products/home/kitchen/9817_gen_products-home-kitchen_fieldstone-glass-storage-set_p0578_1536x1024.sdr.png,adef,10,32,13882,53.2886,
9226-lilith-ai-products,imazen-26-png-v3/png-v3/9226-lilith-ai-products/home/kitchen/9817_gen_products-home-kitchen_fieldstone-glass-storage-set_p0578_1536x1024.sdr.png,adef,10,44,6827,33.3243,
9226-lilith-ai-products,imazen-26-png-v3/png-v3/9226-lilith-ai-products/home/kitchen/9817_gen_products-home-kitchen_fieldstone-glass-storage-set_p0578_1536x1024.sdr.png,asharp,6,20,22528,79.8637,
9226-lilith-ai-products,imazen-26-png-v3/png-v3/9226-lilith-ai-products/home/kitchen/9817_gen_products-home-kitchen_fieldstone-glass-storage-set_p0578_1536x1024.sdr.png,asharp,6,32,13065,66.9151,
9226-lilith-ai-products,imazen-26-png-v3/png-v3/9226-lilith-ai-products/home/kitchen/9817_gen_products-home-kitchen_fieldstone-glass-storage-set_p0578_1536x1024.sdr.png,asharp,6,44,6531,41.6899,
9226-lilith-ai-products,imazen-26-png-v3/png-v3/9226-lilith-ai-products/home/kitchen/9817_gen_products-home-kitchen_fieldstone-glass-storage-set_p0578_1536x1024.sdr.png,asharp,10,20,25100,79.3278,
9226-lilith-ai-products,imazen-26-png-v3/png-v3/9226-lilith-ai-products/home/kitchen/9817_gen_products-home-kitchen_fieldstone-glass-storage-set_p0578_1536x1024.sdr.png,asharp,10,32,13882,53.4243,
9226-lilith-ai-products,imazen-26-png-v3/png-v3/9226-lilith-ai-products/home/kitchen/9817_gen_products-home-kitchen_fieldstone-glass-storage-set_p0578_1536x1024.sdr.png,asharp,10,44,6827,33.7811,
9226-lilith-ai-products,imazen-26-png-v3/png-v3/9226-lilith-ai-products/home/kitchen/9817_gen_products-home-kitchen_fieldstone-glass-storage-set_p0578_1536x1024.sdr.png,iq_dlf,6,20,27955,84.0505,
9226-lilith-ai-products,imazen-26-png-v3/png-v3/9226-lilith-ai-products/home/kitchen/9817_gen_products-home-kitchen_fieldstone-glass-storage-set_p0578_1536x1024.sdr.png,iq_dlf,6,32,17088,74.8497,
9226-lilith-ai-products,imazen-26-png-v3/png-v3/9226-lilith-ai-products/home/kitchen/9817_gen_products-home-kitchen_fieldstone-glass-storage-set_p0578_1536x1024.sdr.png,iq_dlf,6,44,8584,53.8885,
9226-lilith-ai-products,imazen-26-png-v3/png-v3/9226-lilith-ai-products/home/kitchen/9817_gen_products-home-kitchen_fieldstone-glass-storage-set_p0578_1536x1024.sdr.png,iq_dlf,10,20,31149,83.6105,
9226-lilith-ai-products,imazen-26-png-v3/png-v3/9226-lilith-ai-products/home/kitchen/9817_gen_products-home-kitchen_fieldstone-glass-storage-set_p0578_1536x1024.sdr.png,iq_dlf,10,32,19168,74.2677,
9226-lilith-ai-products,imazen-26-png-v3/png-v3/9226-lilith-ai-products/home/kitchen/9817_gen_products-home-kitchen_fieldstone-glass-storage-set_p0578_1536x1024.sdr.png,iq_dlf,10,44,9790,52.8738,
9226-lilith-ai-products,imazen-26-png-v3/png-v3/9226-lilith-ai-products/home/kitchen/9817_gen_products-home-kitchen_fieldstone-glass-storage-set_p0578_1536x1024.sdr.png,iq_all,6,20,27959,83.7309,
9226-lilith-ai-products,imazen-26-png-v3/png-v3/9226-lilith-ai-products/home/kitchen/9817_gen_products-home-kitchen_fieldstone-glass-storage-set_p0578_1536x1024.sdr.png,iq_all,6,32,17088,74.5226,
9226-lilith-ai-products,imazen-26-png-v3/png-v3/9226-lilith-ai-products/home/kitchen/9817_gen_products-home-kitchen_fieldstone-glass-storage-set_p0578_1536x1024.sdr.png,iq_all,6,44,8583,53.7366,
9226-lilith-ai-products,imazen-26-png-v3/png-v3/9226-lilith-ai-products/home/kitchen/9817_gen_products-home-kitchen_fieldstone-glass-storage-set_p0578_1536x1024.sdr.png,iq_all,10,20,31149,83.4710,
9226-lilith-ai-products,imazen-26-png-v3/png-v3/9226-lilith-ai-products/home/kitchen/9817_gen_products-home-kitchen_fieldstone-glass-storage-set_p0578_1536x1024.sdr.png,iq_all,10,32,19168,73.9925,
9226-lilith-ai-products,imazen-26-png-v3/png-v3/9226-lilith-ai-products/home/kitchen/9817_gen_products-home-kitchen_fieldstone-glass-storage-set_p0578_1536x1024.sdr.png,iq_all,10,44,9790,52.3565,
