file	function	status
Codec/ac_bias.c	get_effective_ac_bias	MISSING
Codec/ac_bias.c	get_svt_psy_full_dist	MISSING
Codec/ac_bias.c	svt_psy_adjust_rate_light	ported
Codec/ac_bias.c	svt_psy_distortion	ported
Codec/ac_bias.c	svt_psy_distortion_hbd	MISSING
Codec/adaptive_mv_pred.c	add_ref_mv_candidate	ported
Codec/adaptive_mv_pred.c	add_tpl_ref_mv	ported
Codec/adaptive_mv_pred.c	av1_find_samples	MISSING
Codec/adaptive_mv_pred.c	block_center_x	ported
Codec/adaptive_mv_pred.c	block_center_y	ported
Codec/adaptive_mv_pred.c	clamp_mv_ref	ported
Codec/adaptive_mv_pred.c	count_overlappable_nb_above	ported
Codec/adaptive_mv_pred.c	count_overlappable_nb_left	ported
Codec/adaptive_mv_pred.c	count_ref_match	ported
Codec/adaptive_mv_pred.c	find_valid_col_offset	ported
Codec/adaptive_mv_pred.c	find_valid_row_offset	ported
Codec/adaptive_mv_pred.c	get_block_mv	MISSING
Codec/adaptive_mv_pred.c	get_mbmi	MISSING
Codec/adaptive_mv_pred.c	get_relative_dist	ported
Codec/adaptive_mv_pred.c	has_top_right	ported
Codec/adaptive_mv_pred.c	is_inside	ported
Codec/adaptive_mv_pred.c	record_samples	MISSING
Codec/adaptive_mv_pred.c	scan_blk_mbmi	ported
Codec/adaptive_mv_pred.c	scan_col_mbmi	ported
Codec/adaptive_mv_pred.c	scan_row_col_light	ported
Codec/adaptive_mv_pred.c	scan_row_mbmi	ported
Codec/adaptive_mv_pred.c	setup_ref_mv_list	ported
Codec/adaptive_mv_pred.c	sort_mvp_table	ported
Codec/adaptive_mv_pred.c	svt_aom_compute_inter_mode_ctx_light	ported
Codec/adaptive_mv_pred.c	svt_aom_generate_av1_mvp_table	ported
Codec/adaptive_mv_pred.c	svt_aom_get_av1_mv_pred_drl	ported
Codec/adaptive_mv_pred.c	svt_aom_gm_get_motion_vector_enc	ported
Codec/adaptive_mv_pred.c	svt_aom_init_wm_samples	MISSING
Codec/adaptive_mv_pred.c	svt_aom_init_xd	MISSING
Codec/adaptive_mv_pred.c	svt_aom_is_dv_valid	ported
Codec/adaptive_mv_pred.c	svt_aom_update_mi_map	MISSING
Codec/adaptive_mv_pred.c	svt_aom_update_mi_map_enc_dec	MISSING
Codec/adaptive_mv_pred.c	svt_aom_warped_motion_parameters	ported
Codec/adaptive_mv_pred.c	svt_av1_count_overlappable_neighbors	ported
Codec/adaptive_mv_pred.c	svt_av1_find_best_ref_mvs_from_stack	ported
Codec/adaptive_mv_pred.c	svt_av1_get_ref_mv_from_stack	ported
Codec/adaptive_mv_pred.c	svt_copy_mi_map_grid_c	MISSING
Codec/aom_dsp_rtcd.c	svt_aom_setup_rtcd_internal	MISSING
Codec/av1me.c	exhaustive_mesh_search	ported
Codec/av1me.c	full_pixel_diamond	ported
Codec/av1me.c	get_buf_from_mv	ported
Codec/av1me.c	get_obmc_mvpred_var	ported
Codec/av1me.c	init_fn_ptr	MISSING
Codec/av1me.c	intrabc_full_pixel_exhaustive	ported
Codec/av1me.c	is_mv_in	ported
Codec/av1me.c	mvsad_err_cost	ported
Codec/av1me.c	mvsad_err_cost_light	ported
Codec/av1me.c	obmc_refining_search_sad	ported
Codec/av1me.c	pre	MISSING
Codec/av1me.c	set_subpel_mv_search_range	ported
Codec/av1me.c	setup_obmc_center_error	ported
Codec/av1me.c	sp	ported
Codec/av1me.c	svt_aom_mv_err_cost	ported
Codec/av1me.c	svt_aom_mv_err_cost_light	ported
Codec/av1me.c	svt_av1_diamond_search_sad_c	MISSING
Codec/av1me.c	svt_av1_find_best_obmc_sub_pixel_tree_up	ported
Codec/av1me.c	svt_av1_full_pixel_search	ported
Codec/av1me.c	svt_av1_get_mvpred_var	ported
Codec/av1me.c	svt_av1_init3smotion_compensation	MISSING
Codec/av1me.c	svt_av1_intrabc_hash_search	MISSING
Codec/av1me.c	svt_av1_obmc_full_pixel_search	ported
Codec/av1me.c	svt_av1_refining_search_sad	ported
Codec/av1me.c	svt_av1_set_mv_search_range	ported
Codec/av1me.c	upsampled_obmc_pref_error	ported
Codec/av1me.c	upsampled_setup_obmc_center_error	ported
Codec/bitstream_unit.c	od_ec_enc_flush	MISSING
Codec/bitstream_unit.c	output_bitstream_unit_dctor	MISSING
Codec/bitstream_unit.c	propagate_carry_bwd	ported
Codec/bitstream_unit.c	svt_aom_ec_ensure_capacity	MISSING
Codec/bitstream_unit.c	svt_aom_output_bitstream_reset	MISSING
Codec/bitstream_unit.c	svt_aom_output_bitstream_unit_ctor	MISSING
Codec/bitstream_unit.c	svt_od_ec_enc_clear	MISSING
Codec/bitstream_unit.c	svt_od_ec_enc_done	MISSING
Codec/bitstream_unit.c	svt_od_ec_enc_init	MISSING
Codec/bitstream_unit.c	svt_od_ec_enc_normalize	MISSING
Codec/bitstream_unit.c	svt_od_ec_enc_reset	MISSING
Codec/bitstream_unit.c	svt_od_ec_enc_tell	MISSING
Codec/bitstream_unit.c	svt_od_ec_enc_tell_frac	MISSING
Codec/bitstream_unit.c	svt_od_ec_encode_bool_eq_q15	MISSING
Codec/bitstream_unit.c	svt_od_ec_encode_bool_q15	MISSING
Codec/bitstream_unit.c	svt_od_ec_encode_cdf_q15	MISSING
Codec/bitstream_unit.c	svt_od_ec_tell_frac	MISSING
Codec/bitstream_unit.c	svt_realloc_output_bitstream_unit	MISSING
Codec/blend_a64_mask.c	svt_aom_blend_a64_hmask_c	MISSING
Codec/blend_a64_mask.c	svt_aom_blend_a64_mask_c	MISSING
Codec/blend_a64_mask.c	svt_aom_blend_a64_vmask_c	MISSING
Codec/blend_a64_mask.c	svt_aom_highbd_blend_a64_d16_mask_c	MISSING
Codec/blend_a64_mask.c	svt_aom_highbd_blend_a64_mask_c	MISSING
Codec/blend_a64_mask.c	svt_aom_lowbd_blend_a64_d16_mask_c	MISSING
Codec/block_structures.c	svt_av1_tile_set_col	MISSING
Codec/block_structures.c	svt_av1_tile_set_row	MISSING
Codec/cabac_context_model.c	get_q_ctx	MISSING
Codec/cabac_context_model.c	reset_cdf_symbol_counter	MISSING
Codec/cabac_context_model.c	reset_nmv_counter	ported
Codec/cabac_context_model.c	svt_aom_init_mode_probs	MISSING
Codec/cabac_context_model.c	svt_av1_default_coef_probs	MISSING
Codec/cabac_context_model.c	svt_av1_reset_cdf_symbol_counters	MISSING
Codec/cdef.c	cdef_filter_fb_lbd_chroma	MISSING
Codec/cdef.c	cdef_filter_fb_lbd_impl	MISSING
Codec/cdef.c	cdef_filter_fb_lbd_luma	MISSING
Codec/cdef.c	cdef_find_dir	ported
Codec/cdef.c	cdef_find_dir_8bit	ported
Codec/cdef.c	cdef_tap_off_frame	MISSING
Codec/cdef.c	constrain	ported
Codec/cdef.c	pattern	MISSING
Codec/cdef.c	sign	MISSING
Codec/cdef.c	svt_aom_cdef_find_dir_8bit_c	MISSING
Codec/cdef.c	svt_aom_cdef_find_dir_c	MISSING
Codec/cdef.c	svt_aom_cdef_find_dir_dual_8bit_c	MISSING
Codec/cdef.c	svt_aom_cdef_find_dir_dual_c	MISSING
Codec/cdef.c	svt_aom_copy_rect8_8bit_to_16bit_c	MISSING
Codec/cdef.c	svt_cdef_filter_block_8bit_bounded_c	MISSING
Codec/cdef.c	svt_cdef_filter_block_8bit_c	MISSING
Codec/cdef.c	svt_cdef_filter_block_c	MISSING
Codec/cdef.c	svt_cdef_filter_fb	MISSING
Codec/cdef.c	svt_cdef_filter_fb_lbd	MISSING
Codec/cdef_process.c	cdef_context_dctor	MISSING
Codec/cdef_process.c	cdef_seg_search	MISSING
Codec/cdef_process.c	compute_cdef_dist	MISSING
Codec/cdef_process.c	copy_recon_enc	MISSING
Codec/cdef_process.c	set_unscaled_input_16bit	MISSING
Codec/cdef_process.c	svt_aom_cdef_context_ctor	MISSING
Codec/cdef_process.c	svt_aom_cdef_kernel	MISSING
Codec/cdef_process.c	svt_aom_cdef_kernel_iter	MISSING
Codec/cdef_process.c	svt_av1_superres_upscale_frame	MISSING
Codec/coding_loop.c	av1_copy_frame_mvs	MISSING
Codec/coding_loop.c	av1_encode_generate_cfl_prediction	MISSING
Codec/coding_loop.c	av1_encode_generate_recon	MISSING
Codec/coding_loop.c	av1_encode_loop	MISSING
Codec/coding_loop.c	copy_qcoeffs	MISSING
Codec/coding_loop.c	copy_recon	MISSING
Codec/coding_loop.c	ec_rtime_alloc_palette_info	MISSING
Codec/coding_loop.c	encode_b	MISSING
Codec/coding_loop.c	encode_pass_update_recon_sample_neighbour_arrays	MISSING
Codec/coding_loop.c	perform_inter_coding_loop	MISSING
Codec/coding_loop.c	perform_intra_coding_loop	MISSING
Codec/coding_loop.c	svt_aom_convert_recon_16bit_to_8bit	MISSING
Codec/coding_loop.c	svt_aom_encode_sb	MISSING
Codec/coding_loop.c	svt_aom_residual_kernel	MISSING
Codec/coding_loop.c	svt_aom_store16bit_input_src	MISSING
Codec/coding_loop.c	update_b	MISSING
Codec/coding_loop.c	update_coeff_cdf	MISSING
Codec/coding_unit.c	setup_ptree	MISSING
Codec/coding_unit.c	svt_aom_largest_coding_unit_ctor	MISSING
Codec/coding_unit.c	svt_aom_largest_coding_unit_dctor	MISSING
Codec/common_dsp_rtcd.c	have_feature	MISSING
Codec/common_dsp_rtcd.c	read_midr_el1	MISSING
Codec/common_dsp_rtcd.c	svt_aom_get_cpu_flags	MISSING
Codec/common_dsp_rtcd.c	svt_aom_get_cpu_flags_to_use	MISSING
Codec/common_dsp_rtcd.c	svt_aom_library_built_for_unit_tests	MISSING
Codec/common_dsp_rtcd.c	svt_aom_satd_c	MISSING
Codec/common_dsp_rtcd.c	svt_aom_setup_common_rtcd_internal	MISSING
Codec/common_dsp_rtcd.c	svt_av1_block_error_c	MISSING
Codec/convolve.c	highbd_vert_scalar_product	MISSING
Codec/convolve.c	svt_aom_convolve8_horiz_c	MISSING
Codec/convolve.c	svt_aom_convolve8_vert_c	MISSING
Codec/convolve.c	svt_aom_convolve_add_src_horiz_hip	MISSING
Codec/convolve.c	svt_aom_convolve_add_src_vert_hip	MISSING
Codec/convolve.c	svt_aom_convolve_horiz	ported
Codec/convolve.c	svt_aom_convolve_vert	ported
Codec/convolve.c	svt_aom_get_filter_base	MISSING
Codec/convolve.c	svt_aom_get_filter_offset	MISSING
Codec/convolve.c	svt_aom_highbd_convolve_add_src_horiz_hip	MISSING
Codec/convolve.c	svt_aom_highbd_convolve_add_src_vert_hip	MISSING
Codec/convolve.c	svt_aom_highbd_horz_scalar_product	MISSING
Codec/convolve.c	svt_aom_horz_scalar_product	MISSING
Codec/convolve.c	svt_av1_highbd_wiener_convolve_add_src_c	MISSING
Codec/convolve.c	svt_av1_wiener_convolve_add_src_c	MISSING
Codec/convolve.c	vert_scalar_product	MISSING
Codec/corner_detect.c	svt_av1_fast_corner_detect	MISSING
Codec/corner_match.c	compute_variance	MISSING
Codec/corner_match.c	improve_correspondence	MISSING
Codec/corner_match.c	is_eligible_distance	MISSING
Codec/corner_match.c	is_eligible_point	MISSING
Codec/corner_match.c	svt_av1_compute_cross_correlation_c	MISSING
Codec/corner_match.c	svt_av1_determine_correspondence	MISSING
Codec/deblocking_common.c	filter14	MISSING
Codec/deblocking_common.c	filter4	MISSING
Codec/deblocking_common.c	filter6	MISSING
Codec/deblocking_common.c	filter8	MISSING
Codec/deblocking_common.c	filter_mask	ported
Codec/deblocking_common.c	filter_mask2	ported
Codec/deblocking_common.c	filter_mask3_chroma	ported
Codec/deblocking_common.c	flat_mask3_chroma	ported
Codec/deblocking_common.c	flat_mask4	ported
Codec/deblocking_common.c	get_segdata	MISSING
Codec/deblocking_common.c	hev_mask	ported
Codec/deblocking_common.c	highbd_filter14	ported
Codec/deblocking_common.c	highbd_filter4	ported
Codec/deblocking_common.c	highbd_filter6	ported
Codec/deblocking_common.c	highbd_filter8	ported
Codec/deblocking_common.c	highbd_filter_mask	ported
Codec/deblocking_common.c	highbd_filter_mask2	ported
Codec/deblocking_common.c	highbd_filter_mask3_chroma	ported
Codec/deblocking_common.c	highbd_flat_mask3_chroma	ported
Codec/deblocking_common.c	highbd_flat_mask4	ported
Codec/deblocking_common.c	highbd_hev_mask	ported
Codec/deblocking_common.c	highbd_mb_lpf_horizontal_edge_w	MISSING
Codec/deblocking_common.c	highbd_mb_lpf_vertical_edge_w	MISSING
Codec/deblocking_common.c	mb_lpf_horizontal_edge_w	MISSING
Codec/deblocking_common.c	mb_lpf_vertical_edge_w	MISSING
Codec/deblocking_common.c	signed_char_clamp	ported
Codec/deblocking_common.c	signed_char_clamp_high	ported
Codec/deblocking_common.c	svt_aom_get_filter_level_delta_lf	MISSING
Codec/deblocking_common.c	svt_aom_highbd_lpf_horizontal_14_c	MISSING
Codec/deblocking_common.c	svt_aom_highbd_lpf_horizontal_4_c	MISSING
Codec/deblocking_common.c	svt_aom_highbd_lpf_horizontal_6_c	MISSING
Codec/deblocking_common.c	svt_aom_highbd_lpf_horizontal_8_c	MISSING
Codec/deblocking_common.c	svt_aom_highbd_lpf_vertical_14_c	MISSING
Codec/deblocking_common.c	svt_aom_highbd_lpf_vertical_4_c	MISSING
Codec/deblocking_common.c	svt_aom_highbd_lpf_vertical_6_c	MISSING
Codec/deblocking_common.c	svt_aom_highbd_lpf_vertical_8_c	MISSING
Codec/deblocking_common.c	svt_aom_lpf_horizontal_14_c	MISSING
Codec/deblocking_common.c	svt_aom_lpf_horizontal_4_c	MISSING
Codec/deblocking_common.c	svt_aom_lpf_horizontal_6_c	MISSING
Codec/deblocking_common.c	svt_aom_lpf_horizontal_8_c	MISSING
Codec/deblocking_common.c	svt_aom_lpf_vertical_14_c	MISSING
Codec/deblocking_common.c	svt_aom_lpf_vertical_4_c	MISSING
Codec/deblocking_common.c	svt_aom_lpf_vertical_6_c	MISSING
Codec/deblocking_common.c	svt_aom_lpf_vertical_8_c	MISSING
Codec/deblocking_common.c	svt_aom_seg_feature_active	MISSING
Codec/deblocking_common.c	svt_aom_update_sharpness	MISSING
Codec/deblocking_common.c	svt_av1_loop_filter_frame_init	MISSING
Codec/deblocking_filter.c	get_transform_size	MISSING
Codec/deblocking_filter.c	me_based_dlf_skip	MISSING
Codec/deblocking_filter.c	picture_sse_calculations	MISSING
Codec/deblocking_filter.c	scaled_buffer_offset	MISSING
Codec/deblocking_filter.c	search_filter_level	ported
Codec/deblocking_filter.c	set_lpf_parameters	MISSING
Codec/deblocking_filter.c	setup_pred_plane	ported
Codec/deblocking_filter.c	svt_aom_loop_filter_sb	MISSING
Codec/deblocking_filter.c	svt_av1_filter_block_plane_horz	MISSING
Codec/deblocking_filter.c	svt_av1_filter_block_plane_vert	MISSING
Codec/deblocking_filter.c	svt_av1_loop_filter_frame	MISSING
Codec/deblocking_filter.c	svt_av1_loop_filter_init	MISSING
Codec/deblocking_filter.c	svt_av1_pick_filter_level	MISSING
Codec/deblocking_filter.c	svt_av1_pick_filter_level_by_q	MISSING
Codec/deblocking_filter.c	svt_av1_setup_dst_planes	MISSING
Codec/deblocking_filter.c	svt_copy_buffer	MISSING
Codec/deblocking_filter.c	try_filter_frame	MISSING
Codec/dlf_process.c	dlf_context_dctor	MISSING
Codec/dlf_process.c	svt_aom_dlf_context_ctor	MISSING
Codec/dlf_process.c	svt_aom_dlf_kernel	MISSING
Codec/dlf_process.c	svt_aom_dlf_kernel_iter	MISSING
Codec/ec_process.c	entropy_coding_reset_neighbor_arrays	MISSING
Codec/ec_process.c	reset_entropy_coding_picture	MISSING
Codec/ec_process.c	rest_context_dctor	MISSING
Codec/ec_process.c	svt_aom_entropy_coding_context_ctor	MISSING
Codec/ec_process.c	svt_aom_entropy_coding_kernel	MISSING
Codec/ec_process.c	svt_aom_entropy_coding_kernel_iter	MISSING
Codec/ec_results.c	entropy_coding_results_ctor	MISSING
Codec/ec_results.c	svt_aom_entropy_coding_results_creator	MISSING
Codec/enc_cdef.c	cdef_apply_fb	MISSING
Codec/enc_cdef.c	finish_cdef_search	MISSING
Codec/enc_cdef.c	joint_strength_search_dual	ported
Codec/enc_cdef.c	mse_4xn_16bit_c	MISSING
Codec/enc_cdef.c	mse_4xn_8bit_c	MISSING
Codec/enc_cdef.c	mse_8xn_16bit_c	MISSING
Codec/enc_cdef.c	mse_8xn_8bit_c	MISSING
Codec/enc_cdef.c	propagate_cdef_strength	MISSING
Codec/enc_cdef.c	svt_aom_compute_cdef_dist_16bit_c	MISSING
Codec/enc_cdef.c	svt_aom_compute_cdef_dist_8bit_c	MISSING
Codec/enc_cdef.c	svt_av1_cdef_frame	MISSING
Codec/enc_cdef.c	svt_pick_cdef_from_qp	MISSING
Codec/enc_cdef.c	svt_sb_compute_cdef_list	MISSING
Codec/enc_cdef.c	svt_search_one_dual_c	MISSING
Codec/enc_dec_process.c	aom_highbd_ssim2	MISSING
Codec/enc_dec_process.c	aom_ssim2	MISSING
Codec/enc_dec_process.c	assign_enc_dec_segments	MISSING
Codec/enc_dec_process.c	avg_cdf_symbol	MISSING
Codec/enc_dec_process.c	avg_cdf_symbols	MISSING
Codec/enc_dec_process.c	avg_nmv	ported
Codec/enc_dec_process.c	copy_mv_rate	MISSING
Codec/enc_dec_process.c	copy_neighbour_arrays_pd0	MISSING
Codec/enc_dec_process.c	enc_dec_context_dctor	MISSING
Codec/enc_dec_process.c	exaustive_light_pd1_features	MISSING
Codec/enc_dec_process.c	free_temporal_filtering_buffer	MISSING
Codec/enc_dec_process.c	get_max_min_pd0_depths	MISSING
Codec/enc_dec_process.c	get_sse_10bit	MISSING
Codec/enc_dec_process.c	highbd_ssim_8x8	MISSING
Codec/enc_dec_process.c	init_md_scan	MISSING
Codec/enc_dec_process.c	is_child_to_current_deviation_small	MISSING
Codec/enc_dec_process.c	is_parent_to_current_deviation_small	MISSING
Codec/enc_dec_process.c	lpd1_detector_post_pd0	MISSING
Codec/enc_dec_process.c	lpd1_detector_skip_pd0	MISSING
Codec/enc_dec_process.c	pad_ref_and_set_flags	MISSING
Codec/enc_dec_process.c	pd0_detector	MISSING
Codec/enc_dec_process.c	pd0_detector_allintra	MISSING
Codec/enc_dec_process.c	perform_pred_depth_refinement	MISSING
Codec/enc_dec_process.c	prepare_input_picture	MISSING
Codec/enc_dec_process.c	psnr_calculations	MISSING
Codec/enc_dec_process.c	recode_loop_decision_maker	MISSING
Codec/enc_dec_process.c	refine_depth	ported
Codec/enc_dec_process.c	reset_enc_dec	MISSING
Codec/enc_dec_process.c	reset_encode_pass_neighbor_arrays	MISSING
Codec/enc_dec_process.c	reset_segmentation_map	MISSING
Codec/enc_dec_process.c	rtime_alloc_palette_search_buffers	MISSING
Codec/enc_dec_process.c	set_blocks_to_be_tested	MISSING
Codec/enc_dec_process.c	set_blocks_to_test	MISSING
Codec/enc_dec_process.c	set_child_to_be_tested	MISSING
Codec/enc_dec_process.c	set_start_end_depth	ported
Codec/enc_dec_process.c	ssim_8x8	MISSING
Codec/enc_dec_process.c	svt_aom_enc_dec_context_ctor	MISSING
Codec/enc_dec_process.c	svt_aom_highbd_ssim_parms_8x8_c	MISSING
Codec/enc_dec_process.c	svt_aom_mode_decision_kernel	MISSING
Codec/enc_dec_process.c	svt_aom_mode_decision_kernel_iter	MISSING
Codec/enc_dec_process.c	svt_aom_recon_output	MISSING
Codec/enc_dec_process.c	svt_aom_similarity	ported
Codec/enc_dec_process.c	svt_aom_ssim_calculations	MISSING
Codec/enc_dec_process.c	svt_aom_ssim_parms_8x8_c	MISSING
Codec/enc_dec_process.c	svt_av1_add_film_grain	MISSING
Codec/enc_dec_process.c	update_pred_th_offset	MISSING
Codec/enc_dec_results.c	enc_dec_results_ctor	MISSING
Codec/enc_dec_results.c	svt_aom_enc_dec_results_creator	MISSING
Codec/enc_dec_segments.c	enc_dec_segments_dctor	MISSING
Codec/enc_dec_segments.c	svt_aom_enc_dec_segments_ctor	MISSING
Codec/enc_dec_segments.c	svt_aom_enc_dec_segments_init	MISSING
Codec/enc_dec_tasks.c	enc_dec_tasks_ctor	MISSING
Codec/enc_dec_tasks.c	svt_aom_enc_dec_tasks_creator	MISSING
Codec/enc_inter_prediction.c	av1_build_obmc_inter_prediction	MISSING
Codec/enc_inter_prediction.c	av1_inter_prediction_light_pd1	ported
Codec/enc_inter_prediction.c	av1_inter_prediction_obmc	MISSING
Codec/enc_inter_prediction.c	av1_inter_prediction_pd0	ported
Codec/enc_inter_prediction.c	av1_make_masked_scaled_inter_predictor	MISSING
Codec/enc_inter_prediction.c	av1_make_masked_warp_inter_predictor	MISSING
Codec/enc_inter_prediction.c	av1_model_rd_curvfit	MISSING
Codec/enc_inter_prediction.c	av1_setup_build_prediction_by_above_pred	MISSING
Codec/enc_inter_prediction.c	av1_setup_build_prediction_by_left_pred	MISSING
Codec/enc_inter_prediction.c	build_obmc_inter_pred_above	ported
Codec/enc_inter_prediction.c	build_obmc_inter_pred_left	ported
Codec/enc_inter_prediction.c	build_prediction_by_above_pred	MISSING
Codec/enc_inter_prediction.c	build_prediction_by_above_preds	MISSING
Codec/enc_inter_prediction.c	build_prediction_by_left_pred	MISSING
Codec/enc_inter_prediction.c	build_prediction_by_left_preds	MISSING
Codec/enc_inter_prediction.c	calc_target_weighted_pred	ported
Codec/enc_inter_prediction.c	clamp_mv_to_umv_border_sb	ported
Codec/enc_inter_prediction.c	compute_subpel_params	ported
Codec/enc_inter_prediction.c	enc_make_inter_predictor_pd0	ported
Codec/enc_inter_prediction.c	foreach_overlappable_nb_above	ported
Codec/enc_inter_prediction.c	foreach_overlappable_nb_left	ported
Codec/enc_inter_prediction.c	get_single_prediction_for_obmc_chroma	MISSING
Codec/enc_inter_prediction.c	get_single_prediction_for_obmc_chroma_hbd	MISSING
Codec/enc_inter_prediction.c	get_single_prediction_for_obmc_luma	MISSING
Codec/enc_inter_prediction.c	get_single_prediction_for_obmc_luma_hbd	MISSING
Codec/enc_inter_prediction.c	inter_chroma_4xn_pred	MISSING
Codec/enc_inter_prediction.c	inter_intra_prediction	MISSING
Codec/enc_inter_prediction.c	interpolation_filter_search	ported
Codec/enc_inter_prediction.c	model_rd_for_sb	ported
Codec/enc_inter_prediction.c	model_rd_for_sb_with_curvfit	ported
Codec/enc_inter_prediction.c	model_rd_from_sse	ported
Codec/enc_inter_prediction.c	model_rd_norm	ported
Codec/enc_inter_prediction.c	model_rd_with_curvfit	ported
Codec/enc_inter_prediction.c	pick_interinter_mask	ported
Codec/enc_inter_prediction.c	pick_interinter_seg	ported
Codec/enc_inter_prediction.c	pick_interinter_wedge	ported
Codec/enc_inter_prediction.c	pick_wedge	ported
Codec/enc_inter_prediction.c	pick_wedge_fixed_sign	ported
Codec/enc_inter_prediction.c	sse_norm_curvfit_model_cat_lookup	ported
Codec/enc_inter_prediction.c	svt_aom_calc_pred_masked_compound	ported
Codec/enc_inter_prediction.c	svt_aom_enc_make_inter_predictor	MISSING
Codec/enc_inter_prediction.c	svt_aom_get_recon_pic	MISSING
Codec/enc_inter_prediction.c	svt_aom_get_ref_pic_buffer	MISSING
Codec/enc_inter_prediction.c	svt_aom_highbd_sse_c	MISSING
Codec/enc_inter_prediction.c	svt_aom_inter_prediction	MISSING
Codec/enc_inter_prediction.c	svt_aom_inter_pu_prediction_av1	MISSING
Codec/enc_inter_prediction.c	svt_aom_inter_pu_prediction_av1_light_pd1	MISSING
Codec/enc_inter_prediction.c	svt_aom_inter_pu_prediction_av1_obmc	MISSING
Codec/enc_inter_prediction.c	svt_aom_inter_pu_prediction_av1_pd0	MISSING
Codec/enc_inter_prediction.c	svt_aom_precompute_obmc_data	MISSING
Codec/enc_inter_prediction.c	svt_aom_search_compound_diff_wedge	ported
Codec/enc_inter_prediction.c	svt_aom_simple_luma_unipred	MISSING
Codec/enc_inter_prediction.c	svt_aom_sse_c	MISSING
Codec/enc_inter_prediction.c	svt_av1_calc_target_weighted_pred_above_c	MISSING
Codec/enc_inter_prediction.c	svt_av1_calc_target_weighted_pred_left_c	MISSING
Codec/enc_inter_prediction.c	svt_av1_model_rd_from_var_lapndz	ported
Codec/enc_inter_prediction.c	svt_av1_wedge_compute_delta_squares_c	MISSING
Codec/enc_inter_prediction.c	svt_av1_wedge_sign_from_residuals_c	MISSING
Codec/enc_inter_prediction.c	tf_inter_predictor	MISSING
Codec/enc_intra_prediction.c	build_intra_predictors	MISSING
Codec/enc_intra_prediction.c	build_intra_predictors_high	MISSING
Codec/enc_intra_prediction.c	get_filt_type	MISSING
Codec/enc_intra_prediction.c	intra_luma_prediction_for_interintra	MISSING
Codec/enc_intra_prediction.c	svt_aom_precompute_intra_pred_for_inter_intra	MISSING
Codec/enc_intra_prediction.c	svt_aom_update_neighbor_samples_array_open_loop_mb	MISSING
Codec/enc_intra_prediction.c	svt_aom_update_neighbor_samples_array_open_loop_mb_recon	MISSING
Codec/enc_intra_prediction.c	svt_av1_intra_prediction	MISSING
Codec/enc_intra_prediction.c	svt_av1_predict_intra_block	MISSING
Codec/enc_mode_config.c	compute_intra_pd0_th	ported
Codec/enc_mode_config.c	compute_subres_th	ported
Codec/enc_mode_config.c	dimensions_require_8x8	ported
Codec/enc_mode_config.c	dlf_level_modulation	ported
Codec/enc_mode_config.c	get_dlf_level_allintra	ported
Codec/enc_mode_config.c	get_dlf_level_default	ported
Codec/enc_mode_config.c	get_dlf_level_rtc	ported
Codec/enc_mode_config.c	get_filter_intra_level_allintra	MISSING
Codec/enc_mode_config.c	get_filter_intra_level_default	ported
Codec/enc_mode_config.c	get_filter_intra_level_rtc	MISSING
Codec/enc_mode_config.c	get_inter_compound_level	ported
Codec/enc_mode_config.c	get_max_block_size_allintra	ported
Codec/enc_mode_config.c	get_max_block_size_default	ported
Codec/enc_mode_config.c	get_max_block_size_rtc	ported
Codec/enc_mode_config.c	get_sb128_me_data	MISSING
Codec/enc_mode_config.c	get_sb128_variance	MISSING
Codec/enc_mode_config.c	get_sb_tpl_intra_stats	ported
Codec/enc_mode_config.c	md_nsq_motion_search_controls	ported
Codec/enc_mode_config.c	md_sq_motion_search_controls	ported
Codec/enc_mode_config.c	md_subpel_me_controls	ported
Codec/enc_mode_config.c	md_subpel_pme_controls	ported
Codec/enc_mode_config.c	mfmv_controls	ported
Codec/enc_mode_config.c	rtime_alloc_ec_ctx_array	MISSING
Codec/enc_mode_config.c	set_block_based_depth_refinement_controls	MISSING
Codec/enc_mode_config.c	set_cand_reduction_ctrls	ported
Codec/enc_mode_config.c	set_cdef_recon_controls	ported
Codec/enc_mode_config.c	set_cdef_search_controls	MISSING
Codec/enc_mode_config.c	set_cdf_controls	ported
Codec/enc_mode_config.c	set_cfl_ctrls	MISSING
Codec/enc_mode_config.c	set_coeff_shaving_controls	ported
Codec/enc_mode_config.c	set_depth_early_exit_ctrls	ported
Codec/enc_mode_config.c	set_depth_removal_level_controls	ported
Codec/enc_mode_config.c	set_filter_intra_ctrls	MISSING
Codec/enc_mode_config.c	set_hme_search_params	ported
Codec/enc_mode_config.c	set_inter_comp_controls	ported
Codec/enc_mode_config.c	set_inter_intra_ctrls	ported
Codec/enc_mode_config.c	set_interpolation_search_level_ctrls	ported
Codec/enc_mode_config.c	set_intra_ctrls	MISSING
Codec/enc_mode_config.c	set_intrabc_level	MISSING
Codec/enc_mode_config.c	set_lpd1_ctrls	ported
Codec/enc_mode_config.c	set_lpd1_tx_ctrls	ported
Codec/enc_mode_config.c	set_lpd1_tx_skip_decision_ctrls	ported
Codec/enc_mode_config.c	set_mds0_controls	MISSING
Codec/enc_mode_config.c	set_me_search_params	ported
Codec/enc_mode_config.c	set_nsq_search_ctrls	MISSING
Codec/enc_mode_config.c	set_obmc_controls	ported
Codec/enc_mode_config.c	set_palette_level	MISSING
Codec/enc_mode_config.c	set_pd0_ctrls	MISSING
Codec/enc_mode_config.c	set_pf_controls	ported
Codec/enc_mode_config.c	set_pic_pd0_lvl_allintra	ported
Codec/enc_mode_config.c	set_pic_pd0_lvl_default	ported
Codec/enc_mode_config.c	set_pic_pd0_lvl_rtc	ported
Codec/enc_mode_config.c	set_rate_est_ctrls	ported
Codec/enc_mode_config.c	set_rdoq_controls	MISSING
Codec/enc_mode_config.c	set_skip_sub_depth_ctrls	ported
Codec/enc_mode_config.c	set_spatial_sse_full_loop_level	ported
Codec/enc_mode_config.c	set_sq_txs_ctrls	MISSING
Codec/enc_mode_config.c	set_subres_controls	ported
Codec/enc_mode_config.c	set_tx_shortcut_ctrls	ported
Codec/enc_mode_config.c	set_txs_controls	MISSING
Codec/enc_mode_config.c	should_disable_cdf_update	MISSING
Codec/enc_mode_config.c	svt_aom_derive_gm_level	ported
Codec/enc_mode_config.c	svt_aom_get_bypass_encdec_allintra	ported
Codec/enc_mode_config.c	svt_aom_get_bypass_encdec_default	ported
Codec/enc_mode_config.c	svt_aom_get_bypass_encdec_rtc	ported
Codec/enc_mode_config.c	svt_aom_get_chroma_level_allintra	ported
Codec/enc_mode_config.c	svt_aom_get_chroma_level_default	ported
Codec/enc_mode_config.c	svt_aom_get_chroma_level_rtc	ported
Codec/enc_mode_config.c	svt_aom_get_disallow_4x4_allintra	ported
Codec/enc_mode_config.c	svt_aom_get_disallow_4x4_default	ported
Codec/enc_mode_config.c	svt_aom_get_disallow_4x4_rtc	MISSING
Codec/enc_mode_config.c	svt_aom_get_disallow_8x8_allintra	ported
Codec/enc_mode_config.c	svt_aom_get_disallow_8x8_default	ported
Codec/enc_mode_config.c	svt_aom_get_disallow_8x8_rtc	ported
Codec/enc_mode_config.c	svt_aom_get_enable_me_16x16	ported
Codec/enc_mode_config.c	svt_aom_get_enable_me_8x8	ported
Codec/enc_mode_config.c	svt_aom_get_enable_restoration_allintra	MISSING
Codec/enc_mode_config.c	svt_aom_get_enable_restoration_default	MISSING
Codec/enc_mode_config.c	svt_aom_get_enable_restoration_rtc	MISSING
Codec/enc_mode_config.c	svt_aom_get_enable_sg_allintra	ported
Codec/enc_mode_config.c	svt_aom_get_enable_sg_default	ported
Codec/enc_mode_config.c	svt_aom_get_enable_sg_rtc	ported
Codec/enc_mode_config.c	svt_aom_get_gm_core_level	ported
Codec/enc_mode_config.c	svt_aom_get_inter_intra_level	ported
Codec/enc_mode_config.c	svt_aom_get_intra_mode_levels_allintra	ported
Codec/enc_mode_config.c	svt_aom_get_intra_mode_levels_default	ported
Codec/enc_mode_config.c	svt_aom_get_intra_mode_levels_rtc	ported
Codec/enc_mode_config.c	svt_aom_get_max_can_count	ported
Codec/enc_mode_config.c	svt_aom_get_nic_level_allintra	ported
Codec/enc_mode_config.c	svt_aom_get_nic_level_default	ported
Codec/enc_mode_config.c	svt_aom_get_nic_level_rtc	ported
Codec/enc_mode_config.c	svt_aom_get_nsq_geom_level_allintra	ported
Codec/enc_mode_config.c	svt_aom_get_nsq_geom_level_default	ported
Codec/enc_mode_config.c	svt_aom_get_nsq_geom_level_rtc	ported
Codec/enc_mode_config.c	svt_aom_get_nsq_search_level_allintra	ported
Codec/enc_mode_config.c	svt_aom_get_nsq_search_level_default	ported
Codec/enc_mode_config.c	svt_aom_get_nsq_search_level_rtc	ported
Codec/enc_mode_config.c	svt_aom_get_obmc_level	ported
Codec/enc_mode_config.c	svt_aom_get_qp_based_th_scaling_factors	ported
Codec/enc_mode_config.c	svt_aom_get_sg_filter_level_allintra	ported
Codec/enc_mode_config.c	svt_aom_get_sg_filter_level_default	ported
Codec/enc_mode_config.c	svt_aom_get_sg_filter_level_rtc	ported
Codec/enc_mode_config.c	svt_aom_get_update_cdf_level_allintra	ported
Codec/enc_mode_config.c	svt_aom_get_update_cdf_level_default	ported
Codec/enc_mode_config.c	svt_aom_get_update_cdf_level_rtc	ported
Codec/enc_mode_config.c	svt_aom_get_wn_filter_level_allintra	MISSING
Codec/enc_mode_config.c	svt_aom_get_wn_filter_level_default	ported
Codec/enc_mode_config.c	svt_aom_get_wn_filter_level_rtc	MISSING
Codec/enc_mode_config.c	svt_aom_is_ref_same_size	ported
Codec/enc_mode_config.c	svt_aom_md_pme_search_controls	ported
Codec/enc_mode_config.c	svt_aom_set_bipred3x3_controls	ported
Codec/enc_mode_config.c	svt_aom_set_chroma_controls	MISSING
Codec/enc_mode_config.c	svt_aom_set_dist_based_ref_pruning_controls	ported
Codec/enc_mode_config.c	svt_aom_set_dlf_controls	MISSING
Codec/enc_mode_config.c	svt_aom_set_gm_controls	ported
Codec/enc_mode_config.c	svt_aom_set_me_8x8_var_ctrls	ported
Codec/enc_mode_config.c	svt_aom_set_me_hme_ref_prune_ctrls	ported
Codec/enc_mode_config.c	svt_aom_set_me_sr_adjustment_ctrls	ported
Codec/enc_mode_config.c	svt_aom_set_mfmv_config	ported
Codec/enc_mode_config.c	svt_aom_set_mv_based_sa_ctrls	ported
Codec/enc_mode_config.c	svt_aom_set_nic_controls	MISSING
Codec/enc_mode_config.c	svt_aom_set_nsq_geom_ctrls	MISSING
Codec/enc_mode_config.c	svt_aom_set_prehme_ctrls	ported
Codec/enc_mode_config.c	svt_aom_set_sg_filter_ctrls	ported
Codec/enc_mode_config.c	svt_aom_set_txt_controls	MISSING
Codec/enc_mode_config.c	svt_aom_set_wm_controls	ported
Codec/enc_mode_config.c	svt_aom_set_wn_filter_ctrls	ported
Codec/enc_mode_config.c	svt_aom_sig_deriv_enc_dec_allintra	MISSING
Codec/enc_mode_config.c	svt_aom_sig_deriv_enc_dec_common	ported
Codec/enc_mode_config.c	svt_aom_sig_deriv_enc_dec_default	ported
Codec/enc_mode_config.c	svt_aom_sig_deriv_enc_dec_light_pd1_default	ported
Codec/enc_mode_config.c	svt_aom_sig_deriv_enc_dec_light_pd1_rtc	MISSING
Codec/enc_mode_config.c	svt_aom_sig_deriv_enc_dec_pd0	ported
Codec/enc_mode_config.c	svt_aom_sig_deriv_enc_dec_rtc	MISSING
Codec/enc_mode_config.c	svt_aom_sig_deriv_me	ported
Codec/enc_mode_config.c	svt_aom_sig_deriv_me_tf	ported
Codec/enc_mode_config.c	svt_aom_sig_deriv_mode_decision_config_allintra	MISSING
Codec/enc_mode_config.c	svt_aom_sig_deriv_mode_decision_config_default	ported
Codec/enc_mode_config.c	svt_aom_sig_deriv_mode_decision_config_rtc	MISSING
Codec/enc_mode_config.c	svt_aom_sig_deriv_multi_processes_allintra	MISSING
Codec/enc_mode_config.c	svt_aom_sig_deriv_multi_processes_default	ported
Codec/enc_mode_config.c	svt_aom_sig_deriv_multi_processes_rtc	MISSING
Codec/enc_mode_config.c	svt_aom_sig_deriv_pre_analysis_pcs	ported
Codec/enc_mode_config.c	svt_aom_sig_deriv_pre_analysis_scs	MISSING
Codec/enc_mode_config.c	tf_set_me_hme_params_oq	ported
Codec/enc_warped_motion.c	svt_av1_warp_error	ported
Codec/enc_warped_motion.c	warp_error	ported
Codec/encode_context.c	create_stats_buffer	MISSING
Codec/encode_context.c	destroy_stats_buffer	MISSING
Codec/encode_context.c	encode_context_dctor	MISSING
Codec/encode_context.c	svt_aom_encode_context_ctor	MISSING
Codec/entropy_coding.c	add_trailing_bits	MISSING
Codec/entropy_coding.c	aom_wb_write_primitive_quniform	MISSING
Codec/entropy_coding.c	aom_wb_write_primitive_refsubexpfin	MISSING
Codec/entropy_coding.c	aom_wb_write_primitive_subexpfin	MISSING
Codec/entropy_coding.c	av1_code_tx_size	MISSING
Codec/entropy_coding.c	av1_encode_coeff_1d	MISSING
Codec/entropy_coding.c	av1_encode_tx_coef_uv	MISSING
Codec/entropy_coding.c	av1_encode_tx_coef_y	MISSING
Codec/entropy_coding.c	av1_get_mv_joint_diff	MISSING
Codec/entropy_coding.c	av1_get_skip_context	MISSING
Codec/entropy_coding.c	av1_get_skip_mode_context	MISSING
Codec/entropy_coding.c	av1_is_interp_needed	MISSING
Codec/entropy_coding.c	av1_write_coeffs_txb_1d	MISSING
Codec/entropy_coding.c	av1_write_delta_q_index	MISSING
Codec/entropy_coding.c	av1_write_tx_type	MISSING
Codec/entropy_coding.c	bitstream_dctor	MISSING
Codec/entropy_coding.c	block_signals_txsize	ported
Codec/entropy_coding.c	code_tx_size	MISSING
Codec/entropy_coding.c	delta_encode_palette_colors	MISSING
Codec/entropy_coding.c	does_level_match	ported
Codec/entropy_coding.c	ec_update_neighbors	MISSING
Codec/entropy_coding.c	encode_cdef	MISSING
Codec/entropy_coding.c	encode_intra_chroma_mode_av1	MISSING
Codec/entropy_coding.c	encode_intra_luma_mode_kf_av1	MISSING
Codec/entropy_coding.c	encode_intra_luma_mode_nonkey_av1	MISSING
Codec/entropy_coding.c	encode_loopfilter	MISSING
Codec/entropy_coding.c	encode_mv_component	ported
Codec/entropy_coding.c	encode_partition_av1	MISSING
Codec/entropy_coding.c	encode_quantization	MISSING
Codec/entropy_coding.c	encode_restoration_mode	MISSING
Codec/entropy_coding.c	encode_segmentation	MISSING
Codec/entropy_coding.c	encode_skip_coeff_av1	MISSING
Codec/entropy_coding.c	encode_skip_mode_av1	MISSING
Codec/entropy_coding.c	entropy_coder_dctor	MISSING
Codec/entropy_coding.c	entropy_tile_info_dctor	MISSING
Codec/entropy_coding.c	get_pred_context_brf_or_arf2	MISSING
Codec/entropy_coding.c	get_pred_context_brfarf2_or_arf	MISSING
Codec/entropy_coding.c	get_pred_context_last3_or_gld	MISSING
Codec/entropy_coding.c	get_pred_context_last_or_last2	MISSING
Codec/entropy_coding.c	get_pred_context_ll2_or_l3gld	MISSING
Codec/entropy_coding.c	get_ref_order_hint	ported
Codec/entropy_coding.c	get_sqr_tx_size	MISSING
Codec/entropy_coding.c	get_tx_size_context	MISSING
Codec/entropy_coding.c	get_unsigned_bits	ported
Codec/entropy_coding.c	get_vartx_max_txsize	MISSING
Codec/entropy_coding.c	loop_restoration_write_sb_coeffs	MISSING
Codec/entropy_coding.c	max_block_high	MISSING
Codec/entropy_coding.c	max_block_wide	MISSING
Codec/entropy_coding.c	mem_put_varsize	MISSING
Codec/entropy_coding.c	pack_map_tokens	MISSING
Codec/entropy_coding.c	recenter_finite_nonneg	ported
Codec/entropy_coding.c	recenter_nonneg	ported
Codec/entropy_coding.c	set_bitstream_level_tier	MISSING
Codec/entropy_coding.c	set_mi_row_col	MISSING
Codec/entropy_coding.c	set_txfm_ctx	MISSING
Codec/entropy_coding.c	set_txfm_ctxs	MISSING
Codec/entropy_coding.c	svt_aom_allow_intrabc	MISSING
Codec/entropy_coding.c	svt_aom_allow_palette	ported
Codec/entropy_coding.c	svt_aom_bitstream_copy	MISSING
Codec/entropy_coding.c	svt_aom_bitstream_ctor	MISSING
Codec/entropy_coding.c	svt_aom_bitstream_get_bytes_count	MISSING
Codec/entropy_coding.c	svt_aom_bitstream_reset	MISSING
Codec/entropy_coding.c	svt_aom_collect_neighbors_ref_counts_new	MISSING
Codec/entropy_coding.c	svt_aom_count_primitive_quniform	ported
Codec/entropy_coding.c	svt_aom_count_primitive_refsubexpfin	ported
Codec/entropy_coding.c	svt_aom_count_primitive_subexpfin	ported
Codec/entropy_coding.c	svt_aom_encode_slice_finish	MISSING
Codec/entropy_coding.c	svt_aom_encode_sps_av1	MISSING
Codec/entropy_coding.c	svt_aom_encode_td_av1	MISSING
Codec/entropy_coding.c	svt_aom_entropy_coder_ctor	MISSING
Codec/entropy_coding.c	svt_aom_entropy_tile_info_ctor	MISSING
Codec/entropy_coding.c	svt_aom_get_comp_group_idx_context_enc	MISSING
Codec/entropy_coding.c	svt_aom_get_comp_index_context_enc	MISSING
Codec/entropy_coding.c	svt_aom_get_comp_reference_type_cdf	MISSING
Codec/entropy_coding.c	svt_aom_get_comp_reference_type_context_new	MISSING
Codec/entropy_coding.c	svt_aom_get_kf_y_mode_ctx	MISSING
Codec/entropy_coding.c	svt_aom_get_palette_bsize_ctx	MISSING
Codec/entropy_coding.c	svt_aom_get_palette_mode_ctx	MISSING
Codec/entropy_coding.c	svt_aom_get_pred_cdf_comp_bwdref_p	MISSING
Codec/entropy_coding.c	svt_aom_get_pred_cdf_comp_bwdref_p1	MISSING
Codec/entropy_coding.c	svt_aom_get_pred_cdf_comp_ref_p	MISSING
Codec/entropy_coding.c	svt_aom_get_pred_cdf_comp_ref_p1	MISSING
Codec/entropy_coding.c	svt_aom_get_pred_cdf_comp_ref_p2	MISSING
Codec/entropy_coding.c	svt_aom_get_pred_cdf_single_ref_p1	MISSING
Codec/entropy_coding.c	svt_aom_get_pred_cdf_single_ref_p2	MISSING
Codec/entropy_coding.c	svt_aom_get_pred_cdf_single_ref_p3	MISSING
Codec/entropy_coding.c	svt_aom_get_pred_cdf_single_ref_p4	MISSING
Codec/entropy_coding.c	svt_aom_get_pred_cdf_single_ref_p5	MISSING
Codec/entropy_coding.c	svt_aom_get_pred_cdf_single_ref_p6	MISSING
Codec/entropy_coding.c	svt_aom_get_pred_cdf_uni_comp_ref_p	MISSING
Codec/entropy_coding.c	svt_aom_get_pred_cdf_uni_comp_ref_p1	MISSING
Codec/entropy_coding.c	svt_aom_get_pred_cdf_uni_comp_ref_p2	MISSING
Codec/entropy_coding.c	svt_aom_get_pred_context_switchable_interp	MISSING
Codec/entropy_coding.c	svt_aom_get_ref_filter_type	ported
Codec/entropy_coding.c	svt_aom_get_reference_mode_cdf	MISSING
Codec/entropy_coding.c	svt_aom_get_reference_mode_context_new	MISSING
Codec/entropy_coding.c	svt_aom_get_segment_id	ported
Codec/entropy_coding.c	svt_aom_get_txb_ctx	ported
Codec/entropy_coding.c	svt_aom_is_interintra_allowed	ported
Codec/entropy_coding.c	svt_aom_is_nontrans_global_motion	ported
Codec/entropy_coding.c	svt_aom_motion_mode_allowed	ported
Codec/entropy_coding.c	svt_aom_partition_cdf_length	ported
Codec/entropy_coding.c	svt_aom_reset_entropy_coder	MISSING
Codec/entropy_coding.c	svt_aom_set_tile_info	MISSING
Codec/entropy_coding.c	svt_aom_uleb_encode	ported
Codec/entropy_coding.c	svt_aom_uleb_size_in_bytes	MISSING
Codec/entropy_coding.c	svt_aom_wb_bytes_written	MISSING
Codec/entropy_coding.c	svt_aom_wb_is_byte_aligned	MISSING
Codec/entropy_coding.c	svt_aom_wb_write_bit	MISSING
Codec/entropy_coding.c	svt_aom_wb_write_bit_inlined	MISSING
Codec/entropy_coding.c	svt_aom_wb_write_inv_signed_literal	MISSING
Codec/entropy_coding.c	svt_aom_wb_write_literal	MISSING
Codec/entropy_coding.c	svt_aom_wb_write_literal_inlined	MISSING
Codec/entropy_coding.c	svt_aom_wb_write_signed_primitive_refsubexpfin	ported
Codec/entropy_coding.c	svt_aom_write_frame_header_av1	MISSING
Codec/entropy_coding.c	svt_aom_write_metadata_av1	MISSING
Codec/entropy_coding.c	svt_aom_write_modes_sb	MISSING
Codec/entropy_coding.c	svt_aom_write_primitive_quniform	ported
Codec/entropy_coding.c	svt_aom_write_primitive_refsubexpfin	ported
Codec/entropy_coding.c	svt_aom_write_primitive_subexpfin	ported
Codec/entropy_coding.c	svt_aom_write_uniform_cost	MISSING
Codec/entropy_coding.c	svt_av1_calculate_tile_cols	MISSING
Codec/entropy_coding.c	svt_av1_calculate_tile_rows	MISSING
Codec/entropy_coding.c	svt_av1_encode_dv	MISSING
Codec/entropy_coding.c	svt_av1_encode_mv	ported
Codec/entropy_coding.c	svt_av1_get_intra_inter_context	ported
Codec/entropy_coding.c	svt_av1_get_pred_context_comp_bwdref_p	MISSING
Codec/entropy_coding.c	svt_av1_get_pred_context_comp_bwdref_p1	MISSING
Codec/entropy_coding.c	svt_av1_get_pred_context_comp_ref_p	MISSING
Codec/entropy_coding.c	svt_av1_get_pred_context_comp_ref_p1	MISSING
Codec/entropy_coding.c	svt_av1_get_pred_context_comp_ref_p2	MISSING
Codec/entropy_coding.c	svt_av1_get_pred_context_single_ref_p1	MISSING
Codec/entropy_coding.c	svt_av1_get_pred_context_single_ref_p2	MISSING
Codec/entropy_coding.c	svt_av1_get_pred_context_single_ref_p3	MISSING
Codec/entropy_coding.c	svt_av1_get_pred_context_single_ref_p4	MISSING
Codec/entropy_coding.c	svt_av1_get_pred_context_single_ref_p5	MISSING
Codec/entropy_coding.c	svt_av1_get_pred_context_single_ref_p6	MISSING
Codec/entropy_coding.c	svt_av1_get_pred_context_uni_comp_ref_p	MISSING
Codec/entropy_coding.c	svt_av1_get_pred_context_uni_comp_ref_p1	MISSING
Codec/entropy_coding.c	svt_av1_get_pred_context_uni_comp_ref_p2	MISSING
Codec/entropy_coding.c	svt_av1_get_spatial_seg_prediction	ported
Codec/entropy_coding.c	svt_av1_get_tile_limits	MISSING
Codec/entropy_coding.c	svt_av1_neg_interleave	ported
Codec/entropy_coding.c	svt_av1_reset_loop_restoration	MISSING
Codec/entropy_coding.c	svt_av1_update_segmentation_map	MISSING
Codec/entropy_coding.c	tx_size_to_depth	MISSING
Codec/entropy_coding.c	txfm_partition_context	ported
Codec/entropy_coding.c	txfm_partition_update	MISSING
Codec/entropy_coding.c	write_bitdepth	MISSING
Codec/entropy_coding.c	write_bitstream_level	MISSING
Codec/entropy_coding.c	write_cdef	MISSING
Codec/entropy_coding.c	write_cfl_alphas	ported
Codec/entropy_coding.c	write_color_config	MISSING
Codec/entropy_coding.c	write_delta_q	MISSING
Codec/entropy_coding.c	write_drl_idx	ported
Codec/entropy_coding.c	write_film_grain_params	ported
Codec/entropy_coding.c	write_frame_header_obu	MISSING
Codec/entropy_coding.c	write_frame_size	MISSING
Codec/entropy_coding.c	write_frame_size_with_refs	ported
Codec/entropy_coding.c	write_global_motion	ported
Codec/entropy_coding.c	write_global_motion_params	ported
Codec/entropy_coding.c	write_golomb	ported
Codec/entropy_coding.c	write_inter_compound_mode	ported
Codec/entropy_coding.c	write_inter_mode	ported
Codec/entropy_coding.c	write_inter_segment_id	ported
Codec/entropy_coding.c	write_intrabc_info	ported
Codec/entropy_coding.c	write_is_inter	ported
Codec/entropy_coding.c	write_mb_interp_filter	ported
Codec/entropy_coding.c	write_modes_b	MISSING
Codec/entropy_coding.c	write_motion_mode	ported
Codec/entropy_coding.c	write_obu_header	ported
Codec/entropy_coding.c	write_obu_metadata	MISSING
Codec/entropy_coding.c	write_palette_colors_y	ported
Codec/entropy_coding.c	write_palette_mode_info	ported
Codec/entropy_coding.c	write_profile	MISSING
Codec/entropy_coding.c	write_ref_frames	ported
Codec/entropy_coding.c	write_render_size	MISSING
Codec/entropy_coding.c	write_segment_id	ported
Codec/entropy_coding.c	write_selected_tx_size	MISSING
Codec/entropy_coding.c	write_sequence_header	ported
Codec/entropy_coding.c	write_sequence_header_obu	MISSING
Codec/entropy_coding.c	write_sgrproj_filter	ported
Codec/entropy_coding.c	write_superres_scale	MISSING
Codec/entropy_coding.c	write_tile_group_header	MISSING
Codec/entropy_coding.c	write_tile_info	ported
Codec/entropy_coding.c	write_tile_info_max_tile	MISSING
Codec/entropy_coding.c	write_tx_size_vartx	ported
Codec/entropy_coding.c	write_uleb_obu_size	MISSING
Codec/entropy_coding.c	write_uncompressed_header_obu	MISSING
Codec/entropy_coding.c	write_uniform	ported
Codec/entropy_coding.c	write_wiener_filter	ported
Codec/fft.c	add_float	MISSING
Codec/fft.c	mul_float	MISSING
Codec/fft.c	simple_transpose	MISSING
Codec/fft.c	store_float	MISSING
Codec/fft.c	sub_float	MISSING
Codec/fft.c	svt_aom_fft16x16_float_c	MISSING
Codec/fft.c	svt_aom_fft2x2_float_c	MISSING
Codec/fft.c	svt_aom_fft32x32_float_c	MISSING
Codec/fft.c	svt_aom_fft4x4_float_c	MISSING
Codec/fft.c	svt_aom_fft8x8_float_c	MISSING
Codec/fft.c	svt_aom_fft_2d_gen	MISSING
Codec/fft.c	svt_aom_ifft16x16_float_c	MISSING
Codec/fft.c	svt_aom_ifft2x2_float_c	MISSING
Codec/fft.c	svt_aom_ifft32x32_float_c	MISSING
Codec/fft.c	svt_aom_ifft4x4_float_c	MISSING
Codec/fft.c	svt_aom_ifft8x8_float_c	MISSING
Codec/fft.c	svt_aom_ifft_2d_gen	MISSING
Codec/fft.c	unpack_2d_output	MISSING
Codec/firstpass.c	first_pass_frame_end_one_pass	MISSING
Codec/firstpass.c	output_stats	MISSING
Codec/firstpass.c	realloc_stats_out	MISSING
Codec/firstpass.c	svt_av1_accumulate_stats	MISSING
Codec/firstpass.c	svt_av1_end_first_pass	MISSING
Codec/firstpass.c	svt_av1_twopass_zero_stats	MISSING
Codec/firstpass.c	update_firstpass_stats	MISSING
Codec/full_loop.c	aom_av1_get_adjusted_tx_size	MISSING
Codec/full_loop.c	av1_quantize_b_facade_ii	MISSING
Codec/full_loop.c	ec_shave_est_zero_rate_save	MISSING
Codec/full_loop.c	get_br_cost	MISSING
Codec/full_loop.c	get_br_cost_with_diff	MISSING
Codec/full_loop.c	get_coeff_cost_eob	MISSING
Codec/full_loop.c	get_coeff_cost_general	MISSING
Codec/full_loop.c	get_coeff_dist	ported
Codec/full_loop.c	get_dqv	MISSING
Codec/full_loop.c	get_golomb_cost	MISSING
Codec/full_loop.c	get_lower_levels_ctx_general	MISSING
Codec/full_loop.c	get_qc_dqc_low	MISSING
Codec/full_loop.c	get_two_coeff_cost_simple	MISSING
Codec/full_loop.c	highbd_quantize_fp_helper_c	MISSING
Codec/full_loop.c	quantize_fp_helper_c	MISSING
Codec/full_loop.c	shave_coeff	MISSING
Codec/full_loop.c	skip_chroma_rate_est	MISSING
Codec/full_loop.c	svt_aom_do_md_recon	MISSING
Codec/full_loop.c	svt_aom_full_loop_chroma_light_pd1	MISSING
Codec/full_loop.c	svt_aom_full_loop_uv	MISSING
Codec/full_loop.c	svt_aom_highbd_quantize_b_c	MISSING
Codec/full_loop.c	svt_aom_inv_transform_recon_wrapper	MISSING
Codec/full_loop.c	svt_aom_quantize_b_c	MISSING
Codec/full_loop.c	svt_aom_quantize_inv_quantize	MISSING
Codec/full_loop.c	svt_aom_quantize_inv_quantize_light	MISSING
Codec/full_loop.c	svt_av1_compute_cul_level_c	MISSING
Codec/full_loop.c	svt_av1_highbd_quantize_b_facade	MISSING
Codec/full_loop.c	svt_av1_highbd_quantize_fp_c	MISSING
Codec/full_loop.c	svt_av1_highbd_quantize_fp_facade	MISSING
Codec/full_loop.c	svt_av1_highbd_quantize_fp_qm_c	MISSING
Codec/full_loop.c	svt_av1_optimize_b	ported
Codec/full_loop.c	svt_av1_perform_noise_normalization	ported
Codec/full_loop.c	svt_av1_quantize_fp_32x32_c	MISSING
Codec/full_loop.c	svt_av1_quantize_fp_64x64_c	MISSING
Codec/full_loop.c	svt_av1_quantize_fp_c	MISSING
Codec/full_loop.c	svt_av1_quantize_fp_facade	MISSING
Codec/full_loop.c	svt_av1_quantize_fp_qm_c	MISSING
Codec/full_loop.c	svt_fast_optimize_b	ported
Codec/full_loop.c	update_coeff_eob	ported
Codec/full_loop.c	update_coeff_eob_fast	ported
Codec/full_loop.c	update_coeff_general	ported
Codec/full_loop.c	update_coeff_simple	ported
Codec/full_loop.c	update_skip	ported
Codec/global_me.c	compute_global_motion	MISSING
Codec/global_me.c	svt_aom_global_motion_estimation	MISSING
Codec/global_me.c	svt_aom_gm_pre_processor	MISSING
Codec/global_me.c	svt_aom_upscale_wm_params	MISSING
Codec/global_me_cost.c	aom_count_signed_primitive_refsubexpfin	MISSING
Codec/global_me_cost.c	svt_aom_gm_get_params_cost	MISSING
Codec/global_motion.c	add_param_offset	ported
Codec/global_motion.c	convert_to_params	ported
Codec/global_motion.c	correspondence_from_corners	MISSING
Codec/global_motion.c	correspondence_from_mvs	ported
Codec/global_motion.c	determine_gm_params	ported
Codec/global_motion.c	force_wmtype	ported
Codec/global_motion.c	get_wmtype	ported
Codec/global_motion.c	gm_compute_correspondence	ported
Codec/global_motion.c	svt_av1_convert_model_to_params	ported
Codec/global_motion.c	svt_av1_is_enough_erroradvantage	ported
Codec/global_motion.c	svt_av1_refine_integerized_param	ported
Codec/grainSynthesis.c	add_noise_to_block	MISSING
Codec/grainSynthesis.c	add_noise_to_block_hbd	MISSING
Codec/grainSynthesis.c	copy_area	MISSING
Codec/grainSynthesis.c	dealloc_arrays	MISSING
Codec/grainSynthesis.c	generate_chroma_grain_blocks	MISSING
Codec/grainSynthesis.c	generate_luma_grain_block	MISSING
Codec/grainSynthesis.c	get_random_number	MISSING
Codec/grainSynthesis.c	hor_boundary_overlap	MISSING
Codec/grainSynthesis.c	init_arrays	MISSING
Codec/grainSynthesis.c	init_random_generator	MISSING
Codec/grainSynthesis.c	init_scaling_function	MISSING
Codec/grainSynthesis.c	scale_lut	MISSING
Codec/grainSynthesis.c	svt_aom_fgn_copy_rect	MISSING
Codec/grainSynthesis.c	svt_aom_film_grain_params_equal	MISSING
Codec/grainSynthesis.c	svt_av1_add_film_grain_run	MISSING
Codec/grainSynthesis.c	ver_boundary_overlap	MISSING
Codec/hash.c	svt_av1_crc32c_table_init	MISSING
Codec/hash.c	svt_av1_get_crc32c_value_c	MISSING
Codec/hash_motion.c	get_identity_hash_value	MISSING
Codec/hash_motion.c	get_pixels_in_1d_char_array_by_block_2x2	MISSING
Codec/hash_motion.c	get_pixels_in_1d_short_array_by_block_2x2	MISSING
Codec/hash_motion.c	get_xor_hash_value_hbd	MISSING
Codec/hash_motion.c	hash_block_size_to_index	ported
Codec/hash_motion.c	hash_table_add_to_table	MISSING
Codec/hash_motion.c	hash_table_clear_all	MISSING
Codec/hash_motion.c	svt_aom_rtime_alloc_svt_av1_add_to_hash_map_by_row_with_precal_data	MISSING
Codec/hash_motion.c	svt_aom_rtime_alloc_svt_av1_hash_table_create	MISSING
Codec/hash_motion.c	svt_av1_generate_block_2x2_hash_value	ported
Codec/hash_motion.c	svt_av1_generate_block_hash_value	ported
Codec/hash_motion.c	svt_av1_get_block_hash_value	ported
Codec/hash_motion.c	svt_av1_hash_get_first_iterator	MISSING
Codec/hash_motion.c	svt_av1_hash_table_count	MISSING
Codec/hash_motion.c	svt_av1_hash_table_destroy	MISSING
Codec/initial_rc_process.c	get_lad_q_size	MISSING
Codec/initial_rc_process.c	get_tpl_params_level	ported
Codec/initial_rc_process.c	initial_rate_control_context_dctor	MISSING
Codec/initial_rc_process.c	irc_send_picture_out	MISSING
Codec/initial_rc_process.c	is_frame_already_exists	ported
Codec/initial_rc_process.c	lad_queue_entry_ctor	MISSING
Codec/initial_rc_process.c	print_lad_queue	MISSING
Codec/initial_rc_process.c	process_lad_queue	MISSING
Codec/initial_rc_process.c	push_to_lad_queue	MISSING
Codec/initial_rc_process.c	set_1pvbr_param	MISSING
Codec/initial_rc_process.c	set_tpl_params	ported
Codec/initial_rc_process.c	store_extended_group	ported
Codec/initial_rc_process.c	svt_aom_get_tpl_group_level	ported
Codec/initial_rc_process.c	svt_aom_initial_rate_control_context_ctor	MISSING
Codec/initial_rc_process.c	svt_aom_initial_rate_control_kernel	MISSING
Codec/initial_rc_process.c	svt_aom_initial_rate_control_kernel_iter	MISSING
Codec/initial_rc_process.c	svt_aom_set_tpl_group	ported
Codec/initial_rc_process.c	validate_pic_for_tpl	ported
Codec/initial_rc_results.c	initial_rate_control_results_ctor	MISSING
Codec/initial_rc_results.c	svt_aom_initial_rate_control_results_creator	MISSING
Codec/inter_prediction.c	aom_convolve_copy_c	MISSING
Codec/inter_prediction.c	av1_get_compound_type_mask	MISSING
Codec/inter_prediction.c	build_smooth_interintra_mask	ported
Codec/inter_prediction.c	convolve_2d_for_intrabc	ported
Codec/inter_prediction.c	diffwtd_mask	ported
Codec/inter_prediction.c	diffwtd_mask_highbd	ported
Codec/inter_prediction.c	fixed_point_scale_to_coarse_point_scale	ported
Codec/inter_prediction.c	get_fixed_point_scale_factor	ported
Codec/inter_prediction.c	get_ii_mask	MISSING
Codec/inter_prediction.c	get_wedge_mask_inplace	MISSING
Codec/inter_prediction.c	has_scale	ported
Codec/inter_prediction.c	highbd_convolve_2d_for_intrabc	ported
Codec/inter_prediction.c	init_ii_masks	MISSING
Codec/inter_prediction.c	init_wedge_masks	ported
Codec/inter_prediction.c	init_wedge_primary_masks	ported
Codec/inter_prediction.c	init_wedge_signs	MISSING
Codec/inter_prediction.c	revert_scale_extra_bits	ported
Codec/inter_prediction.c	scaled_x	ported
Codec/inter_prediction.c	scaled_y	ported
Codec/inter_prediction.c	shift_copy	ported
Codec/inter_prediction.c	svt_aom_asm_set_convolve_asm_table	MISSING
Codec/inter_prediction.c	svt_aom_asm_set_convolve_hbd_asm_table	MISSING
Codec/inter_prediction.c	svt_aom_build_masked_compound_no_round	ported
Codec/inter_prediction.c	svt_aom_combine_interintra	ported
Codec/inter_prediction.c	svt_aom_combine_interintra_highbd	ported
Codec/inter_prediction.c	svt_aom_find_ref_dv	ported
Codec/inter_prediction.c	svt_aom_get_contiguous_soft_mask	MISSING
Codec/inter_prediction.c	svt_aom_get_relative_dist_enc	ported
Codec/inter_prediction.c	svt_aom_get_wedge_bits_lookup	ported
Codec/inter_prediction.c	svt_aom_get_wedge_params_bits	ported
Codec/inter_prediction.c	svt_aom_highbd_blend_a64_hmask_16bit_c	MISSING
Codec/inter_prediction.c	svt_aom_highbd_subtract_block_c	MISSING
Codec/inter_prediction.c	svt_aom_is_interintra_wedge_used	ported
Codec/inter_prediction.c	svt_aom_is_masked_compound_type	ported
Codec/inter_prediction.c	svt_aom_mode_context_analyzer	ported
Codec/inter_prediction.c	svt_aom_pack_block	MISSING
Codec/inter_prediction.c	svt_aom_subtract_block_c	MISSING
Codec/inter_prediction.c	svt_aom_sum_squares_i16_c	MISSING
Codec/inter_prediction.c	svt_av1_build_compound_diffwtd_mask_c	MISSING
Codec/inter_prediction.c	svt_av1_build_compound_diffwtd_mask_highbd_c	MISSING
Codec/inter_prediction.c	svt_av1_convolve_2d_copy_sr_c	MISSING
Codec/inter_prediction.c	svt_av1_convolve_2d_scale_c	MISSING
Codec/inter_prediction.c	svt_av1_convolve_2d_sr_c	MISSING
Codec/inter_prediction.c	svt_av1_convolve_x_sr_c	MISSING
Codec/inter_prediction.c	svt_av1_convolve_y_sr_c	MISSING
Codec/inter_prediction.c	svt_av1_dist_wtd_comp_weight_assign	ported
Codec/inter_prediction.c	svt_av1_get_obmc_mask	MISSING
Codec/inter_prediction.c	svt_av1_highbd_convolve_2d_copy_sr_c	MISSING
Codec/inter_prediction.c	svt_av1_highbd_convolve_2d_scale_c	MISSING
Codec/inter_prediction.c	svt_av1_highbd_convolve_2d_sr_c	MISSING
Codec/inter_prediction.c	svt_av1_highbd_convolve_x_sr_c	MISSING
Codec/inter_prediction.c	svt_av1_highbd_convolve_y_sr_c	MISSING
Codec/inter_prediction.c	svt_av1_highbd_jnt_convolve_2d_c	MISSING
Codec/inter_prediction.c	svt_av1_highbd_jnt_convolve_2d_copy_c	MISSING
Codec/inter_prediction.c	svt_av1_highbd_jnt_convolve_x_c	MISSING
Codec/inter_prediction.c	svt_av1_highbd_jnt_convolve_y_c	MISSING
Codec/inter_prediction.c	svt_av1_init_wedge_masks	ported
Codec/inter_prediction.c	svt_av1_jnt_convolve_2d_c	MISSING
Codec/inter_prediction.c	svt_av1_jnt_convolve_2d_copy_c	MISSING
Codec/inter_prediction.c	svt_av1_jnt_convolve_x_c	MISSING
Codec/inter_prediction.c	svt_av1_jnt_convolve_y_c	MISSING
Codec/inter_prediction.c	svt_av1_setup_scale_factors_for_frame	MISSING
Codec/inter_prediction.c	svt_av1_skip_u4x4_pred_in_obmc	ported
Codec/inter_prediction.c	svt_av1_wedge_sse_from_residuals_c	MISSING
Codec/inter_prediction.c	svt_highbd_inter_predictor	ported
Codec/inter_prediction.c	svt_inter_predictor	ported
Codec/inter_prediction.c	svt_inter_predictor_light_pd1	MISSING
Codec/inter_prediction.c	svt_inter_predictor_pd0	ported
Codec/inter_prediction.c	unscaled_value	ported
Codec/intra_prediction.c	abs_diff	ported
Codec/intra_prediction.c	dc_128_predictor	MISSING
Codec/intra_prediction.c	dc_left_predictor	MISSING
Codec/intra_prediction.c	dc_predictor	MISSING
Codec/intra_prediction.c	dc_top_predictor	MISSING
Codec/intra_prediction.c	filter_intra_edge_corner	ported
Codec/intra_prediction.c	filter_intra_edge_corner_high	ported
Codec/intra_prediction.c	get_dx	ported
Codec/intra_prediction.c	get_dy	ported
Codec/intra_prediction.c	get_has_bl_table	ported
Codec/intra_prediction.c	get_has_tr_table	ported
Codec/intra_prediction.c	h_predictor	MISSING
Codec/intra_prediction.c	highbd_dc_128_predictor	MISSING
Codec/intra_prediction.c	highbd_dc_left_predictor	MISSING
Codec/intra_prediction.c	highbd_dc_predictor	MISSING
Codec/intra_prediction.c	highbd_dc_top_predictor	MISSING
Codec/intra_prediction.c	highbd_h_predictor	MISSING
Codec/intra_prediction.c	highbd_paeth_predictor	MISSING
Codec/intra_prediction.c	highbd_smooth_h_predictor	MISSING
Codec/intra_prediction.c	highbd_smooth_predictor	MISSING
Codec/intra_prediction.c	highbd_smooth_v_predictor	MISSING
Codec/intra_prediction.c	highbd_v_predictor	MISSING
Codec/intra_prediction.c	paeth_predictor	MISSING
Codec/intra_prediction.c	paeth_predictor_single	MISSING
Codec/intra_prediction.c	smooth_h_predictor	MISSING
Codec/intra_prediction.c	smooth_predictor	MISSING
Codec/intra_prediction.c	smooth_v_predictor	MISSING
Codec/intra_prediction.c	svt_aom_dr_predictor	MISSING
Codec/intra_prediction.c	svt_aom_filter_intra_edge	ported
Codec/intra_prediction.c	svt_aom_highbd_dr_predictor	MISSING
Codec/intra_prediction.c	svt_aom_highbd_filter_intra_predictor	MISSING
Codec/intra_prediction.c	svt_aom_init_intra_dc_predictors_c_internal	MISSING
Codec/intra_prediction.c	svt_aom_intra_edge_filter_strength	ported
Codec/intra_prediction.c	svt_aom_intra_has_bottom_left	MISSING
Codec/intra_prediction.c	svt_aom_intra_has_top_right	MISSING
Codec/intra_prediction.c	svt_aom_intra_prediction_open_loop_mb	MISSING
Codec/intra_prediction.c	svt_aom_is_smooth	MISSING
Codec/intra_prediction.c	svt_aom_use_intra_edge_upsample	ported
Codec/intra_prediction.c	svt_av1_dr_prediction_z1_c	MISSING
Codec/intra_prediction.c	svt_av1_dr_prediction_z2_c	MISSING
Codec/intra_prediction.c	svt_av1_dr_prediction_z3_c	MISSING
Codec/intra_prediction.c	svt_av1_filter_intra_edge_c	MISSING
Codec/intra_prediction.c	svt_av1_filter_intra_edge_high_c	MISSING
Codec/intra_prediction.c	svt_av1_highbd_dr_prediction_z1_c	MISSING
Codec/intra_prediction.c	svt_av1_highbd_dr_prediction_z2_c	MISSING
Codec/intra_prediction.c	svt_cfl_luma_subsampling_420_hbd_c	MISSING
Codec/intra_prediction.c	svt_cfl_luma_subsampling_420_lbd_c	MISSING
Codec/intra_prediction.c	svt_subtract_average_c	MISSING
Codec/intra_prediction.c	v_predictor	MISSING
Codec/inv_transforms.c	av1_iadst32_new	MISSING
Codec/inv_transforms.c	av1_iidentity64_c	MISSING
Codec/inv_transforms.c	cast_to_int32	MISSING
Codec/inv_transforms.c	check_range	ported
Codec/inv_transforms.c	clamp_buf	ported
Codec/inv_transforms.c	clamp_value	ported
Codec/inv_transforms.c	highbd_clip_pixel_add	ported
Codec/inv_transforms.c	highbd_inv_txfm_add	MISSING
Codec/inv_transforms.c	highbd_inv_txfm_add_16x16	MISSING
Codec/inv_transforms.c	highbd_inv_txfm_add_16x32	MISSING
Codec/inv_transforms.c	highbd_inv_txfm_add_16x4	MISSING
Codec/inv_transforms.c	highbd_inv_txfm_add_16x64	MISSING
Codec/inv_transforms.c	highbd_inv_txfm_add_16x8	MISSING
Codec/inv_transforms.c	highbd_inv_txfm_add_32x16	MISSING
Codec/inv_transforms.c	highbd_inv_txfm_add_32x32	MISSING
Codec/inv_transforms.c	highbd_inv_txfm_add_32x64	MISSING
Codec/inv_transforms.c	highbd_inv_txfm_add_32x8	MISSING
Codec/inv_transforms.c	highbd_inv_txfm_add_4x16	MISSING
Codec/inv_transforms.c	highbd_inv_txfm_add_4x8	MISSING
Codec/inv_transforms.c	highbd_inv_txfm_add_64x16	MISSING
Codec/inv_transforms.c	highbd_inv_txfm_add_64x32	MISSING
Codec/inv_transforms.c	highbd_inv_txfm_add_64x64	MISSING
Codec/inv_transforms.c	highbd_inv_txfm_add_8x16	MISSING
Codec/inv_transforms.c	highbd_inv_txfm_add_8x32	MISSING
Codec/inv_transforms.c	highbd_inv_txfm_add_8x4	MISSING
Codec/inv_transforms.c	highbd_inv_txfm_add_8x8	MISSING
Codec/inv_transforms.c	highbd_iwht4x4_add	ported
Codec/inv_transforms.c	inv_txfm2d_add_c	MISSING
Codec/inv_transforms.c	inv_txfm2d_add_facade	MISSING
Codec/inv_transforms.c	range_check_value	MISSING
Codec/inv_transforms.c	svt_aom_ac_quant_qtx	ported
Codec/inv_transforms.c	svt_aom_dc_quant_qtx	ported
Codec/inv_transforms.c	svt_aom_get_qzbin_factor	MISSING
Codec/inv_transforms.c	svt_aom_inv_transform_recon	MISSING
Codec/inv_transforms.c	svt_aom_inv_transform_recon8bit	MISSING
Codec/inv_transforms.c	svt_aom_inv_txfm_type_to_func	MISSING
Codec/inv_transforms.c	svt_aom_invert_quant	ported
Codec/inv_transforms.c	svt_av1_gen_inv_stage_range	ported
Codec/inv_transforms.c	svt_av1_get_inv_txfm_cfg	ported
Codec/inv_transforms.c	svt_av1_highbd_inv_txfm_add_4x4	MISSING
Codec/inv_transforms.c	svt_av1_highbd_iwht4x4_16_add_c	MISSING
Codec/inv_transforms.c	svt_av1_highbd_iwht4x4_1_add_c	MISSING
Codec/inv_transforms.c	svt_av1_iadst16_new	MISSING
Codec/inv_transforms.c	svt_av1_iadst4_new	MISSING
Codec/inv_transforms.c	svt_av1_iadst8_new	MISSING
Codec/inv_transforms.c	svt_av1_idct16_new	MISSING
Codec/inv_transforms.c	svt_av1_idct32_new	MISSING
Codec/inv_transforms.c	svt_av1_idct4_new	MISSING
Codec/inv_transforms.c	svt_av1_idct64_new	MISSING
Codec/inv_transforms.c	svt_av1_idct8_new	MISSING
Codec/inv_transforms.c	svt_av1_iidentity16_c	MISSING
Codec/inv_transforms.c	svt_av1_iidentity32_c	MISSING
Codec/inv_transforms.c	svt_av1_iidentity4_c	MISSING
Codec/inv_transforms.c	svt_av1_iidentity8_c	MISSING
Codec/inv_transforms.c	svt_av1_inv_txfm2d_add_16x16_c	MISSING
Codec/inv_transforms.c	svt_av1_inv_txfm2d_add_16x32_c	MISSING
Codec/inv_transforms.c	svt_av1_inv_txfm2d_add_16x4_c	MISSING
Codec/inv_transforms.c	svt_av1_inv_txfm2d_add_16x64_c	MISSING
Codec/inv_transforms.c	svt_av1_inv_txfm2d_add_16x8_c	MISSING
Codec/inv_transforms.c	svt_av1_inv_txfm2d_add_32x16_c	MISSING
Codec/inv_transforms.c	svt_av1_inv_txfm2d_add_32x32_c	MISSING
Codec/inv_transforms.c	svt_av1_inv_txfm2d_add_32x64_c	MISSING
Codec/inv_transforms.c	svt_av1_inv_txfm2d_add_32x8_c	MISSING
Codec/inv_transforms.c	svt_av1_inv_txfm2d_add_4x16_c	MISSING
Codec/inv_transforms.c	svt_av1_inv_txfm2d_add_4x4_c	MISSING
Codec/inv_transforms.c	svt_av1_inv_txfm2d_add_4x8_c	MISSING
Codec/inv_transforms.c	svt_av1_inv_txfm2d_add_64x16_c	MISSING
Codec/inv_transforms.c	svt_av1_inv_txfm2d_add_64x32_c	MISSING
Codec/inv_transforms.c	svt_av1_inv_txfm2d_add_64x64_c	MISSING
Codec/inv_transforms.c	svt_av1_inv_txfm2d_add_8x16_c	MISSING
Codec/inv_transforms.c	svt_av1_inv_txfm2d_add_8x32_c	MISSING
Codec/inv_transforms.c	svt_av1_inv_txfm2d_add_8x4_c	MISSING
Codec/inv_transforms.c	svt_av1_inv_txfm2d_add_8x8_c	MISSING
Codec/inv_transforms.c	svt_av1_inv_txfm_add_c	MISSING
Codec/inv_transforms.c	svt_av1_round_shift_array_c	MISSING
Codec/kernel_dispatch.c	svt_create_kernel_or_thread	MISSING
Codec/kernel_dispatch.c	svt_kernel_dispatcher_init	MISSING
Codec/kernel_dispatch.c	svt_kernel_dispatcher_register	MISSING
Codec/kernel_dispatch.c	svt_kernel_dispatcher_run	MISSING
Codec/mcomp.c	first_level_check_fast	ported
Codec/mcomp.c	get_best_diag_step	ported
Codec/mcomp.c	second_level_check_fast	ported
Codec/mcomp.c	svt_aom_fp_mv_err_cost	ported
Codec/mcomp.c	svt_av1_find_best_sub_pixel_tree	ported
Codec/mcomp.c	svt_av1_find_best_sub_pixel_tree_pruned	ported
Codec/mcomp.c	svt_check_better	ported
Codec/mcomp.c	svt_check_better_fast	ported
Codec/mcomp.c	svt_estimated_pref_error	ported
Codec/mcomp.c	svt_first_level_check	ported
Codec/mcomp.c	svt_get_buf_from_mv	ported
Codec/mcomp.c	svt_get_subpel_part	ported
Codec/mcomp.c	svt_mv_err_cost	ported
Codec/mcomp.c	svt_mv_err_cost_	MISSING
Codec/mcomp.c	svt_second_level_check_v2	ported
Codec/mcomp.c	svt_upsampled_pref_error	ported
Codec/mcomp.c	svt_upsampled_setup_center_error	ported
Codec/mcomp.c	two_level_checks_fast	ported
Codec/md_config_process.c	aom_get_qmlevel	ported
Codec/md_config_process.c	av1_setup_motion_field	MISSING
Codec/md_config_process.c	derive_inter_coeff_level	MISSING
Codec/md_config_process.c	derive_intra_coeff_level	ported
Codec/md_config_process.c	generate_ibc_data	ported
Codec/md_config_process.c	get_block_position	ported
Codec/md_config_process.c	get_relative_dist	ported
Codec/md_config_process.c	init_frame_rate_tables	MISSING
Codec/md_config_process.c	mdc_init_qp_update	MISSING
Codec/md_config_process.c	me_based_cdef_skip	MISSING
Codec/md_config_process.c	mode_decision_configuration_context_dctor	MISSING
Codec/md_config_process.c	motion_field_projection	ported
Codec/md_config_process.c	set_global_motion_field	MISSING
Codec/md_config_process.c	svt_aom_mode_decision_configuration_context_ctor	MISSING
Codec/md_config_process.c	svt_aom_mode_decision_configuration_kernel	MISSING
Codec/md_config_process.c	svt_aom_mode_decision_configuration_kernel_iter	MISSING
Codec/md_config_process.c	svt_av1_build_quantizer	MISSING
Codec/md_config_process.c	svt_av1_qm_init	MISSING
Codec/md_config_process.c	svt_av1_still_get_qmlevel	ported
Codec/md_config_process.c	update_cdef_filters_on_ref_info	MISSING
Codec/md_process.c	av1_lambda_assign_md	MISSING
Codec/md_process.c	mode_decision_context_dctor	MISSING
Codec/md_process.c	setup_mds	MISSING
Codec/md_process.c	setup_pc_tree	MISSING
Codec/md_process.c	svt_aom_mode_decision_configure_sb	MISSING
Codec/md_process.c	svt_aom_mode_decision_context_ctor	MISSING
Codec/md_process.c	svt_aom_reset_mode_decision	MISSING
Codec/md_process.c	svt_aom_reset_mode_decision_neighbor_arrays	MISSING
Codec/md_rate_estimation.c	av1_cost_symbol	ported
Codec/md_rate_estimation.c	av1_update_mv_stats	MISSING
Codec/md_rate_estimation.c	build_nmv_component_cost_table	ported
Codec/md_rate_estimation.c	get_interinter_wedge_bits	ported
Codec/md_rate_estimation.c	get_y_mode_cdf	MISSING
Codec/md_rate_estimation.c	mv_class_base	MISSING
Codec/md_rate_estimation.c	sum_intra_stats	MISSING
Codec/md_rate_estimation.c	svt_aom_estimate_coefficients_rate	MISSING
Codec/md_rate_estimation.c	svt_aom_estimate_mv_rate	ported
Codec/md_rate_estimation.c	svt_aom_estimate_syntax_rate	MISSING
Codec/md_rate_estimation.c	svt_aom_get_me_qindex	ported
Codec/md_rate_estimation.c	svt_aom_get_syntax_rate_from_cdf	MISSING
Codec/md_rate_estimation.c	svt_aom_update_part_stats	MISSING
Codec/md_rate_estimation.c	svt_aom_update_stats	MISSING
Codec/md_rate_estimation.c	svt_av1_build_nmv_cost_table	ported
Codec/md_rate_estimation.c	svt_av1_get_mv_class	ported
Codec/md_rate_estimation.c	update_filter_type_cdf	MISSING
Codec/md_rate_estimation.c	update_inter_mode_stats	MISSING
Codec/md_rate_estimation.c	update_mv_component_stats	ported
Codec/md_rate_estimation.c	update_palette_cdf	MISSING
Codec/me_context.c	me_context_dctor	MISSING
Codec/me_context.c	svt_aom_me_context_ctor	MISSING
Codec/me_process.c	motion_estimation_context_dctor	MISSING
Codec/me_process.c	svt_aom_motion_estimation_context_ctor	MISSING
Codec/me_process.c	svt_aom_motion_estimation_kernel	MISSING
Codec/me_process.c	svt_aom_motion_estimation_kernel_iter	MISSING
Codec/me_results.c	motion_estimation_results_ctor	MISSING
Codec/me_results.c	svt_aom_motion_estimation_results_creator	MISSING
Codec/me_sad_calculation.c	svt_initialize_buffer_32bits_c	MISSING
Codec/mode_decision.c	aom_av1_set_ssim_rdmult	MISSING
Codec/mode_decision.c	assert_release	MISSING
Codec/mode_decision.c	bipred_3x3_candidates_injection	ported
Codec/mode_decision.c	block	MISSING
Codec/mode_decision.c	check_mv_validity	ported
Codec/mode_decision.c	derive_ssim_threshold_factor_for_full_md	MISSING
Codec/mode_decision.c	determine_compound_mode	ported
Codec/mode_decision.c	eliminate_candidate_based_on_pme_me_results	ported
Codec/mode_decision.c	generate_md_stage_0_cand	MISSING
Codec/mode_decision.c	generate_md_stage_0_cand_light_pd1	MISSING
Codec/mode_decision.c	generate_md_stage_0_cand_pd0	ported
Codec/mode_decision.c	get_superblock_tpl_column_end	MISSING
Codec/mode_decision.c	get_tot_comp_types_bsize	ported
Codec/mode_decision.c	init_me_luts_bd	MISSING
Codec/mode_decision.c	inj_comp_modes	ported
Codec/mode_decision.c	inj_non_simple_modes	ported
Codec/mode_decision.c	inject_filter_intra_candidates	MISSING
Codec/mode_decision.c	inject_global_candidates	ported
Codec/mode_decision.c	inject_inter_candidates_light_pd1	MISSING
Codec/mode_decision.c	inject_inter_candidates_pd0	ported
Codec/mode_decision.c	inject_intra_bc_candidates	MISSING
Codec/mode_decision.c	inject_intra_candidates	MISSING
Codec/mode_decision.c	inject_intra_candidates_pd0	MISSING
Codec/mode_decision.c	inject_mvp_candidates_ii	ported
Codec/mode_decision.c	inject_mvp_candidates_ii_light_pd1	MISSING
Codec/mode_decision.c	inject_new_candidates	ported
Codec/mode_decision.c	inject_new_candidates_light_pd1	MISSING
Codec/mode_decision.c	inject_new_candidates_pd0	ported
Codec/mode_decision.c	inject_new_nearest_new_comb_candidates	ported
Codec/mode_decision.c	inject_palette_candidates	MISSING
Codec/mode_decision.c	inject_pme_candidates	ported
Codec/mode_decision.c	inject_sframe_backup_candidate	MISSING
Codec/mode_decision.c	inject_zz_backup_candidate	ported
Codec/mode_decision.c	inter_intra_search	ported
Codec/mode_decision.c	intra_bc_search	ported
Codec/mode_decision.c	intra_mode_to_tx_type	MISSING
Codec/mode_decision.c	is_dc_only_safe	ported
Codec/mode_decision.c	is_valid_bipred_ref	ported
Codec/mode_decision.c	is_valid_mv_diff	ported
Codec/mode_decision.c	mode_decision_cand_bf_dctor	MISSING
Codec/mode_decision.c	mode_decision_scratch_cand_bf_dctor	MISSING
Codec/mode_decision.c	mv_check_bounds	ported
Codec/mode_decision.c	mv_is_already_injected	ported
Codec/mode_decision.c	pick_interintra_wedge	MISSING
Codec/mode_decision.c	reject_candidate_sframe	MISSING
Codec/mode_decision.c	setup_pred_plane	ported
Codec/mode_decision.c	single_motion_search	MISSING
Codec/mode_decision.c	skip_compound_on_ref_types	ported
Codec/mode_decision.c	ssim	MISSING
Codec/mode_decision.c	ssim_4x4_blocks	MISSING
Codec/mode_decision.c	ssim_4x4_blocks_hbd	ported
Codec/mode_decision.c	ssim_8x8_blocks	MISSING
Codec/mode_decision.c	ssim_8x8_blocks_hbd	ported
Codec/mode_decision.c	ssim_hbd	ported
Codec/mode_decision.c	svt_aom_choose_best_av1_mv_pred	ported
Codec/mode_decision.c	svt_aom_filter_intra_allowed	MISSING
Codec/mode_decision.c	svt_aom_filter_intra_allowed_bsize	MISSING
Codec/mode_decision.c	svt_aom_get_intra_uv_tx_type	MISSING
Codec/mode_decision.c	svt_aom_get_max_drl_index	ported
Codec/mode_decision.c	svt_aom_get_sad_per_bit	ported
Codec/mode_decision.c	svt_aom_have_newmv_in_inter_mode	ported
Codec/mode_decision.c	svt_aom_inject_inter_candidates	ported
Codec/mode_decision.c	svt_aom_is_me_data_present	ported
Codec/mode_decision.c	svt_aom_is_valid_unipred_ref	ported
Codec/mode_decision.c	svt_aom_mode_decision_cand_bf_ctor	MISSING
Codec/mode_decision.c	svt_aom_mode_decision_scratch_cand_bf_ctor	MISSING
Codec/mode_decision.c	svt_aom_obmc_motion_mode_allowed	ported
Codec/mode_decision.c	svt_aom_obmc_motion_refinement	ported
Codec/mode_decision.c	svt_aom_product_full_mode_decision	MISSING
Codec/mode_decision.c	svt_aom_product_full_mode_decision_light_pd1	MISSING
Codec/mode_decision.c	svt_aom_set_tuned_blk_lambda	MISSING
Codec/mode_decision.c	svt_aom_wm_motion_refinement	ported
Codec/mode_decision.c	svt_av1_allow_palette	ported
Codec/mode_decision.c	svt_av1_init_me_luts	MISSING
Codec/mode_decision.c	svt_av1_is_lossless_segment	MISSING
Codec/mode_decision.c	svt_av1_setup_pred_block	MISSING
Codec/mode_decision.c	svt_get_ref_frame_type	ported
Codec/mode_decision.c	svt_is_interintra_allowed	ported
Codec/mode_decision.c	svt_spatial_full_distortion_ssim_kernel	MISSING
Codec/mode_decision.c	svt_ssim_4x4_c	MISSING
Codec/mode_decision.c	svt_ssim_4x4_hbd_c	MISSING
Codec/mode_decision.c	svt_ssim_8x8_c	MISSING
Codec/mode_decision.c	svt_ssim_8x8_hbd_c	MISSING
Codec/mode_decision.c	unipred_3x3_candidates_injection	ported
Codec/mode_decision.c	valid_ref_frame_type	MISSING
Codec/mode_decision.c	warped_motion_mode_allowed	ported
Codec/motion_estimation.c	apply_me_sa_boost	ported
Codec/motion_estimation.c	check_00_center	ported
Codec/motion_estimation.c	check_prehme_early_exit	ported
Codec/motion_estimation.c	compute_distortion	ported
Codec/motion_estimation.c	construct_me_candidate_array	ported
Codec/motion_estimation.c	construct_me_candidate_array_mrp_off	ported
Codec/motion_estimation.c	construct_me_candidate_array_single_ref	ported
Codec/motion_estimation.c	get_hme_l0_search_area	ported
Codec/motion_estimation.c	get_me_reference	MISSING
Codec/motion_estimation.c	get_worst_quadrant	ported
Codec/motion_estimation.c	get_zz_sad	ported
Codec/motion_estimation.c	hme_b64	ported
Codec/motion_estimation.c	hme_level0_b64	ported
Codec/motion_estimation.c	hme_level1_b64	ported
Codec/motion_estimation.c	hme_level2_b64	ported
Codec/motion_estimation.c	hme_level_0	ported
Codec/motion_estimation.c	hme_level_1	ported
Codec/motion_estimation.c	hme_level_2	ported
Codec/motion_estimation.c	hme_prune_ref_and_adjust_sr	ported
Codec/motion_estimation.c	init_me_hme_data	ported
Codec/motion_estimation.c	init_zz_sad	ported
Codec/motion_estimation.c	integer_search_b64	ported
Codec/motion_estimation.c	me_prune_ref	ported
Codec/motion_estimation.c	me_static_b64_bypass	ported
Codec/motion_estimation.c	open_loop_me_fullpel_search_sblock	MISSING
Codec/motion_estimation.c	open_loop_me_get_eight_search_point_results_block	MISSING
Codec/motion_estimation.c	perform_gm_detection	ported
Codec/motion_estimation.c	prehme_b64	ported
Codec/motion_estimation.c	prehme_core	ported
Codec/motion_estimation.c	set_final_search_centre_sb	ported
Codec/motion_estimation.c	svt_aom_get_scaled_picture_distance	ported
Codec/motion_estimation.c	svt_ext_all_sad_calculation_8x8_16x16_c	MISSING
Codec/motion_estimation.c	svt_ext_eight_sad_calculation_32x32_64x64_c	MISSING
Codec/motion_estimation.c	svt_ext_eight_sad_calculation_8x8_16x16	ported
Codec/motion_estimation.c	svt_ext_sad_calculation_32x32_64x64_c	MISSING
Codec/motion_estimation.c	svt_ext_sad_calculation_8x8_16x16_c	MISSING
Codec/neighbor_arrays.c	neighbor_array_unit_dctor	MISSING
Codec/neighbor_arrays.c	svt_aom_neighbor_array_unit_ctor	MISSING
Codec/neighbor_arrays.c	svt_aom_neighbor_array_unit_reset	MISSING
Codec/noise_generation.c	find_color_range	MISSING
Codec/noise_generation.c	get_grain_size	MISSING
Codec/noise_generation.c	get_output_noise	ported
Codec/noise_generation.c	set_scaling_points_uv	MISSING
Codec/noise_generation.c	set_scaling_points_y	MISSING
Codec/noise_generation.c	svt_av1_generate_noise	MISSING
Codec/noise_generation.c	svt_av1_generate_noise_table	ported
Codec/noise_model.c	add_block_observations	MISSING
Codec/noise_model.c	add_noise_std_observations	MISSING
Codec/noise_model.c	ar_equation_system_solve	MISSING
Codec/noise_model.c	compare_scores	MISSING
Codec/noise_model.c	denoise_and_model_dctor	MISSING
Codec/noise_model.c	denoise_and_model_realloc_if_necessary	MISSING
Codec/noise_model.c	equation_system_clear	MISSING
Codec/noise_model.c	equation_system_copy	MISSING
Codec/noise_model.c	equation_system_free	MISSING
Codec/noise_model.c	equation_system_init	MISSING
Codec/noise_model.c	equation_system_solve	MISSING
Codec/noise_model.c	get_block_mean	MISSING
Codec/noise_model.c	get_half_cos_window	MISSING
Codec/noise_model.c	get_noise_var	MISSING
Codec/noise_model.c	noise_model_update	MISSING
Codec/noise_model.c	noise_state_init	MISSING
Codec/noise_model.c	noise_strength_solver_clear	MISSING
Codec/noise_model.c	noise_strength_solver_copy	MISSING
Codec/noise_model.c	noise_strength_solver_get_bin_index	MISSING
Codec/noise_model.c	noise_strength_solver_get_value	MISSING
Codec/noise_model.c	num_coeffs	MISSING
Codec/noise_model.c	set_chroma_coefficient_fallback_soln	MISSING
Codec/noise_model.c	svt_aom_denoise_and_model_ctor	MISSING
Codec/noise_model.c	svt_aom_denoise_and_model_run	MISSING
Codec/noise_model.c	svt_aom_flat_block_finder_extract_block_c	MISSING
Codec/noise_model.c	svt_aom_flat_block_finder_free	MISSING
Codec/noise_model.c	svt_aom_flat_block_finder_init	MISSING
Codec/noise_model.c	svt_aom_flat_block_finder_run	MISSING
Codec/noise_model.c	svt_aom_noise_model_free	MISSING
Codec/noise_model.c	svt_aom_noise_model_get_grain_parameters	MISSING
Codec/noise_model.c	svt_aom_noise_model_init	MISSING
Codec/noise_model.c	svt_aom_noise_model_save_latest	MISSING
Codec/noise_model.c	svt_aom_noise_strength_lut_free	MISSING
Codec/noise_model.c	svt_aom_noise_strength_lut_init	MISSING
Codec/noise_model.c	svt_aom_noise_strength_solver_add_measurement	MISSING
Codec/noise_model.c	svt_aom_noise_strength_solver_fit_piecewise	MISSING
Codec/noise_model.c	svt_aom_noise_strength_solver_get_center	MISSING
Codec/noise_model.c	svt_aom_noise_strength_solver_init	MISSING
Codec/noise_model.c	svt_aom_noise_strength_solver_solve	MISSING
Codec/noise_model.c	svt_aom_wiener_denoise_2d	MISSING
Codec/noise_model.c	svt_av1_add_block_observations_internal_c	MISSING
Codec/noise_model.c	svt_av1_apply_window_function_to_plane_c	MISSING
Codec/noise_model.c	svt_av1_pointwise_multiply_c	MISSING
Codec/noise_model.c	unpack_2d_pic	MISSING
Codec/noise_model.c	update_piecewise_linear_residual	MISSING
Codec/noise_util.c	svt_aom_noise_psd_get_default_value	MISSING
Codec/noise_util.c	svt_aom_noise_tx_filter_c	MISSING
Codec/noise_util.c	svt_aom_noise_tx_forward	MISSING
Codec/noise_util.c	svt_aom_noise_tx_free	MISSING
Codec/noise_util.c	svt_aom_noise_tx_inverse	MISSING
Codec/noise_util.c	svt_aom_noise_tx_malloc	MISSING
Codec/packetization_process.c	clear_eos_flag	MISSING
Codec/packetization_process.c	collect_frames_info	MISSING
Codec/packetization_process.c	copy_data_from_bitstream	MISSING
Codec/packetization_process.c	count_frames_in_next_tu	MISSING
Codec/packetization_process.c	encode_show_existing	MISSING
Codec/packetization_process.c	encode_tu	MISSING
Codec/packetization_process.c	get_reorder_queue_entry	MISSING
Codec/packetization_process.c	get_reorder_queue_pos	MISSING
Codec/packetization_process.c	malloc_p_buffer	MISSING
Codec/packetization_process.c	packetization_context_dctor	MISSING
Codec/packetization_process.c	pop_undisplayed_frame	MISSING
Codec/packetization_process.c	print_detailed_frame_info	MISSING
Codec/packetization_process.c	pts_descend	MISSING
Codec/packetization_process.c	push_undisplayed_frame	MISSING
Codec/packetization_process.c	release_frames	MISSING
Codec/packetization_process.c	release_references_eos	MISSING
Codec/packetization_process.c	set_eos_flag	MISSING
Codec/packetization_process.c	sort_undisplayed_frame	MISSING
Codec/packetization_process.c	svt_aom_packetization_context_ctor	MISSING
Codec/packetization_process.c	svt_aom_packetization_kernel	MISSING
Codec/packetization_process.c	svt_aom_packetization_kernel_iter	MISSING
Codec/packetization_reorder_queue.c	packetization_reorder_entry_dctor	MISSING
Codec/packetization_reorder_queue.c	svt_aom_packetization_reorder_entry_ctor	MISSING
Codec/palette.c	av1_calc_indices	MISSING
Codec/palette.c	av1_fast_palette_color_index_context	MISSING
Codec/palette.c	av1_fast_palette_color_index_context_on_edge	MISSING
Codec/palette.c	av1_k_means	MISSING
Codec/palette.c	av1_remove_duplicates	MISSING
Codec/palette.c	cache_based_centroid_refinement	MISSING
Codec/palette.c	cost_and_tokenize_map	MISSING
Codec/palette.c	delta_encode_cost	MISSING
Codec/palette.c	extend_palette_color_map	ported
Codec/palette.c	get_color_map_params	MISSING
Codec/palette.c	get_color_map_params_rate	MISSING
Codec/palette.c	get_palette_params	MISSING
Codec/palette.c	get_palette_params_rate	MISSING
Codec/palette.c	int_comparer	MISSING
Codec/palette.c	optimize_palette_colors	ported
Codec/palette.c	palette_add_to_cache	MISSING
Codec/palette.c	palette_rd_y	ported
Codec/palette.c	search_palette_luma	ported
Codec/palette.c	svt_aom_get_block_dimensions	MISSING
Codec/palette.c	svt_av1_cost_color_map	MISSING
Codec/palette.c	svt_av1_index_color_cache	ported
Codec/palette.c	svt_av1_palette_color_cost_y	MISSING
Codec/palette.c	svt_av1_tokenize_color_map	MISSING
Codec/palette.c	svt_get_palette_cache_y	MISSING
Codec/pass2_strategy.c	accumulate_this_frame_stats	MISSING
Codec/pass2_strategy.c	allocate_gf_group_bits	MISSING
Codec/pass2_strategy.c	av1_gop_bit_allocation	MISSING
Codec/pass2_strategy.c	av1_gop_bit_allocation_same_pred	MISSING
Codec/pass2_strategy.c	av1_rc_update_framerate	MISSING
Codec/pass2_strategy.c	calc_correction_factor	ported
Codec/pass2_strategy.c	calculate_active_worst_quality	MISSING
Codec/pass2_strategy.c	calculate_gf_stats	MISSING
Codec/pass2_strategy.c	calculate_modified_err	ported
Codec/pass2_strategy.c	calculate_total_gf_group_bits	MISSING
Codec/pass2_strategy.c	find_qindex_by_rate_with_correction	ported
Codec/pass2_strategy.c	frame_max_bits	ported
Codec/pass2_strategy.c	get_kf_group_bits	MISSING
Codec/pass2_strategy.c	get_section_target_bandwidth	MISSING
Codec/pass2_strategy.c	get_twopass_worst_quality	ported
Codec/pass2_strategy.c	gf_group_rate_assingment	MISSING
Codec/pass2_strategy.c	init_gf_stats	MISSING
Codec/pass2_strategy.c	input_stats	MISSING
Codec/pass2_strategy.c	is_new_gf_group	MISSING
Codec/pass2_strategy.c	kf_group_rate_assingment	MISSING
Codec/pass2_strategy.c	lap_rc_group_error_calc	MISSING
Codec/pass2_strategy.c	lap_rc_init	MISSING
Codec/pass2_strategy.c	process_first_pass_stats	MISSING
Codec/pass2_strategy.c	qbpm_enumerator	ported
Codec/pass2_strategy.c	read_stat_from_file	MISSING
Codec/pass2_strategy.c	reset_fpf_position	MISSING
Codec/pass2_strategy.c	set_baseline_gf_interval	MISSING
Codec/pass2_strategy.c	set_kf_interval_variables	MISSING
Codec/pass2_strategy.c	subtract_stats	MISSING
Codec/pass2_strategy.c	svt_aom_process_rc_stat	MISSING
Codec/pass2_strategy.c	svt_aom_set_rc_param	ported
Codec/pass2_strategy.c	svt_av1_init_second_pass	MISSING
Codec/pass2_strategy.c	svt_av1_init_single_pass_lap	MISSING
Codec/pass2_strategy.c	svt_av1_new_framerate	ported
Codec/pass2_strategy.c	svt_av1_twopass_postencode_update	MISSING
Codec/pass2_strategy.c	svt_av1_twopass_postencode_update_gop_const	MISSING
Codec/pcs.c	alloc_sb_geoms	MISSING
Codec/pcs.c	b64_geom_init	MISSING
Codec/pcs.c	copy_sb_geoms	MISSING
Codec/pcs.c	create_neighbor_array_units	MISSING
Codec/pcs.c	dg_detector_seg_dctor	MISSING
Codec/pcs.c	free_sb_geoms	MISSING
Codec/pcs.c	me_ctor	MISSING
Codec/pcs.c	me_dctor	MISSING
Codec/pcs.c	me_sb_results_dctor	MISSING
Codec/pcs.c	me_update_param	MISSING
Codec/pcs.c	pcs_update_param	MISSING
Codec/pcs.c	picture_control_set_ctor	MISSING
Codec/pcs.c	picture_control_set_dctor	MISSING
Codec/pcs.c	picture_parent_control_set_ctor	MISSING
Codec/pcs.c	picture_parent_control_set_dctor	MISSING
Codec/pcs.c	ppcs_update_param	MISSING
Codec/pcs.c	recon_coef_ctor	MISSING
Codec/pcs.c	recon_coef_dctor	MISSING
Codec/pcs.c	recon_coef_update_param	MISSING
Codec/pcs.c	sb_geom_init	MISSING
Codec/pcs.c	segmentation_map_ctor	MISSING
Codec/pcs.c	segmentation_map_dctor	MISSING
Codec/pcs.c	set_restoration_unit_size	MISSING
Codec/pcs.c	svt_aom_dg_detector_seg_ctor	MISSING
Codec/pcs.c	svt_aom_get_max_allocated_me_refs	MISSING
Codec/pcs.c	svt_aom_get_out_buffer_size	MISSING
Codec/pcs.c	svt_aom_me_creator	MISSING
Codec/pcs.c	svt_aom_me_sb_results_ctor	MISSING
Codec/pcs.c	svt_aom_picture_control_set_creator	MISSING
Codec/pcs.c	svt_aom_picture_parent_control_set_creator	MISSING
Codec/pcs.c	svt_aom_recon_coef_creator	MISSING
Codec/pcs.c	svt_pcs_sb_structs_dctor	MISSING
Codec/pd_process.c	apply_ref_clear	MISSING
Codec/pd_process.c	apply_ref_mgmt_events	MISSING
Codec/pd_process.c	apply_ref_store	MISSING
Codec/pd_process.c	apply_ref_use	MISSING
Codec/pd_process.c	assign_and_release_pa_refs	MISSING
Codec/pd_process.c	av1_generate_rps_info	MISSING
Codec/pd_process.c	avail_past_pictures	ported
Codec/pd_process.c	calc_ahd	ported
Codec/pd_process.c	calc_ahd_pd	ported
Codec/pd_process.c	calc_mini_gop_activity	ported
Codec/pd_process.c	check_window_availability	MISSING
Codec/pd_process.c	copy_histograms	ported
Codec/pd_process.c	copy_tf_params	ported
Codec/pd_process.c	decide_sframe_mg	MISSING
Codec/pd_process.c	derive_tf_window_params	MISSING
Codec/pd_process.c	dg_detector_hme_level0	ported
Codec/pd_process.c	early_hme	MISSING
Codec/pd_process.c	early_hme_b64	ported
Codec/pd_process.c	eval_sub_mini_gop	ported
Codec/pd_process.c	exclusive_write_slots_mask_ld_cbr	MISSING
Codec/pd_process.c	generate_picture_window_split	ported
Codec/pd_process.c	get_dist_to_s	MISSING
Codec/pd_process.c	get_pic_idx_in_mg	ported
Codec/pd_process.c	get_pred_struct_for_all_frames	MISSING
Codec/pd_process.c	get_relative_dist	ported
Codec/pd_process.c	get_sframe_qp	MISSING
Codec/pd_process.c	get_sframe_qp_offset	MISSING
Codec/pd_process.c	get_similar_ref_brightness	ported
Codec/pd_process.c	handle_incomplete_picture_window_map	ported
Codec/pd_process.c	init_pic_settings	ported
Codec/pd_process.c	initialize_mini_gop_activity_array	ported
Codec/pd_process.c	initialize_overlay_frame	MISSING
Codec/pd_process.c	is_pic_cutting_short_ra_mg	ported
Codec/pd_process.c	low_delay_release_tf_pictures	ported
Codec/pd_process.c	low_delay_store_tf_pictures	MISSING
Codec/pd_process.c	mctf_frame	MISSING
Codec/pd_process.c	mctf_frame_st	MISSING
Codec/pd_process.c	mrp_detector_hme_level0	MISSING
Codec/pd_process.c	perform_sc_detection	ported
Codec/pd_process.c	perform_scene_change_detection	ported
Codec/pd_process.c	perform_simple_picture_analysis_for_overlay	MISSING
Codec/pd_process.c	picture_decision_context_dctor	MISSING
Codec/pd_process.c	print_pre_ass_buffer	MISSING
Codec/pd_process.c	process_first_pass	MISSING
Codec/pd_process.c	process_pics	MISSING
Codec/pd_process.c	prune_refs	ported
Codec/pd_process.c	prune_sframe_refs	MISSING
Codec/pd_process.c	ref_mgmt_find_slot	MISSING
Codec/pd_process.c	ref_mgmt_reset_state	MISSING
Codec/pd_process.c	ref_mgmt_stored_mask	MISSING
Codec/pd_process.c	ref_pics_modulation	ported
Codec/pd_process.c	release_prev_picture_from_reorder_queue	MISSING
Codec/pd_process.c	scene_transition_detector	ported
Codec/pd_process.c	search_ref_in_ref_queue_pa	MISSING
Codec/pd_process.c	search_this_pic	ported
Codec/pd_process.c	send_picture_out	MISSING
Codec/pd_process.c	set_all_ref_frame_type	ported
Codec/pd_process.c	set_frame_display_params	ported
Codec/pd_process.c	set_frame_update_type	ported
Codec/pd_process.c	set_gf_group_param	ported
Codec/pd_process.c	set_key_frame_rps	ported
Codec/pd_process.c	set_layer_depth	ported
Codec/pd_process.c	set_mini_gop_structure	ported
Codec/pd_process.c	set_ref_frame_sign_bias	ported
Codec/pd_process.c	set_ref_list_counts	ported
Codec/pd_process.c	set_sframe_rps	MISSING
Codec/pd_process.c	set_sframe_type	MISSING
Codec/pd_process.c	setup_sframe_qp	MISSING
Codec/pd_process.c	sframe_position_offset	MISSING
Codec/pd_process.c	store_gf_group	MISSING
Codec/pd_process.c	store_mg_picture_arrays	ported
Codec/pd_process.c	svt_aom_get_gm_needed_resolutions	ported
Codec/pd_process.c	svt_aom_is_delayed_intra	ported
Codec/pd_process.c	svt_aom_is_incomp_mg_frame	ported
Codec/pd_process.c	svt_aom_is_pic_skipped	MISSING
Codec/pd_process.c	svt_aom_is_pic_used_as_ref	ported
Codec/pd_process.c	svt_aom_picture_decision_context_ctor	MISSING
Codec/pd_process.c	svt_aom_picture_decision_kernel	MISSING
Codec/pd_process.c	svt_aom_picture_decision_kernel_iter	MISSING
Codec/pd_process.c	svt_aom_ref_mgmt_storeable_slots_mask	MISSING
Codec/pd_process.c	svt_av1_setup_skip_mode_allowed	ported
Codec/pd_process.c	update_count_try	ported
Codec/pd_process.c	update_dpb	ported
Codec/pd_process.c	update_pred_struct_and_pic_type	ported
Codec/pd_process.c	update_rc_param_queue	MISSING
Codec/pd_process.c	update_ref_poc_array	ported
Codec/pd_process.c	update_sframe_ref_order_hint	MISSING
Codec/pd_queue.c	pa_reference_queue_entry_dctor	MISSING
Codec/pd_queue.c	svt_aom_pa_reference_queue_entry_ctor	MISSING
Codec/pd_reorder_queue.c	svt_aom_picture_decision_reorder_entry_ctor	MISSING
Codec/pd_results.c	picture_decision_result_ctor	MISSING
Codec/pd_results.c	svt_aom_picture_decision_result_creator	MISSING
Codec/pic_analysis_process.c	apply_denoise_2d	MISSING
Codec/pic_analysis_process.c	apply_film_grain_table	MISSING
Codec/pic_analysis_process.c	calculate_histogram	ported
Codec/pic_analysis_process.c	compute_b64_variance	ported
Codec/pic_analysis_process.c	compute_picture_spatial_statistics	MISSING
Codec/pic_analysis_process.c	denoise_estimate_film_grain	MISSING
Codec/pic_analysis_process.c	is_valid_palette_nb_colors	MISSING
Codec/pic_analysis_process.c	pad_2b_compressed_input_picture	MISSING
Codec/pic_analysis_process.c	picture_analysis_context_dctor	MISSING
Codec/pic_analysis_process.c	sub_sample_luma_generate_pixel_intensity_histogram_bins	ported
Codec/pic_analysis_process.c	svt_aom_down_sample_chroma	MISSING
Codec/pic_analysis_process.c	svt_aom_downsample_filtering_input_picture	ported
Codec/pic_analysis_process.c	svt_aom_gathering_picture_statistics	ported
Codec/pic_analysis_process.c	svt_aom_is_input_luma_dominant	ported
Codec/pic_analysis_process.c	svt_aom_is_screen_content	MISSING
Codec/pic_analysis_process.c	svt_aom_is_screen_content_antialiasing_aware	ported
Codec/pic_analysis_process.c	svt_aom_pad_input_pictures	ported
Codec/pic_analysis_process.c	svt_aom_pad_picture_to_multiple_of_min_blk_size_dimensions	ported
Codec/pic_analysis_process.c	svt_aom_pad_picture_to_multiple_of_min_blk_size_dimensions_16bit	MISSING
Codec/pic_analysis_process.c	svt_aom_pad_picture_to_multiple_of_sb_dimensions	MISSING
Codec/pic_analysis_process.c	svt_aom_picture_analysis_context_ctor	MISSING
Codec/pic_analysis_process.c	svt_aom_picture_analysis_kernel	MISSING
Codec/pic_analysis_process.c	svt_aom_picture_analysis_kernel_iter	MISSING
Codec/pic_analysis_process.c	svt_aom_picture_pre_processing_operations	MISSING
Codec/pic_analysis_process.c	svt_av1_count_colors	ported
Codec/pic_analysis_process.c	svt_av1_count_colors_highbd	ported
Codec/pic_analysis_process.c	svt_av1_count_colors_with_threshold	ported
Codec/pic_analysis_process.c	svt_av1_dilate_block	ported
Codec/pic_analysis_process.c	svt_av1_find_dominant_value	ported
Codec/pic_analysis_process.c	svt_av1_get_sby_perpixel_variance	MISSING
Codec/pic_analysis_process.c	vmaf_box_blur_frame	MISSING
Codec/pic_analysis_process.c	vmaf_compute_combined_amount	MISSING
Codec/pic_analysis_process.c	vmaf_get_coherence_factor	MISSING
Codec/pic_analysis_process.c	vmaf_get_delta_clip	MISSING
Codec/pic_analysis_process.c	vmaf_get_noise_gate	MISSING
Codec/pic_analysis_process.c	vmaf_get_qp_amount	MISSING
Codec/pic_analysis_process.c	vmaf_get_spatial_amount	MISSING
Codec/pic_analysis_process.c	vmaf_preprocess_frame	MISSING
Codec/pic_analysis_process.c	vmaf_unsharp_apply_frame	MISSING
Codec/pic_analysis_results.c	picture_analysis_result_ctor	MISSING
Codec/pic_analysis_results.c	svt_aom_picture_analysis_result_creator	MISSING
Codec/pic_buffer_desc.c	svt_aom_link_eb_to_aom_buffer_desc	MISSING
Codec/pic_buffer_desc.c	svt_aom_link_eb_to_aom_buffer_desc_8bit	MISSING
Codec/pic_buffer_desc.c	svt_aom_pic_buf_desc_pool_ctor	MISSING
Codec/pic_buffer_desc.c	svt_aom_pic_buf_desc_pool_ctor_var	MISSING
Codec/pic_buffer_desc.c	svt_aom_pic_buf_desc_pool_dctor	MISSING
Codec/pic_buffer_desc.c	svt_aom_realloc_frame_buffer	MISSING
Codec/pic_buffer_desc.c	svt_pic_buf_desc_assign	MISSING
Codec/pic_buffer_desc.c	svt_pic_buf_desc_calc	MISSING
Codec/pic_buffer_desc.c	svt_pic_buf_desc_pool_build	MISSING
Codec/pic_buffer_desc.c	svt_picture_buffer_desc_ctor	MISSING
Codec/pic_buffer_desc.c	svt_picture_buffer_desc_ctor_noy8b	MISSING
Codec/pic_buffer_desc.c	svt_picture_buffer_desc_dctor	MISSING
Codec/pic_buffer_desc.c	svt_picture_buffer_desc_noy8b_update	MISSING
Codec/pic_buffer_desc.c	svt_picture_buffer_desc_update	MISSING
Codec/pic_buffer_desc.c	svt_recon_picture_buffer_desc_ctor	MISSING
Codec/pic_buffer_desc.c	svt_recon_picture_buffer_desc_dctor	MISSING
Codec/pic_buffer_desc.c	svt_recon_picture_buffer_desc_update	MISSING
Codec/pic_demux_results.c	picture_results_ctor	MISSING
Codec/pic_demux_results.c	svt_aom_picture_results_creator	MISSING
Codec/pic_manager_process.c	get_token_alloc	MISSING
Codec/pic_manager_process.c	heap_min	MISSING
Codec/pic_manager_process.c	heap_pop_min	MISSING
Codec/pic_manager_process.c	heap_push	MISSING
Codec/pic_manager_process.c	heap_sift_down	MISSING
Codec/pic_manager_process.c	heap_sift_up	MISSING
Codec/pic_manager_process.c	heap_swap	MISSING
Codec/pic_manager_process.c	picture_manager_context_dctor	MISSING
Codec/pic_manager_process.c	rtime_alloc_palette_tokens	MISSING
Codec/pic_manager_process.c	search_ref_in_ref_queue	ported
Codec/pic_manager_process.c	superres_setup_child_pcs	MISSING
Codec/pic_manager_process.c	svt_aom_init_enc_dec_segement	MISSING
Codec/pic_manager_process.c	svt_aom_picture_manager_context_ctor	MISSING
Codec/pic_manager_process.c	svt_aom_picture_manager_kernel	MISSING
Codec/pic_manager_process.c	svt_aom_picture_manager_kernel_iter	MISSING
Codec/pic_manager_queue.c	reference_queue_entry_dctor	MISSING
Codec/pic_manager_queue.c	svt_aom_input_queue_entry_ctor	MISSING
Codec/pic_manager_queue.c	svt_aom_reference_queue_entry_ctor	MISSING
Codec/pic_operators.c	svt_aom_compressed_pack_sb	MISSING
Codec/pic_operators.c	svt_aom_convert_pic_8bit_to_16bit	MISSING
Codec/pic_operators.c	svt_aom_copy_buffer_info	MISSING
Codec/pic_operators.c	svt_aom_generate_padding	ported
Codec/pic_operators.c	svt_aom_generate_padding_compressed_10bit	MISSING
Codec/pic_operators.c	svt_aom_pack2d_src	MISSING
Codec/pic_operators.c	svt_aom_pack_2d_pic	MISSING
Codec/pic_operators.c	svt_aom_pack_highbd_pic	MISSING
Codec/pic_operators.c	svt_aom_picture_full_distortion32_bits_single	MISSING
Codec/pic_operators.c	svt_aom_picture_full_distortion32_bits_single_facade	MISSING
Codec/pic_operators.c	svt_aom_un_pack2d	MISSING
Codec/pic_operators.c	svt_aom_unpack_highbd_pic	MISSING
Codec/pic_operators.c	svt_aom_yv12_copy_u_c	MISSING
Codec/pic_operators.c	svt_aom_yv12_copy_v_c	MISSING
Codec/pic_operators.c	svt_aom_yv12_copy_y_c	MISSING
Codec/pic_operators.c	svt_full_distortion_kernel16_bits_c	MISSING
Codec/pic_operators.c	svt_full_distortion_kernel32_bits_c	MISSING
Codec/pic_operators.c	svt_full_distortion_kernel_cbf_zero32_bits_c	MISSING
Codec/pic_operators.c	svt_residual_kernel16bit_c	MISSING
Codec/pic_operators.c	svt_residual_kernel8bit_c	MISSING
Codec/pic_operators.c	svt_spatial_full_distortion_kernel_facade	MISSING
Codec/pred_structure.c	prediction_structure_ctor	MISSING
Codec/pred_structure.c	prediction_structure_dctor	MISSING
Codec/pred_structure.c	prediction_structure_group_dctor	MISSING
Codec/pred_structure.c	svt_aom_get_prediction_structure	MISSING
Codec/pred_structure.c	svt_aom_prediction_structure_group_ctor	MISSING
Codec/product_coding_loop.c	av1_cost_calc_cfl	MISSING
Codec/product_coding_loop.c	av1_intra_luma_prediction	MISSING
Codec/product_coding_loop.c	av1_perform_inverse_transform_recon	MISSING
Codec/product_coding_loop.c	av1_perform_inverse_transform_recon_luma	MISSING
Codec/product_coding_loop.c	av1_txt_rate_est	MISSING
Codec/product_coding_loop.c	build_single_ref_mvp_array	MISSING
Codec/product_coding_loop.c	calc_scr_to_recon_dist_per_quadrant	MISSING
Codec/product_coding_loop.c	cfl_prediction	MISSING
Codec/product_coding_loop.c	check_best_indepedant_cfl	MISSING
Codec/product_coding_loop.c	check_is_subres_safe	ported
Codec/product_coding_loop.c	check_spatial_mv_size	ported
Codec/product_coding_loop.c	check_temporal_mv_size	ported
Codec/product_coding_loop.c	chroma_complexity_check	MISSING
Codec/product_coding_loop.c	chroma_complexity_check_pred	MISSING
Codec/product_coding_loop.c	clip_mv_on_pic_boundary	ported
Codec/product_coding_loop.c	compute_cfl_ac_components	MISSING
Codec/product_coding_loop.c	compute_lpd0_cost_allintra	MISSING
Codec/product_coding_loop.c	compute_lpd0_cost_from_variance	ported
Codec/product_coding_loop.c	compute_lpd0_cost_inter	MISSING
Codec/product_coding_loop.c	construct_best_sorted_arrays_md_stage_3	MISSING
Codec/product_coding_loop.c	convert_md_recon_16bit_to_8bit	MISSING
Codec/product_coding_loop.c	copy_recon_light_pd1	MISSING
Codec/product_coding_loop.c	copy_recon_md	MISSING
Codec/product_coding_loop.c	copy_txt_data	MISSING
Codec/product_coding_loop.c	derive_me_offsets	ported
Codec/product_coding_loop.c	derive_ssim_threshold_factor_for_tx_type_search	MISSING
Codec/product_coding_loop.c	determine_best_references	ported
Codec/product_coding_loop.c	estimate_ref_frames_num_bits	ported
Codec/product_coding_loop.c	eval_sub_depth_skip_cond1	MISSING
Codec/product_coding_loop.c	fast_loop_core	MISSING
Codec/product_coding_loop.c	fast_loop_core_light_pd1	MISSING
Codec/product_coding_loop.c	fast_loop_core_pd0	MISSING
Codec/product_coding_loop.c	faster_md_settings_nsq	MISSING
Codec/product_coding_loop.c	full_loop_core	MISSING
Codec/product_coding_loop.c	full_loop_core_light_pd1	MISSING
Codec/product_coding_loop.c	full_loop_core_pd0	MISSING
Codec/product_coding_loop.c	get_enable_use_best_me	ported
Codec/product_coding_loop.c	get_end_tx_depth	MISSING
Codec/product_coding_loop.c	get_sb_tpl_inter_stats	MISSING
Codec/product_coding_loop.c	get_skip_processing_nsq_block	MISSING
Codec/product_coding_loop.c	get_start_end_tx_depth	MISSING
Codec/product_coding_loop.c	get_tx_type_group	MISSING
Codec/product_coding_loop.c	hadamard_path	MISSING
Codec/product_coding_loop.c	init_block_data	MISSING
Codec/product_coding_loop.c	init_tx_cand_bf	MISSING
Codec/product_coding_loop.c	is_intra_bordered	ported
Codec/product_coding_loop.c	lpd1_blk_skip_luma_rd	MISSING
Codec/product_coding_loop.c	lpd1_chroma_energy_skip	MISSING
Codec/product_coding_loop.c	lpd1_should_perform_tx	MISSING
Codec/product_coding_loop.c	lpd1_try_mds0_bypass	MISSING
Codec/product_coding_loop.c	md_cfl_rd_pick_alpha	ported
Codec/product_coding_loop.c	md_encode_block	MISSING
Codec/product_coding_loop.c	md_encode_block_light_pd1	MISSING
Codec/product_coding_loop.c	md_encode_block_pd0	MISSING
Codec/product_coding_loop.c	md_full_pel_search	ported
Codec/product_coding_loop.c	md_full_pel_search_large_lbd	ported
Codec/product_coding_loop.c	md_nsq_motion_search	MISSING
Codec/product_coding_loop.c	md_rtime_alloc_palette_info	MISSING
Codec/product_coding_loop.c	md_sq_motion_search	MISSING
Codec/product_coding_loop.c	md_stage_0	MISSING
Codec/product_coding_loop.c	md_stage_0_light_pd1	MISSING
Codec/product_coding_loop.c	md_stage_0_pd0	ported
Codec/product_coding_loop.c	md_stage_1	MISSING
Codec/product_coding_loop.c	md_stage_2	MISSING
Codec/product_coding_loop.c	md_stage_3	MISSING
Codec/product_coding_loop.c	md_stage_3_light_pd1	MISSING
Codec/product_coding_loop.c	md_stage_3_pd0	MISSING
Codec/product_coding_loop.c	md_subpel_search	MISSING
Codec/product_coding_loop.c	md_subpel_search_fixed_stage	ported
Codec/product_coding_loop.c	md_update_all_neighbour_arrays	MISSING
Codec/product_coding_loop.c	md_update_all_neighbour_arrays_multiple	MISSING
Codec/product_coding_loop.c	mode	ported
Codec/product_coding_loop.c	mode_decision_update_neighbor_arrays	MISSING
Codec/product_coding_loop.c	mode_decision_update_neighbor_arrays_pd0	MISSING
Codec/product_coding_loop.c	move_blk_data_redund	MISSING
Codec/product_coding_loop.c	non_normative_txs	MISSING
Codec/product_coding_loop.c	obmc_trans_face_off	MISSING
Codec/product_coding_loop.c	opt_non_translation_motion_mode	MISSING
Codec/product_coding_loop.c	pad_hbd_pictures	MISSING
Codec/product_coding_loop.c	perform_dct_dct_tx	MISSING
Codec/product_coding_loop.c	perform_dct_dct_tx_light_pd1	MISSING
Codec/product_coding_loop.c	perform_ind_uv_search_last_mds	MISSING
Codec/product_coding_loop.c	perform_md_reference_pruning	ported
Codec/product_coding_loop.c	perform_tx_partitioning	MISSING
Codec/product_coding_loop.c	perform_tx_pd0	MISSING
Codec/product_coding_loop.c	pme_search	MISSING
Codec/product_coding_loop.c	post_mds0_nic_pruning	MISSING
Codec/product_coding_loop.c	post_mds1_nic_pruning	MISSING
Codec/product_coding_loop.c	post_mds2_nic_pruning	MISSING
Codec/product_coding_loop.c	process_cand_itr	MISSING
Codec/product_coding_loop.c	product_coding_loop_init_fast_loop	MISSING
Codec/product_coding_loop.c	read_refine_me_mvs	MISSING
Codec/product_coding_loop.c	read_refine_me_mvs_light_pd1	MISSING
Codec/product_coding_loop.c	search_dct_dct_only	MISSING
Codec/product_coding_loop.c	set_md_stage_counts	ported
Codec/product_coding_loop.c	sort_fast_cost_based_candidates	MISSING
Codec/product_coding_loop.c	sort_full_cost_based_candidates	MISSING
Codec/product_coding_loop.c	svt_aom_copy_neighbour_arrays	MISSING
Codec/product_coding_loop.c	svt_aom_get_blk_var_map	MISSING
Codec/product_coding_loop.c	svt_aom_init_sb_data	MISSING
Codec/product_coding_loop.c	svt_aom_move_blk_data	MISSING
Codec/product_coding_loop.c	svt_aom_pick_partition	MISSING
Codec/product_coding_loop.c	svt_aom_pick_partition_lpd1	MISSING
Codec/product_coding_loop.c	svt_aom_pick_partition_pd0	MISSING
Codec/product_coding_loop.c	svt_aom_set_nics	ported
Codec/product_coding_loop.c	svt_init_mv_cost_params	ported
Codec/product_coding_loop.c	svt_pme_sad_loop_kernel_c	MISSING
Codec/product_coding_loop.c	test_depth	MISSING
Codec/product_coding_loop.c	test_split_partition	MISSING
Codec/product_coding_loop.c	test_split_partition_lpd1	MISSING
Codec/product_coding_loop.c	test_split_partition_pd0	MISSING
Codec/product_coding_loop.c	tx_initialize_neighbor_arrays	MISSING
Codec/product_coding_loop.c	tx_reset_neighbor_arrays	MISSING
Codec/product_coding_loop.c	tx_search_update_recon_sample_neighbor_array	MISSING
Codec/product_coding_loop.c	tx_type_search	MISSING
Codec/product_coding_loop.c	tx_update_neighbor_arrays	MISSING
Codec/product_coding_loop.c	update_intra_chroma_mode	MISSING
Codec/product_coding_loop.c	update_neighbour_arrays	MISSING
Codec/product_coding_loop.c	update_neighbour_arrays_pd0	MISSING
Codec/product_coding_loop.c	update_part_neighs	MISSING
Codec/product_coding_loop.c	update_redundant	MISSING
Codec/product_coding_loop.c	update_refined_mv_fast_rate	ported
Codec/product_coding_loop.c	update_skip_nsq_based_on_split_rate	MISSING
Codec/product_coding_loop.c	update_skip_nsq_based_on_sq_recon_dist	MISSING
Codec/product_coding_loop.c	update_skip_nsq_based_on_sq_txs	MISSING
Codec/product_coding_loop.c	update_skip_nsq_shapes	MISSING
Codec/product_coding_loop.c	update_tx_cand_bf	MISSING
Codec/ransac.c	compare_motions	ported
Codec/ransac.c	find_affine	ported
Codec/ransac.c	find_rotzoom	ported
Codec/ransac.c	find_translation	ported
Codec/ransac.c	is_better_motion	ported
Codec/ransac.c	ransac_internal	MISSING
Codec/ransac.c	score_affine	ported
Codec/ransac.c	score_translation	ported
Codec/ransac.c	svt_aom_ransac	ported
Codec/rc_aq.c	av1_get_deltaq_sb_variance_boost	MISSING
Codec/rc_aq.c	cyclic_sb_qp_assignment	MISSING
Codec/rc_aq.c	is_cr_motion_static	MISSING
Codec/rc_aq.c	is_in_cr_band	MISSING
Codec/rc_aq.c	sb_setup_lambda	MISSING
Codec/rc_aq.c	svt_aom_cyclic_refresh_setup	MISSING
Codec/rc_aq.c	svt_aom_sb_qp_derivation_tpl_la	MISSING
Codec/rc_aq.c	svt_av1_compute_qdelta_fp	ported
Codec/rc_aq.c	svt_av1_convert_qindex_to_q_fp8	ported
Codec/rc_aq.c	svt_av1_generate_b64_me_qindex_map	MISSING
Codec/rc_aq.c	svt_av1_get_deltaq_offset	MISSING
Codec/rc_aq.c	svt_av1_normalize_sb_delta_q	ported
Codec/rc_aq.c	svt_av1_rc_init_sb_qindex	MISSING
Codec/rc_aq.c	svt_av1_variance_adjust_qp	ported
Codec/rc_aq.c	variance_comp_double	MISSING
Codec/rc_aq.c	variance_comp_int	MISSING
Codec/rc_crf_cqp.c	adjust_active_best_and_worst_quality	MISSING
Codec/rc_crf_cqp.c	capped_crf_reencode	MISSING
Codec/rc_crf_cqp.c	clamp_qindex	ported
Codec/rc_crf_cqp.c	clamp_qp	ported
Codec/rc_crf_cqp.c	cqp_qindex_calc	ported
Codec/rc_crf_cqp.c	crf_qindex_calc	MISSING
Codec/rc_crf_cqp.c	get_ref_obj	ported
Codec/rc_crf_cqp.c	non_base_boost	MISSING
Codec/rc_crf_cqp.c	svt_aom_crf_assign_max_rate	MISSING
Codec/rc_crf_cqp.c	svt_av1_coded_frames_stat_calc	MISSING
Codec/rc_crf_cqp.c	svt_av1_frame_type_qdelta	ported
Codec/rc_crf_cqp.c	svt_av1_rc_calc_qindex_crf_cqp	MISSING
Codec/rc_process.c	clamp_qp	ported
Codec/rc_process.c	def_arf_rd_multiplier	ported
Codec/rc_process.c	def_inter_rd_multiplier	ported
Codec/rc_process.c	def_kf_rd_multiplier	ported
Codec/rc_process.c	find_qindex_by_rate	ported
Codec/rc_process.c	free_private_data_list	MISSING
Codec/rc_process.c	generate_sb_qindex	MISSING
Codec/rc_process.c	get_ref_hp_percentage	ported
Codec/rc_process.c	get_ref_intra_percentage	ported
Codec/rc_process.c	get_ref_obj	ported
Codec/rc_process.c	get_ref_skip_percentage	ported
Codec/rc_process.c	rate_control_context_dctor	MISSING
Codec/rc_process.c	rc_handle_superres	MISSING
Codec/rc_process.c	rc_init_frame_stats	ported
Codec/rc_process.c	rc_param_reset	MISSING
Codec/rc_process.c	rc_process_packetization_feedback	MISSING
Codec/rc_process.c	reset_rc_param	ported
Codec/rc_process.c	svt_aom_compute_fast_lambda	ported
Codec/rc_process.c	svt_aom_compute_rd_mult	ported
Codec/rc_process.c	svt_aom_compute_rd_mult_based_on_qindex	ported
Codec/rc_process.c	svt_aom_frame_is_kf_gf_arf	ported
Codec/rc_process.c	svt_aom_lambda_assign	ported
Codec/rc_process.c	svt_aom_rate_control_context_ctor	MISSING
Codec/rc_process.c	svt_aom_rate_control_kernel	MISSING
Codec/rc_process.c	svt_aom_rate_control_kernel_iter	MISSING
Codec/rc_process.c	svt_aom_update_rc_counts	ported
Codec/rc_process.c	svt_av1_calculate_boost_bits	ported
Codec/rc_process.c	svt_av1_compute_qdelta	ported
Codec/rc_process.c	svt_av1_compute_qdelta_by_rate	ported
Codec/rc_process.c	svt_av1_convert_qindex_to_q	ported
Codec/rc_process.c	svt_av1_get_cqp_kf_boost_from_r0	ported
Codec/rc_process.c	svt_av1_get_gfu_boost_from_r0_lap	ported
Codec/rc_process.c	svt_av1_get_q_index_from_qstep_ratio	MISSING
Codec/rc_process.c	svt_av1_rc_bits_per_mb	ported
Codec/rc_process.c	svt_av1_rc_init	ported
Codec/rc_process.c	update_lambda	ported
Codec/rc_process.c	use_rtc_cbr_path	ported
Codec/rc_results.c	rate_control_results_ctor	MISSING
Codec/rc_results.c	svt_aom_rate_control_results_creator	MISSING
Codec/rc_rtc_cbr.c	av1_estimate_bits_at_qindex	MISSING
Codec/rc_rtc_cbr.c	av1_estimate_frame_size	MISSING
Codec/rc_rtc_cbr.c	calc_pframe_target_size	MISSING
Codec/rc_rtc_cbr.c	calculate_qindex	MISSING
Codec/rc_rtc_cbr.c	clamp_qindex	ported
Codec/rc_rtc_cbr.c	cr_select_sbs	MISSING
Codec/rc_rtc_cbr.c	eval_block_bits	MISSING
Codec/rc_rtc_cbr.c	eval_frame_size	MISSING
Codec/rc_rtc_cbr.c	find_closest_arg	ported
Codec/rc_rtc_cbr.c	get_min_ref_base_q_idx	MISSING
Codec/rc_rtc_cbr.c	get_rcf_index	MISSING
Codec/rc_rtc_cbr.c	get_ref_obj	ported
Codec/rc_rtc_cbr.c	index2tl	ported
Codec/rc_rtc_cbr.c	normalize_factors	ported
Codec/rc_rtc_cbr.c	rtc_compute_cr_deltaq	MISSING
Codec/rc_rtc_cbr.c	rtc_cyclic_refresh_compute_cr_qdeltas	MISSING
Codec/rc_rtc_cbr.c	rtc_cyclic_refresh_init	MISSING
Codec/rc_rtc_cbr.c	rtc_get_rate_correction_factor	MISSING
Codec/rc_rtc_cbr.c	rtc_set_rate_correction_factor	MISSING
Codec/rc_rtc_cbr.c	rtc_update_buffer_level	MISSING
Codec/rc_rtc_cbr.c	rtc_update_rate_correction_factors	MISSING
Codec/rc_rtc_cbr.c	svt_av1_rc_calc_qindex_rtc_cbr	MISSING
Codec/rc_rtc_cbr.c	svt_av1_rc_postencode_update_rtc_cbr	MISSING
Codec/rc_rtc_cbr.c	svt_av1_rc_recode_decision_rtc_cbr	MISSING
Codec/rc_tasks.c	rate_control_tasks_ctor	MISSING
Codec/rc_tasks.c	svt_aom_rate_control_tasks_creator	MISSING
Codec/rc_vbr_cbr.c	adjust_active_best_and_worst_quality_org	MISSING
Codec/rc_vbr_cbr.c	adjust_q_cbr	MISSING
Codec/rc_vbr_cbr.c	av1_calc_iframe_target_size_one_pass_cbr	MISSING
Codec/rc_vbr_cbr.c	av1_calc_pframe_target_size_one_pass_cbr	MISSING
Codec/rc_vbr_cbr.c	av1_estimate_bits_at_q	MISSING
Codec/rc_vbr_cbr.c	av1_find_qindex	MISSING
Codec/rc_vbr_cbr.c	av1_frame_type_qdelta_org	MISSING
Codec/rc_vbr_cbr.c	av1_get_compression_ratio	MISSING
Codec/rc_vbr_cbr.c	av1_rc_clamp_iframe_target_size	MISSING
Codec/rc_vbr_cbr.c	av1_rc_compute_frame_size_bounds	MISSING
Codec/rc_vbr_cbr.c	av1_rc_regulate_q	MISSING
Codec/rc_vbr_cbr.c	av1_rc_update_rate_correction_factors	MISSING
Codec/rc_vbr_cbr.c	av1_set_target_rate	MISSING
Codec/rc_vbr_cbr.c	calc_active_best_quality_no_stats_cbr	MISSING
Codec/rc_vbr_cbr.c	calc_active_worst_quality_no_stats_cbr	MISSING
Codec/rc_vbr_cbr.c	clamp_qindex	ported
Codec/rc_vbr_cbr.c	compute_cr_deltaq	MISSING
Codec/rc_vbr_cbr.c	cyclic_refresh_compute_cr_qdeltas	MISSING
Codec/rc_vbr_cbr.c	cyclic_refresh_init	MISSING
Codec/rc_vbr_cbr.c	dynamic_resize_one_pass_cbr	MISSING
Codec/rc_vbr_cbr.c	find_closest_qindex_by_rate	MISSING
Codec/rc_vbr_cbr.c	find_min_ref_base_q_idx	MISSING
Codec/rc_vbr_cbr.c	get_active_best_quality	MISSING
Codec/rc_vbr_cbr.c	get_active_quality	ported
Codec/rc_vbr_cbr.c	get_bits_per_mb	ported
Codec/rc_vbr_cbr.c	get_gf_active_quality_tpl_la	ported
Codec/rc_vbr_cbr.c	get_gf_high_motion_quality	ported
Codec/rc_vbr_cbr.c	get_gfu_q_tpl	ported
Codec/rc_vbr_cbr.c	get_kf_active_quality_tpl	ported
Codec/rc_vbr_cbr.c	get_kf_q_tpl	ported
Codec/rc_vbr_cbr.c	get_q	MISSING
Codec/rc_vbr_cbr.c	get_rate_correction_factor	MISSING
Codec/rc_vbr_cbr.c	get_ref_obj	ported
Codec/rc_vbr_cbr.c	get_regulated_q_overshoot	MISSING
Codec/rc_vbr_cbr.c	get_regulated_q_undershoot	MISSING
Codec/rc_vbr_cbr.c	process_tpl_stats_frame_kf_gfu_boost	MISSING
Codec/rc_vbr_cbr.c	rc_pick_q_and_bounds	MISSING
Codec/rc_vbr_cbr.c	rc_pick_q_and_bounds_no_stats_cbr	MISSING
Codec/rc_vbr_cbr.c	recode_loop_test	MISSING
Codec/rc_vbr_cbr.c	recode_loop_update_q	MISSING
Codec/rc_vbr_cbr.c	restore_param	MISSING
Codec/rc_vbr_cbr.c	restore_two_pass_param	MISSING
Codec/rc_vbr_cbr.c	set_gf_interval_update_onepass_rt	MISSING
Codec/rc_vbr_cbr.c	set_rate_correction_factor	MISSING
Codec/rc_vbr_cbr.c	set_rc_buffer_sizes	MISSING
Codec/rc_vbr_cbr.c	store_param	MISSING
Codec/rc_vbr_cbr.c	svt_aom_dynamic_resize_decision	MISSING
Codec/rc_vbr_cbr.c	svt_aom_one_pass_rt_rate_alloc	MISSING
Codec/rc_vbr_cbr.c	svt_aom_reset_update_frame_target	MISSING
Codec/rc_vbr_cbr.c	svt_av1_rc_calc_qindex_rate_control	MISSING
Codec/rc_vbr_cbr.c	svt_av1_rc_postencode_update	MISSING
Codec/rc_vbr_cbr.c	svt_av1_rc_postencode_update_gop_const	MISSING
Codec/rc_vbr_cbr.c	svt_av1_rc_process_rate_allocation	MISSING
Codec/rc_vbr_cbr.c	svt_av1_resize_reset_rc	MISSING
Codec/rc_vbr_cbr.c	update_buffer_level	MISSING
Codec/rc_vbr_cbr.c	vbr_rate_correction	MISSING
Codec/rd_cost.c	av1_cost_coeffs_txb_loop_cost_eob	MISSING
Codec/rd_cost.c	av1_cost_coeffs_txb_loop_cost_one_eob	MISSING
Codec/rd_cost.c	av1_cost_skip_txb	MISSING
Codec/rd_cost.c	av1_inter_fast_cost_light	MISSING
Codec/rd_cost.c	av1_transform_type_rate_estimation	MISSING
Codec/rd_cost.c	block_signals_txsize	ported
Codec/rd_cost.c	cost_selected_tx_size	MISSING
Codec/rd_cost.c	cost_tx_size_vartx	MISSING
Codec/rd_cost.c	estimate_ref_frame_type_bits	ported
Codec/rd_cost.c	get_compound_mode_rate	MISSING
Codec/rd_cost.c	get_eob_cost	MISSING
Codec/rd_cost.c	get_golomb_cost	MISSING
Codec/rd_cost.c	get_sqr_tx_size	MISSING
Codec/rd_cost.c	get_tx_size_context	MISSING
Codec/rd_cost.c	get_vartx_max_txsize	MISSING
Codec/rd_cost.c	max_block_high	MISSING
Codec/rd_cost.c	max_block_wide	MISSING
Codec/rd_cost.c	mv_cost	ported
Codec/rd_cost.c	set_txfm_ctx	MISSING
Codec/rd_cost.c	set_txfm_ctxs	MISSING
Codec/rd_cost.c	svt_aom_coding_loop_context_generation	MISSING
Codec/rd_cost.c	svt_aom_full_cost	MISSING
Codec/rd_cost.c	svt_aom_full_cost_pd0	MISSING
Codec/rd_cost.c	svt_aom_get_intra_uv_fast_rate	MISSING
Codec/rd_cost.c	svt_aom_get_switchable_rate	MISSING
Codec/rd_cost.c	svt_aom_get_tx_size_bits	MISSING
Codec/rd_cost.c	svt_aom_inter_fast_cost	MISSING
Codec/rd_cost.c	svt_aom_intra_fast_cost	MISSING
Codec/rd_cost.c	svt_aom_partition_rate_cost	MISSING
Codec/rd_cost.c	svt_aom_tx_size_bits	MISSING
Codec/rd_cost.c	svt_aom_txb_estimate_coeff_bits	MISSING
Codec/rd_cost.c	svt_aom_txb_estimate_coeff_bits_pd0	MISSING
Codec/rd_cost.c	svt_av1_cost_coeffs_txb	ported
Codec/rd_cost.c	svt_av1_get_mv_joint	MISSING
Codec/rd_cost.c	svt_av1_mv_bit_cost	ported
Codec/rd_cost.c	svt_av1_mv_bit_cost_light	ported
Codec/rd_cost.c	svt_av1_txb_init_levels_c	MISSING
Codec/rd_cost.c	tx_size_to_depth	MISSING
Codec/rd_cost.c	txfm_partition_context	ported
Codec/rd_cost.c	txfm_partition_update	MISSING
Codec/rd_cost.c	update_eob_context	MISSING
Codec/reference_object.c	initialize_samples_neighboring_reference_picture	MISSING
Codec/reference_object.c	initialize_samples_neighboring_reference_picture_8bit	MISSING
Codec/reference_object.c	svt_aom_release_pa_reference_objects	MISSING
Codec/reference_object.c	svt_pa_reference_object_creator	MISSING
Codec/reference_object.c	svt_pa_reference_object_ctor	MISSING
Codec/reference_object.c	svt_pa_reference_object_dctor	MISSING
Codec/reference_object.c	svt_pa_reference_param_update	MISSING
Codec/reference_object.c	svt_reference_object_creator	MISSING
Codec/reference_object.c	svt_reference_object_ctor	MISSING
Codec/reference_object.c	svt_reference_object_dctor	MISSING
Codec/reference_object.c	svt_reference_object_reset	MISSING
Codec/reference_object.c	svt_reference_param_update	MISSING
Codec/reference_object.c	svt_tpl_reference_object_creator	MISSING
Codec/reference_object.c	svt_tpl_reference_object_ctor	MISSING
Codec/reference_object.c	svt_tpl_reference_object_dctor	MISSING
Codec/reference_object.c	svt_tpl_reference_param_update	MISSING
Codec/resize.c	allocate_downscaled_reference_pics	MISSING
Codec/resize.c	allocate_downscaled_source_reference_pics	MISSING
Codec/resize.c	analyze_hor_freq	MISSING
Codec/resize.c	av1_superres_in_recode_allowed	MISSING
Codec/resize.c	calc_superres_params	MISSING
Codec/resize.c	calculate_next_resize_scale	MISSING
Codec/resize.c	choose_interp_filter	ported
Codec/resize.c	dimension_is_ok	MISSING
Codec/resize.c	dimensions_are_ok	MISSING
Codec/resize.c	down2_symodd	ported
Codec/resize.c	fill_arr_to_col	MISSING
Codec/resize.c	fill_col_to_arr	MISSING
Codec/resize.c	get_down2_length	MISSING
Codec/resize.c	get_down2_steps	MISSING
Codec/resize.c	get_energy_by_q2_thresh	MISSING
Codec/resize.c	get_superres_denom_for_qindex	MISSING
Codec/resize.c	get_superres_denom_from_qindex_energy	MISSING
Codec/resize.c	highbd_down2_symodd	ported
Codec/resize.c	highbd_fill_arr_to_col	MISSING
Codec/resize.c	highbd_fill_col_to_arr	MISSING
Codec/resize.c	highbd_interpolate	ported
Codec/resize.c	highbd_resize_multistep	ported
Codec/resize.c	interpolate	MISSING
Codec/resize.c	pack_highbd_pic_2d	MISSING
Codec/resize.c	resize_multistep	ported
Codec/resize.c	scale_input_references	MISSING
Codec/resize.c	scale_pcs_params	MISSING
Codec/resize.c	scale_source_references	MISSING
Codec/resize.c	svt_aom_downscaled_source_buffer_desc_ctor	MISSING
Codec/resize.c	svt_aom_get_denom_idx	MISSING
Codec/resize.c	svt_aom_get_frame_update_type	MISSING
Codec/resize.c	svt_aom_init_resize_picture	MISSING
Codec/resize.c	svt_aom_reset_resized_picture	MISSING
Codec/resize.c	svt_aom_resize_frame	MISSING
Codec/resize.c	svt_aom_scale_rec_references	MISSING
Codec/resize.c	svt_aom_unpack_highbd_pic_2d	MISSING
Codec/resize.c	svt_aom_use_scaled_rec_refs_if_needed	MISSING
Codec/resize.c	svt_aom_use_scaled_source_refs_if_needed	MISSING
Codec/resize.c	svt_av1_down2_symeven_c	MISSING
Codec/resize.c	svt_av1_highbd_down2_symeven_c	MISSING
Codec/resize.c	svt_av1_highbd_interpolate_core_c	MISSING
Codec/resize.c	svt_av1_highbd_resize_plane_c	MISSING
Codec/resize.c	svt_av1_highbd_resize_plane_horizontal	ported
Codec/resize.c	svt_av1_interpolate_core_c	MISSING
Codec/resize.c	svt_av1_resize_plane_c	MISSING
Codec/resize.c	svt_av1_resize_plane_horizontal	ported
Codec/resize.c	validate_size_scales	MISSING
Codec/resource_coordination_process.c	assign_film_grain_random_seed	MISSING
Codec/resource_coordination_process.c	buffer_update_needed	MISSING
Codec/resource_coordination_process.c	copy_frame_buffer_overlay	MISSING
Codec/resource_coordination_process.c	copy_input_buffer_overlay	MISSING
Codec/resource_coordination_process.c	get_delta_q_res	MISSING
Codec/resource_coordination_process.c	realloc_sb_param	MISSING
Codec/resource_coordination_process.c	reset_pcs_av1	MISSING
Codec/resource_coordination_process.c	resource_coordination_context_dctor	MISSING
Codec/resource_coordination_process.c	retrieve_resize_event	MISSING
Codec/resource_coordination_process.c	set_eos_terminating_signals	MISSING
Codec/resource_coordination_process.c	speed_buffer_control	MISSING
Codec/resource_coordination_process.c	svt_aom_read_stat	MISSING
Codec/resource_coordination_process.c	svt_aom_resource_coordination_context_ctor	MISSING
Codec/resource_coordination_process.c	svt_aom_resource_coordination_kernel	MISSING
Codec/resource_coordination_process.c	svt_aom_resource_coordination_kernel_iter	MISSING
Codec/resource_coordination_process.c	svt_aom_setup_two_pass	MISSING
Codec/resource_coordination_process.c	svt_overlay_buffer_header_update	MISSING
Codec/resource_coordination_process.c	update_frame_event	MISSING
Codec/resource_coordination_process.c	update_frame_rate_info	MISSING
Codec/resource_coordination_process.c	update_input_pic_def	MISSING
Codec/resource_coordination_process.c	update_mg_size_info	MISSING
Codec/resource_coordination_process.c	update_new_param	MISSING
Codec/resource_coordination_process.c	update_preset_info	MISSING
Codec/resource_coordination_process.c	update_rate_info	MISSING
Codec/resource_coordination_results.c	resource_coordination_result_ctor	MISSING
Codec/resource_coordination_results.c	svt_aom_resource_coordination_result_creator	MISSING
Codec/rest_process.c	copy_statistics_to_ref_obj_ect	MISSING
Codec/rest_process.c	get_own_recon	MISSING
Codec/rest_process.c	rest_context_dctor	MISSING
Codec/rest_process.c	svt_aom_rest_context_ctor	MISSING
Codec/rest_process.c	svt_aom_rest_kernel	MISSING
Codec/rest_process.c	svt_aom_rest_kernel_iter	MISSING
Codec/restoration.c	boxsum	ported
Codec/restoration.c	boxsum1	ported
Codec/restoration.c	boxsum2	ported
Codec/restoration.c	copy_tile	MISSING
Codec/restoration.c	copy_tile_highbd	MISSING
Codec/restoration.c	copy_tile_lowbd	MISSING
Codec/restoration.c	count_units_in_tile	ported
Codec/restoration.c	extend_frame_highbd	MISSING
Codec/restoration.c	extend_frame_lowbd	MISSING
Codec/restoration.c	extend_lines	ported
Codec/restoration.c	filter_frame_on_tile	MISSING
Codec/restoration.c	filter_frame_on_unit	MISSING
Codec/restoration.c	foreach_rest_unit_in_tile	ported
Codec/restoration.c	foreach_rest_unit_in_tile_seg	MISSING
Codec/restoration.c	get_stripe_boundary_info	ported
Codec/restoration.c	restore_processing_stripe_boundary	ported
Codec/restoration.c	selfguided_restoration_fast_internal	ported
Codec/restoration.c	selfguided_restoration_internal	ported
Codec/restoration.c	setup_processing_stripe_boundary	ported
Codec/restoration.c	sgrproj_filter_stripe	ported
Codec/restoration.c	sgrproj_filter_stripe_highbd	ported
Codec/restoration.c	svt_aom_foreach_rest_unit_in_frame	MISSING
Codec/restoration.c	svt_aom_foreach_rest_unit_in_frame_seg	MISSING
Codec/restoration.c	svt_aom_save_cdef_boundary_lines	ported
Codec/restoration.c	svt_aom_save_deblock_boundary_lines	ported
Codec/restoration.c	svt_aom_save_tile_row_boundary_lines	ported
Codec/restoration.c	svt_apply_selfguided_restoration_c	MISSING
Codec/restoration.c	svt_av1_alloc_restoration_buffers	MISSING
Codec/restoration.c	svt_av1_alloc_restoration_struct	MISSING
Codec/restoration.c	svt_av1_loop_restoration_corners_in_sb	MISSING
Codec/restoration.c	svt_av1_loop_restoration_filter_frame	MISSING
Codec/restoration.c	svt_av1_loop_restoration_filter_unit	ported
Codec/restoration.c	svt_av1_loop_restoration_save_boundary_lines	MISSING
Codec/restoration.c	svt_av1_selfguided_restoration_c	MISSING
Codec/restoration.c	svt_decode_xq	ported
Codec/restoration.c	svt_extend_frame	ported
Codec/restoration.c	whole_frame_rect	MISSING
Codec/restoration.c	wiener_filter_stripe	ported
Codec/restoration.c	wiener_filter_stripe_highbd	MISSING
Codec/restoration_pick.c	apply_sgr	ported
Codec/restoration_pick.c	compute_score	ported
Codec/restoration_pick.c	copy_unit_info	MISSING
Codec/restoration_pick.c	count_sgrproj_bits	ported
Codec/restoration_pick.c	count_wiener_bits	ported
Codec/restoration_pick.c	encode_xq	ported
Codec/restoration_pick.c	finalize_sym_filter	ported
Codec/restoration_pick.c	finer_search_pixel_proj_error	ported
Codec/restoration_pick.c	finer_tile_search_wiener_seg	MISSING
Codec/restoration_pick.c	get_pixel_proj_error	ported
Codec/restoration_pick.c	init_rsc_seg	MISSING
Codec/restoration_pick.c	linsolve_wiener	ported
Codec/restoration_pick.c	reset_rsc	MISSING
Codec/restoration_pick.c	rest_finish_search	MISSING
Codec/restoration_pick.c	rest_tiles_in_plane	MISSING
Codec/restoration_pick.c	restoration_seg_search	MISSING
Codec/restoration_pick.c	rsc_on_tile	MISSING
Codec/restoration_pick.c	search_norestore_finish	MISSING
Codec/restoration_pick.c	search_norestore_seg	MISSING
Codec/restoration_pick.c	search_rest_type_finish	MISSING
Codec/restoration_pick.c	search_selfguided_restoration	ported
Codec/restoration_pick.c	search_sgrproj_finish	MISSING
Codec/restoration_pick.c	search_sgrproj_seg	MISSING
Codec/restoration_pick.c	search_switchable	MISSING
Codec/restoration_pick.c	search_wiener_finish	MISSING
Codec/restoration_pick.c	search_wiener_seg	MISSING
Codec/restoration_pick.c	sse_restoration_unit	MISSING
Codec/restoration_pick.c	svt_av1_compute_stats_c	MISSING
Codec/restoration_pick.c	svt_av1_compute_stats_highbd_c	MISSING
Codec/restoration_pick.c	svt_av1_highbd_pixel_proj_error_c	MISSING
Codec/restoration_pick.c	svt_av1_lowbd_pixel_proj_error_c	MISSING
Codec/restoration_pick.c	svt_get_proj_subspace_c	MISSING
Codec/restoration_pick.c	try_restoration_unit_seg	MISSING
Codec/restoration_pick.c	update_a_sep_sym	ported
Codec/restoration_pick.c	update_b_sep_sym	ported
Codec/restoration_pick.c	wiener_decompose_sep_sym	ported
Codec/restoration_pick.c	wrap_index	ported
Codec/segmentation.c	calculate_segmentation_data	ported
Codec/segmentation.c	find_segment_qps	ported
Codec/segmentation.c	get_variance_for_cu	ported
Codec/segmentation.c	roi_map_apply_segmentation_based_quantization	ported
Codec/segmentation.c	roi_map_setup_segmentation	ported
Codec/segmentation.c	svt_aom_apply_segmentation_based_quantization	ported
Codec/segmentation.c	svt_aom_setup_segmentation	ported
Codec/sequence_control_set.c	copy_sequence_control_set	MISSING
Codec/sequence_control_set.c	free_scale_evts	MISSING
Codec/sequence_control_set.c	svt_aom_derive_input_resolution	ported
Codec/sequence_control_set.c	svt_aom_scs_set_creator	MISSING
Codec/sequence_control_set.c	svt_sequence_control_set_ctor	MISSING
Codec/sequence_control_set.c	svt_sequence_control_set_dctor	MISSING
Codec/sequence_control_set.c	svt_sequence_control_set_instance_ctor	MISSING
Codec/sequence_control_set.c	svt_sequence_control_set_instance_dctor	MISSING
Codec/src_ops_process.c	aom_av1_set_mb_ssim_rdmult_scaling	MISSING
Codec/src_ops_process.c	assign_tpl_segments	MISSING
Codec/src_ops_process.c	delta_rate_cost	MISSING
Codec/src_ops_process.c	generate_lambda_scaling_factor	MISSING
Codec/src_ops_process.c	get_neighbor_samples_dc	MISSING
Codec/src_ops_process.c	get_overlap_area	MISSING
Codec/src_ops_process.c	get_quantize_error	MISSING
Codec/src_ops_process.c	init_tpl_buffers	MISSING
Codec/src_ops_process.c	init_tpl_segments	MISSING
Codec/src_ops_process.c	init_xd_tpl	MISSING
Codec/src_ops_process.c	rate_estimator	MISSING
Codec/src_ops_process.c	result_model_store	MISSING
Codec/src_ops_process.c	round_floor	MISSING
Codec/src_ops_process.c	sbo_send_picture_out	MISSING
Codec/src_ops_process.c	source_based_operations_context_dctor	MISSING
Codec/src_ops_process.c	svt_aom_generate_r0beta	MISSING
Codec/src_ops_process.c	svt_aom_get_mean_and_perpixel_variance	MISSING
Codec/src_ops_process.c	svt_aom_get_perceptual_perpixel_variance	MISSING
Codec/src_ops_process.c	svt_aom_get_perpixel_variance	MISSING
Codec/src_ops_process.c	svt_aom_source_based_operations_context_ctor	MISSING
Codec/src_ops_process.c	svt_aom_source_based_operations_kernel	MISSING
Codec/src_ops_process.c	svt_aom_source_based_operations_kernel_iter	MISSING
Codec/src_ops_process.c	svt_aom_tpl_disp_context_ctor	MISSING
Codec/src_ops_process.c	svt_aom_tpl_disp_kernel	MISSING
Codec/src_ops_process.c	svt_aom_tpl_disp_kernel_iter	MISSING
Codec/src_ops_process.c	svt_tpl_init_mv_cost_params	MISSING
Codec/src_ops_process.c	tpl_disp_context_dctor	MISSING
Codec/src_ops_process.c	tpl_dispenser_st	MISSING
Codec/src_ops_process.c	tpl_mc_flow	MISSING
Codec/src_ops_process.c	tpl_mc_flow_dispenser	MISSING
Codec/src_ops_process.c	tpl_mc_flow_dispenser_sb_generic	MISSING
Codec/src_ops_process.c	tpl_mc_flow_synthesizer	MISSING
Codec/src_ops_process.c	tpl_model_update	MISSING
Codec/src_ops_process.c	tpl_model_update_b	MISSING
Codec/src_ops_process.c	tpl_prep_info	MISSING
Codec/src_ops_process.c	tpl_regular_setup_me_refs	MISSING
Codec/src_ops_process.c	tpl_subpel_search	MISSING
Codec/super_res.c	av1_convolve_horiz_rs_c	MISSING
Codec/super_res.c	av1_get_upscale_convolve_step	MISSING
Codec/super_res.c	av1_highbd_convolve_horiz_rs_c	MISSING
Codec/super_res.c	calculate_scaled_size_helper	MISSING
Codec/super_res.c	get_upscale_convolve_x0	MISSING
Codec/super_res.c	highbd_upscale_normative_rect	MISSING
Codec/super_res.c	svt_av1_upscale_normative_rows	MISSING
Codec/super_res.c	upscale_normative_rect	MISSING
Codec/svt_log.c	default_logger	MISSING
Codec/svt_log.c	get_logger	MISSING
Codec/svt_log.c	log_level_str	MISSING
Codec/svt_log.c	logger_cleanup	MISSING
Codec/svt_log.c	svt_aom_log	MISSING
Codec/svt_log.c	svt_aom_log_set_callback	MISSING
Codec/svt_malloc.c	add_location	MISSING
Codec/svt_malloc.c	add_mem_entry	MISSING
Codec/svt_malloc.c	collect_mem	MISSING
Codec/svt_malloc.c	compare_count	MISSING
Codec/svt_malloc.c	count_mem_entry	MISSING
Codec/svt_malloc.c	for_each_hash_entry	MISSING
Codec/svt_malloc.c	for_each_mem_entry	MISSING
Codec/svt_malloc.c	get_malloc_mutex	MISSING
Codec/svt_malloc.c	get_memory_usage_and_scale	MISSING
Codec/svt_malloc.c	hash	MISSING
Codec/svt_malloc.c	malloc_mutex_cleanup	MISSING
Codec/svt_malloc.c	mem_type_name	MISSING
Codec/svt_malloc.c	print_leak	MISSING
Codec/svt_malloc.c	print_top_10_locations	MISSING
Codec/svt_malloc.c	remove_mem_entry	MISSING
Codec/svt_malloc.c	svt_add_mem_entry_impl	MISSING
Codec/svt_malloc.c	svt_decrease_component_count	MISSING
Codec/svt_malloc.c	svt_increase_component_count	MISSING
Codec/svt_malloc.c	svt_print_alloc_fail_impl	MISSING
Codec/svt_malloc.c	svt_print_memory_usage	MISSING
Codec/svt_malloc.c	svt_remove_mem_entry	MISSING
Codec/svt_psnr.c	highbd_10_variance	MISSING
Codec/svt_psnr.c	highbd_variance	ported
Codec/svt_psnr.c	highbd_variance64	MISSING
Codec/svt_psnr.c	svt_aom_get_sse	MISSING
Codec/svt_psnr.c	svt_aom_get_u_sse_part	MISSING
Codec/svt_psnr.c	svt_aom_get_v_sse_part	MISSING
Codec/svt_psnr.c	svt_aom_get_y_sse_part	MISSING
Codec/svt_psnr.c	svt_aom_highbd_get_sse	MISSING
Codec/svt_psnr.c	svt_aom_highbd_get_u_sse_part	MISSING
Codec/svt_psnr.c	svt_aom_highbd_get_v_sse_part	MISSING
Codec/svt_psnr.c	svt_aom_highbd_get_y_sse_part	MISSING
Codec/svt_psnr.c	svt_aom_mse16x16_c	MISSING
Codec/svt_psnr.c	variance	ported
Codec/svt_threads.c	check_set_prio	MISSING
Codec/svt_threads.c	dummy_func	MISSING
Codec/svt_threads.c	svt_aom_atomic_set_u32	MISSING
Codec/svt_threads.c	svt_block_on_mutex	MISSING
Codec/svt_threads.c	svt_block_on_semaphore	MISSING
Codec/svt_threads.c	svt_create_cond_var	MISSING
Codec/svt_threads.c	svt_create_mutex	MISSING
Codec/svt_threads.c	svt_create_semaphore	MISSING
Codec/svt_threads.c	svt_create_thread	MISSING
Codec/svt_threads.c	svt_destroy_mutex	MISSING
Codec/svt_threads.c	svt_destroy_semaphore	MISSING
Codec/svt_threads.c	svt_destroy_thread	MISSING
Codec/svt_threads.c	svt_format_thread_name	MISSING
Codec/svt_threads.c	svt_post_semaphore	MISSING
Codec/svt_threads.c	svt_release_mutex	MISSING
Codec/svt_threads.c	svt_run_once	MISSING
Codec/svt_threads.c	svt_set_cond_var	MISSING
Codec/svt_threads.c	svt_thread_self_setname	MISSING
Codec/svt_threads.c	svt_thread_trampoline	MISSING
Codec/svt_threads.c	svt_wait_cond_var	MISSING
Codec/svt_time.c	svt_av1_compute_overall_elapsed_time_ms	MISSING
Codec/svt_time.c	svt_av1_get_time	MISSING
Codec/sys_resource_manager.c	dump_srm_content	MISSING
Codec/sys_resource_manager.c	svt_circular_buffer_ctor	MISSING
Codec/sys_resource_manager.c	svt_circular_buffer_dctor	MISSING
Codec/sys_resource_manager.c	svt_circular_buffer_empty_check	MISSING
Codec/sys_resource_manager.c	svt_circular_buffer_pop_front	MISSING
Codec/sys_resource_manager.c	svt_circular_buffer_push_back	MISSING
Codec/sys_resource_manager.c	svt_circular_buffer_push_front	MISSING
Codec/sys_resource_manager.c	svt_fifo_ctor	MISSING
Codec/sys_resource_manager.c	svt_fifo_dctor	MISSING
Codec/sys_resource_manager.c	svt_fifo_has_items_st	MISSING
Codec/sys_resource_manager.c	svt_fifo_peak_front	MISSING
Codec/sys_resource_manager.c	svt_fifo_pop_front	MISSING
Codec/sys_resource_manager.c	svt_fifo_push_back	MISSING
Codec/sys_resource_manager.c	svt_fifo_shutdown	MISSING
Codec/sys_resource_manager.c	svt_get_empty_object	MISSING
Codec/sys_resource_manager.c	svt_get_full_object	MISSING
Codec/sys_resource_manager.c	svt_get_full_object_non_blocking	MISSING
Codec/sys_resource_manager.c	svt_muxing_queue_assignation	MISSING
Codec/sys_resource_manager.c	svt_muxing_queue_ctor	MISSING
Codec/sys_resource_manager.c	svt_muxing_queue_dctor	MISSING
Codec/sys_resource_manager.c	svt_muxing_queue_get_fifo	MISSING
Codec/sys_resource_manager.c	svt_muxing_queue_object_push_back	MISSING
Codec/sys_resource_manager.c	svt_muxing_queue_object_push_front	MISSING
Codec/sys_resource_manager.c	svt_object_inc_live_count	MISSING
Codec/sys_resource_manager.c	svt_object_release_disable	MISSING
Codec/sys_resource_manager.c	svt_object_release_enable	MISSING
Codec/sys_resource_manager.c	svt_object_wrapper_ctor	MISSING
Codec/sys_resource_manager.c	svt_object_wrapper_dctor	MISSING
Codec/sys_resource_manager.c	svt_post_full_object	MISSING
Codec/sys_resource_manager.c	svt_release_dual_object	MISSING
Codec/sys_resource_manager.c	svt_release_object	MISSING
Codec/sys_resource_manager.c	svt_release_process	MISSING
Codec/sys_resource_manager.c	svt_shutdown_process	MISSING
Codec/sys_resource_manager.c	svt_system_resource_ctor	MISSING
Codec/sys_resource_manager.c	svt_system_resource_dctor	MISSING
Codec/sys_resource_manager.c	svt_system_resource_get_consumer_fifo	MISSING
Codec/sys_resource_manager.c	svt_system_resource_get_producer_fifo	MISSING
Codec/sys_resource_manager.c	svt_system_resource_set_single_thread_mode	MISSING
Codec/temporal_filtering.c	apply_filtering_block_plane_wise	MISSING
Codec/temporal_filtering.c	calculate_squared_errors_sum	ported
Codec/temporal_filtering.c	calculate_squared_errors_sum_highbd	ported
Codec/temporal_filtering.c	calculate_tf_shift_factor	ported
Codec/temporal_filtering.c	convert_64x64_info_to_32x32_info	MISSING
Codec/temporal_filtering.c	create_me_context_and_picture_control	MISSING
Codec/temporal_filtering.c	derive_tf_32x32_block_split_flag	ported
Codec/temporal_filtering.c	filt_unfilt_dist	ported
Codec/temporal_filtering.c	pad_and_decimate_filtered_pic	ported
Codec/temporal_filtering.c	produce_temporally_filtered_pic	MISSING
Codec/temporal_filtering.c	produce_temporally_filtered_pic_ld	MISSING
Codec/temporal_filtering.c	save_src_pic_buffers	MISSING
Codec/temporal_filtering.c	save_y_src_pic_buffers	MISSING
Codec/temporal_filtering.c	set_hme_search_params_mctf	ported
Codec/temporal_filtering.c	sqrt_fast	ported
Codec/temporal_filtering.c	svt_aom_apply_filtering_central_c	MISSING
Codec/temporal_filtering.c	svt_aom_apply_filtering_central_highbd_c	MISSING
Codec/temporal_filtering.c	svt_aom_get_final_filtered_pixels_c	MISSING
Codec/temporal_filtering.c	svt_aom_noise_log1p_fp16	ported
Codec/temporal_filtering.c	svt_av1_apply_temporal_filter_planewise_medium_c	MISSING
Codec/temporal_filtering.c	svt_av1_apply_temporal_filter_planewise_medium_hbd_c	MISSING
Codec/temporal_filtering.c	svt_av1_apply_temporal_filter_planewise_medium_hbd_partial_c	MISSING
Codec/temporal_filtering.c	svt_av1_apply_temporal_filter_planewise_medium_partial_c	MISSING
Codec/temporal_filtering.c	svt_av1_apply_zz_based_temporal_filter_planewise_medium_c	MISSING
Codec/temporal_filtering.c	svt_av1_apply_zz_based_temporal_filter_planewise_medium_hbd_c	MISSING
Codec/temporal_filtering.c	svt_av1_apply_zz_based_temporal_filter_planewise_medium_hbd_partial_c	MISSING
Codec/temporal_filtering.c	svt_av1_apply_zz_based_temporal_filter_planewise_medium_partial_c	MISSING
Codec/temporal_filtering.c	svt_av1_calculate_decay_factor	ported
Codec/temporal_filtering.c	svt_av1_init_temporal_filtering	MISSING
Codec/temporal_filtering.c	svt_check_position	ported
Codec/temporal_filtering.c	svt_estimate_noise_fp16_c	MISSING
Codec/temporal_filtering.c	svt_estimate_noise_highbd_fp16_c	MISSING
Codec/temporal_filtering.c	svt_vmaf_apply_unsharp_row_c	MISSING
Codec/temporal_filtering.c	svt_vmaf_compute_avg_mad_c	MISSING
Codec/temporal_filtering.c	svt_vmaf_compute_gradient_coherence_c	MISSING
Codec/temporal_filtering.c	svt_vmaf_count_detail_le_c	MISSING
Codec/temporal_filtering.c	svt_vmaf_hpass_row_c	MISSING
Codec/temporal_filtering.c	svt_vmaf_vpass_row_c	MISSING
Codec/temporal_filtering.c	tf_16x16_sub_pel_search	MISSING
Codec/temporal_filtering.c	tf_32x32_inter_prediction	MISSING
Codec/temporal_filtering.c	tf_32x32_sub_pel_search	MISSING
Codec/temporal_filtering.c	tf_64x64_inter_prediction	MISSING
Codec/temporal_filtering.c	tf_64x64_sub_pel_search	MISSING
Codec/temporal_filtering.c	tf_8x8_sub_pel_search	MISSING
Codec/temporal_filtering.c	tf_subpel_search	MISSING
Codec/temporal_filtering.c	tf_use_64x64_pred	ported
Codec/transforms.c	av1_estimate_transform_default	MISSING
Codec/transforms.c	av1_fadst32_new	MISSING
Codec/transforms.c	av1_fidentity64_c	MISSING
Codec/transforms.c	av1_tranform_two_d_core_c	MISSING
Codec/transforms.c	energy_computation	ported
Codec/transforms.c	highbd_fwd_txfm_16x16	MISSING
Codec/transforms.c	highbd_fwd_txfm_16x16_n2	MISSING
Codec/transforms.c	highbd_fwd_txfm_16x16_n4	MISSING
Codec/transforms.c	highbd_fwd_txfm_16x32	MISSING
Codec/transforms.c	highbd_fwd_txfm_16x32_n2	MISSING
Codec/transforms.c	highbd_fwd_txfm_16x32_n4	MISSING
Codec/transforms.c	highbd_fwd_txfm_16x4	MISSING
Codec/transforms.c	highbd_fwd_txfm_16x4_n2	MISSING
Codec/transforms.c	highbd_fwd_txfm_16x4_n4	MISSING
Codec/transforms.c	highbd_fwd_txfm_16x64	MISSING
Codec/transforms.c	highbd_fwd_txfm_16x64_n2	MISSING
Codec/transforms.c	highbd_fwd_txfm_16x64_n4	MISSING
Codec/transforms.c	highbd_fwd_txfm_16x8	MISSING
Codec/transforms.c	highbd_fwd_txfm_16x8_n2	MISSING
Codec/transforms.c	highbd_fwd_txfm_16x8_n4	MISSING
Codec/transforms.c	highbd_fwd_txfm_32x16	MISSING
Codec/transforms.c	highbd_fwd_txfm_32x16_n2	MISSING
Codec/transforms.c	highbd_fwd_txfm_32x16_n4	MISSING
Codec/transforms.c	highbd_fwd_txfm_32x32	MISSING
Codec/transforms.c	highbd_fwd_txfm_32x32_n2	MISSING
Codec/transforms.c	highbd_fwd_txfm_32x32_n4	MISSING
Codec/transforms.c	highbd_fwd_txfm_32x64	MISSING
Codec/transforms.c	highbd_fwd_txfm_32x64_n2	MISSING
Codec/transforms.c	highbd_fwd_txfm_32x64_n4	MISSING
Codec/transforms.c	highbd_fwd_txfm_32x8	MISSING
Codec/transforms.c	highbd_fwd_txfm_32x8_n2	MISSING
Codec/transforms.c	highbd_fwd_txfm_32x8_n4	MISSING
Codec/transforms.c	highbd_fwd_txfm_4x16	MISSING
Codec/transforms.c	highbd_fwd_txfm_4x16_n2	MISSING
Codec/transforms.c	highbd_fwd_txfm_4x16_n4	MISSING
Codec/transforms.c	highbd_fwd_txfm_4x8	MISSING
Codec/transforms.c	highbd_fwd_txfm_4x8_n2	MISSING
Codec/transforms.c	highbd_fwd_txfm_4x8_n4	MISSING
Codec/transforms.c	highbd_fwd_txfm_64x16	MISSING
Codec/transforms.c	highbd_fwd_txfm_64x16_n2	MISSING
Codec/transforms.c	highbd_fwd_txfm_64x16_n4	MISSING
Codec/transforms.c	highbd_fwd_txfm_64x32	MISSING
Codec/transforms.c	highbd_fwd_txfm_64x32_n2	MISSING
Codec/transforms.c	highbd_fwd_txfm_64x32_n4	MISSING
Codec/transforms.c	highbd_fwd_txfm_64x64	MISSING
Codec/transforms.c	highbd_fwd_txfm_64x64_n2	MISSING
Codec/transforms.c	highbd_fwd_txfm_64x64_n4	MISSING
Codec/transforms.c	highbd_fwd_txfm_8x16	MISSING
Codec/transforms.c	highbd_fwd_txfm_8x16_n2	MISSING
Codec/transforms.c	highbd_fwd_txfm_8x16_n4	MISSING
Codec/transforms.c	highbd_fwd_txfm_8x32	MISSING
Codec/transforms.c	highbd_fwd_txfm_8x32_n2	MISSING
Codec/transforms.c	highbd_fwd_txfm_8x32_n4	MISSING
Codec/transforms.c	highbd_fwd_txfm_8x4	MISSING
Codec/transforms.c	highbd_fwd_txfm_8x4_n2	MISSING
Codec/transforms.c	highbd_fwd_txfm_8x4_n4	MISSING
Codec/transforms.c	highbd_fwd_txfm_8x8	MISSING
Codec/transforms.c	highbd_fwd_txfm_8x8_n2	MISSING
Codec/transforms.c	highbd_fwd_txfm_8x8_n4	MISSING
Codec/transforms.c	set_fwd_txfm_non_scale_range	ported
Codec/transforms.c	svt_aom_estimate_transform	ported
Codec/transforms.c	svt_aom_fwd_txfm_type_to_func	MISSING
Codec/transforms.c	svt_aom_transform_config	ported
Codec/transforms.c	svt_av1_fadst16_new	MISSING
Codec/transforms.c	svt_av1_fadst4_new	MISSING
Codec/transforms.c	svt_av1_fadst8_new	MISSING
Codec/transforms.c	svt_av1_fdct16_new	MISSING
Codec/transforms.c	svt_av1_fdct32_new	MISSING
Codec/transforms.c	svt_av1_fdct4_new	MISSING
Codec/transforms.c	svt_av1_fdct64_new	MISSING
Codec/transforms.c	svt_av1_fdct8_new	MISSING
Codec/transforms.c	svt_av1_fidentity16_c	MISSING
Codec/transforms.c	svt_av1_fidentity32_c	MISSING
Codec/transforms.c	svt_av1_fidentity4_c	MISSING
Codec/transforms.c	svt_av1_fidentity8_c	MISSING
Codec/transforms.c	svt_av1_fwd_txfm2d_16x32_c	MISSING
Codec/transforms.c	svt_av1_fwd_txfm2d_16x4_c	MISSING
Codec/transforms.c	svt_av1_fwd_txfm2d_16x64_c	MISSING
Codec/transforms.c	svt_av1_fwd_txfm2d_16x8_c	MISSING
Codec/transforms.c	svt_av1_fwd_txfm2d_32x16_c	MISSING
Codec/transforms.c	svt_av1_fwd_txfm2d_32x64_c	MISSING
Codec/transforms.c	svt_av1_fwd_txfm2d_32x8_c	MISSING
Codec/transforms.c	svt_av1_fwd_txfm2d_4x16_c	MISSING
Codec/transforms.c	svt_av1_fwd_txfm2d_4x8_c	MISSING
Codec/transforms.c	svt_av1_fwd_txfm2d_64x16_c	MISSING
Codec/transforms.c	svt_av1_fwd_txfm2d_64x32_c	MISSING
Codec/transforms.c	svt_av1_fwd_txfm2d_8x16_c	MISSING
Codec/transforms.c	svt_av1_fwd_txfm2d_8x32_c	MISSING
Codec/transforms.c	svt_av1_fwd_txfm2d_8x4_c	MISSING
Codec/transforms.c	svt_av1_fwht4x4_c	MISSING
Codec/transforms.c	svt_av1_gen_fwd_stage_range	ported
Codec/transforms.c	svt_av1_highbd_fwd_txfm	ported
Codec/transforms.c	svt_av1_highbd_fwd_txfm_n2	MISSING
Codec/transforms.c	svt_av1_highbd_fwd_txfm_n4	MISSING
Codec/transforms.c	svt_av1_transform_two_d_16x16_c	MISSING
Codec/transforms.c	svt_av1_transform_two_d_32x32_c	MISSING
Codec/transforms.c	svt_av1_transform_two_d_4x4_c	MISSING
Codec/transforms.c	svt_av1_transform_two_d_64x64_c	MISSING
Codec/transforms.c	svt_av1_transform_two_d_8x8_c	MISSING
Codec/transforms.c	svt_av1_wht_fwd_txfm	ported
Codec/transforms.c	svt_handle_transform16x64_c	MISSING
Codec/transforms.c	svt_handle_transform32x64_c	MISSING
Codec/transforms.c	svt_handle_transform64x16_c	MISSING
Codec/transforms.c	svt_handle_transform64x32_c	MISSING
Codec/transforms.c	svt_handle_transform64x64_c	MISSING
Codec/utility.c	count_total_num_of_active_blks	MISSING
Codec/utility.c	get_num_ns_per_part	MISSING
Codec/utility.c	md_scan_all_blks	MISSING
Codec/utility.c	svt_aom_assert_err	MISSING
Codec/utility.c	svt_aom_build_blk_geom	MISSING
Codec/utility.c	svt_aom_get_coded_blk_stats	MISSING
Codec/utility.c	svt_aom_get_mini_gop_stats	ported
Codec/utility.c	svt_fixed_point_test_breakpoint	MISSING
Codec/vector.c	_vector_adjust_capacity	MISSING
Codec/vector.c	_vector_assign	MISSING
Codec/vector.c	_vector_offset	MISSING
Codec/vector.c	_vector_reallocate	MISSING
Codec/vector.c	_vector_should_grow	MISSING
Codec/vector.c	files	MISSING
Codec/vector.c	svt_aom_iterator_get	MISSING
Codec/vector.c	svt_aom_iterator_increment	MISSING
Codec/vector.c	svt_aom_vector_begin	MISSING
Codec/vector.c	svt_aom_vector_byte_size	MISSING
Codec/vector.c	svt_aom_vector_destroy	MISSING
Codec/vector.c	svt_aom_vector_iterator	MISSING
Codec/vector.c	svt_aom_vector_push_back	MISSING
Codec/warped_motion.c	find_affine_int	ported
Codec/warped_motion.c	get_mult_shift_diag	ported
Codec/warped_motion.c	get_mult_shift_ndiag	ported
Codec/warped_motion.c	highbd_warp_plane	ported
Codec/warped_motion.c	is_affine_shear_allowed	ported
Codec/warped_motion.c	is_affine_valid	ported
Codec/warped_motion.c	resolve_divisor_32	ported
Codec/warped_motion.c	resolve_divisor_64	ported
Codec/warped_motion.c	resolve_multiplier_64	MISSING
Codec/warped_motion.c	svt_aom_select_samples	ported
Codec/warped_motion.c	svt_av1_highbd_warp_affine_c	MISSING
Codec/warped_motion.c	svt_av1_warp_affine_c	MISSING
Codec/warped_motion.c	svt_av1_warp_plane	ported
Codec/warped_motion.c	svt_find_projection	ported
Codec/warped_motion.c	svt_get_shear_params	ported
Codec/warped_motion.c	svt_warp_plane	ported
Globals/enc_handle.c	allocate_frame_buffer	MISSING
Globals/enc_handle.c	allocate_y8b_frame_buffer	MISSING
Globals/enc_handle.c	cdef_results_creator	MISSING
Globals/enc_handle.c	cdef_results_ctor	MISSING
Globals/enc_handle.c	compute_default_intra_period	MISSING
Globals/enc_handle.c	compute_default_intra_period_fork	MISSING
Globals/enc_handle.c	compute_default_intra_period_mainline	MISSING
Globals/enc_handle.c	compute_default_look_ahead	MISSING
Globals/enc_handle.c	copy_api_from_app	MISSING
Globals/enc_handle.c	copy_frame_buffer	MISSING
Globals/enc_handle.c	copy_input_buffer	MISSING
Globals/enc_handle.c	copy_output_recon_buffer	MISSING
Globals/enc_handle.c	copy_private_data_list	MISSING
Globals/enc_handle.c	create_pa_ref_buf_descs	MISSING
Globals/enc_handle.c	create_ref_buf_descs	MISSING
Globals/enc_handle.c	create_tpl_ref_buf_descs	MISSING
Globals/enc_handle.c	derive_tf_params	MISSING
Globals/enc_handle.c	derive_vq_params	MISSING
Globals/enc_handle.c	dlf_results_creator	MISSING
Globals/enc_handle.c	dlf_results_ctor	MISSING
Globals/enc_handle.c	downsample_copy_frame_buffer	MISSING
Globals/enc_handle.c	enc_dec_port_lookup	MISSING
Globals/enc_handle.c	enc_dec_port_total_count	MISSING
Globals/enc_handle.c	enc_drain_queue	MISSING
Globals/enc_handle.c	enc_switch_to_real_time	MISSING
Globals/enc_handle.c	get_asm_level_name_str	MISSING
Globals/enc_handle.c	get_max_wavefronts	MISSING
Globals/enc_handle.c	get_num_processors	MISSING
Globals/enc_handle.c	get_num_refs_in_one_mg	MISSING
Globals/enc_handle.c	get_tpl	MISSING
Globals/enc_handle.c	in_cmd_ctor	MISSING
Globals/enc_handle.c	init_svt_av1_encoder_handle	MISSING
Globals/enc_handle.c	is_pic_dimension_single_sb	MISSING
Globals/enc_handle.c	lib_svt_encoder_send_error_exit	MISSING
Globals/enc_handle.c	load_default_buffer_configuration_settings	MISSING
Globals/enc_handle.c	memset_input_buffer	MISSING
Globals/enc_handle.c	pic_mgr_port_lookup	MISSING
Globals/enc_handle.c	pic_mgr_port_total_count	MISSING
Globals/enc_handle.c	rate_control_port_lookup	MISSING
Globals/enc_handle.c	rate_control_port_total_count	MISSING
Globals/enc_handle.c	rest_results_creator	MISSING
Globals/enc_handle.c	rest_results_ctor	MISSING
Globals/enc_handle.c	set_mrp_ctrl	MISSING
Globals/enc_handle.c	set_mrp_ctrl_with_level	MISSING
Globals/enc_handle.c	set_multi_pass_params	MISSING
Globals/enc_handle.c	set_param_based_on_input	MISSING
Globals/enc_handle.c	set_qp_based_th_scaling_ctrls_all_intra	MISSING
Globals/enc_handle.c	set_qp_based_th_scaling_ctrls_default	MISSING
Globals/enc_handle.c	set_qp_based_th_scaling_ctrls_rtc	MISSING
Globals/enc_handle.c	set_segments_numbers	MISSING
Globals/enc_handle.c	svt_aom_clamp_mrp_ctrls_to_runtime_preset	MISSING
Globals/enc_handle.c	svt_aom_tf_max_ref_per_struct	ported
Globals/enc_handle.c	svt_av1_enc_component_de_init	MISSING
Globals/enc_handle.c	svt_av1_enc_deinit	MISSING
Globals/enc_handle.c	svt_av1_enc_deinit_handle	MISSING
Globals/enc_handle.c	svt_av1_enc_get_packet	MISSING
Globals/enc_handle.c	svt_av1_enc_get_stream_info	MISSING
Globals/enc_handle.c	svt_av1_enc_init	MISSING
Globals/enc_handle.c	svt_av1_enc_init_handle	MISSING
Globals/enc_handle.c	svt_av1_enc_release_out_buffer	MISSING
Globals/enc_handle.c	svt_av1_enc_send_picture	MISSING
Globals/enc_handle.c	svt_av1_enc_set_parameter	MISSING
Globals/enc_handle.c	svt_av1_enc_stream_header	MISSING
Globals/enc_handle.c	svt_av1_enc_stream_header_release	MISSING
Globals/enc_handle.c	svt_av1_get_recon	MISSING
Globals/enc_handle.c	svt_av1_get_version	MISSING
Globals/enc_handle.c	svt_av1_print_version	MISSING
Globals/enc_handle.c	svt_av1_set_log_callback	MISSING
Globals/enc_handle.c	svt_enc_handle_ctor	MISSING
Globals/enc_handle.c	svt_enc_handle_dctor	MISSING
Globals/enc_handle.c	svt_enc_handle_stop_threads	MISSING
Globals/enc_handle.c	svt_hdr_get_version	MISSING
Globals/enc_handle.c	svt_input_buffer_header_creator	MISSING
Globals/enc_handle.c	svt_input_buffer_header_destroyer	MISSING
Globals/enc_handle.c	svt_input_buffer_header_update	MISSING
Globals/enc_handle.c	svt_input_cmd_creator	MISSING
Globals/enc_handle.c	svt_input_y8b_creator	MISSING
Globals/enc_handle.c	svt_input_y8b_destroyer	MISSING
Globals/enc_handle.c	svt_input_y8b_update	MISSING
Globals/enc_handle.c	svt_output_buffer_header_creator	MISSING
Globals/enc_handle.c	svt_output_buffer_header_destroyer	MISSING
Globals/enc_handle.c	svt_output_recon_buffer_header_creator	MISSING
Globals/enc_handle.c	svt_output_recon_buffer_header_destroyer	MISSING
Globals/enc_handle.c	svt_overlay_buffer_header_creator	MISSING
Globals/enc_handle.c	tf_controls	MISSING
Globals/enc_handle.c	tf_ld_controls	MISSING
Globals/enc_handle.c	tpl_disp_results_creator	MISSING
Globals/enc_handle.c	tpl_disp_results_ctor	MISSING
Globals/enc_handle.c	tpl_port_lookup	MISSING
Globals/enc_handle.c	tpl_port_total_count	MISSING
Globals/enc_handle.c	update_look_ahead	MISSING
Globals/enc_handle.c	validate_on_the_fly_settings	MISSING
Globals/enc_handle.c	validate_scaling_params	MISSING
Globals/enc_settings.c	count_params	MISSING
Globals/enc_settings.c	get_extended_crf	MISSING
Globals/enc_settings.c	level_to_str	MISSING
Globals/enc_settings.c	str_to_asm	MISSING
Globals/enc_settings.c	str_to_bitrate	MISSING
Globals/enc_settings.c	str_to_bool	MISSING
Globals/enc_settings.c	str_to_chroma_sample_position	MISSING
Globals/enc_settings.c	str_to_color_fmt	MISSING
Globals/enc_settings.c	str_to_color_primaries	MISSING
Globals/enc_settings.c	str_to_color_range	MISSING
Globals/enc_settings.c	str_to_cqp	MISSING
Globals/enc_settings.c	str_to_crf	MISSING
Globals/enc_settings.c	str_to_double	MISSING
Globals/enc_settings.c	str_to_frm_resz_evts	MISSING
Globals/enc_settings.c	str_to_int	MISSING
Globals/enc_settings.c	str_to_int64	MISSING
Globals/enc_settings.c	str_to_int8	MISSING
Globals/enc_settings.c	str_to_intra_rt	MISSING
Globals/enc_settings.c	str_to_keyint	MISSING
Globals/enc_settings.c	str_to_matrix_coefficients	MISSING
Globals/enc_settings.c	str_to_pred_struct	MISSING
Globals/enc_settings.c	str_to_profile	MISSING
Globals/enc_settings.c	str_to_rc_mode	MISSING
Globals/enc_settings.c	str_to_resz_denoms	MISSING
Globals/enc_settings.c	str_to_resz_kf_denoms	MISSING
Globals/enc_settings.c	str_to_sframe_mode	MISSING
Globals/enc_settings.c	str_to_sframe_posi	MISSING
Globals/enc_settings.c	str_to_sframe_qp	MISSING
Globals/enc_settings.c	str_to_sframe_qp_offset	MISSING
Globals/enc_settings.c	str_to_transfer_characteristics	MISSING
Globals/enc_settings.c	str_to_uint	MISSING
Globals/enc_settings.c	str_to_uint64	MISSING
Globals/enc_settings.c	str_to_uint8	MISSING
Globals/enc_settings.c	svt_av1_enc_parse_parameter	MISSING
Globals/enc_settings.c	svt_av1_print_lib_params	MISSING
Globals/enc_settings.c	svt_av1_set_default_params	MISSING
Globals/enc_settings.c	svt_av1_verify_settings	MISSING
Globals/enc_settings.c	tier_to_str	MISSING
Globals/metadata_handle.c	clip16be	MISSING
Globals/metadata_handle.c	intswap16	MISSING
Globals/metadata_handle.c	intswap32	MISSING
Globals/metadata_handle.c	parse_double	MISSING
Globals/metadata_handle.c	svt_add_metadata	MISSING
Globals/metadata_handle.c	svt_aom_copy_metadata_buffer	MISSING
Globals/metadata_handle.c	svt_aom_parse_content_light_level	MISSING
Globals/metadata_handle.c	svt_aom_parse_mastering_display	MISSING
Globals/metadata_handle.c	svt_metadata_alloc	MISSING
Globals/metadata_handle.c	svt_metadata_array_alloc	MISSING
Globals/metadata_handle.c	svt_metadata_array_free	MISSING
Globals/metadata_handle.c	svt_metadata_free	MISSING
Globals/metadata_handle.c	svt_metadata_size	MISSING
C_DEFAULT/blend_a64_mask_c.c	svt_aom_highbd_blend_a64_vmask_16bit_c	MISSING
C_DEFAULT/cfl_c.c	get_scaled_luma_q0	MISSING
C_DEFAULT/cfl_c.c	svt_cfl_predict_hbd_c	MISSING
C_DEFAULT/cfl_c.c	svt_cfl_predict_lbd_c	MISSING
C_DEFAULT/compute_sad_c.c	svt_aom_sad_16b_kernel_c	MISSING
C_DEFAULT/compute_sad_c.c	svt_nxm_sad_kernel_helper_c	MISSING
C_DEFAULT/compute_sad_c.c	svt_sad_loop_kernel_c	MISSING
C_DEFAULT/encode_txb_ref_c.c	get_nz_map_ctx	MISSING
C_DEFAULT/encode_txb_ref_c.c	svt_av1_get_nz_map_contexts_c	MISSING
C_DEFAULT/filterintra_c.c	svt_av1_filter_intra_predictor_c	MISSING
C_DEFAULT/inter_prediction_c.c	diffwtd_mask_d16	MISSING
C_DEFAULT/inter_prediction_c.c	svt_av1_build_compound_diffwtd_mask_d16_c	MISSING
C_DEFAULT/intra_prediction_c.c	svt_av1_highbd_dr_prediction_z3_c	MISSING
C_DEFAULT/intra_prediction_c.c	svt_av1_upsample_intra_edge_c	MISSING
C_DEFAULT/intra_prediction_c.c	svt_av1_upsample_intra_edge_high_c	MISSING
C_DEFAULT/pack_unpack_c.c	svt_c_unpack_compressed_10bit	MISSING
C_DEFAULT/pack_unpack_c.c	svt_compressed_packmsb_c	MISSING
C_DEFAULT/pack_unpack_c.c	svt_convert_16bit_to_8bit_c	MISSING
C_DEFAULT/pack_unpack_c.c	svt_convert_8bit_to_16bit_c	MISSING
C_DEFAULT/pack_unpack_c.c	svt_enc_msb_pack2_d	MISSING
C_DEFAULT/pack_unpack_c.c	svt_enc_msb_un_pack2_d	MISSING
C_DEFAULT/pack_unpack_c.c	svt_unpack_and_2bcompress_c	MISSING
C_DEFAULT/picture_operators_c.c	hadamard_col4	ported
C_DEFAULT/picture_operators_c.c	hadamard_col8	ported
C_DEFAULT/picture_operators_c.c	hadamard_highbd_col8_first_pass	MISSING
C_DEFAULT/picture_operators_c.c	hadamard_highbd_col8_second_pass	MISSING
C_DEFAULT/picture_operators_c.c	svt_aom_hadamard_16x16_c	MISSING
C_DEFAULT/picture_operators_c.c	svt_aom_hadamard_32x32_c	MISSING
C_DEFAULT/picture_operators_c.c	svt_aom_hadamard_4x4_c	MISSING
C_DEFAULT/picture_operators_c.c	svt_aom_hadamard_8x8_c	MISSING
C_DEFAULT/picture_operators_c.c	svt_aom_highbd_hadamard_8x8_c	MISSING
C_DEFAULT/picture_operators_c.c	svt_aom_picture_copy_kernel	MISSING
C_DEFAULT/picture_operators_c.c	svt_av1_copy_wxh_16bit_c	MISSING
C_DEFAULT/picture_operators_c.c	svt_av1_copy_wxh_8bit_c	MISSING
C_DEFAULT/picture_operators_c.c	svt_memcpy_c	MISSING
C_DEFAULT/picture_operators_c.c	svt_memset_c	MISSING
C_DEFAULT/picture_operators_c.c	svt_spatial_full_distortion_kernel_c	MISSING
C_DEFAULT/sad_av1.c	obmc_sad	ported
C_DEFAULT/variance.c	aom_var_filter_block2d_bil_first_pass_c	MISSING
C_DEFAULT/variance.c	aom_var_filter_block2d_bil_second_pass_c	MISSING
C_DEFAULT/variance.c	av1_get_filter	ported
C_DEFAULT/variance.c	obmc_variance	ported
C_DEFAULT/variance.c	svt_aom_highbd_mse16x16_c	MISSING
C_DEFAULT/variance.c	svt_aom_upsampled_pred_c	MISSING
C_DEFAULT/variance.c	svt_aom_variance_highbd_c	MISSING
C_DEFAULT/variance.c	variance_c	MISSING
