class	image	arm	preset	qp	bytes	wall_ms	cpu_ms	ssim2	note
1000-lilith-photos-general	imazen-26-png-v3/png-v3/1000-lilith-photos-general/1033_general_stone-tunnel-lights_placa-pedro-infante-valladolid_s23u_iso800-f1p7_20230918-111620_3000x4000.sdr.png	s4	4	20	50858	389.33807000285015	2673.201	82.490	
1000-lilith-photos-general	imazen-26-png-v3/png-v3/1000-lilith-photos-general/1033_general_stone-tunnel-lights_placa-pedro-infante-valladolid_s23u_iso800-f1p7_20230918-111620_3000x4000.sdr.png	s4	4	32	29197	383.5052420035936	2051.257	71.430	
1000-lilith-photos-general	imazen-26-png-v3/png-v3/1000-lilith-photos-general/1033_general_stone-tunnel-lights_placa-pedro-infante-valladolid_s23u_iso800-f1p7_20230918-111620_3000x4000.sdr.png	s4	4	44	14033	409.55624399066437	2974.568	43.236	
1000-lilith-photos-general	imazen-26-png-v3/png-v3/1000-lilith-photos-general/1033_general_stone-tunnel-lights_placa-pedro-infante-valladolid_s23u_iso800-f1p7_20230918-111620_3000x4000.sdr.png	s6	4	20	51742	393.9289169939002	2673.201	82.662	
1000-lilith-photos-general	imazen-26-png-v3/png-v3/1000-lilith-photos-general/1033_general_stone-tunnel-lights_placa-pedro-infante-valladolid_s23u_iso800-f1p7_20230918-111620_3000x4000.sdr.png	s6	4	32	30226	367.10301401035395	1381.891	71.924	
1000-lilith-photos-general	imazen-26-png-v3/png-v3/1000-lilith-photos-general/1033_general_stone-tunnel-lights_placa-pedro-infante-valladolid_s23u_iso800-f1p7_20230918-111620_3000x4000.sdr.png	s6	4	44	14620	382.81435999670066	2051.257	44.754	
1000-lilith-photos-general	imazen-26-png-v3/png-v3/1000-lilith-photos-general/1033_general_stone-tunnel-lights_placa-pedro-infante-valladolid_s23u_iso800-f1p7_20230918-111620_3000x4000.sdr.png	s4	6	20	51789	220.97965399734676	1048.824	82.477	
1000-lilith-photos-general	imazen-26-png-v3/png-v3/1000-lilith-photos-general/1033_general_stone-tunnel-lights_placa-pedro-infante-valladolid_s23u_iso800-f1p7_20230918-111620_3000x4000.sdr.png	s4	6	32	29888	204.8698809958296	677.021	71.463	
1000-lilith-photos-general	imazen-26-png-v3/png-v3/1000-lilith-photos-general/1033_general_stone-tunnel-lights_placa-pedro-infante-valladolid_s23u_iso800-f1p7_20230918-111620_3000x4000.sdr.png	s4	6	44	14440	160.79889998945873	160.153	43.577	
1000-lilith-photos-general	imazen-26-png-v3/png-v3/1000-lilith-photos-general/1033_general_stone-tunnel-lights_placa-pedro-infante-valladolid_s23u_iso800-f1p7_20230918-111620_3000x4000.sdr.png	s6	6	20	52517	199.38178900338244	506.292	82.737	
1000-lilith-photos-general	imazen-26-png-v3/png-v3/1000-lilith-photos-general/1033_general_stone-tunnel-lights_placa-pedro-infante-valladolid_s23u_iso800-f1p7_20230918-111620_3000x4000.sdr.png	s6	6	32	30778	183.75880998792127	331.947	71.839	
1000-lilith-photos-general	imazen-26-png-v3/png-v3/1000-lilith-photos-general/1033_general_stone-tunnel-lights_placa-pedro-infante-valladolid_s23u_iso800-f1p7_20230918-111620_3000x4000.sdr.png	s6	6	44	15028	214.5646110002417	1048.824	44.821	
1000-lilith-photos-general	imazen-26-png-v3/png-v3/1000-lilith-photos-general/1033_general_stone-tunnel-lights_placa-pedro-infante-valladolid_s23u_iso800-f1p7_20230918-111620_3000x4000.sdr.png	s4	8	20	52810	293.0539039953146	227.03499999999977	82.299	
1000-lilith-photos-general	imazen-26-png-v3/png-v3/1000-lilith-photos-general/1033_general_stone-tunnel-lights_placa-pedro-infante-valladolid_s23u_iso800-f1p7_20230918-111620_3000x4000.sdr.png	s4	8	32	30977	213.25543599959929	281.96999999999986	70.936	
1000-lilith-photos-general	imazen-26-png-v3/png-v3/1000-lilith-photos-general/1033_general_stone-tunnel-lights_placa-pedro-infante-valladolid_s23u_iso800-f1p7_20230918-111620_3000x4000.sdr.png	s4	8	44	14894	288.487272002385	523.6149999999999	43.478	
1000-lilith-photos-general	imazen-26-png-v3/png-v3/1000-lilith-photos-general/1033_general_stone-tunnel-lights_placa-pedro-infante-valladolid_s23u_iso800-f1p7_20230918-111620_3000x4000.sdr.png	s6	8	20	53467	363.2595759991091	817.3439999999998	82.477	
1000-lilith-photos-general	imazen-26-png-v3/png-v3/1000-lilith-photos-general/1033_general_stone-tunnel-lights_placa-pedro-infante-valladolid_s23u_iso800-f1p7_20230918-111620_3000x4000.sdr.png	s6	8	32	31819	193.43578699044883	521.3379999999995	71.362	
1000-lilith-photos-general	imazen-26-png-v3/png-v3/1000-lilith-photos-general/1033_general_stone-tunnel-lights_placa-pedro-infante-valladolid_s23u_iso800-f1p7_20230918-111620_3000x4000.sdr.png	s6	8	44	15436	270.5001739959698	986.452	44.108	
1000-lilith-photos-general	imazen-26-png-v3/png-v3/1000-lilith-photos-general/1033_general_stone-tunnel-lights_placa-pedro-infante-valladolid_s23u_iso800-f1p7_20230918-111620_3000x4000.sdr.png	s4	10	20	53334	163.81763201206923	611.2760000000003	82.519	
1000-lilith-photos-general	imazen-26-png-v3/png-v3/1000-lilith-photos-general/1033_general_stone-tunnel-lights_placa-pedro-infante-valladolid_s23u_iso800-f1p7_20230918-111620_3000x4000.sdr.png	s4	10	32	31223	163.01981800643262	611.2760000000003	70.974	
1000-lilith-photos-general	imazen-26-png-v3/png-v3/1000-lilith-photos-general/1033_general_stone-tunnel-lights_placa-pedro-infante-valladolid_s23u_iso800-f1p7_20230918-111620_3000x4000.sdr.png	s4	10	44	15036	227.29132999666035	614.1259999999997	43.880	
1000-lilith-photos-general	imazen-26-png-v3/png-v3/1000-lilith-photos-general/1033_general_stone-tunnel-lights_placa-pedro-infante-valladolid_s23u_iso800-f1p7_20230918-111620_3000x4000.sdr.png	s6	10	20	54039	226.42017500766087	799.7710000000004	82.635	
1000-lilith-photos-general	imazen-26-png-v3/png-v3/1000-lilith-photos-general/1033_general_stone-tunnel-lights_placa-pedro-infante-valladolid_s23u_iso800-f1p7_20230918-111620_3000x4000.sdr.png	s6	10	32	32112	210.85273199423682	792.4880000000003	71.656	
1000-lilith-photos-general	imazen-26-png-v3/png-v3/1000-lilith-photos-general/1033_general_stone-tunnel-lights_placa-pedro-infante-valladolid_s23u_iso800-f1p7_20230918-111620_3000x4000.sdr.png	s6	10	44	15578	779.276437999215	543.026	44.491	
1000-lilith-photos-general	imazen-26-png-v3/png-v3/1000-lilith-photos-general/1050_general_riverside-walkway-and-river_louvre-palace-paris_s23u_iso50-f2p2_20240425-154625_4000x3000.sdr.png	s4	4	20	28912	380.75597200077027	414.61899999999963	78.797	
1000-lilith-photos-general	imazen-26-png-v3/png-v3/1000-lilith-photos-general/1050_general_riverside-walkway-and-river_louvre-palace-paris_s23u_iso50-f2p2_20240425-154625_4000x3000.sdr.png	s4	4	32	16054	539.9831460090354	1046.7309999999993	66.008	
1000-lilith-photos-general	imazen-26-png-v3/png-v3/1000-lilith-photos-general/1050_general_riverside-walkway-and-river_louvre-palace-paris_s23u_iso50-f2p2_20240425-154625_4000x3000.sdr.png	s4	4	44	7067	419.5546309929341	663.0209999999989	36.269	
1000-lilith-photos-general	imazen-26-png-v3/png-v3/1000-lilith-photos-general/1050_general_riverside-walkway-and-river_louvre-palace-paris_s23u_iso50-f2p2_20240425-154625_4000x3000.sdr.png	s6	4	20	30842	373.24999799602665	1340.0409999999997	80.048	
1000-lilith-photos-general	imazen-26-png-v3/png-v3/1000-lilith-photos-general/1050_general_riverside-walkway-and-river_louvre-palace-paris_s23u_iso50-f2p2_20240425-154625_4000x3000.sdr.png	s6	4	32	17812	417.00627200771123	1969.523	69.192	
1000-lilith-photos-general	imazen-26-png-v3/png-v3/1000-lilith-photos-general/1050_general_riverside-walkway-and-river_louvre-palace-paris_s23u_iso50-f2p2_20240425-154625_4000x3000.sdr.png	s6	4	44	7984	401.21058499789797	1969.523	41.883	
1000-lilith-photos-general	imazen-26-png-v3/png-v3/1000-lilith-photos-general/1050_general_riverside-walkway-and-river_louvre-palace-paris_s23u_iso50-f2p2_20240425-154625_4000x3000.sdr.png	s4	6	20	29853	245.5536709894659	1121.13	79.005	
1000-lilith-photos-general	imazen-26-png-v3/png-v3/1000-lilith-photos-general/1050_general_riverside-walkway-and-river_louvre-palace-paris_s23u_iso50-f2p2_20240425-154625_4000x3000.sdr.png	s4	6	32	16845	237.63088500709273	1371.5229999999995	66.399	
1000-lilith-photos-general	imazen-26-png-v3/png-v3/1000-lilith-photos-general/1050_general_riverside-walkway-and-river_louvre-palace-paris_s23u_iso50-f2p2_20240425-154625_4000x3000.sdr.png	s4	6	44	7475	242.63602000428364	1371.5229999999995	38.127	
1000-lilith-photos-general	imazen-26-png-v3/png-v3/1000-lilith-photos-general/1050_general_riverside-walkway-and-river_louvre-palace-paris_s23u_iso50-f2p2_20240425-154625_4000x3000.sdr.png	s6	6	20	31593	248.20704900776036	1466.2330000000004	80.127	
1000-lilith-photos-general	imazen-26-png-v3/png-v3/1000-lilith-photos-general/1050_general_riverside-walkway-and-river_louvre-palace-paris_s23u_iso50-f2p2_20240425-154625_4000x3000.sdr.png	s6	6	32	18514	293.6515990004409	1273.367	69.711	
1000-lilith-photos-general	imazen-26-png-v3/png-v3/1000-lilith-photos-general/1050_general_riverside-walkway-and-river_louvre-palace-paris_s23u_iso50-f2p2_20240425-154625_4000x3000.sdr.png	s6	6	44	8342	196.64167599694338	1114.6380000000006	42.293	
1000-lilith-photos-general	imazen-26-png-v3/png-v3/1000-lilith-photos-general/1050_general_riverside-walkway-and-river_louvre-palace-paris_s23u_iso50-f2p2_20240425-154625_4000x3000.sdr.png	s4	8	20	31226	355.3626689972589	169.36200000000002	79.040	
1000-lilith-photos-general	imazen-26-png-v3/png-v3/1000-lilith-photos-general/1050_general_riverside-walkway-and-river_louvre-palace-paris_s23u_iso50-f2p2_20240425-154625_4000x3000.sdr.png	s4	8	32	17741	470.9678549988894	254.14800000000116	67.593	
1000-lilith-photos-general	imazen-26-png-v3/png-v3/1000-lilith-photos-general/1050_general_riverside-walkway-and-river_louvre-palace-paris_s23u_iso50-f2p2_20240425-154625_4000x3000.sdr.png	s4	8	44	7956	238.49160899408162	182.7519999999998	39.546	
1000-lilith-photos-general	imazen-26-png-v3/png-v3/1000-lilith-photos-general/1050_general_riverside-walkway-and-river_louvre-palace-paris_s23u_iso50-f2p2_20240425-154625_4000x3000.sdr.png	s6	8	20	32976	244.82937500579283	307.0710000000001	79.959	
1000-lilith-photos-general	imazen-26-png-v3/png-v3/1000-lilith-photos-general/1050_general_riverside-walkway-and-river_louvre-palace-paris_s23u_iso50-f2p2_20240425-154625_4000x3000.sdr.png	s6	8	32	19343	218.39568699942902	358.7729999999998	70.091	
1000-lilith-photos-general	imazen-26-png-v3/png-v3/1000-lilith-photos-general/1050_general_riverside-walkway-and-river_louvre-palace-paris_s23u_iso50-f2p2_20240425-154625_4000x3000.sdr.png	s6	8	44	8800	161.60400900116656	229.1960000000004	44.003	
1000-lilith-photos-general	imazen-26-png-v3/png-v3/1000-lilith-photos-general/1050_general_riverside-walkway-and-river_louvre-palace-paris_s23u_iso50-f2p2_20240425-154625_4000x3000.sdr.png	s4	10	20	31698	183.64681799721438	516.9079999999999	79.247	
1000-lilith-photos-general	imazen-26-png-v3/png-v3/1000-lilith-photos-general/1050_general_riverside-walkway-and-river_louvre-palace-paris_s23u_iso50-f2p2_20240425-154625_4000x3000.sdr.png	s4	10	32	17918	204.0652329887962	560.7579999999998	67.860	
1000-lilith-photos-general	imazen-26-png-v3/png-v3/1000-lilith-photos-general/1050_general_riverside-walkway-and-river_louvre-palace-paris_s23u_iso50-f2p2_20240425-154625_4000x3000.sdr.png	s4	10	44	8047	172.76000400306657	560.7579999999998	40.774	
1000-lilith-photos-general	imazen-26-png-v3/png-v3/1000-lilith-photos-general/1050_general_riverside-walkway-and-river_louvre-palace-paris_s23u_iso50-f2p2_20240425-154625_4000x3000.sdr.png	s6	10	20	33273	216.81613801047206	637.4349999999987	80.082	
1000-lilith-photos-general	imazen-26-png-v3/png-v3/1000-lilith-photos-general/1050_general_riverside-walkway-and-river_louvre-palace-paris_s23u_iso50-f2p2_20240425-154625_4000x3000.sdr.png	s6	10	32	19534	242.68039398884866	672.9139999999991	69.891	
1000-lilith-photos-general	imazen-26-png-v3/png-v3/1000-lilith-photos-general/1050_general_riverside-walkway-and-river_louvre-palace-paris_s23u_iso50-f2p2_20240425-154625_4000x3000.sdr.png	s6	10	44	8862	252.84925500454847	181.45600000000027	44.209	
1200-lilith-interiors	imazen-26-png-v3/png-v3/1200-lilith-interiors/1205_interiors_modern-living-room_tulum-mexico_s23u_iso160-f1p7_20230917-114545_3000x4000.sdr.png	s4	4	20	35380	544.8203620035201	440.61699999999917	79.780	
1200-lilith-interiors	imazen-26-png-v3/png-v3/1200-lilith-interiors/1205_interiors_modern-living-room_tulum-mexico_s23u_iso160-f1p7_20230917-114545_3000x4000.sdr.png	s4	4	32	21501	630.7896790094674	670.601	65.356	
1200-lilith-interiors	imazen-26-png-v3/png-v3/1200-lilith-interiors/1205_interiors_modern-living-room_tulum-mexico_s23u_iso160-f1p7_20230917-114545_3000x4000.sdr.png	s4	4	44	9921	386.03386499744374	423.78399999999993	34.171	
1200-lilith-interiors	imazen-26-png-v3/png-v3/1200-lilith-interiors/1205_interiors_modern-living-room_tulum-mexico_s23u_iso160-f1p7_20230917-114545_3000x4000.sdr.png	s6	4	20	36879	345.2607859944692	629.9740000000003	80.784	
1200-lilith-interiors	imazen-26-png-v3/png-v3/1200-lilith-interiors/1205_interiors_modern-living-room_tulum-mexico_s23u_iso160-f1p7_20230917-114545_3000x4000.sdr.png	s6	4	32	23154	414.4695440045325	1029.499000000001	68.820	
1200-lilith-interiors	imazen-26-png-v3/png-v3/1200-lilith-interiors/1205_interiors_modern-living-room_tulum-mexico_s23u_iso160-f1p7_20230917-114545_3000x4000.sdr.png	s6	4	44	10878	295.17276800470427	1288.0900000000004	38.235	
1200-lilith-interiors	imazen-26-png-v3/png-v3/1200-lilith-interiors/1205_interiors_modern-living-room_tulum-mexico_s23u_iso160-f1p7_20230917-114545_3000x4000.sdr.png	s4	6	20	36724	317.9006079881219	1525.8909999999996	79.862	
1200-lilith-interiors	imazen-26-png-v3/png-v3/1200-lilith-interiors/1205_interiors_modern-living-room_tulum-mexico_s23u_iso160-f1p7_20230917-114545_3000x4000.sdr.png	s4	6	32	22727	190.82938801147975	1119.395000000001	66.775	
1200-lilith-interiors	imazen-26-png-v3/png-v3/1200-lilith-interiors/1205_interiors_modern-living-room_tulum-mexico_s23u_iso160-f1p7_20230917-114545_3000x4000.sdr.png	s4	6	44	10769	274.27099499618635	1385.7880000000011	36.000	
1200-lilith-interiors	imazen-26-png-v3/png-v3/1200-lilith-interiors/1205_interiors_modern-living-room_tulum-mexico_s23u_iso160-f1p7_20230917-114545_3000x4000.sdr.png	s6	6	20	38241	243.2856340019498	1385.7880000000011	80.724	
1200-lilith-interiors	imazen-26-png-v3/png-v3/1200-lilith-interiors/1205_interiors_modern-living-room_tulum-mexico_s23u_iso160-f1p7_20230917-114545_3000x4000.sdr.png	s6	6	32	24260	251.7004029941745	1346.4409999999996	68.806	
1200-lilith-interiors	imazen-26-png-v3/png-v3/1200-lilith-interiors/1205_interiors_modern-living-room_tulum-mexico_s23u_iso160-f1p7_20230917-114545_3000x4000.sdr.png	s6	6	44	11590	251.25976599520072	942.6579999999989	38.611	
1200-lilith-interiors	imazen-26-png-v3/png-v3/1200-lilith-interiors/1205_interiors_modern-living-room_tulum-mexico_s23u_iso160-f1p7_20230917-114545_3000x4000.sdr.png	s4	8	20	37993	462.25084199977573	186.93800000000093	80.057	
1200-lilith-interiors	imazen-26-png-v3/png-v3/1200-lilith-interiors/1205_interiors_modern-living-room_tulum-mexico_s23u_iso160-f1p7_20230917-114545_3000x4000.sdr.png	s4	8	32	23471	493.79015500016976	249.60600000000088	67.671	
1200-lilith-interiors	imazen-26-png-v3/png-v3/1200-lilith-interiors/1205_interiors_modern-living-room_tulum-mexico_s23u_iso160-f1p7_20230917-114545_3000x4000.sdr.png	s4	8	44	11099	286.1210280098021	163.4960000000012	36.688	
1200-lilith-interiors	imazen-26-png-v3/png-v3/1200-lilith-interiors/1205_interiors_modern-living-room_tulum-mexico_s23u_iso160-f1p7_20230917-114545_3000x4000.sdr.png	s6	8	20	39340	234.45156701200176	462.7110000000005	80.647	
1200-lilith-interiors	imazen-26-png-v3/png-v3/1200-lilith-interiors/1205_interiors_modern-living-room_tulum-mexico_s23u_iso160-f1p7_20230917-114545_3000x4000.sdr.png	s6	8	32	24977	191.96224899496883	464.9100000000015	69.595	
1200-lilith-interiors	imazen-26-png-v3/png-v3/1200-lilith-interiors/1205_interiors_modern-living-room_tulum-mexico_s23u_iso160-f1p7_20230917-114545_3000x4000.sdr.png	s6	8	44	11982	274.79410800151527	887.3600000000006	39.681	
1200-lilith-interiors	imazen-26-png-v3/png-v3/1200-lilith-interiors/1205_interiors_modern-living-room_tulum-mexico_s23u_iso160-f1p7_20230917-114545_3000x4000.sdr.png	s4	10	20	38338	212.8763149958104	476.8050000000015	80.075	
1200-lilith-interiors	imazen-26-png-v3/png-v3/1200-lilith-interiors/1205_interiors_modern-living-room_tulum-mexico_s23u_iso160-f1p7_20230917-114545_3000x4000.sdr.png	s4	10	32	23810	259.48412499565165	887.3600000000006	67.317	
1200-lilith-interiors	imazen-26-png-v3/png-v3/1200-lilith-interiors/1205_interiors_modern-living-room_tulum-mexico_s23u_iso160-f1p7_20230917-114545_3000x4000.sdr.png	s4	10	44	11404	212.76267900248058	442.76199999999966	37.182	
1200-lilith-interiors	imazen-26-png-v3/png-v3/1200-lilith-interiors/1205_interiors_modern-living-room_tulum-mexico_s23u_iso160-f1p7_20230917-114545_3000x4000.sdr.png	s6	10	20	39724	223.56931200192776	908.5260000000011	80.761	
1200-lilith-interiors	imazen-26-png-v3/png-v3/1200-lilith-interiors/1205_interiors_modern-living-room_tulum-mexico_s23u_iso160-f1p7_20230917-114545_3000x4000.sdr.png	s6	10	32	25315	187.24923899571877	662.0700000000004	69.639	
1200-lilith-interiors	imazen-26-png-v3/png-v3/1200-lilith-interiors/1205_interiors_modern-living-room_tulum-mexico_s23u_iso160-f1p7_20230917-114545_3000x4000.sdr.png	s6	10	44	12251	217.901397991227	869.8180000000013	39.644	
1200-lilith-interiors	imazen-26-png-v3/png-v3/1200-lilith-interiors/1225_interiors_kitchen-appliances-overhead_minamiizu-japan_s23u_iso200-f1p7_20250307-112014_3000x4000.sdr.png	s4	4	20	38906	1195.3088000009302	848.1740000000011	78.112	
1200-lilith-interiors	imazen-26-png-v3/png-v3/1200-lilith-interiors/1225_interiors_kitchen-appliances-overhead_minamiizu-japan_s23u_iso200-f1p7_20250307-112014_3000x4000.sdr.png	s4	4	32	19722	310.7856569986325	459.23999999999853	64.738	
1200-lilith-interiors	imazen-26-png-v3/png-v3/1200-lilith-interiors/1225_interiors_kitchen-appliances-overhead_minamiizu-japan_s23u_iso200-f1p7_20250307-112014_3000x4000.sdr.png	s4	4	44	7932	449.35361899842974	1593.1760000000002	35.121	
1200-lilith-interiors	imazen-26-png-v3/png-v3/1200-lilith-interiors/1225_interiors_kitchen-appliances-overhead_minamiizu-japan_s23u_iso200-f1p7_20250307-112014_3000x4000.sdr.png	s6	4	20	40932	372.9946130042663	2211.365000000001	79.615	
1200-lilith-interiors	imazen-26-png-v3/png-v3/1200-lilith-interiors/1225_interiors_kitchen-appliances-overhead_minamiizu-japan_s23u_iso200-f1p7_20250307-112014_3000x4000.sdr.png	s6	4	32	22474	383.69449198944494	2722.274999999999	68.061	
1200-lilith-interiors	imazen-26-png-v3/png-v3/1200-lilith-interiors/1225_interiors_kitchen-appliances-overhead_minamiizu-japan_s23u_iso200-f1p7_20250307-112014_3000x4000.sdr.png	s6	4	44	9080	308.8305040000705	1765.6780000000003	42.156	
1200-lilith-interiors	imazen-26-png-v3/png-v3/1200-lilith-interiors/1225_interiors_kitchen-appliances-overhead_minamiizu-japan_s23u_iso200-f1p7_20250307-112014_3000x4000.sdr.png	s4	6	20	41910	231.52155299612787	605.9839999999995	78.701	
1200-lilith-interiors	imazen-26-png-v3/png-v3/1200-lilith-interiors/1225_interiors_kitchen-appliances-overhead_minamiizu-japan_s23u_iso200-f1p7_20250307-112014_3000x4000.sdr.png	s4	6	32	22306	195.45064399426337	307.1379999999983	65.597	
1200-lilith-interiors	imazen-26-png-v3/png-v3/1200-lilith-interiors/1225_interiors_kitchen-appliances-overhead_minamiizu-japan_s23u_iso200-f1p7_20250307-112014_3000x4000.sdr.png	s4	6	44	9543	195.59140100318473	415.4989999999996	38.002	
1200-lilith-interiors	imazen-26-png-v3/png-v3/1200-lilith-interiors/1225_interiors_kitchen-appliances-overhead_minamiizu-japan_s23u_iso200-f1p7_20250307-112014_3000x4000.sdr.png	s6	6	20	43540	193.99614199937787	923.772000000001	79.709	
1200-lilith-interiors	imazen-26-png-v3/png-v3/1200-lilith-interiors/1225_interiors_kitchen-appliances-overhead_minamiizu-japan_s23u_iso200-f1p7_20250307-112014_3000x4000.sdr.png	s6	6	32	24701	183.73362300917506	1351.9959999999996	68.509	
1200-lilith-interiors	imazen-26-png-v3/png-v3/1200-lilith-interiors/1225_interiors_kitchen-appliances-overhead_minamiizu-japan_s23u_iso200-f1p7_20250307-112014_3000x4000.sdr.png	s6	6	44	10594	195.82806101243477	1907.020000000002	42.855	
1200-lilith-interiors	imazen-26-png-v3/png-v3/1200-lilith-interiors/1225_interiors_kitchen-appliances-overhead_minamiizu-japan_s23u_iso200-f1p7_20250307-112014_3000x4000.sdr.png	s4	8	20	43665	771.3035979977576	155.40799999999956	78.880	
1200-lilith-interiors	imazen-26-png-v3/png-v3/1200-lilith-interiors/1225_interiors_kitchen-appliances-overhead_minamiizu-japan_s23u_iso200-f1p7_20250307-112014_3000x4000.sdr.png	s4	8	32	23836	177.66038000991102	227.2399999999988	66.756	
1200-lilith-interiors	imazen-26-png-v3/png-v3/1200-lilith-interiors/1225_interiors_kitchen-appliances-overhead_minamiizu-japan_s23u_iso200-f1p7_20250307-112014_3000x4000.sdr.png	s4	8	44	10374	273.5461080010282	396.66900000000015	39.934	
1200-lilith-interiors	imazen-26-png-v3/png-v3/1200-lilith-interiors/1225_interiors_kitchen-appliances-overhead_minamiizu-japan_s23u_iso200-f1p7_20250307-112014_3000x4000.sdr.png	s6	8	20	45191	336.09713400073815	746.8549999999983	79.520	
1200-lilith-interiors	imazen-26-png-v3/png-v3/1200-lilith-interiors/1225_interiors_kitchen-appliances-overhead_minamiizu-japan_s23u_iso200-f1p7_20250307-112014_3000x4000.sdr.png	s6	8	32	25968	154.0134140086593	648.142	69.032	
1200-lilith-interiors	imazen-26-png-v3/png-v3/1200-lilith-interiors/1225_interiors_kitchen-appliances-overhead_minamiizu-japan_s23u_iso200-f1p7_20250307-112014_3000x4000.sdr.png	s6	8	44	11274	174.23175800649915	369.10500000000025	42.877	
1200-lilith-interiors	imazen-26-png-v3/png-v3/1200-lilith-interiors/1225_interiors_kitchen-appliances-overhead_minamiizu-japan_s23u_iso200-f1p7_20250307-112014_3000x4000.sdr.png	s4	10	20	44620	203.6965430015698	772.7420000000009	78.812	
1200-lilith-interiors	imazen-26-png-v3/png-v3/1200-lilith-interiors/1225_interiors_kitchen-appliances-overhead_minamiizu-japan_s23u_iso200-f1p7_20250307-112014_3000x4000.sdr.png	s4	10	32	24553	174.77176499960478	899.1820000000024	66.835	
1200-lilith-interiors	imazen-26-png-v3/png-v3/1200-lilith-interiors/1225_interiors_kitchen-appliances-overhead_minamiizu-japan_s23u_iso200-f1p7_20250307-112014_3000x4000.sdr.png	s4	10	44	10603	138.33651300228667	419.6489999999988	39.550	
1200-lilith-interiors	imazen-26-png-v3/png-v3/1200-lilith-interiors/1225_interiors_kitchen-appliances-overhead_minamiizu-japan_s23u_iso200-f1p7_20250307-112014_3000x4000.sdr.png	s6	10	20	46038	195.9437199984677	1176.0450000000012	79.413	
1200-lilith-interiors	imazen-26-png-v3/png-v3/1200-lilith-interiors/1225_interiors_kitchen-appliances-overhead_minamiizu-japan_s23u_iso200-f1p7_20250307-112014_3000x4000.sdr.png	s6	10	32	26577	180.25794300774578	1051.5409999999995	68.907	
1200-lilith-interiors	imazen-26-png-v3/png-v3/1200-lilith-interiors/1225_interiors_kitchen-appliances-overhead_minamiizu-japan_s23u_iso200-f1p7_20250307-112014_3000x4000.sdr.png	s6	10	44	11517	158.90689700609073	979.5909999999992	42.567	
1400-lilith-nature	imazen-26-png-v3/png-v3/1400-lilith-nature/1510_nature_purple-iris-flowers_colorado_ip8plus_iso40-f2p8_img-0803_3024x4032.sdr.png	s4	4	20	21989	401.1944940139074	1409.688	81.604	
1400-lilith-nature	imazen-26-png-v3/png-v3/1400-lilith-nature/1510_nature_purple-iris-flowers_colorado_ip8plus_iso40-f2p8_img-0803_3024x4032.sdr.png	s4	4	32	10713	315.29183400562033	530.511999999999	70.866	
1400-lilith-nature	imazen-26-png-v3/png-v3/1400-lilith-nature/1510_nature_purple-iris-flowers_colorado_ip8plus_iso40-f2p8_img-0803_3024x4032.sdr.png	s4	4	44	4807	990.3513629978988	454.3740000000014	49.919	
1400-lilith-nature	imazen-26-png-v3/png-v3/1400-lilith-nature/1510_nature_purple-iris-flowers_colorado_ip8plus_iso40-f2p8_img-0803_3024x4032.sdr.png	s6	4	20	24980	485.9733810008038	501.22000000000355	83.244	
1400-lilith-nature	imazen-26-png-v3/png-v3/1400-lilith-nature/1510_nature_purple-iris-flowers_colorado_ip8plus_iso40-f2p8_img-0803_3024x4032.sdr.png	s6	4	32	13620	321.95386599050835	1179.199999999997	75.046	
1400-lilith-nature	imazen-26-png-v3/png-v3/1400-lilith-nature/1510_nature_purple-iris-flowers_colorado_ip8plus_iso40-f2p8_img-0803_3024x4032.sdr.png	s6	4	44	5642	284.8597830015933	656.323999999997	55.494	
1400-lilith-nature	imazen-26-png-v3/png-v3/1400-lilith-nature/1510_nature_purple-iris-flowers_colorado_ip8plus_iso40-f2p8_img-0803_3024x4032.sdr.png	s4	6	20	23077	186.6710409958614	968.510000000002	81.940	
1400-lilith-nature	imazen-26-png-v3/png-v3/1400-lilith-nature/1510_nature_purple-iris-flowers_colorado_ip8plus_iso40-f2p8_img-0803_3024x4032.sdr.png	s4	6	32	11543	165.35328900499735	471.43799999999914	71.730	
1400-lilith-nature	imazen-26-png-v3/png-v3/1400-lilith-nature/1510_nature_purple-iris-flowers_colorado_ip8plus_iso40-f2p8_img-0803_3024x4032.sdr.png	s4	6	44	5176	165.08706299646292	597.645	51.841	
1400-lilith-nature	imazen-26-png-v3/png-v3/1400-lilith-nature/1510_nature_purple-iris-flowers_colorado_ip8plus_iso40-f2p8_img-0803_3024x4032.sdr.png	s6	6	20	25848	214.06164701329544	1042.2920000000006	83.350	
1400-lilith-nature	imazen-26-png-v3/png-v3/1400-lilith-nature/1510_nature_purple-iris-flowers_colorado_ip8plus_iso40-f2p8_img-0803_3024x4032.sdr.png	s6	6	32	14354	307.81395400117617	1240.7580000000005	75.202	
1400-lilith-nature	imazen-26-png-v3/png-v3/1400-lilith-nature/1510_nature_purple-iris-flowers_colorado_ip8plus_iso40-f2p8_img-0803_3024x4032.sdr.png	s6	6	44	6001	348.1460140028503	873.3220000000008	56.396	
1400-lilith-nature	imazen-26-png-v3/png-v3/1400-lilith-nature/1510_nature_purple-iris-flowers_colorado_ip8plus_iso40-f2p8_img-0803_3024x4032.sdr.png	s4	8	20	24953	237.33924100815784	457.6379999999967	82.283	
1400-lilith-nature	imazen-26-png-v3/png-v3/1400-lilith-nature/1510_nature_purple-iris-flowers_colorado_ip8plus_iso40-f2p8_img-0803_3024x4032.sdr.png	s4	8	32	12582	240.86591799277812	515.701	72.141	
1400-lilith-nature	imazen-26-png-v3/png-v3/1400-lilith-nature/1510_nature_purple-iris-flowers_colorado_ip8plus_iso40-f2p8_img-0803_3024x4032.sdr.png	s4	8	44	5659	269.60033499926794	356.1949999999987	52.265	
1400-lilith-nature	imazen-26-png-v3/png-v3/1400-lilith-nature/1510_nature_purple-iris-flowers_colorado_ip8plus_iso40-f2p8_img-0803_3024x4032.sdr.png	s6	8	20	27544	307.95836700417567	321.79399999999794	83.119	
1400-lilith-nature	imazen-26-png-v3/png-v3/1400-lilith-nature/1510_nature_purple-iris-flowers_colorado_ip8plus_iso40-f2p8_img-0803_3024x4032.sdr.png	s6	8	32	15556	215.6913409999106	211.2209999999992	75.655	
1400-lilith-nature	imazen-26-png-v3/png-v3/1400-lilith-nature/1510_nature_purple-iris-flowers_colorado_ip8plus_iso40-f2p8_img-0803_3024x4032.sdr.png	s6	8	44	6571	339.6728840016294	484.57100000000077	56.933	
1400-lilith-nature	imazen-26-png-v3/png-v3/1400-lilith-nature/1510_nature_purple-iris-flowers_colorado_ip8plus_iso40-f2p8_img-0803_3024x4032.sdr.png	s4	10	20	25168	241.04577000252903	343.7830000000002	82.265	
1400-lilith-nature	imazen-26-png-v3/png-v3/1400-lilith-nature/1510_nature_purple-iris-flowers_colorado_ip8plus_iso40-f2p8_img-0803_3024x4032.sdr.png	s4	10	32	12853	299.91175699979067	328.306999999997	72.283	
1400-lilith-nature	imazen-26-png-v3/png-v3/1400-lilith-nature/1510_nature_purple-iris-flowers_colorado_ip8plus_iso40-f2p8_img-0803_3024x4032.sdr.png	s4	10	44	5710	405.22031999717	622.2549999999965	51.758	
1400-lilith-nature	imazen-26-png-v3/png-v3/1400-lilith-nature/1510_nature_purple-iris-flowers_colorado_ip8plus_iso40-f2p8_img-0803_3024x4032.sdr.png	s6	10	20	27858	225.77540099155158	224.89999999999898	83.223	
1400-lilith-nature	imazen-26-png-v3/png-v3/1400-lilith-nature/1510_nature_purple-iris-flowers_colorado_ip8plus_iso40-f2p8_img-0803_3024x4032.sdr.png	s6	10	32	15831	194.2621269990923	359.50099999999986	75.777	
1400-lilith-nature	imazen-26-png-v3/png-v3/1400-lilith-nature/1510_nature_purple-iris-flowers_colorado_ip8plus_iso40-f2p8_img-0803_3024x4032.sdr.png	s6	10	44	6683	173.51584899006411	217.42299999999835	56.630	
1400-lilith-nature	imazen-26-png-v3/png-v3/1400-lilith-nature/1514_nature_purple-allium-flowers_colorado_ip8plus_iso20-f2p8_img-1310_3024x4032.sdr.png	s4	4	20	25983	536.634487012634	816.1319999999979	81.652	
1400-lilith-nature	imazen-26-png-v3/png-v3/1400-lilith-nature/1514_nature_purple-allium-flowers_colorado_ip8plus_iso20-f2p8_img-1310_3024x4032.sdr.png	s4	4	32	14348	409.4411249971017	810.3700000000016	70.596	
1400-lilith-nature	imazen-26-png-v3/png-v3/1400-lilith-nature/1514_nature_purple-allium-flowers_colorado_ip8plus_iso20-f2p8_img-1310_3024x4032.sdr.png	s4	4	44	6825	622.6562439987902	1186.9960000000024	44.436	
1400-lilith-nature	imazen-26-png-v3/png-v3/1400-lilith-nature/1514_nature_purple-allium-flowers_colorado_ip8plus_iso20-f2p8_img-1310_3024x4032.sdr.png	s6	4	20	28169	280.14314599568024	555.2660000000022	83.019	
1400-lilith-nature	imazen-26-png-v3/png-v3/1400-lilith-nature/1514_nature_purple-allium-flowers_colorado_ip8plus_iso20-f2p8_img-1310_3024x4032.sdr.png	s6	4	32	16521	284.51332499389537	781.5399999999979	73.506	
1400-lilith-nature	imazen-26-png-v3/png-v3/1400-lilith-nature/1514_nature_purple-allium-flowers_colorado_ip8plus_iso20-f2p8_img-1310_3024x4032.sdr.png	s6	4	44	7807	489.6060890023364	590.7490000000024	50.528	
1400-lilith-nature	imazen-26-png-v3/png-v3/1400-lilith-nature/1514_nature_purple-allium-flowers_colorado_ip8plus_iso20-f2p8_img-1310_3024x4032.sdr.png	s4	6	20	28569	549.1012309939833	551.8080000000011	82.133	
1400-lilith-nature	imazen-26-png-v3/png-v3/1400-lilith-nature/1514_nature_purple-allium-flowers_colorado_ip8plus_iso20-f2p8_img-1310_3024x4032.sdr.png	s4	6	32	16731	376.5916929987725	378.8040000000041	71.925	
1400-lilith-nature	imazen-26-png-v3/png-v3/1400-lilith-nature/1514_nature_purple-allium-flowers_colorado_ip8plus_iso20-f2p8_img-1310_3024x4032.sdr.png	s4	6	44	8115	358.09544900257606	639.1360000000006	46.231	
1400-lilith-nature	imazen-26-png-v3/png-v3/1400-lilith-nature/1514_nature_purple-allium-flowers_colorado_ip8plus_iso20-f2p8_img-1310_3024x4032.sdr.png	s6	6	20	30471	290.79319100128487	231.55399999999648	83.064	
1400-lilith-nature	imazen-26-png-v3/png-v3/1400-lilith-nature/1514_nature_purple-allium-flowers_colorado_ip8plus_iso20-f2p8_img-1310_3024x4032.sdr.png	s6	6	32	18555	204.0683390077902	135.9280000000016	74.486	
1400-lilith-nature	imazen-26-png-v3/png-v3/1400-lilith-nature/1514_nature_purple-allium-flowers_colorado_ip8plus_iso20-f2p8_img-1310_3024x4032.sdr.png	s6	6	44	8948	291.8490160082001	424.26099999999957	51.555	
1400-lilith-nature	imazen-26-png-v3/png-v3/1400-lilith-nature/1514_nature_purple-allium-flowers_colorado_ip8plus_iso20-f2p8_img-1310_3024x4032.sdr.png	s4	8	20	30502	239.79267000686377	361.3409999999968	82.192	
1400-lilith-nature	imazen-26-png-v3/png-v3/1400-lilith-nature/1514_nature_purple-allium-flowers_colorado_ip8plus_iso20-f2p8_img-1310_3024x4032.sdr.png	s4	8	32	18009	306.1400639999192	633.9810000000003	72.064	
1400-lilith-nature	imazen-26-png-v3/png-v3/1400-lilith-nature/1514_nature_purple-allium-flowers_colorado_ip8plus_iso20-f2p8_img-1310_3024x4032.sdr.png	s4	8	44	8671	306.1813130043447	633.9810000000003	47.816	
1400-lilith-nature	imazen-26-png-v3/png-v3/1400-lilith-nature/1514_nature_purple-allium-flowers_colorado_ip8plus_iso20-f2p8_img-1310_3024x4032.sdr.png	s6	8	20	32352	194.97153398697264	237.24999999999773	82.996	
1400-lilith-nature	imazen-26-png-v3/png-v3/1400-lilith-nature/1514_nature_purple-allium-flowers_colorado_ip8plus_iso20-f2p8_img-1310_3024x4032.sdr.png	s6	8	32	19846	280.94509900256526	551.8090000000004	74.491	
1400-lilith-nature	imazen-26-png-v3/png-v3/1400-lilith-nature/1514_nature_purple-allium-flowers_colorado_ip8plus_iso20-f2p8_img-1310_3024x4032.sdr.png	s6	8	44	9491	446.61007000831887	272.8690000000018	51.280	
1400-lilith-nature	imazen-26-png-v3/png-v3/1400-lilith-nature/1514_nature_purple-allium-flowers_colorado_ip8plus_iso20-f2p8_img-1310_3024x4032.sdr.png	s4	10	20	31360	384.9073660094291	266.1169999999995	82.378	
1400-lilith-nature	imazen-26-png-v3/png-v3/1400-lilith-nature/1514_nature_purple-allium-flowers_colorado_ip8plus_iso20-f2p8_img-1310_3024x4032.sdr.png	s4	10	32	18442	310.6371350004338	359.4519999999992	72.338	
1400-lilith-nature	imazen-26-png-v3/png-v3/1400-lilith-nature/1514_nature_purple-allium-flowers_colorado_ip8plus_iso20-f2p8_img-1310_3024x4032.sdr.png	s4	10	44	8860	342.63865600223653	244.00900000000192	47.897	
1400-lilith-nature	imazen-26-png-v3/png-v3/1400-lilith-nature/1514_nature_purple-allium-flowers_colorado_ip8plus_iso20-f2p8_img-1310_3024x4032.sdr.png	s6	10	20	33202	219.1421939933207	144.3899999999978	82.928	
1400-lilith-nature	imazen-26-png-v3/png-v3/1400-lilith-nature/1514_nature_purple-allium-flowers_colorado_ip8plus_iso20-f2p8_img-1310_3024x4032.sdr.png	s6	10	32	20356	399.5192130096257	453.0919999999998	74.708	
1400-lilith-nature	imazen-26-png-v3/png-v3/1400-lilith-nature/1514_nature_purple-allium-flowers_colorado_ip8plus_iso20-f2p8_img-1310_3024x4032.sdr.png	s6	10	44	9751	373.27882199315354	345.11600000000266	51.436	
1600-lilith-food	imazen-26-png-v3/png-v3/1600-lilith-food/1608_food_single-cake-slice-plate_anedaitocho-kyoto-japan_s23u_iso320-f2p2_20230709-194142_4000x3000.sdr.png	s4	4	20	58816	437.87962100759614	489.3910000000021	82.650	
1600-lilith-food	imazen-26-png-v3/png-v3/1600-lilith-food/1608_food_single-cake-slice-plate_anedaitocho-kyoto-japan_s23u_iso320-f2p2_20230709-194142_4000x3000.sdr.png	s4	4	32	35414	453.8198910013307	815.8659999999998	71.947	
1600-lilith-food	imazen-26-png-v3/png-v3/1600-lilith-food/1608_food_single-cake-slice-plate_anedaitocho-kyoto-japan_s23u_iso320-f2p2_20230709-194142_4000x3000.sdr.png	s4	4	44	18721	519.4488119886955	1079.9959999999978	47.824	
1600-lilith-food	imazen-26-png-v3/png-v3/1600-lilith-food/1608_food_single-cake-slice-plate_anedaitocho-kyoto-japan_s23u_iso320-f2p2_20230709-194142_4000x3000.sdr.png	s6	4	20	59236	431.18680000770837	1353.3399999999992	82.859	
1600-lilith-food	imazen-26-png-v3/png-v3/1600-lilith-food/1608_food_single-cake-slice-plate_anedaitocho-kyoto-japan_s23u_iso320-f2p2_20230709-194142_4000x3000.sdr.png	s6	4	32	35852	396.9178639963502	1574.7949999999983	72.315	
1600-lilith-food	imazen-26-png-v3/png-v3/1600-lilith-food/1608_food_single-cake-slice-plate_anedaitocho-kyoto-japan_s23u_iso320-f2p2_20230709-194142_4000x3000.sdr.png	s6	4	44	19120	468.94871100084856	1882.0599999999993	49.353	
1600-lilith-food	imazen-26-png-v3/png-v3/1600-lilith-food/1608_food_single-cake-slice-plate_anedaitocho-kyoto-japan_s23u_iso320-f2p2_20230709-194142_4000x3000.sdr.png	s4	6	20	59537	305.72855299396906	1421.0730000000033	82.700	
1600-lilith-food	imazen-26-png-v3/png-v3/1600-lilith-food/1608_food_single-cake-slice-plate_anedaitocho-kyoto-japan_s23u_iso320-f2p2_20230709-194142_4000x3000.sdr.png	s4	6	32	35985	320.4649179970147	1292.9759999999994	72.055	
1600-lilith-food	imazen-26-png-v3/png-v3/1600-lilith-food/1608_food_single-cake-slice-plate_anedaitocho-kyoto-japan_s23u_iso320-f2p2_20230709-194142_4000x3000.sdr.png	s4	6	44	19185	230.7072870025877	372.4439999999989	48.655	
1600-lilith-food	imazen-26-png-v3/png-v3/1600-lilith-food/1608_food_single-cake-slice-plate_anedaitocho-kyoto-japan_s23u_iso320-f2p2_20230709-194142_4000x3000.sdr.png	s6	6	20	59970	337.80400500108954	248.9630000000016	82.909	
1600-lilith-food	imazen-26-png-v3/png-v3/1600-lilith-food/1608_food_single-cake-slice-plate_anedaitocho-kyoto-japan_s23u_iso320-f2p2_20230709-194142_4000x3000.sdr.png	s6	6	32	36422	328.1335900101112	321.4300000000012	72.628	
1600-lilith-food	imazen-26-png-v3/png-v3/1600-lilith-food/1608_food_single-cake-slice-plate_anedaitocho-kyoto-japan_s23u_iso320-f2p2_20230709-194142_4000x3000.sdr.png	s6	6	44	19578	263.8210400036769	315.9870000000007	50.086	
1600-lilith-food	imazen-26-png-v3/png-v3/1600-lilith-food/1608_food_single-cake-slice-plate_anedaitocho-kyoto-japan_s23u_iso320-f2p2_20230709-194142_4000x3000.sdr.png	s4	8	20	61346	342.0710080099525	162.4719999999975	81.892	
1600-lilith-food	imazen-26-png-v3/png-v3/1600-lilith-food/1608_food_single-cake-slice-plate_anedaitocho-kyoto-japan_s23u_iso320-f2p2_20230709-194142_4000x3000.sdr.png	s4	8	32	37339	377.5337120023323	277.142999999997	71.174	
1600-lilith-food	imazen-26-png-v3/png-v3/1600-lilith-food/1608_food_single-cake-slice-plate_anedaitocho-kyoto-japan_s23u_iso320-f2p2_20230709-194142_4000x3000.sdr.png	s4	8	44	19630	342.705262999516	360.2439999999998	47.319	
1600-lilith-food	imazen-26-png-v3/png-v3/1600-lilith-food/1608_food_single-cake-slice-plate_anedaitocho-kyoto-japan_s23u_iso320-f2p2_20230709-194142_4000x3000.sdr.png	s6	8	20	61665	298.99942499469034	935.8109999999984	82.015	
1600-lilith-food	imazen-26-png-v3/png-v3/1600-lilith-food/1608_food_single-cake-slice-plate_anedaitocho-kyoto-japan_s23u_iso320-f2p2_20230709-194142_4000x3000.sdr.png	s6	8	32	37720	210.02773600048386	330.22200000000356	71.689	
1600-lilith-food	imazen-26-png-v3/png-v3/1600-lilith-food/1608_food_single-cake-slice-plate_anedaitocho-kyoto-japan_s23u_iso320-f2p2_20230709-194142_4000x3000.sdr.png	s6	8	44	19952	236.37084200163372	492.2140000000015	48.052	
1600-lilith-food	imazen-26-png-v3/png-v3/1600-lilith-food/1608_food_single-cake-slice-plate_anedaitocho-kyoto-japan_s23u_iso320-f2p2_20230709-194142_4000x3000.sdr.png	s4	10	20	63138	211.7223740060581	640.3009999999991	82.106	
1600-lilith-food	imazen-26-png-v3/png-v3/1600-lilith-food/1608_food_single-cake-slice-plate_anedaitocho-kyoto-japan_s23u_iso320-f2p2_20230709-194142_4000x3000.sdr.png	s4	10	32	38493	159.5509999897331	410.19599999999735	71.482	
1600-lilith-food	imazen-26-png-v3/png-v3/1600-lilith-food/1608_food_single-cake-slice-plate_anedaitocho-kyoto-japan_s23u_iso320-f2p2_20230709-194142_4000x3000.sdr.png	s4	10	44	20319	249.2009770066943	286.7069999999989	48.410	
1600-lilith-food	imazen-26-png-v3/png-v3/1600-lilith-food/1608_food_single-cake-slice-plate_anedaitocho-kyoto-japan_s23u_iso320-f2p2_20230709-194142_4000x3000.sdr.png	s6	10	20	63396	282.843654989847	527.3370000000019	82.149	
1600-lilith-food	imazen-26-png-v3/png-v3/1600-lilith-food/1608_food_single-cake-slice-plate_anedaitocho-kyoto-japan_s23u_iso320-f2p2_20230709-194142_4000x3000.sdr.png	s6	10	32	38898	243.69188499986194	406.33100000000064	71.982	
1600-lilith-food	imazen-26-png-v3/png-v3/1600-lilith-food/1608_food_single-cake-slice-plate_anedaitocho-kyoto-japan_s23u_iso320-f2p2_20230709-194142_4000x3000.sdr.png	s6	10	44	20642	314.7831680107629	194.46299999999627	48.925	
1600-lilith-food	imazen-26-png-v3/png-v3/1600-lilith-food/1614_food_dessert-plate-upside-down_valladolid-mexico_s23u_iso640-f1p7_20230917-213342_4000x3000.sdr.png	s4	4	20	51182	349.73303800506983	449.0679999999978	79.974	
1600-lilith-food	imazen-26-png-v3/png-v3/1600-lilith-food/1614_food_dessert-plate-upside-down_valladolid-mexico_s23u_iso640-f1p7_20230917-213342_4000x3000.sdr.png	s4	4	32	28975	423.45905500405934	917.2839999999986	68.090	
1600-lilith-food	imazen-26-png-v3/png-v3/1600-lilith-food/1614_food_dessert-plate-upside-down_valladolid-mexico_s23u_iso640-f1p7_20230917-213342_4000x3000.sdr.png	s4	4	44	14258	449.14164699730463	1789.5709999999997	40.052	
1600-lilith-food	imazen-26-png-v3/png-v3/1600-lilith-food/1614_food_dessert-plate-upside-down_valladolid-mexico_s23u_iso640-f1p7_20230917-213342_4000x3000.sdr.png	s6	4	20	52130	384.972148007364	1129.7730000000029	80.512	
1600-lilith-food	imazen-26-png-v3/png-v3/1600-lilith-food/1614_food_dessert-plate-upside-down_valladolid-mexico_s23u_iso640-f1p7_20230917-213342_4000x3000.sdr.png	s6	4	32	30139	437.05123699328396	1718.793999999998	69.674	
1600-lilith-food	imazen-26-png-v3/png-v3/1600-lilith-food/1614_food_dessert-plate-upside-down_valladolid-mexico_s23u_iso640-f1p7_20230917-213342_4000x3000.sdr.png	s6	4	44	14788	349.30166898993775	680.399000000004	42.291	
1600-lilith-food	imazen-26-png-v3/png-v3/1600-lilith-food/1614_food_dessert-plate-upside-down_valladolid-mexico_s23u_iso640-f1p7_20230917-213342_4000x3000.sdr.png	s4	6	20	51796	427.546748003806	1499.6960000000038	80.016	
1600-lilith-food	imazen-26-png-v3/png-v3/1600-lilith-food/1614_food_dessert-plate-upside-down_valladolid-mexico_s23u_iso640-f1p7_20230917-213342_4000x3000.sdr.png	s4	6	32	29704	292.0769779884722	423.7019999999951	68.669	
1600-lilith-food	imazen-26-png-v3/png-v3/1600-lilith-food/1614_food_dessert-plate-upside-down_valladolid-mexico_s23u_iso640-f1p7_20230917-213342_4000x3000.sdr.png	s4	6	44	14649	813.8544819958042	571.0709999999999	41.384	
1600-lilith-food	imazen-26-png-v3/png-v3/1600-lilith-food/1614_food_dessert-plate-upside-down_valladolid-mexico_s23u_iso640-f1p7_20230917-213342_4000x3000.sdr.png	s6	6	20	52684	655.7089309935691	487.1630000000007	80.547	
1600-lilith-food	imazen-26-png-v3/png-v3/1600-lilith-food/1614_food_dessert-plate-upside-down_valladolid-mexico_s23u_iso640-f1p7_20230917-213342_4000x3000.sdr.png	s6	6	32	30828	422.11450199829414	452.20899999999983	69.934	
1600-lilith-food	imazen-26-png-v3/png-v3/1600-lilith-food/1614_food_dessert-plate-upside-down_valladolid-mexico_s23u_iso640-f1p7_20230917-213342_4000x3000.sdr.png	s6	6	44	15203	523.1074189941864	543.9570000000025	43.657	
1600-lilith-food	imazen-26-png-v3/png-v3/1600-lilith-food/1614_food_dessert-plate-upside-down_valladolid-mexico_s23u_iso640-f1p7_20230917-213342_4000x3000.sdr.png	s4	8	20	53174	206.07198399375193	196.60300000000674	80.096	
1600-lilith-food	imazen-26-png-v3/png-v3/1600-lilith-food/1614_food_dessert-plate-upside-down_valladolid-mexico_s23u_iso640-f1p7_20230917-213342_4000x3000.sdr.png	s4	8	32	31072	145.38178200018592	270.86899999999935	68.737	
1600-lilith-food	imazen-26-png-v3/png-v3/1600-lilith-food/1614_food_dessert-plate-upside-down_valladolid-mexico_s23u_iso640-f1p7_20230917-213342_4000x3000.sdr.png	s4	8	44	15249	295.3768349980237	240.9300000000023	41.600	
1600-lilith-food	imazen-26-png-v3/png-v3/1600-lilith-food/1614_food_dessert-plate-upside-down_valladolid-mexico_s23u_iso640-f1p7_20230917-213342_4000x3000.sdr.png	s6	8	20	53886	356.5904610004509	387.8529999999998	80.476	
1600-lilith-food	imazen-26-png-v3/png-v3/1600-lilith-food/1614_food_dessert-plate-upside-down_valladolid-mexico_s23u_iso640-f1p7_20230917-213342_4000x3000.sdr.png	s6	8	32	32033	326.820016009151	277.87500000000165	69.713	
1600-lilith-food	imazen-26-png-v3/png-v3/1600-lilith-food/1614_food_dessert-plate-upside-down_valladolid-mexico_s23u_iso640-f1p7_20230917-213342_4000x3000.sdr.png	s6	8	44	15751	407.28779599885456	361.33400000000114	43.641	
1600-lilith-food	imazen-26-png-v3/png-v3/1600-lilith-food/1614_food_dessert-plate-upside-down_valladolid-mexico_s23u_iso640-f1p7_20230917-213342_4000x3000.sdr.png	s4	10	20	53631	134.66221599082928	337.69800000000316	79.927	
1600-lilith-food	imazen-26-png-v3/png-v3/1600-lilith-food/1614_food_dessert-plate-upside-down_valladolid-mexico_s23u_iso640-f1p7_20230917-213342_4000x3000.sdr.png	s4	10	32	31112	329.4457419979153	441.0280000000011	68.690	
1600-lilith-food	imazen-26-png-v3/png-v3/1600-lilith-food/1614_food_dessert-plate-upside-down_valladolid-mexico_s23u_iso640-f1p7_20230917-213342_4000x3000.sdr.png	s4	10	44	15365	298.18916600197554	538.4399999999978	41.732	
1600-lilith-food	imazen-26-png-v3/png-v3/1600-lilith-food/1614_food_dessert-plate-upside-down_valladolid-mexico_s23u_iso640-f1p7_20230917-213342_4000x3000.sdr.png	s6	10	20	54362	251.45955599145964	296.7639999999978	80.224	
1600-lilith-food	imazen-26-png-v3/png-v3/1600-lilith-food/1614_food_dessert-plate-upside-down_valladolid-mexico_s23u_iso640-f1p7_20230917-213342_4000x3000.sdr.png	s6	10	32	32115	225.70964599435683	287.4469999999967	69.649	
1600-lilith-food	imazen-26-png-v3/png-v3/1600-lilith-food/1614_food_dessert-plate-upside-down_valladolid-mexico_s23u_iso640-f1p7_20230917-213342_4000x3000.sdr.png	s6	10	44	15930	224.7853010048857	346.1869999999987	43.733	
2000-unsplash-people	imazen-26-png-v3/png-v3/2000-unsplash-people/2000_people_by-alexander-aguero-enppvuxbcce-unsplash_4400x6600.sdr.png	s4	4	20	15678	562.545061999117	794.8020000000007	76.796	
2000-unsplash-people	imazen-26-png-v3/png-v3/2000-unsplash-people/2000_people_by-alexander-aguero-enppvuxbcce-unsplash_4400x6600.sdr.png	s4	4	32	5757	841.4890109997941	801.263000000004	57.876	
2000-unsplash-people	imazen-26-png-v3/png-v3/2000-unsplash-people/2000_people_by-alexander-aguero-enppvuxbcce-unsplash_4400x6600.sdr.png	s4	4	44	1849	492.3600100009935	803.9000000000023	28.711	
2000-unsplash-people	imazen-26-png-v3/png-v3/2000-unsplash-people/2000_people_by-alexander-aguero-enppvuxbcce-unsplash_4400x6600.sdr.png	s6	4	20	18791	497.89544100349303	1097.614	78.121	
2000-unsplash-people	imazen-26-png-v3/png-v3/2000-unsplash-people/2000_people_by-alexander-aguero-enppvuxbcce-unsplash_4400x6600.sdr.png	s6	4	32	9547	437.03910399926826	1406.201000000003	66.661	
2000-unsplash-people	imazen-26-png-v3/png-v3/2000-unsplash-people/2000_people_by-alexander-aguero-enppvuxbcce-unsplash_4400x6600.sdr.png	s6	4	44	2737	325.5990580073558	1361.637	38.763	
2000-unsplash-people	imazen-26-png-v3/png-v3/2000-unsplash-people/2000_people_by-alexander-aguero-enppvuxbcce-unsplash_4400x6600.sdr.png	s4	6	20	16550	562.330524000572	2144.635000000006	76.963	
2000-unsplash-people	imazen-26-png-v3/png-v3/2000-unsplash-people/2000_people_by-alexander-aguero-enppvuxbcce-unsplash_4400x6600.sdr.png	s4	6	32	6366	526.1532930016983	1632.2559999999964	58.792	
2000-unsplash-people	imazen-26-png-v3/png-v3/2000-unsplash-people/2000_people_by-alexander-aguero-enppvuxbcce-unsplash_4400x6600.sdr.png	s4	6	44	1984	446.0014729993418	1406.937000000001	29.477	
2000-unsplash-people	imazen-26-png-v3/png-v3/2000-unsplash-people/2000_people_by-alexander-aguero-enppvuxbcce-unsplash_4400x6600.sdr.png	s6	6	20	19401	507.11192398739513	1338.3210000000024	78.414	
2000-unsplash-people	imazen-26-png-v3/png-v3/2000-unsplash-people/2000_people_by-alexander-aguero-enppvuxbcce-unsplash_4400x6600.sdr.png	s6	6	32	10266	352.30235700146295	777.4770000000065	67.876	
2000-unsplash-people	imazen-26-png-v3/png-v3/2000-unsplash-people/2000_people_by-alexander-aguero-enppvuxbcce-unsplash_4400x6600.sdr.png	s6	6	44	2930	558.6644220020389	400.84200000000436	41.298	
2000-unsplash-people	imazen-26-png-v3/png-v3/2000-unsplash-people/2000_people_by-alexander-aguero-enppvuxbcce-unsplash_4400x6600.sdr.png	s4	8	20	17095	439.2587289912626	586.6100000000021	76.923	
2000-unsplash-people	imazen-26-png-v3/png-v3/2000-unsplash-people/2000_people_by-alexander-aguero-enppvuxbcce-unsplash_4400x6600.sdr.png	s4	8	32	6624	505.00020300387405	999.8819999999977	58.107	
2000-unsplash-people	imazen-26-png-v3/png-v3/2000-unsplash-people/2000_people_by-alexander-aguero-enppvuxbcce-unsplash_4400x6600.sdr.png	s4	8	44	2111	468.76420998887625	994.9949999999976	30.096	
2000-unsplash-people	imazen-26-png-v3/png-v3/2000-unsplash-people/2000_people_by-alexander-aguero-enppvuxbcce-unsplash_4400x6600.sdr.png	s6	8	20	19982	439.4090550049441	1042.9529999999972	78.377	
2000-unsplash-people	imazen-26-png-v3/png-v3/2000-unsplash-people/2000_people_by-alexander-aguero-enppvuxbcce-unsplash_4400x6600.sdr.png	s6	8	32	10694	456.61473799555097	599.8639999999948	67.430	
2000-unsplash-people	imazen-26-png-v3/png-v3/2000-unsplash-people/2000_people_by-alexander-aguero-enppvuxbcce-unsplash_4400x6600.sdr.png	s6	8	44	3116	441.77292300446425	862.8679999999936	41.782	
2000-unsplash-people	imazen-26-png-v3/png-v3/2000-unsplash-people/2000_people_by-alexander-aguero-enppvuxbcce-unsplash_4400x6600.sdr.png	s4	10	20	16804	417.85515399533324	1070.7079999999962	77.185	
2000-unsplash-people	imazen-26-png-v3/png-v3/2000-unsplash-people/2000_people_by-alexander-aguero-enppvuxbcce-unsplash_4400x6600.sdr.png	s4	10	32	6499	426.2329330085777	1280.299000000003	57.989	
2000-unsplash-people	imazen-26-png-v3/png-v3/2000-unsplash-people/2000_people_by-alexander-aguero-enppvuxbcce-unsplash_4400x6600.sdr.png	s4	10	44	2058	345.7909220014699	1003.5749999999944	30.132	
2000-unsplash-people	imazen-26-png-v3/png-v3/2000-unsplash-people/2000_people_by-alexander-aguero-enppvuxbcce-unsplash_4400x6600.sdr.png	s6	10	20	19595	368.4645400062436	311.975999999996	78.602	
2000-unsplash-people	imazen-26-png-v3/png-v3/2000-unsplash-people/2000_people_by-alexander-aguero-enppvuxbcce-unsplash_4400x6600.sdr.png	s6	10	32	10566	392.745108998497	522.4460000000004	67.626	
2000-unsplash-people	imazen-26-png-v3/png-v3/2000-unsplash-people/2000_people_by-alexander-aguero-enppvuxbcce-unsplash_4400x6600.sdr.png	s6	10	44	3099	341.14183399651665	771.5099999999993	41.807	
2000-unsplash-people	imazen-26-png-v3/png-v3/2000-unsplash-people/2001_people_by-anastasia-pivnenko-prng6r1nspq-unsplash_2272x3072.sdr.png	s4	4	20	74720	485.40058299840894	677.446999999999	81.312	
2000-unsplash-people	imazen-26-png-v3/png-v3/2000-unsplash-people/2001_people_by-anastasia-pivnenko-prng6r1nspq-unsplash_2272x3072.sdr.png	s4	4	32	40029	610.7868639955996	1343.677000000003	57.773	
2000-unsplash-people	imazen-26-png-v3/png-v3/2000-unsplash-people/2001_people_by-anastasia-pivnenko-prng6r1nspq-unsplash_2272x3072.sdr.png	s4	4	44	4977	577.853201990365	637.9729999999988	12.212	
2000-unsplash-people	imazen-26-png-v3/png-v3/2000-unsplash-people/2001_people_by-anastasia-pivnenko-prng6r1nspq-unsplash_2272x3072.sdr.png	s6	4	20	75450	386.1485219968017	980.0740000000001	81.593	
2000-unsplash-people	imazen-26-png-v3/png-v3/2000-unsplash-people/2001_people_by-anastasia-pivnenko-prng6r1nspq-unsplash_2272x3072.sdr.png	s6	4	32	42186	539.5325099962065	1408.0449999999996	59.920	
2000-unsplash-people	imazen-26-png-v3/png-v3/2000-unsplash-people/2001_people_by-anastasia-pivnenko-prng6r1nspq-unsplash_2272x3072.sdr.png	s6	4	44	7283	288.5118990088813	1697.229	17.779	
2000-unsplash-people	imazen-26-png-v3/png-v3/2000-unsplash-people/2001_people_by-anastasia-pivnenko-prng6r1nspq-unsplash_2272x3072.sdr.png	s4	6	20	74793	214.42017798835877	934.738000000003	79.875	
2000-unsplash-people	imazen-26-png-v3/png-v3/2000-unsplash-people/2001_people_by-anastasia-pivnenko-prng6r1nspq-unsplash_2272x3072.sdr.png	s4	6	32	42677	339.0235209953971	469.8400000000014	59.893	
2000-unsplash-people	imazen-26-png-v3/png-v3/2000-unsplash-people/2001_people_by-anastasia-pivnenko-prng6r1nspq-unsplash_2272x3072.sdr.png	s4	6	44	5713	196.27165301062632	564.7330000000039	13.792	
2000-unsplash-people	imazen-26-png-v3/png-v3/2000-unsplash-people/2001_people_by-anastasia-pivnenko-prng6r1nspq-unsplash_2272x3072.sdr.png	s6	6	20	75324	332.3750650015427	523.7809999999943	80.207	
2000-unsplash-people	imazen-26-png-v3/png-v3/2000-unsplash-people/2001_people_by-anastasia-pivnenko-prng6r1nspq-unsplash_2272x3072.sdr.png	s6	6	32	44011	398.34195699950214	658.8930000000008	61.396	
2000-unsplash-people	imazen-26-png-v3/png-v3/2000-unsplash-people/2001_people_by-anastasia-pivnenko-prng6r1nspq-unsplash_2272x3072.sdr.png	s6	6	44	8018	234.8059999931138	323.31900000000326	19.019	
2000-unsplash-people	imazen-26-png-v3/png-v3/2000-unsplash-people/2001_people_by-anastasia-pivnenko-prng6r1nspq-unsplash_2272x3072.sdr.png	s4	8	20	75601	196.39202099642716	264.3100000000089	78.349	
2000-unsplash-people	imazen-26-png-v3/png-v3/2000-unsplash-people/2001_people_by-anastasia-pivnenko-prng6r1nspq-unsplash_2272x3072.sdr.png	s4	8	32	43250	500.9815619996516	129.13700000000006	58.896	
2000-unsplash-people	imazen-26-png-v3/png-v3/2000-unsplash-people/2001_people_by-anastasia-pivnenko-prng6r1nspq-unsplash_2272x3072.sdr.png	s4	8	44	6363	541.9892959907884	257.775999999998	15.407	
2000-unsplash-people	imazen-26-png-v3/png-v3/2000-unsplash-people/2001_people_by-anastasia-pivnenko-prng6r1nspq-unsplash_2272x3072.sdr.png	s6	8	20	76099	141.32879600219894	275.17900000000316	78.660	
2000-unsplash-people	imazen-26-png-v3/png-v3/2000-unsplash-people/2001_people_by-anastasia-pivnenko-prng6r1nspq-unsplash_2272x3072.sdr.png	s6	8	32	43940	135.4184020019602	351.72300000000337	59.763	
2000-unsplash-people	imazen-26-png-v3/png-v3/2000-unsplash-people/2001_people_by-anastasia-pivnenko-prng6r1nspq-unsplash_2272x3072.sdr.png	s6	8	44	8546	186.71554498723708	587.6910000000013	19.380	
2000-unsplash-people	imazen-26-png-v3/png-v3/2000-unsplash-people/2001_people_by-anastasia-pivnenko-prng6r1nspq-unsplash_2272x3072.sdr.png	s4	10	20	75498	165.50644900416955	427.3919999999993	80.047	
2000-unsplash-people	imazen-26-png-v3/png-v3/2000-unsplash-people/2001_people_by-anastasia-pivnenko-prng6r1nspq-unsplash_2272x3072.sdr.png	s4	10	32	43594	186.018733002129	587.6910000000013	59.666	
2000-unsplash-people	imazen-26-png-v3/png-v3/2000-unsplash-people/2001_people_by-anastasia-pivnenko-prng6r1nspq-unsplash_2272x3072.sdr.png	s4	10	44	6500	133.63977400877047	504.0420000000072	15.599	
2000-unsplash-people	imazen-26-png-v3/png-v3/2000-unsplash-people/2001_people_by-anastasia-pivnenko-prng6r1nspq-unsplash_2272x3072.sdr.png	s6	10	20	75920	117.44898799224757	457.00100000000356	80.287	
2000-unsplash-people	imazen-26-png-v3/png-v3/2000-unsplash-people/2001_people_by-anastasia-pivnenko-prng6r1nspq-unsplash_2272x3072.sdr.png	s6	10	32	44377	256.2348540086532	658.2709999999992	60.313	
2000-unsplash-people	imazen-26-png-v3/png-v3/2000-unsplash-people/2001_people_by-anastasia-pivnenko-prng6r1nspq-unsplash_2272x3072.sdr.png	s6	10	44	8650	204.38021200243384	555.9539999999963	19.826	
2200-unsplash-renders	imazen-26-png-v3/png-v3/2200-unsplash-renders/2200_renders_abstract-folded-ribbons_by-a-chosen-soul-moigsaj8te0-unsplash_7680x4320.sdr.png	s4	4	20	12833	914.3344850017456	351.10300000000905	76.934	
2200-unsplash-renders	imazen-26-png-v3/png-v3/2200-unsplash-renders/2200_renders_abstract-folded-ribbons_by-a-chosen-soul-moigsaj8te0-unsplash_7680x4320.sdr.png	s4	4	32	5914	758.8923189905472	690.2570000000044	62.361	
2200-unsplash-renders	imazen-26-png-v3/png-v3/2200-unsplash-renders/2200_renders_abstract-folded-ribbons_by-a-chosen-soul-moigsaj8te0-unsplash_7680x4320.sdr.png	s4	4	44	923	392.2709990001749	330.8649999999993	41.781	
2200-unsplash-renders	imazen-26-png-v3/png-v3/2200-unsplash-renders/2200_renders_abstract-folded-ribbons_by-a-chosen-soul-moigsaj8te0-unsplash_7680x4320.sdr.png	s6	4	20	14105	478.1632689991966	888.2310000000011	79.872	
2200-unsplash-renders	imazen-26-png-v3/png-v3/2200-unsplash-renders/2200_renders_abstract-folded-ribbons_by-a-chosen-soul-moigsaj8te0-unsplash_7680x4320.sdr.png	s6	4	32	7090	373.71621299826074	1157.9230000000002	66.289	
2200-unsplash-renders	imazen-26-png-v3/png-v3/2200-unsplash-renders/2200_renders_abstract-folded-ribbons_by-a-chosen-soul-moigsaj8te0-unsplash_7680x4320.sdr.png	s6	4	44	1548	397.61601900681853	1619.9890000000003	45.889	
2200-unsplash-renders	imazen-26-png-v3/png-v3/2200-unsplash-renders/2200_renders_abstract-folded-ribbons_by-a-chosen-soul-moigsaj8te0-unsplash_7680x4320.sdr.png	s4	6	20	13771	284.2864239937626	1012.687999999999	78.186	
2200-unsplash-renders	imazen-26-png-v3/png-v3/2200-unsplash-renders/2200_renders_abstract-folded-ribbons_by-a-chosen-soul-moigsaj8te0-unsplash_7680x4320.sdr.png	s4	6	32	7154	360.9852060035337	1799.7099999999994	63.941	
2200-unsplash-renders	imazen-26-png-v3/png-v3/2200-unsplash-renders/2200_renders_abstract-folded-ribbons_by-a-chosen-soul-moigsaj8te0-unsplash_7680x4320.sdr.png	s4	6	44	1617	345.06392100593075	1187.2450000000008	42.883	
2200-unsplash-renders	imazen-26-png-v3/png-v3/2200-unsplash-renders/2200_renders_abstract-folded-ribbons_by-a-chosen-soul-moigsaj8te0-unsplash_7680x4320.sdr.png	s6	6	20	14803	332.3612090025563	2266.729999999999	80.752	
2200-unsplash-renders	imazen-26-png-v3/png-v3/2200-unsplash-renders/2200_renders_abstract-folded-ribbons_by-a-chosen-soul-moigsaj8te0-unsplash_7680x4320.sdr.png	s6	6	32	8203	361.0164749989053	2266.729999999999	67.895	
2200-unsplash-renders	imazen-26-png-v3/png-v3/2200-unsplash-renders/2200_renders_abstract-folded-ribbons_by-a-chosen-soul-moigsaj8te0-unsplash_7680x4320.sdr.png	s6	6	44	2055	376.0106789995916	2192.1750000000006	46.709	
2200-unsplash-renders	imazen-26-png-v3/png-v3/2200-unsplash-renders/2200_renders_abstract-folded-ribbons_by-a-chosen-soul-moigsaj8te0-unsplash_7680x4320.sdr.png	s4	8	20	14338	378.8775760040153	1825.2130000000034	78.195	
2200-unsplash-renders	imazen-26-png-v3/png-v3/2200-unsplash-renders/2200_renders_abstract-folded-ribbons_by-a-chosen-soul-moigsaj8te0-unsplash_7680x4320.sdr.png	s4	8	32	7699	316.7425809951965	729.9689999999952	66.024	
2200-unsplash-renders	imazen-26-png-v3/png-v3/2200-unsplash-renders/2200_renders_abstract-folded-ribbons_by-a-chosen-soul-moigsaj8te0-unsplash_7680x4320.sdr.png	s4	8	44	1797	394.2235270078527	270.0490000000002	45.497	
2200-unsplash-renders	imazen-26-png-v3/png-v3/2200-unsplash-renders/2200_renders_abstract-folded-ribbons_by-a-chosen-soul-moigsaj8te0-unsplash_7680x4320.sdr.png	s6	8	20	15162	387.02950500010047	257.1600000000007	80.295	
2200-unsplash-renders	imazen-26-png-v3/png-v3/2200-unsplash-renders/2200_renders_abstract-folded-ribbons_by-a-chosen-soul-moigsaj8te0-unsplash_7680x4320.sdr.png	s6	8	32	8675	627.513669009204	501.7960000000059	68.609	
2200-unsplash-renders	imazen-26-png-v3/png-v3/2200-unsplash-renders/2200_renders_abstract-folded-ribbons_by-a-chosen-soul-moigsaj8te0-unsplash_7680x4320.sdr.png	s6	8	44	2179	311.8630730023142	392.54299999999273	48.075	
2200-unsplash-renders	imazen-26-png-v3/png-v3/2200-unsplash-renders/2200_renders_abstract-folded-ribbons_by-a-chosen-soul-moigsaj8te0-unsplash_7680x4320.sdr.png	s4	10	20	14321	369.65005099773407	937.8889999999966	78.356	
2200-unsplash-renders	imazen-26-png-v3/png-v3/2200-unsplash-renders/2200_renders_abstract-folded-ribbons_by-a-chosen-soul-moigsaj8te0-unsplash_7680x4320.sdr.png	s4	10	32	7792	348.9442609861726	695.2539999999967	66.045	
2200-unsplash-renders	imazen-26-png-v3/png-v3/2200-unsplash-renders/2200_renders_abstract-folded-ribbons_by-a-chosen-soul-moigsaj8te0-unsplash_7680x4320.sdr.png	s4	10	44	1850	412.1411630039802	1427.5010000000048	45.761	
2200-unsplash-renders	imazen-26-png-v3/png-v3/2200-unsplash-renders/2200_renders_abstract-folded-ribbons_by-a-chosen-soul-moigsaj8te0-unsplash_7680x4320.sdr.png	s6	10	20	15168	350.3353920095833	1153.8819999999994	80.677	
2200-unsplash-renders	imazen-26-png-v3/png-v3/2200-unsplash-renders/2200_renders_abstract-folded-ribbons_by-a-chosen-soul-moigsaj8te0-unsplash_7680x4320.sdr.png	s6	10	32	8724	383.45593900885433	1636.432000000001	68.492	
2200-unsplash-renders	imazen-26-png-v3/png-v3/2200-unsplash-renders/2200_renders_abstract-folded-ribbons_by-a-chosen-soul-moigsaj8te0-unsplash_7680x4320.sdr.png	s6	10	44	2316	358.4117900027195	1612.4269999999915	48.371	
2200-unsplash-renders	imazen-26-png-v3/png-v3/2200-unsplash-renders/2201_renders_abstract-dark-curves_by-anton-sobotyak-g7ayfxxntva-unsplash_3840x2160.sdr.png	s4	4	20	586	143.2554539933335	76.76299999999436	85.048	
2200-unsplash-renders	imazen-26-png-v3/png-v3/2200-unsplash-renders/2201_renders_abstract-dark-curves_by-anton-sobotyak-g7ayfxxntva-unsplash_3840x2160.sdr.png	s4	4	32	361	129.25882400304545	1092.458999999998	81.362	
2200-unsplash-renders	imazen-26-png-v3/png-v3/2200-unsplash-renders/2201_renders_abstract-dark-curves_by-anton-sobotyak-g7ayfxxntva-unsplash_3840x2160.sdr.png	s4	4	44	262	256.60381399211474	662.4209999999966	75.869	
2200-unsplash-renders	imazen-26-png-v3/png-v3/2200-unsplash-renders/2201_renders_abstract-dark-curves_by-anton-sobotyak-g7ayfxxntva-unsplash_3840x2160.sdr.png	s6	4	20	809	241.0956240055384	240.74499999999688	86.657	
2200-unsplash-renders	imazen-26-png-v3/png-v3/2200-unsplash-renders/2201_renders_abstract-dark-curves_by-anton-sobotyak-g7ayfxxntva-unsplash_3840x2160.sdr.png	s6	4	32	438	447.9001790023176	78.30999999999833	82.949	
2200-unsplash-renders	imazen-26-png-v3/png-v3/2200-unsplash-renders/2201_renders_abstract-dark-curves_by-anton-sobotyak-g7ayfxxntva-unsplash_3840x2160.sdr.png	s6	4	44	290	173.19242499070242	75.60499999999948	78.424	
2200-unsplash-renders	imazen-26-png-v3/png-v3/2200-unsplash-renders/2201_renders_abstract-dark-curves_by-anton-sobotyak-g7ayfxxntva-unsplash_3840x2160.sdr.png	s4	6	20	766	275.1691510056844	229.01900000000452	84.965	
2200-unsplash-renders	imazen-26-png-v3/png-v3/2200-unsplash-renders/2201_renders_abstract-dark-curves_by-anton-sobotyak-g7ayfxxntva-unsplash_3840x2160.sdr.png	s4	6	32	460	129.34670099639334	367.82899999999864	81.127	
2200-unsplash-renders	imazen-26-png-v3/png-v3/2200-unsplash-renders/2201_renders_abstract-dark-curves_by-anton-sobotyak-g7ayfxxntva-unsplash_3840x2160.sdr.png	s4	6	44	288	89.38450198911596	216.18200000000166	75.218	
2200-unsplash-renders	imazen-26-png-v3/png-v3/2200-unsplash-renders/2201_renders_abstract-dark-curves_by-anton-sobotyak-g7ayfxxntva-unsplash_3840x2160.sdr.png	s6	6	20	971	170.28895100520458	453.01499999999885	86.738	
2200-unsplash-renders	imazen-26-png-v3/png-v3/2200-unsplash-renders/2201_renders_abstract-dark-curves_by-anton-sobotyak-g7ayfxxntva-unsplash_3840x2160.sdr.png	s6	6	32	574	81.28968100936618	304.67800000000267	82.657	
2200-unsplash-renders	imazen-26-png-v3/png-v3/2200-unsplash-renders/2201_renders_abstract-dark-curves_by-anton-sobotyak-g7ayfxxntva-unsplash_3840x2160.sdr.png	s6	6	44	323	99.4519300002139	386.0190000000028	79.192	
2200-unsplash-renders	imazen-26-png-v3/png-v3/2200-unsplash-renders/2201_renders_abstract-dark-curves_by-anton-sobotyak-g7ayfxxntva-unsplash_3840x2160.sdr.png	s4	8	20	845	129.99005299934652	341.58699999999874	84.471	
2200-unsplash-renders	imazen-26-png-v3/png-v3/2200-unsplash-renders/2201_renders_abstract-dark-curves_by-anton-sobotyak-g7ayfxxntva-unsplash_3840x2160.sdr.png	s4	8	32	505	201.93300399114378	408.3590000000061	81.056	
2200-unsplash-renders	imazen-26-png-v3/png-v3/2200-unsplash-renders/2201_renders_abstract-dark-curves_by-anton-sobotyak-g7ayfxxntva-unsplash_3840x2160.sdr.png	s4	8	44	332	211.81495000200812	262.31399999999815	77.613	
2200-unsplash-renders	imazen-26-png-v3/png-v3/2200-unsplash-renders/2201_renders_abstract-dark-curves_by-anton-sobotyak-g7ayfxxntva-unsplash_3840x2160.sdr.png	s6	8	20	1167	723.6237629986135	122.61199999999306	86.735	
2200-unsplash-renders	imazen-26-png-v3/png-v3/2200-unsplash-renders/2201_renders_abstract-dark-curves_by-anton-sobotyak-g7ayfxxntva-unsplash_3840x2160.sdr.png	s6	8	32	602	143.116410006769	86.46499999999868	82.628	
2200-unsplash-renders	imazen-26-png-v3/png-v3/2200-unsplash-renders/2201_renders_abstract-dark-curves_by-anton-sobotyak-g7ayfxxntva-unsplash_3840x2160.sdr.png	s6	8	44	375	149.2968770035077	176.9889999999972	80.183	
2200-unsplash-renders	imazen-26-png-v3/png-v3/2200-unsplash-renders/2201_renders_abstract-dark-curves_by-anton-sobotyak-g7ayfxxntva-unsplash_3840x2160.sdr.png	s4	10	20	809	133.96439100324642	251.83999999999605	84.973	
2200-unsplash-renders	imazen-26-png-v3/png-v3/2200-unsplash-renders/2201_renders_abstract-dark-curves_by-anton-sobotyak-g7ayfxxntva-unsplash_3840x2160.sdr.png	s4	10	32	516	113.05236800399143	219.7239999999958	81.466	
2200-unsplash-renders	imazen-26-png-v3/png-v3/2200-unsplash-renders/2201_renders_abstract-dark-curves_by-anton-sobotyak-g7ayfxxntva-unsplash_3840x2160.sdr.png	s4	10	44	331	297.9241120046936	415.99900000000287	76.692	
2200-unsplash-renders	imazen-26-png-v3/png-v3/2200-unsplash-renders/2201_renders_abstract-dark-curves_by-anton-sobotyak-g7ayfxxntva-unsplash_3840x2160.sdr.png	s6	10	20	1012	142.8260889952071	187.46499999999955	86.711	
2200-unsplash-renders	imazen-26-png-v3/png-v3/2200-unsplash-renders/2201_renders_abstract-dark-curves_by-anton-sobotyak-g7ayfxxntva-unsplash_3840x2160.sdr.png	s6	10	32	603	220.85606900509447	228.0520000000035	83.415	
2200-unsplash-renders	imazen-26-png-v3/png-v3/2200-unsplash-renders/2201_renders_abstract-dark-curves_by-anton-sobotyak-g7ayfxxntva-unsplash_3840x2160.sdr.png	s6	10	44	378	308.70615800085943	179.39699999999982	79.692	
2400-unsplash-textures	imazen-26-png-v3/png-v3/2400-unsplash-textures/2404_textures_tree-bark-texture_by-hwang-sanguk-k0tljwrabxg-unsplash_3024x3024.sdr.png	s4	4	20	84987	516.7057229991769	496.495000000003	83.972	
2400-unsplash-textures	imazen-26-png-v3/png-v3/2400-unsplash-textures/2404_textures_tree-bark-texture_by-hwang-sanguk-k0tljwrabxg-unsplash_3024x3024.sdr.png	s4	4	32	45778	719.8228750057751	888.4629999999962	67.889	
2400-unsplash-textures	imazen-26-png-v3/png-v3/2400-unsplash-textures/2404_textures_tree-bark-texture_by-hwang-sanguk-k0tljwrabxg-unsplash_3024x3024.sdr.png	s4	4	44	18718	368.84350900072604	1143.667999999998	38.793	
2400-unsplash-textures	imazen-26-png-v3/png-v3/2400-unsplash-textures/2404_textures_tree-bark-texture_by-hwang-sanguk-k0tljwrabxg-unsplash_3024x3024.sdr.png	s6	4	20	85311	478.0716960085556	1265.7789999999984	84.240	
2400-unsplash-textures	imazen-26-png-v3/png-v3/2400-unsplash-textures/2404_textures_tree-bark-texture_by-hwang-sanguk-k0tljwrabxg-unsplash_3024x3024.sdr.png	s6	4	32	46029	558.3271619980223	1633.1110000000012	68.222	
2400-unsplash-textures	imazen-26-png-v3/png-v3/2400-unsplash-textures/2404_textures_tree-bark-texture_by-hwang-sanguk-k0tljwrabxg-unsplash_3024x3024.sdr.png	s6	4	44	19051	468.03583699511364	819.3060000000063	40.213	
2400-unsplash-textures	imazen-26-png-v3/png-v3/2400-unsplash-textures/2404_textures_tree-bark-texture_by-hwang-sanguk-k0tljwrabxg-unsplash_3024x3024.sdr.png	s4	6	20	85375	478.7959410023177	1033.0480000000027	84.093	
2400-unsplash-textures	imazen-26-png-v3/png-v3/2400-unsplash-textures/2404_textures_tree-bark-texture_by-hwang-sanguk-k0tljwrabxg-unsplash_3024x3024.sdr.png	s4	6	32	46596	457.26286999706645	1204.1579999999997	68.130	
2400-unsplash-textures	imazen-26-png-v3/png-v3/2400-unsplash-textures/2404_textures_tree-bark-texture_by-hwang-sanguk-k0tljwrabxg-unsplash_3024x3024.sdr.png	s4	6	44	19406	478.29744400223717	1324.6679999999974	39.307	
2400-unsplash-textures	imazen-26-png-v3/png-v3/2400-unsplash-textures/2404_textures_tree-bark-texture_by-hwang-sanguk-k0tljwrabxg-unsplash_3024x3024.sdr.png	s6	6	20	85507	357.1660640009213	986.0730000000046	84.374	
2400-unsplash-textures	imazen-26-png-v3/png-v3/2400-unsplash-textures/2404_textures_tree-bark-texture_by-hwang-sanguk-k0tljwrabxg-unsplash_3024x3024.sdr.png	s6	6	32	46775	388.7318380002398	585.9119999999987	68.496	
2400-unsplash-textures	imazen-26-png-v3/png-v3/2400-unsplash-textures/2404_textures_tree-bark-texture_by-hwang-sanguk-k0tljwrabxg-unsplash_3024x3024.sdr.png	s6	6	44	19697	293.4489949984709	767.6470000000038	40.172	
2400-unsplash-textures	imazen-26-png-v3/png-v3/2400-unsplash-textures/2404_textures_tree-bark-texture_by-hwang-sanguk-k0tljwrabxg-unsplash_3024x3024.sdr.png	s4	8	20	86558	226.89548799826298	599.9979999999994	83.644	
2400-unsplash-textures	imazen-26-png-v3/png-v3/2400-unsplash-textures/2404_textures_tree-bark-texture_by-hwang-sanguk-k0tljwrabxg-unsplash_3024x3024.sdr.png	s4	8	32	46770	166.76932699920144	179.9760000000017	66.750	
2400-unsplash-textures	imazen-26-png-v3/png-v3/2400-unsplash-textures/2404_textures_tree-bark-texture_by-hwang-sanguk-k0tljwrabxg-unsplash_3024x3024.sdr.png	s4	8	44	19860	385.71407699782867	288.2319999999936	38.227	
2400-unsplash-textures	imazen-26-png-v3/png-v3/2400-unsplash-textures/2404_textures_tree-bark-texture_by-hwang-sanguk-k0tljwrabxg-unsplash_3024x3024.sdr.png	s6	8	20	86714	265.1054089947138	277.56699999998705	83.790	
2400-unsplash-textures	imazen-26-png-v3/png-v3/2400-unsplash-textures/2404_textures_tree-bark-texture_by-hwang-sanguk-k0tljwrabxg-unsplash_3024x3024.sdr.png	s6	8	32	46962	350.62792799726594	403.4180000000056	66.957	
2400-unsplash-textures	imazen-26-png-v3/png-v3/2400-unsplash-textures/2404_textures_tree-bark-texture_by-hwang-sanguk-k0tljwrabxg-unsplash_3024x3024.sdr.png	s6	8	44	20114	184.6571869973559	123.55199999999655	39.036	
2400-unsplash-textures	imazen-26-png-v3/png-v3/2400-unsplash-textures/2404_textures_tree-bark-texture_by-hwang-sanguk-k0tljwrabxg-unsplash_3024x3024.sdr.png	s4	10	20	86215	421.38986600912176	186.36500000000035	83.665	
2400-unsplash-textures	imazen-26-png-v3/png-v3/2400-unsplash-textures/2404_textures_tree-bark-texture_by-hwang-sanguk-k0tljwrabxg-unsplash_3024x3024.sdr.png	s4	10	32	46659	396.19831599702593	280.2179999999961	66.795	
2400-unsplash-textures	imazen-26-png-v3/png-v3/2400-unsplash-textures/2404_textures_tree-bark-texture_by-hwang-sanguk-k0tljwrabxg-unsplash_3024x3024.sdr.png	s4	10	44	19755	437.43098799313884	362.12099999999657	38.260	
2400-unsplash-textures	imazen-26-png-v3/png-v3/2400-unsplash-textures/2404_textures_tree-bark-texture_by-hwang-sanguk-k0tljwrabxg-unsplash_3024x3024.sdr.png	s6	10	20	86448	418.34974200173747	279.4889999999946	83.866	
2400-unsplash-textures	imazen-26-png-v3/png-v3/2400-unsplash-textures/2404_textures_tree-bark-texture_by-hwang-sanguk-k0tljwrabxg-unsplash_3024x3024.sdr.png	s6	10	32	46967	158.87007700803224	269.6289999999948	67.097	
2400-unsplash-textures	imazen-26-png-v3/png-v3/2400-unsplash-textures/2404_textures_tree-bark-texture_by-hwang-sanguk-k0tljwrabxg-unsplash_3024x3024.sdr.png	s6	10	44	20010	345.68331799528096	380.6710000000013	38.542	
2400-unsplash-textures	imazen-26-png-v3/png-v3/2400-unsplash-textures/2407_textures_blue-wabring-threads_by-pawel-czerwinski-kra9zndplra-unsplash_4000x6000.sdr.png	s4	4	20	12271	564.4424450001679	1380.1130000000069	74.017	
2400-unsplash-textures	imazen-26-png-v3/png-v3/2400-unsplash-textures/2407_textures_blue-wabring-threads_by-pawel-czerwinski-kra9zndplra-unsplash_4000x6000.sdr.png	s4	4	32	2500	332.87413300422486	695.7850000000078	61.673	
2400-unsplash-textures	imazen-26-png-v3/png-v3/2400-unsplash-textures/2407_textures_blue-wabring-threads_by-pawel-czerwinski-kra9zndplra-unsplash_4000x6000.sdr.png	s4	4	44	1116	280.55845500784926	338.15699999999185	44.239	
2400-unsplash-textures	imazen-26-png-v3/png-v3/2400-unsplash-textures/2407_textures_blue-wabring-threads_by-pawel-czerwinski-kra9zndplra-unsplash_4000x6000.sdr.png	s6	4	20	16665	360.5018380039837	1535.142000000004	77.132	
2400-unsplash-textures	imazen-26-png-v3/png-v3/2400-unsplash-textures/2407_textures_blue-wabring-threads_by-pawel-czerwinski-kra9zndplra-unsplash_4000x6000.sdr.png	s6	4	32	4960	333.7048009998398	1135.7320000000045	66.114	
2400-unsplash-textures	imazen-26-png-v3/png-v3/2400-unsplash-textures/2407_textures_blue-wabring-threads_by-pawel-czerwinski-kra9zndplra-unsplash_4000x6000.sdr.png	s6	4	44	1546	373.18010500166565	1381.1859999999872	53.197	
2400-unsplash-textures	imazen-26-png-v3/png-v3/2400-unsplash-textures/2407_textures_blue-wabring-threads_by-pawel-czerwinski-kra9zndplra-unsplash_4000x6000.sdr.png	s4	6	20	17862	355.7990579865873	815.2409999999932	76.015	
2400-unsplash-textures	imazen-26-png-v3/png-v3/2400-unsplash-textures/2407_textures_blue-wabring-threads_by-pawel-czerwinski-kra9zndplra-unsplash_4000x6000.sdr.png	s4	6	32	5257	406.3191059976816	463.63099999999946	63.298	
2400-unsplash-textures	imazen-26-png-v3/png-v3/2400-unsplash-textures/2407_textures_blue-wabring-threads_by-pawel-czerwinski-kra9zndplra-unsplash_4000x6000.sdr.png	s4	6	44	2247	510.8982639940223	470.0379999999953	48.573	
2400-unsplash-textures	imazen-26-png-v3/png-v3/2400-unsplash-textures/2407_textures_blue-wabring-threads_by-pawel-czerwinski-kra9zndplra-unsplash_4000x6000.sdr.png	s6	6	20	20548	357.2479489957914	449.5919999999991	78.623	
2400-unsplash-textures	imazen-26-png-v3/png-v3/2400-unsplash-textures/2407_textures_blue-wabring-threads_by-pawel-czerwinski-kra9zndplra-unsplash_4000x6000.sdr.png	s6	6	32	7184	506.38262899883557	344.23500000000115	66.589	
2400-unsplash-textures	imazen-26-png-v3/png-v3/2400-unsplash-textures/2407_textures_blue-wabring-threads_by-pawel-czerwinski-kra9zndplra-unsplash_4000x6000.sdr.png	s6	6	44	2740	583.8865599944256	983.3209999999965	53.242	
2400-unsplash-textures	imazen-26-png-v3/png-v3/2400-unsplash-textures/2407_textures_blue-wabring-threads_by-pawel-czerwinski-kra9zndplra-unsplash_4000x6000.sdr.png	s4	8	20	18473	516.9174040056532	1150.1579999999976	76.322	
2400-unsplash-textures	imazen-26-png-v3/png-v3/2400-unsplash-textures/2407_textures_blue-wabring-threads_by-pawel-czerwinski-kra9zndplra-unsplash_4000x6000.sdr.png	s4	8	32	6390	353.30475099908654	493.2680000000005	63.288	
2400-unsplash-textures	imazen-26-png-v3/png-v3/2400-unsplash-textures/2407_textures_blue-wabring-threads_by-pawel-czerwinski-kra9zndplra-unsplash_4000x6000.sdr.png	s4	8	44	2770	384.49149500229396	923.5790000000037	43.898	
2400-unsplash-textures	imazen-26-png-v3/png-v3/2400-unsplash-textures/2407_textures_blue-wabring-threads_by-pawel-czerwinski-kra9zndplra-unsplash_4000x6000.sdr.png	s6	8	20	20905	321.88323099398986	1763.839000000008	78.682	
2400-unsplash-textures	imazen-26-png-v3/png-v3/2400-unsplash-textures/2407_textures_blue-wabring-threads_by-pawel-czerwinski-kra9zndplra-unsplash_4000x6000.sdr.png	s6	8	32	8339	305.79458799911663	1496.0950000000075	66.706	
2400-unsplash-textures	imazen-26-png-v3/png-v3/2400-unsplash-textures/2407_textures_blue-wabring-threads_by-pawel-czerwinski-kra9zndplra-unsplash_4000x6000.sdr.png	s6	8	44	3348	290.2275770029519	883.9119999999916	50.690	
2400-unsplash-textures	imazen-26-png-v3/png-v3/2400-unsplash-textures/2407_textures_blue-wabring-threads_by-pawel-czerwinski-kra9zndplra-unsplash_4000x6000.sdr.png	s4	10	20	19910	259.00084599561524	474.7090000000078	76.466	
2400-unsplash-textures	imazen-26-png-v3/png-v3/2400-unsplash-textures/2407_textures_blue-wabring-threads_by-pawel-czerwinski-kra9zndplra-unsplash_4000x6000.sdr.png	s4	10	32	6985	496.77468300797045	1202.871000000009	63.197	
2400-unsplash-textures	imazen-26-png-v3/png-v3/2400-unsplash-textures/2407_textures_blue-wabring-threads_by-pawel-czerwinski-kra9zndplra-unsplash_4000x6000.sdr.png	s4	10	44	2842	394.6086679934524	1008.5380000000087	43.870	
2400-unsplash-textures	imazen-26-png-v3/png-v3/2400-unsplash-textures/2407_textures_blue-wabring-threads_by-pawel-czerwinski-kra9zndplra-unsplash_4000x6000.sdr.png	s6	10	20	22196	369.07763399358373	434.34699999999896	78.902	
2400-unsplash-textures	imazen-26-png-v3/png-v3/2400-unsplash-textures/2407_textures_blue-wabring-threads_by-pawel-czerwinski-kra9zndplra-unsplash_4000x6000.sdr.png	s6	10	32	9013	422.0364939974388	490.8590000000039	67.236	
2400-unsplash-textures	imazen-26-png-v3/png-v3/2400-unsplash-textures/2407_textures_blue-wabring-threads_by-pawel-czerwinski-kra9zndplra-unsplash_4000x6000.sdr.png	s6	10	44	3418	465.5604459985625	399.9950000000041	50.577	
3000-art-institute-of-chicago-photos	imazen-26-png-v3/png-v3/3000-art-institute-of-chicago-photos/3001_aic_self-portrait_11_4000x5226.sdr.png	s4	4	20	22314	750.6727290019626	1008.5000000000122	73.671	
3000-art-institute-of-chicago-photos	imazen-26-png-v3/png-v3/3000-art-institute-of-chicago-photos/3001_aic_self-portrait_11_4000x5226.sdr.png	s4	4	32	8340	511.3496209960431	790.2320000000067	51.481	
3000-art-institute-of-chicago-photos	imazen-26-png-v3/png-v3/3000-art-institute-of-chicago-photos/3001_aic_self-portrait_11_4000x5226.sdr.png	s4	4	44	1783	466.90558099362534	1180.1900000000032	13.706	
3000-art-institute-of-chicago-photos	imazen-26-png-v3/png-v3/3000-art-institute-of-chicago-photos/3001_aic_self-portrait_11_4000x5226.sdr.png	s6	4	20	26164	445.55679899349343	697.5979999999957	76.011	
3000-art-institute-of-chicago-photos	imazen-26-png-v3/png-v3/3000-art-institute-of-chicago-photos/3001_aic_self-portrait_11_4000x5226.sdr.png	s6	4	32	13072	398.59077001165133	1825.8300000000033	61.806	
3000-art-institute-of-chicago-photos	imazen-26-png-v3/png-v3/3000-art-institute-of-chicago-photos/3001_aic_self-portrait_11_4000x5226.sdr.png	s6	4	44	3380	342.7191689988831	342.5760000000011	28.199	
3000-art-institute-of-chicago-photos	imazen-26-png-v3/png-v3/3000-art-institute-of-chicago-photos/3001_aic_self-portrait_11_4000x5226.sdr.png	s4	6	20	23484	403.9327950013103	1825.8300000000033	74.219	
3000-art-institute-of-chicago-photos	imazen-26-png-v3/png-v3/3000-art-institute-of-chicago-photos/3001_aic_self-portrait_11_4000x5226.sdr.png	s4	6	32	9635	271.82473900029436	1011.5389999999991	54.449	
3000-art-institute-of-chicago-photos	imazen-26-png-v3/png-v3/3000-art-institute-of-chicago-photos/3001_aic_self-portrait_11_4000x5226.sdr.png	s4	6	44	2218	276.0509550134884	1725.2100000000078	16.206	
3000-art-institute-of-chicago-photos	imazen-26-png-v3/png-v3/3000-art-institute-of-chicago-photos/3001_aic_self-portrait_11_4000x5226.sdr.png	s6	6	20	26809	458.80748200579546	2152.545000000007	76.112	
3000-art-institute-of-chicago-photos	imazen-26-png-v3/png-v3/3000-art-institute-of-chicago-photos/3001_aic_self-portrait_11_4000x5226.sdr.png	s6	6	32	14014	215.03733900317457	227.2200000000062	62.895	
3000-art-institute-of-chicago-photos	imazen-26-png-v3/png-v3/3000-art-institute-of-chicago-photos/3001_aic_self-portrait_11_4000x5226.sdr.png	s6	6	44	3662	574.1391089977697	267.61500000000285	29.694	
3000-art-institute-of-chicago-photos	imazen-26-png-v3/png-v3/3000-art-institute-of-chicago-photos/3001_aic_self-portrait_11_4000x5226.sdr.png	s4	8	20	24723	515.6947219948051	603.9719999999988	74.720	
3000-art-institute-of-chicago-photos	imazen-26-png-v3/png-v3/3000-art-institute-of-chicago-photos/3001_aic_self-portrait_11_4000x5226.sdr.png	s4	8	32	10407	347.8685980080627	397.61799999998715	55.029	
3000-art-institute-of-chicago-photos	imazen-26-png-v3/png-v3/3000-art-institute-of-chicago-photos/3001_aic_self-portrait_11_4000x5226.sdr.png	s4	8	44	2491	291.35616999701597	566.8590000000008	19.159	
3000-art-institute-of-chicago-photos	imazen-26-png-v3/png-v3/3000-art-institute-of-chicago-photos/3001_aic_self-portrait_11_4000x5226.sdr.png	s6	8	20	27689	299.2582060105633	330.04200000000594	76.050	
3000-art-institute-of-chicago-photos	imazen-26-png-v3/png-v3/3000-art-institute-of-chicago-photos/3001_aic_self-portrait_11_4000x5226.sdr.png	s6	8	32	14728	486.2677210039692	1024.0199999999966	63.723	
3000-art-institute-of-chicago-photos	imazen-26-png-v3/png-v3/3000-art-institute-of-chicago-photos/3001_aic_self-portrait_11_4000x5226.sdr.png	s6	8	44	3855	395.71449800860137	614.343999999992	30.786	
3000-art-institute-of-chicago-photos	imazen-26-png-v3/png-v3/3000-art-institute-of-chicago-photos/3001_aic_self-portrait_11_4000x5226.sdr.png	s4	10	20	24596	395.94461499655154	838.2629999999871	74.593	
3000-art-institute-of-chicago-photos	imazen-26-png-v3/png-v3/3000-art-institute-of-chicago-photos/3001_aic_self-portrait_11_4000x5226.sdr.png	s4	10	32	10459	302.81545101024676	581.563999999993	55.753	
3000-art-institute-of-chicago-photos	imazen-26-png-v3/png-v3/3000-art-institute-of-chicago-photos/3001_aic_self-portrait_11_4000x5226.sdr.png	s4	10	44	2446	484.3532640079502	518.3259999999948	18.913	
3000-art-institute-of-chicago-photos	imazen-26-png-v3/png-v3/3000-art-institute-of-chicago-photos/3001_aic_self-portrait_11_4000x5226.sdr.png	s6	10	20	27482	762.3497440072242	864.1359999999878	75.795	
3000-art-institute-of-chicago-photos	imazen-26-png-v3/png-v3/3000-art-institute-of-chicago-photos/3001_aic_self-portrait_11_4000x5226.sdr.png	s6	10	32	14808	666.0427549941232	779.9919999999894	63.695	
3000-art-institute-of-chicago-photos	imazen-26-png-v3/png-v3/3000-art-institute-of-chicago-photos/3001_aic_self-portrait_11_4000x5226.sdr.png	s6	10	44	3840	446.5765549975913	779.9919999999894	30.662	
3000-art-institute-of-chicago-photos	imazen-26-png-v3/png-v3/3000-art-institute-of-chicago-photos/3002_aic_the-irish-question_181777_4000x4860.sdr.png	s4	4	20	34604	507.7472489938373	1065.2259999999885	80.828	
3000-art-institute-of-chicago-photos	imazen-26-png-v3/png-v3/3000-art-institute-of-chicago-photos/3002_aic_the-irish-question_181777_4000x4860.sdr.png	s4	4	32	19486	603.0233400088036	1304.4200000000003	66.839	
3000-art-institute-of-chicago-photos	imazen-26-png-v3/png-v3/3000-art-institute-of-chicago-photos/3002_aic_the-irish-question_181777_4000x4860.sdr.png	s4	4	44	7272	527.8974259999814	1142.7660000000053	26.980	
3000-art-institute-of-chicago-photos	imazen-26-png-v3/png-v3/3000-art-institute-of-chicago-photos/3002_aic_the-irish-question_181777_4000x4860.sdr.png	s6	4	20	37028	547.6797320006881	1383.5909999999956	81.409	
3000-art-institute-of-chicago-photos	imazen-26-png-v3/png-v3/3000-art-institute-of-chicago-photos/3002_aic_the-irish-question_181777_4000x4860.sdr.png	s6	4	32	22748	455.8080060087377	1063.3150000000028	69.685	
3000-art-institute-of-chicago-photos	imazen-26-png-v3/png-v3/3000-art-institute-of-chicago-photos/3002_aic_the-irish-question_181777_4000x4860.sdr.png	s6	4	44	9249	434.05232300574426	1345.3049999999926	34.717	
3000-art-institute-of-chicago-photos	imazen-26-png-v3/png-v3/3000-art-institute-of-chicago-photos/3002_aic_the-irish-question_181777_4000x4860.sdr.png	s4	6	20	35573	527.0635619963286	1641.4389999999983	80.928	
3000-art-institute-of-chicago-photos	imazen-26-png-v3/png-v3/3000-art-institute-of-chicago-photos/3002_aic_the-irish-question_181777_4000x4860.sdr.png	s4	6	32	20718	356.2119319976773	503.61600000000095	68.058	
3000-art-institute-of-chicago-photos	imazen-26-png-v3/png-v3/3000-art-institute-of-chicago-photos/3002_aic_the-irish-question_181777_4000x4860.sdr.png	s4	6	44	7909	498.7187939987052	508.378000000004	29.411	
3000-art-institute-of-chicago-photos	imazen-26-png-v3/png-v3/3000-art-institute-of-chicago-photos/3002_aic_the-irish-question_181777_4000x4860.sdr.png	s6	6	20	37638	569.6475099975942	719.260000000002	81.449	
3000-art-institute-of-chicago-photos	imazen-26-png-v3/png-v3/3000-art-institute-of-chicago-photos/3002_aic_the-irish-question_181777_4000x4860.sdr.png	s6	6	32	23706	553.0415139946854	963.356999999995	70.657	
3000-art-institute-of-chicago-photos	imazen-26-png-v3/png-v3/3000-art-institute-of-chicago-photos/3002_aic_the-irish-question_181777_4000x4860.sdr.png	s6	6	44	9876	380.19296200945973	721.785999999998	36.737	
3000-art-institute-of-chicago-photos	imazen-26-png-v3/png-v3/3000-art-institute-of-chicago-photos/3002_aic_the-irish-question_181777_4000x4860.sdr.png	s4	8	20	36948	554.6143109968398	889.9370000000068	80.786	
3000-art-institute-of-chicago-photos	imazen-26-png-v3/png-v3/3000-art-institute-of-chicago-photos/3002_aic_the-irish-question_181777_4000x4860.sdr.png	s4	8	32	21673	594.7995829919819	1152.142999999999	67.396	
3000-art-institute-of-chicago-photos	imazen-26-png-v3/png-v3/3000-art-institute-of-chicago-photos/3002_aic_the-irish-question_181777_4000x4860.sdr.png	s4	8	44	8404	278.2221590023255	425.9110000000028	29.835	
3000-art-institute-of-chicago-photos	imazen-26-png-v3/png-v3/3000-art-institute-of-chicago-photos/3002_aic_the-irish-question_181777_4000x4860.sdr.png	s6	8	20	39019	444.6388259966625	865.1320000000062	81.477	
3000-art-institute-of-chicago-photos	imazen-26-png-v3/png-v3/3000-art-institute-of-chicago-photos/3002_aic_the-irish-question_181777_4000x4860.sdr.png	s6	8	32	24829	337.36285800114274	415.5479999999976	70.316	
3000-art-institute-of-chicago-photos	imazen-26-png-v3/png-v3/3000-art-institute-of-chicago-photos/3002_aic_the-irish-question_181777_4000x4860.sdr.png	s6	8	44	10396	459.17864800139796	621.3500000000067	37.382	
3000-art-institute-of-chicago-photos	imazen-26-png-v3/png-v3/3000-art-institute-of-chicago-photos/3002_aic_the-irish-question_181777_4000x4860.sdr.png	s4	10	20	36645	376.8911420047516	813.0770000000069	80.756	
3000-art-institute-of-chicago-photos	imazen-26-png-v3/png-v3/3000-art-institute-of-chicago-photos/3002_aic_the-irish-question_181777_4000x4860.sdr.png	s4	10	32	21565	221.89783700741827	449.39099999999496	67.678	
3000-art-institute-of-chicago-photos	imazen-26-png-v3/png-v3/3000-art-institute-of-chicago-photos/3002_aic_the-irish-question_181777_4000x4860.sdr.png	s4	10	44	8311	726.2330270023085	899.2940000000011	30.467	
3000-art-institute-of-chicago-photos	imazen-26-png-v3/png-v3/3000-art-institute-of-chicago-photos/3002_aic_the-irish-question_181777_4000x4860.sdr.png	s6	10	20	38734	593.02886101068	858.5969999999996	81.337	
3000-art-institute-of-chicago-photos	imazen-26-png-v3/png-v3/3000-art-institute-of-chicago-photos/3002_aic_the-irish-question_181777_4000x4860.sdr.png	s6	10	32	24674	418.2760230032727	638.3280000000049	70.360	
3000-art-institute-of-chicago-photos	imazen-26-png-v3/png-v3/3000-art-institute-of-chicago-photos/3002_aic_the-irish-question_181777_4000x4860.sdr.png	s6	10	44	10377	367.38932799198665	602.2330000000054	37.627	
3300-met-museum-photos	imazen-26-png-v3/png-v3/3300-met-museum-photos/3311_met_jamb-stove_3689_2002x1717.sdr.png	s4	4	20	57783	527.7241360017797	1063.3439999999937	85.801	
3300-met-museum-photos	imazen-26-png-v3/png-v3/3300-met-museum-photos/3311_met_jamb-stove_3689_2002x1717.sdr.png	s4	4	32	31449	412.3254129954148	635.4189999999953	74.323	
3300-met-museum-photos	imazen-26-png-v3/png-v3/3300-met-museum-photos/3311_met_jamb-stove_3689_2002x1717.sdr.png	s4	4	44	14084	282.86908300651703	336.33500000000186	48.342	
3300-met-museum-photos	imazen-26-png-v3/png-v3/3300-met-museum-photos/3311_met_jamb-stove_3689_2002x1717.sdr.png	s6	4	20	57977	406.3493040011963	718.1159999999984	85.943	
3300-met-museum-photos	imazen-26-png-v3/png-v3/3300-met-museum-photos/3311_met_jamb-stove_3689_2002x1717.sdr.png	s6	4	32	31937	402.10328000830486	980.0109999999939	74.652	
3300-met-museum-photos	imazen-26-png-v3/png-v3/3300-met-museum-photos/3311_met_jamb-stove_3689_2002x1717.sdr.png	s6	4	44	14567	469.60267299436964	1221.1769999999867	50.190	
3300-met-museum-photos	imazen-26-png-v3/png-v3/3300-met-museum-photos/3311_met_jamb-stove_3689_2002x1717.sdr.png	s4	6	20	58224	153.59988799900748	261.26899999998795	85.719	
3300-met-museum-photos	imazen-26-png-v3/png-v3/3300-met-museum-photos/3311_met_jamb-stove_3689_2002x1717.sdr.png	s4	6	32	32050	235.4192050115671	414.5330000000129	74.433	
3300-met-museum-photos	imazen-26-png-v3/png-v3/3300-met-museum-photos/3311_met_jamb-stove_3689_2002x1717.sdr.png	s4	6	44	14562	132.57558199984487	108.900000000002	48.818	
3300-met-museum-photos	imazen-26-png-v3/png-v3/3300-met-museum-photos/3311_met_jamb-stove_3689_2002x1717.sdr.png	s6	6	20	58273	445.8950609987369	233.49599999998816	85.681	
3300-met-museum-photos	imazen-26-png-v3/png-v3/3300-met-museum-photos/3311_met_jamb-stove_3689_2002x1717.sdr.png	s6	6	32	32377	221.24150099989492	217.12600000000037	74.730	
3300-met-museum-photos	imazen-26-png-v3/png-v3/3300-met-museum-photos/3311_met_jamb-stove_3689_2002x1717.sdr.png	s6	6	44	14928	271.4706269907765	124.72899999999854	48.784	
3300-met-museum-photos	imazen-26-png-v3/png-v3/3300-met-museum-photos/3311_met_jamb-stove_3689_2002x1717.sdr.png	s4	8	20	59082	511.93469199643005	208.85799999999932	85.127	
3300-met-museum-photos	imazen-26-png-v3/png-v3/3300-met-museum-photos/3311_met_jamb-stove_3689_2002x1717.sdr.png	s4	8	32	33029	351.9419329968514	130.76899999999725	73.767	
3300-met-museum-photos	imazen-26-png-v3/png-v3/3300-met-museum-photos/3311_met_jamb-stove_3689_2002x1717.sdr.png	s4	8	44	15058	246.5740080078831	163.18500000000213	48.859	
3300-met-museum-photos	imazen-26-png-v3/png-v3/3300-met-museum-photos/3311_met_jamb-stove_3689_2002x1717.sdr.png	s6	8	20	59179	195.96161399385892	82.91400000000593	85.184	
3300-met-museum-photos	imazen-26-png-v3/png-v3/3300-met-museum-photos/3311_met_jamb-stove_3689_2002x1717.sdr.png	s6	8	32	33279	173.79605199676007	98.25500000000176	74.097	
3300-met-museum-photos	imazen-26-png-v3/png-v3/3300-met-museum-photos/3311_met_jamb-stove_3689_2002x1717.sdr.png	s6	8	44	15381	112.0882969989907	61.45500000000226	49.752	
3300-met-museum-photos	imazen-26-png-v3/png-v3/3300-met-museum-photos/3311_met_jamb-stove_3689_2002x1717.sdr.png	s4	10	20	59818	168.1425249989843	108.03299999999538	85.427	
3300-met-museum-photos	imazen-26-png-v3/png-v3/3300-met-museum-photos/3311_met_jamb-stove_3689_2002x1717.sdr.png	s4	10	32	33487	173.26943199441303	132.16299999999848	73.908	
3300-met-museum-photos	imazen-26-png-v3/png-v3/3300-met-museum-photos/3311_met_jamb-stove_3689_2002x1717.sdr.png	s4	10	44	15268	301.83619100716896	143.743999999991	48.882	
3300-met-museum-photos	imazen-26-png-v3/png-v3/3300-met-museum-photos/3311_met_jamb-stove_3689_2002x1717.sdr.png	s6	10	20	59922	159.98100698925555	80.42199999999866	85.443	
3300-met-museum-photos	imazen-26-png-v3/png-v3/3300-met-museum-photos/3311_met_jamb-stove_3689_2002x1717.sdr.png	s6	10	32	33805	291.8623210134683	111.47700000000782	74.323	
3300-met-museum-photos	imazen-26-png-v3/png-v3/3300-met-museum-photos/3311_met_jamb-stove_3689_2002x1717.sdr.png	s6	10	44	15661	52.3498629918322	59.448999999993646	49.815	
3300-met-museum-photos	imazen-26-png-v3/png-v3/3300-met-museum-photos/3318_met_vessel_479496_2505x2596.sdr.png	s4	4	20	21646	308.96714399568737	294.04799999999653	79.980	
3300-met-museum-photos	imazen-26-png-v3/png-v3/3300-met-museum-photos/3318_met_vessel_479496_2505x2596.sdr.png	s4	4	32	9814	480.6962599977851	291.1839999999941	66.475	
3300-met-museum-photos	imazen-26-png-v3/png-v3/3300-met-museum-photos/3318_met_vessel_479496_2505x2596.sdr.png	s4	4	44	3404	254.77217700972687	434.4079999999977	42.008	
3300-met-museum-photos	imazen-26-png-v3/png-v3/3300-met-museum-photos/3318_met_vessel_479496_2505x2596.sdr.png	s6	4	20	24817	286.19093100132886	891.2099999999974	81.337	
3300-met-museum-photos	imazen-26-png-v3/png-v3/3300-met-museum-photos/3318_met_vessel_479496_2505x2596.sdr.png	s6	4	32	13267	306.83878099080175	1082.6820000000018	72.296	
3300-met-museum-photos	imazen-26-png-v3/png-v3/3300-met-museum-photos/3318_met_vessel_479496_2505x2596.sdr.png	s6	4	44	4717	262.0834410045063	858.3010000000008	50.378	
3300-met-museum-photos	imazen-26-png-v3/png-v3/3300-met-museum-photos/3318_met_vessel_479496_2505x2596.sdr.png	s4	6	20	22914	137.43026299925987	322.02099999999234	80.106	
3300-met-museum-photos	imazen-26-png-v3/png-v3/3300-met-museum-photos/3318_met_vessel_479496_2505x2596.sdr.png	s4	6	32	10817	221.01356799248606	783.6389999999938	67.940	
3300-met-museum-photos	imazen-26-png-v3/png-v3/3300-met-museum-photos/3318_met_vessel_479496_2505x2596.sdr.png	s4	6	44	3793	350.2695369970752	386.7330000000102	44.074	
3300-met-museum-photos	imazen-26-png-v3/png-v3/3300-met-museum-photos/3318_met_vessel_479496_2505x2596.sdr.png	s6	6	20	25774	231.8301990017062	251.7809999999976	81.721	
3300-met-museum-photos	imazen-26-png-v3/png-v3/3300-met-museum-photos/3318_met_vessel_479496_2505x2596.sdr.png	s6	6	32	14279	321.4975989976665	303.7659999999853	72.845	
3300-met-museum-photos	imazen-26-png-v3/png-v3/3300-met-museum-photos/3318_met_vessel_479496_2505x2596.sdr.png	s6	6	44	5108	377.16074399941135	381.6409999999912	50.641	
3300-met-museum-photos	imazen-26-png-v3/png-v3/3300-met-museum-photos/3318_met_vessel_479496_2505x2596.sdr.png	s4	8	20	24084	209.3224959971849	238.2869999999997	80.524	
3300-met-museum-photos	imazen-26-png-v3/png-v3/3300-met-museum-photos/3318_met_vessel_479496_2505x2596.sdr.png	s4	8	32	11446	291.38862100080587	136.36399999999327	67.609	
3300-met-museum-photos	imazen-26-png-v3/png-v3/3300-met-museum-photos/3318_met_vessel_479496_2505x2596.sdr.png	s4	8	44	4046	261.2544860021444	178.0469999999923	44.399	
3300-met-museum-photos	imazen-26-png-v3/png-v3/3300-met-museum-photos/3318_met_vessel_479496_2505x2596.sdr.png	s6	8	20	26894	250.12567300291266	255.4799999999986	81.463	
3300-met-museum-photos	imazen-26-png-v3/png-v3/3300-met-museum-photos/3318_met_vessel_479496_2505x2596.sdr.png	s6	8	32	15038	265.1349559891969	270.46799999999394	72.798	
3300-met-museum-photos	imazen-26-png-v3/png-v3/3300-met-museum-photos/3318_met_vessel_479496_2505x2596.sdr.png	s6	8	44	5299	340.26602000813	370.4509999999992	51.490	
3300-met-museum-photos	imazen-26-png-v3/png-v3/3300-met-museum-photos/3318_met_vessel_479496_2505x2596.sdr.png	s4	10	20	24657	248.0495899944799	300.0499999999988	80.815	
3300-met-museum-photos	imazen-26-png-v3/png-v3/3300-met-museum-photos/3318_met_vessel_479496_2505x2596.sdr.png	s4	10	32	12246	297.6600010006223	450.5040000000058	68.254	
3300-met-museum-photos	imazen-26-png-v3/png-v3/3300-met-museum-photos/3318_met_vessel_479496_2505x2596.sdr.png	s4	10	44	4637	241.5070260030916	274.14199999999414	44.881	
3300-met-museum-photos	imazen-26-png-v3/png-v3/3300-met-museum-photos/3318_met_vessel_479496_2505x2596.sdr.png	s6	10	20	27395	151.67927199217957	197.31299999999052	81.609	
3300-met-museum-photos	imazen-26-png-v3/png-v3/3300-met-museum-photos/3318_met_vessel_479496_2505x2596.sdr.png	s6	10	32	15633	246.26520099991467	136.22200000001072	73.145	
3300-met-museum-photos	imazen-26-png-v3/png-v3/3300-met-museum-photos/3318_met_vessel_479496_2505x2596.sdr.png	s6	10	44	5841	387.4888479913352	172.30100000000448	51.656	
5000-national-park-service-brochures	imazen-26-png-v3/png-v3/5000-national-park-service-brochures/grayscale/5044_nps_mora-ohanapecosh7-2019_gray_p01_2550x3300.sdr.png	s4	4	20	11225	385.216061011306	299.77300000000184	89.451	
5000-national-park-service-brochures	imazen-26-png-v3/png-v3/5000-national-park-service-brochures/grayscale/5044_nps_mora-ohanapecosh7-2019_gray_p01_2550x3300.sdr.png	s4	4	32	8358	312.4285159865394	403.01500000000703	83.540	
5000-national-park-service-brochures	imazen-26-png-v3/png-v3/5000-national-park-service-brochures/grayscale/5044_nps_mora-ohanapecosh7-2019_gray_p01_2550x3300.sdr.png	s4	4	44	5370	426.3527800067095	567.7599999999962	62.820	
5000-national-park-service-brochures	imazen-26-png-v3/png-v3/5000-national-park-service-brochures/grayscale/5044_nps_mora-ohanapecosh7-2019_gray_p01_2550x3300.sdr.png	s6	4	20	11927	365.201924010762	540.3640000000003	89.580	
5000-national-park-service-brochures	imazen-26-png-v3/png-v3/5000-national-park-service-brochures/grayscale/5044_nps_mora-ohanapecosh7-2019_gray_p01_2550x3300.sdr.png	s6	4	32	8848	526.2974270008272	669.0490000000046	84.226	
5000-national-park-service-brochures	imazen-26-png-v3/png-v3/5000-national-park-service-brochures/grayscale/5044_nps_mora-ohanapecosh7-2019_gray_p01_2550x3300.sdr.png	s6	4	44	5769	497.70053100655787	494.9359999999991	67.028	
5000-national-park-service-brochures	imazen-26-png-v3/png-v3/5000-national-park-service-brochures/grayscale/5044_nps_mora-ohanapecosh7-2019_gray_p01_2550x3300.sdr.png	s4	6	20	13397	297.10346400679555	166.8999999999876	90.193	
5000-national-park-service-brochures	imazen-26-png-v3/png-v3/5000-national-park-service-brochures/grayscale/5044_nps_mora-ohanapecosh7-2019_gray_p01_2550x3300.sdr.png	s4	6	32	10591	302.0101520087337	370.10099999999466	84.355	
5000-national-park-service-brochures	imazen-26-png-v3/png-v3/5000-national-park-service-brochures/grayscale/5044_nps_mora-ohanapecosh7-2019_gray_p01_2550x3300.sdr.png	s4	6	44	7582	194.53504600096494	604.5100000000083	68.058	
5000-national-park-service-brochures	imazen-26-png-v3/png-v3/5000-national-park-service-brochures/grayscale/5044_nps_mora-ohanapecosh7-2019_gray_p01_2550x3300.sdr.png	s6	6	20	14161	246.61854200530797	298.9590000000071	90.303	
5000-national-park-service-brochures	imazen-26-png-v3/png-v3/5000-national-park-service-brochures/grayscale/5044_nps_mora-ohanapecosh7-2019_gray_p01_2550x3300.sdr.png	s6	6	32	11067	387.58237499860115	368.00099999998895	85.524	
5000-national-park-service-brochures	imazen-26-png-v3/png-v3/5000-national-park-service-brochures/grayscale/5044_nps_mora-ohanapecosh7-2019_gray_p01_2550x3300.sdr.png	s6	6	44	7825	294.26961300487164	196.96899999999573	69.864	
5000-national-park-service-brochures	imazen-26-png-v3/png-v3/5000-national-park-service-brochures/grayscale/5044_nps_mora-ohanapecosh7-2019_gray_p01_2550x3300.sdr.png	s4	8	20	14243	427.66615499567706	194.3520000000163	89.845	
5000-national-park-service-brochures	imazen-26-png-v3/png-v3/5000-national-park-service-brochures/grayscale/5044_nps_mora-ohanapecosh7-2019_gray_p01_2550x3300.sdr.png	s4	8	32	11521	613.0531870003324	316.5250000000093	81.521	
5000-national-park-service-brochures	imazen-26-png-v3/png-v3/5000-national-park-service-brochures/grayscale/5044_nps_mora-ohanapecosh7-2019_gray_p01_2550x3300.sdr.png	s4	8	44	7310	143.7928439991083	42.80300000000992	65.835	
5000-national-park-service-brochures	imazen-26-png-v3/png-v3/5000-national-park-service-brochures/grayscale/5044_nps_mora-ohanapecosh7-2019_gray_p01_2550x3300.sdr.png	s6	8	20	14852	271.51252700423356	217.51600000000693	90.013	
5000-national-park-service-brochures	imazen-26-png-v3/png-v3/5000-national-park-service-brochures/grayscale/5044_nps_mora-ohanapecosh7-2019_gray_p01_2550x3300.sdr.png	s6	8	32	11897	429.0266780008096	136.3190000000074	81.603	
5000-national-park-service-brochures	imazen-26-png-v3/png-v3/5000-national-park-service-brochures/grayscale/5044_nps_mora-ohanapecosh7-2019_gray_p01_2550x3300.sdr.png	s6	8	44	7666	142.203106006491	58.685000000004095	67.741	
5000-national-park-service-brochures	imazen-26-png-v3/png-v3/5000-national-park-service-brochures/grayscale/5044_nps_mora-ohanapecosh7-2019_gray_p01_2550x3300.sdr.png	s4	10	20	14882	124.70360400038771	112.78599999999273	89.106	
5000-national-park-service-brochures	imazen-26-png-v3/png-v3/5000-national-park-service-brochures/grayscale/5044_nps_mora-ohanapecosh7-2019_gray_p01_2550x3300.sdr.png	s4	10	32	11972	148.46819400554523	120.47399999999442	79.544	
5000-national-park-service-brochures	imazen-26-png-v3/png-v3/5000-national-park-service-brochures/grayscale/5044_nps_mora-ohanapecosh7-2019_gray_p01_2550x3300.sdr.png	s4	10	44	8003	138.07487599842716	89.42499999999498	63.653	
5000-national-park-service-brochures	imazen-26-png-v3/png-v3/5000-national-park-service-brochures/grayscale/5044_nps_mora-ohanapecosh7-2019_gray_p01_2550x3300.sdr.png	s6	10	20	15376	292.00601400225423	138.41200000000597	89.552	
5000-national-park-service-brochures	imazen-26-png-v3/png-v3/5000-national-park-service-brochures/grayscale/5044_nps_mora-ohanapecosh7-2019_gray_p01_2550x3300.sdr.png	s6	10	32	12397	499.50302399520297	145.03900000000058	80.474	
5000-national-park-service-brochures	imazen-26-png-v3/png-v3/5000-national-park-service-brochures/grayscale/5044_nps_mora-ohanapecosh7-2019_gray_p01_2550x3300.sdr.png	s6	10	44	8209	408.3909199980553	145.25999999999684	65.832	
5000-national-park-service-brochures	imazen-26-png-v3/png-v3/5000-national-park-service-brochures/grayscale/5058_nps_shen-bigmeadows-roadtrail_gray_p02_2550x3300.sdr.png	s4	4	20	12344	347.01963599945884	284.2860000000052	89.751	
5000-national-park-service-brochures	imazen-26-png-v3/png-v3/5000-national-park-service-brochures/grayscale/5058_nps_shen-bigmeadows-roadtrail_gray_p02_2550x3300.sdr.png	s4	4	32	9255	288.3449609944364	583.0550000000017	88.046	
5000-national-park-service-brochures	imazen-26-png-v3/png-v3/5000-national-park-service-brochures/grayscale/5058_nps_shen-bigmeadows-roadtrail_gray_p02_2550x3300.sdr.png	s4	4	44	6685	442.59340199641883	532.8389999999991	81.645	
5000-national-park-service-brochures	imazen-26-png-v3/png-v3/5000-national-park-service-brochures/grayscale/5058_nps_shen-bigmeadows-roadtrail_gray_p02_2550x3300.sdr.png	s6	4	20	12481	391.5949150105007	887.4620000000064	89.974	
5000-national-park-service-brochures	imazen-26-png-v3/png-v3/5000-national-park-service-brochures/grayscale/5058_nps_shen-bigmeadows-roadtrail_gray_p02_2550x3300.sdr.png	s6	4	32	9495	321.9181480089901	669.0860000000107	88.831	
5000-national-park-service-brochures	imazen-26-png-v3/png-v3/5000-national-park-service-brochures/grayscale/5058_nps_shen-bigmeadows-roadtrail_gray_p02_2550x3300.sdr.png	s6	4	44	6858	334.7443550010212	787.0790000000021	82.191	
5000-national-park-service-brochures	imazen-26-png-v3/png-v3/5000-national-park-service-brochures/grayscale/5058_nps_shen-bigmeadows-roadtrail_gray_p02_2550x3300.sdr.png	s4	6	20	20551	264.89177301118616	907.1450000000106	92.056	
5000-national-park-service-brochures	imazen-26-png-v3/png-v3/5000-national-park-service-brochures/grayscale/5058_nps_shen-bigmeadows-roadtrail_gray_p02_2550x3300.sdr.png	s4	6	32	15821	195.23557600041386	428.61399999999605	89.865	
5000-national-park-service-brochures	imazen-26-png-v3/png-v3/5000-national-park-service-brochures/grayscale/5058_nps_shen-bigmeadows-roadtrail_gray_p02_2550x3300.sdr.png	s4	6	44	12880	271.46197999536525	258.4670000000031	85.032	
5000-national-park-service-brochures	imazen-26-png-v3/png-v3/5000-national-park-service-brochures/grayscale/5058_nps_shen-bigmeadows-roadtrail_gray_p02_2550x3300.sdr.png	s6	6	20	21100	259.1611509997165	182.58300000000105	92.222	
5000-national-park-service-brochures	imazen-26-png-v3/png-v3/5000-national-park-service-brochures/grayscale/5058_nps_shen-bigmeadows-roadtrail_gray_p02_2550x3300.sdr.png	s6	6	32	16117	602.0479690050706	225.7700000000007	90.063	
5000-national-park-service-brochures	imazen-26-png-v3/png-v3/5000-national-park-service-brochures/grayscale/5058_nps_shen-bigmeadows-roadtrail_gray_p02_2550x3300.sdr.png	s6	6	44	13008	638.69956000417	219.66599999998948	84.697	
5000-national-park-service-brochures	imazen-26-png-v3/png-v3/5000-national-park-service-brochures/grayscale/5058_nps_shen-bigmeadows-roadtrail_gray_p02_2550x3300.sdr.png	s4	8	20	20959	359.0590079984395	80.326000000003	90.993	
5000-national-park-service-brochures	imazen-26-png-v3/png-v3/5000-national-park-service-brochures/grayscale/5058_nps_shen-bigmeadows-roadtrail_gray_p02_2550x3300.sdr.png	s4	8	32	17263	164.84930099977646	164.92000000001283	86.540	
5000-national-park-service-brochures	imazen-26-png-v3/png-v3/5000-national-park-service-brochures/grayscale/5058_nps_shen-bigmeadows-roadtrail_gray_p02_2550x3300.sdr.png	s4	8	44	10746	123.59684199327603	186.34999999999735	79.562	
5000-national-park-service-brochures	imazen-26-png-v3/png-v3/5000-national-park-service-brochures/grayscale/5058_nps_shen-bigmeadows-roadtrail_gray_p02_2550x3300.sdr.png	s6	8	20	21407	111.67594499420375	137.1619999999929	90.868	
5000-national-park-service-brochures	imazen-26-png-v3/png-v3/5000-national-park-service-brochures/grayscale/5058_nps_shen-bigmeadows-roadtrail_gray_p02_2550x3300.sdr.png	s6	8	32	17524	160.25933501077816	159.86899999999693	86.641	
5000-national-park-service-brochures	imazen-26-png-v3/png-v3/5000-national-park-service-brochures/grayscale/5058_nps_shen-bigmeadows-roadtrail_gray_p02_2550x3300.sdr.png	s6	8	44	11035	403.86326299631037	254.1639999999994	79.570	
5000-national-park-service-brochures	imazen-26-png-v3/png-v3/5000-national-park-service-brochures/grayscale/5058_nps_shen-bigmeadows-roadtrail_gray_p02_2550x3300.sdr.png	s4	10	20	20119	556.0438760003308	263.0569999999999	91.006	
5000-national-park-service-brochures	imazen-26-png-v3/png-v3/5000-national-park-service-brochures/grayscale/5058_nps_shen-bigmeadows-roadtrail_gray_p02_2550x3300.sdr.png	s4	10	32	16341	433.57542699959595	216.87400000000068	84.726	
5000-national-park-service-brochures	imazen-26-png-v3/png-v3/5000-national-park-service-brochures/grayscale/5058_nps_shen-bigmeadows-roadtrail_gray_p02_2550x3300.sdr.png	s4	10	44	10332	264.05282100313343	131.44199999999628	76.849	
5000-national-park-service-brochures	imazen-26-png-v3/png-v3/5000-national-park-service-brochures/grayscale/5058_nps_shen-bigmeadows-roadtrail_gray_p02_2550x3300.sdr.png	s6	10	20	20609	317.9738969920436	183.7460000000064	91.106	
5000-national-park-service-brochures	imazen-26-png-v3/png-v3/5000-national-park-service-brochures/grayscale/5058_nps_shen-bigmeadows-roadtrail_gray_p02_2550x3300.sdr.png	s6	10	32	16597	453.3918090019142	437.36999999998363	84.737	
5000-national-park-service-brochures	imazen-26-png-v3/png-v3/5000-national-park-service-brochures/grayscale/5058_nps_shen-bigmeadows-roadtrail_gray_p02_2550x3300.sdr.png	s6	10	44	10632	350.4013269994175	301.55499999999336	77.044	
5200-epa-climate-impact-2021-report	imazen-26-png-v3/png-v3/5200-epa-climate-impact-2021-report/5202_epa_climate-impact-2021_fig-es1-six-impacts_p005_2968x3841.sdr.png	s4	4	20	12368	283.7776680098614	270.0759999999924	84.540	
5200-epa-climate-impact-2021-report	imazen-26-png-v3/png-v3/5200-epa-climate-impact-2021-report/5202_epa_climate-impact-2021_fig-es1-six-impacts_p005_2968x3841.sdr.png	s4	4	32	7532	540.5362070014235	596.5120000000042	74.712	
5200-epa-climate-impact-2021-report	imazen-26-png-v3/png-v3/5200-epa-climate-impact-2021-report/5202_epa_climate-impact-2021_fig-es1-six-impacts_p005_2968x3841.sdr.png	s4	4	44	3830	230.99479200027417	356.9640000000014	57.704	
5200-epa-climate-impact-2021-report	imazen-26-png-v3/png-v3/5200-epa-climate-impact-2021-report/5202_epa_climate-impact-2021_fig-es1-six-impacts_p005_2968x3841.sdr.png	s6	4	20	13288	472.5954960013041	375.25800000000584	85.932	
5200-epa-climate-impact-2021-report	imazen-26-png-v3/png-v3/5200-epa-climate-impact-2021-report/5202_epa_climate-impact-2021_fig-es1-six-impacts_p005_2968x3841.sdr.png	s6	4	32	8531	328.5791470116237	194.24100000001232	78.486	
5200-epa-climate-impact-2021-report	imazen-26-png-v3/png-v3/5200-epa-climate-impact-2021-report/5202_epa_climate-impact-2021_fig-es1-six-impacts_p005_2968x3841.sdr.png	s6	4	44	4376	210.12890900601633	323.94099999999423	62.551	
5200-epa-climate-impact-2021-report	imazen-26-png-v3/png-v3/5200-epa-climate-impact-2021-report/5202_epa_climate-impact-2021_fig-es1-six-impacts_p005_2968x3841.sdr.png	s4	6	20	13362	241.24389598728158	259.58999999998866	84.558	
5200-epa-climate-impact-2021-report	imazen-26-png-v3/png-v3/5200-epa-climate-impact-2021-report/5202_epa_climate-impact-2021_fig-es1-six-impacts_p005_2968x3841.sdr.png	s4	6	32	8314	253.42252300470136	179.85399999999174	74.667	
5200-epa-climate-impact-2021-report	imazen-26-png-v3/png-v3/5200-epa-climate-impact-2021-report/5202_epa_climate-impact-2021_fig-es1-six-impacts_p005_2968x3841.sdr.png	s4	6	44	4189	269.4443780055735	336.19299999999794	55.967	
5200-epa-climate-impact-2021-report	imazen-26-png-v3/png-v3/5200-epa-climate-impact-2021-report/5202_epa_climate-impact-2021_fig-es1-six-impacts_p005_2968x3841.sdr.png	s6	6	20	14106	248.3571549964836	379.2129999999858	85.912	
5200-epa-climate-impact-2021-report	imazen-26-png-v3/png-v3/5200-epa-climate-impact-2021-report/5202_epa_climate-impact-2021_fig-es1-six-impacts_p005_2968x3841.sdr.png	s6	6	32	9155	192.78060299984645	419.54600000000397	78.387	
5200-epa-climate-impact-2021-report	imazen-26-png-v3/png-v3/5200-epa-climate-impact-2021-report/5202_epa_climate-impact-2021_fig-es1-six-impacts_p005_2968x3841.sdr.png	s6	6	44	4729	134.73612599773332	388.48900000000344	62.104	
5200-epa-climate-impact-2021-report	imazen-26-png-v3/png-v3/5200-epa-climate-impact-2021-report/5202_epa_climate-impact-2021_fig-es1-six-impacts_p005_2968x3841.sdr.png	s4	8	20	14748	624.9196119897533	280.6230000000056	84.399	
5200-epa-climate-impact-2021-report	imazen-26-png-v3/png-v3/5200-epa-climate-impact-2021-report/5202_epa_climate-impact-2021_fig-es1-six-impacts_p005_2968x3841.sdr.png	s4	8	32	9234	598.6354380002012	341.06799999999635	75.681	
5200-epa-climate-impact-2021-report	imazen-26-png-v3/png-v3/5200-epa-climate-impact-2021-report/5202_epa_climate-impact-2021_fig-es1-six-impacts_p005_2968x3841.sdr.png	s4	8	44	4593	332.53171300748363	211.7960000000103	57.975	
5200-epa-climate-impact-2021-report	imazen-26-png-v3/png-v3/5200-epa-climate-impact-2021-report/5202_epa_climate-impact-2021_fig-es1-six-impacts_p005_2968x3841.sdr.png	s6	8	20	15524	351.67739100870676	189.31100000000356	85.753	
5200-epa-climate-impact-2021-report	imazen-26-png-v3/png-v3/5200-epa-climate-impact-2021-report/5202_epa_climate-impact-2021_fig-es1-six-impacts_p005_2968x3841.sdr.png	s6	8	32	10064	322.857772000134	225.99599999999853	78.481	
5200-epa-climate-impact-2021-report	imazen-26-png-v3/png-v3/5200-epa-climate-impact-2021-report/5202_epa_climate-impact-2021_fig-es1-six-impacts_p005_2968x3841.sdr.png	s6	8	44	5096	290.1485760085052	257.0829999999979	62.987	
5200-epa-climate-impact-2021-report	imazen-26-png-v3/png-v3/5200-epa-climate-impact-2021-report/5202_epa_climate-impact-2021_fig-es1-six-impacts_p005_2968x3841.sdr.png	s4	10	20	16340	398.99006798805203	321.6080000000012	84.213	
5200-epa-climate-impact-2021-report	imazen-26-png-v3/png-v3/5200-epa-climate-impact-2021-report/5202_epa_climate-impact-2021_fig-es1-six-impacts_p005_2968x3841.sdr.png	s4	10	32	10112	322.33193299907725	393.6159999999944	75.612	
5200-epa-climate-impact-2021-report	imazen-26-png-v3/png-v3/5200-epa-climate-impact-2021-report/5202_epa_climate-impact-2021_fig-es1-six-impacts_p005_2968x3841.sdr.png	s4	10	44	5032	131.41039000765886	185.82599999999871	58.592	
5200-epa-climate-impact-2021-report	imazen-26-png-v3/png-v3/5200-epa-climate-impact-2021-report/5202_epa_climate-impact-2021_fig-es1-six-impacts_p005_2968x3841.sdr.png	s6	10	20	17090	184.78207400767133	212.9380000000083	85.246	
5200-epa-climate-impact-2021-report	imazen-26-png-v3/png-v3/5200-epa-climate-impact-2021-report/5202_epa_climate-impact-2021_fig-es1-six-impacts_p005_2968x3841.sdr.png	s6	10	32	10920	179.74102099833544	136.05999999998986	78.256	
5200-epa-climate-impact-2021-report	imazen-26-png-v3/png-v3/5200-epa-climate-impact-2021-report/5202_epa_climate-impact-2021_fig-es1-six-impacts_p005_2968x3841.sdr.png	s6	10	44	5535	333.2534229994053	239.2589999999899	62.873	
5200-epa-climate-impact-2021-report	imazen-26-png-v3/png-v3/5200-epa-climate-impact-2021-report/5204_epa_climate-impact-2021_key-findings-income-education-age_p007_2968x3841.sdr.png	s4	4	20	5927	581.9792580005014	673.2079999999953	84.922	
5200-epa-climate-impact-2021-report	imazen-26-png-v3/png-v3/5200-epa-climate-impact-2021-report/5204_epa_climate-impact-2021_key-findings-income-education-age_p007_2968x3841.sdr.png	s4	4	32	3691	318.03973199566826	347.1409999999864	76.591	
5200-epa-climate-impact-2021-report	imazen-26-png-v3/png-v3/5200-epa-climate-impact-2021-report/5204_epa_climate-impact-2021_key-findings-income-education-age_p007_2968x3841.sdr.png	s4	4	44	2169	370.95338699873537	405.8350000000104	63.306	
5200-epa-climate-impact-2021-report	imazen-26-png-v3/png-v3/5200-epa-climate-impact-2021-report/5204_epa_climate-impact-2021_key-findings-income-education-age_p007_2968x3841.sdr.png	s6	4	20	6605	383.7204510055017	232.39900000001512	86.111	
5200-epa-climate-impact-2021-report	imazen-26-png-v3/png-v3/5200-epa-climate-impact-2021-report/5204_epa_climate-impact-2021_key-findings-income-education-age_p007_2968x3841.sdr.png	s6	4	32	4333	349.87855500367004	415.3789999999944	79.911	
5200-epa-climate-impact-2021-report	imazen-26-png-v3/png-v3/5200-epa-climate-impact-2021-report/5204_epa_climate-impact-2021_key-findings-income-education-age_p007_2968x3841.sdr.png	s6	4	44	2576	311.30501299048774	397.05299999998897	67.086	
5200-epa-climate-impact-2021-report	imazen-26-png-v3/png-v3/5200-epa-climate-impact-2021-report/5204_epa_climate-impact-2021_key-findings-income-education-age_p007_2968x3841.sdr.png	s4	6	20	6808	254.47866899776272	482.7720000000113	85.294	
5200-epa-climate-impact-2021-report	imazen-26-png-v3/png-v3/5200-epa-climate-impact-2021-report/5204_epa_climate-impact-2021_key-findings-income-education-age_p007_2968x3841.sdr.png	s4	6	32	4576	295.49541098822374	418.17600000001323	78.498	
5200-epa-climate-impact-2021-report	imazen-26-png-v3/png-v3/5200-epa-climate-impact-2021-report/5204_epa_climate-impact-2021_key-findings-income-education-age_p007_2968x3841.sdr.png	s4	6	44	2806	302.8933989990037	393.30099999999743	64.246	
5200-epa-climate-impact-2021-report	imazen-26-png-v3/png-v3/5200-epa-climate-impact-2021-report/5204_epa_climate-impact-2021_key-findings-income-education-age_p007_2968x3841.sdr.png	s6	6	20	7428	202.89177499944344	271.4289999999906	86.545	
5200-epa-climate-impact-2021-report	imazen-26-png-v3/png-v3/5200-epa-climate-impact-2021-report/5204_epa_climate-impact-2021_key-findings-income-education-age_p007_2968x3841.sdr.png	s6	6	32	5150	244.21254300978035	163.80899999998633	81.041	
5200-epa-climate-impact-2021-report	imazen-26-png-v3/png-v3/5200-epa-climate-impact-2021-report/5204_epa_climate-impact-2021_key-findings-income-education-age_p007_2968x3841.sdr.png	s6	6	44	3181	305.414906993974	183.44700000001168	68.724	
5200-epa-climate-impact-2021-report	imazen-26-png-v3/png-v3/5200-epa-climate-impact-2021-report/5204_epa_climate-impact-2021_key-findings-income-education-age_p007_2968x3841.sdr.png	s4	8	20	8543	357.7226109919138	294.54200000000344	85.072	
5200-epa-climate-impact-2021-report	imazen-26-png-v3/png-v3/5200-epa-climate-impact-2021-report/5204_epa_climate-impact-2021_key-findings-income-education-age_p007_2968x3841.sdr.png	s4	8	32	5620	182.7128349978011	183.7110000000024	78.679	
5200-epa-climate-impact-2021-report	imazen-26-png-v3/png-v3/5200-epa-climate-impact-2021-report/5204_epa_climate-impact-2021_key-findings-income-education-age_p007_2968x3841.sdr.png	s4	8	44	3167	448.31407599849626	88.59900000000209	64.349	
5200-epa-climate-impact-2021-report	imazen-26-png-v3/png-v3/5200-epa-climate-impact-2021-report/5204_epa_climate-impact-2021_key-findings-income-education-age_p007_2968x3841.sdr.png	s6	8	20	9049	508.9414379908703	148.5620000000054	86.463	
5200-epa-climate-impact-2021-report	imazen-26-png-v3/png-v3/5200-epa-climate-impact-2021-report/5204_epa_climate-impact-2021_key-findings-income-education-age_p007_2968x3841.sdr.png	s6	8	32	6207	480.4889759980142	148.5620000000054	80.761	
5200-epa-climate-impact-2021-report	imazen-26-png-v3/png-v3/5200-epa-climate-impact-2021-report/5204_epa_climate-impact-2021_key-findings-income-education-age_p007_2968x3841.sdr.png	s6	8	44	3486	101.08942100487184	305.0630000000041	68.785	
5200-epa-climate-impact-2021-report	imazen-26-png-v3/png-v3/5200-epa-climate-impact-2021-report/5204_epa_climate-impact-2021_key-findings-income-education-age_p007_2968x3841.sdr.png	s4	10	20	9148	137.0276380039286	212.29300000002027	85.268	
5200-epa-climate-impact-2021-report	imazen-26-png-v3/png-v3/5200-epa-climate-impact-2021-report/5204_epa_climate-impact-2021_key-findings-income-education-age_p007_2968x3841.sdr.png	s4	10	32	6066	178.6364430008689	354.91899999999885	77.886	
5200-epa-climate-impact-2021-report	imazen-26-png-v3/png-v3/5200-epa-climate-impact-2021-report/5204_epa_climate-impact-2021_key-findings-income-education-age_p007_2968x3841.sdr.png	s4	10	44	3801	142.25065599021036	283.04100000000074	65.002	
5200-epa-climate-impact-2021-report	imazen-26-png-v3/png-v3/5200-epa-climate-impact-2021-report/5204_epa_climate-impact-2021_key-findings-income-education-age_p007_2968x3841.sdr.png	s6	10	20	9523	254.88710400532	502.398000000003	86.458	
5200-epa-climate-impact-2021-report	imazen-26-png-v3/png-v3/5200-epa-climate-impact-2021-report/5204_epa_climate-impact-2021_key-findings-income-education-age_p007_2968x3841.sdr.png	s6	10	32	6656	285.1439520018175	573.2570000000017	80.685	
5200-epa-climate-impact-2021-report	imazen-26-png-v3/png-v3/5200-epa-climate-impact-2021-report/5204_epa_climate-impact-2021_key-findings-income-education-age_p007_2968x3841.sdr.png	s6	10	44	4129	254.44324199634138	502.398000000003	68.946	
5300-noaa-hurricane-documents	imazen-26-png-v3/png-v3/5300-noaa-hurricane-documents/5300_noaa_nhc-verification-report-2024_page1_p01_2550x3300.sdr.png	s4	4	20	15188	293.3157109946478	845.4399999999894	86.670	
5300-noaa-hurricane-documents	imazen-26-png-v3/png-v3/5300-noaa-hurricane-documents/5300_noaa_nhc-verification-report-2024_page1_p01_2550x3300.sdr.png	s4	4	32	10810	250.0075680000009	492.2109999999904	74.628	
5300-noaa-hurricane-documents	imazen-26-png-v3/png-v3/5300-noaa-hurricane-documents/5300_noaa_nhc-verification-report-2024_page1_p01_2550x3300.sdr.png	s4	4	44	7030	432.67160101095214	229.64099999999732	57.347	
5300-noaa-hurricane-documents	imazen-26-png-v3/png-v3/5300-noaa-hurricane-documents/5300_noaa_nhc-verification-report-2024_page1_p01_2550x3300.sdr.png	s6	4	20	15927	611.1038560047746	412.01599999999064	87.295	
5300-noaa-hurricane-documents	imazen-26-png-v3/png-v3/5300-noaa-hurricane-documents/5300_noaa_nhc-verification-report-2024_page1_p01_2550x3300.sdr.png	s6	4	32	11514	507.9859329998726	450.59899999999686	78.682	
5300-noaa-hurricane-documents	imazen-26-png-v3/png-v3/5300-noaa-hurricane-documents/5300_noaa_nhc-verification-report-2024_page1_p01_2550x3300.sdr.png	s6	4	44	7333	409.5490699983202	672.3609999999951	58.778	
5300-noaa-hurricane-documents	imazen-26-png-v3/png-v3/5300-noaa-hurricane-documents/5300_noaa_nhc-verification-report-2024_page1_p01_2550x3300.sdr.png	s4	6	20	19525	139.8906749964226	101.98700000000827	87.182	
5300-noaa-hurricane-documents	imazen-26-png-v3/png-v3/5300-noaa-hurricane-documents/5300_noaa_nhc-verification-report-2024_page1_p01_2550x3300.sdr.png	s4	6	32	14434	282.91943900694605	416.93499999999517	75.307	
5300-noaa-hurricane-documents	imazen-26-png-v3/png-v3/5300-noaa-hurricane-documents/5300_noaa_nhc-verification-report-2024_page1_p01_2550x3300.sdr.png	s4	6	44	9795	350.480608001817	581.4470000000007	58.536	
5300-noaa-hurricane-documents	imazen-26-png-v3/png-v3/5300-noaa-hurricane-documents/5300_noaa_nhc-verification-report-2024_page1_p01_2550x3300.sdr.png	s6	6	20	20177	188.93044200376607	182.76499999999274	87.974	
5300-noaa-hurricane-documents	imazen-26-png-v3/png-v3/5300-noaa-hurricane-documents/5300_noaa_nhc-verification-report-2024_page1_p01_2550x3300.sdr.png	s6	6	32	14953	481.22474299452733	489.2570000000127	77.385	
5300-noaa-hurricane-documents	imazen-26-png-v3/png-v3/5300-noaa-hurricane-documents/5300_noaa_nhc-verification-report-2024_page1_p01_2550x3300.sdr.png	s6	6	44	10017	252.4398969981121	269.1679999999934	60.353	
5300-noaa-hurricane-documents	imazen-26-png-v3/png-v3/5300-noaa-hurricane-documents/5300_noaa_nhc-verification-report-2024_page1_p01_2550x3300.sdr.png	s4	8	20	20478	303.2481529953657	346.0580000000064	86.746	
5300-noaa-hurricane-documents	imazen-26-png-v3/png-v3/5300-noaa-hurricane-documents/5300_noaa_nhc-verification-report-2024_page1_p01_2550x3300.sdr.png	s4	8	32	15730	174.75817899685353	331.75299999998845	74.881	
5300-noaa-hurricane-documents	imazen-26-png-v3/png-v3/5300-noaa-hurricane-documents/5300_noaa_nhc-verification-report-2024_page1_p01_2550x3300.sdr.png	s4	8	44	9094	239.14503000560217	235.362999999996	57.785	
5300-noaa-hurricane-documents	imazen-26-png-v3/png-v3/5300-noaa-hurricane-documents/5300_noaa_nhc-verification-report-2024_page1_p01_2550x3300.sdr.png	s6	8	20	21217	167.41126599663403	151.41800000000316	87.084	
5300-noaa-hurricane-documents	imazen-26-png-v3/png-v3/5300-noaa-hurricane-documents/5300_noaa_nhc-verification-report-2024_page1_p01_2550x3300.sdr.png	s6	8	32	16243	478.7702720059315	283.52600000000905	76.869	
5300-noaa-hurricane-documents	imazen-26-png-v3/png-v3/5300-noaa-hurricane-documents/5300_noaa_nhc-verification-report-2024_page1_p01_2550x3300.sdr.png	s6	8	44	9428	391.3435870053945	145.50000000000907	58.917	
5300-noaa-hurricane-documents	imazen-26-png-v3/png-v3/5300-noaa-hurricane-documents/5300_noaa_nhc-verification-report-2024_page1_p01_2550x3300.sdr.png	s4	10	20	19177	275.2471989952028	154.5369999999977	87.141	
5300-noaa-hurricane-documents	imazen-26-png-v3/png-v3/5300-noaa-hurricane-documents/5300_noaa_nhc-verification-report-2024_page1_p01_2550x3300.sdr.png	s4	10	32	14654	162.8639410046162	107.83400000000753	73.505	
5300-noaa-hurricane-documents	imazen-26-png-v3/png-v3/5300-noaa-hurricane-documents/5300_noaa_nhc-verification-report-2024_page1_p01_2550x3300.sdr.png	s4	10	44	8876	455.5399770033546	143.76300000000342	59.961	
5300-noaa-hurricane-documents	imazen-26-png-v3/png-v3/5300-noaa-hurricane-documents/5300_noaa_nhc-verification-report-2024_page1_p01_2550x3300.sdr.png	s6	10	20	19971	166.02661699289456	89.68100000000945	87.370	
5300-noaa-hurricane-documents	imazen-26-png-v3/png-v3/5300-noaa-hurricane-documents/5300_noaa_nhc-verification-report-2024_page1_p01_2550x3300.sdr.png	s6	10	32	15078	103.19018999871332	155.9429999999864	76.498	
5300-noaa-hurricane-documents	imazen-26-png-v3/png-v3/5300-noaa-hurricane-documents/5300_noaa_nhc-verification-report-2024_page1_p01_2550x3300.sdr.png	s6	10	44	9187	130.68846899841446	167.11600000000004	60.848	
5300-noaa-hurricane-documents	imazen-26-png-v3/png-v3/5300-noaa-hurricane-documents/5312_noaa_nhc-al042024-debby_p19_2550x3300.sdr.png	s4	4	20	5204	318.11494499561377	424.04999999999757	89.031	
5300-noaa-hurricane-documents	imazen-26-png-v3/png-v3/5300-noaa-hurricane-documents/5312_noaa_nhc-al042024-debby_p19_2550x3300.sdr.png	s4	4	32	3564	255.04945300053805	555.2750000000053	84.570	
5300-noaa-hurricane-documents	imazen-26-png-v3/png-v3/5300-noaa-hurricane-documents/5312_noaa_nhc-al042024-debby_p19_2550x3300.sdr.png	s4	4	44	2550	234.40265499812085	491.93900000000565	76.369	
5300-noaa-hurricane-documents	imazen-26-png-v3/png-v3/5300-noaa-hurricane-documents/5312_noaa_nhc-al042024-debby_p19_2550x3300.sdr.png	s6	4	20	5588	377.78662200435065	962.0450000000034	88.940	
5300-noaa-hurricane-documents	imazen-26-png-v3/png-v3/5300-noaa-hurricane-documents/5312_noaa_nhc-al042024-debby_p19_2550x3300.sdr.png	s6	4	32	3929	310.3449900081614	580.8510000000063	84.679	
5300-noaa-hurricane-documents	imazen-26-png-v3/png-v3/5300-noaa-hurricane-documents/5312_noaa_nhc-al042024-debby_p19_2550x3300.sdr.png	s6	4	44	2777	190.1707780052675	523.0179999999898	76.883	
5300-noaa-hurricane-documents	imazen-26-png-v3/png-v3/5300-noaa-hurricane-documents/5312_noaa_nhc-al042024-debby_p19_2550x3300.sdr.png	s4	6	20	9449	210.79709600599017	611.1180000000012	88.452	
5300-noaa-hurricane-documents	imazen-26-png-v3/png-v3/5300-noaa-hurricane-documents/5312_noaa_nhc-al042024-debby_p19_2550x3300.sdr.png	s4	6	32	7043	283.0034380021971	232.89399999999816	83.663	
5300-noaa-hurricane-documents	imazen-26-png-v3/png-v3/5300-noaa-hurricane-documents/5312_noaa_nhc-al042024-debby_p19_2550x3300.sdr.png	s4	6	44	5678	225.729653990129	122.13999999999103	75.936	
5300-noaa-hurricane-documents	imazen-26-png-v3/png-v3/5300-noaa-hurricane-documents/5312_noaa_nhc-al042024-debby_p19_2550x3300.sdr.png	s6	6	20	10013	319.2242210061522	175.5350000000071	88.996	
5300-noaa-hurricane-documents	imazen-26-png-v3/png-v3/5300-noaa-hurricane-documents/5312_noaa_nhc-al042024-debby_p19_2550x3300.sdr.png	s6	6	32	7528	217.48350499547087	175.5350000000071	84.530	
5300-noaa-hurricane-documents	imazen-26-png-v3/png-v3/5300-noaa-hurricane-documents/5312_noaa_nhc-al042024-debby_p19_2550x3300.sdr.png	s6	6	44	5924	166.38591900118627	235.91099999999798	78.251	
5300-noaa-hurricane-documents	imazen-26-png-v3/png-v3/5300-noaa-hurricane-documents/5312_noaa_nhc-al042024-debby_p19_2550x3300.sdr.png	s4	8	20	10110	196.3790669979062	221.0409999999925	88.098	
5300-noaa-hurricane-documents	imazen-26-png-v3/png-v3/5300-noaa-hurricane-documents/5312_noaa_nhc-al042024-debby_p19_2550x3300.sdr.png	s4	8	32	8415	221.95099901000503	241.4270000000016	82.040	
5300-noaa-hurricane-documents	imazen-26-png-v3/png-v3/5300-noaa-hurricane-documents/5312_noaa_nhc-al042024-debby_p19_2550x3300.sdr.png	s4	8	44	5602	154.26684499834664	190.647000000002	72.137	
5300-noaa-hurricane-documents	imazen-26-png-v3/png-v3/5300-noaa-hurricane-documents/5312_noaa_nhc-al042024-debby_p19_2550x3300.sdr.png	s6	8	20	10751	240.36053899908438	173.65000000000563	88.385	
5300-noaa-hurricane-documents	imazen-26-png-v3/png-v3/5300-noaa-hurricane-documents/5312_noaa_nhc-al042024-debby_p19_2550x3300.sdr.png	s6	8	32	8844	235.38158400333486	178.58100000000832	82.503	
5300-noaa-hurricane-documents	imazen-26-png-v3/png-v3/5300-noaa-hurricane-documents/5312_noaa_nhc-al042024-debby_p19_2550x3300.sdr.png	s6	8	44	5936	210.49091599707026	221.20100000000775	74.642	
5300-noaa-hurricane-documents	imazen-26-png-v3/png-v3/5300-noaa-hurricane-documents/5312_noaa_nhc-al042024-debby_p19_2550x3300.sdr.png	s4	10	20	13473	635.1236399932532	239.86800000000486	88.322	
5300-noaa-hurricane-documents	imazen-26-png-v3/png-v3/5300-noaa-hurricane-documents/5312_noaa_nhc-al042024-debby_p19_2550x3300.sdr.png	s4	10	32	10897	492.51696800638456	116.63200000000984	81.116	
5300-noaa-hurricane-documents	imazen-26-png-v3/png-v3/5300-noaa-hurricane-documents/5312_noaa_nhc-al042024-debby_p19_2550x3300.sdr.png	s4	10	44	7381	360.8963879960356	156.67200000000392	71.979	
5300-noaa-hurricane-documents	imazen-26-png-v3/png-v3/5300-noaa-hurricane-documents/5312_noaa_nhc-al042024-debby_p19_2550x3300.sdr.png	s6	10	20	13985	199.2325650062412	41.939000000002835	88.760	
5300-noaa-hurricane-documents	imazen-26-png-v3/png-v3/5300-noaa-hurricane-documents/5312_noaa_nhc-al042024-debby_p19_2550x3300.sdr.png	s6	10	32	11244	125.74241700349376	88.06499999999318	80.972	
5300-noaa-hurricane-documents	imazen-26-png-v3/png-v3/5300-noaa-hurricane-documents/5312_noaa_nhc-al042024-debby_p19_2550x3300.sdr.png	s6	10	44	7816	210.54338599788025	127.51100000000903	72.835	
6000-lilith-scans-public-patents	imazen-26-png-v3/png-v3/6000-lilith-scans-public-patents/lynn_conway_us5046022_printrescangray300/6069_scans-patents_lynn-conway-us5046022-rescan-gray_p011_2479x3230.sdr.png	s4	4	20	37205	339.73743600654416	429.5830000000045	87.950	
6000-lilith-scans-public-patents	imazen-26-png-v3/png-v3/6000-lilith-scans-public-patents/lynn_conway_us5046022_printrescangray300/6069_scans-patents_lynn-conway-us5046022-rescan-gray_p011_2479x3230.sdr.png	s4	4	32	24245	561.1139239917975	776.7349999999915	83.060	
6000-lilith-scans-public-patents	imazen-26-png-v3/png-v3/6000-lilith-scans-public-patents/lynn_conway_us5046022_printrescangray300/6069_scans-patents_lynn-conway-us5046022-rescan-gray_p011_2479x3230.sdr.png	s4	4	44	13877	474.84385600546375	1018.0620000000076	69.514	
6000-lilith-scans-public-patents	imazen-26-png-v3/png-v3/6000-lilith-scans-public-patents/lynn_conway_us5046022_printrescangray300/6069_scans-patents_lynn-conway-us5046022-rescan-gray_p011_2479x3230.sdr.png	s6	4	20	37844	444.7352800052613	1280.2499999999916	88.009	
6000-lilith-scans-public-patents	imazen-26-png-v3/png-v3/6000-lilith-scans-public-patents/lynn_conway_us5046022_printrescangray300/6069_scans-patents_lynn-conway-us5046022-rescan-gray_p011_2479x3230.sdr.png	s6	4	32	24530	443.84732301114127	725.722999999995	83.284	
6000-lilith-scans-public-patents	imazen-26-png-v3/png-v3/6000-lilith-scans-public-patents/lynn_conway_us5046022_printrescangray300/6069_scans-patents_lynn-conway-us5046022-rescan-gray_p011_2479x3230.sdr.png	s6	4	44	14060	488.9544120087521	1801.8470000000093	69.664	
6000-lilith-scans-public-patents	imazen-26-png-v3/png-v3/6000-lilith-scans-public-patents/lynn_conway_us5046022_printrescangray300/6069_scans-patents_lynn-conway-us5046022-rescan-gray_p011_2479x3230.sdr.png	s4	6	20	38437	197.22878000175115	1342.7659999999903	87.896	
6000-lilith-scans-public-patents	imazen-26-png-v3/png-v3/6000-lilith-scans-public-patents/lynn_conway_us5046022_printrescangray300/6069_scans-patents_lynn-conway-us5046022-rescan-gray_p011_2479x3230.sdr.png	s4	6	32	25136	203.70979799190536	1428.0889999999963	83.875	
6000-lilith-scans-public-patents	imazen-26-png-v3/png-v3/6000-lilith-scans-public-patents/lynn_conway_us5046022_printrescangray300/6069_scans-patents_lynn-conway-us5046022-rescan-gray_p011_2479x3230.sdr.png	s4	6	44	14329	123.50502799381502	531.5069999999978	71.501	
6000-lilith-scans-public-patents	imazen-26-png-v3/png-v3/6000-lilith-scans-public-patents/lynn_conway_us5046022_printrescangray300/6069_scans-patents_lynn-conway-us5046022-rescan-gray_p011_2479x3230.sdr.png	s6	6	20	38699	323.51243500306737	201.9639999999967	88.089	
6000-lilith-scans-public-patents	imazen-26-png-v3/png-v3/6000-lilith-scans-public-patents/lynn_conway_us5046022_printrescangray300/6069_scans-patents_lynn-conway-us5046022-rescan-gray_p011_2479x3230.sdr.png	s6	6	32	25218	290.6801759963855	157.01500000000124	84.006	
6000-lilith-scans-public-patents	imazen-26-png-v3/png-v3/6000-lilith-scans-public-patents/lynn_conway_us5046022_printrescangray300/6069_scans-patents_lynn-conway-us5046022-rescan-gray_p011_2479x3230.sdr.png	s6	6	44	14431	405.32359600183554	271.20900000000245	71.625	
6000-lilith-scans-public-patents	imazen-26-png-v3/png-v3/6000-lilith-scans-public-patents/lynn_conway_us5046022_printrescangray300/6069_scans-patents_lynn-conway-us5046022-rescan-gray_p011_2479x3230.sdr.png	s4	8	20	40859	369.5949960092548	239.96999999999247	87.569	
6000-lilith-scans-public-patents	imazen-26-png-v3/png-v3/6000-lilith-scans-public-patents/lynn_conway_us5046022_printrescangray300/6069_scans-patents_lynn-conway-us5046022-rescan-gray_p011_2479x3230.sdr.png	s4	8	32	26686	343.33738300483674	294.4920000000053	81.825	
6000-lilith-scans-public-patents	imazen-26-png-v3/png-v3/6000-lilith-scans-public-patents/lynn_conway_us5046022_printrescangray300/6069_scans-patents_lynn-conway-us5046022-rescan-gray_p011_2479x3230.sdr.png	s4	8	44	15369	107.2984619968338	84.38800000000413	69.054	
6000-lilith-scans-public-patents	imazen-26-png-v3/png-v3/6000-lilith-scans-public-patents/lynn_conway_us5046022_printrescangray300/6069_scans-patents_lynn-conway-us5046022-rescan-gray_p011_2479x3230.sdr.png	s6	8	20	41204	261.35800300107803	207.0890000000034	87.709	
6000-lilith-scans-public-patents	imazen-26-png-v3/png-v3/6000-lilith-scans-public-patents/lynn_conway_us5046022_printrescangray300/6069_scans-patents_lynn-conway-us5046022-rescan-gray_p011_2479x3230.sdr.png	s6	8	32	26883	272.753012002795	422.36799999999516	81.753	
6000-lilith-scans-public-patents	imazen-26-png-v3/png-v3/6000-lilith-scans-public-patents/lynn_conway_us5046022_printrescangray300/6069_scans-patents_lynn-conway-us5046022-rescan-gray_p011_2479x3230.sdr.png	s6	8	44	15443	149.51918899896555	210.58999999999628	69.104	
6000-lilith-scans-public-patents	imazen-26-png-v3/png-v3/6000-lilith-scans-public-patents/lynn_conway_us5046022_printrescangray300/6069_scans-patents_lynn-conway-us5046022-rescan-gray_p011_2479x3230.sdr.png	s4	10	20	41869	129.40831801097374	141.41199999999898	87.264	
6000-lilith-scans-public-patents	imazen-26-png-v3/png-v3/6000-lilith-scans-public-patents/lynn_conway_us5046022_printrescangray300/6069_scans-patents_lynn-conway-us5046022-rescan-gray_p011_2479x3230.sdr.png	s4	10	32	26878	245.15832999895792	294.15299999999786	81.246	
6000-lilith-scans-public-patents	imazen-26-png-v3/png-v3/6000-lilith-scans-public-patents/lynn_conway_us5046022_printrescangray300/6069_scans-patents_lynn-conway-us5046022-rescan-gray_p011_2479x3230.sdr.png	s4	10	44	15116	286.4047970069805	268.7480000000093	68.580	
6000-lilith-scans-public-patents	imazen-26-png-v3/png-v3/6000-lilith-scans-public-patents/lynn_conway_us5046022_printrescangray300/6069_scans-patents_lynn-conway-us5046022-rescan-gray_p011_2479x3230.sdr.png	s6	10	20	42068	239.9152729922207	163.30299999999554	87.433	
6000-lilith-scans-public-patents	imazen-26-png-v3/png-v3/6000-lilith-scans-public-patents/lynn_conway_us5046022_printrescangray300/6069_scans-patents_lynn-conway-us5046022-rescan-gray_p011_2479x3230.sdr.png	s6	10	32	26969	325.5036069895141	106.81299999999894	81.290	
6000-lilith-scans-public-patents	imazen-26-png-v3/png-v3/6000-lilith-scans-public-patents/lynn_conway_us5046022_printrescangray300/6069_scans-patents_lynn-conway-us5046022-rescan-gray_p011_2479x3230.sdr.png	s6	10	44	15162	320.7809680025093	87.807999999999	68.553	
6000-lilith-scans-public-patents	imazen-26-png-v3/png-v3/6000-lilith-scans-public-patents/martha_jones_us77494_printrescancolor300/6093_scans-patents_martha-jones-us77494-rescan-color_p002_2479x3230.sdr.png	s4	4	20	36897	566.7675500008045	475.0300000000003	83.693	
6000-lilith-scans-public-patents	imazen-26-png-v3/png-v3/6000-lilith-scans-public-patents/martha_jones_us77494_printrescancolor300/6093_scans-patents_martha-jones-us77494-rescan-color_p002_2479x3230.sdr.png	s4	4	32	24151	448.5123019985622	1155.467999999992	78.529	
6000-lilith-scans-public-patents	imazen-26-png-v3/png-v3/6000-lilith-scans-public-patents/martha_jones_us77494_printrescancolor300/6093_scans-patents_martha-jones-us77494-rescan-color_p002_2479x3230.sdr.png	s4	4	44	14386	464.4845430011628	1432.559000000012	69.237	
6000-lilith-scans-public-patents	imazen-26-png-v3/png-v3/6000-lilith-scans-public-patents/martha_jones_us77494_printrescancolor300/6093_scans-patents_martha-jones-us77494-rescan-color_p002_2479x3230.sdr.png	s6	4	20	38184	365.7327420078218	775.9239999999963	84.195	
6000-lilith-scans-public-patents	imazen-26-png-v3/png-v3/6000-lilith-scans-public-patents/martha_jones_us77494_printrescancolor300/6093_scans-patents_martha-jones-us77494-rescan-color_p002_2479x3230.sdr.png	s6	4	32	24805	565.1623320009094	2348.62699999999	78.587	
6000-lilith-scans-public-patents	imazen-26-png-v3/png-v3/6000-lilith-scans-public-patents/martha_jones_us77494_printrescancolor300/6093_scans-patents_martha-jones-us77494-rescan-color_p002_2479x3230.sdr.png	s6	4	44	14659	355.8846509986324	1751.0800000000124	69.937	
6000-lilith-scans-public-patents	imazen-26-png-v3/png-v3/6000-lilith-scans-public-patents/martha_jones_us77494_printrescancolor300/6093_scans-patents_martha-jones-us77494-rescan-color_p002_2479x3230.sdr.png	s4	6	20	38489	196.98715099366382	886.3920000000007	83.933	
6000-lilith-scans-public-patents	imazen-26-png-v3/png-v3/6000-lilith-scans-public-patents/martha_jones_us77494_printrescancolor300/6093_scans-patents_martha-jones-us77494-rescan-color_p002_2479x3230.sdr.png	s4	6	32	25199	160.3712570067728	1292.472000000018	78.820	
6000-lilith-scans-public-patents	imazen-26-png-v3/png-v3/6000-lilith-scans-public-patents/martha_jones_us77494_printrescancolor300/6093_scans-patents_martha-jones-us77494-rescan-color_p002_2479x3230.sdr.png	s4	6	44	14952	183.82385501172394	1058.8180000000023	71.644	
6000-lilith-scans-public-patents	imazen-26-png-v3/png-v3/6000-lilith-scans-public-patents/martha_jones_us77494_printrescancolor300/6093_scans-patents_martha-jones-us77494-rescan-color_p002_2479x3230.sdr.png	s6	6	20	39459	200.66476600186434	616.4659999999812	84.312	
6000-lilith-scans-public-patents	imazen-26-png-v3/png-v3/6000-lilith-scans-public-patents/martha_jones_us77494_printrescancolor300/6093_scans-patents_martha-jones-us77494-rescan-color_p002_2479x3230.sdr.png	s6	6	32	25752	182.44152000988834	1007.1340000000007	79.701	
6000-lilith-scans-public-patents	imazen-26-png-v3/png-v3/6000-lilith-scans-public-patents/martha_jones_us77494_printrescancolor300/6093_scans-patents_martha-jones-us77494-rescan-color_p002_2479x3230.sdr.png	s6	6	44	15100	1140.9747690049699	210.41800000000066	71.276	
6000-lilith-scans-public-patents	imazen-26-png-v3/png-v3/6000-lilith-scans-public-patents/martha_jones_us77494_printrescancolor300/6093_scans-patents_martha-jones-us77494-rescan-color_p002_2479x3230.sdr.png	s4	8	20	42017	705.0512739951955	77.72699999999233	84.040	
6000-lilith-scans-public-patents	imazen-26-png-v3/png-v3/6000-lilith-scans-public-patents/martha_jones_us77494_printrescancolor300/6093_scans-patents_martha-jones-us77494-rescan-color_p002_2479x3230.sdr.png	s4	8	32	27458	111.94755999895278	325.1239999999847	77.935	
6000-lilith-scans-public-patents	imazen-26-png-v3/png-v3/6000-lilith-scans-public-patents/martha_jones_us77494_printrescancolor300/6093_scans-patents_martha-jones-us77494-rescan-color_p002_2479x3230.sdr.png	s4	8	44	15753	106.6015980031807	325.1239999999847	66.470	
6000-lilith-scans-public-patents	imazen-26-png-v3/png-v3/6000-lilith-scans-public-patents/martha_jones_us77494_printrescancolor300/6093_scans-patents_martha-jones-us77494-rescan-color_p002_2479x3230.sdr.png	s6	8	20	42637	108.85156100266613	363.30300000000904	84.166	
6000-lilith-scans-public-patents	imazen-26-png-v3/png-v3/6000-lilith-scans-public-patents/martha_jones_us77494_printrescancolor300/6093_scans-patents_martha-jones-us77494-rescan-color_p002_2479x3230.sdr.png	s6	8	32	27719	252.10118500399403	593.8710000000036	77.942	
6000-lilith-scans-public-patents	imazen-26-png-v3/png-v3/6000-lilith-scans-public-patents/martha_jones_us77494_printrescancolor300/6093_scans-patents_martha-jones-us77494-rescan-color_p002_2479x3230.sdr.png	s6	8	44	15859	267.25366900791414	593.8710000000036	66.557	
6000-lilith-scans-public-patents	imazen-26-png-v3/png-v3/6000-lilith-scans-public-patents/martha_jones_us77494_printrescancolor300/6093_scans-patents_martha-jones-us77494-rescan-color_p002_2479x3230.sdr.png	s4	10	20	43883	190.26429500081576	452.20299999999725	83.516	
6000-lilith-scans-public-patents	imazen-26-png-v3/png-v3/6000-lilith-scans-public-patents/martha_jones_us77494_printrescancolor300/6093_scans-patents_martha-jones-us77494-rescan-color_p002_2479x3230.sdr.png	s4	10	32	27571	209.5466719911201	455.1130000000043	77.218	
6000-lilith-scans-public-patents	imazen-26-png-v3/png-v3/6000-lilith-scans-public-patents/martha_jones_us77494_printrescancolor300/6093_scans-patents_martha-jones-us77494-rescan-color_p002_2479x3230.sdr.png	s4	10	44	15603	198.4823810053058	406.26600000000576	65.556	
6000-lilith-scans-public-patents	imazen-26-png-v3/png-v3/6000-lilith-scans-public-patents/martha_jones_us77494_printrescancolor300/6093_scans-patents_martha-jones-us77494-rescan-color_p002_2479x3230.sdr.png	s6	10	20	44315	172.6208600011887	263.89800000000463	83.730	
6000-lilith-scans-public-patents	imazen-26-png-v3/png-v3/6000-lilith-scans-public-patents/martha_jones_us77494_printrescancolor300/6093_scans-patents_martha-jones-us77494-rescan-color_p002_2479x3230.sdr.png	s6	10	32	27737	286.3547320012003	222.27600000001146	77.268	
6000-lilith-scans-public-patents	imazen-26-png-v3/png-v3/6000-lilith-scans-public-patents/martha_jones_us77494_printrescancolor300/6093_scans-patents_martha-jones-us77494-rescan-color_p002_2479x3230.sdr.png	s6	10	44	15671	711.2890390126267	478.37100000000635	65.580	
6600-ia-scans-manuscript-illustrations	imazen-26-png-v3/png-v3/6600-ia-scans-manuscript-illustrations/6609_scans-illustrations_hokusai-insects-creatures_plate0019_6234x4925.sdr.png	s4	4	20	24740	561.7133420018945	413.18100000000516	78.447	
6600-ia-scans-manuscript-illustrations	imazen-26-png-v3/png-v3/6600-ia-scans-manuscript-illustrations/6609_scans-illustrations_hokusai-insects-creatures_plate0019_6234x4925.sdr.png	s4	4	32	13177	638.7457980017643	952.4200000000036	63.747	
6600-ia-scans-manuscript-illustrations	imazen-26-png-v3/png-v3/6600-ia-scans-manuscript-illustrations/6609_scans-illustrations_hokusai-insects-creatures_plate0019_6234x4925.sdr.png	s4	4	44	3886	499.0687289973721	1266.3680000000036	23.362	
6600-ia-scans-manuscript-illustrations	imazen-26-png-v3/png-v3/6600-ia-scans-manuscript-illustrations/6609_scans-illustrations_hokusai-insects-creatures_plate0019_6234x4925.sdr.png	s6	4	20	26947	504.7806359943934	504.53599999999096	79.620	
6600-ia-scans-manuscript-illustrations	imazen-26-png-v3/png-v3/6600-ia-scans-manuscript-illustrations/6609_scans-illustrations_hokusai-insects-creatures_plate0019_6234x4925.sdr.png	s6	4	32	16197	418.6868230026448	2226.961000000003	67.956	
6600-ia-scans-manuscript-illustrations	imazen-26-png-v3/png-v3/6600-ia-scans-manuscript-illustrations/6609_scans-illustrations_hokusai-insects-creatures_plate0019_6234x4925.sdr.png	s6	4	44	5804	401.68537700083107	1522.8910000000014	36.266	
6600-ia-scans-manuscript-illustrations	imazen-26-png-v3/png-v3/6600-ia-scans-manuscript-illustrations/6609_scans-illustrations_hokusai-insects-creatures_plate0019_6234x4925.sdr.png	s4	6	20	25644	346.69202400255017	1148.7050000000067	78.975	
6600-ia-scans-manuscript-illustrations	imazen-26-png-v3/png-v3/6600-ia-scans-manuscript-illustrations/6609_scans-illustrations_hokusai-insects-creatures_plate0019_6234x4925.sdr.png	s4	6	32	14106	325.18109399825335	470.75700000000256	65.280	
6600-ia-scans-manuscript-illustrations	imazen-26-png-v3/png-v3/6600-ia-scans-manuscript-illustrations/6609_scans-illustrations_hokusai-insects-creatures_plate0019_6234x4925.sdr.png	s4	6	44	4462	381.2584160041297	2018.0580000000034	26.547	
6600-ia-scans-manuscript-illustrations	imazen-26-png-v3/png-v3/6600-ia-scans-manuscript-illustrations/6609_scans-illustrations_hokusai-insects-creatures_plate0019_6234x4925.sdr.png	s6	6	20	27577	350.52626399556175	1730.0600000000018	80.235	
6600-ia-scans-manuscript-illustrations	imazen-26-png-v3/png-v3/6600-ia-scans-manuscript-illustrations/6609_scans-illustrations_hokusai-insects-creatures_plate0019_6234x4925.sdr.png	s6	6	32	16937	407.3015729954932	2355.9260000000036	69.337	
6600-ia-scans-manuscript-illustrations	imazen-26-png-v3/png-v3/6600-ia-scans-manuscript-illustrations/6609_scans-illustrations_hokusai-insects-creatures_plate0019_6234x4925.sdr.png	s6	6	44	6296	434.6676010027295	2853.3720000000003	38.501	
6600-ia-scans-manuscript-illustrations	imazen-26-png-v3/png-v3/6600-ia-scans-manuscript-illustrations/6609_scans-illustrations_hokusai-insects-creatures_plate0019_6234x4925.sdr.png	s4	8	20	26889	536.5488249954069	2859.958999999996	79.025	
6600-ia-scans-manuscript-illustrations	imazen-26-png-v3/png-v3/6600-ia-scans-manuscript-illustrations/6609_scans-illustrations_hokusai-insects-creatures_plate0019_6234x4925.sdr.png	s4	8	32	14772	335.0811839918606	1111.741000000009	64.814	
6600-ia-scans-manuscript-illustrations	imazen-26-png-v3/png-v3/6600-ia-scans-manuscript-illustrations/6609_scans-illustrations_hokusai-insects-creatures_plate0019_6234x4925.sdr.png	s4	8	44	4746	419.7369369940134	360.078000000005	28.398	
6600-ia-scans-manuscript-illustrations	imazen-26-png-v3/png-v3/6600-ia-scans-manuscript-illustrations/6609_scans-illustrations_hokusai-insects-creatures_plate0019_6234x4925.sdr.png	s6	8	20	28965	450.91879200481344	623.3700000000119	79.985	
6600-ia-scans-manuscript-illustrations	imazen-26-png-v3/png-v3/6600-ia-scans-manuscript-illustrations/6609_scans-illustrations_hokusai-insects-creatures_plate0019_6234x4925.sdr.png	s6	8	32	17624	324.437001007027	886.8559999999981	69.068	
6600-ia-scans-manuscript-illustrations	imazen-26-png-v3/png-v3/6600-ia-scans-manuscript-illustrations/6609_scans-illustrations_hokusai-insects-creatures_plate0019_6234x4925.sdr.png	s6	8	44	6609	300.2952050010208	1232.7929999999938	39.398	
6600-ia-scans-manuscript-illustrations	imazen-26-png-v3/png-v3/6600-ia-scans-manuscript-illustrations/6609_scans-illustrations_hokusai-insects-creatures_plate0019_6234x4925.sdr.png	s4	10	20	27095	406.2951609957963	1575.6729999999984	78.776	
6600-ia-scans-manuscript-illustrations	imazen-26-png-v3/png-v3/6600-ia-scans-manuscript-illustrations/6609_scans-illustrations_hokusai-insects-creatures_plate0019_6234x4925.sdr.png	s4	10	32	14891	389.83704599377234	1529.6950000000002	65.037	
6600-ia-scans-manuscript-illustrations	imazen-26-png-v3/png-v3/6600-ia-scans-manuscript-illustrations/6609_scans-illustrations_hokusai-insects-creatures_plate0019_6234x4925.sdr.png	s4	10	44	4783	319.6353020030074	929.1629999999919	28.583	
6600-ia-scans-manuscript-illustrations	imazen-26-png-v3/png-v3/6600-ia-scans-manuscript-illustrations/6609_scans-illustrations_hokusai-insects-creatures_plate0019_6234x4925.sdr.png	s6	10	20	29254	329.49812200968154	1189.933	79.882	
6600-ia-scans-manuscript-illustrations	imazen-26-png-v3/png-v3/6600-ia-scans-manuscript-illustrations/6609_scans-illustrations_hokusai-insects-creatures_plate0019_6234x4925.sdr.png	s6	10	32	17730	392.9752559924964	1642.0309999999959	68.963	
6600-ia-scans-manuscript-illustrations	imazen-26-png-v3/png-v3/6600-ia-scans-manuscript-illustrations/6609_scans-illustrations_hokusai-insects-creatures_plate0019_6234x4925.sdr.png	s6	10	44	6708	331.3950650044717	1834.7609999999968	39.730	
6600-ia-scans-manuscript-illustrations	imazen-26-png-v3/png-v3/6600-ia-scans-manuscript-illustrations/6619_scans-illustrations_redoute-rose-pale-pink_plate0057_2912x4368.sdr.png	s4	4	20	21971	269.73920900491066	1567.250000000012	79.295	
6600-ia-scans-manuscript-illustrations	imazen-26-png-v3/png-v3/6600-ia-scans-manuscript-illustrations/6619_scans-illustrations_redoute-rose-pale-pink_plate0057_2912x4368.sdr.png	s4	4	32	12356	376.57475100422744	2073.0680000000066	64.829	
6600-ia-scans-manuscript-illustrations	imazen-26-png-v3/png-v3/6600-ia-scans-manuscript-illustrations/6619_scans-illustrations_redoute-rose-pale-pink_plate0057_2912x4368.sdr.png	s4	4	44	3960	489.2800899979193	207.81099999999952	24.710	
6600-ia-scans-manuscript-illustrations	imazen-26-png-v3/png-v3/6600-ia-scans-manuscript-illustrations/6619_scans-illustrations_redoute-rose-pale-pink_plate0057_2912x4368.sdr.png	s6	4	20	24079	472.86914600408636	463.7959999999914	80.331	
6600-ia-scans-manuscript-illustrations	imazen-26-png-v3/png-v3/6600-ia-scans-manuscript-illustrations/6619_scans-illustrations_redoute-rose-pale-pink_plate0057_2912x4368.sdr.png	s6	4	32	14943	421.8107950000558	463.7959999999914	68.824	
6600-ia-scans-manuscript-illustrations	imazen-26-png-v3/png-v3/6600-ia-scans-manuscript-illustrations/6619_scans-illustrations_redoute-rose-pale-pink_plate0057_2912x4368.sdr.png	s6	4	44	5811	274.8862039879896	460.2039999999974	34.480	
6600-ia-scans-manuscript-illustrations	imazen-26-png-v3/png-v3/6600-ia-scans-manuscript-illustrations/6619_scans-illustrations_redoute-rose-pale-pink_plate0057_2912x4368.sdr.png	s4	6	20	22411	230.50357001193333	395.07000000000403	79.642	
6600-ia-scans-manuscript-illustrations	imazen-26-png-v3/png-v3/6600-ia-scans-manuscript-illustrations/6619_scans-illustrations_redoute-rose-pale-pink_plate0057_2912x4368.sdr.png	s4	6	32	13099	249.25614100357052	660.9469999999931	66.834	
6600-ia-scans-manuscript-illustrations	imazen-26-png-v3/png-v3/6600-ia-scans-manuscript-illustrations/6619_scans-illustrations_redoute-rose-pale-pink_plate0057_2912x4368.sdr.png	s4	6	44	4217	238.8464729883708	660.9469999999931	25.684	
6600-ia-scans-manuscript-illustrations	imazen-26-png-v3/png-v3/6600-ia-scans-manuscript-illustrations/6619_scans-illustrations_redoute-rose-pale-pink_plate0057_2912x4368.sdr.png	s6	6	20	24322	309.7041529981652	677.9630000000019	80.480	
6600-ia-scans-manuscript-illustrations	imazen-26-png-v3/png-v3/6600-ia-scans-manuscript-illustrations/6619_scans-illustrations_redoute-rose-pale-pink_plate0057_2912x4368.sdr.png	s6	6	32	15441	257.9309450084111	379.71000000001	70.127	
6600-ia-scans-manuscript-illustrations	imazen-26-png-v3/png-v3/6600-ia-scans-manuscript-illustrations/6619_scans-illustrations_redoute-rose-pale-pink_plate0057_2912x4368.sdr.png	s6	6	44	6134	355.7953709969297	601.4110000000095	36.185	
6600-ia-scans-manuscript-illustrations	imazen-26-png-v3/png-v3/6600-ia-scans-manuscript-illustrations/6619_scans-illustrations_redoute-rose-pale-pink_plate0057_2912x4368.sdr.png	s4	8	20	22939	258.4598199900938	528.6040000000156	79.437	
6600-ia-scans-manuscript-illustrations	imazen-26-png-v3/png-v3/6600-ia-scans-manuscript-illustrations/6619_scans-illustrations_redoute-rose-pale-pink_plate0057_2912x4368.sdr.png	s4	8	32	13367	399.63160699699074	431.31399999998973	65.384	
6600-ia-scans-manuscript-illustrations	imazen-26-png-v3/png-v3/6600-ia-scans-manuscript-illustrations/6619_scans-illustrations_redoute-rose-pale-pink_plate0057_2912x4368.sdr.png	s4	8	44	4408	407.00561000267044	307.4969999999908	25.631	
6600-ia-scans-manuscript-illustrations	imazen-26-png-v3/png-v3/6600-ia-scans-manuscript-illustrations/6619_scans-illustrations_redoute-rose-pale-pink_plate0057_2912x4368.sdr.png	s6	8	20	24904	223.20913799921982	261.35699999999673	80.330	
6600-ia-scans-manuscript-illustrations	imazen-26-png-v3/png-v3/6600-ia-scans-manuscript-illustrations/6619_scans-illustrations_redoute-rose-pale-pink_plate0057_2912x4368.sdr.png	s6	8	32	15799	217.93184599664528	233.19800000000868	69.701	
6600-ia-scans-manuscript-illustrations	imazen-26-png-v3/png-v3/6600-ia-scans-manuscript-illustrations/6619_scans-illustrations_redoute-rose-pale-pink_plate0057_2912x4368.sdr.png	s6	8	44	6307	343.0034089979017	179.49899999999275	36.871	
6600-ia-scans-manuscript-illustrations	imazen-26-png-v3/png-v3/6600-ia-scans-manuscript-illustrations/6619_scans-illustrations_redoute-rose-pale-pink_plate0057_2912x4368.sdr.png	s4	10	20	22668	282.33225300209597	260.434999999994	79.637	
6600-ia-scans-manuscript-illustrations	imazen-26-png-v3/png-v3/6600-ia-scans-manuscript-illustrations/6619_scans-illustrations_redoute-rose-pale-pink_plate0057_2912x4368.sdr.png	s4	10	32	13227	301.03275600413326	257.4739999999949	65.574	
6600-ia-scans-manuscript-illustrations	imazen-26-png-v3/png-v3/6600-ia-scans-manuscript-illustrations/6619_scans-illustrations_redoute-rose-pale-pink_plate0057_2912x4368.sdr.png	s4	10	44	4346	451.3660109951161	439.4659999999888	25.169	
6600-ia-scans-manuscript-illustrations	imazen-26-png-v3/png-v3/6600-ia-scans-manuscript-illustrations/6619_scans-illustrations_redoute-rose-pale-pink_plate0057_2912x4368.sdr.png	s6	10	20	24602	198.9485060039442	297.4619999999888	80.319	
6600-ia-scans-manuscript-illustrations	imazen-26-png-v3/png-v3/6600-ia-scans-manuscript-illustrations/6619_scans-illustrations_redoute-rose-pale-pink_plate0057_2912x4368.sdr.png	s6	10	32	15730	235.34860099607613	418.39499999998253	69.568	
6600-ia-scans-manuscript-illustrations	imazen-26-png-v3/png-v3/6600-ia-scans-manuscript-illustrations/6619_scans-illustrations_redoute-rose-pale-pink_plate0057_2912x4368.sdr.png	s6	10	44	6283	238.69475499668624	288.6439999999979	36.735	
6800-ia-scans-manuscript-text	imazen-26-png-v3/png-v3/6800-ia-scans-manuscript-text/6825_scans-text_redoute-fr-description_p0060_2415x3528.sdr.png	s4	4	20	13564	423.14694300876	523.5949999999789	76.551	
6800-ia-scans-manuscript-text	imazen-26-png-v3/png-v3/6800-ia-scans-manuscript-text/6825_scans-text_redoute-fr-description_p0060_2415x3528.sdr.png	s4	4	32	4635	290.66118999617174	549.1559999999964	57.998	
6800-ia-scans-manuscript-text	imazen-26-png-v3/png-v3/6800-ia-scans-manuscript-text/6825_scans-text_redoute-fr-description_p0060_2415x3528.sdr.png	s4	4	44	1028	259.76727200031746	366.9790000000006	31.000	
6800-ia-scans-manuscript-text	imazen-26-png-v3/png-v3/6800-ia-scans-manuscript-text/6825_scans-text_redoute-fr-description_p0060_2415x3528.sdr.png	s6	4	20	16553	479.5849999936763	660.6809999999896	79.107	
6800-ia-scans-manuscript-text	imazen-26-png-v3/png-v3/6800-ia-scans-manuscript-text/6825_scans-text_redoute-fr-description_p0060_2415x3528.sdr.png	s6	4	32	8470	393.1515909935115	424.68999999999824	67.906	
6800-ia-scans-manuscript-text	imazen-26-png-v3/png-v3/6800-ia-scans-manuscript-text/6825_scans-text_redoute-fr-description_p0060_2415x3528.sdr.png	s6	4	44	2013	495.2961850067368	515.8380000000165	43.959	
6800-ia-scans-manuscript-text	imazen-26-png-v3/png-v3/6800-ia-scans-manuscript-text/6825_scans-text_redoute-fr-description_p0060_2415x3528.sdr.png	s4	6	20	14435	367.5244449987076	178.01200000002382	77.372	
6800-ia-scans-manuscript-text	imazen-26-png-v3/png-v3/6800-ia-scans-manuscript-text/6825_scans-text_redoute-fr-description_p0060_2415x3528.sdr.png	s4	6	32	5281	219.12866899219807	439.3439999999771	59.374	
6800-ia-scans-manuscript-text	imazen-26-png-v3/png-v3/6800-ia-scans-manuscript-text/6825_scans-text_redoute-fr-description_p0060_2415x3528.sdr.png	s4	6	44	1222	183.4906209987821	346.18299999999635	34.234	
6800-ia-scans-manuscript-text	imazen-26-png-v3/png-v3/6800-ia-scans-manuscript-text/6825_scans-text_redoute-fr-description_p0060_2415x3528.sdr.png	s6	6	20	17122	252.96748999971896	245.89200000000488	79.131	
6800-ia-scans-manuscript-text	imazen-26-png-v3/png-v3/6800-ia-scans-manuscript-text/6825_scans-text_redoute-fr-description_p0060_2415x3528.sdr.png	s6	6	32	9014	297.39385600259993	241.69000000001262	68.419	
6800-ia-scans-manuscript-text	imazen-26-png-v3/png-v3/6800-ia-scans-manuscript-text/6825_scans-text_redoute-fr-description_p0060_2415x3528.sdr.png	s6	6	44	2155	632.9580369929317	555.0689999999818	45.241	
6800-ia-scans-manuscript-text	imazen-26-png-v3/png-v3/6800-ia-scans-manuscript-text/6825_scans-text_redoute-fr-description_p0060_2415x3528.sdr.png	s4	8	20	15311	326.6826350009069	151.37099999999037	77.377	
6800-ia-scans-manuscript-text	imazen-26-png-v3/png-v3/6800-ia-scans-manuscript-text/6825_scans-text_redoute-fr-description_p0060_2415x3528.sdr.png	s4	8	32	5948	341.8086400051834	198.29700000000372	60.926	
6800-ia-scans-manuscript-text	imazen-26-png-v3/png-v3/6800-ia-scans-manuscript-text/6825_scans-text_redoute-fr-description_p0060_2415x3528.sdr.png	s4	8	44	1280	162.81300400441978	368.0269999999837	34.169	
6800-ia-scans-manuscript-text	imazen-26-png-v3/png-v3/6800-ia-scans-manuscript-text/6825_scans-text_redoute-fr-description_p0060_2415x3528.sdr.png	s6	8	20	17786	96.59314199234359	279.1220000000081	78.898	
6800-ia-scans-manuscript-text	imazen-26-png-v3/png-v3/6800-ia-scans-manuscript-text/6825_scans-text_redoute-fr-description_p0060_2415x3528.sdr.png	s6	8	32	9529	270.45364599325694	252.44899999999149	69.089	
6800-ia-scans-manuscript-text	imazen-26-png-v3/png-v3/6800-ia-scans-manuscript-text/6825_scans-text_redoute-fr-description_p0060_2415x3528.sdr.png	s6	8	44	2318	662.4131229909835	231.8610000000021	45.270	
6800-ia-scans-manuscript-text	imazen-26-png-v3/png-v3/6800-ia-scans-manuscript-text/6825_scans-text_redoute-fr-description_p0060_2415x3528.sdr.png	s4	10	20	15676	676.5639850054868	192.95699999999272	77.603	
6800-ia-scans-manuscript-text	imazen-26-png-v3/png-v3/6800-ia-scans-manuscript-text/6825_scans-text_redoute-fr-description_p0060_2415x3528.sdr.png	s4	10	32	6073	646.7980999877909	376.30800000000875	60.987	
6800-ia-scans-manuscript-text	imazen-26-png-v3/png-v3/6800-ia-scans-manuscript-text/6825_scans-text_redoute-fr-description_p0060_2415x3528.sdr.png	s4	10	44	1329	229.61553301138338	262.1920000000131	34.714	
6800-ia-scans-manuscript-text	imazen-26-png-v3/png-v3/6800-ia-scans-manuscript-text/6825_scans-text_redoute-fr-description_p0060_2415x3528.sdr.png	s6	10	20	18154	120.36579599953257	232.76099999998934	78.931	
6800-ia-scans-manuscript-text	imazen-26-png-v3/png-v3/6800-ia-scans-manuscript-text/6825_scans-text_redoute-fr-description_p0060_2415x3528.sdr.png	s6	10	32	9754	155.7129410066409	330.78899999998157	68.569	
6800-ia-scans-manuscript-text	imazen-26-png-v3/png-v3/6800-ia-scans-manuscript-text/6825_scans-text_redoute-fr-description_p0060_2415x3528.sdr.png	s6	10	44	2381	191.27570498676505	368.2020000000179	45.636	
6800-ia-scans-manuscript-text	imazen-26-png-v3/png-v3/6800-ia-scans-manuscript-text/6833_scans-text_redoute-fr-description_p0146_2415x3528.sdr.png	s4	4	20	12733	277.5731660076417	509.022999999992	78.334	
6800-ia-scans-manuscript-text	imazen-26-png-v3/png-v3/6800-ia-scans-manuscript-text/6833_scans-text_redoute-fr-description_p0146_2415x3528.sdr.png	s4	4	32	6725	393.7830899958499	663.5639999999938	64.618	
6800-ia-scans-manuscript-text	imazen-26-png-v3/png-v3/6800-ia-scans-manuscript-text/6833_scans-text_redoute-fr-description_p0146_2415x3528.sdr.png	s4	4	44	3553	301.9969370070612	434.3939999999833	52.840	
6800-ia-scans-manuscript-text	imazen-26-png-v3/png-v3/6800-ia-scans-manuscript-text/6833_scans-text_redoute-fr-description_p0146_2415x3528.sdr.png	s6	4	20	14607	516.3092089933343	761.5140000000196	80.983	
6800-ia-scans-manuscript-text	imazen-26-png-v3/png-v3/6800-ia-scans-manuscript-text/6833_scans-text_redoute-fr-description_p0146_2415x3528.sdr.png	s6	4	32	8246	321.6454990033526	620.5350000000038	71.313	
6800-ia-scans-manuscript-text	imazen-26-png-v3/png-v3/6800-ia-scans-manuscript-text/6833_scans-text_redoute-fr-description_p0146_2415x3528.sdr.png	s6	4	44	3957	334.81949800625443	153.95300000001555	56.968	
6800-ia-scans-manuscript-text	imazen-26-png-v3/png-v3/6800-ia-scans-manuscript-text/6833_scans-text_redoute-fr-description_p0146_2415x3528.sdr.png	s4	6	20	13214	246.68365699471906	464.18699999998836	78.430	
6800-ia-scans-manuscript-text	imazen-26-png-v3/png-v3/6800-ia-scans-manuscript-text/6833_scans-text_redoute-fr-description_p0146_2415x3528.sdr.png	s4	6	32	7150	143.10835499782115	250.86199999999081	65.977	
6800-ia-scans-manuscript-text	imazen-26-png-v3/png-v3/6800-ia-scans-manuscript-text/6833_scans-text_redoute-fr-description_p0146_2415x3528.sdr.png	s4	6	44	3724	132.53434500074945	275.269999999999	53.004	
6800-ia-scans-manuscript-text	imazen-26-png-v3/png-v3/6800-ia-scans-manuscript-text/6833_scans-text_redoute-fr-description_p0146_2415x3528.sdr.png	s6	6	20	14947	263.1995400006417	499.03299999999007	81.122	
6800-ia-scans-manuscript-text	imazen-26-png-v3/png-v3/6800-ia-scans-manuscript-text/6833_scans-text_redoute-fr-description_p0146_2415x3528.sdr.png	s6	6	32	8590	234.71425598836504	641.3790000000006	71.829	
6800-ia-scans-manuscript-text	imazen-26-png-v3/png-v3/6800-ia-scans-manuscript-text/6833_scans-text_redoute-fr-description_p0146_2415x3528.sdr.png	s6	6	44	4126	234.7466069913935	481.7900000000179	56.964	
6800-ia-scans-manuscript-text	imazen-26-png-v3/png-v3/6800-ia-scans-manuscript-text/6833_scans-text_redoute-fr-description_p0146_2415x3528.sdr.png	s4	8	20	14169	203.98187500541098	392.1980000000218	79.088	
6800-ia-scans-manuscript-text	imazen-26-png-v3/png-v3/6800-ia-scans-manuscript-text/6833_scans-text_redoute-fr-description_p0146_2415x3528.sdr.png	s4	8	32	7757	178.0477360007353	428.05399999999594	66.478	
6800-ia-scans-manuscript-text	imazen-26-png-v3/png-v3/6800-ia-scans-manuscript-text/6833_scans-text_redoute-fr-description_p0146_2415x3528.sdr.png	s4	8	44	4109	188.89140799001325	96.7070000000021	52.420	
6800-ia-scans-manuscript-text	imazen-26-png-v3/png-v3/6800-ia-scans-manuscript-text/6833_scans-text_redoute-fr-description_p0146_2415x3528.sdr.png	s6	8	20	15798	275.5654630018398	111.63900000000382	81.034	
6800-ia-scans-manuscript-text	imazen-26-png-v3/png-v3/6800-ia-scans-manuscript-text/6833_scans-text_redoute-fr-description_p0146_2415x3528.sdr.png	s6	8	32	9109	448.2511559908744	78.51299999999384	71.869	
6800-ia-scans-manuscript-text	imazen-26-png-v3/png-v3/6800-ia-scans-manuscript-text/6833_scans-text_redoute-fr-description_p0146_2415x3528.sdr.png	s6	8	44	4415	317.72210900089704	72.0540000000014	56.196	
6800-ia-scans-manuscript-text	imazen-26-png-v3/png-v3/6800-ia-scans-manuscript-text/6833_scans-text_redoute-fr-description_p0146_2415x3528.sdr.png	s4	10	20	14625	414.8309610027354	177.68099999999976	79.196	
6800-ia-scans-manuscript-text	imazen-26-png-v3/png-v3/6800-ia-scans-manuscript-text/6833_scans-text_redoute-fr-description_p0146_2415x3528.sdr.png	s4	10	32	7941	285.2364989958005	237.11199999999621	66.318	
6800-ia-scans-manuscript-text	imazen-26-png-v3/png-v3/6800-ia-scans-manuscript-text/6833_scans-text_redoute-fr-description_p0146_2415x3528.sdr.png	s4	10	44	4173	325.3122530004475	430.2500000000009	52.626	
6800-ia-scans-manuscript-text	imazen-26-png-v3/png-v3/6800-ia-scans-manuscript-text/6833_scans-text_redoute-fr-description_p0146_2415x3528.sdr.png	s6	10	20	16323	100.075955997454	182.93900000000463	80.888	
6800-ia-scans-manuscript-text	imazen-26-png-v3/png-v3/6800-ia-scans-manuscript-text/6833_scans-text_redoute-fr-description_p0146_2415x3528.sdr.png	s6	10	32	9296	99.923697009217	255.70600000000354	71.958	
6800-ia-scans-manuscript-text	imazen-26-png-v3/png-v3/6800-ia-scans-manuscript-text/6833_scans-text_redoute-fr-description_p0146_2415x3528.sdr.png	s6	10	44	4499	390.7322059967555	488.02200000001505	56.704	
7000-lilith-plots	imazen-26-png-v3/png-v3/7000-lilith-plots/lines/7070_plots_line-voronoi-00012-s2be0c08d_1024x1024.sdr.png	s4	4	20	45738	473.2579739938956	1026.9889999999862	86.052	
7000-lilith-plots	imazen-26-png-v3/png-v3/7000-lilith-plots/lines/7070_plots_line-voronoi-00012-s2be0c08d_1024x1024.sdr.png	s4	4	32	33700	363.79526200471446	716.3939999999798	78.972	
7000-lilith-plots	imazen-26-png-v3/png-v3/7000-lilith-plots/lines/7070_plots_line-voronoi-00012-s2be0c08d_1024x1024.sdr.png	s4	4	44	22253	452.9455610027071	1347.7840000000185	61.143	
7000-lilith-plots	imazen-26-png-v3/png-v3/7000-lilith-plots/lines/7070_plots_line-voronoi-00012-s2be0c08d_1024x1024.sdr.png	s6	4	20	46811	427.25457399501465	1305.8690000000083	85.047	
7000-lilith-plots	imazen-26-png-v3/png-v3/7000-lilith-plots/lines/7070_plots_line-voronoi-00012-s2be0c08d_1024x1024.sdr.png	s6	4	32	34015	504.30438200419303	1686.6279999999917	77.367	
7000-lilith-plots	imazen-26-png-v3/png-v3/7000-lilith-plots/lines/7070_plots_line-voronoi-00012-s2be0c08d_1024x1024.sdr.png	s6	4	44	22562	715.5106949940091	723.8379999999864	60.341	
7000-lilith-plots	imazen-26-png-v3/png-v3/7000-lilith-plots/lines/7070_plots_line-voronoi-00012-s2be0c08d_1024x1024.sdr.png	s4	6	20	55326	361.18903300666716	421.441999999999	84.520	
7000-lilith-plots	imazen-26-png-v3/png-v3/7000-lilith-plots/lines/7070_plots_line-voronoi-00012-s2be0c08d_1024x1024.sdr.png	s4	6	32	40255	113.25498300720938	158.66100000000216	77.706	
7000-lilith-plots	imazen-26-png-v3/png-v3/7000-lilith-plots/lines/7070_plots_line-voronoi-00012-s2be0c08d_1024x1024.sdr.png	s4	6	44	28175	204.56876000389457	402.4649999999852	58.452	
7000-lilith-plots	imazen-26-png-v3/png-v3/7000-lilith-plots/lines/7070_plots_line-voronoi-00012-s2be0c08d_1024x1024.sdr.png	s6	6	20	55915	162.59770598844625	421.99899999999957	84.311	
7000-lilith-plots	imazen-26-png-v3/png-v3/7000-lilith-plots/lines/7070_plots_line-voronoi-00012-s2be0c08d_1024x1024.sdr.png	s6	6	32	40568	113.37214600644074	320.10699999998593	76.508	
7000-lilith-plots	imazen-26-png-v3/png-v3/7000-lilith-plots/lines/7070_plots_line-voronoi-00012-s2be0c08d_1024x1024.sdr.png	s6	6	44	28314	316.77987999864854	444.1680000000119	58.231	
7000-lilith-plots	imazen-26-png-v3/png-v3/7000-lilith-plots/lines/7070_plots_line-voronoi-00012-s2be0c08d_1024x1024.sdr.png	s4	8	20	55930	217.40192000288516	278.92999999999546	83.289	
7000-lilith-plots	imazen-26-png-v3/png-v3/7000-lilith-plots/lines/7070_plots_line-voronoi-00012-s2be0c08d_1024x1024.sdr.png	s4	8	32	41231	275.89571100543253	371.5050000000133	71.719	
7000-lilith-plots	imazen-26-png-v3/png-v3/7000-lilith-plots/lines/7070_plots_line-voronoi-00012-s2be0c08d_1024x1024.sdr.png	s4	8	44	23851	334.6992590086302	232.457000000025	50.750	
7000-lilith-plots	imazen-26-png-v3/png-v3/7000-lilith-plots/lines/7070_plots_line-voronoi-00012-s2be0c08d_1024x1024.sdr.png	s6	8	20	56436	585.5670210003154	134.64000000000453	83.302	
7000-lilith-plots	imazen-26-png-v3/png-v3/7000-lilith-plots/lines/7070_plots_line-voronoi-00012-s2be0c08d_1024x1024.sdr.png	s6	8	32	41531	508.2321200025035	93.9430000000101	71.738	
7000-lilith-plots	imazen-26-png-v3/png-v3/7000-lilith-plots/lines/7070_plots_line-voronoi-00012-s2be0c08d_1024x1024.sdr.png	s6	8	44	24049	171.83830300928093	86.08599999999456	50.650	
7000-lilith-plots	imazen-26-png-v3/png-v3/7000-lilith-plots/lines/7070_plots_line-voronoi-00012-s2be0c08d_1024x1024.sdr.png	s4	10	20	58331	187.50831100624055	150.3099999999904	83.287	
7000-lilith-plots	imazen-26-png-v3/png-v3/7000-lilith-plots/lines/7070_plots_line-voronoi-00012-s2be0c08d_1024x1024.sdr.png	s4	10	32	41184	162.79244598990772	193.93900000001452	71.877	
7000-lilith-plots	imazen-26-png-v3/png-v3/7000-lilith-plots/lines/7070_plots_line-voronoi-00012-s2be0c08d_1024x1024.sdr.png	s4	10	44	23785	108.05834499478806	126.55000000000172	50.255	
7000-lilith-plots	imazen-26-png-v3/png-v3/7000-lilith-plots/lines/7070_plots_line-voronoi-00012-s2be0c08d_1024x1024.sdr.png	s6	10	20	58649	505.9642039996106	262.1779999999987	83.301	
7000-lilith-plots	imazen-26-png-v3/png-v3/7000-lilith-plots/lines/7070_plots_line-voronoi-00012-s2be0c08d_1024x1024.sdr.png	s6	10	32	41387	480.4115389997605	229.15999999999315	71.768	
7000-lilith-plots	imazen-26-png-v3/png-v3/7000-lilith-plots/lines/7070_plots_line-voronoi-00012-s2be0c08d_1024x1024.sdr.png	s6	10	44	23990	393.13958800630644	137.31500000000807	49.930	
7000-lilith-plots	imazen-26-png-v3/png-v3/7000-lilith-plots/real-charts/7125_plots_chart-violin-16-forest_1024x1024.sdr.png	s4	4	20	2590	170.25465599726886	164.62200000000138	88.607	
7000-lilith-plots	imazen-26-png-v3/png-v3/7000-lilith-plots/real-charts/7125_plots_chart-violin-16-forest_1024x1024.sdr.png	s4	4	32	1823	366.5215099899797	207.21000000001055	83.476	
7000-lilith-plots	imazen-26-png-v3/png-v3/7000-lilith-plots/real-charts/7125_plots_chart-violin-16-forest_1024x1024.sdr.png	s4	4	44	965	277.26071199867874	222.88900000002343	55.483	
7000-lilith-plots	imazen-26-png-v3/png-v3/7000-lilith-plots/real-charts/7125_plots_chart-violin-16-forest_1024x1024.sdr.png	s6	4	20	2813	271.39233800699003	184.2460000000088	89.510	
7000-lilith-plots	imazen-26-png-v3/png-v3/7000-lilith-plots/real-charts/7125_plots_chart-violin-16-forest_1024x1024.sdr.png	s6	4	32	2038	354.43036899960134	213.40400000000415	86.629	
7000-lilith-plots	imazen-26-png-v3/png-v3/7000-lilith-plots/real-charts/7125_plots_chart-violin-16-forest_1024x1024.sdr.png	s6	4	44	1305	202.0295679976698	235.81800000000186	68.373	
7000-lilith-plots	imazen-26-png-v3/png-v3/7000-lilith-plots/real-charts/7125_plots_chart-violin-16-forest_1024x1024.sdr.png	s4	6	20	3762	173.1019829894649	100.25099999999298	89.030	
7000-lilith-plots	imazen-26-png-v3/png-v3/7000-lilith-plots/real-charts/7125_plots_chart-violin-16-forest_1024x1024.sdr.png	s4	6	32	2948	275.3220599988708	111.28200000001698	84.392	
7000-lilith-plots	imazen-26-png-v3/png-v3/7000-lilith-plots/real-charts/7125_plots_chart-violin-16-forest_1024x1024.sdr.png	s4	6	44	1957	112.52839300141204	48.32900000001672	65.934	
7000-lilith-plots	imazen-26-png-v3/png-v3/7000-lilith-plots/real-charts/7125_plots_chart-violin-16-forest_1024x1024.sdr.png	s6	6	20	4090	346.8945680069737	124.16499999999786	89.180	
7000-lilith-plots	imazen-26-png-v3/png-v3/7000-lilith-plots/real-charts/7125_plots_chart-violin-16-forest_1024x1024.sdr.png	s6	6	32	3090	142.4843900022097	63.274000000006936	85.875	
7000-lilith-plots	imazen-26-png-v3/png-v3/7000-lilith-plots/real-charts/7125_plots_chart-violin-16-forest_1024x1024.sdr.png	s6	6	44	2286	373.01029299851507	146.71300000001253	76.123	
7000-lilith-plots	imazen-26-png-v3/png-v3/7000-lilith-plots/real-charts/7125_plots_chart-violin-16-forest_1024x1024.sdr.png	s4	8	20	4685	210.9157129889354	38.79500000002167	88.095	
7000-lilith-plots	imazen-26-png-v3/png-v3/7000-lilith-plots/real-charts/7125_plots_chart-violin-16-forest_1024x1024.sdr.png	s4	8	32	3465	195.34869999915827	30.8069999999816	84.755	
7000-lilith-plots	imazen-26-png-v3/png-v3/7000-lilith-plots/real-charts/7125_plots_chart-violin-16-forest_1024x1024.sdr.png	s4	8	44	2203	170.4215329955332	18.787000000003218	66.259	
7000-lilith-plots	imazen-26-png-v3/png-v3/7000-lilith-plots/real-charts/7125_plots_chart-violin-16-forest_1024x1024.sdr.png	s6	8	20	5077	179.04357600491494	31.828999999987673	88.545	
7000-lilith-plots	imazen-26-png-v3/png-v3/7000-lilith-plots/real-charts/7125_plots_chart-violin-16-forest_1024x1024.sdr.png	s6	8	32	3745	395.27009399898816	77.20900000001762	85.934	
7000-lilith-plots	imazen-26-png-v3/png-v3/7000-lilith-plots/real-charts/7125_plots_chart-violin-16-forest_1024x1024.sdr.png	s6	8	44	2831	343.9107320009498	63.81900000000229	78.922	
7000-lilith-plots	imazen-26-png-v3/png-v3/7000-lilith-plots/real-charts/7125_plots_chart-violin-16-forest_1024x1024.sdr.png	s4	10	20	6128	250.56293299712706	45.52399999998613	87.630	
7000-lilith-plots	imazen-26-png-v3/png-v3/7000-lilith-plots/real-charts/7125_plots_chart-violin-16-forest_1024x1024.sdr.png	s4	10	32	4563	259.1629240050679	90.12400000001008	81.008	
7000-lilith-plots	imazen-26-png-v3/png-v3/7000-lilith-plots/real-charts/7125_plots_chart-violin-16-forest_1024x1024.sdr.png	s4	10	44	2416	335.15693800291047	75.15199999998856	65.144	
7000-lilith-plots	imazen-26-png-v3/png-v3/7000-lilith-plots/real-charts/7125_plots_chart-violin-16-forest_1024x1024.sdr.png	s6	10	20	6276	279.79658800177276	38.3290000000045	88.772	
7000-lilith-plots	imazen-26-png-v3/png-v3/7000-lilith-plots/real-charts/7125_plots_chart-violin-16-forest_1024x1024.sdr.png	s6	10	32	4815	223.56896099518053	84.77999999999497	84.783	
7000-lilith-plots	imazen-26-png-v3/png-v3/7000-lilith-plots/real-charts/7125_plots_chart-violin-16-forest_1024x1024.sdr.png	s6	10	44	3028	261.6284160030773	132.8399999999803	76.361	
8000-lilith-mobile-screenshots	imazen-26-png-v3/png-v3/8000-lilith-mobile-screenshots/8000_mobile-screenshots_imageflow-server_screenshot-20260526-065435-brave_1968x2184.sdr.png	s4	4	20	9825	173.47430100198835	224.52999999999435	85.605	
8000-lilith-mobile-screenshots	imazen-26-png-v3/png-v3/8000-lilith-mobile-screenshots/8000_mobile-screenshots_imageflow-server_screenshot-20260526-065435-brave_1968x2184.sdr.png	s4	4	32	7525	242.89221699291375	386.593999999981	74.620	
8000-lilith-mobile-screenshots	imazen-26-png-v3/png-v3/8000-lilith-mobile-screenshots/8000_mobile-screenshots_imageflow-server_screenshot-20260526-065435-brave_1968x2184.sdr.png	s4	4	44	5577	382.12637399556115	567.3529999999971	59.407	
8000-lilith-mobile-screenshots	imazen-26-png-v3/png-v3/8000-lilith-mobile-screenshots/8000_mobile-screenshots_imageflow-server_screenshot-20260526-065435-brave_1968x2184.sdr.png	s6	4	20	10532	347.0142760052113	667.7489999999864	86.872	
8000-lilith-mobile-screenshots	imazen-26-png-v3/png-v3/8000-lilith-mobile-screenshots/8000_mobile-screenshots_imageflow-server_screenshot-20260526-065435-brave_1968x2184.sdr.png	s6	4	32	8208	240.20584499521647	522.6530000000054	77.432	
8000-lilith-mobile-screenshots	imazen-26-png-v3/png-v3/8000-lilith-mobile-screenshots/8000_mobile-screenshots_imageflow-server_screenshot-20260526-065435-brave_1968x2184.sdr.png	s6	4	44	5903	534.8482949921163	459.13299999998713	62.400	
8000-lilith-mobile-screenshots	imazen-26-png-v3/png-v3/8000-lilith-mobile-screenshots/8000_mobile-screenshots_imageflow-server_screenshot-20260526-065435-brave_1968x2184.sdr.png	s4	6	20	12488	208.38838300551288	53.618000000000166	88.182	
8000-lilith-mobile-screenshots	imazen-26-png-v3/png-v3/8000-lilith-mobile-screenshots/8000_mobile-screenshots_imageflow-server_screenshot-20260526-065435-brave_1968x2184.sdr.png	s4	6	32	9905	276.1188129952643	128.90500000001026	76.471	
8000-lilith-mobile-screenshots	imazen-26-png-v3/png-v3/8000-lilith-mobile-screenshots/8000_mobile-screenshots_imageflow-server_screenshot-20260526-065435-brave_1968x2184.sdr.png	s4	6	44	7948	176.56102300679777	183.48199999999792	64.017	
8000-lilith-mobile-screenshots	imazen-26-png-v3/png-v3/8000-lilith-mobile-screenshots/8000_mobile-screenshots_imageflow-server_screenshot-20260526-065435-brave_1968x2184.sdr.png	s6	6	20	13183	161.47993299819063	168.72299999999996	88.730	
8000-lilith-mobile-screenshots	imazen-26-png-v3/png-v3/8000-lilith-mobile-screenshots/8000_mobile-screenshots_imageflow-server_screenshot-20260526-065435-brave_1968x2184.sdr.png	s6	6	32	10466	195.85504099086393	225.26999999999475	79.931	
8000-lilith-mobile-screenshots	imazen-26-png-v3/png-v3/8000-lilith-mobile-screenshots/8000_mobile-screenshots_imageflow-server_screenshot-20260526-065435-brave_1968x2184.sdr.png	s6	6	44	8252	604.4935620011529	299.4559999999993	67.172	
8000-lilith-mobile-screenshots	imazen-26-png-v3/png-v3/8000-lilith-mobile-screenshots/8000_mobile-screenshots_imageflow-server_screenshot-20260526-065435-brave_1968x2184.sdr.png	s4	8	20	14165	222.02209300303366	137.75899999999552	87.259	
8000-lilith-mobile-screenshots	imazen-26-png-v3/png-v3/8000-lilith-mobile-screenshots/8000_mobile-screenshots_imageflow-server_screenshot-20260526-065435-brave_1968x2184.sdr.png	s4	8	32	11542	185.81631800043397	69.36399999998599	75.805	
8000-lilith-mobile-screenshots	imazen-26-png-v3/png-v3/8000-lilith-mobile-screenshots/8000_mobile-screenshots_imageflow-server_screenshot-20260526-065435-brave_1968x2184.sdr.png	s4	8	44	7487	392.7472729992587	139.78099999998506	62.458	
8000-lilith-mobile-screenshots	imazen-26-png-v3/png-v3/8000-lilith-mobile-screenshots/8000_mobile-screenshots_imageflow-server_screenshot-20260526-065435-brave_1968x2184.sdr.png	s6	8	20	14822	362.11811800603755	185.96100000002025	87.516	
8000-lilith-mobile-screenshots	imazen-26-png-v3/png-v3/8000-lilith-mobile-screenshots/8000_mobile-screenshots_imageflow-server_screenshot-20260526-065435-brave_1968x2184.sdr.png	s6	8	32	12022	259.9360029998934	81.3309999999845	77.491	
8000-lilith-mobile-screenshots	imazen-26-png-v3/png-v3/8000-lilith-mobile-screenshots/8000_mobile-screenshots_imageflow-server_screenshot-20260526-065435-brave_1968x2184.sdr.png	s6	8	44	7896	206.54920001106802	158.09899999999288	63.852	
8000-lilith-mobile-screenshots	imazen-26-png-v3/png-v3/8000-lilith-mobile-screenshots/8000_mobile-screenshots_imageflow-server_screenshot-20260526-065435-brave_1968x2184.sdr.png	s4	10	20	13830	205.18008999351878	113.17100000000124	86.169	
8000-lilith-mobile-screenshots	imazen-26-png-v3/png-v3/8000-lilith-mobile-screenshots/8000_mobile-screenshots_imageflow-server_screenshot-20260526-065435-brave_1968x2184.sdr.png	s4	10	32	11734	281.06776300410274	80.44500000000454	76.940	
8000-lilith-mobile-screenshots	imazen-26-png-v3/png-v3/8000-lilith-mobile-screenshots/8000_mobile-screenshots_imageflow-server_screenshot-20260526-065435-brave_1968x2184.sdr.png	s4	10	44	7357	460.4604319902137	193.48600000000715	64.286	
8000-lilith-mobile-screenshots	imazen-26-png-v3/png-v3/8000-lilith-mobile-screenshots/8000_mobile-screenshots_imageflow-server_screenshot-20260526-065435-brave_1968x2184.sdr.png	s6	10	20	14572	300.8198019961128	106.98699999999661	87.313	
8000-lilith-mobile-screenshots	imazen-26-png-v3/png-v3/8000-lilith-mobile-screenshots/8000_mobile-screenshots_imageflow-server_screenshot-20260526-065435-brave_1968x2184.sdr.png	s6	10	32	12108	447.4435129959602	159.62200000001303	78.078	
8000-lilith-mobile-screenshots	imazen-26-png-v3/png-v3/8000-lilith-mobile-screenshots/8000_mobile-screenshots_imageflow-server_screenshot-20260526-065435-brave_1968x2184.sdr.png	s6	10	44	7761	289.23802700592205	70.64500000001317	65.657	
8000-lilith-mobile-screenshots	imazen-26-png-v3/png-v3/8000-lilith-mobile-screenshots/8012_mobile-screenshots_on-screen-keyboard_screenshot-20260526-070935-calculator_1080x2520.sdr.png	s4	4	20	2297	260.87048699264415	121.52900000000955	89.738	
8000-lilith-mobile-screenshots	imazen-26-png-v3/png-v3/8000-lilith-mobile-screenshots/8012_mobile-screenshots_on-screen-keyboard_screenshot-20260526-070935-calculator_1080x2520.sdr.png	s4	4	32	1743	275.9272900002543	214.46000000000254	84.421	
8000-lilith-mobile-screenshots	imazen-26-png-v3/png-v3/8000-lilith-mobile-screenshots/8012_mobile-screenshots_on-screen-keyboard_screenshot-20260526-070935-calculator_1080x2520.sdr.png	s4	4	44	1202	411.85562999453396	195.61000000000206	72.082	
8000-lilith-mobile-screenshots	imazen-26-png-v3/png-v3/8000-lilith-mobile-screenshots/8012_mobile-screenshots_on-screen-keyboard_screenshot-20260526-070935-calculator_1080x2520.sdr.png	s6	4	20	2823	595.9553389984649	292.1649999999829	91.167	
8000-lilith-mobile-screenshots	imazen-26-png-v3/png-v3/8000-lilith-mobile-screenshots/8012_mobile-screenshots_on-screen-keyboard_screenshot-20260526-070935-calculator_1080x2520.sdr.png	s6	4	32	2005	206.71105801011436	539.3049999999917	87.987	
8000-lilith-mobile-screenshots	imazen-26-png-v3/png-v3/8000-lilith-mobile-screenshots/8012_mobile-screenshots_on-screen-keyboard_screenshot-20260526-070935-calculator_1080x2520.sdr.png	s6	4	44	1415	176.090036999085	447.8859999999969	79.298	
8000-lilith-mobile-screenshots	imazen-26-png-v3/png-v3/8000-lilith-mobile-screenshots/8012_mobile-screenshots_on-screen-keyboard_screenshot-20260526-070935-calculator_1080x2520.sdr.png	s4	6	20	3593	92.79793500900269	34.34000000000026	90.453	
8000-lilith-mobile-screenshots	imazen-26-png-v3/png-v3/8000-lilith-mobile-screenshots/8012_mobile-screenshots_on-screen-keyboard_screenshot-20260526-070935-calculator_1080x2520.sdr.png	s4	6	32	2768	193.8740399928065	395.2030000000093	87.373	
8000-lilith-mobile-screenshots	imazen-26-png-v3/png-v3/8000-lilith-mobile-screenshots/8012_mobile-screenshots_on-screen-keyboard_screenshot-20260526-070935-calculator_1080x2520.sdr.png	s4	6	44	2174	68.78195800527465	266.98100000001546	76.836	
8000-lilith-mobile-screenshots	imazen-26-png-v3/png-v3/8000-lilith-mobile-screenshots/8012_mobile-screenshots_on-screen-keyboard_screenshot-20260526-070935-calculator_1080x2520.sdr.png	s6	6	20	3876	53.46982000628486	296.2980000000073	92.183	
8000-lilith-mobile-screenshots	imazen-26-png-v3/png-v3/8000-lilith-mobile-screenshots/8012_mobile-screenshots_on-screen-keyboard_screenshot-20260526-070935-calculator_1080x2520.sdr.png	s6	6	32	3051	253.63563800056	253.66400000000766	88.639	
8000-lilith-mobile-screenshots	imazen-26-png-v3/png-v3/8000-lilith-mobile-screenshots/8012_mobile-screenshots_on-screen-keyboard_screenshot-20260526-070935-calculator_1080x2520.sdr.png	s6	6	44	2320	46.62258698954247	96.83599999999615	79.243	
8000-lilith-mobile-screenshots	imazen-26-png-v3/png-v3/8000-lilith-mobile-screenshots/8012_mobile-screenshots_on-screen-keyboard_screenshot-20260526-070935-calculator_1080x2520.sdr.png	s4	8	20	3776	117.81339898880105	62.08100000000627	92.172	
8000-lilith-mobile-screenshots	imazen-26-png-v3/png-v3/8000-lilith-mobile-screenshots/8012_mobile-screenshots_on-screen-keyboard_screenshot-20260526-070935-calculator_1080x2520.sdr.png	s4	8	32	3378	304.575202986598	51.41499999999155	86.259	
8000-lilith-mobile-screenshots	imazen-26-png-v3/png-v3/8000-lilith-mobile-screenshots/8012_mobile-screenshots_on-screen-keyboard_screenshot-20260526-070935-calculator_1080x2520.sdr.png	s4	8	44	2171	315.5757630011067	135.2549999999937	77.476	
8000-lilith-mobile-screenshots	imazen-26-png-v3/png-v3/8000-lilith-mobile-screenshots/8012_mobile-screenshots_on-screen-keyboard_screenshot-20260526-070935-calculator_1080x2520.sdr.png	s6	8	20	4036	194.49369599169586	78.79299999999034	92.565	
8000-lilith-mobile-screenshots	imazen-26-png-v3/png-v3/8000-lilith-mobile-screenshots/8012_mobile-screenshots_on-screen-keyboard_screenshot-20260526-070935-calculator_1080x2520.sdr.png	s6	8	32	3499	395.00983999460004	147.04100000000153	86.988	
8000-lilith-mobile-screenshots	imazen-26-png-v3/png-v3/8000-lilith-mobile-screenshots/8012_mobile-screenshots_on-screen-keyboard_screenshot-20260526-070935-calculator_1080x2520.sdr.png	s6	8	44	2517	392.55405600124504	193.12300000000704	79.541	
8000-lilith-mobile-screenshots	imazen-26-png-v3/png-v3/8000-lilith-mobile-screenshots/8012_mobile-screenshots_on-screen-keyboard_screenshot-20260526-070935-calculator_1080x2520.sdr.png	s4	10	20	3816	224.5423300046241	103.89400000000393	90.791	
8000-lilith-mobile-screenshots	imazen-26-png-v3/png-v3/8000-lilith-mobile-screenshots/8012_mobile-screenshots_on-screen-keyboard_screenshot-20260526-070935-calculator_1080x2520.sdr.png	s4	10	32	3539	222.71058098704088	90.89200000001796	86.138	
8000-lilith-mobile-screenshots	imazen-26-png-v3/png-v3/8000-lilith-mobile-screenshots/8012_mobile-screenshots_on-screen-keyboard_screenshot-20260526-070935-calculator_1080x2520.sdr.png	s4	10	44	2320	176.5157259942498	82.25899999999342	76.415	
8000-lilith-mobile-screenshots	imazen-26-png-v3/png-v3/8000-lilith-mobile-screenshots/8012_mobile-screenshots_on-screen-keyboard_screenshot-20260526-070935-calculator_1080x2520.sdr.png	s6	10	20	4055	121.5514979994623	130.20299999999452	92.187	
8000-lilith-mobile-screenshots	imazen-26-png-v3/png-v3/8000-lilith-mobile-screenshots/8012_mobile-screenshots_on-screen-keyboard_screenshot-20260526-070935-calculator_1080x2520.sdr.png	s6	10	32	3624	479.7762620000867	330.96200000001375	86.716	
8000-lilith-mobile-screenshots	imazen-26-png-v3/png-v3/8000-lilith-mobile-screenshots/8012_mobile-screenshots_on-screen-keyboard_screenshot-20260526-070935-calculator_1080x2520.sdr.png	s6	10	44	2592	382.7965660020709	276.085000000009	78.424	
8100-lilith-web-screenshots	imazen-26-png-v3/png-v3/8100-lilith-web-screenshots/1440x900/8106_web-screenshots_climate-news_dpr1_page1_1440x900.sdr.png	s4	4	20	16825	418.60625000845175	276.085000000009	84.853	
8100-lilith-web-screenshots	imazen-26-png-v3/png-v3/8100-lilith-web-screenshots/1440x900/8106_web-screenshots_climate-news_dpr1_page1_1440x900.sdr.png	s4	4	32	11709	607.4074259959161	440.91000000000946	75.694	
8100-lilith-web-screenshots	imazen-26-png-v3/png-v3/8100-lilith-web-screenshots/1440x900/8106_web-screenshots_climate-news_dpr1_page1_1440x900.sdr.png	s4	4	44	6576	643.295447996934	575.6009999999918	51.584	
8100-lilith-web-screenshots	imazen-26-png-v3/png-v3/8100-lilith-web-screenshots/1440x900/8106_web-screenshots_climate-news_dpr1_page1_1440x900.sdr.png	s6	4	20	17634	410.2101149910595	273.49500000002536	85.457	
8100-lilith-web-screenshots	imazen-26-png-v3/png-v3/8100-lilith-web-screenshots/1440x900/8106_web-screenshots_climate-news_dpr1_page1_1440x900.sdr.png	s6	4	32	12601	406.49457900144625	417.767000000012	77.619	
8100-lilith-web-screenshots	imazen-26-png-v3/png-v3/8100-lilith-web-screenshots/1440x900/8106_web-screenshots_climate-news_dpr1_page1_1440x900.sdr.png	s6	4	44	7288	338.84814800694585	644.1859999999906	57.040	
8100-lilith-web-screenshots	imazen-26-png-v3/png-v3/8100-lilith-web-screenshots/1440x900/8106_web-screenshots_climate-news_dpr1_page1_1440x900.sdr.png	s4	6	20	19371	112.24247999780346	401.2780000000191	84.919	
8100-lilith-web-screenshots	imazen-26-png-v3/png-v3/8100-lilith-web-screenshots/1440x900/8106_web-screenshots_climate-news_dpr1_page1_1440x900.sdr.png	s4	6	32	13546	123.71253200399224	319.67799999999613	76.484	
8100-lilith-web-screenshots	imazen-26-png-v3/png-v3/8100-lilith-web-screenshots/1440x900/8106_web-screenshots_climate-news_dpr1_page1_1440x900.sdr.png	s4	6	44	7648	220.90578298957553	496.82099999998286	54.068	
8100-lilith-web-screenshots	imazen-26-png-v3/png-v3/8100-lilith-web-screenshots/1440x900/8106_web-screenshots_climate-news_dpr1_page1_1440x900.sdr.png	s6	6	20	20120	185.36744599987287	318.09700000000873	85.794	
8100-lilith-web-screenshots	imazen-26-png-v3/png-v3/8100-lilith-web-screenshots/1440x900/8106_web-screenshots_climate-news_dpr1_page1_1440x900.sdr.png	s6	6	32	14246	148.88647801126353	236.40099999998654	77.963	
8100-lilith-web-screenshots	imazen-26-png-v3/png-v3/8100-lilith-web-screenshots/1440x900/8106_web-screenshots_climate-news_dpr1_page1_1440x900.sdr.png	s6	6	44	8325	369.4868320017122	391.5669999999949	55.554	
8100-lilith-web-screenshots	imazen-26-png-v3/png-v3/8100-lilith-web-screenshots/1440x900/8106_web-screenshots_climate-news_dpr1_page1_1440x900.sdr.png	s4	8	20	21123	235.89257399726193	238.70999999998332	85.006	
8100-lilith-web-screenshots	imazen-26-png-v3/png-v3/8100-lilith-web-screenshots/1440x900/8106_web-screenshots_climate-news_dpr1_page1_1440x900.sdr.png	s4	8	32	14531	76.5490880003199	116.99399999999116	75.688	
8100-lilith-web-screenshots	imazen-26-png-v3/png-v3/8100-lilith-web-screenshots/1440x900/8106_web-screenshots_climate-news_dpr1_page1_1440x900.sdr.png	s4	8	44	8323	229.56094999972265	54.21899999998914	55.213	
8100-lilith-web-screenshots	imazen-26-png-v3/png-v3/8100-lilith-web-screenshots/1440x900/8106_web-screenshots_climate-news_dpr1_page1_1440x900.sdr.png	s6	8	20	21776	321.0601480095647	47.7159999999941	85.406	
8100-lilith-web-screenshots	imazen-26-png-v3/png-v3/8100-lilith-web-screenshots/1440x900/8106_web-screenshots_climate-news_dpr1_page1_1440x900.sdr.png	s6	8	32	15217	207.42567400156986	63.071000000000765	76.279	
8100-lilith-web-screenshots	imazen-26-png-v3/png-v3/8100-lilith-web-screenshots/1440x900/8106_web-screenshots_climate-news_dpr1_page1_1440x900.sdr.png	s6	8	44	8866	93.75526200165041	61.39300000000247	58.364	
8100-lilith-web-screenshots	imazen-26-png-v3/png-v3/8100-lilith-web-screenshots/1440x900/8106_web-screenshots_climate-news_dpr1_page1_1440x900.sdr.png	s4	10	20	21464	268.16087200131733	277.46799999999183	84.930	
8100-lilith-web-screenshots	imazen-26-png-v3/png-v3/8100-lilith-web-screenshots/1440x900/8106_web-screenshots_climate-news_dpr1_page1_1440x900.sdr.png	s4	10	32	15169	200.3092109953286	183.39399999998562	75.314	
8100-lilith-web-screenshots	imazen-26-png-v3/png-v3/8100-lilith-web-screenshots/1440x900/8106_web-screenshots_climate-news_dpr1_page1_1440x900.sdr.png	s4	10	44	8487	251.37247100064997	210.8080000000072	51.775	
8100-lilith-web-screenshots	imazen-26-png-v3/png-v3/8100-lilith-web-screenshots/1440x900/8106_web-screenshots_climate-news_dpr1_page1_1440x900.sdr.png	s6	10	20	22184	421.21364100603387	228.56000000002297	85.339	
8100-lilith-web-screenshots	imazen-26-png-v3/png-v3/8100-lilith-web-screenshots/1440x900/8106_web-screenshots_climate-news_dpr1_page1_1440x900.sdr.png	s6	10	32	15899	189.07943500380497	125.85699999999633	76.089	
8100-lilith-web-screenshots	imazen-26-png-v3/png-v3/8100-lilith-web-screenshots/1440x900/8106_web-screenshots_climate-news_dpr1_page1_1440x900.sdr.png	s6	10	44	9035	107.73638301179744	145.64000000001442	53.995	
8100-lilith-web-screenshots	imazen-26-png-v3/png-v3/8100-lilith-web-screenshots/2880x1800/8267_web-screenshots_usgs-topoview_dpr2_page1_2880x1800.sdr.png	s4	4	20	22797	503.624781005783	380.7570000000098	83.565	
8100-lilith-web-screenshots	imazen-26-png-v3/png-v3/8100-lilith-web-screenshots/2880x1800/8267_web-screenshots_usgs-topoview_dpr2_page1_2880x1800.sdr.png	s4	4	32	14315	434.5618799998192	385.5119999999985	70.481	
8100-lilith-web-screenshots	imazen-26-png-v3/png-v3/8100-lilith-web-screenshots/2880x1800/8267_web-screenshots_usgs-topoview_dpr2_page1_2880x1800.sdr.png	s4	4	44	8053	635.0041830010014	1092.6340000000039	46.012	
8100-lilith-web-screenshots	imazen-26-png-v3/png-v3/8100-lilith-web-screenshots/2880x1800/8267_web-screenshots_usgs-topoview_dpr2_page1_2880x1800.sdr.png	s6	4	20	24054	487.4961030000122	792.7070000000072	84.545	
8100-lilith-web-screenshots	imazen-26-png-v3/png-v3/8100-lilith-web-screenshots/2880x1800/8267_web-screenshots_usgs-topoview_dpr2_page1_2880x1800.sdr.png	s6	4	32	15639	324.67202699626796	264.59299999999786	74.202	
8100-lilith-web-screenshots	imazen-26-png-v3/png-v3/8100-lilith-web-screenshots/2880x1800/8267_web-screenshots_usgs-topoview_dpr2_page1_2880x1800.sdr.png	s6	4	44	8674	778.3618609973928	1243.7610000000134	50.961	
8100-lilith-web-screenshots	imazen-26-png-v3/png-v3/8100-lilith-web-screenshots/2880x1800/8267_web-screenshots_usgs-topoview_dpr2_page1_2880x1800.sdr.png	s4	6	20	26486	244.0956020000158	703.4750000000116	83.849	
8100-lilith-web-screenshots	imazen-26-png-v3/png-v3/8100-lilith-web-screenshots/2880x1800/8267_web-screenshots_usgs-topoview_dpr2_page1_2880x1800.sdr.png	s4	6	32	16584	215.65952099626884	497.39100000001457	71.243	
8100-lilith-web-screenshots	imazen-26-png-v3/png-v3/8100-lilith-web-screenshots/2880x1800/8267_web-screenshots_usgs-topoview_dpr2_page1_2880x1800.sdr.png	s4	6	44	9345	369.2513739952119	776.693999999992	48.979	
8100-lilith-web-screenshots	imazen-26-png-v3/png-v3/8100-lilith-web-screenshots/2880x1800/8267_web-screenshots_usgs-topoview_dpr2_page1_2880x1800.sdr.png	s6	6	20	27412	236.71423499763478	362.4279999999942	84.920	
8100-lilith-web-screenshots	imazen-26-png-v3/png-v3/8100-lilith-web-screenshots/2880x1800/8267_web-screenshots_usgs-topoview_dpr2_page1_2880x1800.sdr.png	s6	6	32	17953	215.37444900604896	362.4279999999942	74.317	
8100-lilith-web-screenshots	imazen-26-png-v3/png-v3/8100-lilith-web-screenshots/2880x1800/8267_web-screenshots_usgs-topoview_dpr2_page1_2880x1800.sdr.png	s6	6	44	9878	164.07637399970554	191.17199999999457	52.657	
8100-lilith-web-screenshots	imazen-26-png-v3/png-v3/8100-lilith-web-screenshots/2880x1800/8267_web-screenshots_usgs-topoview_dpr2_page1_2880x1800.sdr.png	s4	8	20	27943	138.63278599455953	383.2689999999914	83.857	
8100-lilith-web-screenshots	imazen-26-png-v3/png-v3/8100-lilith-web-screenshots/2880x1800/8267_web-screenshots_usgs-topoview_dpr2_page1_2880x1800.sdr.png	s4	8	32	18570	498.3387929969467	128.03199999999038	73.188	
8100-lilith-web-screenshots	imazen-26-png-v3/png-v3/8100-lilith-web-screenshots/2880x1800/8267_web-screenshots_usgs-topoview_dpr2_page1_2880x1800.sdr.png	s4	8	44	9852	566.9061730004614	203.34700000000794	49.705	
8100-lilith-web-screenshots	imazen-26-png-v3/png-v3/8100-lilith-web-screenshots/2880x1800/8267_web-screenshots_usgs-topoview_dpr2_page1_2880x1800.sdr.png	s6	8	20	28925	293.1176349957241	137.44599999997575	84.912	
8100-lilith-web-screenshots	imazen-26-png-v3/png-v3/8100-lilith-web-screenshots/2880x1800/8267_web-screenshots_usgs-topoview_dpr2_page1_2880x1800.sdr.png	s6	8	32	19311	277.7894169994397	178.6080000000041	74.402	
8100-lilith-web-screenshots	imazen-26-png-v3/png-v3/8100-lilith-web-screenshots/2880x1800/8267_web-screenshots_usgs-topoview_dpr2_page1_2880x1800.sdr.png	s6	8	44	10409	158.34905799420085	182.36699999997796	51.730	
8100-lilith-web-screenshots	imazen-26-png-v3/png-v3/8100-lilith-web-screenshots/2880x1800/8267_web-screenshots_usgs-topoview_dpr2_page1_2880x1800.sdr.png	s4	10	20	29465	196.20619900524616	144.2920000000001	83.764	
8100-lilith-web-screenshots	imazen-26-png-v3/png-v3/8100-lilith-web-screenshots/2880x1800/8267_web-screenshots_usgs-topoview_dpr2_page1_2880x1800.sdr.png	s4	10	32	19130	221.3136069913162	116.66100000001478	72.673	
8100-lilith-web-screenshots	imazen-26-png-v3/png-v3/8100-lilith-web-screenshots/2880x1800/8267_web-screenshots_usgs-topoview_dpr2_page1_2880x1800.sdr.png	s4	10	44	10251	231.71454899420496	236.57599999998524	48.402	
8100-lilith-web-screenshots	imazen-26-png-v3/png-v3/8100-lilith-web-screenshots/2880x1800/8267_web-screenshots_usgs-topoview_dpr2_page1_2880x1800.sdr.png	s6	10	20	30293	123.93996398895979	196.3489999999979	84.316	
8100-lilith-web-screenshots	imazen-26-png-v3/png-v3/8100-lilith-web-screenshots/2880x1800/8267_web-screenshots_usgs-topoview_dpr2_page1_2880x1800.sdr.png	s6	10	32	19922	185.40646000474226	212.82100000001236	73.833	
8100-lilith-web-screenshots	imazen-26-png-v3/png-v3/8100-lilith-web-screenshots/2880x1800/8267_web-screenshots_usgs-topoview_dpr2_page1_2880x1800.sdr.png	s6	10	44	10795	127.7545379998628	120.58699999999334	50.348	
9000-lilith-ai-clipart	imazen-26-png-v3/png-v3/9000-lilith-ai-clipart/9036_gen_clipart_laptop-coffee_1024x1024.sdr.png	s4	4	20	12707	232.10346899577416	318.6499999999839	86.538	
9000-lilith-ai-clipart	imazen-26-png-v3/png-v3/9000-lilith-ai-clipart/9036_gen_clipart_laptop-coffee_1024x1024.sdr.png	s4	4	32	8188	172.02239300240763	347.2630000000052	78.896	
9000-lilith-ai-clipart	imazen-26-png-v3/png-v3/9000-lilith-ai-clipart/9036_gen_clipart_laptop-coffee_1024x1024.sdr.png	s4	4	44	4640	575.1134189922595	369.1400000000087	66.185	
9000-lilith-ai-clipart	imazen-26-png-v3/png-v3/9000-lilith-ai-clipart/9036_gen_clipart_laptop-coffee_1024x1024.sdr.png	s6	4	20	13221	493.76813300477806	298.41600000001733	87.828	
9000-lilith-ai-clipart	imazen-26-png-v3/png-v3/9000-lilith-ai-clipart/9036_gen_clipart_laptop-coffee_1024x1024.sdr.png	s6	4	32	8650	441.86911699944176	298.41600000001733	81.535	
9000-lilith-ai-clipart	imazen-26-png-v3/png-v3/9000-lilith-ai-clipart/9036_gen_clipart_laptop-coffee_1024x1024.sdr.png	s6	4	44	4883	272.7631720044883	103.63100000000003	67.249	
9000-lilith-ai-clipart	imazen-26-png-v3/png-v3/9000-lilith-ai-clipart/9036_gen_clipart_laptop-coffee_1024x1024.sdr.png	s4	6	20	16666	314.21008899633307	202.0289999999889	86.588	
9000-lilith-ai-clipart	imazen-26-png-v3/png-v3/9000-lilith-ai-clipart/9036_gen_clipart_laptop-coffee_1024x1024.sdr.png	s4	6	32	11410	434.1215430031298	249.41100000000915	79.116	
9000-lilith-ai-clipart	imazen-26-png-v3/png-v3/9000-lilith-ai-clipart/9036_gen_clipart_laptop-coffee_1024x1024.sdr.png	s4	6	44	6809	239.64876699028537	102.31300000000942	63.924	
9000-lilith-ai-clipart	imazen-26-png-v3/png-v3/9000-lilith-ai-clipart/9036_gen_clipart_laptop-coffee_1024x1024.sdr.png	s6	6	20	17142	187.18058901140466	177.41100000001353	88.141	
9000-lilith-ai-clipart	imazen-26-png-v3/png-v3/9000-lilith-ai-clipart/9036_gen_clipart_laptop-coffee_1024x1024.sdr.png	s6	6	32	11798	131.33156100229826	143.03700000001385	80.362	
9000-lilith-ai-clipart	imazen-26-png-v3/png-v3/9000-lilith-ai-clipart/9036_gen_clipart_laptop-coffee_1024x1024.sdr.png	s6	6	44	7049	224.81211200647522	93.60199999998287	65.826	
9000-lilith-ai-clipart	imazen-26-png-v3/png-v3/9000-lilith-ai-clipart/9036_gen_clipart_laptop-coffee_1024x1024.sdr.png	s4	8	20	17815	316.6747109935386	112.4590000000083	86.054	
9000-lilith-ai-clipart	imazen-26-png-v3/png-v3/9000-lilith-ai-clipart/9036_gen_clipart_laptop-coffee_1024x1024.sdr.png	s4	8	32	12273	261.1815679993015	99.12700000000285	78.320	
9000-lilith-ai-clipart	imazen-26-png-v3/png-v3/9000-lilith-ai-clipart/9036_gen_clipart_laptop-coffee_1024x1024.sdr.png	s4	8	44	7161	336.4337329985574	157.16900000000322	63.459	
9000-lilith-ai-clipart	imazen-26-png-v3/png-v3/9000-lilith-ai-clipart/9036_gen_clipart_laptop-coffee_1024x1024.sdr.png	s6	8	20	18198	195.6694399996195	122.63200000000296	85.996	
9000-lilith-ai-clipart	imazen-26-png-v3/png-v3/9000-lilith-ai-clipart/9036_gen_clipart_laptop-coffee_1024x1024.sdr.png	s6	8	32	12503	401.7878010054119	77.88700000001114	78.328	
9000-lilith-ai-clipart	imazen-26-png-v3/png-v3/9000-lilith-ai-clipart/9036_gen_clipart_laptop-coffee_1024x1024.sdr.png	s6	8	44	7310	359.25185499945655	100.4079999999874	63.310	
9000-lilith-ai-clipart	imazen-26-png-v3/png-v3/9000-lilith-ai-clipart/9036_gen_clipart_laptop-coffee_1024x1024.sdr.png	s4	10	20	19649	138.24470899999142	22.037999999994895	84.810	
9000-lilith-ai-clipart	imazen-26-png-v3/png-v3/9000-lilith-ai-clipart/9036_gen_clipart_laptop-coffee_1024x1024.sdr.png	s4	10	32	13160	122.36400099936873	71.2920000000139	77.067	
9000-lilith-ai-clipart	imazen-26-png-v3/png-v3/9000-lilith-ai-clipart/9036_gen_clipart_laptop-coffee_1024x1024.sdr.png	s4	10	44	7499	237.78912500711158	20.952999999998667	61.761	
9000-lilith-ai-clipart	imazen-26-png-v3/png-v3/9000-lilith-ai-clipart/9036_gen_clipart_laptop-coffee_1024x1024.sdr.png	s6	10	20	19959	71.67883899819572	22.99299999999249	85.192	
9000-lilith-ai-clipart	imazen-26-png-v3/png-v3/9000-lilith-ai-clipart/9036_gen_clipart_laptop-coffee_1024x1024.sdr.png	s6	10	32	13327	122.89573100861162	38.80799999999596	77.114	
9000-lilith-ai-clipart	imazen-26-png-v3/png-v3/9000-lilith-ai-clipart/9036_gen_clipart_laptop-coffee_1024x1024.sdr.png	s6	10	44	7643	179.5740340021439	20.43799999999152	61.501	
9000-lilith-ai-clipart	imazen-26-png-v3/png-v3/9000-lilith-ai-clipart/9070_gen_clipart_sunflower-cheerful_1024x1536.sdr.png	s4	4	20	10409	470.61694899457507	404.4679999999943	86.398	
9000-lilith-ai-clipart	imazen-26-png-v3/png-v3/9000-lilith-ai-clipart/9070_gen_clipart_sunflower-cheerful_1024x1536.sdr.png	s4	4	32	6495	240.89872000331525	190.2069999999938	80.696	
9000-lilith-ai-clipart	imazen-26-png-v3/png-v3/9000-lilith-ai-clipart/9070_gen_clipart_sunflower-cheerful_1024x1536.sdr.png	s4	4	44	3658	251.86426400614437	524.7039999999998	64.440	
9000-lilith-ai-clipart	imazen-26-png-v3/png-v3/9000-lilith-ai-clipart/9070_gen_clipart_sunflower-cheerful_1024x1536.sdr.png	s6	4	20	11430	224.90865500003565	430.1580000000058	86.939	
9000-lilith-ai-clipart	imazen-26-png-v3/png-v3/9000-lilith-ai-clipart/9070_gen_clipart_sunflower-cheerful_1024x1536.sdr.png	s6	4	32	7408	256.56853801046964	668.7219999999954	82.258	
9000-lilith-ai-clipart	imazen-26-png-v3/png-v3/9000-lilith-ai-clipart/9070_gen_clipart_sunflower-cheerful_1024x1536.sdr.png	s6	4	44	4226	263.75734999601264	639.4449999999879	68.252	
9000-lilith-ai-clipart	imazen-26-png-v3/png-v3/9000-lilith-ai-clipart/9070_gen_clipart_sunflower-cheerful_1024x1536.sdr.png	s4	6	20	15293	176.37985800683964	432.5900000000047	87.135	
9000-lilith-ai-clipart	imazen-26-png-v3/png-v3/9000-lilith-ai-clipart/9070_gen_clipart_sunflower-cheerful_1024x1536.sdr.png	s4	6	32	9973	134.87098200130276	610.634999999995	82.182	
9000-lilith-ai-clipart	imazen-26-png-v3/png-v3/9000-lilith-ai-clipart/9070_gen_clipart_sunflower-cheerful_1024x1536.sdr.png	s4	6	44	5941	344.19436000462156	514.1959999999841	67.091	
9000-lilith-ai-clipart	imazen-26-png-v3/png-v3/9000-lilith-ai-clipart/9070_gen_clipart_sunflower-cheerful_1024x1536.sdr.png	s6	6	20	16068	215.11135999753606	236.39299999998542	87.624	
9000-lilith-ai-clipart	imazen-26-png-v3/png-v3/9000-lilith-ai-clipart/9070_gen_clipart_sunflower-cheerful_1024x1536.sdr.png	s6	6	32	10897	250.48026601143647	83.97099999999824	82.874	
9000-lilith-ai-clipart	imazen-26-png-v3/png-v3/9000-lilith-ai-clipart/9070_gen_clipart_sunflower-cheerful_1024x1536.sdr.png	s6	6	44	6445	107.63691400643438	86.76599999999723	71.024	
9000-lilith-ai-clipart	imazen-26-png-v3/png-v3/9000-lilith-ai-clipart/9070_gen_clipart_sunflower-cheerful_1024x1536.sdr.png	s4	8	20	17262	496.23360599798616	31.72100000000455	86.795	
9000-lilith-ai-clipart	imazen-26-png-v3/png-v3/9000-lilith-ai-clipart/9070_gen_clipart_sunflower-cheerful_1024x1536.sdr.png	s4	8	32	11465	180.77762000029907	64.21000000000276	81.141	
9000-lilith-ai-clipart	imazen-26-png-v3/png-v3/9000-lilith-ai-clipart/9070_gen_clipart_sunflower-cheerful_1024x1536.sdr.png	s4	8	44	6777	52.07048299780581	60.83599999999478	66.405	
9000-lilith-ai-clipart	imazen-26-png-v3/png-v3/9000-lilith-ai-clipart/9070_gen_clipart_sunflower-cheerful_1024x1536.sdr.png	s6	8	20	17813	318.2654509873828	346.9870000000128	87.132	
9000-lilith-ai-clipart	imazen-26-png-v3/png-v3/9000-lilith-ai-clipart/9070_gen_clipart_sunflower-cheerful_1024x1536.sdr.png	s6	8	32	12068	216.66479000123218	207.71000000001294	82.061	
9000-lilith-ai-clipart	imazen-26-png-v3/png-v3/9000-lilith-ai-clipart/9070_gen_clipart_sunflower-cheerful_1024x1536.sdr.png	s6	8	44	7189	226.49344499222934	196.2429999999955	69.143	
9000-lilith-ai-clipart	imazen-26-png-v3/png-v3/9000-lilith-ai-clipart/9070_gen_clipart_sunflower-cheerful_1024x1536.sdr.png	s4	10	20	19011	134.23601699469145	62.042000000012365	86.440	
9000-lilith-ai-clipart	imazen-26-png-v3/png-v3/9000-lilith-ai-clipart/9070_gen_clipart_sunflower-cheerful_1024x1536.sdr.png	s4	10	32	12868	214.22435500426218	153.67499999998557	80.358	
9000-lilith-ai-clipart	imazen-26-png-v3/png-v3/9000-lilith-ai-clipart/9070_gen_clipart_sunflower-cheerful_1024x1536.sdr.png	s4	10	44	7491	154.42134799377527	83.31900000001013	66.138	
9000-lilith-ai-clipart	imazen-26-png-v3/png-v3/9000-lilith-ai-clipart/9070_gen_clipart_sunflower-cheerful_1024x1536.sdr.png	s6	10	20	19531	269.80892100255005	160.5119999999971	86.978	
9000-lilith-ai-clipart	imazen-26-png-v3/png-v3/9000-lilith-ai-clipart/9070_gen_clipart_sunflower-cheerful_1024x1536.sdr.png	s6	10	32	13553	411.79642800125293	22.97899999999231	81.793	
9000-lilith-ai-clipart	imazen-26-png-v3/png-v3/9000-lilith-ai-clipart/9070_gen_clipart_sunflower-cheerful_1024x1536.sdr.png	s6	10	44	7856	435.05852299858816	534.7420000000013	69.013	
9094-lilith-ai-illustrations	imazen-26-png-v3/png-v3/9094-lilith-ai-illustrations/9100_gen_illustrations_bath-candles-evening_1024x1536.sdr.png	s4	4	20	45154	291.13393800798804	314.3360000000044	78.067	
9094-lilith-ai-illustrations	imazen-26-png-v3/png-v3/9094-lilith-ai-illustrations/9100_gen_illustrations_bath-candles-evening_1024x1536.sdr.png	s4	4	32	22819	365.727472002618	632.5070000000253	62.615	
9094-lilith-ai-illustrations	imazen-26-png-v3/png-v3/9094-lilith-ai-illustrations/9100_gen_illustrations_bath-candles-evening_1024x1536.sdr.png	s4	4	44	7010	375.18305898993276	591.7990000000159	24.770	
9094-lilith-ai-illustrations	imazen-26-png-v3/png-v3/9094-lilith-ai-illustrations/9100_gen_illustrations_bath-candles-evening_1024x1536.sdr.png	s6	4	20	46666	355.8079750073375	853.605999999992	78.683	
9094-lilith-ai-illustrations	imazen-26-png-v3/png-v3/9094-lilith-ai-illustrations/9100_gen_illustrations_bath-candles-evening_1024x1536.sdr.png	s6	4	32	25919	307.44322900136467	723.0729999999924	65.874	
9094-lilith-ai-illustrations	imazen-26-png-v3/png-v3/9094-lilith-ai-illustrations/9100_gen_illustrations_bath-candles-evening_1024x1536.sdr.png	s6	4	44	9113	256.4419970003655	603.0660000000125	34.223	
9094-lilith-ai-illustrations	imazen-26-png-v3/png-v3/9094-lilith-ai-illustrations/9100_gen_illustrations_bath-candles-evening_1024x1536.sdr.png	s4	6	20	46704	175.9871319954982	394.1629999999918	78.106	
9094-lilith-ai-illustrations	imazen-26-png-v3/png-v3/9094-lilith-ai-illustrations/9100_gen_illustrations_bath-candles-evening_1024x1536.sdr.png	s4	6	32	25001	119.16124899289571	97.25099999999998	63.746	
9094-lilith-ai-illustrations	imazen-26-png-v3/png-v3/9094-lilith-ai-illustrations/9100_gen_illustrations_bath-candles-evening_1024x1536.sdr.png	s4	6	44	8078	199.102208003751	561.4450000000134	24.993	
9094-lilith-ai-illustrations	imazen-26-png-v3/png-v3/9094-lilith-ai-illustrations/9100_gen_illustrations_bath-candles-evening_1024x1536.sdr.png	s6	6	20	47970	186.4633369987132	285.2919999999912	78.610	
9094-lilith-ai-illustrations	imazen-26-png-v3/png-v3/9094-lilith-ai-illustrations/9100_gen_illustrations_bath-candles-evening_1024x1536.sdr.png	s6	6	32	27552	532.7662209892878	100.88100000000821	66.731	
9094-lilith-ai-illustrations	imazen-26-png-v3/png-v3/9094-lilith-ai-illustrations/9100_gen_illustrations_bath-candles-evening_1024x1536.sdr.png	s6	6	44	9909	517.2380830044858	118.95800000000634	34.403	
9094-lilith-ai-illustrations	imazen-26-png-v3/png-v3/9094-lilith-ai-illustrations/9100_gen_illustrations_bath-candles-evening_1024x1536.sdr.png	s4	8	20	48325	145.99803199234884	213.48700000000775	78.250	
9094-lilith-ai-illustrations	imazen-26-png-v3/png-v3/9094-lilith-ai-illustrations/9100_gen_illustrations_bath-candles-evening_1024x1536.sdr.png	s4	8	32	26477	52.67460999311879	93.63699999999398	64.447	
9094-lilith-ai-illustrations	imazen-26-png-v3/png-v3/9094-lilith-ai-illustrations/9100_gen_illustrations_bath-candles-evening_1024x1536.sdr.png	s4	8	44	8883	94.85764600685798	180.22500000000008	28.729	
9094-lilith-ai-illustrations	imazen-26-png-v3/png-v3/9094-lilith-ai-illustrations/9100_gen_illustrations_bath-candles-evening_1024x1536.sdr.png	s6	8	20	49611	155.10580899717752	327.24200000000536	78.755	
9094-lilith-ai-illustrations	imazen-26-png-v3/png-v3/9094-lilith-ai-illustrations/9100_gen_illustrations_bath-candles-evening_1024x1536.sdr.png	s6	8	32	28716	82.69523899070919	155.39300000000367	66.748	
9094-lilith-ai-illustrations	imazen-26-png-v3/png-v3/9094-lilith-ai-illustrations/9100_gen_illustrations_bath-candles-evening_1024x1536.sdr.png	s6	8	44	10635	63.26750600419473	144.64799999999656	36.495	
9094-lilith-ai-illustrations	imazen-26-png-v3/png-v3/9094-lilith-ai-illustrations/9100_gen_illustrations_bath-candles-evening_1024x1536.sdr.png	s4	10	20	48313	109.50378900452051	227.27100000000178	78.155	
9094-lilith-ai-illustrations	imazen-26-png-v3/png-v3/9094-lilith-ai-illustrations/9100_gen_illustrations_bath-candles-evening_1024x1536.sdr.png	s4	10	32	26689	191.4956330001587	191.30899999999684	64.767	
9094-lilith-ai-illustrations	imazen-26-png-v3/png-v3/9094-lilith-ai-illustrations/9100_gen_illustrations_bath-candles-evening_1024x1536.sdr.png	s4	10	44	8950	165.40581799927168	191.30899999999684	29.162	
9094-lilith-ai-illustrations	imazen-26-png-v3/png-v3/9094-lilith-ai-illustrations/9100_gen_illustrations_bath-candles-evening_1024x1536.sdr.png	s6	10	20	49624	87.1082999947248	120.48700000000423	78.618	
9094-lilith-ai-illustrations	imazen-26-png-v3/png-v3/9094-lilith-ai-illustrations/9100_gen_illustrations_bath-candles-evening_1024x1536.sdr.png	s6	10	32	28834	154.34428199660033	104.19800000000379	66.967	
9094-lilith-ai-illustrations	imazen-26-png-v3/png-v3/9094-lilith-ai-illustrations/9100_gen_illustrations_bath-candles-evening_1024x1536.sdr.png	s6	10	44	10697	354.6981679974124	71.88500000000175	36.325	
9094-lilith-ai-illustrations	imazen-26-png-v3/png-v3/9094-lilith-ai-illustrations/9135_gen_illustrations_old-fisherman-river_1024x1536.sdr.png	s4	4	20	52875	409.4709919882007	283.2299999999961	77.478	
9094-lilith-ai-illustrations	imazen-26-png-v3/png-v3/9094-lilith-ai-illustrations/9135_gen_illustrations_old-fisherman-river_1024x1536.sdr.png	s4	4	32	28323	432.277661995613	789.5179999999868	61.719	
9094-lilith-ai-illustrations	imazen-26-png-v3/png-v3/9094-lilith-ai-illustrations/9135_gen_illustrations_old-fisherman-river_1024x1536.sdr.png	s4	4	44	10149	420.79232100513764	337.38299999998844	21.046	
9094-lilith-ai-illustrations	imazen-26-png-v3/png-v3/9094-lilith-ai-illustrations/9135_gen_illustrations_old-fisherman-river_1024x1536.sdr.png	s6	4	20	54100	437.4504849984078	1091.5210000000072	78.321	
9094-lilith-ai-illustrations	imazen-26-png-v3/png-v3/9094-lilith-ai-illustrations/9135_gen_illustrations_old-fisherman-river_1024x1536.sdr.png	s6	4	32	30577	433.1201719905948	1631.073999999991	64.246	
9094-lilith-ai-illustrations	imazen-26-png-v3/png-v3/9094-lilith-ai-illustrations/9135_gen_illustrations_old-fisherman-river_1024x1536.sdr.png	s6	4	44	11873	331.64962798764464	1358.60499999999	28.330	
9094-lilith-ai-illustrations	imazen-26-png-v3/png-v3/9094-lilith-ai-illustrations/9135_gen_illustrations_old-fisherman-river_1024x1536.sdr.png	s4	6	20	54717	242.53970698919147	585.5029999999886	77.684	
9094-lilith-ai-illustrations	imazen-26-png-v3/png-v3/9094-lilith-ai-illustrations/9135_gen_illustrations_old-fisherman-river_1024x1536.sdr.png	s4	6	32	30044	196.9563839957118	621.2259999999858	63.000	
9094-lilith-ai-illustrations	imazen-26-png-v3/png-v3/9094-lilith-ai-illustrations/9135_gen_illustrations_old-fisherman-river_1024x1536.sdr.png	s4	6	44	11230	225.71769199566916	1043.565000000008	23.180	
9094-lilith-ai-illustrations	imazen-26-png-v3/png-v3/9094-lilith-ai-illustrations/9135_gen_illustrations_old-fisherman-river_1024x1536.sdr.png	s6	6	20	55779	140.6668089912273	997.1690000000067	78.269	
9094-lilith-ai-illustrations	imazen-26-png-v3/png-v3/9094-lilith-ai-illustrations/9135_gen_illustrations_old-fisherman-river_1024x1536.sdr.png	s6	6	32	31955	170.4298989934614	514.6170000000084	64.864	
9094-lilith-ai-illustrations	imazen-26-png-v3/png-v3/9094-lilith-ai-illustrations/9135_gen_illustrations_old-fisherman-river_1024x1536.sdr.png	s6	6	44	12744	128.66987599409185	264.9009999999947	28.932	
9094-lilith-ai-illustrations	imazen-26-png-v3/png-v3/9094-lilith-ai-illustrations/9135_gen_illustrations_old-fisherman-river_1024x1536.sdr.png	s4	8	20	58477	224.84813000482973	185.02399999999852	77.926	
9094-lilith-ai-illustrations	imazen-26-png-v3/png-v3/9094-lilith-ai-illustrations/9135_gen_illustrations_old-fisherman-river_1024x1536.sdr.png	s4	8	32	32484	125.06305699935183	135.8900000000247	63.092	
9094-lilith-ai-illustrations	imazen-26-png-v3/png-v3/9094-lilith-ai-illustrations/9135_gen_illustrations_old-fisherman-river_1024x1536.sdr.png	s4	8	44	12170	55.15027198998723	194.2810000000179	25.394	
9094-lilith-ai-illustrations	imazen-26-png-v3/png-v3/9094-lilith-ai-illustrations/9135_gen_illustrations_old-fisherman-river_1024x1536.sdr.png	s6	8	20	59374	103.43317099614069	337.35999999998967	78.158	
9094-lilith-ai-illustrations	imazen-26-png-v3/png-v3/9094-lilith-ai-illustrations/9135_gen_illustrations_old-fisherman-river_1024x1536.sdr.png	s6	8	32	34248	77.54896600090433	258.44199999998096	64.879	
9094-lilith-ai-illustrations	imazen-26-png-v3/png-v3/9094-lilith-ai-illustrations/9135_gen_illustrations_old-fisherman-river_1024x1536.sdr.png	s6	8	44	13527	53.84553399926517	192.90299999997984	30.613	
9094-lilith-ai-illustrations	imazen-26-png-v3/png-v3/9094-lilith-ai-illustrations/9135_gen_illustrations_old-fisherman-river_1024x1536.sdr.png	s4	10	20	59320	53.94288898969535	227.19699999999676	77.606	
9094-lilith-ai-illustrations	imazen-26-png-v3/png-v3/9094-lilith-ai-illustrations/9135_gen_illustrations_old-fisherman-river_1024x1536.sdr.png	s4	10	32	32950	52.84136699629016	192.90299999997984	62.752	
9094-lilith-ai-illustrations	imazen-26-png-v3/png-v3/9094-lilith-ai-illustrations/9135_gen_illustrations_old-fisherman-river_1024x1536.sdr.png	s4	10	44	12096	80.96687699435279	265.7080000000178	25.285	
9094-lilith-ai-illustrations	imazen-26-png-v3/png-v3/9094-lilith-ai-illustrations/9135_gen_illustrations_old-fisherman-river_1024x1536.sdr.png	s6	10	20	60159	96.20129800168797	272.1870000000024	77.935	
9094-lilith-ai-illustrations	imazen-26-png-v3/png-v3/9094-lilith-ai-illustrations/9135_gen_illustrations_old-fisherman-river_1024x1536.sdr.png	s6	10	32	34575	161.478920999798	135.82700000002035	64.472	
9094-lilith-ai-illustrations	imazen-26-png-v3/png-v3/9094-lilith-ai-illustrations/9135_gen_illustrations_old-fisherman-river_1024x1536.sdr.png	s6	10	44	13507	166.22590499173384	114.09299999998268	30.143	
9226-lilith-ai-products	imazen-26-png-v3/png-v3/9226-lilith-ai-products/beauty/9303_gen_products-beauty_florwell-bath-soak-back_ingredients_p0074_1024x1536.sdr.png	s4	4	20	34320	354.6725689957384	277.0230000000211	74.113	
9226-lilith-ai-products	imazen-26-png-v3/png-v3/9226-lilith-ai-products/beauty/9303_gen_products-beauty_florwell-bath-soak-back_ingredients_p0074_1024x1536.sdr.png	s4	4	32	15731	301.9830400007777	199.10999999998324	56.858	
9226-lilith-ai-products	imazen-26-png-v3/png-v3/9226-lilith-ai-products/beauty/9303_gen_products-beauty_florwell-bath-soak-back_ingredients_p0074_1024x1536.sdr.png	s4	4	44	7421	178.9027589984471	671.5929999999944	33.156	
9226-lilith-ai-products	imazen-26-png-v3/png-v3/9226-lilith-ai-products/beauty/9303_gen_products-beauty_florwell-bath-soak-back_ingredients_p0074_1024x1536.sdr.png	s6	4	20	37168	382.38234000164084	1446.8609999999912	75.667	
9226-lilith-ai-products	imazen-26-png-v3/png-v3/9226-lilith-ai-products/beauty/9303_gen_products-beauty_florwell-bath-soak-back_ingredients_p0074_1024x1536.sdr.png	s6	4	32	19541	303.52287499408703	1176.2990000000002	61.875	
9226-lilith-ai-products	imazen-26-png-v3/png-v3/9226-lilith-ai-products/beauty/9303_gen_products-beauty_florwell-bath-soak-back_ingredients_p0074_1024x1536.sdr.png	s6	4	44	7991	282.30555199843366	1102.2020000000055	37.599	
9226-lilith-ai-products	imazen-26-png-v3/png-v3/9226-lilith-ai-products/beauty/9303_gen_products-beauty_florwell-bath-soak-back_ingredients_p0074_1024x1536.sdr.png	s4	6	20	35885	100.0477320048958	264.9579999999858	74.545	
9226-lilith-ai-products	imazen-26-png-v3/png-v3/9226-lilith-ai-products/beauty/9303_gen_products-beauty_florwell-bath-soak-back_ingredients_p0074_1024x1536.sdr.png	s4	6	32	17330	99.61807601212058	264.9579999999858	58.377	
9226-lilith-ai-products	imazen-26-png-v3/png-v3/9226-lilith-ai-products/beauty/9303_gen_products-beauty_florwell-bath-soak-back_ingredients_p0074_1024x1536.sdr.png	s4	6	44	7783	87.86723199591506	114.30099999999044	33.934	
9226-lilith-ai-products	imazen-26-png-v3/png-v3/9226-lilith-ai-products/beauty/9303_gen_products-beauty_florwell-bath-soak-back_ingredients_p0074_1024x1536.sdr.png	s6	6	20	38267	84.5498620037688	482.79199999999634	75.726	
9226-lilith-ai-products	imazen-26-png-v3/png-v3/9226-lilith-ai-products/beauty/9303_gen_products-beauty_florwell-bath-soak-back_ingredients_p0074_1024x1536.sdr.png	s6	6	32	20677	162.35597600461915	532.983999999999	62.928	
9226-lilith-ai-products	imazen-26-png-v3/png-v3/9226-lilith-ai-products/beauty/9303_gen_products-beauty_florwell-bath-soak-back_ingredients_p0074_1024x1536.sdr.png	s6	6	44	8380	176.48418599856086	728.9790000000025	37.897	
9226-lilith-ai-products	imazen-26-png-v3/png-v3/9226-lilith-ai-products/beauty/9303_gen_products-beauty_florwell-bath-soak-back_ingredients_p0074_1024x1536.sdr.png	s4	8	20	38689	63.19879500370007	129.10199999998895	74.625	
9226-lilith-ai-products	imazen-26-png-v3/png-v3/9226-lilith-ai-products/beauty/9303_gen_products-beauty_florwell-bath-soak-back_ingredients_p0074_1024x1536.sdr.png	s4	8	32	19254	243.40025099809282	48.54399999998549	59.516	
9226-lilith-ai-products	imazen-26-png-v3/png-v3/9226-lilith-ai-products/beauty/9303_gen_products-beauty_florwell-bath-soak-back_ingredients_p0074_1024x1536.sdr.png	s4	8	44	8367	133.34760900761466	56.366000000018346	34.672	
9226-lilith-ai-products	imazen-26-png-v3/png-v3/9226-lilith-ai-products/beauty/9303_gen_products-beauty_florwell-bath-soak-back_ingredients_p0074_1024x1536.sdr.png	s6	8	20	40660	231.300794010167	134.14699999999868	75.323	
9226-lilith-ai-products	imazen-26-png-v3/png-v3/9226-lilith-ai-products/beauty/9303_gen_products-beauty_florwell-bath-soak-back_ingredients_p0074_1024x1536.sdr.png	s6	8	32	22230	285.53771099541336	161.62600000000538	62.664	
9226-lilith-ai-products	imazen-26-png-v3/png-v3/9226-lilith-ai-products/beauty/9303_gen_products-beauty_florwell-bath-soak-back_ingredients_p0074_1024x1536.sdr.png	s6	8	44	8920	202.89455000602175	208.38000000000534	37.622	
9226-lilith-ai-products	imazen-26-png-v3/png-v3/9226-lilith-ai-products/beauty/9303_gen_products-beauty_florwell-bath-soak-back_ingredients_p0074_1024x1536.sdr.png	s4	10	20	40791	149.04136100085452	135.69099999999423	74.409	
9226-lilith-ai-products	imazen-26-png-v3/png-v3/9226-lilith-ai-products/beauty/9303_gen_products-beauty_florwell-bath-soak-back_ingredients_p0074_1024x1536.sdr.png	s4	10	32	20937	138.86025799729396	157.21499999999367	59.136	
9226-lilith-ai-products	imazen-26-png-v3/png-v3/9226-lilith-ai-products/beauty/9303_gen_products-beauty_florwell-bath-soak-back_ingredients_p0074_1024x1536.sdr.png	s4	10	44	8720	56.8113150075078	76.54799999998829	32.970	
9226-lilith-ai-products	imazen-26-png-v3/png-v3/9226-lilith-ai-products/beauty/9303_gen_products-beauty_florwell-bath-soak-back_ingredients_p0074_1024x1536.sdr.png	s6	10	20	42251	54.720013999030925	100.58100000001247	74.974	
9226-lilith-ai-products	imazen-26-png-v3/png-v3/9226-lilith-ai-products/beauty/9303_gen_products-beauty_florwell-bath-soak-back_ingredients_p0074_1024x1536.sdr.png	s6	10	32	23461	157.6769210078055	98.63699999998943	61.734	
9226-lilith-ai-products	imazen-26-png-v3/png-v3/9226-lilith-ai-products/beauty/9303_gen_products-beauty_florwell-bath-soak-back_ingredients_p0074_1024x1536.sdr.png	s6	10	44	9246	76.35965799272526	53.30700000000377	35.311	
9226-lilith-ai-products	imazen-26-png-v3/png-v3/9226-lilith-ai-products/home/kitchen/9817_gen_products-home-kitchen_fieldstone-glass-storage-set_p0578_1536x1024.sdr.png	s4	4	20	20333	382.7393780084094	189.64899999998863	83.071	
9226-lilith-ai-products	imazen-26-png-v3/png-v3/9226-lilith-ai-products/home/kitchen/9817_gen_products-home-kitchen_fieldstone-glass-storage-set_p0578_1536x1024.sdr.png	s4	4	32	11281	458.4811529930448	268.57500000001266	72.699	
9226-lilith-ai-products	imazen-26-png-v3/png-v3/9226-lilith-ai-products/home/kitchen/9817_gen_products-home-kitchen_fieldstone-glass-storage-set_p0578_1536x1024.sdr.png	s4	4	44	5202	499.1247559955809	133.55700000000326	50.597	
9226-lilith-ai-products	imazen-26-png-v3/png-v3/9226-lilith-ai-products/home/kitchen/9817_gen_products-home-kitchen_fieldstone-glass-storage-set_p0578_1536x1024.sdr.png	s6	4	20	22224	279.7687050042441	214.53799999999745	84.040	
9226-lilith-ai-products	imazen-26-png-v3/png-v3/9226-lilith-ai-products/home/kitchen/9817_gen_products-home-kitchen_fieldstone-glass-storage-set_p0578_1536x1024.sdr.png	s6	4	32	12690	342.59081599884667	353.9880000000082	74.949	
9226-lilith-ai-products	imazen-26-png-v3/png-v3/9226-lilith-ai-products/home/kitchen/9817_gen_products-home-kitchen_fieldstone-glass-storage-set_p0578_1536x1024.sdr.png	s6	4	44	5870	215.8718339924235	154.81200000001394	54.519	
9226-lilith-ai-products	imazen-26-png-v3/png-v3/9226-lilith-ai-products/home/kitchen/9817_gen_products-home-kitchen_fieldstone-glass-storage-set_p0578_1536x1024.sdr.png	s4	6	20	26605	307.6640779909212	205.84999999999098	83.439	
9226-lilith-ai-products	imazen-26-png-v3/png-v3/9226-lilith-ai-products/home/kitchen/9817_gen_products-home-kitchen_fieldstone-glass-storage-set_p0578_1536x1024.sdr.png	s4	6	32	16100	190.80576399574056	358.4980000000044	73.896	
9226-lilith-ai-products	imazen-26-png-v3/png-v3/9226-lilith-ai-products/home/kitchen/9817_gen_products-home-kitchen_fieldstone-glass-storage-set_p0578_1536x1024.sdr.png	s4	6	44	8068	143.83802100201137	236.2420000000114	52.592	
9226-lilith-ai-products	imazen-26-png-v3/png-v3/9226-lilith-ai-products/home/kitchen/9817_gen_products-home-kitchen_fieldstone-glass-storage-set_p0578_1536x1024.sdr.png	s6	6	20	27787	222.16249001212418	168.8180000000017	84.071	
9226-lilith-ai-products	imazen-26-png-v3/png-v3/9226-lilith-ai-products/home/kitchen/9817_gen_products-home-kitchen_fieldstone-glass-storage-set_p0578_1536x1024.sdr.png	s6	6	32	16965	519.8644110059831	285.09000000001095	74.746	
9226-lilith-ai-products	imazen-26-png-v3/png-v3/9226-lilith-ai-products/home/kitchen/9817_gen_products-home-kitchen_fieldstone-glass-storage-set_p0578_1536x1024.sdr.png	s6	6	44	8473	385.6807140109595	115.66199999999327	53.871	
9226-lilith-ai-products	imazen-26-png-v3/png-v3/9226-lilith-ai-products/home/kitchen/9817_gen_products-home-kitchen_fieldstone-glass-storage-set_p0578_1536x1024.sdr.png	s4	8	20	27894	354.7802930115722	139.35200000000947	83.359	
9226-lilith-ai-products	imazen-26-png-v3/png-v3/9226-lilith-ai-products/home/kitchen/9817_gen_products-home-kitchen_fieldstone-glass-storage-set_p0578_1536x1024.sdr.png	s4	8	32	16976	77.22547200683039	45.146000000016784	73.813	
9226-lilith-ai-products	imazen-26-png-v3/png-v3/9226-lilith-ai-products/home/kitchen/9817_gen_products-home-kitchen_fieldstone-glass-storage-set_p0578_1536x1024.sdr.png	s4	8	44	8520	137.29686799342744	104.70899999999261	52.512	
9226-lilith-ai-products	imazen-26-png-v3/png-v3/9226-lilith-ai-products/home/kitchen/9817_gen_products-home-kitchen_fieldstone-glass-storage-set_p0578_1536x1024.sdr.png	s6	8	20	28887	105.34947000269312	52.239999999990516	83.568	
9226-lilith-ai-products	imazen-26-png-v3/png-v3/9226-lilith-ai-products/home/kitchen/9817_gen_products-home-kitchen_fieldstone-glass-storage-set_p0578_1536x1024.sdr.png	s6	8	32	17686	446.31929699971806	185.06400000001122	74.416	
9226-lilith-ai-products	imazen-26-png-v3/png-v3/9226-lilith-ai-products/home/kitchen/9817_gen_products-home-kitchen_fieldstone-glass-storage-set_p0578_1536x1024.sdr.png	s6	8	44	8865	264.5840689947363	19.27499999999327	53.226	
9226-lilith-ai-products	imazen-26-png-v3/png-v3/9226-lilith-ai-products/home/kitchen/9817_gen_products-home-kitchen_fieldstone-glass-storage-set_p0578_1536x1024.sdr.png	s4	10	20	29997	257.01804099662695	140.74600000000714	83.195	
9226-lilith-ai-products	imazen-26-png-v3/png-v3/9226-lilith-ai-products/home/kitchen/9817_gen_products-home-kitchen_fieldstone-glass-storage-set_p0578_1536x1024.sdr.png	s4	10	32	18281	272.9572199896211	75.4179999999991	73.847	
9226-lilith-ai-products	imazen-26-png-v3/png-v3/9226-lilith-ai-products/home/kitchen/9817_gen_products-home-kitchen_fieldstone-glass-storage-set_p0578_1536x1024.sdr.png	s4	10	44	9373	494.667570994352	141.21099999999132	52.026	
9226-lilith-ai-products	imazen-26-png-v3/png-v3/9226-lilith-ai-products/home/kitchen/9817_gen_products-home-kitchen_fieldstone-glass-storage-set_p0578_1536x1024.sdr.png	s6	10	20	31034	209.73037199291866	115.58100000000593	83.816	
9226-lilith-ai-products	imazen-26-png-v3/png-v3/9226-lilith-ai-products/home/kitchen/9817_gen_products-home-kitchen_fieldstone-glass-storage-set_p0578_1536x1024.sdr.png	s6	10	32	19048	538.1994889903581	117.76599999999604	74.403	
9226-lilith-ai-products	imazen-26-png-v3/png-v3/9226-lilith-ai-products/home/kitchen/9817_gen_products-home-kitchen_fieldstone-glass-storage-set_p0578_1536x1024.sdr.png	s6	10	44	9715	342.3582830000669	39.121999999991885	52.678	
