class	image	arm	qp	bytes	enc_ms	ssim2	note
1000-lilith-photos-general	imazen-26-png-v3/png-v3/1000-lilith-photos-general/1033_general_stone-tunnel-lights_placa-pedro-infante-valladolid_s23u_iso800-f1p7_20230918-111620_3000x4000.sdr.png	st_oct8	20	46452	2962.4937850021524	-470.533	
1000-lilith-photos-general	imazen-26-png-v3/png-v3/1000-lilith-photos-general/1033_general_stone-tunnel-lights_placa-pedro-infante-valladolid_s23u_iso800-f1p7_20230918-111620_3000x4000.sdr.png	st_oct8	32	26056	1724.8600510065444	-473.624	
1000-lilith-photos-general	imazen-26-png-v3/png-v3/1000-lilith-photos-general/1033_general_stone-tunnel-lights_placa-pedro-infante-valladolid_s23u_iso800-f1p7_20230918-111620_3000x4000.sdr.png	st_oct8	44	12160	706.736185005866	-470.471	
1000-lilith-photos-general	imazen-26-png-v3/png-v3/1000-lilith-photos-general/1033_general_stone-tunnel-lights_placa-pedro-infante-valladolid_s23u_iso800-f1p7_20230918-111620_3000x4000.sdr.png	st_oct7_vb4	20	48260	2972.685860004276	-471.621	
1000-lilith-photos-general	imazen-26-png-v3/png-v3/1000-lilith-photos-general/1033_general_stone-tunnel-lights_placa-pedro-infante-valladolid_s23u_iso800-f1p7_20230918-111620_3000x4000.sdr.png	st_oct7_vb4	32	27487	1723.3688600099413	-472.563	
1000-lilith-photos-general	imazen-26-png-v3/png-v3/1000-lilith-photos-general/1033_general_stone-tunnel-lights_placa-pedro-infante-valladolid_s23u_iso800-f1p7_20230918-111620_3000x4000.sdr.png	st_oct7_vb4	44	12993	795.4966899997089	-469.604	
1000-lilith-photos-general	imazen-26-png-v3/png-v3/1000-lilith-photos-general/1033_general_stone-tunnel-lights_placa-pedro-infante-valladolid_s23u_iso800-f1p7_20230918-111620_3000x4000.sdr.png	st_oct8_vb4	20	46555	2842.5410660129273	-470.802	
1000-lilith-photos-general	imazen-26-png-v3/png-v3/1000-lilith-photos-general/1033_general_stone-tunnel-lights_placa-pedro-infante-valladolid_s23u_iso800-f1p7_20230918-111620_3000x4000.sdr.png	st_oct8_vb4	32	26230	1581.6728209902067	-476.603	
1000-lilith-photos-general	imazen-26-png-v3/png-v3/1000-lilith-photos-general/1033_general_stone-tunnel-lights_placa-pedro-infante-valladolid_s23u_iso800-f1p7_20230918-111620_3000x4000.sdr.png	st_oct8_vb4	44	12251	712.2634109982755	-469.241	
1000-lilith-photos-general	imazen-26-png-v3/png-v3/1000-lilith-photos-general/1033_general_stone-tunnel-lights_placa-pedro-infante-valladolid_s23u_iso800-f1p7_20230918-111620_3000x4000.sdr.png	st_oct7_ac10	20	47702	2917.5426439906005	-470.855	
1000-lilith-photos-general	imazen-26-png-v3/png-v3/1000-lilith-photos-general/1033_general_stone-tunnel-lights_placa-pedro-infante-valladolid_s23u_iso800-f1p7_20230918-111620_3000x4000.sdr.png	st_oct7_ac10	32	27123	1749.0172050020192	-474.378	
1000-lilith-photos-general	imazen-26-png-v3/png-v3/1000-lilith-photos-general/1033_general_stone-tunnel-lights_placa-pedro-infante-valladolid_s23u_iso800-f1p7_20230918-111620_3000x4000.sdr.png	st_oct7_ac10	44	12778	846.4127699990058	-470.744	
1000-lilith-photos-general	imazen-26-png-v3/png-v3/1000-lilith-photos-general/1033_general_stone-tunnel-lights_placa-pedro-infante-valladolid_s23u_iso800-f1p7_20230918-111620_3000x4000.sdr.png	st_oct7_ac20	20	47703	3623.2632900064345	-471.403	
1000-lilith-photos-general	imazen-26-png-v3/png-v3/1000-lilith-photos-general/1033_general_stone-tunnel-lights_placa-pedro-infante-valladolid_s23u_iso800-f1p7_20230918-111620_3000x4000.sdr.png	st_oct7_ac20	32	27093	2221.995647007134	-475.402	
1000-lilith-photos-general	imazen-26-png-v3/png-v3/1000-lilith-photos-general/1033_general_stone-tunnel-lights_placa-pedro-infante-valladolid_s23u_iso800-f1p7_20230918-111620_3000x4000.sdr.png	st_oct7_ac20	44	12769	1081.9880140043097	-471.037	
1000-lilith-photos-general	imazen-26-png-v3/png-v3/1000-lilith-photos-general/1033_general_stone-tunnel-lights_placa-pedro-infante-valladolid_s23u_iso800-f1p7_20230918-111620_3000x4000.sdr.png	st_oct8_ac10	20	46474	3268.6222299962537	-470.236	
1000-lilith-photos-general	imazen-26-png-v3/png-v3/1000-lilith-photos-general/1033_general_stone-tunnel-lights_placa-pedro-infante-valladolid_s23u_iso800-f1p7_20230918-111620_3000x4000.sdr.png	st_oct8_ac10	32	26023	2167.465414997423	-474.950	
1000-lilith-photos-general	imazen-26-png-v3/png-v3/1000-lilith-photos-general/1033_general_stone-tunnel-lights_placa-pedro-infante-valladolid_s23u_iso800-f1p7_20230918-111620_3000x4000.sdr.png	st_oct8_ac10	44	12203	1059.7771359898616	-470.051	
1000-lilith-photos-general	imazen-26-png-v3/png-v3/1000-lilith-photos-general/1050_general_riverside-walkway-and-river_louvre-palace-paris_s23u_iso50-f2p2_20240425-154625_4000x3000.sdr.png	st_oct8	20	27842	2325.7736199884675	-61.866	
1000-lilith-photos-general	imazen-26-png-v3/png-v3/1000-lilith-photos-general/1050_general_riverside-walkway-and-river_louvre-palace-paris_s23u_iso50-f2p2_20240425-154625_4000x3000.sdr.png	st_oct8	32	14972	1468.8833740074188	-61.855	
1000-lilith-photos-general	imazen-26-png-v3/png-v3/1000-lilith-photos-general/1050_general_riverside-walkway-and-river_louvre-palace-paris_s23u_iso50-f2p2_20240425-154625_4000x3000.sdr.png	st_oct8	44	6543	969.4503459904809	-61.811	
1000-lilith-photos-general	imazen-26-png-v3/png-v3/1000-lilith-photos-general/1050_general_riverside-walkway-and-river_louvre-palace-paris_s23u_iso50-f2p2_20240425-154625_4000x3000.sdr.png	st_oct7_vb4	20	29565	2730.077779997373	-61.921	
1000-lilith-photos-general	imazen-26-png-v3/png-v3/1000-lilith-photos-general/1050_general_riverside-walkway-and-river_louvre-palace-paris_s23u_iso50-f2p2_20240425-154625_4000x3000.sdr.png	st_oct7_vb4	32	16396	1727.3067479982274	-61.870	
1000-lilith-photos-general	imazen-26-png-v3/png-v3/1000-lilith-photos-general/1050_general_riverside-walkway-and-river_louvre-palace-paris_s23u_iso50-f2p2_20240425-154625_4000x3000.sdr.png	st_oct7_vb4	44	7246	781.2281340011396	-61.662	
1000-lilith-photos-general	imazen-26-png-v3/png-v3/1000-lilith-photos-general/1050_general_riverside-walkway-and-river_louvre-palace-paris_s23u_iso50-f2p2_20240425-154625_4000x3000.sdr.png	st_oct8_vb4	20	28313	2562.1588329959195	-61.895	
1000-lilith-photos-general	imazen-26-png-v3/png-v3/1000-lilith-photos-general/1050_general_riverside-walkway-and-river_louvre-palace-paris_s23u_iso50-f2p2_20240425-154625_4000x3000.sdr.png	st_oct8_vb4	32	15364	1486.9459649926284	-61.865	
1000-lilith-photos-general	imazen-26-png-v3/png-v3/1000-lilith-photos-general/1050_general_riverside-walkway-and-river_louvre-palace-paris_s23u_iso50-f2p2_20240425-154625_4000x3000.sdr.png	st_oct8_vb4	44	6734	780.4580109950621	-61.759	
1000-lilith-photos-general	imazen-26-png-v3/png-v3/1000-lilith-photos-general/1050_general_riverside-walkway-and-river_louvre-palace-paris_s23u_iso50-f2p2_20240425-154625_4000x3000.sdr.png	st_oct7_ac10	20	28903	2716.6232589952415	-61.881	
1000-lilith-photos-general	imazen-26-png-v3/png-v3/1000-lilith-photos-general/1050_general_riverside-walkway-and-river_louvre-palace-paris_s23u_iso50-f2p2_20240425-154625_4000x3000.sdr.png	st_oct7_ac10	32	15773	1611.112555998261	-61.924	
1000-lilith-photos-general	imazen-26-png-v3/png-v3/1000-lilith-photos-general/1050_general_riverside-walkway-and-river_louvre-palace-paris_s23u_iso50-f2p2_20240425-154625_4000x3000.sdr.png	st_oct7_ac10	44	6912	1071.7848280037288	-61.721	
1000-lilith-photos-general	imazen-26-png-v3/png-v3/1000-lilith-photos-general/1050_general_riverside-walkway-and-river_louvre-palace-paris_s23u_iso50-f2p2_20240425-154625_4000x3000.sdr.png	st_oct7_ac20	20	28924	2780.0528619991383	-61.898	
1000-lilith-photos-general	imazen-26-png-v3/png-v3/1000-lilith-photos-general/1050_general_riverside-walkway-and-river_louvre-palace-paris_s23u_iso50-f2p2_20240425-154625_4000x3000.sdr.png	st_oct7_ac20	32	15742	1791.1607760033803	-61.907	
1000-lilith-photos-general	imazen-26-png-v3/png-v3/1000-lilith-photos-general/1050_general_riverside-walkway-and-river_louvre-palace-paris_s23u_iso50-f2p2_20240425-154625_4000x3000.sdr.png	st_oct7_ac20	44	6923	899.1946510068374	-61.858	
1000-lilith-photos-general	imazen-26-png-v3/png-v3/1000-lilith-photos-general/1050_general_riverside-walkway-and-river_louvre-palace-paris_s23u_iso50-f2p2_20240425-154625_4000x3000.sdr.png	st_oct8_ac10	20	27861	2486.72605700267	-61.902	
1000-lilith-photos-general	imazen-26-png-v3/png-v3/1000-lilith-photos-general/1050_general_riverside-walkway-and-river_louvre-palace-paris_s23u_iso50-f2p2_20240425-154625_4000x3000.sdr.png	st_oct8_ac10	32	14966	1607.5450709904544	-61.818	
1000-lilith-photos-general	imazen-26-png-v3/png-v3/1000-lilith-photos-general/1050_general_riverside-walkway-and-river_louvre-palace-paris_s23u_iso50-f2p2_20240425-154625_4000x3000.sdr.png	st_oct8_ac10	44	6535	867.0102930045687	-61.675	
1200-lilith-interiors	imazen-26-png-v3/png-v3/1200-lilith-interiors/1205_interiors_modern-living-room_tulum-mexico_s23u_iso160-f1p7_20230917-114545_3000x4000.sdr.png	st_oct8	20	34568	2510.406906993012	-73.891	
1200-lilith-interiors	imazen-26-png-v3/png-v3/1200-lilith-interiors/1205_interiors_modern-living-room_tulum-mexico_s23u_iso160-f1p7_20230917-114545_3000x4000.sdr.png	st_oct8	32	20218	1809.9974359938642	-73.607	
1200-lilith-interiors	imazen-26-png-v3/png-v3/1200-lilith-interiors/1205_interiors_modern-living-room_tulum-mexico_s23u_iso160-f1p7_20230917-114545_3000x4000.sdr.png	st_oct8	44	9493	1148.769250998157	-73.792	
1200-lilith-interiors	imazen-26-png-v3/png-v3/1200-lilith-interiors/1205_interiors_modern-living-room_tulum-mexico_s23u_iso160-f1p7_20230917-114545_3000x4000.sdr.png	st_oct7_vb4	20	35629	2687.626885002828	-73.818	
1200-lilith-interiors	imazen-26-png-v3/png-v3/1200-lilith-interiors/1205_interiors_modern-living-room_tulum-mexico_s23u_iso160-f1p7_20230917-114545_3000x4000.sdr.png	st_oct7_vb4	32	21680	1776.4076299936278	-73.660	
1200-lilith-interiors	imazen-26-png-v3/png-v3/1200-lilith-interiors/1205_interiors_modern-living-room_tulum-mexico_s23u_iso160-f1p7_20230917-114545_3000x4000.sdr.png	st_oct7_vb4	44	10269	961.0622670006705	-73.875	
1200-lilith-interiors	imazen-26-png-v3/png-v3/1200-lilith-interiors/1205_interiors_modern-living-room_tulum-mexico_s23u_iso160-f1p7_20230917-114545_3000x4000.sdr.png	st_oct8_vb4	20	34951	2459.4054659974063	-73.872	
1200-lilith-interiors	imazen-26-png-v3/png-v3/1200-lilith-interiors/1205_interiors_modern-living-room_tulum-mexico_s23u_iso160-f1p7_20230917-114545_3000x4000.sdr.png	st_oct8_vb4	32	20846	1587.4848069943255	-73.672	
1200-lilith-interiors	imazen-26-png-v3/png-v3/1200-lilith-interiors/1205_interiors_modern-living-room_tulum-mexico_s23u_iso160-f1p7_20230917-114545_3000x4000.sdr.png	st_oct8_vb4	44	9729	927.2616599919274	-73.643	
1200-lilith-interiors	imazen-26-png-v3/png-v3/1200-lilith-interiors/1205_interiors_modern-living-room_tulum-mexico_s23u_iso160-f1p7_20230917-114545_3000x4000.sdr.png	st_oct7_ac10	20	35200	2643.9689800026827	-73.868	
1200-lilith-interiors	imazen-26-png-v3/png-v3/1200-lilith-interiors/1205_interiors_modern-living-room_tulum-mexico_s23u_iso160-f1p7_20230917-114545_3000x4000.sdr.png	st_oct7_ac10	32	21031	1736.0345920023974	-73.836	
1200-lilith-interiors	imazen-26-png-v3/png-v3/1200-lilith-interiors/1205_interiors_modern-living-room_tulum-mexico_s23u_iso160-f1p7_20230917-114545_3000x4000.sdr.png	st_oct7_ac10	44	9727	886.6855369997211	-73.940	
1200-lilith-interiors	imazen-26-png-v3/png-v3/1200-lilith-interiors/1205_interiors_modern-living-room_tulum-mexico_s23u_iso160-f1p7_20230917-114545_3000x4000.sdr.png	st_oct7_ac20	20	35212	2639.9315930029843	-73.879	
1200-lilith-interiors	imazen-26-png-v3/png-v3/1200-lilith-interiors/1205_interiors_modern-living-room_tulum-mexico_s23u_iso160-f1p7_20230917-114545_3000x4000.sdr.png	st_oct7_ac20	32	21035	1731.1863549984992	-73.761	
1200-lilith-interiors	imazen-26-png-v3/png-v3/1200-lilith-interiors/1205_interiors_modern-living-room_tulum-mexico_s23u_iso160-f1p7_20230917-114545_3000x4000.sdr.png	st_oct7_ac20	44	9710	1046.7287470091833	-73.841	
1200-lilith-interiors	imazen-26-png-v3/png-v3/1200-lilith-interiors/1205_interiors_modern-living-room_tulum-mexico_s23u_iso160-f1p7_20230917-114545_3000x4000.sdr.png	st_oct8_ac10	20	34600	2730.476778000593	-73.834	
1200-lilith-interiors	imazen-26-png-v3/png-v3/1200-lilith-interiors/1205_interiors_modern-living-room_tulum-mexico_s23u_iso160-f1p7_20230917-114545_3000x4000.sdr.png	st_oct8_ac10	32	20262	1714.599195998744	-73.750	
1200-lilith-interiors	imazen-26-png-v3/png-v3/1200-lilith-interiors/1205_interiors_modern-living-room_tulum-mexico_s23u_iso160-f1p7_20230917-114545_3000x4000.sdr.png	st_oct8_ac10	44	9463	1075.6688529945677	-73.729	
1200-lilith-interiors	imazen-26-png-v3/png-v3/1200-lilith-interiors/1225_interiors_kitchen-appliances-overhead_minamiizu-japan_s23u_iso200-f1p7_20250307-112014_3000x4000.sdr.png	st_oct8	20	35885	2875.479856011225	-64.829	
1200-lilith-interiors	imazen-26-png-v3/png-v3/1200-lilith-interiors/1225_interiors_kitchen-appliances-overhead_minamiizu-japan_s23u_iso200-f1p7_20250307-112014_3000x4000.sdr.png	st_oct8	32	17858	1804.142919005244	-64.796	
1200-lilith-interiors	imazen-26-png-v3/png-v3/1200-lilith-interiors/1225_interiors_kitchen-appliances-overhead_minamiizu-japan_s23u_iso200-f1p7_20250307-112014_3000x4000.sdr.png	st_oct8	44	7668	1088.1253389961785	-64.656	
1200-lilith-interiors	imazen-26-png-v3/png-v3/1200-lilith-interiors/1225_interiors_kitchen-appliances-overhead_minamiizu-japan_s23u_iso200-f1p7_20250307-112014_3000x4000.sdr.png	st_oct7_vb4	20	37228	2905.0632750004297	-64.828	
1200-lilith-interiors	imazen-26-png-v3/png-v3/1200-lilith-interiors/1225_interiors_kitchen-appliances-overhead_minamiizu-japan_s23u_iso200-f1p7_20250307-112014_3000x4000.sdr.png	st_oct7_vb4	32	19075	1767.557774001034	-64.804	
1200-lilith-interiors	imazen-26-png-v3/png-v3/1200-lilith-interiors/1225_interiors_kitchen-appliances-overhead_minamiizu-japan_s23u_iso200-f1p7_20250307-112014_3000x4000.sdr.png	st_oct7_vb4	44	8108	1006.751920998795	-64.681	
1200-lilith-interiors	imazen-26-png-v3/png-v3/1200-lilith-interiors/1225_interiors_kitchen-appliances-overhead_minamiizu-japan_s23u_iso200-f1p7_20250307-112014_3000x4000.sdr.png	st_oct8_vb4	20	36155	2968.576566010597	-64.829	
1200-lilith-interiors	imazen-26-png-v3/png-v3/1200-lilith-interiors/1225_interiors_kitchen-appliances-overhead_minamiizu-japan_s23u_iso200-f1p7_20250307-112014_3000x4000.sdr.png	st_oct8_vb4	32	18280	1761.2043589906534	-64.787	
1200-lilith-interiors	imazen-26-png-v3/png-v3/1200-lilith-interiors/1225_interiors_kitchen-appliances-overhead_minamiizu-japan_s23u_iso200-f1p7_20250307-112014_3000x4000.sdr.png	st_oct8_vb4	44	7731	1031.1991869966732	-64.682	
1200-lilith-interiors	imazen-26-png-v3/png-v3/1200-lilith-interiors/1225_interiors_kitchen-appliances-overhead_minamiizu-japan_s23u_iso200-f1p7_20250307-112014_3000x4000.sdr.png	st_oct7_ac10	20	36896	3130.546876011067	-64.837	
1200-lilith-interiors	imazen-26-png-v3/png-v3/1200-lilith-interiors/1225_interiors_kitchen-appliances-overhead_minamiizu-japan_s23u_iso200-f1p7_20250307-112014_3000x4000.sdr.png	st_oct7_ac10	32	18574	1580.2809869928751	-64.789	
1200-lilith-interiors	imazen-26-png-v3/png-v3/1200-lilith-interiors/1225_interiors_kitchen-appliances-overhead_minamiizu-japan_s23u_iso200-f1p7_20250307-112014_3000x4000.sdr.png	st_oct7_ac10	44	7954	818.0365930020344	-64.681	
1200-lilith-interiors	imazen-26-png-v3/png-v3/1200-lilith-interiors/1225_interiors_kitchen-appliances-overhead_minamiizu-japan_s23u_iso200-f1p7_20250307-112014_3000x4000.sdr.png	st_oct7_ac20	20	36858	3401.9649859983474	-64.828	
1200-lilith-interiors	imazen-26-png-v3/png-v3/1200-lilith-interiors/1225_interiors_kitchen-appliances-overhead_minamiizu-japan_s23u_iso200-f1p7_20250307-112014_3000x4000.sdr.png	st_oct7_ac20	32	18608	1740.357752001728	-64.785	
1200-lilith-interiors	imazen-26-png-v3/png-v3/1200-lilith-interiors/1225_interiors_kitchen-appliances-overhead_minamiizu-japan_s23u_iso200-f1p7_20250307-112014_3000x4000.sdr.png	st_oct7_ac20	44	7947	1000.1958609936992	-64.684	
1200-lilith-interiors	imazen-26-png-v3/png-v3/1200-lilith-interiors/1225_interiors_kitchen-appliances-overhead_minamiizu-japan_s23u_iso200-f1p7_20250307-112014_3000x4000.sdr.png	st_oct8_ac10	20	35899	3597.873153994442	-64.845	
1200-lilith-interiors	imazen-26-png-v3/png-v3/1200-lilith-interiors/1225_interiors_kitchen-appliances-overhead_minamiizu-japan_s23u_iso200-f1p7_20250307-112014_3000x4000.sdr.png	st_oct8_ac10	32	17846	1837.485084994114	-64.779	
1200-lilith-interiors	imazen-26-png-v3/png-v3/1200-lilith-interiors/1225_interiors_kitchen-appliances-overhead_minamiizu-japan_s23u_iso200-f1p7_20250307-112014_3000x4000.sdr.png	st_oct8_ac10	44	7660	1045.9863279975252	-64.684	
1400-lilith-nature	imazen-26-png-v3/png-v3/1400-lilith-nature/1510_nature_purple-iris-flowers_colorado_ip8plus_iso40-f2p8_img-0803_3024x4032.sdr.png	st_oct8	20	22287	2333.350960005191	-68.150	
1400-lilith-nature	imazen-26-png-v3/png-v3/1400-lilith-nature/1510_nature_purple-iris-flowers_colorado_ip8plus_iso40-f2p8_img-0803_3024x4032.sdr.png	st_oct8	32	11088	1280.106689009699	-67.996	
1400-lilith-nature	imazen-26-png-v3/png-v3/1400-lilith-nature/1510_nature_purple-iris-flowers_colorado_ip8plus_iso40-f2p8_img-0803_3024x4032.sdr.png	st_oct8	44	4678	648.3771819912363	-67.666	
1400-lilith-nature	imazen-26-png-v3/png-v3/1400-lilith-nature/1510_nature_purple-iris-flowers_colorado_ip8plus_iso40-f2p8_img-0803_3024x4032.sdr.png	st_oct7_vb4	20	24238	2528.9001149940304	-68.201	
1400-lilith-nature	imazen-26-png-v3/png-v3/1400-lilith-nature/1510_nature_purple-iris-flowers_colorado_ip8plus_iso40-f2p8_img-0803_3024x4032.sdr.png	st_oct7_vb4	32	12925	1358.369188994402	-68.025	
1400-lilith-nature	imazen-26-png-v3/png-v3/1400-lilith-nature/1510_nature_purple-iris-flowers_colorado_ip8plus_iso40-f2p8_img-0803_3024x4032.sdr.png	st_oct7_vb4	44	5423	670.623758007423	-67.558	
1400-lilith-nature	imazen-26-png-v3/png-v3/1400-lilith-nature/1510_nature_purple-iris-flowers_colorado_ip8plus_iso40-f2p8_img-0803_3024x4032.sdr.png	st_oct8_vb4	20	22821	2634.942788994522	-68.146	
1400-lilith-nature	imazen-26-png-v3/png-v3/1400-lilith-nature/1510_nature_purple-iris-flowers_colorado_ip8plus_iso40-f2p8_img-0803_3024x4032.sdr.png	st_oct8_vb4	32	11663	1451.304322006763	-67.924	
1400-lilith-nature	imazen-26-png-v3/png-v3/1400-lilith-nature/1510_nature_purple-iris-flowers_colorado_ip8plus_iso40-f2p8_img-0803_3024x4032.sdr.png	st_oct8_vb4	44	4925	685.6216489977669	-67.594	
1400-lilith-nature	imazen-26-png-v3/png-v3/1400-lilith-nature/1510_nature_purple-iris-flowers_colorado_ip8plus_iso40-f2p8_img-0803_3024x4032.sdr.png	st_oct7_ac10	20	23448	2528.5719620005693	-68.137	
1400-lilith-nature	imazen-26-png-v3/png-v3/1400-lilith-nature/1510_nature_purple-iris-flowers_colorado_ip8plus_iso40-f2p8_img-0803_3024x4032.sdr.png	st_oct7_ac10	32	12152	1317.0493130019167	-67.996	
1400-lilith-nature	imazen-26-png-v3/png-v3/1400-lilith-nature/1510_nature_purple-iris-flowers_colorado_ip8plus_iso40-f2p8_img-0803_3024x4032.sdr.png	st_oct7_ac10	44	5029	629.5767000119668	-67.655	
1400-lilith-nature	imazen-26-png-v3/png-v3/1400-lilith-nature/1510_nature_purple-iris-flowers_colorado_ip8plus_iso40-f2p8_img-0803_3024x4032.sdr.png	st_oct7_ac20	20	23508	2504.4226229947526	-68.142	
1400-lilith-nature	imazen-26-png-v3/png-v3/1400-lilith-nature/1510_nature_purple-iris-flowers_colorado_ip8plus_iso40-f2p8_img-0803_3024x4032.sdr.png	st_oct7_ac20	32	12167	1389.2963789985515	-68.036	
1400-lilith-nature	imazen-26-png-v3/png-v3/1400-lilith-nature/1510_nature_purple-iris-flowers_colorado_ip8plus_iso40-f2p8_img-0803_3024x4032.sdr.png	st_oct7_ac20	44	5020	556.0492619988509	-67.610	
1400-lilith-nature	imazen-26-png-v3/png-v3/1400-lilith-nature/1510_nature_purple-iris-flowers_colorado_ip8plus_iso40-f2p8_img-0803_3024x4032.sdr.png	st_oct8_ac10	20	22259	2279.100797997671	-68.129	
1400-lilith-nature	imazen-26-png-v3/png-v3/1400-lilith-nature/1510_nature_purple-iris-flowers_colorado_ip8plus_iso40-f2p8_img-0803_3024x4032.sdr.png	st_oct8_ac10	32	11094	1496.0391530039487	-67.988	
1400-lilith-nature	imazen-26-png-v3/png-v3/1400-lilith-nature/1510_nature_purple-iris-flowers_colorado_ip8plus_iso40-f2p8_img-0803_3024x4032.sdr.png	st_oct8_ac10	44	4661	709.1734830028145	-67.653	
1400-lilith-nature	imazen-26-png-v3/png-v3/1400-lilith-nature/1514_nature_purple-allium-flowers_colorado_ip8plus_iso20-f2p8_img-1310_3024x4032.sdr.png	st_oct8	20	25783	2344.0934590034885	-161.266	
1400-lilith-nature	imazen-26-png-v3/png-v3/1400-lilith-nature/1514_nature_purple-allium-flowers_colorado_ip8plus_iso20-f2p8_img-1310_3024x4032.sdr.png	st_oct8	32	14186	1561.0740239935694	-159.266	
1400-lilith-nature	imazen-26-png-v3/png-v3/1400-lilith-nature/1514_nature_purple-allium-flowers_colorado_ip8plus_iso20-f2p8_img-1310_3024x4032.sdr.png	st_oct8	44	6715	838.272010005312	-156.110	
1400-lilith-nature	imazen-26-png-v3/png-v3/1400-lilith-nature/1514_nature_purple-allium-flowers_colorado_ip8plus_iso20-f2p8_img-1310_3024x4032.sdr.png	st_oct7_vb4	20	27469	2617.7110859862296	-161.082	
1400-lilith-nature	imazen-26-png-v3/png-v3/1400-lilith-nature/1514_nature_purple-allium-flowers_colorado_ip8plus_iso20-f2p8_img-1310_3024x4032.sdr.png	st_oct7_vb4	32	15755	1604.4387830042979	-160.373	
1400-lilith-nature	imazen-26-png-v3/png-v3/1400-lilith-nature/1514_nature_purple-allium-flowers_colorado_ip8plus_iso20-f2p8_img-1310_3024x4032.sdr.png	st_oct7_vb4	44	7461	1014.1602200019406	-156.280	
1400-lilith-nature	imazen-26-png-v3/png-v3/1400-lilith-nature/1514_nature_purple-allium-flowers_colorado_ip8plus_iso20-f2p8_img-1310_3024x4032.sdr.png	st_oct8_vb4	20	26053	2347.493786000996	-161.011	
1400-lilith-nature	imazen-26-png-v3/png-v3/1400-lilith-nature/1514_nature_purple-allium-flowers_colorado_ip8plus_iso20-f2p8_img-1310_3024x4032.sdr.png	st_oct8_vb4	32	14497	1571.0655570001109	-160.081	
1400-lilith-nature	imazen-26-png-v3/png-v3/1400-lilith-nature/1514_nature_purple-allium-flowers_colorado_ip8plus_iso20-f2p8_img-1310_3024x4032.sdr.png	st_oct8_vb4	44	6857	861.6669059993001	-155.617	
1400-lilith-nature	imazen-26-png-v3/png-v3/1400-lilith-nature/1514_nature_purple-allium-flowers_colorado_ip8plus_iso20-f2p8_img-1310_3024x4032.sdr.png	st_oct7_ac10	20	27011	2607.213220995618	-161.199	
1400-lilith-nature	imazen-26-png-v3/png-v3/1400-lilith-nature/1514_nature_purple-allium-flowers_colorado_ip8plus_iso20-f2p8_img-1310_3024x4032.sdr.png	st_oct7_ac10	32	15222	1617.9830330074765	-159.923	
1400-lilith-nature	imazen-26-png-v3/png-v3/1400-lilith-nature/1514_nature_purple-allium-flowers_colorado_ip8plus_iso20-f2p8_img-1310_3024x4032.sdr.png	st_oct7_ac10	44	7247	782.0134749927092	-156.870	
1400-lilith-nature	imazen-26-png-v3/png-v3/1400-lilith-nature/1514_nature_purple-allium-flowers_colorado_ip8plus_iso20-f2p8_img-1310_3024x4032.sdr.png	st_oct7_ac20	20	26999	2492.0635129965376	-161.435	
1400-lilith-nature	imazen-26-png-v3/png-v3/1400-lilith-nature/1514_nature_purple-allium-flowers_colorado_ip8plus_iso20-f2p8_img-1310_3024x4032.sdr.png	st_oct7_ac20	32	15249	1648.1398100004299	-159.764	
1400-lilith-nature	imazen-26-png-v3/png-v3/1400-lilith-nature/1514_nature_purple-allium-flowers_colorado_ip8plus_iso20-f2p8_img-1310_3024x4032.sdr.png	st_oct7_ac20	44	7244	888.5040300083347	-156.005	
1400-lilith-nature	imazen-26-png-v3/png-v3/1400-lilith-nature/1514_nature_purple-allium-flowers_colorado_ip8plus_iso20-f2p8_img-1310_3024x4032.sdr.png	st_oct8_ac10	20	25814	2254.2176059941994	-161.128	
1400-lilith-nature	imazen-26-png-v3/png-v3/1400-lilith-nature/1514_nature_purple-allium-flowers_colorado_ip8plus_iso20-f2p8_img-1310_3024x4032.sdr.png	st_oct8_ac10	32	14173	1536.342107996461	-159.924	
1400-lilith-nature	imazen-26-png-v3/png-v3/1400-lilith-nature/1514_nature_purple-allium-flowers_colorado_ip8plus_iso20-f2p8_img-1310_3024x4032.sdr.png	st_oct8_ac10	44	6722	856.7517929914175	-156.335	
1600-lilith-food	imazen-26-png-v3/png-v3/1600-lilith-food/1608_food_single-cake-slice-plate_anedaitocho-kyoto-japan_s23u_iso320-f2p2_20230709-194142_4000x3000.sdr.png	st_oct8	20	58324	3679.9466210068204	-220.577	
1600-lilith-food	imazen-26-png-v3/png-v3/1600-lilith-food/1608_food_single-cake-slice-plate_anedaitocho-kyoto-japan_s23u_iso320-f2p2_20230709-194142_4000x3000.sdr.png	st_oct8	32	35054	2375.5982959992252	-219.889	
1600-lilith-food	imazen-26-png-v3/png-v3/1600-lilith-food/1608_food_single-cake-slice-plate_anedaitocho-kyoto-japan_s23u_iso320-f2p2_20230709-194142_4000x3000.sdr.png	st_oct8	44	18614	1507.7717429958284	-218.167	
1600-lilith-food	imazen-26-png-v3/png-v3/1600-lilith-food/1608_food_single-cake-slice-plate_anedaitocho-kyoto-japan_s23u_iso320-f2p2_20230709-194142_4000x3000.sdr.png	st_oct7_vb4	20	58602	3630.3498670022236	-220.724	
1600-lilith-food	imazen-26-png-v3/png-v3/1600-lilith-food/1608_food_single-cake-slice-plate_anedaitocho-kyoto-japan_s23u_iso320-f2p2_20230709-194142_4000x3000.sdr.png	st_oct7_vb4	32	35266	2132.1528060070705	-219.958	
1600-lilith-food	imazen-26-png-v3/png-v3/1600-lilith-food/1608_food_single-cake-slice-plate_anedaitocho-kyoto-japan_s23u_iso320-f2p2_20230709-194142_4000x3000.sdr.png	st_oct7_vb4	44	18753	1314.315762007027	-217.992	
1600-lilith-food	imazen-26-png-v3/png-v3/1600-lilith-food/1608_food_single-cake-slice-plate_anedaitocho-kyoto-japan_s23u_iso320-f2p2_20230709-194142_4000x3000.sdr.png	st_oct8_vb4	20	58362	3364.5746020047227	-220.559	
1600-lilith-food	imazen-26-png-v3/png-v3/1600-lilith-food/1608_food_single-cake-slice-plate_anedaitocho-kyoto-japan_s23u_iso320-f2p2_20230709-194142_4000x3000.sdr.png	st_oct8_vb4	32	35080	2104.8220850061625	-219.590	
1600-lilith-food	imazen-26-png-v3/png-v3/1600-lilith-food/1608_food_single-cake-slice-plate_anedaitocho-kyoto-japan_s23u_iso320-f2p2_20230709-194142_4000x3000.sdr.png	st_oct8_vb4	44	18631	1236.873199013644	-218.220	
1600-lilith-food	imazen-26-png-v3/png-v3/1600-lilith-food/1608_food_single-cake-slice-plate_anedaitocho-kyoto-japan_s23u_iso320-f2p2_20230709-194142_4000x3000.sdr.png	st_oct7_ac10	20	58567	3457.9399329959415	-220.737	
1600-lilith-food	imazen-26-png-v3/png-v3/1600-lilith-food/1608_food_single-cake-slice-plate_anedaitocho-kyoto-japan_s23u_iso320-f2p2_20230709-194142_4000x3000.sdr.png	st_oct7_ac10	32	35218	2106.2314419978065	-220.622	
1600-lilith-food	imazen-26-png-v3/png-v3/1600-lilith-food/1608_food_single-cake-slice-plate_anedaitocho-kyoto-japan_s23u_iso320-f2p2_20230709-194142_4000x3000.sdr.png	st_oct7_ac10	44	18735	1145.9738730045501	-218.613	
1600-lilith-food	imazen-26-png-v3/png-v3/1600-lilith-food/1608_food_single-cake-slice-plate_anedaitocho-kyoto-japan_s23u_iso320-f2p2_20230709-194142_4000x3000.sdr.png	st_oct7_ac20	20	58572	3572.8516380040674	-220.635	
1600-lilith-food	imazen-26-png-v3/png-v3/1600-lilith-food/1608_food_single-cake-slice-plate_anedaitocho-kyoto-japan_s23u_iso320-f2p2_20230709-194142_4000x3000.sdr.png	st_oct7_ac20	32	35171	2205.5163430050015	-220.679	
1600-lilith-food	imazen-26-png-v3/png-v3/1600-lilith-food/1608_food_single-cake-slice-plate_anedaitocho-kyoto-japan_s23u_iso320-f2p2_20230709-194142_4000x3000.sdr.png	st_oct7_ac20	44	18743	1233.6513519985601	-218.654	
1600-lilith-food	imazen-26-png-v3/png-v3/1600-lilith-food/1608_food_single-cake-slice-plate_anedaitocho-kyoto-japan_s23u_iso320-f2p2_20230709-194142_4000x3000.sdr.png	st_oct8_ac10	20	58383	3597.219832998235	-220.877	
1600-lilith-food	imazen-26-png-v3/png-v3/1600-lilith-food/1608_food_single-cake-slice-plate_anedaitocho-kyoto-japan_s23u_iso320-f2p2_20230709-194142_4000x3000.sdr.png	st_oct8_ac10	32	35064	2271.38814299542	-220.520	
1600-lilith-food	imazen-26-png-v3/png-v3/1600-lilith-food/1608_food_single-cake-slice-plate_anedaitocho-kyoto-japan_s23u_iso320-f2p2_20230709-194142_4000x3000.sdr.png	st_oct8_ac10	44	18635	1361.0336989950156	-217.919	
1600-lilith-food	imazen-26-png-v3/png-v3/1600-lilith-food/1614_food_dessert-plate-upside-down_valladolid-mexico_s23u_iso640-f1p7_20230917-213342_4000x3000.sdr.png	st_oct8	20	49122	3279.8676550009986	-161.963	
1600-lilith-food	imazen-26-png-v3/png-v3/1600-lilith-food/1614_food_dessert-plate-upside-down_valladolid-mexico_s23u_iso640-f1p7_20230917-213342_4000x3000.sdr.png	st_oct8	32	27713	2058.110169993597	-161.871	
1600-lilith-food	imazen-26-png-v3/png-v3/1600-lilith-food/1614_food_dessert-plate-upside-down_valladolid-mexico_s23u_iso640-f1p7_20230917-213342_4000x3000.sdr.png	st_oct8	44	13642	1082.2093650058378	-157.927	
1600-lilith-food	imazen-26-png-v3/png-v3/1600-lilith-food/1614_food_dessert-plate-upside-down_valladolid-mexico_s23u_iso640-f1p7_20230917-213342_4000x3000.sdr.png	st_oct7_vb4	20	50563	3299.2907790030586	-162.232	
1600-lilith-food	imazen-26-png-v3/png-v3/1600-lilith-food/1614_food_dessert-plate-upside-down_valladolid-mexico_s23u_iso640-f1p7_20230917-213342_4000x3000.sdr.png	st_oct7_vb4	32	29067	1988.2113829953596	-161.709	
1600-lilith-food	imazen-26-png-v3/png-v3/1600-lilith-food/1614_food_dessert-plate-upside-down_valladolid-mexico_s23u_iso640-f1p7_20230917-213342_4000x3000.sdr.png	st_oct7_vb4	44	14280	1106.3533240085235	-159.385	
1600-lilith-food	imazen-26-png-v3/png-v3/1600-lilith-food/1614_food_dessert-plate-upside-down_valladolid-mexico_s23u_iso640-f1p7_20230917-213342_4000x3000.sdr.png	st_oct8_vb4	20	49437	3277.344693997293	-162.254	
1600-lilith-food	imazen-26-png-v3/png-v3/1600-lilith-food/1614_food_dessert-plate-upside-down_valladolid-mexico_s23u_iso640-f1p7_20230917-213342_4000x3000.sdr.png	st_oct8_vb4	32	28100	2083.686639001826	-161.577	
1600-lilith-food	imazen-26-png-v3/png-v3/1600-lilith-food/1614_food_dessert-plate-upside-down_valladolid-mexico_s23u_iso640-f1p7_20230917-213342_4000x3000.sdr.png	st_oct8_vb4	44	13806	1057.9386850004084	-157.351	
1600-lilith-food	imazen-26-png-v3/png-v3/1600-lilith-food/1614_food_dessert-plate-upside-down_valladolid-mexico_s23u_iso640-f1p7_20230917-213342_4000x3000.sdr.png	st_oct7_ac10	20	50036	3767.6845450041583	-162.552	
1600-lilith-food	imazen-26-png-v3/png-v3/1600-lilith-food/1614_food_dessert-plate-upside-down_valladolid-mexico_s23u_iso640-f1p7_20230917-213342_4000x3000.sdr.png	st_oct7_ac10	32	28560	2022.1102459909162	-162.174	
1600-lilith-food	imazen-26-png-v3/png-v3/1600-lilith-food/1614_food_dessert-plate-upside-down_valladolid-mexico_s23u_iso640-f1p7_20230917-213342_4000x3000.sdr.png	st_oct7_ac10	44	14036	1144.2913579958258	-157.875	
1600-lilith-food	imazen-26-png-v3/png-v3/1600-lilith-food/1614_food_dessert-plate-upside-down_valladolid-mexico_s23u_iso640-f1p7_20230917-213342_4000x3000.sdr.png	st_oct7_ac20	20	50020	4165.554474995588	-162.611	
1600-lilith-food	imazen-26-png-v3/png-v3/1600-lilith-food/1614_food_dessert-plate-upside-down_valladolid-mexico_s23u_iso640-f1p7_20230917-213342_4000x3000.sdr.png	st_oct7_ac20	32	28540	2256.508866994409	-160.881	
1600-lilith-food	imazen-26-png-v3/png-v3/1600-lilith-food/1614_food_dessert-plate-upside-down_valladolid-mexico_s23u_iso640-f1p7_20230917-213342_4000x3000.sdr.png	st_oct7_ac20	44	14027	1119.565793997026	-158.046	
1600-lilith-food	imazen-26-png-v3/png-v3/1600-lilith-food/1614_food_dessert-plate-upside-down_valladolid-mexico_s23u_iso640-f1p7_20230917-213342_4000x3000.sdr.png	st_oct8_ac10	20	49118	4060.4515559971333	-161.794	
1600-lilith-food	imazen-26-png-v3/png-v3/1600-lilith-food/1614_food_dessert-plate-upside-down_valladolid-mexico_s23u_iso640-f1p7_20230917-213342_4000x3000.sdr.png	st_oct8_ac10	32	27709	2190.174970004591	-161.319	
1600-lilith-food	imazen-26-png-v3/png-v3/1600-lilith-food/1614_food_dessert-plate-upside-down_valladolid-mexico_s23u_iso640-f1p7_20230917-213342_4000x3000.sdr.png	st_oct8_ac10	44	13626	1071.862646000227	-158.289	
2000-unsplash-people	imazen-26-png-v3/png-v3/2000-unsplash-people/2000_people_by-alexander-aguero-enppvuxbcce-unsplash_4400x6600.sdr.png	st_oct8	20	18681	2088.0770569929155	-49.610	
2000-unsplash-people	imazen-26-png-v3/png-v3/2000-unsplash-people/2000_people_by-alexander-aguero-enppvuxbcce-unsplash_4400x6600.sdr.png	st_oct8	32	10097	1380.6038119946606	-49.188	
2000-unsplash-people	imazen-26-png-v3/png-v3/2000-unsplash-people/2000_people_by-alexander-aguero-enppvuxbcce-unsplash_4400x6600.sdr.png	st_oct8	44	2751	620.2423439972335	-46.488	
2000-unsplash-people	imazen-26-png-v3/png-v3/2000-unsplash-people/2000_people_by-alexander-aguero-enppvuxbcce-unsplash_4400x6600.sdr.png	st_oct7_vb4	20	19913	1995.9005839918973	-49.673	
2000-unsplash-people	imazen-26-png-v3/png-v3/2000-unsplash-people/2000_people_by-alexander-aguero-enppvuxbcce-unsplash_4400x6600.sdr.png	st_oct7_vb4	32	11215	1567.420815990772	-49.374	
2000-unsplash-people	imazen-26-png-v3/png-v3/2000-unsplash-people/2000_people_by-alexander-aguero-enppvuxbcce-unsplash_4400x6600.sdr.png	st_oct7_vb4	44	3624	560.1147020061035	-47.420	
2000-unsplash-people	imazen-26-png-v3/png-v3/2000-unsplash-people/2000_people_by-alexander-aguero-enppvuxbcce-unsplash_4400x6600.sdr.png	st_oct8_vb4	20	19499	2236.419287000899	-49.605	
2000-unsplash-people	imazen-26-png-v3/png-v3/2000-unsplash-people/2000_people_by-alexander-aguero-enppvuxbcce-unsplash_4400x6600.sdr.png	st_oct8_vb4	32	10772	1334.8818270023912	-49.252	
2000-unsplash-people	imazen-26-png-v3/png-v3/2000-unsplash-people/2000_people_by-alexander-aguero-enppvuxbcce-unsplash_4400x6600.sdr.png	st_oct8_vb4	44	3278	726.7941449972568	-47.664	
2000-unsplash-people	imazen-26-png-v3/png-v3/2000-unsplash-people/2000_people_by-alexander-aguero-enppvuxbcce-unsplash_4400x6600.sdr.png	st_oct7_ac10	20	19048	2409.003071996267	-49.710	
2000-unsplash-people	imazen-26-png-v3/png-v3/2000-unsplash-people/2000_people_by-alexander-aguero-enppvuxbcce-unsplash_4400x6600.sdr.png	st_oct7_ac10	32	10470	1502.9023259994574	-49.435	
2000-unsplash-people	imazen-26-png-v3/png-v3/2000-unsplash-people/2000_people_by-alexander-aguero-enppvuxbcce-unsplash_4400x6600.sdr.png	st_oct7_ac10	44	2973	528.8410640059737	-46.721	
2000-unsplash-people	imazen-26-png-v3/png-v3/2000-unsplash-people/2000_people_by-alexander-aguero-enppvuxbcce-unsplash_4400x6600.sdr.png	st_oct7_ac20	20	19050	2322.133246998419	-49.738	
2000-unsplash-people	imazen-26-png-v3/png-v3/2000-unsplash-people/2000_people_by-alexander-aguero-enppvuxbcce-unsplash_4400x6600.sdr.png	st_oct7_ac20	32	10440	1809.187197999563	-49.378	
2000-unsplash-people	imazen-26-png-v3/png-v3/2000-unsplash-people/2000_people_by-alexander-aguero-enppvuxbcce-unsplash_4400x6600.sdr.png	st_oct7_ac20	44	2970	806.397881009616	-47.024	
2000-unsplash-people	imazen-26-png-v3/png-v3/2000-unsplash-people/2000_people_by-alexander-aguero-enppvuxbcce-unsplash_4400x6600.sdr.png	st_oct8_ac10	20	18658	2506.153049005661	-49.567	
2000-unsplash-people	imazen-26-png-v3/png-v3/2000-unsplash-people/2000_people_by-alexander-aguero-enppvuxbcce-unsplash_4400x6600.sdr.png	st_oct8_ac10	32	10099	1562.3380730103236	-49.210	
2000-unsplash-people	imazen-26-png-v3/png-v3/2000-unsplash-people/2000_people_by-alexander-aguero-enppvuxbcce-unsplash_4400x6600.sdr.png	st_oct8_ac10	44	2756	678.3503100014059	-46.349	
2000-unsplash-people	imazen-26-png-v3/png-v3/2000-unsplash-people/2001_people_by-anastasia-pivnenko-prng6r1nspq-unsplash_2272x3072.sdr.png	st_oct8	20	70554	4678.235201005009	-66.868	
2000-unsplash-people	imazen-26-png-v3/png-v3/2000-unsplash-people/2001_people_by-anastasia-pivnenko-prng6r1nspq-unsplash_2272x3072.sdr.png	st_oct8	32	33584	3201.6978210012894	-66.585	
2000-unsplash-people	imazen-26-png-v3/png-v3/2000-unsplash-people/2001_people_by-anastasia-pivnenko-prng6r1nspq-unsplash_2272x3072.sdr.png	st_oct8	44	6085	1113.137316002394	-65.965	
2000-unsplash-people	imazen-26-png-v3/png-v3/2000-unsplash-people/2001_people_by-anastasia-pivnenko-prng6r1nspq-unsplash_2272x3072.sdr.png	st_oct7_vb4	20	74612	4345.187195998733	-66.845	
2000-unsplash-people	imazen-26-png-v3/png-v3/2000-unsplash-people/2001_people_by-anastasia-pivnenko-prng6r1nspq-unsplash_2272x3072.sdr.png	st_oct7_vb4	32	41665	3057.9003309976542	-66.556	
2000-unsplash-people	imazen-26-png-v3/png-v3/2000-unsplash-people/2001_people_by-anastasia-pivnenko-prng6r1nspq-unsplash_2272x3072.sdr.png	st_oct7_vb4	44	8040	1121.6516650019912	-66.193	
2000-unsplash-people	imazen-26-png-v3/png-v3/2000-unsplash-people/2001_people_by-anastasia-pivnenko-prng6r1nspq-unsplash_2272x3072.sdr.png	st_oct8_vb4	20	72261	4078.6007909919135	-66.853	
2000-unsplash-people	imazen-26-png-v3/png-v3/2000-unsplash-people/2001_people_by-anastasia-pivnenko-prng6r1nspq-unsplash_2272x3072.sdr.png	st_oct8_vb4	32	36649	2774.7249549865955	-66.628	
2000-unsplash-people	imazen-26-png-v3/png-v3/2000-unsplash-people/2001_people_by-anastasia-pivnenko-prng6r1nspq-unsplash_2272x3072.sdr.png	st_oct8_vb4	44	7002	929.9597339995671	-66.026	
2000-unsplash-people	imazen-26-png-v3/png-v3/2000-unsplash-people/2001_people_by-anastasia-pivnenko-prng6r1nspq-unsplash_2272x3072.sdr.png	st_oct7_ac10	20	72645	4468.733378991601	-66.886	
2000-unsplash-people	imazen-26-png-v3/png-v3/2000-unsplash-people/2001_people_by-anastasia-pivnenko-prng6r1nspq-unsplash_2272x3072.sdr.png	st_oct7_ac10	32	37422	2780.7423009944614	-66.545	
2000-unsplash-people	imazen-26-png-v3/png-v3/2000-unsplash-people/2001_people_by-anastasia-pivnenko-prng6r1nspq-unsplash_2272x3072.sdr.png	st_oct7_ac10	44	6905	730.4455580015201	-66.079	
2000-unsplash-people	imazen-26-png-v3/png-v3/2000-unsplash-people/2001_people_by-anastasia-pivnenko-prng6r1nspq-unsplash_2272x3072.sdr.png	st_oct7_ac20	20	72693	4662.702564004576	-66.896	
2000-unsplash-people	imazen-26-png-v3/png-v3/2000-unsplash-people/2001_people_by-anastasia-pivnenko-prng6r1nspq-unsplash_2272x3072.sdr.png	st_oct7_ac20	32	37591	2829.2240270093316	-66.590	
2000-unsplash-people	imazen-26-png-v3/png-v3/2000-unsplash-people/2001_people_by-anastasia-pivnenko-prng6r1nspq-unsplash_2272x3072.sdr.png	st_oct7_ac20	44	6902	589.9575329967774	-66.041	
2000-unsplash-people	imazen-26-png-v3/png-v3/2000-unsplash-people/2001_people_by-anastasia-pivnenko-prng6r1nspq-unsplash_2272x3072.sdr.png	st_oct8_ac10	20	70565	5996.28288000531	-66.866	
2000-unsplash-people	imazen-26-png-v3/png-v3/2000-unsplash-people/2001_people_by-anastasia-pivnenko-prng6r1nspq-unsplash_2272x3072.sdr.png	st_oct8_ac10	32	33795	3412.2124959976645	-66.547	
2000-unsplash-people	imazen-26-png-v3/png-v3/2000-unsplash-people/2001_people_by-anastasia-pivnenko-prng6r1nspq-unsplash_2272x3072.sdr.png	st_oct8_ac10	44	6069	669.0053040074417	-66.008	
2200-unsplash-renders	imazen-26-png-v3/png-v3/2200-unsplash-renders/2200_renders_abstract-folded-ribbons_by-a-chosen-soul-moigsaj8te0-unsplash_7680x4320.sdr.png	st_oct8	20	13214	1241.350953001529	-59.927	
2200-unsplash-renders	imazen-26-png-v3/png-v3/2200-unsplash-renders/2200_renders_abstract-folded-ribbons_by-a-chosen-soul-moigsaj8te0-unsplash_7680x4320.sdr.png	st_oct8	32	6013	922.2041760076536	-59.873	
2200-unsplash-renders	imazen-26-png-v3/png-v3/2200-unsplash-renders/2200_renders_abstract-folded-ribbons_by-a-chosen-soul-moigsaj8te0-unsplash_7680x4320.sdr.png	st_oct8	44	1266	413.6774689977756	-59.458	
2200-unsplash-renders	imazen-26-png-v3/png-v3/2200-unsplash-renders/2200_renders_abstract-folded-ribbons_by-a-chosen-soul-moigsaj8te0-unsplash_7680x4320.sdr.png	st_oct7_vb4	20	14140	1715.0771140004508	-59.957	
2200-unsplash-renders	imazen-26-png-v3/png-v3/2200-unsplash-renders/2200_renders_abstract-folded-ribbons_by-a-chosen-soul-moigsaj8te0-unsplash_7680x4320.sdr.png	st_oct7_vb4	32	7410	1210.6600109982537	-59.878	
2200-unsplash-renders	imazen-26-png-v3/png-v3/2200-unsplash-renders/2200_renders_abstract-folded-ribbons_by-a-chosen-soul-moigsaj8te0-unsplash_7680x4320.sdr.png	st_oct7_vb4	44	1613	622.3526710091392	-59.499	
2200-unsplash-renders	imazen-26-png-v3/png-v3/2200-unsplash-renders/2200_renders_abstract-folded-ribbons_by-a-chosen-soul-moigsaj8te0-unsplash_7680x4320.sdr.png	st_oct8_vb4	20	13560	1581.4587640052196	-59.899	
2200-unsplash-renders	imazen-26-png-v3/png-v3/2200-unsplash-renders/2200_renders_abstract-folded-ribbons_by-a-chosen-soul-moigsaj8te0-unsplash_7680x4320.sdr.png	st_oct8_vb4	32	6618	1120.3072420030367	-59.808	
2200-unsplash-renders	imazen-26-png-v3/png-v3/2200-unsplash-renders/2200_renders_abstract-folded-ribbons_by-a-chosen-soul-moigsaj8te0-unsplash_7680x4320.sdr.png	st_oct8_vb4	44	1397	519.3134110013489	-59.480	
2200-unsplash-renders	imazen-26-png-v3/png-v3/2200-unsplash-renders/2200_renders_abstract-folded-ribbons_by-a-chosen-soul-moigsaj8te0-unsplash_7680x4320.sdr.png	st_oct7_ac10	20	13737	1909.3782800046029	-59.938	
2200-unsplash-renders	imazen-26-png-v3/png-v3/2200-unsplash-renders/2200_renders_abstract-folded-ribbons_by-a-chosen-soul-moigsaj8te0-unsplash_7680x4320.sdr.png	st_oct7_ac10	32	6658	1252.5175769987982	-59.886	
2200-unsplash-renders	imazen-26-png-v3/png-v3/2200-unsplash-renders/2200_renders_abstract-folded-ribbons_by-a-chosen-soul-moigsaj8te0-unsplash_7680x4320.sdr.png	st_oct7_ac10	44	1478	487.80333300237544	-59.467	
2200-unsplash-renders	imazen-26-png-v3/png-v3/2200-unsplash-renders/2200_renders_abstract-folded-ribbons_by-a-chosen-soul-moigsaj8te0-unsplash_7680x4320.sdr.png	st_oct7_ac20	20	13755	2717.638336995151	-59.933	
2200-unsplash-renders	imazen-26-png-v3/png-v3/2200-unsplash-renders/2200_renders_abstract-folded-ribbons_by-a-chosen-soul-moigsaj8te0-unsplash_7680x4320.sdr.png	st_oct7_ac20	32	6658	1533.4461580059724	-59.887	
2200-unsplash-renders	imazen-26-png-v3/png-v3/2200-unsplash-renders/2200_renders_abstract-folded-ribbons_by-a-chosen-soul-moigsaj8te0-unsplash_7680x4320.sdr.png	st_oct7_ac20	44	1482	630.3010350093246	-59.473	
2200-unsplash-renders	imazen-26-png-v3/png-v3/2200-unsplash-renders/2200_renders_abstract-folded-ribbons_by-a-chosen-soul-moigsaj8te0-unsplash_7680x4320.sdr.png	st_oct8_ac10	20	13230	2671.863551993738	-59.913	
2200-unsplash-renders	imazen-26-png-v3/png-v3/2200-unsplash-renders/2200_renders_abstract-folded-ribbons_by-a-chosen-soul-moigsaj8te0-unsplash_7680x4320.sdr.png	st_oct8_ac10	32	6028	1847.0147820044076	-59.847	
2200-unsplash-renders	imazen-26-png-v3/png-v3/2200-unsplash-renders/2200_renders_abstract-folded-ribbons_by-a-chosen-soul-moigsaj8te0-unsplash_7680x4320.sdr.png	st_oct8_ac10	44	1265	502.60882900329307	-59.464	
2200-unsplash-renders	imazen-26-png-v3/png-v3/2200-unsplash-renders/2201_renders_abstract-dark-curves_by-anton-sobotyak-g7ayfxxntva-unsplash_3840x2160.sdr.png	st_oct8	20	1008	188.25589599146042	-13.168	
2200-unsplash-renders	imazen-26-png-v3/png-v3/2200-unsplash-renders/2201_renders_abstract-dark-curves_by-anton-sobotyak-g7ayfxxntva-unsplash_3840x2160.sdr.png	st_oct8	32	600	177.31069099681918	-12.998	
2200-unsplash-renders	imazen-26-png-v3/png-v3/2200-unsplash-renders/2201_renders_abstract-dark-curves_by-anton-sobotyak-g7ayfxxntva-unsplash_3840x2160.sdr.png	st_oct8	44	336	124.85187200945802	-13.284	
2200-unsplash-renders	imazen-26-png-v3/png-v3/2200-unsplash-renders/2201_renders_abstract-dark-curves_by-anton-sobotyak-g7ayfxxntva-unsplash_3840x2160.sdr.png	st_oct7_vb4	20	1076	577.351183994324	-13.117	
2200-unsplash-renders	imazen-26-png-v3/png-v3/2200-unsplash-renders/2201_renders_abstract-dark-curves_by-anton-sobotyak-g7ayfxxntva-unsplash_3840x2160.sdr.png	st_oct7_vb4	32	644	520.6552289891988	-12.992	
2200-unsplash-renders	imazen-26-png-v3/png-v3/2200-unsplash-renders/2201_renders_abstract-dark-curves_by-anton-sobotyak-g7ayfxxntva-unsplash_3840x2160.sdr.png	st_oct7_vb4	44	397	251.61403299716767	-12.738	
2200-unsplash-renders	imazen-26-png-v3/png-v3/2200-unsplash-renders/2201_renders_abstract-dark-curves_by-anton-sobotyak-g7ayfxxntva-unsplash_3840x2160.sdr.png	st_oct8_vb4	20	1062	516.428603004897	-13.131	
2200-unsplash-renders	imazen-26-png-v3/png-v3/2200-unsplash-renders/2201_renders_abstract-dark-curves_by-anton-sobotyak-g7ayfxxntva-unsplash_3840x2160.sdr.png	st_oct8_vb4	32	629	398.0589999991935	-13.214	
2200-unsplash-renders	imazen-26-png-v3/png-v3/2200-unsplash-renders/2201_renders_abstract-dark-curves_by-anton-sobotyak-g7ayfxxntva-unsplash_3840x2160.sdr.png	st_oct8_vb4	44	375	233.23563199664932	-12.815	
2200-unsplash-renders	imazen-26-png-v3/png-v3/2200-unsplash-renders/2201_renders_abstract-dark-curves_by-anton-sobotyak-g7ayfxxntva-unsplash_3840x2160.sdr.png	st_oct7_ac10	20	1030	468.79940599319525	-13.185	
2200-unsplash-renders	imazen-26-png-v3/png-v3/2200-unsplash-renders/2201_renders_abstract-dark-curves_by-anton-sobotyak-g7ayfxxntva-unsplash_3840x2160.sdr.png	st_oct7_ac10	32	607	337.2125030000461	-12.910	
2200-unsplash-renders	imazen-26-png-v3/png-v3/2200-unsplash-renders/2201_renders_abstract-dark-curves_by-anton-sobotyak-g7ayfxxntva-unsplash_3840x2160.sdr.png	st_oct7_ac10	44	343	516.0339730064152	-13.087	
2200-unsplash-renders	imazen-26-png-v3/png-v3/2200-unsplash-renders/2201_renders_abstract-dark-curves_by-anton-sobotyak-g7ayfxxntva-unsplash_3840x2160.sdr.png	st_oct7_ac20	20	1030	810.9120840090327	-13.137	
2200-unsplash-renders	imazen-26-png-v3/png-v3/2200-unsplash-renders/2201_renders_abstract-dark-curves_by-anton-sobotyak-g7ayfxxntva-unsplash_3840x2160.sdr.png	st_oct7_ac20	32	612	688.0439790111268	-13.009	
2200-unsplash-renders	imazen-26-png-v3/png-v3/2200-unsplash-renders/2201_renders_abstract-dark-curves_by-anton-sobotyak-g7ayfxxntva-unsplash_3840x2160.sdr.png	st_oct7_ac20	44	343	394.61658299842384	-13.220	
2200-unsplash-renders	imazen-26-png-v3/png-v3/2200-unsplash-renders/2201_renders_abstract-dark-curves_by-anton-sobotyak-g7ayfxxntva-unsplash_3840x2160.sdr.png	st_oct8_ac10	20	1004	243.60230899765156	-13.209	
2200-unsplash-renders	imazen-26-png-v3/png-v3/2200-unsplash-renders/2201_renders_abstract-dark-curves_by-anton-sobotyak-g7ayfxxntva-unsplash_3840x2160.sdr.png	st_oct8_ac10	32	600	497.3080329946242	-12.999	
2200-unsplash-renders	imazen-26-png-v3/png-v3/2200-unsplash-renders/2201_renders_abstract-dark-curves_by-anton-sobotyak-g7ayfxxntva-unsplash_3840x2160.sdr.png	st_oct8_ac10	44	336	413.7104920082493	-13.284	
2400-unsplash-textures	imazen-26-png-v3/png-v3/2400-unsplash-textures/2404_textures_tree-bark-texture_by-hwang-sanguk-k0tljwrabxg-unsplash_3024x3024.sdr.png	st_oct8	20	81786	4566.058658994734	-242.507	
2400-unsplash-textures	imazen-26-png-v3/png-v3/2400-unsplash-textures/2404_textures_tree-bark-texture_by-hwang-sanguk-k0tljwrabxg-unsplash_3024x3024.sdr.png	st_oct8	32	42432	2782.3086150019662	-242.582	
2400-unsplash-textures	imazen-26-png-v3/png-v3/2400-unsplash-textures/2404_textures_tree-bark-texture_by-hwang-sanguk-k0tljwrabxg-unsplash_3024x3024.sdr.png	st_oct8	44	17670	1611.1063040007139	-239.296	
2400-unsplash-textures	imazen-26-png-v3/png-v3/2400-unsplash-textures/2404_textures_tree-bark-texture_by-hwang-sanguk-k0tljwrabxg-unsplash_3024x3024.sdr.png	st_oct7_vb4	20	82289	4599.094812991098	-242.498	
2400-unsplash-textures	imazen-26-png-v3/png-v3/2400-unsplash-textures/2404_textures_tree-bark-texture_by-hwang-sanguk-k0tljwrabxg-unsplash_3024x3024.sdr.png	st_oct7_vb4	32	42953	2503.226711996831	-243.890	
2400-unsplash-textures	imazen-26-png-v3/png-v3/2400-unsplash-textures/2404_textures_tree-bark-texture_by-hwang-sanguk-k0tljwrabxg-unsplash_3024x3024.sdr.png	st_oct7_vb4	44	17901	1179.3121009977767	-239.031	
2400-unsplash-textures	imazen-26-png-v3/png-v3/2400-unsplash-textures/2404_textures_tree-bark-texture_by-hwang-sanguk-k0tljwrabxg-unsplash_3024x3024.sdr.png	st_oct8_vb4	20	81814	4368.480228004046	-242.713	
2400-unsplash-textures	imazen-26-png-v3/png-v3/2400-unsplash-textures/2404_textures_tree-bark-texture_by-hwang-sanguk-k0tljwrabxg-unsplash_3024x3024.sdr.png	st_oct8_vb4	32	42536	2342.182780994335	-243.107	
2400-unsplash-textures	imazen-26-png-v3/png-v3/2400-unsplash-textures/2404_textures_tree-bark-texture_by-hwang-sanguk-k0tljwrabxg-unsplash_3024x3024.sdr.png	st_oct8_vb4	44	17727	1051.5004879998742	-237.977	
2400-unsplash-textures	imazen-26-png-v3/png-v3/2400-unsplash-textures/2404_textures_tree-bark-texture_by-hwang-sanguk-k0tljwrabxg-unsplash_3024x3024.sdr.png	st_oct7_ac10	20	82133	4587.141705007525	-242.882	
2400-unsplash-textures	imazen-26-png-v3/png-v3/2400-unsplash-textures/2404_textures_tree-bark-texture_by-hwang-sanguk-k0tljwrabxg-unsplash_3024x3024.sdr.png	st_oct7_ac10	32	42847	2431.618980001076	-243.250	
2400-unsplash-textures	imazen-26-png-v3/png-v3/2400-unsplash-textures/2404_textures_tree-bark-texture_by-hwang-sanguk-k0tljwrabxg-unsplash_3024x3024.sdr.png	st_oct7_ac10	44	17906	1142.2608110005967	-239.173	
2400-unsplash-textures	imazen-26-png-v3/png-v3/2400-unsplash-textures/2404_textures_tree-bark-texture_by-hwang-sanguk-k0tljwrabxg-unsplash_3024x3024.sdr.png	st_oct7_ac20	20	82182	5206.921320001129	-242.633	
2400-unsplash-textures	imazen-26-png-v3/png-v3/2400-unsplash-textures/2404_textures_tree-bark-texture_by-hwang-sanguk-k0tljwrabxg-unsplash_3024x3024.sdr.png	st_oct7_ac20	32	42905	2404.788658997859	-242.980	
2400-unsplash-textures	imazen-26-png-v3/png-v3/2400-unsplash-textures/2404_textures_tree-bark-texture_by-hwang-sanguk-k0tljwrabxg-unsplash_3024x3024.sdr.png	st_oct7_ac20	44	17916	1287.3996889975388	-241.522	
2400-unsplash-textures	imazen-26-png-v3/png-v3/2400-unsplash-textures/2404_textures_tree-bark-texture_by-hwang-sanguk-k0tljwrabxg-unsplash_3024x3024.sdr.png	st_oct8_ac10	20	81855	5661.312954995083	-242.787	
2400-unsplash-textures	imazen-26-png-v3/png-v3/2400-unsplash-textures/2404_textures_tree-bark-texture_by-hwang-sanguk-k0tljwrabxg-unsplash_3024x3024.sdr.png	st_oct8_ac10	32	42623	3333.1453779974254	-242.442	
2400-unsplash-textures	imazen-26-png-v3/png-v3/2400-unsplash-textures/2404_textures_tree-bark-texture_by-hwang-sanguk-k0tljwrabxg-unsplash_3024x3024.sdr.png	st_oct8_ac10	44	17690	1132.6479669951368	-239.466	
2400-unsplash-textures	imazen-26-png-v3/png-v3/2400-unsplash-textures/2407_textures_blue-wabring-threads_by-pawel-czerwinski-kra9zndplra-unsplash_4000x6000.sdr.png	st_oct8	20	18817	2146.824217008543	-66.702	
2400-unsplash-textures	imazen-26-png-v3/png-v3/2400-unsplash-textures/2407_textures_blue-wabring-threads_by-pawel-czerwinski-kra9zndplra-unsplash_4000x6000.sdr.png	st_oct8	32	5836	814.149792000535	-66.450	
2400-unsplash-textures	imazen-26-png-v3/png-v3/2400-unsplash-textures/2407_textures_blue-wabring-threads_by-pawel-czerwinski-kra9zndplra-unsplash_4000x6000.sdr.png	st_oct8	44	2396	414.9267620086903	-66.055	
2400-unsplash-textures	imazen-26-png-v3/png-v3/2400-unsplash-textures/2407_textures_blue-wabring-threads_by-pawel-czerwinski-kra9zndplra-unsplash_4000x6000.sdr.png	st_oct7_vb4	20	20824	2793.99145100615	-66.799	
2400-unsplash-textures	imazen-26-png-v3/png-v3/2400-unsplash-textures/2407_textures_blue-wabring-threads_by-pawel-czerwinski-kra9zndplra-unsplash_4000x6000.sdr.png	st_oct7_vb4	32	7438	1242.403030002606	-66.503	
2400-unsplash-textures	imazen-26-png-v3/png-v3/2400-unsplash-textures/2407_textures_blue-wabring-threads_by-pawel-czerwinski-kra9zndplra-unsplash_4000x6000.sdr.png	st_oct7_vb4	44	2805	612.0701949985232	-66.210	
2400-unsplash-textures	imazen-26-png-v3/png-v3/2400-unsplash-textures/2407_textures_blue-wabring-threads_by-pawel-czerwinski-kra9zndplra-unsplash_4000x6000.sdr.png	st_oct8_vb4	20	20110	2466.246907002642	-66.753	
2400-unsplash-textures	imazen-26-png-v3/png-v3/2400-unsplash-textures/2407_textures_blue-wabring-threads_by-pawel-czerwinski-kra9zndplra-unsplash_4000x6000.sdr.png	st_oct8_vb4	32	6823	1211.4336100057699	-66.447	
2400-unsplash-textures	imazen-26-png-v3/png-v3/2400-unsplash-textures/2407_textures_blue-wabring-threads_by-pawel-czerwinski-kra9zndplra-unsplash_4000x6000.sdr.png	st_oct8_vb4	44	2657	552.1348390029743	-66.295	
2400-unsplash-textures	imazen-26-png-v3/png-v3/2400-unsplash-textures/2407_textures_blue-wabring-threads_by-pawel-czerwinski-kra9zndplra-unsplash_4000x6000.sdr.png	st_oct7_ac10	20	19686	2556.143980997149	-66.730	
2400-unsplash-textures	imazen-26-png-v3/png-v3/2400-unsplash-textures/2407_textures_blue-wabring-threads_by-pawel-czerwinski-kra9zndplra-unsplash_4000x6000.sdr.png	st_oct7_ac10	32	6477	1138.2710350007983	-66.479	
2400-unsplash-textures	imazen-26-png-v3/png-v3/2400-unsplash-textures/2407_textures_blue-wabring-threads_by-pawel-czerwinski-kra9zndplra-unsplash_4000x6000.sdr.png	st_oct7_ac10	44	2524	647.7903880004305	-66.178	
2400-unsplash-textures	imazen-26-png-v3/png-v3/2400-unsplash-textures/2407_textures_blue-wabring-threads_by-pawel-czerwinski-kra9zndplra-unsplash_4000x6000.sdr.png	st_oct7_ac20	20	19713	2613.210921001155	-66.726	
2400-unsplash-textures	imazen-26-png-v3/png-v3/2400-unsplash-textures/2407_textures_blue-wabring-threads_by-pawel-czerwinski-kra9zndplra-unsplash_4000x6000.sdr.png	st_oct7_ac20	32	6450	1250.3405030001886	-66.501	
2400-unsplash-textures	imazen-26-png-v3/png-v3/2400-unsplash-textures/2407_textures_blue-wabring-threads_by-pawel-czerwinski-kra9zndplra-unsplash_4000x6000.sdr.png	st_oct7_ac20	44	2524	588.4172589867376	-66.178	
2400-unsplash-textures	imazen-26-png-v3/png-v3/2400-unsplash-textures/2407_textures_blue-wabring-threads_by-pawel-czerwinski-kra9zndplra-unsplash_4000x6000.sdr.png	st_oct8_ac10	20	18811	2557.1837650059024	-66.717	
2400-unsplash-textures	imazen-26-png-v3/png-v3/2400-unsplash-textures/2407_textures_blue-wabring-threads_by-pawel-czerwinski-kra9zndplra-unsplash_4000x6000.sdr.png	st_oct8_ac10	32	5831	1166.2543139973423	-66.476	
2400-unsplash-textures	imazen-26-png-v3/png-v3/2400-unsplash-textures/2407_textures_blue-wabring-threads_by-pawel-czerwinski-kra9zndplra-unsplash_4000x6000.sdr.png	st_oct8_ac10	44	2394	589.2724620061927	-66.069	
3000-art-institute-of-chicago-photos	imazen-26-png-v3/png-v3/3000-art-institute-of-chicago-photos/3001_aic_self-portrait_11_4000x5226.sdr.png	st_oct8	20	25109	2870.695521007292	-45.486	
3000-art-institute-of-chicago-photos	imazen-26-png-v3/png-v3/3000-art-institute-of-chicago-photos/3001_aic_self-portrait_11_4000x5226.sdr.png	st_oct8	32	12804	1787.1206540003186	-44.870	
3000-art-institute-of-chicago-photos	imazen-26-png-v3/png-v3/3000-art-institute-of-chicago-photos/3001_aic_self-portrait_11_4000x5226.sdr.png	st_oct8	44	2955	850.0276039994787	-40.657	
3000-art-institute-of-chicago-photos	imazen-26-png-v3/png-v3/3000-art-institute-of-chicago-photos/3001_aic_self-portrait_11_4000x5226.sdr.png	st_oct7_vb4	20	27110	2776.1006060027285	-45.511	
3000-art-institute-of-chicago-photos	imazen-26-png-v3/png-v3/3000-art-institute-of-chicago-photos/3001_aic_self-portrait_11_4000x5226.sdr.png	st_oct7_vb4	32	14750	1808.8241880032	-44.912	
3000-art-institute-of-chicago-photos	imazen-26-png-v3/png-v3/3000-art-institute-of-chicago-photos/3001_aic_self-portrait_11_4000x5226.sdr.png	st_oct7_vb4	44	4173	686.2694089941215	-42.466	
3000-art-institute-of-chicago-photos	imazen-26-png-v3/png-v3/3000-art-institute-of-chicago-photos/3001_aic_self-portrait_11_4000x5226.sdr.png	st_oct8_vb4	20	26406	2649.779804996797	-45.630	
3000-art-institute-of-chicago-photos	imazen-26-png-v3/png-v3/3000-art-institute-of-chicago-photos/3001_aic_self-portrait_11_4000x5226.sdr.png	st_oct8_vb4	32	14055	1694.1264490014873	-45.074	
3000-art-institute-of-chicago-photos	imazen-26-png-v3/png-v3/3000-art-institute-of-chicago-photos/3001_aic_self-portrait_11_4000x5226.sdr.png	st_oct8_vb4	44	3653	665.1020220015198	-41.347	
3000-art-institute-of-chicago-photos	imazen-26-png-v3/png-v3/3000-art-institute-of-chicago-photos/3001_aic_self-portrait_11_4000x5226.sdr.png	st_oct7_ac10	20	25972	2572.366377004073	-45.542	
3000-art-institute-of-chicago-photos	imazen-26-png-v3/png-v3/3000-art-institute-of-chicago-photos/3001_aic_self-portrait_11_4000x5226.sdr.png	st_oct7_ac10	32	13606	1658.7695170019288	-44.833	
3000-art-institute-of-chicago-photos	imazen-26-png-v3/png-v3/3000-art-institute-of-chicago-photos/3001_aic_self-portrait_11_4000x5226.sdr.png	st_oct7_ac10	44	3461	715.1251950126607	-41.637	
3000-art-institute-of-chicago-photos	imazen-26-png-v3/png-v3/3000-art-institute-of-chicago-photos/3001_aic_self-portrait_11_4000x5226.sdr.png	st_oct7_ac20	20	25987	2522.805482003605	-45.616	
3000-art-institute-of-chicago-photos	imazen-26-png-v3/png-v3/3000-art-institute-of-chicago-photos/3001_aic_self-portrait_11_4000x5226.sdr.png	st_oct7_ac20	32	13616	1886.5060749958502	-44.957	
3000-art-institute-of-chicago-photos	imazen-26-png-v3/png-v3/3000-art-institute-of-chicago-photos/3001_aic_self-portrait_11_4000x5226.sdr.png	st_oct7_ac20	44	3461	704.1415669955313	-41.889	
3000-art-institute-of-chicago-photos	imazen-26-png-v3/png-v3/3000-art-institute-of-chicago-photos/3001_aic_self-portrait_11_4000x5226.sdr.png	st_oct8_ac10	20	25108	2575.0768550060457	-45.455	
3000-art-institute-of-chicago-photos	imazen-26-png-v3/png-v3/3000-art-institute-of-chicago-photos/3001_aic_self-portrait_11_4000x5226.sdr.png	st_oct8_ac10	32	12799	1633.3409180078888	-44.764	
3000-art-institute-of-chicago-photos	imazen-26-png-v3/png-v3/3000-art-institute-of-chicago-photos/3001_aic_self-portrait_11_4000x5226.sdr.png	st_oct8_ac10	44	2947	741.5336949925404	-40.647	
3000-art-institute-of-chicago-photos	imazen-26-png-v3/png-v3/3000-art-institute-of-chicago-photos/3002_aic_the-irish-question_181777_4000x4860.sdr.png	st_oct8	20	33970	2949.2226139991544	-66.240	
3000-art-institute-of-chicago-photos	imazen-26-png-v3/png-v3/3000-art-institute-of-chicago-photos/3002_aic_the-irish-question_181777_4000x4860.sdr.png	st_oct8	32	19339	1944.8928210040322	-66.087	
3000-art-institute-of-chicago-photos	imazen-26-png-v3/png-v3/3000-art-institute-of-chicago-photos/3002_aic_the-irish-question_181777_4000x4860.sdr.png	st_oct8	44	7467	853.9786670007743	-65.613	
3000-art-institute-of-chicago-photos	imazen-26-png-v3/png-v3/3000-art-institute-of-chicago-photos/3002_aic_the-irish-question_181777_4000x4860.sdr.png	st_oct7_vb4	20	36705	2775.4708700085757	-66.210	
3000-art-institute-of-chicago-photos	imazen-26-png-v3/png-v3/3000-art-institute-of-chicago-photos/3002_aic_the-irish-question_181777_4000x4860.sdr.png	st_oct7_vb4	32	22676	1906.2814179924317	-66.064	
3000-art-institute-of-chicago-photos	imazen-26-png-v3/png-v3/3000-art-institute-of-chicago-photos/3002_aic_the-irish-question_181777_4000x4860.sdr.png	st_oct7_vb4	44	9487	1127.6857740012929	-65.660	
3000-art-institute-of-chicago-photos	imazen-26-png-v3/png-v3/3000-art-institute-of-chicago-photos/3002_aic_the-irish-question_181777_4000x4860.sdr.png	st_oct8_vb4	20	35058	2628.0234190053307	-66.217	
3000-art-institute-of-chicago-photos	imazen-26-png-v3/png-v3/3000-art-institute-of-chicago-photos/3002_aic_the-irish-question_181777_4000x4860.sdr.png	st_oct8_vb4	32	20791	1815.0385500048287	-66.144	
3000-art-institute-of-chicago-photos	imazen-26-png-v3/png-v3/3000-art-institute-of-chicago-photos/3002_aic_the-irish-question_181777_4000x4860.sdr.png	st_oct8_vb4	44	8317	1094.3486769974697	-65.603	
3000-art-institute-of-chicago-photos	imazen-26-png-v3/png-v3/3000-art-institute-of-chicago-photos/3002_aic_the-irish-question_181777_4000x4860.sdr.png	st_oct7_ac10	20	35456	2777.0499589969404	-66.266	
3000-art-institute-of-chicago-photos	imazen-26-png-v3/png-v3/3000-art-institute-of-chicago-photos/3002_aic_the-irish-question_181777_4000x4860.sdr.png	st_oct7_ac10	32	21101	1881.5789989894256	-66.104	
3000-art-institute-of-chicago-photos	imazen-26-png-v3/png-v3/3000-art-institute-of-chicago-photos/3002_aic_the-irish-question_181777_4000x4860.sdr.png	st_oct7_ac10	44	8478	930.2069430123083	-65.591	
3000-art-institute-of-chicago-photos	imazen-26-png-v3/png-v3/3000-art-institute-of-chicago-photos/3002_aic_the-irish-question_181777_4000x4860.sdr.png	st_oct7_ac20	20	35507	2592.246638989309	-66.299	
3000-art-institute-of-chicago-photos	imazen-26-png-v3/png-v3/3000-art-institute-of-chicago-photos/3002_aic_the-irish-question_181777_4000x4860.sdr.png	st_oct7_ac20	32	21132	1741.2508179986617	-66.103	
3000-art-institute-of-chicago-photos	imazen-26-png-v3/png-v3/3000-art-institute-of-chicago-photos/3002_aic_the-irish-question_181777_4000x4860.sdr.png	st_oct7_ac20	44	8512	986.6347700008191	-65.560	
3000-art-institute-of-chicago-photos	imazen-26-png-v3/png-v3/3000-art-institute-of-chicago-photos/3002_aic_the-irish-question_181777_4000x4860.sdr.png	st_oct8_ac10	20	34017	2761.0833189974073	-66.250	
3000-art-institute-of-chicago-photos	imazen-26-png-v3/png-v3/3000-art-institute-of-chicago-photos/3002_aic_the-irish-question_181777_4000x4860.sdr.png	st_oct8_ac10	32	19347	1662.3141869931715	-66.060	
3000-art-institute-of-chicago-photos	imazen-26-png-v3/png-v3/3000-art-institute-of-chicago-photos/3002_aic_the-irish-question_181777_4000x4860.sdr.png	st_oct8_ac10	44	7450	1084.3249820027268	-65.477	
3300-met-museum-photos	imazen-26-png-v3/png-v3/3300-met-museum-photos/3311_met_jamb-stove_3689_2002x1717.sdr.png	st_oct8	20	52937	3500.1415430015186	-171.596	
3300-met-museum-photos	imazen-26-png-v3/png-v3/3300-met-museum-photos/3311_met_jamb-stove_3689_2002x1717.sdr.png	st_oct8	32	28220	2275.527231991873	-170.964	
3300-met-museum-photos	imazen-26-png-v3/png-v3/3300-met-museum-photos/3311_met_jamb-stove_3689_2002x1717.sdr.png	st_oct8	44	12810	1178.9571769913891	-170.175	
3300-met-museum-photos	imazen-26-png-v3/png-v3/3300-met-museum-photos/3311_met_jamb-stove_3689_2002x1717.sdr.png	st_oct7_vb4	20	53721	3398.5453719942598	-171.393	
3300-met-museum-photos	imazen-26-png-v3/png-v3/3300-met-museum-photos/3311_met_jamb-stove_3689_2002x1717.sdr.png	st_oct7_vb4	32	28779	2027.6771579956403	-170.843	
3300-met-museum-photos	imazen-26-png-v3/png-v3/3300-met-museum-photos/3311_met_jamb-stove_3689_2002x1717.sdr.png	st_oct7_vb4	44	13097	1147.4226239952259	-169.033	
3300-met-museum-photos	imazen-26-png-v3/png-v3/3300-met-museum-photos/3311_met_jamb-stove_3689_2002x1717.sdr.png	st_oct8_vb4	20	52988	3538.1931419979082	-171.312	
3300-met-museum-photos	imazen-26-png-v3/png-v3/3300-met-museum-photos/3311_met_jamb-stove_3689_2002x1717.sdr.png	st_oct8_vb4	32	28223	1981.1295949912164	-171.011	
3300-met-museum-photos	imazen-26-png-v3/png-v3/3300-met-museum-photos/3311_met_jamb-stove_3689_2002x1717.sdr.png	st_oct8_vb4	44	12810	990.279941004701	-170.175	
3300-met-museum-photos	imazen-26-png-v3/png-v3/3300-met-museum-photos/3311_met_jamb-stove_3689_2002x1717.sdr.png	st_oct7_ac10	20	53481	3575.7196149934316	-171.235	
3300-met-museum-photos	imazen-26-png-v3/png-v3/3300-met-museum-photos/3311_met_jamb-stove_3689_2002x1717.sdr.png	st_oct7_ac10	32	28607	1945.3213960077846	-171.400	
3300-met-museum-photos	imazen-26-png-v3/png-v3/3300-met-museum-photos/3311_met_jamb-stove_3689_2002x1717.sdr.png	st_oct7_ac10	44	13007	939.5336649904493	-170.431	
3300-met-museum-photos	imazen-26-png-v3/png-v3/3300-met-museum-photos/3311_met_jamb-stove_3689_2002x1717.sdr.png	st_oct7_ac20	20	53487	3882.34931101033	-171.320	
3300-met-museum-photos	imazen-26-png-v3/png-v3/3300-met-museum-photos/3311_met_jamb-stove_3689_2002x1717.sdr.png	st_oct7_ac20	32	28617	1864.7386990051018	-171.205	
3300-met-museum-photos	imazen-26-png-v3/png-v3/3300-met-museum-photos/3311_met_jamb-stove_3689_2002x1717.sdr.png	st_oct7_ac20	44	13040	959.2717970081139	-169.351	
3300-met-museum-photos	imazen-26-png-v3/png-v3/3300-met-museum-photos/3311_met_jamb-stove_3689_2002x1717.sdr.png	st_oct8_ac10	20	52980	4061.6441710008075	-171.406	
3300-met-museum-photos	imazen-26-png-v3/png-v3/3300-met-museum-photos/3311_met_jamb-stove_3689_2002x1717.sdr.png	st_oct8_ac10	32	28234	2025.945921006496	-171.416	
3300-met-museum-photos	imazen-26-png-v3/png-v3/3300-met-museum-photos/3311_met_jamb-stove_3689_2002x1717.sdr.png	st_oct8_ac10	44	12830	1104.0910379961133	-170.471	
3300-met-museum-photos	imazen-26-png-v3/png-v3/3300-met-museum-photos/3318_met_vessel_479496_2505x2596.sdr.png	st_oct8	20	21897	2018.1054310087347	-33.716	
3300-met-museum-photos	imazen-26-png-v3/png-v3/3300-met-museum-photos/3318_met_vessel_479496_2505x2596.sdr.png	st_oct8	32	10789	1047.0806849916698	-33.373	
3300-met-museum-photos	imazen-26-png-v3/png-v3/3300-met-museum-photos/3318_met_vessel_479496_2505x2596.sdr.png	st_oct8	44	3545	371.2122879951494	-30.991	
3300-met-museum-photos	imazen-26-png-v3/png-v3/3300-met-museum-photos/3318_met_vessel_479496_2505x2596.sdr.png	st_oct7_vb4	20	24012	2320.0502320105443	-33.737	
3300-met-museum-photos	imazen-26-png-v3/png-v3/3300-met-museum-photos/3318_met_vessel_479496_2505x2596.sdr.png	st_oct7_vb4	32	12771	1509.886539002764	-33.726	
3300-met-museum-photos	imazen-26-png-v3/png-v3/3300-met-museum-photos/3318_met_vessel_479496_2505x2596.sdr.png	st_oct7_vb4	44	4573	671.5620089962613	-31.711	
3300-met-museum-photos	imazen-26-png-v3/png-v3/3300-met-museum-photos/3318_met_vessel_479496_2505x2596.sdr.png	st_oct8_vb4	20	22595	2461.300855007721	-33.680	
3300-met-museum-photos	imazen-26-png-v3/png-v3/3300-met-museum-photos/3318_met_vessel_479496_2505x2596.sdr.png	st_oct8_vb4	32	11421	1285.6721179996384	-33.502	
3300-met-museum-photos	imazen-26-png-v3/png-v3/3300-met-museum-photos/3318_met_vessel_479496_2505x2596.sdr.png	st_oct8_vb4	44	3912	601.712736999616	-31.517	
3300-met-museum-photos	imazen-26-png-v3/png-v3/3300-met-museum-photos/3318_met_vessel_479496_2505x2596.sdr.png	st_oct7_ac10	20	23139	2485.1789589883992	-33.746	
3300-met-museum-photos	imazen-26-png-v3/png-v3/3300-met-museum-photos/3318_met_vessel_479496_2505x2596.sdr.png	st_oct7_ac10	32	11890	1426.7943269951502	-33.565	
3300-met-museum-photos	imazen-26-png-v3/png-v3/3300-met-museum-photos/3318_met_vessel_479496_2505x2596.sdr.png	st_oct7_ac10	44	4135	637.3685760045191	-32.005	
3300-met-museum-photos	imazen-26-png-v3/png-v3/3300-met-museum-photos/3318_met_vessel_479496_2505x2596.sdr.png	st_oct7_ac20	20	23177	2523.8306779938284	-33.696	
3300-met-museum-photos	imazen-26-png-v3/png-v3/3300-met-museum-photos/3318_met_vessel_479496_2505x2596.sdr.png	st_oct7_ac20	32	11895	1471.449707998545	-33.504	
3300-met-museum-photos	imazen-26-png-v3/png-v3/3300-met-museum-photos/3318_met_vessel_479496_2505x2596.sdr.png	st_oct7_ac20	44	4132	951.9636690092739	-32.079	
3300-met-museum-photos	imazen-26-png-v3/png-v3/3300-met-museum-photos/3318_met_vessel_479496_2505x2596.sdr.png	st_oct8_ac10	20	21928	2586.593083004118	-33.822	
3300-met-museum-photos	imazen-26-png-v3/png-v3/3300-met-museum-photos/3318_met_vessel_479496_2505x2596.sdr.png	st_oct8_ac10	32	10815	1452.553323993925	-33.454	
3300-met-museum-photos	imazen-26-png-v3/png-v3/3300-met-museum-photos/3318_met_vessel_479496_2505x2596.sdr.png	st_oct8_ac10	44	3540	715.0292030128185	-31.263	
5000-national-park-service-brochures	imazen-26-png-v3/png-v3/5000-national-park-service-brochures/grayscale/5044_nps_mora-ohanapecosh7-2019_gray_p01_2550x3300.sdr.png	st_oct8	20	13561	1434.6432930033188	-68.819	
5000-national-park-service-brochures	imazen-26-png-v3/png-v3/5000-national-park-service-brochures/grayscale/5044_nps_mora-ohanapecosh7-2019_gray_p01_2550x3300.sdr.png	st_oct8	32	10324	1390.3957270085812	-68.847	
5000-national-park-service-brochures	imazen-26-png-v3/png-v3/5000-national-park-service-brochures/grayscale/5044_nps_mora-ohanapecosh7-2019_gray_p01_2550x3300.sdr.png	st_oct8	44	7072	1105.450438990374	-68.972	
5000-national-park-service-brochures	imazen-26-png-v3/png-v3/5000-national-park-service-brochures/grayscale/5044_nps_mora-ohanapecosh7-2019_gray_p01_2550x3300.sdr.png	st_oct7_vb4	20	13589	1638.4461220004596	-68.824	
5000-national-park-service-brochures	imazen-26-png-v3/png-v3/5000-national-park-service-brochures/grayscale/5044_nps_mora-ohanapecosh7-2019_gray_p01_2550x3300.sdr.png	st_oct7_vb4	32	10420	1509.7617419960443	-68.853	
5000-national-park-service-brochures	imazen-26-png-v3/png-v3/5000-national-park-service-brochures/grayscale/5044_nps_mora-ohanapecosh7-2019_gray_p01_2550x3300.sdr.png	st_oct7_vb4	44	7145	1299.4530579890124	-68.943	
5000-national-park-service-brochures	imazen-26-png-v3/png-v3/5000-national-park-service-brochures/grayscale/5044_nps_mora-ohanapecosh7-2019_gray_p01_2550x3300.sdr.png	st_oct8_vb4	20	13502	1823.178637001547	-68.815	
5000-national-park-service-brochures	imazen-26-png-v3/png-v3/5000-national-park-service-brochures/grayscale/5044_nps_mora-ohanapecosh7-2019_gray_p01_2550x3300.sdr.png	st_oct8_vb4	32	10356	1586.1852200032445	-68.845	
5000-national-park-service-brochures	imazen-26-png-v3/png-v3/5000-national-park-service-brochures/grayscale/5044_nps_mora-ohanapecosh7-2019_gray_p01_2550x3300.sdr.png	st_oct8_vb4	44	7073	1591.585825997754	-68.972	
5000-national-park-service-brochures	imazen-26-png-v3/png-v3/5000-national-park-service-brochures/grayscale/5044_nps_mora-ohanapecosh7-2019_gray_p01_2550x3300.sdr.png	st_oct7_ac10	20	13572	1902.1343540080125	-68.804	
5000-national-park-service-brochures	imazen-26-png-v3/png-v3/5000-national-park-service-brochures/grayscale/5044_nps_mora-ohanapecosh7-2019_gray_p01_2550x3300.sdr.png	st_oct7_ac10	32	10355	1435.2339149918407	-68.838	
5000-national-park-service-brochures	imazen-26-png-v3/png-v3/5000-national-park-service-brochures/grayscale/5044_nps_mora-ohanapecosh7-2019_gray_p01_2550x3300.sdr.png	st_oct7_ac10	44	7120	1346.2834990059491	-68.936	
5000-national-park-service-brochures	imazen-26-png-v3/png-v3/5000-national-park-service-brochures/grayscale/5044_nps_mora-ohanapecosh7-2019_gray_p01_2550x3300.sdr.png	st_oct7_ac20	20	13581	1927.2994219936663	-68.798	
5000-national-park-service-brochures	imazen-26-png-v3/png-v3/5000-national-park-service-brochures/grayscale/5044_nps_mora-ohanapecosh7-2019_gray_p01_2550x3300.sdr.png	st_oct7_ac20	32	10420	1482.4970369954826	-68.841	
5000-national-park-service-brochures	imazen-26-png-v3/png-v3/5000-national-park-service-brochures/grayscale/5044_nps_mora-ohanapecosh7-2019_gray_p01_2550x3300.sdr.png	st_oct7_ac20	44	7111	1186.0523709910922	-68.900	
5000-national-park-service-brochures	imazen-26-png-v3/png-v3/5000-national-park-service-brochures/grayscale/5044_nps_mora-ohanapecosh7-2019_gray_p01_2550x3300.sdr.png	st_oct8_ac10	20	13563	1736.746023001615	-68.798	
5000-national-park-service-brochures	imazen-26-png-v3/png-v3/5000-national-park-service-brochures/grayscale/5044_nps_mora-ohanapecosh7-2019_gray_p01_2550x3300.sdr.png	st_oct8_ac10	32	10337	1536.5742479916662	-68.848	
5000-national-park-service-brochures	imazen-26-png-v3/png-v3/5000-national-park-service-brochures/grayscale/5044_nps_mora-ohanapecosh7-2019_gray_p01_2550x3300.sdr.png	st_oct8_ac10	44	7087	1354.123987010098	-68.959	
5000-national-park-service-brochures	imazen-26-png-v3/png-v3/5000-national-park-service-brochures/grayscale/5058_nps_shen-bigmeadows-roadtrail_gray_p02_2550x3300.sdr.png	st_oct8	20	20947	2406.735786003992	-140.022	
5000-national-park-service-brochures	imazen-26-png-v3/png-v3/5000-national-park-service-brochures/grayscale/5058_nps_shen-bigmeadows-roadtrail_gray_p02_2550x3300.sdr.png	st_oct8	32	15905	1789.7216730052605	-139.739	
5000-national-park-service-brochures	imazen-26-png-v3/png-v3/5000-national-park-service-brochures/grayscale/5058_nps_shen-bigmeadows-roadtrail_gray_p02_2550x3300.sdr.png	st_oct8	44	12861	1560.7230269961292	-139.304	
5000-national-park-service-brochures	imazen-26-png-v3/png-v3/5000-national-park-service-brochures/grayscale/5058_nps_shen-bigmeadows-roadtrail_gray_p02_2550x3300.sdr.png	st_oct7_vb4	20	20947	2200.820455007488	-140.022	
5000-national-park-service-brochures	imazen-26-png-v3/png-v3/5000-national-park-service-brochures/grayscale/5058_nps_shen-bigmeadows-roadtrail_gray_p02_2550x3300.sdr.png	st_oct7_vb4	32	15905	1523.1389160035178	-139.739	
5000-national-park-service-brochures	imazen-26-png-v3/png-v3/5000-national-park-service-brochures/grayscale/5058_nps_shen-bigmeadows-roadtrail_gray_p02_2550x3300.sdr.png	st_oct7_vb4	44	12864	1336.1983479990158	-139.303	
5000-national-park-service-brochures	imazen-26-png-v3/png-v3/5000-national-park-service-brochures/grayscale/5058_nps_shen-bigmeadows-roadtrail_gray_p02_2550x3300.sdr.png	st_oct8_vb4	20	20947	2356.1481409997214	-140.023	
5000-national-park-service-brochures	imazen-26-png-v3/png-v3/5000-national-park-service-brochures/grayscale/5058_nps_shen-bigmeadows-roadtrail_gray_p02_2550x3300.sdr.png	st_oct8_vb4	32	15905	1806.326595004066	-139.739	
5000-national-park-service-brochures	imazen-26-png-v3/png-v3/5000-national-park-service-brochures/grayscale/5058_nps_shen-bigmeadows-roadtrail_gray_p02_2550x3300.sdr.png	st_oct8_vb4	44	12865	1356.8335930031026	-139.297	
5000-national-park-service-brochures	imazen-26-png-v3/png-v3/5000-national-park-service-brochures/grayscale/5058_nps_shen-bigmeadows-roadtrail_gray_p02_2550x3300.sdr.png	st_oct7_ac10	20	20960	2172.5264849956147	-140.013	
5000-national-park-service-brochures	imazen-26-png-v3/png-v3/5000-national-park-service-brochures/grayscale/5058_nps_shen-bigmeadows-roadtrail_gray_p02_2550x3300.sdr.png	st_oct7_ac10	32	15941	1668.8698859943543	-139.808	
5000-national-park-service-brochures	imazen-26-png-v3/png-v3/5000-national-park-service-brochures/grayscale/5058_nps_shen-bigmeadows-roadtrail_gray_p02_2550x3300.sdr.png	st_oct7_ac10	44	12860	1515.827341005206	-139.321	
5000-national-park-service-brochures	imazen-26-png-v3/png-v3/5000-national-park-service-brochures/grayscale/5058_nps_shen-bigmeadows-roadtrail_gray_p02_2550x3300.sdr.png	st_oct7_ac20	20	21028	2557.133349997457	-140.017	
5000-national-park-service-brochures	imazen-26-png-v3/png-v3/5000-national-park-service-brochures/grayscale/5058_nps_shen-bigmeadows-roadtrail_gray_p02_2550x3300.sdr.png	st_oct7_ac20	32	15958	1787.2828010004014	-139.792	
5000-national-park-service-brochures	imazen-26-png-v3/png-v3/5000-national-park-service-brochures/grayscale/5058_nps_shen-bigmeadows-roadtrail_gray_p02_2550x3300.sdr.png	st_oct7_ac20	44	12889	1448.998923995532	-139.375	
5000-national-park-service-brochures	imazen-26-png-v3/png-v3/5000-national-park-service-brochures/grayscale/5058_nps_shen-bigmeadows-roadtrail_gray_p02_2550x3300.sdr.png	st_oct8_ac10	20	20960	2990.04738900112	-140.014	
5000-national-park-service-brochures	imazen-26-png-v3/png-v3/5000-national-park-service-brochures/grayscale/5058_nps_shen-bigmeadows-roadtrail_gray_p02_2550x3300.sdr.png	st_oct8_ac10	32	15941	2179.1223009931855	-139.808	
5000-national-park-service-brochures	imazen-26-png-v3/png-v3/5000-national-park-service-brochures/grayscale/5058_nps_shen-bigmeadows-roadtrail_gray_p02_2550x3300.sdr.png	st_oct8_ac10	44	12864	1892.5331109930994	-139.325	
5200-epa-climate-impact-2021-report	imazen-26-png-v3/png-v3/5200-epa-climate-impact-2021-report/5202_epa_climate-impact-2021_fig-es1-six-impacts_p005_2968x3841.sdr.png	st_oct8	20	12245	1221.5148940013023	-63.802	
5200-epa-climate-impact-2021-report	imazen-26-png-v3/png-v3/5200-epa-climate-impact-2021-report/5202_epa_climate-impact-2021_fig-es1-six-impacts_p005_2968x3841.sdr.png	st_oct8	32	7221	757.9230179981096	-63.775	
5200-epa-climate-impact-2021-report	imazen-26-png-v3/png-v3/5200-epa-climate-impact-2021-report/5202_epa_climate-impact-2021_fig-es1-six-impacts_p005_2968x3841.sdr.png	st_oct8	44	3537	357.6409259985667	-63.752	
5200-epa-climate-impact-2021-report	imazen-26-png-v3/png-v3/5200-epa-climate-impact-2021-report/5202_epa_climate-impact-2021_fig-es1-six-impacts_p005_2968x3841.sdr.png	st_oct7_vb4	20	12860	1902.670602008584	-63.802	
5200-epa-climate-impact-2021-report	imazen-26-png-v3/png-v3/5200-epa-climate-impact-2021-report/5202_epa_climate-impact-2021_fig-es1-six-impacts_p005_2968x3841.sdr.png	st_oct7_vb4	32	7830	1218.1023440061836	-63.797	
5200-epa-climate-impact-2021-report	imazen-26-png-v3/png-v3/5200-epa-climate-impact-2021-report/5202_epa_climate-impact-2021_fig-es1-six-impacts_p005_2968x3841.sdr.png	st_oct7_vb4	44	3853	1043.5088829981396	-63.763	
5200-epa-climate-impact-2021-report	imazen-26-png-v3/png-v3/5200-epa-climate-impact-2021-report/5202_epa_climate-impact-2021_fig-es1-six-impacts_p005_2968x3841.sdr.png	st_oct8_vb4	20	12337	2206.969772989396	-63.801	
5200-epa-climate-impact-2021-report	imazen-26-png-v3/png-v3/5200-epa-climate-impact-2021-report/5202_epa_climate-impact-2021_fig-es1-six-impacts_p005_2968x3841.sdr.png	st_oct8_vb4	32	7325	1042.1980940009234	-63.779	
5200-epa-climate-impact-2021-report	imazen-26-png-v3/png-v3/5200-epa-climate-impact-2021-report/5202_epa_climate-impact-2021_fig-es1-six-impacts_p005_2968x3841.sdr.png	st_oct8_vb4	44	3624	809.7298089996912	-63.746	
5200-epa-climate-impact-2021-report	imazen-26-png-v3/png-v3/5200-epa-climate-impact-2021-report/5202_epa_climate-impact-2021_fig-es1-six-impacts_p005_2968x3841.sdr.png	st_oct7_ac10	20	12665	1887.1647869964363	-63.800	
5200-epa-climate-impact-2021-report	imazen-26-png-v3/png-v3/5200-epa-climate-impact-2021-report/5202_epa_climate-impact-2021_fig-es1-six-impacts_p005_2968x3841.sdr.png	st_oct7_ac10	32	7600	1239.7147360024974	-63.793	
5200-epa-climate-impact-2021-report	imazen-26-png-v3/png-v3/5200-epa-climate-impact-2021-report/5202_epa_climate-impact-2021_fig-es1-six-impacts_p005_2968x3841.sdr.png	st_oct7_ac10	44	3739	647.0429979963228	-63.729	
5200-epa-climate-impact-2021-report	imazen-26-png-v3/png-v3/5200-epa-climate-impact-2021-report/5202_epa_climate-impact-2021_fig-es1-six-impacts_p005_2968x3841.sdr.png	st_oct7_ac20	20	12693	1547.2634979960276	-63.800	
5200-epa-climate-impact-2021-report	imazen-26-png-v3/png-v3/5200-epa-climate-impact-2021-report/5202_epa_climate-impact-2021_fig-es1-six-impacts_p005_2968x3841.sdr.png	st_oct7_ac20	32	7609	1244.8410499928286	-63.785	
5200-epa-climate-impact-2021-report	imazen-26-png-v3/png-v3/5200-epa-climate-impact-2021-report/5202_epa_climate-impact-2021_fig-es1-six-impacts_p005_2968x3841.sdr.png	st_oct7_ac20	44	3751	912.5353950075805	-63.738	
5200-epa-climate-impact-2021-report	imazen-26-png-v3/png-v3/5200-epa-climate-impact-2021-report/5202_epa_climate-impact-2021_fig-es1-six-impacts_p005_2968x3841.sdr.png	st_oct8_ac10	20	12269	1900.6327319948468	-63.801	
5200-epa-climate-impact-2021-report	imazen-26-png-v3/png-v3/5200-epa-climate-impact-2021-report/5202_epa_climate-impact-2021_fig-es1-six-impacts_p005_2968x3841.sdr.png	st_oct8_ac10	32	7228	1057.1066650009016	-63.775	
5200-epa-climate-impact-2021-report	imazen-26-png-v3/png-v3/5200-epa-climate-impact-2021-report/5202_epa_climate-impact-2021_fig-es1-six-impacts_p005_2968x3841.sdr.png	st_oct8_ac10	44	3542	539.6129500004463	-63.752	
5200-epa-climate-impact-2021-report	imazen-26-png-v3/png-v3/5200-epa-climate-impact-2021-report/5204_epa_climate-impact-2021_key-findings-income-education-age_p007_2968x3841.sdr.png	st_oct8	20	6762	1156.6957230097614	-64.230	
5200-epa-climate-impact-2021-report	imazen-26-png-v3/png-v3/5200-epa-climate-impact-2021-report/5204_epa_climate-impact-2021_key-findings-income-education-age_p007_2968x3841.sdr.png	st_oct8	32	4596	1034.6434370003408	-64.230	
5200-epa-climate-impact-2021-report	imazen-26-png-v3/png-v3/5200-epa-climate-impact-2021-report/5204_epa_climate-impact-2021_key-findings-income-education-age_p007_2968x3841.sdr.png	st_oct8	44	2796	731.9390850025229	-64.230	
5200-epa-climate-impact-2021-report	imazen-26-png-v3/png-v3/5200-epa-climate-impact-2021-report/5204_epa_climate-impact-2021_key-findings-income-education-age_p007_2968x3841.sdr.png	st_oct7_vb4	20	7153	1897.4995729950024	-64.230	
5200-epa-climate-impact-2021-report	imazen-26-png-v3/png-v3/5200-epa-climate-impact-2021-report/5204_epa_climate-impact-2021_key-findings-income-education-age_p007_2968x3841.sdr.png	st_oct7_vb4	32	4914	1311.3636359921657	-64.230	
5200-epa-climate-impact-2021-report	imazen-26-png-v3/png-v3/5200-epa-climate-impact-2021-report/5204_epa_climate-impact-2021_key-findings-income-education-age_p007_2968x3841.sdr.png	st_oct7_vb4	44	2952	1084.8598669981584	-64.230	
5200-epa-climate-impact-2021-report	imazen-26-png-v3/png-v3/5200-epa-climate-impact-2021-report/5204_epa_climate-impact-2021_key-findings-income-education-age_p007_2968x3841.sdr.png	st_oct8_vb4	20	6866	1364.4245280011091	-64.230	
5200-epa-climate-impact-2021-report	imazen-26-png-v3/png-v3/5200-epa-climate-impact-2021-report/5204_epa_climate-impact-2021_key-findings-income-education-age_p007_2968x3841.sdr.png	st_oct8_vb4	32	4663	1312.9045820096508	-64.230	
5200-epa-climate-impact-2021-report	imazen-26-png-v3/png-v3/5200-epa-climate-impact-2021-report/5204_epa_climate-impact-2021_key-findings-income-education-age_p007_2968x3841.sdr.png	st_oct8_vb4	44	2836	776.1506719980389	-64.230	
5200-epa-climate-impact-2021-report	imazen-26-png-v3/png-v3/5200-epa-climate-impact-2021-report/5204_epa_climate-impact-2021_key-findings-income-education-age_p007_2968x3841.sdr.png	st_oct7_ac10	20	7046	1571.139627994853	-64.230	
5200-epa-climate-impact-2021-report	imazen-26-png-v3/png-v3/5200-epa-climate-impact-2021-report/5204_epa_climate-impact-2021_key-findings-income-education-age_p007_2968x3841.sdr.png	st_oct7_ac10	32	4745	877.4304319958901	-64.230	
5200-epa-climate-impact-2021-report	imazen-26-png-v3/png-v3/5200-epa-climate-impact-2021-report/5204_epa_climate-impact-2021_key-findings-income-education-age_p007_2968x3841.sdr.png	st_oct7_ac10	44	2881	689.909449996776	-64.230	
5200-epa-climate-impact-2021-report	imazen-26-png-v3/png-v3/5200-epa-climate-impact-2021-report/5204_epa_climate-impact-2021_key-findings-income-education-age_p007_2968x3841.sdr.png	st_oct7_ac20	20	7077	1668.2932320109103	-64.230	
5200-epa-climate-impact-2021-report	imazen-26-png-v3/png-v3/5200-epa-climate-impact-2021-report/5204_epa_climate-impact-2021_key-findings-income-education-age_p007_2968x3841.sdr.png	st_oct7_ac20	32	4767	1207.6833179889945	-64.230	
5200-epa-climate-impact-2021-report	imazen-26-png-v3/png-v3/5200-epa-climate-impact-2021-report/5204_epa_climate-impact-2021_key-findings-income-education-age_p007_2968x3841.sdr.png	st_oct7_ac20	44	2904	1041.7507640086114	-64.230	
5200-epa-climate-impact-2021-report	imazen-26-png-v3/png-v3/5200-epa-climate-impact-2021-report/5204_epa_climate-impact-2021_key-findings-income-education-age_p007_2968x3841.sdr.png	st_oct8_ac10	20	6774	1461.4077380101662	-64.230	
5200-epa-climate-impact-2021-report	imazen-26-png-v3/png-v3/5200-epa-climate-impact-2021-report/5204_epa_climate-impact-2021_key-findings-income-education-age_p007_2968x3841.sdr.png	st_oct8_ac10	32	4589	1225.5049110099208	-64.230	
5200-epa-climate-impact-2021-report	imazen-26-png-v3/png-v3/5200-epa-climate-impact-2021-report/5204_epa_climate-impact-2021_key-findings-income-education-age_p007_2968x3841.sdr.png	st_oct8_ac10	44	2785	749.6968360064784	-64.230	
5300-noaa-hurricane-documents	imazen-26-png-v3/png-v3/5300-noaa-hurricane-documents/5300_noaa_nhc-verification-report-2024_page1_p01_2550x3300.sdr.png	st_oct8	20	19548	2235.4515100014396	-87.783	
5300-noaa-hurricane-documents	imazen-26-png-v3/png-v3/5300-noaa-hurricane-documents/5300_noaa_nhc-verification-report-2024_page1_p01_2550x3300.sdr.png	st_oct8	32	14103	1731.656607997138	-87.737	
5300-noaa-hurricane-documents	imazen-26-png-v3/png-v3/5300-noaa-hurricane-documents/5300_noaa_nhc-verification-report-2024_page1_p01_2550x3300.sdr.png	st_oct8	44	9381	1408.7986140075373	-87.372	
5300-noaa-hurricane-documents	imazen-26-png-v3/png-v3/5300-noaa-hurricane-documents/5300_noaa_nhc-verification-report-2024_page1_p01_2550x3300.sdr.png	st_oct7_vb4	20	19777	2415.7875850069104	-87.785	
5300-noaa-hurricane-documents	imazen-26-png-v3/png-v3/5300-noaa-hurricane-documents/5300_noaa_nhc-verification-report-2024_page1_p01_2550x3300.sdr.png	st_oct7_vb4	32	14324	1676.9781839975622	-87.840	
5300-noaa-hurricane-documents	imazen-26-png-v3/png-v3/5300-noaa-hurricane-documents/5300_noaa_nhc-verification-report-2024_page1_p01_2550x3300.sdr.png	st_oct7_vb4	44	9468	1084.736574004637	-87.475	
5300-noaa-hurricane-documents	imazen-26-png-v3/png-v3/5300-noaa-hurricane-documents/5300_noaa_nhc-verification-report-2024_page1_p01_2550x3300.sdr.png	st_oct8_vb4	20	19587	2450.68289199844	-87.757	
5300-noaa-hurricane-documents	imazen-26-png-v3/png-v3/5300-noaa-hurricane-documents/5300_noaa_nhc-verification-report-2024_page1_p01_2550x3300.sdr.png	st_oct8_vb4	32	14172	1459.4589069893118	-87.814	
5300-noaa-hurricane-documents	imazen-26-png-v3/png-v3/5300-noaa-hurricane-documents/5300_noaa_nhc-verification-report-2024_page1_p01_2550x3300.sdr.png	st_oct8_vb4	44	9400	1064.1056559979916	-87.656	
5300-noaa-hurricane-documents	imazen-26-png-v3/png-v3/5300-noaa-hurricane-documents/5300_noaa_nhc-verification-report-2024_page1_p01_2550x3300.sdr.png	st_oct7_ac10	20	19691	2016.583211006946	-87.800	
5300-noaa-hurricane-documents	imazen-26-png-v3/png-v3/5300-noaa-hurricane-documents/5300_noaa_nhc-verification-report-2024_page1_p01_2550x3300.sdr.png	st_oct7_ac10	32	14224	1820.6212610093644	-87.816	
5300-noaa-hurricane-documents	imazen-26-png-v3/png-v3/5300-noaa-hurricane-documents/5300_noaa_nhc-verification-report-2024_page1_p01_2550x3300.sdr.png	st_oct7_ac10	44	9466	1063.4022800077219	-87.503	
5300-noaa-hurricane-documents	imazen-26-png-v3/png-v3/5300-noaa-hurricane-documents/5300_noaa_nhc-verification-report-2024_page1_p01_2550x3300.sdr.png	st_oct7_ac20	20	19744	2311.799372997484	-87.808	
5300-noaa-hurricane-documents	imazen-26-png-v3/png-v3/5300-noaa-hurricane-documents/5300_noaa_nhc-verification-report-2024_page1_p01_2550x3300.sdr.png	st_oct7_ac20	32	14286	2079.225787994801	-87.816	
5300-noaa-hurricane-documents	imazen-26-png-v3/png-v3/5300-noaa-hurricane-documents/5300_noaa_nhc-verification-report-2024_page1_p01_2550x3300.sdr.png	st_oct7_ac20	44	9535	1272.8692660020897	-87.336	
5300-noaa-hurricane-documents	imazen-26-png-v3/png-v3/5300-noaa-hurricane-documents/5300_noaa_nhc-verification-report-2024_page1_p01_2550x3300.sdr.png	st_oct8_ac10	20	19580	2454.4796510017477	-87.796	
5300-noaa-hurricane-documents	imazen-26-png-v3/png-v3/5300-noaa-hurricane-documents/5300_noaa_nhc-verification-report-2024_page1_p01_2550x3300.sdr.png	st_oct8_ac10	32	14151	2013.3601810084656	-87.792	
5300-noaa-hurricane-documents	imazen-26-png-v3/png-v3/5300-noaa-hurricane-documents/5300_noaa_nhc-verification-report-2024_page1_p01_2550x3300.sdr.png	st_oct8_ac10	44	9384	1232.4565220042132	-87.296	
5300-noaa-hurricane-documents	imazen-26-png-v3/png-v3/5300-noaa-hurricane-documents/5312_noaa_nhc-al042024-debby_p19_2550x3300.sdr.png	st_oct8	20	9124	1052.8414650034392	-64.467	
5300-noaa-hurricane-documents	imazen-26-png-v3/png-v3/5300-noaa-hurricane-documents/5312_noaa_nhc-al042024-debby_p19_2550x3300.sdr.png	st_oct8	32	7090	810.6429420004133	-64.479	
5300-noaa-hurricane-documents	imazen-26-png-v3/png-v3/5300-noaa-hurricane-documents/5312_noaa_nhc-al042024-debby_p19_2550x3300.sdr.png	st_oct8	44	5632	617.8846370021347	-64.496	
5300-noaa-hurricane-documents	imazen-26-png-v3/png-v3/5300-noaa-hurricane-documents/5312_noaa_nhc-al042024-debby_p19_2550x3300.sdr.png	st_oct7_vb4	20	9247	1417.083496999112	-64.470	
5300-noaa-hurricane-documents	imazen-26-png-v3/png-v3/5300-noaa-hurricane-documents/5312_noaa_nhc-al042024-debby_p19_2550x3300.sdr.png	st_oct7_vb4	32	7026	1238.8134540087776	-64.476	
5300-noaa-hurricane-documents	imazen-26-png-v3/png-v3/5300-noaa-hurricane-documents/5312_noaa_nhc-al042024-debby_p19_2550x3300.sdr.png	st_oct7_vb4	44	5665	1277.4900610093027	-64.490	
5300-noaa-hurricane-documents	imazen-26-png-v3/png-v3/5300-noaa-hurricane-documents/5312_noaa_nhc-al042024-debby_p19_2550x3300.sdr.png	st_oct8_vb4	20	9147	1730.9216519934125	-64.467	
5300-noaa-hurricane-documents	imazen-26-png-v3/png-v3/5300-noaa-hurricane-documents/5312_noaa_nhc-al042024-debby_p19_2550x3300.sdr.png	st_oct8_vb4	32	7054	1459.6198030048981	-64.479	
5300-noaa-hurricane-documents	imazen-26-png-v3/png-v3/5300-noaa-hurricane-documents/5312_noaa_nhc-al042024-debby_p19_2550x3300.sdr.png	st_oct8_vb4	44	5640	1296.4554960053647	-64.498	
5300-noaa-hurricane-documents	imazen-26-png-v3/png-v3/5300-noaa-hurricane-documents/5312_noaa_nhc-al042024-debby_p19_2550x3300.sdr.png	st_oct7_ac10	20	9213	1581.0595450020628	-64.471	
5300-noaa-hurricane-documents	imazen-26-png-v3/png-v3/5300-noaa-hurricane-documents/5312_noaa_nhc-al042024-debby_p19_2550x3300.sdr.png	st_oct7_ac10	32	7017	1265.3773380006896	-64.473	
5300-noaa-hurricane-documents	imazen-26-png-v3/png-v3/5300-noaa-hurricane-documents/5312_noaa_nhc-al042024-debby_p19_2550x3300.sdr.png	st_oct7_ac10	44	5653	1141.4191730000312	-64.490	
5300-noaa-hurricane-documents	imazen-26-png-v3/png-v3/5300-noaa-hurricane-documents/5312_noaa_nhc-al042024-debby_p19_2550x3300.sdr.png	st_oct7_ac20	20	9231	1272.780586994486	-64.470	
5300-noaa-hurricane-documents	imazen-26-png-v3/png-v3/5300-noaa-hurricane-documents/5312_noaa_nhc-al042024-debby_p19_2550x3300.sdr.png	st_oct7_ac20	32	7121	959.0499359910609	-64.473	
5300-noaa-hurricane-documents	imazen-26-png-v3/png-v3/5300-noaa-hurricane-documents/5312_noaa_nhc-al042024-debby_p19_2550x3300.sdr.png	st_oct7_ac20	44	5648	922.3167099989951	-64.489	
5300-noaa-hurricane-documents	imazen-26-png-v3/png-v3/5300-noaa-hurricane-documents/5312_noaa_nhc-al042024-debby_p19_2550x3300.sdr.png	st_oct8_ac10	20	9164	1411.188862999552	-64.468	
5300-noaa-hurricane-documents	imazen-26-png-v3/png-v3/5300-noaa-hurricane-documents/5312_noaa_nhc-al042024-debby_p19_2550x3300.sdr.png	st_oct8_ac10	32	7107	1124.2891430010786	-64.482	
5300-noaa-hurricane-documents	imazen-26-png-v3/png-v3/5300-noaa-hurricane-documents/5312_noaa_nhc-al042024-debby_p19_2550x3300.sdr.png	st_oct8_ac10	44	5641	946.3105640024878	-64.499	
6000-lilith-scans-public-patents	imazen-26-png-v3/png-v3/6000-lilith-scans-public-patents/lynn_conway_us5046022_printrescangray300/6069_scans-patents_lynn-conway-us5046022-rescan-gray_p011_2479x3230.sdr.png	st_oct8	20	37933	3437.2487899963744	-119.210	
6000-lilith-scans-public-patents	imazen-26-png-v3/png-v3/6000-lilith-scans-public-patents/lynn_conway_us5046022_printrescangray300/6069_scans-patents_lynn-conway-us5046022-rescan-gray_p011_2479x3230.sdr.png	st_oct8	32	24573	2471.341412005131	-119.883	
6000-lilith-scans-public-patents	imazen-26-png-v3/png-v3/6000-lilith-scans-public-patents/lynn_conway_us5046022_printrescangray300/6069_scans-patents_lynn-conway-us5046022-rescan-gray_p011_2479x3230.sdr.png	st_oct8	44	13850	1521.3275559945032	-119.437	
6000-lilith-scans-public-patents	imazen-26-png-v3/png-v3/6000-lilith-scans-public-patents/lynn_conway_us5046022_printrescangray300/6069_scans-patents_lynn-conway-us5046022-rescan-gray_p011_2479x3230.sdr.png	st_oct7_vb4	20	37933	3120.3787270060275	-119.210	
6000-lilith-scans-public-patents	imazen-26-png-v3/png-v3/6000-lilith-scans-public-patents/lynn_conway_us5046022_printrescangray300/6069_scans-patents_lynn-conway-us5046022-rescan-gray_p011_2479x3230.sdr.png	st_oct7_vb4	32	24573	1962.6918819994899	-119.883	
6000-lilith-scans-public-patents	imazen-26-png-v3/png-v3/6000-lilith-scans-public-patents/lynn_conway_us5046022_printrescangray300/6069_scans-patents_lynn-conway-us5046022-rescan-gray_p011_2479x3230.sdr.png	st_oct7_vb4	44	13850	1005.4945640004007	-119.437	
6000-lilith-scans-public-patents	imazen-26-png-v3/png-v3/6000-lilith-scans-public-patents/lynn_conway_us5046022_printrescangray300/6069_scans-patents_lynn-conway-us5046022-rescan-gray_p011_2479x3230.sdr.png	st_oct8_vb4	20	37933	2664.88336600014	-119.210	
6000-lilith-scans-public-patents	imazen-26-png-v3/png-v3/6000-lilith-scans-public-patents/lynn_conway_us5046022_printrescangray300/6069_scans-patents_lynn-conway-us5046022-rescan-gray_p011_2479x3230.sdr.png	st_oct8_vb4	32	24573	1771.6058310033986	-119.883	
6000-lilith-scans-public-patents	imazen-26-png-v3/png-v3/6000-lilith-scans-public-patents/lynn_conway_us5046022_printrescangray300/6069_scans-patents_lynn-conway-us5046022-rescan-gray_p011_2479x3230.sdr.png	st_oct8_vb4	44	13850	852.4178630032111	-119.437	
6000-lilith-scans-public-patents	imazen-26-png-v3/png-v3/6000-lilith-scans-public-patents/lynn_conway_us5046022_printrescangray300/6069_scans-patents_lynn-conway-us5046022-rescan-gray_p011_2479x3230.sdr.png	st_oct7_ac10	20	38064	2677.4459820007905	-119.259	
6000-lilith-scans-public-patents	imazen-26-png-v3/png-v3/6000-lilith-scans-public-patents/lynn_conway_us5046022_printrescangray300/6069_scans-patents_lynn-conway-us5046022-rescan-gray_p011_2479x3230.sdr.png	st_oct7_ac10	32	24621	1795.781540000462	-120.009	
6000-lilith-scans-public-patents	imazen-26-png-v3/png-v3/6000-lilith-scans-public-patents/lynn_conway_us5046022_printrescangray300/6069_scans-patents_lynn-conway-us5046022-rescan-gray_p011_2479x3230.sdr.png	st_oct7_ac10	44	13850	1003.1528669933323	-119.527	
6000-lilith-scans-public-patents	imazen-26-png-v3/png-v3/6000-lilith-scans-public-patents/lynn_conway_us5046022_printrescangray300/6069_scans-patents_lynn-conway-us5046022-rescan-gray_p011_2479x3230.sdr.png	st_oct7_ac20	20	38175	2816.736243010382	-119.395	
6000-lilith-scans-public-patents	imazen-26-png-v3/png-v3/6000-lilith-scans-public-patents/lynn_conway_us5046022_printrescangray300/6069_scans-patents_lynn-conway-us5046022-rescan-gray_p011_2479x3230.sdr.png	st_oct7_ac20	32	24672	2182.483343000058	-119.979	
6000-lilith-scans-public-patents	imazen-26-png-v3/png-v3/6000-lilith-scans-public-patents/lynn_conway_us5046022_printrescangray300/6069_scans-patents_lynn-conway-us5046022-rescan-gray_p011_2479x3230.sdr.png	st_oct7_ac20	44	13932	1212.8421050001634	-119.750	
6000-lilith-scans-public-patents	imazen-26-png-v3/png-v3/6000-lilith-scans-public-patents/lynn_conway_us5046022_printrescangray300/6069_scans-patents_lynn-conway-us5046022-rescan-gray_p011_2479x3230.sdr.png	st_oct8_ac10	20	38064	2807.496816996718	-119.259	
6000-lilith-scans-public-patents	imazen-26-png-v3/png-v3/6000-lilith-scans-public-patents/lynn_conway_us5046022_printrescangray300/6069_scans-patents_lynn-conway-us5046022-rescan-gray_p011_2479x3230.sdr.png	st_oct8_ac10	32	24621	1897.401545997127	-120.009	
6000-lilith-scans-public-patents	imazen-26-png-v3/png-v3/6000-lilith-scans-public-patents/lynn_conway_us5046022_printrescangray300/6069_scans-patents_lynn-conway-us5046022-rescan-gray_p011_2479x3230.sdr.png	st_oct8_ac10	44	13850	1237.8162300010445	-119.527	
6000-lilith-scans-public-patents	imazen-26-png-v3/png-v3/6000-lilith-scans-public-patents/martha_jones_us77494_printrescancolor300/6093_scans-patents_martha-jones-us77494-rescan-color_p002_2479x3230.sdr.png	st_oct8	20	38759	3069.4967430026736	-190.481	
6000-lilith-scans-public-patents	imazen-26-png-v3/png-v3/6000-lilith-scans-public-patents/martha_jones_us77494_printrescancolor300/6093_scans-patents_martha-jones-us77494-rescan-color_p002_2479x3230.sdr.png	st_oct8	32	25112	2137.93390399951	-191.781	
6000-lilith-scans-public-patents	imazen-26-png-v3/png-v3/6000-lilith-scans-public-patents/martha_jones_us77494_printrescancolor300/6093_scans-patents_martha-jones-us77494-rescan-color_p002_2479x3230.sdr.png	st_oct8	44	14664	1467.455232006614	-189.843	
6000-lilith-scans-public-patents	imazen-26-png-v3/png-v3/6000-lilith-scans-public-patents/martha_jones_us77494_printrescancolor300/6093_scans-patents_martha-jones-us77494-rescan-color_p002_2479x3230.sdr.png	st_oct7_vb4	20	38759	2964.8915989964735	-190.481	
6000-lilith-scans-public-patents	imazen-26-png-v3/png-v3/6000-lilith-scans-public-patents/martha_jones_us77494_printrescancolor300/6093_scans-patents_martha-jones-us77494-rescan-color_p002_2479x3230.sdr.png	st_oct7_vb4	32	25112	1937.5931300019147	-191.781	
6000-lilith-scans-public-patents	imazen-26-png-v3/png-v3/6000-lilith-scans-public-patents/martha_jones_us77494_printrescancolor300/6093_scans-patents_martha-jones-us77494-rescan-color_p002_2479x3230.sdr.png	st_oct7_vb4	44	14664	1251.0429079993628	-189.843	
6000-lilith-scans-public-patents	imazen-26-png-v3/png-v3/6000-lilith-scans-public-patents/martha_jones_us77494_printrescancolor300/6093_scans-patents_martha-jones-us77494-rescan-color_p002_2479x3230.sdr.png	st_oct8_vb4	20	38759	3059.676242992282	-190.481	
6000-lilith-scans-public-patents	imazen-26-png-v3/png-v3/6000-lilith-scans-public-patents/martha_jones_us77494_printrescancolor300/6093_scans-patents_martha-jones-us77494-rescan-color_p002_2479x3230.sdr.png	st_oct8_vb4	32	25112	2002.0252149988664	-191.781	
6000-lilith-scans-public-patents	imazen-26-png-v3/png-v3/6000-lilith-scans-public-patents/martha_jones_us77494_printrescancolor300/6093_scans-patents_martha-jones-us77494-rescan-color_p002_2479x3230.sdr.png	st_oct8_vb4	44	14664	1449.2328479973366	-189.843	
6000-lilith-scans-public-patents	imazen-26-png-v3/png-v3/6000-lilith-scans-public-patents/martha_jones_us77494_printrescancolor300/6093_scans-patents_martha-jones-us77494-rescan-color_p002_2479x3230.sdr.png	st_oct7_ac10	20	38785	3080.226878999383	-190.643	
6000-lilith-scans-public-patents	imazen-26-png-v3/png-v3/6000-lilith-scans-public-patents/martha_jones_us77494_printrescancolor300/6093_scans-patents_martha-jones-us77494-rescan-color_p002_2479x3230.sdr.png	st_oct7_ac10	32	25169	2090.002212993568	-191.967	
6000-lilith-scans-public-patents	imazen-26-png-v3/png-v3/6000-lilith-scans-public-patents/martha_jones_us77494_printrescancolor300/6093_scans-patents_martha-jones-us77494-rescan-color_p002_2479x3230.sdr.png	st_oct7_ac10	44	14684	1356.024325999897	-190.100	
6000-lilith-scans-public-patents	imazen-26-png-v3/png-v3/6000-lilith-scans-public-patents/martha_jones_us77494_printrescancolor300/6093_scans-patents_martha-jones-us77494-rescan-color_p002_2479x3230.sdr.png	st_oct7_ac20	20	38811	3048.3057609963	-190.580	
6000-lilith-scans-public-patents	imazen-26-png-v3/png-v3/6000-lilith-scans-public-patents/martha_jones_us77494_printrescancolor300/6093_scans-patents_martha-jones-us77494-rescan-color_p002_2479x3230.sdr.png	st_oct7_ac20	32	25346	1947.2681619954528	-192.058	
6000-lilith-scans-public-patents	imazen-26-png-v3/png-v3/6000-lilith-scans-public-patents/martha_jones_us77494_printrescancolor300/6093_scans-patents_martha-jones-us77494-rescan-color_p002_2479x3230.sdr.png	st_oct7_ac20	44	14722	1237.475614005234	-190.434	
6000-lilith-scans-public-patents	imazen-26-png-v3/png-v3/6000-lilith-scans-public-patents/martha_jones_us77494_printrescancolor300/6093_scans-patents_martha-jones-us77494-rescan-color_p002_2479x3230.sdr.png	st_oct8_ac10	20	38785	3351.780446988414	-190.643	
6000-lilith-scans-public-patents	imazen-26-png-v3/png-v3/6000-lilith-scans-public-patents/martha_jones_us77494_printrescancolor300/6093_scans-patents_martha-jones-us77494-rescan-color_p002_2479x3230.sdr.png	st_oct8_ac10	32	25169	2231.0900169977685	-191.967	
6000-lilith-scans-public-patents	imazen-26-png-v3/png-v3/6000-lilith-scans-public-patents/martha_jones_us77494_printrescancolor300/6093_scans-patents_martha-jones-us77494-rescan-color_p002_2479x3230.sdr.png	st_oct8_ac10	44	14684	1247.7761740010465	-190.100	
6600-ia-scans-manuscript-illustrations	imazen-26-png-v3/png-v3/6600-ia-scans-manuscript-illustrations/6609_scans-illustrations_hokusai-insects-creatures_plate0019_6234x4925.sdr.png	st_oct8	20	23667	2366.534323999076	-64.229	
6600-ia-scans-manuscript-illustrations	imazen-26-png-v3/png-v3/6600-ia-scans-manuscript-illustrations/6609_scans-illustrations_hokusai-insects-creatures_plate0019_6234x4925.sdr.png	st_oct8	32	12734	1492.7498159959214	-64.229	
6600-ia-scans-manuscript-illustrations	imazen-26-png-v3/png-v3/6600-ia-scans-manuscript-illustrations/6609_scans-illustrations_hokusai-insects-creatures_plate0019_6234x4925.sdr.png	st_oct8	44	4098	530.1318550045835	-64.229	
6600-ia-scans-manuscript-illustrations	imazen-26-png-v3/png-v3/6600-ia-scans-manuscript-illustrations/6609_scans-illustrations_hokusai-insects-creatures_plate0019_6234x4925.sdr.png	st_oct7_vb4	20	26188	2671.2509780045366	-64.229	
6600-ia-scans-manuscript-illustrations	imazen-26-png-v3/png-v3/6600-ia-scans-manuscript-illustrations/6609_scans-illustrations_hokusai-insects-creatures_plate0019_6234x4925.sdr.png	st_oct7_vb4	32	14929	1828.5115939943353	-64.229	
6600-ia-scans-manuscript-illustrations	imazen-26-png-v3/png-v3/6600-ia-scans-manuscript-illustrations/6609_scans-illustrations_hokusai-insects-creatures_plate0019_6234x4925.sdr.png	st_oct7_vb4	44	5409	1045.0957760040183	-64.229	
6600-ia-scans-manuscript-illustrations	imazen-26-png-v3/png-v3/6600-ia-scans-manuscript-illustrations/6609_scans-illustrations_hokusai-insects-creatures_plate0019_6234x4925.sdr.png	st_oct8_vb4	20	24387	2649.212617005105	-64.229	
6600-ia-scans-manuscript-illustrations	imazen-26-png-v3/png-v3/6600-ia-scans-manuscript-illustrations/6609_scans-illustrations_hokusai-insects-creatures_plate0019_6234x4925.sdr.png	st_oct8_vb4	32	13371	1614.5276809984352	-64.229	
6600-ia-scans-manuscript-illustrations	imazen-26-png-v3/png-v3/6600-ia-scans-manuscript-illustrations/6609_scans-illustrations_hokusai-insects-creatures_plate0019_6234x4925.sdr.png	st_oct8_vb4	44	4571	971.0237740073353	-64.229	
6600-ia-scans-manuscript-illustrations	imazen-26-png-v3/png-v3/6600-ia-scans-manuscript-illustrations/6609_scans-illustrations_hokusai-insects-creatures_plate0019_6234x4925.sdr.png	st_oct7_ac10	20	25318	2620.6009440065827	-64.229	
6600-ia-scans-manuscript-illustrations	imazen-26-png-v3/png-v3/6600-ia-scans-manuscript-illustrations/6609_scans-illustrations_hokusai-insects-creatures_plate0019_6234x4925.sdr.png	st_oct7_ac10	32	14042	1677.9800969961798	-64.229	
6600-ia-scans-manuscript-illustrations	imazen-26-png-v3/png-v3/6600-ia-scans-manuscript-illustrations/6609_scans-illustrations_hokusai-insects-creatures_plate0019_6234x4925.sdr.png	st_oct7_ac10	44	4920	856.3318859960418	-64.229	
6600-ia-scans-manuscript-illustrations	imazen-26-png-v3/png-v3/6600-ia-scans-manuscript-illustrations/6609_scans-illustrations_hokusai-insects-creatures_plate0019_6234x4925.sdr.png	st_oct7_ac20	20	25275	2533.5948200081475	-64.229	
6600-ia-scans-manuscript-illustrations	imazen-26-png-v3/png-v3/6600-ia-scans-manuscript-illustrations/6609_scans-illustrations_hokusai-insects-creatures_plate0019_6234x4925.sdr.png	st_oct7_ac20	32	13996	1966.7433459981112	-64.229	
6600-ia-scans-manuscript-illustrations	imazen-26-png-v3/png-v3/6600-ia-scans-manuscript-illustrations/6609_scans-illustrations_hokusai-insects-creatures_plate0019_6234x4925.sdr.png	st_oct7_ac20	44	4931	1029.0370309958234	-64.229	
6600-ia-scans-manuscript-illustrations	imazen-26-png-v3/png-v3/6600-ia-scans-manuscript-illustrations/6609_scans-illustrations_hokusai-insects-creatures_plate0019_6234x4925.sdr.png	st_oct8_ac10	20	23733	2382.4880000029225	-64.229	
6600-ia-scans-manuscript-illustrations	imazen-26-png-v3/png-v3/6600-ia-scans-manuscript-illustrations/6609_scans-illustrations_hokusai-insects-creatures_plate0019_6234x4925.sdr.png	st_oct8_ac10	32	12733	1690.3765570023097	-64.229	
6600-ia-scans-manuscript-illustrations	imazen-26-png-v3/png-v3/6600-ia-scans-manuscript-illustrations/6609_scans-illustrations_hokusai-insects-creatures_plate0019_6234x4925.sdr.png	st_oct8_ac10	44	4105	770.2788309979951	-64.229	
6600-ia-scans-manuscript-illustrations	imazen-26-png-v3/png-v3/6600-ia-scans-manuscript-illustrations/6619_scans-illustrations_redoute-rose-pale-pink_plate0057_2912x4368.sdr.png	st_oct8	20	22939	2319.641264999518	-59.607	
6600-ia-scans-manuscript-illustrations	imazen-26-png-v3/png-v3/6600-ia-scans-manuscript-illustrations/6619_scans-illustrations_redoute-rose-pale-pink_plate0057_2912x4368.sdr.png	st_oct8	32	13691	1533.431981006288	-59.485	
6600-ia-scans-manuscript-illustrations	imazen-26-png-v3/png-v3/6600-ia-scans-manuscript-illustrations/6619_scans-illustrations_redoute-rose-pale-pink_plate0057_2912x4368.sdr.png	st_oct8	44	4934	764.3520159908803	-58.630	
6600-ia-scans-manuscript-illustrations	imazen-26-png-v3/png-v3/6600-ia-scans-manuscript-illustrations/6619_scans-illustrations_redoute-rose-pale-pink_plate0057_2912x4368.sdr.png	st_oct7_vb4	20	24466	2535.140215011779	-59.636	
6600-ia-scans-manuscript-illustrations	imazen-26-png-v3/png-v3/6600-ia-scans-manuscript-illustrations/6619_scans-illustrations_redoute-rose-pale-pink_plate0057_2912x4368.sdr.png	st_oct7_vb4	32	15725	1715.897911999491	-59.618	
6600-ia-scans-manuscript-illustrations	imazen-26-png-v3/png-v3/6600-ia-scans-manuscript-illustrations/6619_scans-illustrations_redoute-rose-pale-pink_plate0057_2912x4368.sdr.png	st_oct7_vb4	44	6422	824.5087730028899	-59.051	
6600-ia-scans-manuscript-illustrations	imazen-26-png-v3/png-v3/6600-ia-scans-manuscript-illustrations/6619_scans-illustrations_redoute-rose-pale-pink_plate0057_2912x4368.sdr.png	st_oct8_vb4	20	23762	2093.240532994969	-59.686	
6600-ia-scans-manuscript-illustrations	imazen-26-png-v3/png-v3/6600-ia-scans-manuscript-illustrations/6619_scans-illustrations_redoute-rose-pale-pink_plate0057_2912x4368.sdr.png	st_oct8_vb4	32	14890	1634.8255970078753	-59.710	
6600-ia-scans-manuscript-illustrations	imazen-26-png-v3/png-v3/6600-ia-scans-manuscript-illustrations/6619_scans-illustrations_redoute-rose-pale-pink_plate0057_2912x4368.sdr.png	st_oct8_vb4	44	5647	833.2937560044229	-58.966	
6600-ia-scans-manuscript-illustrations	imazen-26-png-v3/png-v3/6600-ia-scans-manuscript-illustrations/6619_scans-illustrations_redoute-rose-pale-pink_plate0057_2912x4368.sdr.png	st_oct7_ac10	20	23570	2502.682457998162	-59.640	
6600-ia-scans-manuscript-illustrations	imazen-26-png-v3/png-v3/6600-ia-scans-manuscript-illustrations/6619_scans-illustrations_redoute-rose-pale-pink_plate0057_2912x4368.sdr.png	st_oct7_ac10	32	14695	1633.3860830054618	-59.578	
6600-ia-scans-manuscript-illustrations	imazen-26-png-v3/png-v3/6600-ia-scans-manuscript-illustrations/6619_scans-illustrations_redoute-rose-pale-pink_plate0057_2912x4368.sdr.png	st_oct7_ac10	44	5504	752.9759729950456	-58.883	
6600-ia-scans-manuscript-illustrations	imazen-26-png-v3/png-v3/6600-ia-scans-manuscript-illustrations/6619_scans-illustrations_redoute-rose-pale-pink_plate0057_2912x4368.sdr.png	st_oct7_ac20	20	23622	2553.4941689984407	-59.595	
6600-ia-scans-manuscript-illustrations	imazen-26-png-v3/png-v3/6600-ia-scans-manuscript-illustrations/6619_scans-illustrations_redoute-rose-pale-pink_plate0057_2912x4368.sdr.png	st_oct7_ac20	32	14699	1684.2432910052594	-59.635	
6600-ia-scans-manuscript-illustrations	imazen-26-png-v3/png-v3/6600-ia-scans-manuscript-illustrations/6619_scans-illustrations_redoute-rose-pale-pink_plate0057_2912x4368.sdr.png	st_oct7_ac20	44	5504	918.5558680037502	-58.775	
6600-ia-scans-manuscript-illustrations	imazen-26-png-v3/png-v3/6600-ia-scans-manuscript-illustrations/6619_scans-illustrations_redoute-rose-pale-pink_plate0057_2912x4368.sdr.png	st_oct8_ac10	20	22968	2445.102214012877	-59.584	
6600-ia-scans-manuscript-illustrations	imazen-26-png-v3/png-v3/6600-ia-scans-manuscript-illustrations/6619_scans-illustrations_redoute-rose-pale-pink_plate0057_2912x4368.sdr.png	st_oct8_ac10	32	13710	1682.1606459998293	-59.507	
6600-ia-scans-manuscript-illustrations	imazen-26-png-v3/png-v3/6600-ia-scans-manuscript-illustrations/6619_scans-illustrations_redoute-rose-pale-pink_plate0057_2912x4368.sdr.png	st_oct8_ac10	44	4943	829.7201899986248	-58.533	
6800-ia-scans-manuscript-text	imazen-26-png-v3/png-v3/6800-ia-scans-manuscript-text/6825_scans-text_redoute-fr-description_p0060_2415x3528.sdr.png	st_oct8	20	15562	2201.4815309958067	-34.546	
6800-ia-scans-manuscript-text	imazen-26-png-v3/png-v3/6800-ia-scans-manuscript-text/6825_scans-text_redoute-fr-description_p0060_2415x3528.sdr.png	st_oct8	32	7961	1293.6474429880036	-33.985	
6800-ia-scans-manuscript-text	imazen-26-png-v3/png-v3/6800-ia-scans-manuscript-text/6825_scans-text_redoute-fr-description_p0060_2415x3528.sdr.png	st_oct8	44	1631	293.14654199697543	-29.848	
6800-ia-scans-manuscript-text	imazen-26-png-v3/png-v3/6800-ia-scans-manuscript-text/6825_scans-text_redoute-fr-description_p0060_2415x3528.sdr.png	st_oct7_vb4	20	16787	2365.2935680001974	-34.682	
6800-ia-scans-manuscript-text	imazen-26-png-v3/png-v3/6800-ia-scans-manuscript-text/6825_scans-text_redoute-fr-description_p0060_2415x3528.sdr.png	st_oct7_vb4	32	8906	1554.7519179963274	-34.440	
6800-ia-scans-manuscript-text	imazen-26-png-v3/png-v3/6800-ia-scans-manuscript-text/6825_scans-text_redoute-fr-description_p0060_2415x3528.sdr.png	st_oct7_vb4	44	2357	623.2607359997928	-30.146	
6800-ia-scans-manuscript-text	imazen-26-png-v3/png-v3/6800-ia-scans-manuscript-text/6825_scans-text_redoute-fr-description_p0060_2415x3528.sdr.png	st_oct8_vb4	20	16367	2418.2977430027677	-34.776	
6800-ia-scans-manuscript-text	imazen-26-png-v3/png-v3/6800-ia-scans-manuscript-text/6825_scans-text_redoute-fr-description_p0060_2415x3528.sdr.png	st_oct8_vb4	32	8571	1515.7575679913862	-34.395	
6800-ia-scans-manuscript-text	imazen-26-png-v3/png-v3/6800-ia-scans-manuscript-text/6825_scans-text_redoute-fr-description_p0060_2415x3528.sdr.png	st_oct8_vb4	44	2060	568.8027709984453	-30.038	
6800-ia-scans-manuscript-text	imazen-26-png-v3/png-v3/6800-ia-scans-manuscript-text/6825_scans-text_redoute-fr-description_p0060_2415x3528.sdr.png	st_oct7_ac10	20	16130	2312.2542169876397	-34.597	
6800-ia-scans-manuscript-text	imazen-26-png-v3/png-v3/6800-ia-scans-manuscript-text/6825_scans-text_redoute-fr-description_p0060_2415x3528.sdr.png	st_oct7_ac10	32	8366	1568.9523449982516	-34.311	
6800-ia-scans-manuscript-text	imazen-26-png-v3/png-v3/6800-ia-scans-manuscript-text/6825_scans-text_redoute-fr-description_p0060_2415x3528.sdr.png	st_oct7_ac10	44	1876	686.8005680007627	-29.382	
6800-ia-scans-manuscript-text	imazen-26-png-v3/png-v3/6800-ia-scans-manuscript-text/6825_scans-text_redoute-fr-description_p0060_2415x3528.sdr.png	st_oct7_ac20	20	16159	2498.9896149927517	-34.596	
6800-ia-scans-manuscript-text	imazen-26-png-v3/png-v3/6800-ia-scans-manuscript-text/6825_scans-text_redoute-fr-description_p0060_2415x3528.sdr.png	st_oct7_ac20	32	8377	1538.8293220021296	-34.277	
6800-ia-scans-manuscript-text	imazen-26-png-v3/png-v3/6800-ia-scans-manuscript-text/6825_scans-text_redoute-fr-description_p0060_2415x3528.sdr.png	st_oct7_ac20	44	1859	367.037560994504	-29.272	
6800-ia-scans-manuscript-text	imazen-26-png-v3/png-v3/6800-ia-scans-manuscript-text/6825_scans-text_redoute-fr-description_p0060_2415x3528.sdr.png	st_oct8_ac10	20	15593	2151.945602003252	-34.558	
6800-ia-scans-manuscript-text	imazen-26-png-v3/png-v3/6800-ia-scans-manuscript-text/6825_scans-text_redoute-fr-description_p0060_2415x3528.sdr.png	st_oct8_ac10	32	7954	1317.1132740098983	-34.044	
6800-ia-scans-manuscript-text	imazen-26-png-v3/png-v3/6800-ia-scans-manuscript-text/6825_scans-text_redoute-fr-description_p0060_2415x3528.sdr.png	st_oct8_ac10	44	1612	417.3870839877054	-29.459	
6800-ia-scans-manuscript-text	imazen-26-png-v3/png-v3/6800-ia-scans-manuscript-text/6833_scans-text_redoute-fr-description_p0146_2415x3528.sdr.png	st_oct8	20	13628	1842.0722559967544	-63.305	
6800-ia-scans-manuscript-text	imazen-26-png-v3/png-v3/6800-ia-scans-manuscript-text/6833_scans-text_redoute-fr-description_p0146_2415x3528.sdr.png	st_oct8	32	7576	1058.3486629911931	-63.302	
6800-ia-scans-manuscript-text	imazen-26-png-v3/png-v3/6800-ia-scans-manuscript-text/6833_scans-text_redoute-fr-description_p0146_2415x3528.sdr.png	st_oct8	44	3496	465.4745509906206	-63.137	
6800-ia-scans-manuscript-text	imazen-26-png-v3/png-v3/6800-ia-scans-manuscript-text/6833_scans-text_redoute-fr-description_p0146_2415x3528.sdr.png	st_oct7_vb4	20	13998	1883.4729859954678	-63.304	
6800-ia-scans-manuscript-text	imazen-26-png-v3/png-v3/6800-ia-scans-manuscript-text/6833_scans-text_redoute-fr-description_p0146_2415x3528.sdr.png	st_oct7_vb4	32	7887	1220.2432399935788	-63.302	
6800-ia-scans-manuscript-text	imazen-26-png-v3/png-v3/6800-ia-scans-manuscript-text/6833_scans-text_redoute-fr-description_p0146_2415x3528.sdr.png	st_oct7_vb4	44	3691	630.0203719874844	-63.174	
6800-ia-scans-manuscript-text	imazen-26-png-v3/png-v3/6800-ia-scans-manuscript-text/6833_scans-text_redoute-fr-description_p0146_2415x3528.sdr.png	st_oct8_vb4	20	13858	2001.2821249983972	-63.302	
6800-ia-scans-manuscript-text	imazen-26-png-v3/png-v3/6800-ia-scans-manuscript-text/6833_scans-text_redoute-fr-description_p0146_2415x3528.sdr.png	st_oct8_vb4	32	7738	1429.665549992933	-63.308	
6800-ia-scans-manuscript-text	imazen-26-png-v3/png-v3/6800-ia-scans-manuscript-text/6833_scans-text_redoute-fr-description_p0146_2415x3528.sdr.png	st_oct8_vb4	44	3604	691.3190580089577	-63.174	
6800-ia-scans-manuscript-text	imazen-26-png-v3/png-v3/6800-ia-scans-manuscript-text/6833_scans-text_redoute-fr-description_p0146_2415x3528.sdr.png	st_oct7_ac10	20	13812	2249.0649110113736	-63.295	
6800-ia-scans-manuscript-text	imazen-26-png-v3/png-v3/6800-ia-scans-manuscript-text/6833_scans-text_redoute-fr-description_p0146_2415x3528.sdr.png	st_oct7_ac10	32	7708	1278.0458359920885	-63.291	
6800-ia-scans-manuscript-text	imazen-26-png-v3/png-v3/6800-ia-scans-manuscript-text/6833_scans-text_redoute-fr-description_p0146_2415x3528.sdr.png	st_oct7_ac10	44	3552	693.2632800017018	-63.177	
6800-ia-scans-manuscript-text	imazen-26-png-v3/png-v3/6800-ia-scans-manuscript-text/6833_scans-text_redoute-fr-description_p0146_2415x3528.sdr.png	st_oct7_ac20	20	13810	1963.139482002589	-63.295	
6800-ia-scans-manuscript-text	imazen-26-png-v3/png-v3/6800-ia-scans-manuscript-text/6833_scans-text_redoute-fr-description_p0146_2415x3528.sdr.png	st_oct7_ac20	32	7720	1298.2533199974569	-63.292	
6800-ia-scans-manuscript-text	imazen-26-png-v3/png-v3/6800-ia-scans-manuscript-text/6833_scans-text_redoute-fr-description_p0146_2415x3528.sdr.png	st_oct7_ac20	44	3554	580.0763589941198	-63.180	
6800-ia-scans-manuscript-text	imazen-26-png-v3/png-v3/6800-ia-scans-manuscript-text/6833_scans-text_redoute-fr-description_p0146_2415x3528.sdr.png	st_oct8_ac10	20	13623	1664.9015309958486	-63.287	
6800-ia-scans-manuscript-text	imazen-26-png-v3/png-v3/6800-ia-scans-manuscript-text/6833_scans-text_redoute-fr-description_p0146_2415x3528.sdr.png	st_oct8_ac10	32	7583	1118.9137959881919	-63.286	
6800-ia-scans-manuscript-text	imazen-26-png-v3/png-v3/6800-ia-scans-manuscript-text/6833_scans-text_redoute-fr-description_p0146_2415x3528.sdr.png	st_oct8_ac10	44	3483	684.138131007785	-63.170	
7000-lilith-plots	imazen-26-png-v3/png-v3/7000-lilith-plots/lines/7070_plots_line-voronoi-00012-s2be0c08d_1024x1024.sdr.png	st_oct8	20	55934	3778.854495001724	-249.921	
7000-lilith-plots	imazen-26-png-v3/png-v3/7000-lilith-plots/lines/7070_plots_line-voronoi-00012-s2be0c08d_1024x1024.sdr.png	st_oct8	32	40666	2514.315499996883	-250.509	
7000-lilith-plots	imazen-26-png-v3/png-v3/7000-lilith-plots/lines/7070_plots_line-voronoi-00012-s2be0c08d_1024x1024.sdr.png	st_oct8	44	28275	1975.1476450037444	-249.166	
7000-lilith-plots	imazen-26-png-v3/png-v3/7000-lilith-plots/lines/7070_plots_line-voronoi-00012-s2be0c08d_1024x1024.sdr.png	st_oct7_vb4	20	55934	3537.1550709969597	-249.921	
7000-lilith-plots	imazen-26-png-v3/png-v3/7000-lilith-plots/lines/7070_plots_line-voronoi-00012-s2be0c08d_1024x1024.sdr.png	st_oct7_vb4	32	40666	2255.9002109919675	-250.509	
7000-lilith-plots	imazen-26-png-v3/png-v3/7000-lilith-plots/lines/7070_plots_line-voronoi-00012-s2be0c08d_1024x1024.sdr.png	st_oct7_vb4	44	28276	1894.6910790109541	-249.166	
7000-lilith-plots	imazen-26-png-v3/png-v3/7000-lilith-plots/lines/7070_plots_line-voronoi-00012-s2be0c08d_1024x1024.sdr.png	st_oct8_vb4	20	55934	3587.112840003101	-249.921	
7000-lilith-plots	imazen-26-png-v3/png-v3/7000-lilith-plots/lines/7070_plots_line-voronoi-00012-s2be0c08d_1024x1024.sdr.png	st_oct8_vb4	32	40666	2214.2255610087886	-250.509	
7000-lilith-plots	imazen-26-png-v3/png-v3/7000-lilith-plots/lines/7070_plots_line-voronoi-00012-s2be0c08d_1024x1024.sdr.png	st_oct8_vb4	44	28276	1843.5386909986846	-249.166	
7000-lilith-plots	imazen-26-png-v3/png-v3/7000-lilith-plots/lines/7070_plots_line-voronoi-00012-s2be0c08d_1024x1024.sdr.png	st_oct7_ac10	20	56000	3612.005210001371	-250.241	
7000-lilith-plots	imazen-26-png-v3/png-v3/7000-lilith-plots/lines/7070_plots_line-voronoi-00012-s2be0c08d_1024x1024.sdr.png	st_oct7_ac10	32	40725	2208.5287130030338	-250.476	
7000-lilith-plots	imazen-26-png-v3/png-v3/7000-lilith-plots/lines/7070_plots_line-voronoi-00012-s2be0c08d_1024x1024.sdr.png	st_oct7_ac10	44	28354	1778.6958450014936	-249.145	
7000-lilith-plots	imazen-26-png-v3/png-v3/7000-lilith-plots/lines/7070_plots_line-voronoi-00012-s2be0c08d_1024x1024.sdr.png	st_oct7_ac20	20	56167	5908.3883490093285	-250.287	
7000-lilith-plots	imazen-26-png-v3/png-v3/7000-lilith-plots/lines/7070_plots_line-voronoi-00012-s2be0c08d_1024x1024.sdr.png	st_oct7_ac20	32	40732	4422.825320012635	-250.497	
7000-lilith-plots	imazen-26-png-v3/png-v3/7000-lilith-plots/lines/7070_plots_line-voronoi-00012-s2be0c08d_1024x1024.sdr.png	st_oct7_ac20	44	28357	3228.525736994925	-249.071	
7000-lilith-plots	imazen-26-png-v3/png-v3/7000-lilith-plots/lines/7070_plots_line-voronoi-00012-s2be0c08d_1024x1024.sdr.png	st_oct8_ac10	20	56000	5896.067220994155	-250.241	
7000-lilith-plots	imazen-26-png-v3/png-v3/7000-lilith-plots/lines/7070_plots_line-voronoi-00012-s2be0c08d_1024x1024.sdr.png	st_oct8_ac10	32	40725	4814.93281701114	-250.476	
7000-lilith-plots	imazen-26-png-v3/png-v3/7000-lilith-plots/lines/7070_plots_line-voronoi-00012-s2be0c08d_1024x1024.sdr.png	st_oct8_ac10	44	28354	3714.8170490108896	-249.145	
7000-lilith-plots	imazen-26-png-v3/png-v3/7000-lilith-plots/real-charts/7125_plots_chart-violin-16-forest_1024x1024.sdr.png	st_oct8	20	3564	503.7026159989182	-43.764	
7000-lilith-plots	imazen-26-png-v3/png-v3/7000-lilith-plots/real-charts/7125_plots_chart-violin-16-forest_1024x1024.sdr.png	st_oct8	32	2521	273.06038900860585	-43.639	
7000-lilith-plots	imazen-26-png-v3/png-v3/7000-lilith-plots/real-charts/7125_plots_chart-violin-16-forest_1024x1024.sdr.png	st_oct8	44	1491	231.78489699785132	-43.907	
7000-lilith-plots	imazen-26-png-v3/png-v3/7000-lilith-plots/real-charts/7125_plots_chart-violin-16-forest_1024x1024.sdr.png	st_oct7_vb4	20	3833	572.9707660066197	-43.758	
7000-lilith-plots	imazen-26-png-v3/png-v3/7000-lilith-plots/real-charts/7125_plots_chart-violin-16-forest_1024x1024.sdr.png	st_oct7_vb4	32	2736	438.5578270012047	-43.625	
7000-lilith-plots	imazen-26-png-v3/png-v3/7000-lilith-plots/real-charts/7125_plots_chart-violin-16-forest_1024x1024.sdr.png	st_oct7_vb4	44	1696	343.17523599020205	-44.080	
7000-lilith-plots	imazen-26-png-v3/png-v3/7000-lilith-plots/real-charts/7125_plots_chart-violin-16-forest_1024x1024.sdr.png	st_oct8_vb4	20	3622	778.1747460103361	-43.703	
7000-lilith-plots	imazen-26-png-v3/png-v3/7000-lilith-plots/real-charts/7125_plots_chart-violin-16-forest_1024x1024.sdr.png	st_oct8_vb4	32	2521	433.07236999680754	-43.650	
7000-lilith-plots	imazen-26-png-v3/png-v3/7000-lilith-plots/real-charts/7125_plots_chart-violin-16-forest_1024x1024.sdr.png	st_oct8_vb4	44	1513	326.3126140082022	-44.066	
7000-lilith-plots	imazen-26-png-v3/png-v3/7000-lilith-plots/real-charts/7125_plots_chart-violin-16-forest_1024x1024.sdr.png	st_oct7_ac10	20	3741	640.2339979977114	-43.757	
7000-lilith-plots	imazen-26-png-v3/png-v3/7000-lilith-plots/real-charts/7125_plots_chart-violin-16-forest_1024x1024.sdr.png	st_oct7_ac10	32	2702	408.60453600180335	-43.754	
7000-lilith-plots	imazen-26-png-v3/png-v3/7000-lilith-plots/real-charts/7125_plots_chart-violin-16-forest_1024x1024.sdr.png	st_oct7_ac10	44	1606	320.6405730015831	-43.999	
7000-lilith-plots	imazen-26-png-v3/png-v3/7000-lilith-plots/real-charts/7125_plots_chart-violin-16-forest_1024x1024.sdr.png	st_oct7_ac20	20	3730	547.0769240055233	-43.728	
7000-lilith-plots	imazen-26-png-v3/png-v3/7000-lilith-plots/real-charts/7125_plots_chart-violin-16-forest_1024x1024.sdr.png	st_oct7_ac20	32	2707	578.8470150000649	-43.738	
7000-lilith-plots	imazen-26-png-v3/png-v3/7000-lilith-plots/real-charts/7125_plots_chart-violin-16-forest_1024x1024.sdr.png	st_oct7_ac20	44	1604	424.2792020086199	-43.999	
7000-lilith-plots	imazen-26-png-v3/png-v3/7000-lilith-plots/real-charts/7125_plots_chart-violin-16-forest_1024x1024.sdr.png	st_oct8_ac10	20	3579	770.6745930045145	-43.742	
7000-lilith-plots	imazen-26-png-v3/png-v3/7000-lilith-plots/real-charts/7125_plots_chart-violin-16-forest_1024x1024.sdr.png	st_oct8_ac10	32	2516	594.866966988775	-43.680	
7000-lilith-plots	imazen-26-png-v3/png-v3/7000-lilith-plots/real-charts/7125_plots_chart-violin-16-forest_1024x1024.sdr.png	st_oct8_ac10	44	1491	267.3932470061118	-43.907	
8000-lilith-mobile-screenshots	imazen-26-png-v3/png-v3/8000-lilith-mobile-screenshots/8000_mobile-screenshots_imageflow-server_screenshot-20260526-065435-brave_1968x2184.sdr.png	st_oct8	20	12521	1537.7129009866621	-92.302	
8000-lilith-mobile-screenshots	imazen-26-png-v3/png-v3/8000-lilith-mobile-screenshots/8000_mobile-screenshots_imageflow-server_screenshot-20260526-065435-brave_1968x2184.sdr.png	st_oct8	32	9718	1492.9567390063312	-92.269	
8000-lilith-mobile-screenshots	imazen-26-png-v3/png-v3/8000-lilith-mobile-screenshots/8000_mobile-screenshots_imageflow-server_screenshot-20260526-065435-brave_1968x2184.sdr.png	st_oct8	44	7541	1250.7152260077419	-92.186	
8000-lilith-mobile-screenshots	imazen-26-png-v3/png-v3/8000-lilith-mobile-screenshots/8000_mobile-screenshots_imageflow-server_screenshot-20260526-065435-brave_1968x2184.sdr.png	st_oct7_vb4	20	12535	1711.6388550057309	-92.291	
8000-lilith-mobile-screenshots	imazen-26-png-v3/png-v3/8000-lilith-mobile-screenshots/8000_mobile-screenshots_imageflow-server_screenshot-20260526-065435-brave_1968x2184.sdr.png	st_oct7_vb4	32	9731	1299.2905499995686	-92.267	
8000-lilith-mobile-screenshots	imazen-26-png-v3/png-v3/8000-lilith-mobile-screenshots/8000_mobile-screenshots_imageflow-server_screenshot-20260526-065435-brave_1968x2184.sdr.png	st_oct7_vb4	44	7570	959.1544340073597	-92.138	
8000-lilith-mobile-screenshots	imazen-26-png-v3/png-v3/8000-lilith-mobile-screenshots/8000_mobile-screenshots_imageflow-server_screenshot-20260526-065435-brave_1968x2184.sdr.png	st_oct8_vb4	20	12521	1994.5616420009173	-92.302	
8000-lilith-mobile-screenshots	imazen-26-png-v3/png-v3/8000-lilith-mobile-screenshots/8000_mobile-screenshots_imageflow-server_screenshot-20260526-065435-brave_1968x2184.sdr.png	st_oct8_vb4	32	9718	1422.4537449917989	-92.269	
8000-lilith-mobile-screenshots	imazen-26-png-v3/png-v3/8000-lilith-mobile-screenshots/8000_mobile-screenshots_imageflow-server_screenshot-20260526-065435-brave_1968x2184.sdr.png	st_oct8_vb4	44	7542	906.3277980021667	-92.179	
8000-lilith-mobile-screenshots	imazen-26-png-v3/png-v3/8000-lilith-mobile-screenshots/8000_mobile-screenshots_imageflow-server_screenshot-20260526-065435-brave_1968x2184.sdr.png	st_oct7_ac10	20	12575	2105.7940919999965	-92.296	
8000-lilith-mobile-screenshots	imazen-26-png-v3/png-v3/8000-lilith-mobile-screenshots/8000_mobile-screenshots_imageflow-server_screenshot-20260526-065435-brave_1968x2184.sdr.png	st_oct7_ac10	32	9760	1775.3863699908834	-92.269	
8000-lilith-mobile-screenshots	imazen-26-png-v3/png-v3/8000-lilith-mobile-screenshots/8000_mobile-screenshots_imageflow-server_screenshot-20260526-065435-brave_1968x2184.sdr.png	st_oct7_ac10	44	7599	1632.2514089988545	-92.194	
8000-lilith-mobile-screenshots	imazen-26-png-v3/png-v3/8000-lilith-mobile-screenshots/8000_mobile-screenshots_imageflow-server_screenshot-20260526-065435-brave_1968x2184.sdr.png	st_oct7_ac20	20	12604	2033.6148630012758	-92.288	
8000-lilith-mobile-screenshots	imazen-26-png-v3/png-v3/8000-lilith-mobile-screenshots/8000_mobile-screenshots_imageflow-server_screenshot-20260526-065435-brave_1968x2184.sdr.png	st_oct7_ac20	32	9744	1728.5528740030713	-92.276	
8000-lilith-mobile-screenshots	imazen-26-png-v3/png-v3/8000-lilith-mobile-screenshots/8000_mobile-screenshots_imageflow-server_screenshot-20260526-065435-brave_1968x2184.sdr.png	st_oct7_ac20	44	7574	1450.5593869980657	-92.055	
8000-lilith-mobile-screenshots	imazen-26-png-v3/png-v3/8000-lilith-mobile-screenshots/8000_mobile-screenshots_imageflow-server_screenshot-20260526-065435-brave_1968x2184.sdr.png	st_oct8_ac10	20	12553	2603.9629180013435	-92.300	
8000-lilith-mobile-screenshots	imazen-26-png-v3/png-v3/8000-lilith-mobile-screenshots/8000_mobile-screenshots_imageflow-server_screenshot-20260526-065435-brave_1968x2184.sdr.png	st_oct8_ac10	32	9745	1468.8767319894396	-92.264	
8000-lilith-mobile-screenshots	imazen-26-png-v3/png-v3/8000-lilith-mobile-screenshots/8000_mobile-screenshots_imageflow-server_screenshot-20260526-065435-brave_1968x2184.sdr.png	st_oct8_ac10	44	7587	1291.3429670006735	-92.211	
8000-lilith-mobile-screenshots	imazen-26-png-v3/png-v3/8000-lilith-mobile-screenshots/8012_mobile-screenshots_on-screen-keyboard_screenshot-20260526-070935-calculator_1080x2520.sdr.png	st_oct8	20	3601	499.43263799650595	-61.997	
8000-lilith-mobile-screenshots	imazen-26-png-v3/png-v3/8000-lilith-mobile-screenshots/8012_mobile-screenshots_on-screen-keyboard_screenshot-20260526-070935-calculator_1080x2520.sdr.png	st_oct8	32	2595	447.87615200039	-61.962	
8000-lilith-mobile-screenshots	imazen-26-png-v3/png-v3/8000-lilith-mobile-screenshots/8012_mobile-screenshots_on-screen-keyboard_screenshot-20260526-070935-calculator_1080x2520.sdr.png	st_oct8	44	1865	786.9025099935243	-61.970	
8000-lilith-mobile-screenshots	imazen-26-png-v3/png-v3/8000-lilith-mobile-screenshots/8012_mobile-screenshots_on-screen-keyboard_screenshot-20260526-070935-calculator_1080x2520.sdr.png	st_oct7_vb4	20	3663	949.5073140133172	-62.002	
8000-lilith-mobile-screenshots	imazen-26-png-v3/png-v3/8000-lilith-mobile-screenshots/8012_mobile-screenshots_on-screen-keyboard_screenshot-20260526-070935-calculator_1080x2520.sdr.png	st_oct7_vb4	32	2820	1211.297140995157	-61.934	
8000-lilith-mobile-screenshots	imazen-26-png-v3/png-v3/8000-lilith-mobile-screenshots/8012_mobile-screenshots_on-screen-keyboard_screenshot-20260526-070935-calculator_1080x2520.sdr.png	st_oct7_vb4	44	2014	1053.7160060048336	-61.881	
8000-lilith-mobile-screenshots	imazen-26-png-v3/png-v3/8000-lilith-mobile-screenshots/8012_mobile-screenshots_on-screen-keyboard_screenshot-20260526-070935-calculator_1080x2520.sdr.png	st_oct8_vb4	20	3642	1300.9436380089028	-61.996	
8000-lilith-mobile-screenshots	imazen-26-png-v3/png-v3/8000-lilith-mobile-screenshots/8012_mobile-screenshots_on-screen-keyboard_screenshot-20260526-070935-calculator_1080x2520.sdr.png	st_oct8_vb4	32	2682	1324.7576209978433	-61.949	
8000-lilith-mobile-screenshots	imazen-26-png-v3/png-v3/8000-lilith-mobile-screenshots/8012_mobile-screenshots_on-screen-keyboard_screenshot-20260526-070935-calculator_1080x2520.sdr.png	st_oct8_vb4	44	1921	1112.7897359983763	-61.985	
8000-lilith-mobile-screenshots	imazen-26-png-v3/png-v3/8000-lilith-mobile-screenshots/8012_mobile-screenshots_on-screen-keyboard_screenshot-20260526-070935-calculator_1080x2520.sdr.png	st_oct7_ac10	20	3664	894.540061999578	-61.995	
8000-lilith-mobile-screenshots	imazen-26-png-v3/png-v3/8000-lilith-mobile-screenshots/8012_mobile-screenshots_on-screen-keyboard_screenshot-20260526-070935-calculator_1080x2520.sdr.png	st_oct7_ac10	32	2754	904.2757800052641	-61.982	
8000-lilith-mobile-screenshots	imazen-26-png-v3/png-v3/8000-lilith-mobile-screenshots/8012_mobile-screenshots_on-screen-keyboard_screenshot-20260526-070935-calculator_1080x2520.sdr.png	st_oct7_ac10	44	1947	733.7962219899055	-61.949	
8000-lilith-mobile-screenshots	imazen-26-png-v3/png-v3/8000-lilith-mobile-screenshots/8012_mobile-screenshots_on-screen-keyboard_screenshot-20260526-070935-calculator_1080x2520.sdr.png	st_oct7_ac20	20	3667	945.6990519975079	-61.996	
8000-lilith-mobile-screenshots	imazen-26-png-v3/png-v3/8000-lilith-mobile-screenshots/8012_mobile-screenshots_on-screen-keyboard_screenshot-20260526-070935-calculator_1080x2520.sdr.png	st_oct7_ac20	32	2747	1221.1098749976372	-61.979	
8000-lilith-mobile-screenshots	imazen-26-png-v3/png-v3/8000-lilith-mobile-screenshots/8012_mobile-screenshots_on-screen-keyboard_screenshot-20260526-070935-calculator_1080x2520.sdr.png	st_oct7_ac20	44	1947	866.0689259995706	-61.948	
8000-lilith-mobile-screenshots	imazen-26-png-v3/png-v3/8000-lilith-mobile-screenshots/8012_mobile-screenshots_on-screen-keyboard_screenshot-20260526-070935-calculator_1080x2520.sdr.png	st_oct8_ac10	20	3592	1354.3865560059203	-61.998	
8000-lilith-mobile-screenshots	imazen-26-png-v3/png-v3/8000-lilith-mobile-screenshots/8012_mobile-screenshots_on-screen-keyboard_screenshot-20260526-070935-calculator_1080x2520.sdr.png	st_oct8_ac10	32	2601	1266.946709001786	-61.953	
8000-lilith-mobile-screenshots	imazen-26-png-v3/png-v3/8000-lilith-mobile-screenshots/8012_mobile-screenshots_on-screen-keyboard_screenshot-20260526-070935-calculator_1080x2520.sdr.png	st_oct8_ac10	44	1871	1174.8538249958074	-61.966	
8100-lilith-web-screenshots	imazen-26-png-v3/png-v3/8100-lilith-web-screenshots/1440x900/8106_web-screenshots_climate-news_dpr1_page1_1440x900.sdr.png	st_oct8	20	18418	2246.1712560034357	-58.707	
8100-lilith-web-screenshots	imazen-26-png-v3/png-v3/8100-lilith-web-screenshots/1440x900/8106_web-screenshots_climate-news_dpr1_page1_1440x900.sdr.png	st_oct8	32	12584	1467.981702007819	-58.645	
8100-lilith-web-screenshots	imazen-26-png-v3/png-v3/8100-lilith-web-screenshots/1440x900/8106_web-screenshots_climate-news_dpr1_page1_1440x900.sdr.png	st_oct8	44	7099	1217.6516370091122	-58.638	
8100-lilith-web-screenshots	imazen-26-png-v3/png-v3/8100-lilith-web-screenshots/1440x900/8106_web-screenshots_climate-news_dpr1_page1_1440x900.sdr.png	st_oct7_vb4	20	19189	1910.8671770081855	-58.728	
8100-lilith-web-screenshots	imazen-26-png-v3/png-v3/8100-lilith-web-screenshots/1440x900/8106_web-screenshots_climate-news_dpr1_page1_1440x900.sdr.png	st_oct7_vb4	32	13284	1371.2601190054556	-58.682	
8100-lilith-web-screenshots	imazen-26-png-v3/png-v3/8100-lilith-web-screenshots/1440x900/8106_web-screenshots_climate-news_dpr1_page1_1440x900.sdr.png	st_oct7_vb4	44	7447	922.5447729986627	-58.691	
8100-lilith-web-screenshots	imazen-26-png-v3/png-v3/8100-lilith-web-screenshots/1440x900/8106_web-screenshots_climate-news_dpr1_page1_1440x900.sdr.png	st_oct8_vb4	20	18595	1822.6110899995547	-58.719	
8100-lilith-web-screenshots	imazen-26-png-v3/png-v3/8100-lilith-web-screenshots/1440x900/8106_web-screenshots_climate-news_dpr1_page1_1440x900.sdr.png	st_oct8_vb4	32	12772	1399.1019599925494	-58.657	
8100-lilith-web-screenshots	imazen-26-png-v3/png-v3/8100-lilith-web-screenshots/1440x900/8106_web-screenshots_climate-news_dpr1_page1_1440x900.sdr.png	st_oct8_vb4	44	7163	1049.849303002702	-58.528	
8100-lilith-web-screenshots	imazen-26-png-v3/png-v3/8100-lilith-web-screenshots/1440x900/8106_web-screenshots_climate-news_dpr1_page1_1440x900.sdr.png	st_oct7_ac10	20	18924	2032.6490990119055	-58.726	
8100-lilith-web-screenshots	imazen-26-png-v3/png-v3/8100-lilith-web-screenshots/1440x900/8106_web-screenshots_climate-news_dpr1_page1_1440x900.sdr.png	st_oct7_ac10	32	13076	1309.5145150000462	-58.664	
8100-lilith-web-screenshots	imazen-26-png-v3/png-v3/8100-lilith-web-screenshots/1440x900/8106_web-screenshots_climate-news_dpr1_page1_1440x900.sdr.png	st_oct7_ac10	44	7407	1186.6615180042572	-58.583	
8100-lilith-web-screenshots	imazen-26-png-v3/png-v3/8100-lilith-web-screenshots/1440x900/8106_web-screenshots_climate-news_dpr1_page1_1440x900.sdr.png	st_oct7_ac20	20	18974	1933.0101360101253	-58.743	
8100-lilith-web-screenshots	imazen-26-png-v3/png-v3/8100-lilith-web-screenshots/1440x900/8106_web-screenshots_climate-news_dpr1_page1_1440x900.sdr.png	st_oct7_ac20	32	13013	1571.3024970027618	-58.669	
8100-lilith-web-screenshots	imazen-26-png-v3/png-v3/8100-lilith-web-screenshots/1440x900/8106_web-screenshots_climate-news_dpr1_page1_1440x900.sdr.png	st_oct7_ac20	44	7424	1403.1499980046647	-58.629	
8100-lilith-web-screenshots	imazen-26-png-v3/png-v3/8100-lilith-web-screenshots/1440x900/8106_web-screenshots_climate-news_dpr1_page1_1440x900.sdr.png	st_oct8_ac10	20	18460	2034.8480960092274	-58.730	
8100-lilith-web-screenshots	imazen-26-png-v3/png-v3/8100-lilith-web-screenshots/1440x900/8106_web-screenshots_climate-news_dpr1_page1_1440x900.sdr.png	st_oct8_ac10	32	12609	1671.9910239917226	-58.594	
8100-lilith-web-screenshots	imazen-26-png-v3/png-v3/8100-lilith-web-screenshots/1440x900/8106_web-screenshots_climate-news_dpr1_page1_1440x900.sdr.png	st_oct8_ac10	44	7104	1070.639552999637	-58.591	
8100-lilith-web-screenshots	imazen-26-png-v3/png-v3/8100-lilith-web-screenshots/2880x1800/8267_web-screenshots_usgs-topoview_dpr2_page1_2880x1800.sdr.png	st_oct8	20	25577	2765.2310349949403	-85.602	
8100-lilith-web-screenshots	imazen-26-png-v3/png-v3/8100-lilith-web-screenshots/2880x1800/8267_web-screenshots_usgs-topoview_dpr2_page1_2880x1800.sdr.png	st_oct8	32	15441	1832.3484010034008	-85.278	
8100-lilith-web-screenshots	imazen-26-png-v3/png-v3/8100-lilith-web-screenshots/2880x1800/8267_web-screenshots_usgs-topoview_dpr2_page1_2880x1800.sdr.png	st_oct8	44	8391	1273.9794439985417	-84.228	
8100-lilith-web-screenshots	imazen-26-png-v3/png-v3/8100-lilith-web-screenshots/2880x1800/8267_web-screenshots_usgs-topoview_dpr2_page1_2880x1800.sdr.png	st_oct7_vb4	20	25870	2550.8975080010714	-85.535	
8100-lilith-web-screenshots	imazen-26-png-v3/png-v3/8100-lilith-web-screenshots/2880x1800/8267_web-screenshots_usgs-topoview_dpr2_page1_2880x1800.sdr.png	st_oct7_vb4	32	15920	1922.4814219924156	-85.293	
8100-lilith-web-screenshots	imazen-26-png-v3/png-v3/8100-lilith-web-screenshots/2880x1800/8267_web-screenshots_usgs-topoview_dpr2_page1_2880x1800.sdr.png	st_oct7_vb4	44	8615	1253.3069170021918	-84.763	
8100-lilith-web-screenshots	imazen-26-png-v3/png-v3/8100-lilith-web-screenshots/2880x1800/8267_web-screenshots_usgs-topoview_dpr2_page1_2880x1800.sdr.png	st_oct8_vb4	20	25733	2557.9895459959516	-85.517	
8100-lilith-web-screenshots	imazen-26-png-v3/png-v3/8100-lilith-web-screenshots/2880x1800/8267_web-screenshots_usgs-topoview_dpr2_page1_2880x1800.sdr.png	st_oct8_vb4	32	15585	1646.2935140007176	-85.131	
8100-lilith-web-screenshots	imazen-26-png-v3/png-v3/8100-lilith-web-screenshots/2880x1800/8267_web-screenshots_usgs-topoview_dpr2_page1_2880x1800.sdr.png	st_oct8_vb4	44	8446	1011.989047008683	-84.425	
8100-lilith-web-screenshots	imazen-26-png-v3/png-v3/8100-lilith-web-screenshots/2880x1800/8267_web-screenshots_usgs-topoview_dpr2_page1_2880x1800.sdr.png	st_oct7_ac10	20	25816	2555.7621459884103	-85.504	
8100-lilith-web-screenshots	imazen-26-png-v3/png-v3/8100-lilith-web-screenshots/2880x1800/8267_web-screenshots_usgs-topoview_dpr2_page1_2880x1800.sdr.png	st_oct7_ac10	32	15636	1926.3338080054382	-85.376	
8100-lilith-web-screenshots	imazen-26-png-v3/png-v3/8100-lilith-web-screenshots/2880x1800/8267_web-screenshots_usgs-topoview_dpr2_page1_2880x1800.sdr.png	st_oct7_ac10	44	8480	1112.2105969989207	-84.438	
8100-lilith-web-screenshots	imazen-26-png-v3/png-v3/8100-lilith-web-screenshots/2880x1800/8267_web-screenshots_usgs-topoview_dpr2_page1_2880x1800.sdr.png	st_oct7_ac20	20	25904	2982.059731002664	-85.569	
8100-lilith-web-screenshots	imazen-26-png-v3/png-v3/8100-lilith-web-screenshots/2880x1800/8267_web-screenshots_usgs-topoview_dpr2_page1_2880x1800.sdr.png	st_oct7_ac20	32	15717	2000.324285007082	-85.327	
8100-lilith-web-screenshots	imazen-26-png-v3/png-v3/8100-lilith-web-screenshots/2880x1800/8267_web-screenshots_usgs-topoview_dpr2_page1_2880x1800.sdr.png	st_oct7_ac20	44	8484	1227.1461080090376	-84.485	
8100-lilith-web-screenshots	imazen-26-png-v3/png-v3/8100-lilith-web-screenshots/2880x1800/8267_web-screenshots_usgs-topoview_dpr2_page1_2880x1800.sdr.png	st_oct8_ac10	20	25647	3205.054606005433	-85.602	
8100-lilith-web-screenshots	imazen-26-png-v3/png-v3/8100-lilith-web-screenshots/2880x1800/8267_web-screenshots_usgs-topoview_dpr2_page1_2880x1800.sdr.png	st_oct8_ac10	32	15501	2082.2055470052874	-85.088	
8100-lilith-web-screenshots	imazen-26-png-v3/png-v3/8100-lilith-web-screenshots/2880x1800/8267_web-screenshots_usgs-topoview_dpr2_page1_2880x1800.sdr.png	st_oct8_ac10	44	8407	1163.4477350016823	-84.504	
9000-lilith-ai-clipart	imazen-26-png-v3/png-v3/9000-lilith-ai-clipart/9036_gen_clipart_laptop-coffee_1024x1024.sdr.png	st_oct8	20	16523	1431.6264939989196	-64.187	
9000-lilith-ai-clipart	imazen-26-png-v3/png-v3/9000-lilith-ai-clipart/9036_gen_clipart_laptop-coffee_1024x1024.sdr.png	st_oct8	32	11143	961.4665949920891	-64.189	
9000-lilith-ai-clipart	imazen-26-png-v3/png-v3/9000-lilith-ai-clipart/9036_gen_clipart_laptop-coffee_1024x1024.sdr.png	st_oct8	44	6504	650.1208930130815	-64.192	
9000-lilith-ai-clipart	imazen-26-png-v3/png-v3/9000-lilith-ai-clipart/9036_gen_clipart_laptop-coffee_1024x1024.sdr.png	st_oct7_vb4	20	16566	1696.8078399950173	-64.186	
9000-lilith-ai-clipart	imazen-26-png-v3/png-v3/9000-lilith-ai-clipart/9036_gen_clipart_laptop-coffee_1024x1024.sdr.png	st_oct7_vb4	32	11167	1291.9394089985872	-64.190	
9000-lilith-ai-clipart	imazen-26-png-v3/png-v3/9000-lilith-ai-clipart/9036_gen_clipart_laptop-coffee_1024x1024.sdr.png	st_oct7_vb4	44	6509	818.5457000072347	-64.194	
9000-lilith-ai-clipart	imazen-26-png-v3/png-v3/9000-lilith-ai-clipart/9036_gen_clipart_laptop-coffee_1024x1024.sdr.png	st_oct8_vb4	20	16564	1956.6792330006137	-64.186	
9000-lilith-ai-clipart	imazen-26-png-v3/png-v3/9000-lilith-ai-clipart/9036_gen_clipart_laptop-coffee_1024x1024.sdr.png	st_oct8_vb4	32	11141	1675.2236830070615	-64.190	
9000-lilith-ai-clipart	imazen-26-png-v3/png-v3/9000-lilith-ai-clipart/9036_gen_clipart_laptop-coffee_1024x1024.sdr.png	st_oct8_vb4	44	6510	1069.0137160127051	-64.192	
9000-lilith-ai-clipart	imazen-26-png-v3/png-v3/9000-lilith-ai-clipart/9036_gen_clipart_laptop-coffee_1024x1024.sdr.png	st_oct7_ac10	20	16589	2068.8429110014113	-64.186	
9000-lilith-ai-clipart	imazen-26-png-v3/png-v3/9000-lilith-ai-clipart/9036_gen_clipart_laptop-coffee_1024x1024.sdr.png	st_oct7_ac10	32	11128	1457.256055000471	-64.191	
9000-lilith-ai-clipart	imazen-26-png-v3/png-v3/9000-lilith-ai-clipart/9036_gen_clipart_laptop-coffee_1024x1024.sdr.png	st_oct7_ac10	44	6532	846.0118280054303	-64.196	
9000-lilith-ai-clipart	imazen-26-png-v3/png-v3/9000-lilith-ai-clipart/9036_gen_clipart_laptop-coffee_1024x1024.sdr.png	st_oct7_ac20	20	16588	1963.818360993173	-64.186	
9000-lilith-ai-clipart	imazen-26-png-v3/png-v3/9000-lilith-ai-clipart/9036_gen_clipart_laptop-coffee_1024x1024.sdr.png	st_oct7_ac20	32	11122	1224.0380459988955	-64.191	
9000-lilith-ai-clipart	imazen-26-png-v3/png-v3/9000-lilith-ai-clipart/9036_gen_clipart_laptop-coffee_1024x1024.sdr.png	st_oct7_ac20	44	6524	767.0495600032154	-64.196	
9000-lilith-ai-clipart	imazen-26-png-v3/png-v3/9000-lilith-ai-clipart/9036_gen_clipart_laptop-coffee_1024x1024.sdr.png	st_oct8_ac10	20	16555	1941.9698109995807	-64.187	
9000-lilith-ai-clipart	imazen-26-png-v3/png-v3/9000-lilith-ai-clipart/9036_gen_clipart_laptop-coffee_1024x1024.sdr.png	st_oct8_ac10	32	11121	1397.8941060049692	-64.191	
9000-lilith-ai-clipart	imazen-26-png-v3/png-v3/9000-lilith-ai-clipart/9036_gen_clipart_laptop-coffee_1024x1024.sdr.png	st_oct8_ac10	44	6510	1036.783220988582	-64.193	
9000-lilith-ai-clipart	imazen-26-png-v3/png-v3/9000-lilith-ai-clipart/9070_gen_clipart_sunflower-cheerful_1024x1536.sdr.png	st_oct8	20	13746	2054.9663300043903	-71.958	
9000-lilith-ai-clipart	imazen-26-png-v3/png-v3/9000-lilith-ai-clipart/9070_gen_clipart_sunflower-cheerful_1024x1536.sdr.png	st_oct8	32	8619	1491.3758870097809	-71.830	
9000-lilith-ai-clipart	imazen-26-png-v3/png-v3/9000-lilith-ai-clipart/9070_gen_clipart_sunflower-cheerful_1024x1536.sdr.png	st_oct8	44	5047	1108.27368000173	-71.817	
9000-lilith-ai-clipart	imazen-26-png-v3/png-v3/9000-lilith-ai-clipart/9070_gen_clipart_sunflower-cheerful_1024x1536.sdr.png	st_oct7_vb4	20	13854	1787.9762579977978	-71.944	
9000-lilith-ai-clipart	imazen-26-png-v3/png-v3/9000-lilith-ai-clipart/9070_gen_clipart_sunflower-cheerful_1024x1536.sdr.png	st_oct7_vb4	32	8776	1477.5971519993618	-71.902	
9000-lilith-ai-clipart	imazen-26-png-v3/png-v3/9000-lilith-ai-clipart/9070_gen_clipart_sunflower-cheerful_1024x1536.sdr.png	st_oct7_vb4	44	5162	933.6822220066097	-71.580	
9000-lilith-ai-clipart	imazen-26-png-v3/png-v3/9000-lilith-ai-clipart/9070_gen_clipart_sunflower-cheerful_1024x1536.sdr.png	st_oct8_vb4	20	13815	1781.4715459971922	-71.951	
9000-lilith-ai-clipart	imazen-26-png-v3/png-v3/9000-lilith-ai-clipart/9070_gen_clipart_sunflower-cheerful_1024x1536.sdr.png	st_oct8_vb4	32	8742	1497.3136430053273	-71.819	
9000-lilith-ai-clipart	imazen-26-png-v3/png-v3/9000-lilith-ai-clipart/9070_gen_clipart_sunflower-cheerful_1024x1536.sdr.png	st_oct8_vb4	44	5114	975.4407820000779	-71.746	
9000-lilith-ai-clipart	imazen-26-png-v3/png-v3/9000-lilith-ai-clipart/9070_gen_clipart_sunflower-cheerful_1024x1536.sdr.png	st_oct7_ac10	20	13764	1950.8029440039536	-71.937	
9000-lilith-ai-clipart	imazen-26-png-v3/png-v3/9000-lilith-ai-clipart/9070_gen_clipart_sunflower-cheerful_1024x1536.sdr.png	st_oct7_ac10	32	8687	1439.4042830099352	-71.899	
9000-lilith-ai-clipart	imazen-26-png-v3/png-v3/9000-lilith-ai-clipart/9070_gen_clipart_sunflower-cheerful_1024x1536.sdr.png	st_oct7_ac10	44	5066	1023.1382690108148	-71.539	
9000-lilith-ai-clipart	imazen-26-png-v3/png-v3/9000-lilith-ai-clipart/9070_gen_clipart_sunflower-cheerful_1024x1536.sdr.png	st_oct7_ac20	20	13785	2124.6631540125236	-71.933	
9000-lilith-ai-clipart	imazen-26-png-v3/png-v3/9000-lilith-ai-clipart/9070_gen_clipart_sunflower-cheerful_1024x1536.sdr.png	st_oct7_ac20	32	8690	1599.6797749976395	-71.931	
9000-lilith-ai-clipart	imazen-26-png-v3/png-v3/9000-lilith-ai-clipart/9070_gen_clipart_sunflower-cheerful_1024x1536.sdr.png	st_oct7_ac20	44	5090	1143.9691659907112	-71.568	
9000-lilith-ai-clipart	imazen-26-png-v3/png-v3/9000-lilith-ai-clipart/9070_gen_clipart_sunflower-cheerful_1024x1536.sdr.png	st_oct8_ac10	20	13710	2055.1848849863745	-71.957	
9000-lilith-ai-clipart	imazen-26-png-v3/png-v3/9000-lilith-ai-clipart/9070_gen_clipart_sunflower-cheerful_1024x1536.sdr.png	st_oct8_ac10	32	8614	1496.4393929985818	-71.910	
9000-lilith-ai-clipart	imazen-26-png-v3/png-v3/9000-lilith-ai-clipart/9070_gen_clipart_sunflower-cheerful_1024x1536.sdr.png	st_oct8_ac10	44	5040	1035.7072970073204	-71.593	
9094-lilith-ai-illustrations	imazen-26-png-v3/png-v3/9094-lilith-ai-illustrations/9100_gen_illustrations_bath-candles-evening_1024x1536.sdr.png	st_oct8	20	42168	3543.368400001782	-64.230	
9094-lilith-ai-illustrations	imazen-26-png-v3/png-v3/9094-lilith-ai-illustrations/9100_gen_illustrations_bath-candles-evening_1024x1536.sdr.png	st_oct8	32	21435	2122.6625440031057	-64.229	
9094-lilith-ai-illustrations	imazen-26-png-v3/png-v3/9094-lilith-ai-illustrations/9100_gen_illustrations_bath-candles-evening_1024x1536.sdr.png	st_oct8	44	7103	998.629556997912	-64.229	
9094-lilith-ai-illustrations	imazen-26-png-v3/png-v3/9094-lilith-ai-illustrations/9100_gen_illustrations_bath-candles-evening_1024x1536.sdr.png	st_oct7_vb4	20	44937	3328.855632003979	-64.230	
9094-lilith-ai-illustrations	imazen-26-png-v3/png-v3/9094-lilith-ai-illustrations/9100_gen_illustrations_bath-candles-evening_1024x1536.sdr.png	st_oct7_vb4	32	24546	2235.191234998638	-64.229	
9094-lilith-ai-illustrations	imazen-26-png-v3/png-v3/9094-lilith-ai-illustrations/9100_gen_illustrations_bath-candles-evening_1024x1536.sdr.png	st_oct7_vb4	44	8575	1088.948871998582	-64.229	
9094-lilith-ai-illustrations	imazen-26-png-v3/png-v3/9094-lilith-ai-illustrations/9100_gen_illustrations_bath-candles-evening_1024x1536.sdr.png	st_oct8_vb4	20	43267	3270.4351730062626	-64.230	
9094-lilith-ai-illustrations	imazen-26-png-v3/png-v3/9094-lilith-ai-illustrations/9100_gen_illustrations_bath-candles-evening_1024x1536.sdr.png	st_oct8_vb4	32	22709	1964.6580749977147	-64.229	
9094-lilith-ai-illustrations	imazen-26-png-v3/png-v3/9094-lilith-ai-illustrations/9100_gen_illustrations_bath-candles-evening_1024x1536.sdr.png	st_oct8_vb4	44	7707	942.5140249950346	-64.229	
9094-lilith-ai-illustrations	imazen-26-png-v3/png-v3/9094-lilith-ai-illustrations/9100_gen_illustrations_bath-candles-evening_1024x1536.sdr.png	st_oct7_ac10	20	43757	3195.9548449958675	-64.230	
9094-lilith-ai-illustrations	imazen-26-png-v3/png-v3/9094-lilith-ai-illustrations/9100_gen_illustrations_bath-candles-evening_1024x1536.sdr.png	st_oct7_ac10	32	22899	1958.8188360066852	-64.229	
9094-lilith-ai-illustrations	imazen-26-png-v3/png-v3/9094-lilith-ai-illustrations/9100_gen_illustrations_bath-candles-evening_1024x1536.sdr.png	st_oct7_ac10	44	7752	759.5572309946874	-64.229	
9094-lilith-ai-illustrations	imazen-26-png-v3/png-v3/9094-lilith-ai-illustrations/9100_gen_illustrations_bath-candles-evening_1024x1536.sdr.png	st_oct7_ac20	20	43757	3323.7615089892643	-64.230	
9094-lilith-ai-illustrations	imazen-26-png-v3/png-v3/9094-lilith-ai-illustrations/9100_gen_illustrations_bath-candles-evening_1024x1536.sdr.png	st_oct7_ac20	32	22908	2062.5566939997952	-64.229	
9094-lilith-ai-illustrations	imazen-26-png-v3/png-v3/9094-lilith-ai-illustrations/9100_gen_illustrations_bath-candles-evening_1024x1536.sdr.png	st_oct7_ac20	44	7776	783.8722650049021	-64.229	
9094-lilith-ai-illustrations	imazen-26-png-v3/png-v3/9094-lilith-ai-illustrations/9100_gen_illustrations_bath-candles-evening_1024x1536.sdr.png	st_oct8_ac10	20	42170	3064.390525993076	-64.230	
9094-lilith-ai-illustrations	imazen-26-png-v3/png-v3/9094-lilith-ai-illustrations/9100_gen_illustrations_bath-candles-evening_1024x1536.sdr.png	st_oct8_ac10	32	21518	1784.5467159932014	-64.230	
9094-lilith-ai-illustrations	imazen-26-png-v3/png-v3/9094-lilith-ai-illustrations/9100_gen_illustrations_bath-candles-evening_1024x1536.sdr.png	st_oct8_ac10	44	7078	788.2320649950998	-64.229	
9094-lilith-ai-illustrations	imazen-26-png-v3/png-v3/9094-lilith-ai-illustrations/9135_gen_illustrations_old-fisherman-river_1024x1536.sdr.png	st_oct8	20	47428	3337.5204269977985	-77.932	
9094-lilith-ai-illustrations	imazen-26-png-v3/png-v3/9094-lilith-ai-illustrations/9135_gen_illustrations_old-fisherman-river_1024x1536.sdr.png	st_oct8	32	24349	2178.0837990081636	-77.739	
9094-lilith-ai-illustrations	imazen-26-png-v3/png-v3/9094-lilith-ai-illustrations/9135_gen_illustrations_old-fisherman-river_1024x1536.sdr.png	st_oct8	44	8889	1044.992569994065	-75.326	
9094-lilith-ai-illustrations	imazen-26-png-v3/png-v3/9094-lilith-ai-illustrations/9135_gen_illustrations_old-fisherman-river_1024x1536.sdr.png	st_oct7_vb4	20	51033	3453.972788003739	-77.981	
9094-lilith-ai-illustrations	imazen-26-png-v3/png-v3/9094-lilith-ai-illustrations/9135_gen_illustrations_old-fisherman-river_1024x1536.sdr.png	st_oct7_vb4	32	27480	2011.6858310066164	-77.603	
9094-lilith-ai-illustrations	imazen-26-png-v3/png-v3/9094-lilith-ai-illustrations/9135_gen_illustrations_old-fisherman-river_1024x1536.sdr.png	st_oct7_vb4	44	10291	1031.9561140058795	-75.885	
9094-lilith-ai-illustrations	imazen-26-png-v3/png-v3/9094-lilith-ai-illustrations/9135_gen_illustrations_old-fisherman-river_1024x1536.sdr.png	st_oct8_vb4	20	48043	3243.2473029912217	-77.988	
9094-lilith-ai-illustrations	imazen-26-png-v3/png-v3/9094-lilith-ai-illustrations/9135_gen_illustrations_old-fisherman-river_1024x1536.sdr.png	st_oct8_vb4	32	25014	2080.1078740041703	-77.386	
9094-lilith-ai-illustrations	imazen-26-png-v3/png-v3/9094-lilith-ai-illustrations/9135_gen_illustrations_old-fisherman-river_1024x1536.sdr.png	st_oct8_vb4	44	9302	905.6626340025105	-75.828	
9094-lilith-ai-illustrations	imazen-26-png-v3/png-v3/9094-lilith-ai-illustrations/9135_gen_illustrations_old-fisherman-river_1024x1536.sdr.png	st_oct7_ac10	20	49821	3197.695040013059	-77.957	
9094-lilith-ai-illustrations	imazen-26-png-v3/png-v3/9094-lilith-ai-illustrations/9135_gen_illustrations_old-fisherman-river_1024x1536.sdr.png	st_oct7_ac10	32	26182	2015.3974090062547	-77.539	
9094-lilith-ai-illustrations	imazen-26-png-v3/png-v3/9094-lilith-ai-illustrations/9135_gen_illustrations_old-fisherman-river_1024x1536.sdr.png	st_oct7_ac10	44	9787	849.6442859905073	-75.613	
9094-lilith-ai-illustrations	imazen-26-png-v3/png-v3/9094-lilith-ai-illustrations/9135_gen_illustrations_old-fisherman-river_1024x1536.sdr.png	st_oct7_ac20	20	49870	3463.6521300126333	-78.025	
9094-lilith-ai-illustrations	imazen-26-png-v3/png-v3/9094-lilith-ai-illustrations/9135_gen_illustrations_old-fisherman-river_1024x1536.sdr.png	st_oct7_ac20	32	26262	2014.421334999497	-77.415	
9094-lilith-ai-illustrations	imazen-26-png-v3/png-v3/9094-lilith-ai-illustrations/9135_gen_illustrations_old-fisherman-river_1024x1536.sdr.png	st_oct7_ac20	44	9779	875.763885997003	-75.486	
9094-lilith-ai-illustrations	imazen-26-png-v3/png-v3/9094-lilith-ai-illustrations/9135_gen_illustrations_old-fisherman-river_1024x1536.sdr.png	st_oct8_ac10	20	47500	3367.790989999776	-77.917	
9094-lilith-ai-illustrations	imazen-26-png-v3/png-v3/9094-lilith-ai-illustrations/9135_gen_illustrations_old-fisherman-river_1024x1536.sdr.png	st_oct8_ac10	32	24414	2031.199667006149	-77.414	
9094-lilith-ai-illustrations	imazen-26-png-v3/png-v3/9094-lilith-ai-illustrations/9135_gen_illustrations_old-fisherman-river_1024x1536.sdr.png	st_oct8_ac10	44	8883	830.3701539989561	-75.344	
9226-lilith-ai-products	imazen-26-png-v3/png-v3/9226-lilith-ai-products/beauty/9303_gen_products-beauty_florwell-bath-soak-back_ingredients_p0074_1024x1536.sdr.png	st_oct8	20	34003	2830.380403000163	-64.077	
9226-lilith-ai-products	imazen-26-png-v3/png-v3/9226-lilith-ai-products/beauty/9303_gen_products-beauty_florwell-bath-soak-back_ingredients_p0074_1024x1536.sdr.png	st_oct8	32	17467	1476.1858919955557	-64.080	
9226-lilith-ai-products	imazen-26-png-v3/png-v3/9226-lilith-ai-products/beauty/9303_gen_products-beauty_florwell-bath-soak-back_ingredients_p0074_1024x1536.sdr.png	st_oct8	44	7260	860.7946900010575	-64.049	
9226-lilith-ai-products	imazen-26-png-v3/png-v3/9226-lilith-ai-products/beauty/9303_gen_products-beauty_florwell-bath-soak-back_ingredients_p0074_1024x1536.sdr.png	st_oct7_vb4	20	35382	2990.114726999309	-64.074	
9226-lilith-ai-products	imazen-26-png-v3/png-v3/9226-lilith-ai-products/beauty/9303_gen_products-beauty_florwell-bath-soak-back_ingredients_p0074_1024x1536.sdr.png	st_oct7_vb4	32	18546	1700.021252996521	-64.074	
9226-lilith-ai-products	imazen-26-png-v3/png-v3/9226-lilith-ai-products/beauty/9303_gen_products-beauty_florwell-bath-soak-back_ingredients_p0074_1024x1536.sdr.png	st_oct7_vb4	44	7690	706.7771830043057	-64.071	
9226-lilith-ai-products	imazen-26-png-v3/png-v3/9226-lilith-ai-products/beauty/9303_gen_products-beauty_florwell-bath-soak-back_ingredients_p0074_1024x1536.sdr.png	st_oct8_vb4	20	34654	3005.51021299907	-64.073	
9226-lilith-ai-products	imazen-26-png-v3/png-v3/9226-lilith-ai-products/beauty/9303_gen_products-beauty_florwell-bath-soak-back_ingredients_p0074_1024x1536.sdr.png	st_oct8_vb4	32	17936	1733.386142004747	-64.070	
9226-lilith-ai-products	imazen-26-png-v3/png-v3/9226-lilith-ai-products/beauty/9303_gen_products-beauty_florwell-bath-soak-back_ingredients_p0074_1024x1536.sdr.png	st_oct8_vb4	44	7538	924.6750489983242	-64.058	
9226-lilith-ai-products	imazen-26-png-v3/png-v3/9226-lilith-ai-products/beauty/9303_gen_products-beauty_florwell-bath-soak-back_ingredients_p0074_1024x1536.sdr.png	st_oct7_ac10	20	34591	2860.5190070084063	-64.078	
9226-lilith-ai-products	imazen-26-png-v3/png-v3/9226-lilith-ai-products/beauty/9303_gen_products-beauty_florwell-bath-soak-back_ingredients_p0074_1024x1536.sdr.png	st_oct7_ac10	32	17962	1647.8105660062283	-64.069	
9226-lilith-ai-products	imazen-26-png-v3/png-v3/9226-lilith-ai-products/beauty/9303_gen_products-beauty_florwell-bath-soak-back_ingredients_p0074_1024x1536.sdr.png	st_oct7_ac10	44	7349	657.4459630064666	-64.060	
9226-lilith-ai-products	imazen-26-png-v3/png-v3/9226-lilith-ai-products/beauty/9303_gen_products-beauty_florwell-bath-soak-back_ingredients_p0074_1024x1536.sdr.png	st_oct7_ac20	20	34781	2897.812305003754	-64.073	
9226-lilith-ai-products	imazen-26-png-v3/png-v3/9226-lilith-ai-products/beauty/9303_gen_products-beauty_florwell-bath-soak-back_ingredients_p0074_1024x1536.sdr.png	st_oct7_ac20	32	17956	1572.845206988859	-64.076	
9226-lilith-ai-products	imazen-26-png-v3/png-v3/9226-lilith-ai-products/beauty/9303_gen_products-beauty_florwell-bath-soak-back_ingredients_p0074_1024x1536.sdr.png	st_oct7_ac20	44	7368	837.1383670018986	-64.053	
9226-lilith-ai-products	imazen-26-png-v3/png-v3/9226-lilith-ai-products/beauty/9303_gen_products-beauty_florwell-bath-soak-back_ingredients_p0074_1024x1536.sdr.png	st_oct8_ac10	20	34117	2965.520572994137	-64.075	
9226-lilith-ai-products	imazen-26-png-v3/png-v3/9226-lilith-ai-products/beauty/9303_gen_products-beauty_florwell-bath-soak-back_ingredients_p0074_1024x1536.sdr.png	st_oct8_ac10	32	17491	1605.8262979931897	-64.079	
9226-lilith-ai-products	imazen-26-png-v3/png-v3/9226-lilith-ai-products/beauty/9303_gen_products-beauty_florwell-bath-soak-back_ingredients_p0074_1024x1536.sdr.png	st_oct8_ac10	44	7248	729.5045210048556	-64.055	
9226-lilith-ai-products	imazen-26-png-v3/png-v3/9226-lilith-ai-products/home/kitchen/9817_gen_products-home-kitchen_fieldstone-glass-storage-set_p0578_1536x1024.sdr.png	st_oct8	20	23659	2285.2252190059517	-32.220	
9226-lilith-ai-products	imazen-26-png-v3/png-v3/9226-lilith-ai-products/home/kitchen/9817_gen_products-home-kitchen_fieldstone-glass-storage-set_p0578_1536x1024.sdr.png	st_oct8	32	13506	1512.9414100083522	-31.885	
9226-lilith-ai-products	imazen-26-png-v3/png-v3/9226-lilith-ai-products/home/kitchen/9817_gen_products-home-kitchen_fieldstone-glass-storage-set_p0578_1536x1024.sdr.png	st_oct8	44	6503	923.3394620096078	-32.857	
9226-lilith-ai-products	imazen-26-png-v3/png-v3/9226-lilith-ai-products/home/kitchen/9817_gen_products-home-kitchen_fieldstone-glass-storage-set_p0578_1536x1024.sdr.png	st_oct7_vb4	20	24342	2624.6198559965705	-32.215	
9226-lilith-ai-products	imazen-26-png-v3/png-v3/9226-lilith-ai-products/home/kitchen/9817_gen_products-home-kitchen_fieldstone-glass-storage-set_p0578_1536x1024.sdr.png	st_oct7_vb4	32	14030	1701.3388049963396	-31.992	
9226-lilith-ai-products	imazen-26-png-v3/png-v3/9226-lilith-ai-products/home/kitchen/9817_gen_products-home-kitchen_fieldstone-glass-storage-set_p0578_1536x1024.sdr.png	st_oct7_vb4	44	6828	1127.5568080018274	-32.429	
9226-lilith-ai-products	imazen-26-png-v3/png-v3/9226-lilith-ai-products/home/kitchen/9817_gen_products-home-kitchen_fieldstone-glass-storage-set_p0578_1536x1024.sdr.png	st_oct8_vb4	20	23711	2431.712356992648	-32.269	
9226-lilith-ai-products	imazen-26-png-v3/png-v3/9226-lilith-ai-products/home/kitchen/9817_gen_products-home-kitchen_fieldstone-glass-storage-set_p0578_1536x1024.sdr.png	st_oct8_vb4	32	13618	1680.863172005047	-32.378	
9226-lilith-ai-products	imazen-26-png-v3/png-v3/9226-lilith-ai-products/home/kitchen/9817_gen_products-home-kitchen_fieldstone-glass-storage-set_p0578_1536x1024.sdr.png	st_oct8_vb4	44	6571	1154.1489169903798	-32.650	
9226-lilith-ai-products	imazen-26-png-v3/png-v3/9226-lilith-ai-products/home/kitchen/9817_gen_products-home-kitchen_fieldstone-glass-storage-set_p0578_1536x1024.sdr.png	st_oct7_ac10	20	24164	2386.413524989621	-32.047	
9226-lilith-ai-products	imazen-26-png-v3/png-v3/9226-lilith-ai-products/home/kitchen/9817_gen_products-home-kitchen_fieldstone-glass-storage-set_p0578_1536x1024.sdr.png	st_oct7_ac10	32	13890	1751.533914997708	-32.150	
9226-lilith-ai-products	imazen-26-png-v3/png-v3/9226-lilith-ai-products/home/kitchen/9817_gen_products-home-kitchen_fieldstone-glass-storage-set_p0578_1536x1024.sdr.png	st_oct7_ac10	44	6728	1074.8022879997734	-32.736	
9226-lilith-ai-products	imazen-26-png-v3/png-v3/9226-lilith-ai-products/home/kitchen/9817_gen_products-home-kitchen_fieldstone-glass-storage-set_p0578_1536x1024.sdr.png	st_oct7_ac20	20	24190	2536.9405139936134	-32.220	
9226-lilith-ai-products	imazen-26-png-v3/png-v3/9226-lilith-ai-products/home/kitchen/9817_gen_products-home-kitchen_fieldstone-glass-storage-set_p0578_1536x1024.sdr.png	st_oct7_ac20	32	13917	1826.488844002597	-32.083	
9226-lilith-ai-products	imazen-26-png-v3/png-v3/9226-lilith-ai-products/home/kitchen/9817_gen_products-home-kitchen_fieldstone-glass-storage-set_p0578_1536x1024.sdr.png	st_oct7_ac20	44	6727	1055.346651992295	-32.472	
9226-lilith-ai-products	imazen-26-png-v3/png-v3/9226-lilith-ai-products/home/kitchen/9817_gen_products-home-kitchen_fieldstone-glass-storage-set_p0578_1536x1024.sdr.png	st_oct8_ac10	20	23656	2174.799743006588	-32.166	
9226-lilith-ai-products	imazen-26-png-v3/png-v3/9226-lilith-ai-products/home/kitchen/9817_gen_products-home-kitchen_fieldstone-glass-storage-set_p0578_1536x1024.sdr.png	st_oct8_ac10	32	13506	1547.4616839928785	-32.324	
9226-lilith-ai-products	imazen-26-png-v3/png-v3/9226-lilith-ai-products/home/kitchen/9817_gen_products-home-kitchen_fieldstone-glass-storage-set_p0578_1536x1024.sdr.png	st_oct8_ac10	44	6503	912.7266379946377	-32.857	
