class	image	arm	preset	qp	bytes	wall_ms	cpu_ms	ssim2	note
1000-lilith-photos-general	imazen-26-png-v3/png-v3/1000-lilith-photos-general/1033_general_stone-tunnel-lights_placa-pedro-infante-valladolid_s23u_iso800-f1p7_20230918-111620_3000x4000.sdr.png	t1	-1	20	45586	5425.397098006215	15234.128999999999	79.984	
1000-lilith-photos-general	imazen-26-png-v3/png-v3/1000-lilith-photos-general/1033_general_stone-tunnel-lights_placa-pedro-infante-valladolid_s23u_iso800-f1p7_20230918-111620_3000x4000.sdr.png	t1	-1	32	24819	6569.813205001992	27674.159	65.662	
1000-lilith-photos-general	imazen-26-png-v3/png-v3/1000-lilith-photos-general/1033_general_stone-tunnel-lights_placa-pedro-infante-valladolid_s23u_iso800-f1p7_20230918-111620_3000x4000.sdr.png	t1	-1	44	11419	5986.6981279919855	21055.109	32.273	
1000-lilith-photos-general	imazen-26-png-v3/png-v3/1000-lilith-photos-general/1033_general_stone-tunnel-lights_placa-pedro-infante-valladolid_s23u_iso800-f1p7_20230918-111620_3000x4000.sdr.png	t1	2	20	44315	1036.6960449900944	2955.049	79.346	
1000-lilith-photos-general	imazen-26-png-v3/png-v3/1000-lilith-photos-general/1033_general_stone-tunnel-lights_placa-pedro-infante-valladolid_s23u_iso800-f1p7_20230918-111620_3000x4000.sdr.png	t1	2	32	23933	808.4881940012565	2135.3929999999996	64.024	
1000-lilith-photos-general	imazen-26-png-v3/png-v3/1000-lilith-photos-general/1033_general_stone-tunnel-lights_placa-pedro-infante-valladolid_s23u_iso800-f1p7_20230918-111620_3000x4000.sdr.png	t1	2	44	10729	1051.5277220110875	3778.87	29.162	
1000-lilith-photos-general	imazen-26-png-v3/png-v3/1000-lilith-photos-general/1033_general_stone-tunnel-lights_placa-pedro-infante-valladolid_s23u_iso800-f1p7_20230918-111620_3000x4000.sdr.png	t1	4	20	44457	383.9595890021883	1359.786	78.867	
1000-lilith-photos-general	imazen-26-png-v3/png-v3/1000-lilith-photos-general/1033_general_stone-tunnel-lights_placa-pedro-infante-valladolid_s23u_iso800-f1p7_20230918-111620_3000x4000.sdr.png	t1	4	32	24015	368.32389600749593	1060.028	63.924	
1000-lilith-photos-general	imazen-26-png-v3/png-v3/1000-lilith-photos-general/1033_general_stone-tunnel-lights_placa-pedro-infante-valladolid_s23u_iso800-f1p7_20230918-111620_3000x4000.sdr.png	t1	4	44	10511	271.11782200518064	767.01	26.531	
1000-lilith-photos-general	imazen-26-png-v3/png-v3/1000-lilith-photos-general/1033_general_stone-tunnel-lights_placa-pedro-infante-valladolid_s23u_iso800-f1p7_20230918-111620_3000x4000.sdr.png	t1	6	20	45058	187.68876099784393	341.71999999999997	79.185	
1000-lilith-photos-general	imazen-26-png-v3/png-v3/1000-lilith-photos-general/1033_general_stone-tunnel-lights_placa-pedro-infante-valladolid_s23u_iso800-f1p7_20230918-111620_3000x4000.sdr.png	t1	6	32	24319	166.59567299939226	160.76399999999998	63.598	
1000-lilith-photos-general	imazen-26-png-v3/png-v3/1000-lilith-photos-general/1033_general_stone-tunnel-lights_placa-pedro-infante-valladolid_s23u_iso800-f1p7_20230918-111620_3000x4000.sdr.png	t1	6	44	10569	186.9432749954285	496.445	26.252	
1000-lilith-photos-general	imazen-26-png-v3/png-v3/1000-lilith-photos-general/1033_general_stone-tunnel-lights_placa-pedro-infante-valladolid_s23u_iso800-f1p7_20230918-111620_3000x4000.sdr.png	t1	8	20	44924	224.34803999203723	202.85600000000002	78.319	
1000-lilith-photos-general	imazen-26-png-v3/png-v3/1000-lilith-photos-general/1033_general_stone-tunnel-lights_placa-pedro-infante-valladolid_s23u_iso800-f1p7_20230918-111620_3000x4000.sdr.png	t1	8	32	23491	432.8743840014795	473.92400000000004	61.557	
1000-lilith-photos-general	imazen-26-png-v3/png-v3/1000-lilith-photos-general/1033_general_stone-tunnel-lights_placa-pedro-infante-valladolid_s23u_iso800-f1p7_20230918-111620_3000x4000.sdr.png	t1	8	44	10339	161.62156699283514	168.25900000000027	25.569	
1000-lilith-photos-general	imazen-26-png-v3/png-v3/1000-lilith-photos-general/1033_general_stone-tunnel-lights_placa-pedro-infante-valladolid_s23u_iso800-f1p7_20230918-111620_3000x4000.sdr.png	t1	10	20	45956	207.41811800689902	396.9289999999996	78.819	
1000-lilith-photos-general	imazen-26-png-v3/png-v3/1000-lilith-photos-general/1033_general_stone-tunnel-lights_placa-pedro-infante-valladolid_s23u_iso800-f1p7_20230918-111620_3000x4000.sdr.png	t1	10	32	24755	336.1967829987407	494.1890000000002	62.706	
1000-lilith-photos-general	imazen-26-png-v3/png-v3/1000-lilith-photos-general/1033_general_stone-tunnel-lights_placa-pedro-infante-valladolid_s23u_iso800-f1p7_20230918-111620_3000x4000.sdr.png	t1	10	44	10778	232.52803499053698	165.3540000000001	25.554	
1000-lilith-photos-general	imazen-26-png-v3/png-v3/1000-lilith-photos-general/1033_general_stone-tunnel-lights_placa-pedro-infante-valladolid_s23u_iso800-f1p7_20230918-111620_3000x4000.sdr.png	t1	12	20	45956	264.15362500119954	413.75300000000016	78.819	
1000-lilith-photos-general	imazen-26-png-v3/png-v3/1000-lilith-photos-general/1033_general_stone-tunnel-lights_placa-pedro-infante-valladolid_s23u_iso800-f1p7_20230918-111620_3000x4000.sdr.png	t1	12	32	24755	332.8764680045424	421.6110000000005	62.706	
1000-lilith-photos-general	imazen-26-png-v3/png-v3/1000-lilith-photos-general/1033_general_stone-tunnel-lights_placa-pedro-infante-valladolid_s23u_iso800-f1p7_20230918-111620_3000x4000.sdr.png	t1	12	44	10778	420.1688039902365	234.5050000000003	25.554	
1000-lilith-photos-general	imazen-26-png-v3/png-v3/1000-lilith-photos-general/1033_general_stone-tunnel-lights_placa-pedro-infante-valladolid_s23u_iso800-f1p7_20230918-111620_3000x4000.sdr.png	t2	-1	20	45576	5453.768898994895	31042.321	80.008	
1000-lilith-photos-general	imazen-26-png-v3/png-v3/1000-lilith-photos-general/1033_general_stone-tunnel-lights_placa-pedro-infante-valladolid_s23u_iso800-f1p7_20230918-111620_3000x4000.sdr.png	t2	-1	32	24788	6367.720068999915	45419.732	65.535	
1000-lilith-photos-general	imazen-26-png-v3/png-v3/1000-lilith-photos-general/1033_general_stone-tunnel-lights_placa-pedro-infante-valladolid_s23u_iso800-f1p7_20230918-111620_3000x4000.sdr.png	t2	-1	44	11374	5887.293829000555	38991.744	32.135	
1000-lilith-photos-general	imazen-26-png-v3/png-v3/1000-lilith-photos-general/1033_general_stone-tunnel-lights_placa-pedro-infante-valladolid_s23u_iso800-f1p7_20230918-111620_3000x4000.sdr.png	t2	2	20	44346	970.6855240074219	2273.1589999999997	79.125	
1000-lilith-photos-general	imazen-26-png-v3/png-v3/1000-lilith-photos-general/1033_general_stone-tunnel-lights_placa-pedro-infante-valladolid_s23u_iso800-f1p7_20230918-111620_3000x4000.sdr.png	t2	2	32	23940	962.3649819986895	2987.0910000000003	64.530	
1000-lilith-photos-general	imazen-26-png-v3/png-v3/1000-lilith-photos-general/1033_general_stone-tunnel-lights_placa-pedro-infante-valladolid_s23u_iso800-f1p7_20230918-111620_3000x4000.sdr.png	t2	2	44	10647	778.5161139909178	2204.0989999999997	28.639	
1000-lilith-photos-general	imazen-26-png-v3/png-v3/1000-lilith-photos-general/1033_general_stone-tunnel-lights_placa-pedro-infante-valladolid_s23u_iso800-f1p7_20230918-111620_3000x4000.sdr.png	t2	4	20	44356	297.3229469935177	791.2620000000003	78.890	
1000-lilith-photos-general	imazen-26-png-v3/png-v3/1000-lilith-photos-general/1033_general_stone-tunnel-lights_placa-pedro-infante-valladolid_s23u_iso800-f1p7_20230918-111620_3000x4000.sdr.png	t2	4	32	24005	271.6459139919607	493.2750000000008	63.881	
1000-lilith-photos-general	imazen-26-png-v3/png-v3/1000-lilith-photos-general/1033_general_stone-tunnel-lights_placa-pedro-infante-valladolid_s23u_iso800-f1p7_20230918-111620_3000x4000.sdr.png	t2	4	44	10519	208.7999430077616	208.56799999999987	27.637	
1000-lilith-photos-general	imazen-26-png-v3/png-v3/1000-lilith-photos-general/1033_general_stone-tunnel-lights_placa-pedro-infante-valladolid_s23u_iso800-f1p7_20230918-111620_3000x4000.sdr.png	t2	6	20	44877	410.2410510095069	351.4130000000002	78.961	
1000-lilith-photos-general	imazen-26-png-v3/png-v3/1000-lilith-photos-general/1033_general_stone-tunnel-lights_placa-pedro-infante-valladolid_s23u_iso800-f1p7_20230918-111620_3000x4000.sdr.png	t2	6	32	24300	283.8327589997789	467.70599999999973	63.643	
1000-lilith-photos-general	imazen-26-png-v3/png-v3/1000-lilith-photos-general/1033_general_stone-tunnel-lights_placa-pedro-infante-valladolid_s23u_iso800-f1p7_20230918-111620_3000x4000.sdr.png	t2	6	44	10536	246.31446700368542	129.71299999999997	26.423	
1000-lilith-photos-general	imazen-26-png-v3/png-v3/1000-lilith-photos-general/1033_general_stone-tunnel-lights_placa-pedro-infante-valladolid_s23u_iso800-f1p7_20230918-111620_3000x4000.sdr.png	t2	8	20	44937	467.5246279948624	193.78100000000043	78.377	
1000-lilith-photos-general	imazen-26-png-v3/png-v3/1000-lilith-photos-general/1033_general_stone-tunnel-lights_placa-pedro-infante-valladolid_s23u_iso800-f1p7_20230918-111620_3000x4000.sdr.png	t2	8	32	23335	192.11139000253752	390.17100000000005	61.616	
1000-lilith-photos-general	imazen-26-png-v3/png-v3/1000-lilith-photos-general/1033_general_stone-tunnel-lights_placa-pedro-infante-valladolid_s23u_iso800-f1p7_20230918-111620_3000x4000.sdr.png	t2	8	44	10295	148.14017400203738	474.68	25.655	
1000-lilith-photos-general	imazen-26-png-v3/png-v3/1000-lilith-photos-general/1033_general_stone-tunnel-lights_placa-pedro-infante-valladolid_s23u_iso800-f1p7_20230918-111620_3000x4000.sdr.png	t2	10	20	45859	251.58302200725302	6051.219000000001	78.943	
1000-lilith-photos-general	imazen-26-png-v3/png-v3/1000-lilith-photos-general/1033_general_stone-tunnel-lights_placa-pedro-infante-valladolid_s23u_iso800-f1p7_20230918-111620_3000x4000.sdr.png	t2	10	32	24659	188.9708660019096	487.0650000000003	62.706	
1000-lilith-photos-general	imazen-26-png-v3/png-v3/1000-lilith-photos-general/1033_general_stone-tunnel-lights_placa-pedro-infante-valladolid_s23u_iso800-f1p7_20230918-111620_3000x4000.sdr.png	t2	10	44	10722	178.47922099463176	487.0650000000003	25.686	
1000-lilith-photos-general	imazen-26-png-v3/png-v3/1000-lilith-photos-general/1033_general_stone-tunnel-lights_placa-pedro-infante-valladolid_s23u_iso800-f1p7_20230918-111620_3000x4000.sdr.png	t2	12	20	45859	392.20330500393175	5767.599999999998	78.943	
1000-lilith-photos-general	imazen-26-png-v3/png-v3/1000-lilith-photos-general/1033_general_stone-tunnel-lights_placa-pedro-infante-valladolid_s23u_iso800-f1p7_20230918-111620_3000x4000.sdr.png	t2	12	32	24659	414.91962599684484	6580.752999999998	62.706	
1000-lilith-photos-general	imazen-26-png-v3/png-v3/1000-lilith-photos-general/1033_general_stone-tunnel-lights_placa-pedro-infante-valladolid_s23u_iso800-f1p7_20230918-111620_3000x4000.sdr.png	t2	12	44	10722	257.674099993892	6697.067999999998	25.686	
1000-lilith-photos-general	imazen-26-png-v3/png-v3/1000-lilith-photos-general/1033_general_stone-tunnel-lights_placa-pedro-infante-valladolid_s23u_iso800-f1p7_20230918-111620_3000x4000.sdr.png	t3	-1	20	52069	5967.154122001375	41084.76999999999	DEC-ERR	
1000-lilith-photos-general	imazen-26-png-v3/png-v3/1000-lilith-photos-general/1033_general_stone-tunnel-lights_placa-pedro-infante-valladolid_s23u_iso800-f1p7_20230918-111620_3000x4000.sdr.png	t3	-1	32	30882	7950.466663009138	43918.324	DEC-ERR	
1000-lilith-photos-general	imazen-26-png-v3/png-v3/1000-lilith-photos-general/1033_general_stone-tunnel-lights_placa-pedro-infante-valladolid_s23u_iso800-f1p7_20230918-111620_3000x4000.sdr.png	t3	-1	44	15211	10074.121386001934	64555.452000000005	DEC-ERR	
1000-lilith-photos-general	imazen-26-png-v3/png-v3/1000-lilith-photos-general/1033_general_stone-tunnel-lights_placa-pedro-infante-valladolid_s23u_iso800-f1p7_20230918-111620_3000x4000.sdr.png	t3	2	20	51408	1104.9983580014668	2815.4790000000007	82.629	
1000-lilith-photos-general	imazen-26-png-v3/png-v3/1000-lilith-photos-general/1033_general_stone-tunnel-lights_placa-pedro-infante-valladolid_s23u_iso800-f1p7_20230918-111620_3000x4000.sdr.png	t3	2	32	30072	992.1429139940301	2748.051999999999	72.000	
1000-lilith-photos-general	imazen-26-png-v3/png-v3/1000-lilith-photos-general/1033_general_stone-tunnel-lights_placa-pedro-infante-valladolid_s23u_iso800-f1p7_20230918-111620_3000x4000.sdr.png	t3	2	44	14527	1767.1113600081299	10583.47	44.816	
1000-lilith-photos-general	imazen-26-png-v3/png-v3/1000-lilith-photos-general/1033_general_stone-tunnel-lights_placa-pedro-infante-valladolid_s23u_iso800-f1p7_20230918-111620_3000x4000.sdr.png	t3	4	20	51737	293.856253992999	360.76399999999654	82.754	
1000-lilith-photos-general	imazen-26-png-v3/png-v3/1000-lilith-photos-general/1033_general_stone-tunnel-lights_placa-pedro-infante-valladolid_s23u_iso800-f1p7_20230918-111620_3000x4000.sdr.png	t3	4	32	30332	329.36932699522004	906.7059999999998	72.196	
1000-lilith-photos-general	imazen-26-png-v3/png-v3/1000-lilith-photos-general/1033_general_stone-tunnel-lights_placa-pedro-infante-valladolid_s23u_iso800-f1p7_20230918-111620_3000x4000.sdr.png	t3	4	44	14679	288.2987199991476	873.997999999997	44.896	
1000-lilith-photos-general	imazen-26-png-v3/png-v3/1000-lilith-photos-general/1033_general_stone-tunnel-lights_placa-pedro-infante-valladolid_s23u_iso800-f1p7_20230918-111620_3000x4000.sdr.png	t3	6	20	52518	224.36069500690792	5608.737	82.674	
1000-lilith-photos-general	imazen-26-png-v3/png-v3/1000-lilith-photos-general/1033_general_stone-tunnel-lights_placa-pedro-infante-valladolid_s23u_iso800-f1p7_20230918-111620_3000x4000.sdr.png	t3	6	32	30815	195.77357500384096	5741.100999999997	71.816	
1000-lilith-photos-general	imazen-26-png-v3/png-v3/1000-lilith-photos-general/1033_general_stone-tunnel-lights_placa-pedro-infante-valladolid_s23u_iso800-f1p7_20230918-111620_3000x4000.sdr.png	t3	6	44	15054	208.29929198953323	356.92699999999223	44.405	
1000-lilith-photos-general	imazen-26-png-v3/png-v3/1000-lilith-photos-general/1033_general_stone-tunnel-lights_placa-pedro-infante-valladolid_s23u_iso800-f1p7_20230918-111620_3000x4000.sdr.png	t3	8	20	53497	197.4048729898641	130.509	82.509	
1000-lilith-photos-general	imazen-26-png-v3/png-v3/1000-lilith-photos-general/1033_general_stone-tunnel-lights_placa-pedro-infante-valladolid_s23u_iso800-f1p7_20230918-111620_3000x4000.sdr.png	t3	8	32	31867	188.52180198882706	7516.059999999998	71.385	
1000-lilith-photos-general	imazen-26-png-v3/png-v3/1000-lilith-photos-general/1033_general_stone-tunnel-lights_placa-pedro-infante-valladolid_s23u_iso800-f1p7_20230918-111620_3000x4000.sdr.png	t3	8	44	15486	399.11254700564314	6474.152999999999	44.154	
1000-lilith-photos-general	imazen-26-png-v3/png-v3/1000-lilith-photos-general/1033_general_stone-tunnel-lights_placa-pedro-infante-valladolid_s23u_iso800-f1p7_20230918-111620_3000x4000.sdr.png	t3	10	20	54064	197.11673600249924	541.2750000000033	82.638	
1000-lilith-photos-general	imazen-26-png-v3/png-v3/1000-lilith-photos-general/1033_general_stone-tunnel-lights_placa-pedro-infante-valladolid_s23u_iso800-f1p7_20230918-111620_3000x4000.sdr.png	t3	10	32	32155	232.284432000597	385.84	71.689	
1000-lilith-photos-general	imazen-26-png-v3/png-v3/1000-lilith-photos-general/1033_general_stone-tunnel-lights_placa-pedro-infante-valladolid_s23u_iso800-f1p7_20230918-111620_3000x4000.sdr.png	t3	10	44	15630	457.7613970031962	257.72599999999903	44.532	
1000-lilith-photos-general	imazen-26-png-v3/png-v3/1000-lilith-photos-general/1033_general_stone-tunnel-lights_placa-pedro-infante-valladolid_s23u_iso800-f1p7_20230918-111620_3000x4000.sdr.png	t3	12	20	54064	357.90667300170753	130.834000000001	82.638	
1000-lilith-photos-general	imazen-26-png-v3/png-v3/1000-lilith-photos-general/1033_general_stone-tunnel-lights_placa-pedro-infante-valladolid_s23u_iso800-f1p7_20230918-111620_3000x4000.sdr.png	t3	12	32	32155	434.50412900710944	411.5670000000051	71.689	
1000-lilith-photos-general	imazen-26-png-v3/png-v3/1000-lilith-photos-general/1033_general_stone-tunnel-lights_placa-pedro-infante-valladolid_s23u_iso800-f1p7_20230918-111620_3000x4000.sdr.png	t3	12	44	15630	515.010990013252	200.85299999999728	44.532	
1000-lilith-photos-general	imazen-26-png-v3/png-v3/1000-lilith-photos-general/1033_general_stone-tunnel-lights_placa-pedro-infante-valladolid_s23u_iso800-f1p7_20230918-111620_3000x4000.sdr.png	t4	-1	20	52198	5976.5454689913895	30426.647999999997	DEC-ERR	
1000-lilith-photos-general	imazen-26-png-v3/png-v3/1000-lilith-photos-general/1033_general_stone-tunnel-lights_placa-pedro-infante-valladolid_s23u_iso800-f1p7_20230918-111620_3000x4000.sdr.png	t4	-1	32	30965	8153.429230995243	57677.266	DEC-ERR	
1000-lilith-photos-general	imazen-26-png-v3/png-v3/1000-lilith-photos-general/1033_general_stone-tunnel-lights_placa-pedro-infante-valladolid_s23u_iso800-f1p7_20230918-111620_3000x4000.sdr.png	t4	-1	44	15117	7364.676585988491	48841.615	DEC-ERR	
1000-lilith-photos-general	imazen-26-png-v3/png-v3/1000-lilith-photos-general/1033_general_stone-tunnel-lights_placa-pedro-infante-valladolid_s23u_iso800-f1p7_20230918-111620_3000x4000.sdr.png	t4	2	20	50908	991.9681920000585	1815.760999999997	82.242	
1000-lilith-photos-general	imazen-26-png-v3/png-v3/1000-lilith-photos-general/1033_general_stone-tunnel-lights_placa-pedro-infante-valladolid_s23u_iso800-f1p7_20230918-111620_3000x4000.sdr.png	t4	2	32	29718	1017.479750997154	2766.1040000000007	70.893	
1000-lilith-photos-general	imazen-26-png-v3/png-v3/1000-lilith-photos-general/1033_general_stone-tunnel-lights_placa-pedro-infante-valladolid_s23u_iso800-f1p7_20230918-111620_3000x4000.sdr.png	t4	2	44	14197	1221.7419960070401	3922.4889999999955	42.984	
1000-lilith-photos-general	imazen-26-png-v3/png-v3/1000-lilith-photos-general/1033_general_stone-tunnel-lights_placa-pedro-infante-valladolid_s23u_iso800-f1p7_20230918-111620_3000x4000.sdr.png	t4	4	20	51009	333.72057099768426	368.82799999999617	81.998	
1000-lilith-photos-general	imazen-26-png-v3/png-v3/1000-lilith-photos-general/1033_general_stone-tunnel-lights_placa-pedro-infante-valladolid_s23u_iso800-f1p7_20230918-111620_3000x4000.sdr.png	t4	4	32	29936	347.1110210084589	868.9390000000019	70.982	
1000-lilith-photos-general	imazen-26-png-v3/png-v3/1000-lilith-photos-general/1033_general_stone-tunnel-lights_placa-pedro-infante-valladolid_s23u_iso800-f1p7_20230918-111620_3000x4000.sdr.png	t4	4	44	14161	247.63661799079273	539.4239999999982	41.179	
1000-lilith-photos-general	imazen-26-png-v3/png-v3/1000-lilith-photos-general/1033_general_stone-tunnel-lights_placa-pedro-infante-valladolid_s23u_iso800-f1p7_20230918-111620_3000x4000.sdr.png	t4	6	20	51805	285.508621003828	1153.870999999997	81.986	
1000-lilith-photos-general	imazen-26-png-v3/png-v3/1000-lilith-photos-general/1033_general_stone-tunnel-lights_placa-pedro-infante-valladolid_s23u_iso800-f1p7_20230918-111620_3000x4000.sdr.png	t4	6	32	30370	202.507121997769	1298.4260000000031	71.247	
1000-lilith-photos-general	imazen-26-png-v3/png-v3/1000-lilith-photos-general/1033_general_stone-tunnel-lights_placa-pedro-infante-valladolid_s23u_iso800-f1p7_20230918-111620_3000x4000.sdr.png	t4	6	44	13659	190.38958998862654	309.92800000000375	37.015	
1000-lilith-photos-general	imazen-26-png-v3/png-v3/1000-lilith-photos-general/1033_general_stone-tunnel-lights_placa-pedro-infante-valladolid_s23u_iso800-f1p7_20230918-111620_3000x4000.sdr.png	t4	8	20	52669	173.11957200581674	125.70400000000026	81.704	
1000-lilith-photos-general	imazen-26-png-v3/png-v3/1000-lilith-photos-general/1033_general_stone-tunnel-lights_placa-pedro-infante-valladolid_s23u_iso800-f1p7_20230918-111620_3000x4000.sdr.png	t4	8	32	30619	314.7590010048589	329.39599999999956	69.020	
1000-lilith-photos-general	imazen-26-png-v3/png-v3/1000-lilith-photos-general/1033_general_stone-tunnel-lights_placa-pedro-infante-valladolid_s23u_iso800-f1p7_20230918-111620_3000x4000.sdr.png	t4	8	44	10804	126.68175199360121	414.20899999999784	30.363	
1000-lilith-photos-general	imazen-26-png-v3/png-v3/1000-lilith-photos-general/1033_general_stone-tunnel-lights_placa-pedro-infante-valladolid_s23u_iso800-f1p7_20230918-111620_3000x4000.sdr.png	t4	10	20	53120	159.66045300592668	875.4360000000054	81.800	
1000-lilith-photos-general	imazen-26-png-v3/png-v3/1000-lilith-photos-general/1033_general_stone-tunnel-lights_placa-pedro-infante-valladolid_s23u_iso800-f1p7_20230918-111620_3000x4000.sdr.png	t4	10	32	31486	143.78572499845177	479.0309999999969	70.158	
1000-lilith-photos-general	imazen-26-png-v3/png-v3/1000-lilith-photos-general/1033_general_stone-tunnel-lights_placa-pedro-infante-valladolid_s23u_iso800-f1p7_20230918-111620_3000x4000.sdr.png	t4	10	44	14169	142.69041499937885	680.6160000000006	38.308	
1000-lilith-photos-general	imazen-26-png-v3/png-v3/1000-lilith-photos-general/1033_general_stone-tunnel-lights_placa-pedro-infante-valladolid_s23u_iso800-f1p7_20230918-111620_3000x4000.sdr.png	t4	12	20	53120	153.67900399724022	891.913999999999	81.800	
1000-lilith-photos-general	imazen-26-png-v3/png-v3/1000-lilith-photos-general/1033_general_stone-tunnel-lights_placa-pedro-infante-valladolid_s23u_iso800-f1p7_20230918-111620_3000x4000.sdr.png	t4	12	32	31486	138.2653710024897	737.2010000000073	70.158	
1000-lilith-photos-general	imazen-26-png-v3/png-v3/1000-lilith-photos-general/1033_general_stone-tunnel-lights_placa-pedro-infante-valladolid_s23u_iso800-f1p7_20230918-111620_3000x4000.sdr.png	t4	12	44	14169	117.55503001040779	254.9240000000026	38.308	
1000-lilith-photos-general	imazen-26-png-v3/png-v3/1000-lilith-photos-general/1033_general_stone-tunnel-lights_placa-pedro-infante-valladolid_s23u_iso800-f1p7_20230918-111620_3000x4000.sdr.png	st	-1	20	45908	5749.598080001306	54834.37800000001	DEC-ERR	
1000-lilith-photos-general	imazen-26-png-v3/png-v3/1000-lilith-photos-general/1033_general_stone-tunnel-lights_placa-pedro-infante-valladolid_s23u_iso800-f1p7_20230918-111620_3000x4000.sdr.png	st	-1	32	25895	7498.212302001775	67251.74799999999	DEC-ERR	
1000-lilith-photos-general	imazen-26-png-v3/png-v3/1000-lilith-photos-general/1033_general_stone-tunnel-lights_placa-pedro-infante-valladolid_s23u_iso800-f1p7_20230918-111620_3000x4000.sdr.png	st	-1	44	12366	9489.527698999154	90003.76600000003	DEC-ERR	
1000-lilith-photos-general	imazen-26-png-v3/png-v3/1000-lilith-photos-general/1033_general_stone-tunnel-lights_placa-pedro-infante-valladolid_s23u_iso800-f1p7_20230918-111620_3000x4000.sdr.png	st	2	20	45654	893.539595999755	9488.662999999991	80.697	
1000-lilith-photos-general	imazen-26-png-v3/png-v3/1000-lilith-photos-general/1033_general_stone-tunnel-lights_placa-pedro-infante-valladolid_s23u_iso800-f1p7_20230918-111620_3000x4000.sdr.png	st	2	32	25426	1031.456013006391	10500.868999999995	67.080	
1000-lilith-photos-general	imazen-26-png-v3/png-v3/1000-lilith-photos-general/1033_general_stone-tunnel-lights_placa-pedro-infante-valladolid_s23u_iso800-f1p7_20230918-111620_3000x4000.sdr.png	st	2	44	11907	1287.7761520066997	11978.619999999999	34.605	
1000-lilith-photos-general	imazen-26-png-v3/png-v3/1000-lilith-photos-general/1033_general_stone-tunnel-lights_placa-pedro-infante-valladolid_s23u_iso800-f1p7_20230918-111620_3000x4000.sdr.png	st	4	20	45889	279.61080000386573	312.04100000000335	80.347	
1000-lilith-photos-general	imazen-26-png-v3/png-v3/1000-lilith-photos-general/1033_general_stone-tunnel-lights_placa-pedro-infante-valladolid_s23u_iso800-f1p7_20230918-111620_3000x4000.sdr.png	st	4	32	25646	271.0775650048163	548.9880000000085	66.577	
1000-lilith-photos-general	imazen-26-png-v3/png-v3/1000-lilith-photos-general/1033_general_stone-tunnel-lights_placa-pedro-infante-valladolid_s23u_iso800-f1p7_20230918-111620_3000x4000.sdr.png	st	4	44	12005	373.4389290038962	2801.967999999998	34.154	
1000-lilith-photos-general	imazen-26-png-v3/png-v3/1000-lilith-photos-general/1033_general_stone-tunnel-lights_placa-pedro-infante-valladolid_s23u_iso800-f1p7_20230918-111620_3000x4000.sdr.png	st	6	20	46452	189.81832500139717	202.97700000001217	80.469	
1000-lilith-photos-general	imazen-26-png-v3/png-v3/1000-lilith-photos-general/1033_general_stone-tunnel-lights_placa-pedro-infante-valladolid_s23u_iso800-f1p7_20230918-111620_3000x4000.sdr.png	st	6	32	26056	233.03216299973428	1904.9530000000107	66.715	
1000-lilith-photos-general	imazen-26-png-v3/png-v3/1000-lilith-photos-general/1033_general_stone-tunnel-lights_placa-pedro-infante-valladolid_s23u_iso800-f1p7_20230918-111620_3000x4000.sdr.png	st	6	44	12160	236.78603100415785	341.10299999999415	32.953	
1000-lilith-photos-general	imazen-26-png-v3/png-v3/1000-lilith-photos-general/1033_general_stone-tunnel-lights_placa-pedro-infante-valladolid_s23u_iso800-f1p7_20230918-111620_3000x4000.sdr.png	st	8	20	47257	251.20035599684343	5981.817999999999	80.040	
1000-lilith-photos-general	imazen-26-png-v3/png-v3/1000-lilith-photos-general/1033_general_stone-tunnel-lights_placa-pedro-infante-valladolid_s23u_iso800-f1p7_20230918-111620_3000x4000.sdr.png	st	8	32	26922	180.69044999720063	245.09500000001162	65.406	
1000-lilith-photos-general	imazen-26-png-v3/png-v3/1000-lilith-photos-general/1033_general_stone-tunnel-lights_placa-pedro-infante-valladolid_s23u_iso800-f1p7_20230918-111620_3000x4000.sdr.png	st	8	44	12484	169.49914699944202	363.90299999999877	31.701	
1000-lilith-photos-general	imazen-26-png-v3/png-v3/1000-lilith-photos-general/1033_general_stone-tunnel-lights_placa-pedro-infante-valladolid_s23u_iso800-f1p7_20230918-111620_3000x4000.sdr.png	st	10	20	47776	210.11745500436518	192.41599999999525	80.079	
1000-lilith-photos-general	imazen-26-png-v3/png-v3/1000-lilith-photos-general/1033_general_stone-tunnel-lights_placa-pedro-infante-valladolid_s23u_iso800-f1p7_20230918-111620_3000x4000.sdr.png	st	10	32	27222	212.21176200197078	441.5000000000129	65.755	
1000-lilith-photos-general	imazen-26-png-v3/png-v3/1000-lilith-photos-general/1033_general_stone-tunnel-lights_placa-pedro-infante-valladolid_s23u_iso800-f1p7_20230918-111620_3000x4000.sdr.png	st	10	44	12579	156.32117001223378	320.4780000000023	32.698	
1000-lilith-photos-general	imazen-26-png-v3/png-v3/1000-lilith-photos-general/1033_general_stone-tunnel-lights_placa-pedro-infante-valladolid_s23u_iso800-f1p7_20230918-111620_3000x4000.sdr.png	st	12	20	47776	177.12206399301067	565.2879999999891	80.079	
1000-lilith-photos-general	imazen-26-png-v3/png-v3/1000-lilith-photos-general/1033_general_stone-tunnel-lights_placa-pedro-infante-valladolid_s23u_iso800-f1p7_20230918-111620_3000x4000.sdr.png	st	12	32	27222	135.66351900226437	575.2279999999956	65.755	
1000-lilith-photos-general	imazen-26-png-v3/png-v3/1000-lilith-photos-general/1033_general_stone-tunnel-lights_placa-pedro-infante-valladolid_s23u_iso800-f1p7_20230918-111620_3000x4000.sdr.png	st	12	44	12579	187.54194099165034	655.3209999999998	32.698	
1000-lilith-photos-general	imazen-26-png-v3/png-v3/1000-lilith-photos-general/1050_general_riverside-walkway-and-river_louvre-palace-paris_s23u_iso50-f2p2_20240425-154625_4000x3000.sdr.png	t1	-1	20	24932	3988.5796309972648	29950.84200000001	75.237	
1000-lilith-photos-general	imazen-26-png-v3/png-v3/1000-lilith-photos-general/1050_general_riverside-walkway-and-river_louvre-palace-paris_s23u_iso50-f2p2_20240425-154625_4000x3000.sdr.png	t1	-1	32	12889	4671.120106999297	43251.45199999998	57.368	
1000-lilith-photos-general	imazen-26-png-v3/png-v3/1000-lilith-photos-general/1050_general_riverside-walkway-and-river_louvre-palace-paris_s23u_iso50-f2p2_20240425-154625_4000x3000.sdr.png	t1	-1	44	5369	5222.483473989996	43195.585	20.285	
1000-lilith-photos-general	imazen-26-png-v3/png-v3/1000-lilith-photos-general/1050_general_riverside-walkway-and-river_louvre-palace-paris_s23u_iso50-f2p2_20240425-154625_4000x3000.sdr.png	t1	2	20	23926	644.9732019973453	9827.96400000001	73.308	
1000-lilith-photos-general	imazen-26-png-v3/png-v3/1000-lilith-photos-general/1050_general_riverside-walkway-and-river_louvre-palace-paris_s23u_iso50-f2p2_20240425-154625_4000x3000.sdr.png	t1	2	32	12297	686.0055159922922	10428.4	54.716	
1000-lilith-photos-general	imazen-26-png-v3/png-v3/1000-lilith-photos-general/1050_general_riverside-walkway-and-river_louvre-palace-paris_s23u_iso50-f2p2_20240425-154625_4000x3000.sdr.png	t1	2	44	5005	585.7307339902036	9090.439999999995	14.617	
1000-lilith-photos-general	imazen-26-png-v3/png-v3/1000-lilith-photos-general/1050_general_riverside-walkway-and-river_louvre-palace-paris_s23u_iso50-f2p2_20240425-154625_4000x3000.sdr.png	t1	4	20	24212	258.2541220035637	298.6569999999995	73.315	
1000-lilith-photos-general	imazen-26-png-v3/png-v3/1000-lilith-photos-general/1050_general_riverside-walkway-and-river_louvre-palace-paris_s23u_iso50-f2p2_20240425-154625_4000x3000.sdr.png	t1	4	32	12330	246.11882600584067	503.89699999999226	54.084	
1000-lilith-photos-general	imazen-26-png-v3/png-v3/1000-lilith-photos-general/1050_general_riverside-walkway-and-river_louvre-palace-paris_s23u_iso50-f2p2_20240425-154625_4000x3000.sdr.png	t1	4	44	4949	243.06568699830677	2122.1559999999968	12.759	
1000-lilith-photos-general	imazen-26-png-v3/png-v3/1000-lilith-photos-general/1050_general_riverside-walkway-and-river_louvre-palace-paris_s23u_iso50-f2p2_20240425-154625_4000x3000.sdr.png	t1	6	20	24715	482.65452100895345	1059.907	73.164	
1000-lilith-photos-general	imazen-26-png-v3/png-v3/1000-lilith-photos-general/1050_general_riverside-walkway-and-river_louvre-palace-paris_s23u_iso50-f2p2_20240425-154625_4000x3000.sdr.png	t1	6	32	12639	371.4753510139417	295.4120000000158	54.178	
1000-lilith-photos-general	imazen-26-png-v3/png-v3/1000-lilith-photos-general/1050_general_riverside-walkway-and-river_louvre-palace-paris_s23u_iso50-f2p2_20240425-154625_4000x3000.sdr.png	t1	6	44	5150	421.16612900281325	162.7179999999999	13.555	
1000-lilith-photos-general	imazen-26-png-v3/png-v3/1000-lilith-photos-general/1050_general_riverside-walkway-and-river_louvre-palace-paris_s23u_iso50-f2p2_20240425-154625_4000x3000.sdr.png	t1	8	20	25241	377.98541400115937	360.17100000001267	72.811	
1000-lilith-photos-general	imazen-26-png-v3/png-v3/1000-lilith-photos-general/1050_general_riverside-walkway-and-river_louvre-palace-paris_s23u_iso50-f2p2_20240425-154625_4000x3000.sdr.png	t1	8	32	12775	139.35983899864368	308.2760000000055	53.217	
1000-lilith-photos-general	imazen-26-png-v3/png-v3/1000-lilith-photos-general/1050_general_riverside-walkway-and-river_louvre-palace-paris_s23u_iso50-f2p2_20240425-154625_4000x3000.sdr.png	t1	8	44	5152	168.93554700072855	403.5439999999948	12.653	
1000-lilith-photos-general	imazen-26-png-v3/png-v3/1000-lilith-photos-general/1050_general_riverside-walkway-and-river_louvre-palace-paris_s23u_iso50-f2p2_20240425-154625_4000x3000.sdr.png	t1	10	20	23651	220.5352400051197	6218.208000000002	69.321	
1000-lilith-photos-general	imazen-26-png-v3/png-v3/1000-lilith-photos-general/1050_general_riverside-walkway-and-river_louvre-palace-paris_s23u_iso50-f2p2_20240425-154625_4000x3000.sdr.png	t1	10	32	12146	151.63487099925987	6059.014000000004	51.674	
1000-lilith-photos-general	imazen-26-png-v3/png-v3/1000-lilith-photos-general/1050_general_riverside-walkway-and-river_louvre-palace-paris_s23u_iso50-f2p2_20240425-154625_4000x3000.sdr.png	t1	10	44	5161	193.90992599073797	240.254999999995	12.921	
1000-lilith-photos-general	imazen-26-png-v3/png-v3/1000-lilith-photos-general/1050_general_riverside-walkway-and-river_louvre-palace-paris_s23u_iso50-f2p2_20240425-154625_4000x3000.sdr.png	t1	12	20	23651	147.31430500978604	121.29000000000633	69.321	
1000-lilith-photos-general	imazen-26-png-v3/png-v3/1000-lilith-photos-general/1050_general_riverside-walkway-and-river_louvre-palace-paris_s23u_iso50-f2p2_20240425-154625_4000x3000.sdr.png	t1	12	32	12146	237.62634699232876	179.5020000000065	51.674	
1000-lilith-photos-general	imazen-26-png-v3/png-v3/1000-lilith-photos-general/1050_general_riverside-walkway-and-river_louvre-palace-paris_s23u_iso50-f2p2_20240425-154625_4000x3000.sdr.png	t1	12	44	5161	205.78023900452536	226.89700000000101	12.921	
1000-lilith-photos-general	imazen-26-png-v3/png-v3/1000-lilith-photos-general/1050_general_riverside-walkway-and-river_louvre-palace-paris_s23u_iso50-f2p2_20240425-154625_4000x3000.sdr.png	t2	-1	20	23936	4027.559077992919	39407.992999999995	74.664	
1000-lilith-photos-general	imazen-26-png-v3/png-v3/1000-lilith-photos-general/1050_general_riverside-walkway-and-river_louvre-palace-paris_s23u_iso50-f2p2_20240425-154625_4000x3000.sdr.png	t2	-1	32	12326	4924.848103997647	46042.805	56.880	
1000-lilith-photos-general	imazen-26-png-v3/png-v3/1000-lilith-photos-general/1050_general_riverside-walkway-and-river_louvre-palace-paris_s23u_iso50-f2p2_20240425-154625_4000x3000.sdr.png	t2	-1	44	4981	5171.989150010631	52668.28500000001	16.776	
1000-lilith-photos-general	imazen-26-png-v3/png-v3/1000-lilith-photos-general/1050_general_riverside-walkway-and-river_louvre-palace-paris_s23u_iso50-f2p2_20240425-154625_4000x3000.sdr.png	t2	2	20	22422	650.3715040016687	8742.425000000014	72.922	
1000-lilith-photos-general	imazen-26-png-v3/png-v3/1000-lilith-photos-general/1050_general_riverside-walkway-and-river_louvre-palace-paris_s23u_iso50-f2p2_20240425-154625_4000x3000.sdr.png	t2	2	32	11357	636.6892600053689	14160.025000000005	53.315	
1000-lilith-photos-general	imazen-26-png-v3/png-v3/1000-lilith-photos-general/1050_general_riverside-walkway-and-river_louvre-palace-paris_s23u_iso50-f2p2_20240425-154625_4000x3000.sdr.png	t2	2	44	4457	693.6013410013402	14666.43000000001	11.306	
1000-lilith-photos-general	imazen-26-png-v3/png-v3/1000-lilith-photos-general/1050_general_riverside-walkway-and-river_louvre-palace-paris_s23u_iso50-f2p2_20240425-154625_4000x3000.sdr.png	t2	4	20	22811	260.315787003492	7784.082999999999	72.019	
1000-lilith-photos-general	imazen-26-png-v3/png-v3/1000-lilith-photos-general/1050_general_riverside-walkway-and-river_louvre-palace-paris_s23u_iso50-f2p2_20240425-154625_4000x3000.sdr.png	t2	4	32	11335	271.0258269944461	8004.860999999984	52.388	
1000-lilith-photos-general	imazen-26-png-v3/png-v3/1000-lilith-photos-general/1050_general_riverside-walkway-and-river_louvre-palace-paris_s23u_iso50-f2p2_20240425-154625_4000x3000.sdr.png	t2	4	44	4413	232.83513900241815	5933.711999999987	10.399	
1000-lilith-photos-general	imazen-26-png-v3/png-v3/1000-lilith-photos-general/1050_general_riverside-walkway-and-river_louvre-palace-paris_s23u_iso50-f2p2_20240425-154625_4000x3000.sdr.png	t2	6	20	23435	527.7092050091596	404.44200000001194	72.677	
1000-lilith-photos-general	imazen-26-png-v3/png-v3/1000-lilith-photos-general/1050_general_riverside-walkway-and-river_louvre-palace-paris_s23u_iso50-f2p2_20240425-154625_4000x3000.sdr.png	t2	6	32	11854	268.5951110033784	148.5210000000112	52.770	
1000-lilith-photos-general	imazen-26-png-v3/png-v3/1000-lilith-photos-general/1050_general_riverside-walkway-and-river_louvre-palace-paris_s23u_iso50-f2p2_20240425-154625_4000x3000.sdr.png	t2	6	44	4674	324.0433830069378	577.8670000000066	11.646	
1000-lilith-photos-general	imazen-26-png-v3/png-v3/1000-lilith-photos-general/1050_general_riverside-walkway-and-river_louvre-palace-paris_s23u_iso50-f2p2_20240425-154625_4000x3000.sdr.png	t2	8	20	23958	303.4442019998096	441.29400000000805	72.228	
1000-lilith-photos-general	imazen-26-png-v3/png-v3/1000-lilith-photos-general/1050_general_riverside-walkway-and-river_louvre-palace-paris_s23u_iso50-f2p2_20240425-154625_4000x3000.sdr.png	t2	8	32	12014	277.1683619939722	369.23100000000187	52.976	
1000-lilith-photos-general	imazen-26-png-v3/png-v3/1000-lilith-photos-general/1050_general_riverside-walkway-and-river_louvre-palace-paris_s23u_iso50-f2p2_20240425-154625_4000x3000.sdr.png	t2	8	44	4679	266.5092990064295	362.2180000000057	10.645	
1000-lilith-photos-general	imazen-26-png-v3/png-v3/1000-lilith-photos-general/1050_general_riverside-walkway-and-river_louvre-palace-paris_s23u_iso50-f2p2_20240425-154625_4000x3000.sdr.png	t2	10	20	22246	255.67953300196677	154.86700000001184	69.267	
1000-lilith-photos-general	imazen-26-png-v3/png-v3/1000-lilith-photos-general/1050_general_riverside-walkway-and-river_louvre-palace-paris_s23u_iso50-f2p2_20240425-154625_4000x3000.sdr.png	t2	10	32	11374	580.0577409972902	9699.362999999974	51.104	
1000-lilith-photos-general	imazen-26-png-v3/png-v3/1000-lilith-photos-general/1050_general_riverside-walkway-and-river_louvre-palace-paris_s23u_iso50-f2p2_20240425-154625_4000x3000.sdr.png	t2	10	44	4714	412.0184360072017	272.21500000000185	10.740	
1000-lilith-photos-general	imazen-26-png-v3/png-v3/1000-lilith-photos-general/1050_general_riverside-walkway-and-river_louvre-palace-paris_s23u_iso50-f2p2_20240425-154625_4000x3000.sdr.png	t2	12	20	22246	377.0742440101458	425.7709999999948	69.267	
1000-lilith-photos-general	imazen-26-png-v3/png-v3/1000-lilith-photos-general/1050_general_riverside-walkway-and-river_louvre-palace-paris_s23u_iso50-f2p2_20240425-154625_4000x3000.sdr.png	t2	12	32	11374	210.10823700635228	532.7420000000185	51.104	
1000-lilith-photos-general	imazen-26-png-v3/png-v3/1000-lilith-photos-general/1050_general_riverside-walkway-and-river_louvre-palace-paris_s23u_iso50-f2p2_20240425-154625_4000x3000.sdr.png	t2	12	44	4714	161.7899459961336	344.25900000001076	10.740	
1000-lilith-photos-general	imazen-26-png-v3/png-v3/1000-lilith-photos-general/1050_general_riverside-walkway-and-river_louvre-palace-paris_s23u_iso50-f2p2_20240425-154625_4000x3000.sdr.png	t3	-1	20	34188	4522.7277649973985	24061.09400000001	DEC-ERR	
1000-lilith-photos-general	imazen-26-png-v3/png-v3/1000-lilith-photos-general/1050_general_riverside-walkway-and-river_louvre-palace-paris_s23u_iso50-f2p2_20240425-154625_4000x3000.sdr.png	t3	-1	32	22068	5942.282447998878	33655.97699999997	DEC-ERR	
1000-lilith-photos-general	imazen-26-png-v3/png-v3/1000-lilith-photos-general/1050_general_riverside-walkway-and-river_louvre-palace-paris_s23u_iso50-f2p2_20240425-154625_4000x3000.sdr.png	t3	-1	44	12420	7345.849780002027	42076.37899999998	DEC-ERR	
1000-lilith-photos-general	imazen-26-png-v3/png-v3/1000-lilith-photos-general/1050_general_riverside-walkway-and-river_louvre-palace-paris_s23u_iso50-f2p2_20240425-154625_4000x3000.sdr.png	t3	2	20	30113	793.0484820099082	4691.295000000001	80.080	
1000-lilith-photos-general	imazen-26-png-v3/png-v3/1000-lilith-photos-general/1050_general_riverside-walkway-and-river_louvre-palace-paris_s23u_iso50-f2p2_20240425-154625_4000x3000.sdr.png	t3	2	32	17437	911.0864989925176	8451.815999999977	69.503	
1000-lilith-photos-general	imazen-26-png-v3/png-v3/1000-lilith-photos-general/1050_general_riverside-walkway-and-river_louvre-palace-paris_s23u_iso50-f2p2_20240425-154625_4000x3000.sdr.png	t3	2	44	7943	865.7051949994639	8420.255999999994	42.053	
1000-lilith-photos-general	imazen-26-png-v3/png-v3/1000-lilith-photos-general/1050_general_riverside-walkway-and-river_louvre-palace-paris_s23u_iso50-f2p2_20240425-154625_4000x3000.sdr.png	t3	4	20	30999	345.1481830124976	915.1559999999907	80.193	
1000-lilith-photos-general	imazen-26-png-v3/png-v3/1000-lilith-photos-general/1050_general_riverside-walkway-and-river_louvre-palace-paris_s23u_iso50-f2p2_20240425-154625_4000x3000.sdr.png	t3	4	32	18058	291.36441099399235	377.0929999999968	69.701	
1000-lilith-photos-general	imazen-26-png-v3/png-v3/1000-lilith-photos-general/1050_general_riverside-walkway-and-river_louvre-palace-paris_s23u_iso50-f2p2_20240425-154625_4000x3000.sdr.png	t3	4	44	8153	257.44991400279105	585.001999999994	42.759	
1000-lilith-photos-general	imazen-26-png-v3/png-v3/1000-lilith-photos-general/1050_general_riverside-walkway-and-river_louvre-palace-paris_s23u_iso50-f2p2_20240425-154625_4000x3000.sdr.png	t3	6	20	31810	202.03097799094394	991.9709999999889	80.188	
1000-lilith-photos-general	imazen-26-png-v3/png-v3/1000-lilith-photos-general/1050_general_riverside-walkway-and-river_louvre-palace-paris_s23u_iso50-f2p2_20240425-154625_4000x3000.sdr.png	t3	6	32	18691	175.4581229906762	1113.556	70.043	
1000-lilith-photos-general	imazen-26-png-v3/png-v3/1000-lilith-photos-general/1050_general_riverside-walkway-and-river_louvre-palace-paris_s23u_iso50-f2p2_20240425-154625_4000x3000.sdr.png	t3	6	44	8523	257.5833480077563	172.74699999999044	43.354	
1000-lilith-photos-general	imazen-26-png-v3/png-v3/1000-lilith-photos-general/1050_general_riverside-walkway-and-river_louvre-palace-paris_s23u_iso50-f2p2_20240425-154625_4000x3000.sdr.png	t3	8	20	33095	302.52651900809724	304.39000000000595	80.177	
1000-lilith-photos-general	imazen-26-png-v3/png-v3/1000-lilith-photos-general/1050_general_riverside-walkway-and-river_louvre-palace-paris_s23u_iso50-f2p2_20240425-154625_4000x3000.sdr.png	t3	8	32	19541	190.32337398675736	368.84500000001276	70.125	
1000-lilith-photos-general	imazen-26-png-v3/png-v3/1000-lilith-photos-general/1050_general_riverside-walkway-and-river_louvre-palace-paris_s23u_iso50-f2p2_20240425-154625_4000x3000.sdr.png	t3	8	44	8901	175.15288401045837	245.22500000002447	44.260	
1000-lilith-photos-general	imazen-26-png-v3/png-v3/1000-lilith-photos-general/1050_general_riverside-walkway-and-river_louvre-palace-paris_s23u_iso50-f2p2_20240425-154625_4000x3000.sdr.png	t3	10	20	33425	262.46589999936987	582.7250000000213	80.242	
1000-lilith-photos-general	imazen-26-png-v3/png-v3/1000-lilith-photos-general/1050_general_riverside-walkway-and-river_louvre-palace-paris_s23u_iso50-f2p2_20240425-154625_4000x3000.sdr.png	t3	10	32	19704	241.92652400233783	667.0790000000162	70.125	
1000-lilith-photos-general	imazen-26-png-v3/png-v3/1000-lilith-photos-general/1050_general_riverside-walkway-and-river_louvre-palace-paris_s23u_iso50-f2p2_20240425-154625_4000x3000.sdr.png	t3	10	44	8962	185.3932310041273	482.970000000007	44.441	
1000-lilith-photos-general	imazen-26-png-v3/png-v3/1000-lilith-photos-general/1050_general_riverside-walkway-and-river_louvre-palace-paris_s23u_iso50-f2p2_20240425-154625_4000x3000.sdr.png	t3	12	20	33425	169.62242100271396	249.494000000011	80.242	
1000-lilith-photos-general	imazen-26-png-v3/png-v3/1000-lilith-photos-general/1050_general_riverside-walkway-and-river_louvre-palace-paris_s23u_iso50-f2p2_20240425-154625_4000x3000.sdr.png	t3	12	32	19704	232.79927000112366	117.51600000000818	70.125	
1000-lilith-photos-general	imazen-26-png-v3/png-v3/1000-lilith-photos-general/1050_general_riverside-walkway-and-river_louvre-palace-paris_s23u_iso50-f2p2_20240425-154625_4000x3000.sdr.png	t3	12	44	8962	543.4880810062168	234.35999999999436	44.441	
1000-lilith-photos-general	imazen-26-png-v3/png-v3/1000-lilith-photos-general/1050_general_riverside-walkway-and-river_louvre-palace-paris_s23u_iso50-f2p2_20240425-154625_4000x3000.sdr.png	t4	-1	20	34029	4876.617017012904	30721.308000000008	DEC-ERR	
1000-lilith-photos-general	imazen-26-png-v3/png-v3/1000-lilith-photos-general/1050_general_riverside-walkway-and-river_louvre-palace-paris_s23u_iso50-f2p2_20240425-154625_4000x3000.sdr.png	t4	-1	32	20915	6094.770629002596	37957.99499999997	DEC-ERR	
1000-lilith-photos-general	imazen-26-png-v3/png-v3/1000-lilith-photos-general/1050_general_riverside-walkway-and-river_louvre-palace-paris_s23u_iso50-f2p2_20240425-154625_4000x3000.sdr.png	t4	-1	44	10490	8263.119882001774	54343.638999999996	DEC-ERR	
1000-lilith-photos-general	imazen-26-png-v3/png-v3/1000-lilith-photos-general/1050_general_riverside-walkway-and-river_louvre-palace-paris_s23u_iso50-f2p2_20240425-154625_4000x3000.sdr.png	t4	2	20	29786	825.2427730039926	6389.254999999994	79.854	
1000-lilith-photos-general	imazen-26-png-v3/png-v3/1000-lilith-photos-general/1050_general_riverside-walkway-and-river_louvre-palace-paris_s23u_iso50-f2p2_20240425-154625_4000x3000.sdr.png	t4	2	32	17391	872.5853210053174	7999.349999999996	69.496	
1000-lilith-photos-general	imazen-26-png-v3/png-v3/1000-lilith-photos-general/1050_general_riverside-walkway-and-river_louvre-palace-paris_s23u_iso50-f2p2_20240425-154625_4000x3000.sdr.png	t4	2	44	7312	862.3753809952177	8146.366000000004	39.045	
1000-lilith-photos-general	imazen-26-png-v3/png-v3/1000-lilith-photos-general/1050_general_riverside-walkway-and-river_louvre-palace-paris_s23u_iso50-f2p2_20240425-154625_4000x3000.sdr.png	t4	4	20	30492	301.59470000944566	783.700999999974	79.626	
1000-lilith-photos-general	imazen-26-png-v3/png-v3/1000-lilith-photos-general/1050_general_riverside-walkway-and-river_louvre-palace-paris_s23u_iso50-f2p2_20240425-154625_4000x3000.sdr.png	t4	4	32	17993	299.77210899232887	1035.697	69.270	
1000-lilith-photos-general	imazen-26-png-v3/png-v3/1000-lilith-photos-general/1050_general_riverside-walkway-and-river_louvre-palace-paris_s23u_iso50-f2p2_20240425-154625_4000x3000.sdr.png	t4	4	44	7338	267.63966599537525	716.8519999999861	38.285	
1000-lilith-photos-general	imazen-26-png-v3/png-v3/1000-lilith-photos-general/1050_general_riverside-walkway-and-river_louvre-palace-paris_s23u_iso50-f2p2_20240425-154625_4000x3000.sdr.png	t4	6	20	31215	150.25938900362235	150.0449999999862	79.782	
1000-lilith-photos-general	imazen-26-png-v3/png-v3/1000-lilith-photos-general/1050_general_riverside-walkway-and-river_louvre-palace-paris_s23u_iso50-f2p2_20240425-154625_4000x3000.sdr.png	t4	6	32	18516	221.8249290017411	2548.3710000000137	69.446	
1000-lilith-photos-general	imazen-26-png-v3/png-v3/1000-lilith-photos-general/1050_general_riverside-walkway-and-river_louvre-palace-paris_s23u_iso50-f2p2_20240425-154625_4000x3000.sdr.png	t4	6	44	7919	171.01777099014726	1977.1099999999908	39.689	
1000-lilith-photos-general	imazen-26-png-v3/png-v3/1000-lilith-photos-general/1050_general_riverside-walkway-and-river_louvre-palace-paris_s23u_iso50-f2p2_20240425-154625_4000x3000.sdr.png	t4	8	20	32354	538.1739180011209	5900.606999999987	79.489	
1000-lilith-photos-general	imazen-26-png-v3/png-v3/1000-lilith-photos-general/1050_general_riverside-walkway-and-river_louvre-palace-paris_s23u_iso50-f2p2_20240425-154625_4000x3000.sdr.png	t4	8	32	19308	218.81197699985933	201.54300000000714	69.349	
1000-lilith-photos-general	imazen-26-png-v3/png-v3/1000-lilith-photos-general/1050_general_riverside-walkway-and-river_louvre-palace-paris_s23u_iso50-f2p2_20240425-154625_4000x3000.sdr.png	t4	8	44	8098	184.42898998910096	434.30300000001057	39.419	
1000-lilith-photos-general	imazen-26-png-v3/png-v3/1000-lilith-photos-general/1050_general_riverside-walkway-and-river_louvre-palace-paris_s23u_iso50-f2p2_20240425-154625_4000x3000.sdr.png	t4	10	20	31457	163.52389899839181	312.1780000000154	76.738	
1000-lilith-photos-general	imazen-26-png-v3/png-v3/1000-lilith-photos-general/1050_general_riverside-walkway-and-river_louvre-palace-paris_s23u_iso50-f2p2_20240425-154625_4000x3000.sdr.png	t4	10	32	17500	211.29999100230634	556.9979999999806	65.869	
1000-lilith-photos-general	imazen-26-png-v3/png-v3/1000-lilith-photos-general/1050_general_riverside-walkway-and-river_louvre-palace-paris_s23u_iso50-f2p2_20240425-154625_4000x3000.sdr.png	t4	10	44	7966	179.79653298971243	404.4259999999884	39.580	
1000-lilith-photos-general	imazen-26-png-v3/png-v3/1000-lilith-photos-general/1050_general_riverside-walkway-and-river_louvre-palace-paris_s23u_iso50-f2p2_20240425-154625_4000x3000.sdr.png	t4	12	20	31457	186.15530799434055	677.8699999999933	76.738	
1000-lilith-photos-general	imazen-26-png-v3/png-v3/1000-lilith-photos-general/1050_general_riverside-walkway-and-river_louvre-palace-paris_s23u_iso50-f2p2_20240425-154625_4000x3000.sdr.png	t4	12	32	17500	570.8780270069838	522.8770000000101	65.869	
1000-lilith-photos-general	imazen-26-png-v3/png-v3/1000-lilith-photos-general/1050_general_riverside-walkway-and-river_louvre-palace-paris_s23u_iso50-f2p2_20240425-154625_4000x3000.sdr.png	t4	12	44	7966	211.6697729943553	116.45499999999487	39.580	
1000-lilith-photos-general	imazen-26-png-v3/png-v3/1000-lilith-photos-general/1050_general_riverside-walkway-and-river_louvre-palace-paris_s23u_iso50-f2p2_20240425-154625_4000x3000.sdr.png	st	-1	20	32570	4509.084495002753	28868.291000000005	DEC-ERR	
1000-lilith-photos-general	imazen-26-png-v3/png-v3/1000-lilith-photos-general/1050_general_riverside-walkway-and-river_louvre-palace-paris_s23u_iso50-f2p2_20240425-154625_4000x3000.sdr.png	st	-1	32	20670	5319.696491991635	44436.86200000002	DEC-ERR	
1000-lilith-photos-general	imazen-26-png-v3/png-v3/1000-lilith-photos-general/1050_general_riverside-walkway-and-river_louvre-palace-paris_s23u_iso50-f2p2_20240425-154625_4000x3000.sdr.png	st	-1	44	10136	6956.663243006915	52684.02999999998	DEC-ERR	
1000-lilith-photos-general	imazen-26-png-v3/png-v3/1000-lilith-photos-general/1050_general_riverside-walkway-and-river_louvre-palace-paris_s23u_iso50-f2p2_20240425-154625_4000x3000.sdr.png	st	2	20	26383	908.4089440002572	2270.5260000000058	77.886	
1000-lilith-photos-general	imazen-26-png-v3/png-v3/1000-lilith-photos-general/1050_general_riverside-walkway-and-river_louvre-palace-paris_s23u_iso50-f2p2_20240425-154625_4000x3000.sdr.png	st	2	32	14087	882.8544129937654	2270.5260000000058	63.163	
1000-lilith-photos-general	imazen-26-png-v3/png-v3/1000-lilith-photos-general/1050_general_riverside-walkway-and-river_louvre-palace-paris_s23u_iso50-f2p2_20240425-154625_4000x3000.sdr.png	st	2	44	6158	856.4005340012955	2975.549999999991	29.865	
1000-lilith-photos-general	imazen-26-png-v3/png-v3/1000-lilith-photos-general/1050_general_riverside-walkway-and-river_louvre-palace-paris_s23u_iso50-f2p2_20240425-154625_4000x3000.sdr.png	st	4	20	27081	300.97686700173654	334.52099999997387	77.825	
1000-lilith-photos-general	imazen-26-png-v3/png-v3/1000-lilith-photos-general/1050_general_riverside-walkway-and-river_louvre-palace-paris_s23u_iso50-f2p2_20240425-154625_4000x3000.sdr.png	st	4	32	14455	282.13763899111655	805.5310000000109	62.941	
1000-lilith-photos-general	imazen-26-png-v3/png-v3/1000-lilith-photos-general/1050_general_riverside-walkway-and-river_louvre-palace-paris_s23u_iso50-f2p2_20240425-154625_4000x3000.sdr.png	st	4	44	6292	242.51886899583042	500.4149999999896	30.593	
1000-lilith-photos-general	imazen-26-png-v3/png-v3/1000-lilith-photos-general/1050_general_riverside-walkway-and-river_louvre-palace-paris_s23u_iso50-f2p2_20240425-154625_4000x3000.sdr.png	st	6	20	27842	598.2629850041121	5851.188999999999	77.924	
1000-lilith-photos-general	imazen-26-png-v3/png-v3/1000-lilith-photos-general/1050_general_riverside-walkway-and-river_louvre-palace-paris_s23u_iso50-f2p2_20240425-154625_4000x3000.sdr.png	st	6	32	14972	270.42604799498804	5143.502000000035	63.204	
1000-lilith-photos-general	imazen-26-png-v3/png-v3/1000-lilith-photos-general/1050_general_riverside-walkway-and-river_louvre-palace-paris_s23u_iso50-f2p2_20240425-154625_4000x3000.sdr.png	st	6	44	6543	136.97008100280073	511.4190000000001	30.413	
1000-lilith-photos-general	imazen-26-png-v3/png-v3/1000-lilith-photos-general/1050_general_riverside-walkway-and-river_louvre-palace-paris_s23u_iso50-f2p2_20240425-154625_4000x3000.sdr.png	st	8	20	28719	123.87398000282701	225.26899999999551	77.542	
1000-lilith-photos-general	imazen-26-png-v3/png-v3/1000-lilith-photos-general/1050_general_riverside-walkway-and-river_louvre-palace-paris_s23u_iso50-f2p2_20240425-154625_4000x3000.sdr.png	st	8	32	15558	150.3900870011421	614.597999999976	63.016	
1000-lilith-photos-general	imazen-26-png-v3/png-v3/1000-lilith-photos-general/1050_general_riverside-walkway-and-river_louvre-palace-paris_s23u_iso50-f2p2_20240425-154625_4000x3000.sdr.png	st	8	44	6738	135.47867799934465	699.6499999999805	30.605	
1000-lilith-photos-general	imazen-26-png-v3/png-v3/1000-lilith-photos-general/1050_general_riverside-walkway-and-river_louvre-palace-paris_s23u_iso50-f2p2_20240425-154625_4000x3000.sdr.png	st	10	20	29016	150.24617400194984	975.8439999999755	77.432	
1000-lilith-photos-general	imazen-26-png-v3/png-v3/1000-lilith-photos-general/1050_general_riverside-walkway-and-river_louvre-palace-paris_s23u_iso50-f2p2_20240425-154625_4000x3000.sdr.png	st	10	32	15640	251.83992998790927	6328.774999999991	62.882	
1000-lilith-photos-general	imazen-26-png-v3/png-v3/1000-lilith-photos-general/1050_general_riverside-walkway-and-river_louvre-palace-paris_s23u_iso50-f2p2_20240425-154625_4000x3000.sdr.png	st	10	44	6790	194.79762099217623	6209.251999999976	30.258	
1000-lilith-photos-general	imazen-26-png-v3/png-v3/1000-lilith-photos-general/1050_general_riverside-walkway-and-river_louvre-palace-paris_s23u_iso50-f2p2_20240425-154625_4000x3000.sdr.png	st	12	20	29016	133.81853599275928	6418.638999999983	77.432	
1000-lilith-photos-general	imazen-26-png-v3/png-v3/1000-lilith-photos-general/1050_general_riverside-walkway-and-river_louvre-palace-paris_s23u_iso50-f2p2_20240425-154625_4000x3000.sdr.png	st	12	32	15640	427.23166799987666	721.673999999993	62.882	
1000-lilith-photos-general	imazen-26-png-v3/png-v3/1000-lilith-photos-general/1050_general_riverside-walkway-and-river_louvre-palace-paris_s23u_iso50-f2p2_20240425-154625_4000x3000.sdr.png	st	12	44	6790	262.9441879980732	204.27200000000488	30.258	
1200-lilith-interiors	imazen-26-png-v3/png-v3/1200-lilith-interiors/1205_interiors_modern-living-room_tulum-mexico_s23u_iso160-f1p7_20230917-114545_3000x4000.sdr.png	t1	-1	20	29810	4181.668336997973	34045.36899999999	75.294	
1200-lilith-interiors	imazen-26-png-v3/png-v3/1200-lilith-interiors/1205_interiors_modern-living-room_tulum-mexico_s23u_iso160-f1p7_20230917-114545_3000x4000.sdr.png	t1	-1	32	16678	5030.873858006089	41734.92100000001	54.831	
1200-lilith-interiors	imazen-26-png-v3/png-v3/1200-lilith-interiors/1205_interiors_modern-living-room_tulum-mexico_s23u_iso160-f1p7_20230917-114545_3000x4000.sdr.png	t1	-1	44	7354	6249.401178996777	48558.387000000046	8.275	
1200-lilith-interiors	imazen-26-png-v3/png-v3/1200-lilith-interiors/1205_interiors_modern-living-room_tulum-mexico_s23u_iso160-f1p7_20230917-114545_3000x4000.sdr.png	t1	2	20	29298	754.0229679871118	1221.4770000000071	74.551	
1200-lilith-interiors	imazen-26-png-v3/png-v3/1200-lilith-interiors/1205_interiors_modern-living-room_tulum-mexico_s23u_iso160-f1p7_20230917-114545_3000x4000.sdr.png	t1	2	32	16202	690.3790119977202	6890.805999999985	52.990	
1200-lilith-interiors	imazen-26-png-v3/png-v3/1200-lilith-interiors/1205_interiors_modern-living-room_tulum-mexico_s23u_iso160-f1p7_20230917-114545_3000x4000.sdr.png	t1	2	44	6977	639.927380005247	6198.273000000006	3.767	
1200-lilith-interiors	imazen-26-png-v3/png-v3/1200-lilith-interiors/1205_interiors_modern-living-room_tulum-mexico_s23u_iso160-f1p7_20230917-114545_3000x4000.sdr.png	t1	4	20	29549	238.67008900560904	503.8479999999872	73.961	
1200-lilith-interiors	imazen-26-png-v3/png-v3/1200-lilith-interiors/1205_interiors_modern-living-room_tulum-mexico_s23u_iso160-f1p7_20230917-114545_3000x4000.sdr.png	t1	4	32	16305	233.01255599653814	232.69500000000852	51.966	
1200-lilith-interiors	imazen-26-png-v3/png-v3/1200-lilith-interiors/1205_interiors_modern-living-room_tulum-mexico_s23u_iso160-f1p7_20230917-114545_3000x4000.sdr.png	t1	4	44	6962	305.81314201117493	270.61600000001107	2.418	
1200-lilith-interiors	imazen-26-png-v3/png-v3/1200-lilith-interiors/1205_interiors_modern-living-room_tulum-mexico_s23u_iso160-f1p7_20230917-114545_3000x4000.sdr.png	t1	6	20	30878	238.53732700808905	370.01500000000397	73.962	
1200-lilith-interiors	imazen-26-png-v3/png-v3/1200-lilith-interiors/1205_interiors_modern-living-room_tulum-mexico_s23u_iso160-f1p7_20230917-114545_3000x4000.sdr.png	t1	6	32	17155	245.02217301051132	8403.457999999977	52.884	
1200-lilith-interiors	imazen-26-png-v3/png-v3/1200-lilith-interiors/1205_interiors_modern-living-room_tulum-mexico_s23u_iso160-f1p7_20230917-114545_3000x4000.sdr.png	t1	6	44	7468	240.6682250002632	8501.778000000013	4.293	
1200-lilith-interiors	imazen-26-png-v3/png-v3/1200-lilith-interiors/1205_interiors_modern-living-room_tulum-mexico_s23u_iso160-f1p7_20230917-114545_3000x4000.sdr.png	t1	8	20	30630	297.8693550103344	5693.609999999994	73.444	
1200-lilith-interiors	imazen-26-png-v3/png-v3/1200-lilith-interiors/1205_interiors_modern-living-room_tulum-mexico_s23u_iso160-f1p7_20230917-114545_3000x4000.sdr.png	t1	8	32	17019	344.75410399318207	5607.578999999998	52.066	
1200-lilith-interiors	imazen-26-png-v3/png-v3/1200-lilith-interiors/1205_interiors_modern-living-room_tulum-mexico_s23u_iso160-f1p7_20230917-114545_3000x4000.sdr.png	t1	8	44	7485	339.382622987614	5607.578999999998	2.494	
1200-lilith-interiors	imazen-26-png-v3/png-v3/1200-lilith-interiors/1205_interiors_modern-living-room_tulum-mexico_s23u_iso160-f1p7_20230917-114545_3000x4000.sdr.png	t1	10	20	30732	552.370699995663	393.36299999997414	72.722	
1200-lilith-interiors	imazen-26-png-v3/png-v3/1200-lilith-interiors/1205_interiors_modern-living-room_tulum-mexico_s23u_iso160-f1p7_20230917-114545_3000x4000.sdr.png	t1	10	32	17340	148.23786000488326	232.63499999999127	51.969	
1200-lilith-interiors	imazen-26-png-v3/png-v3/1200-lilith-interiors/1205_interiors_modern-living-room_tulum-mexico_s23u_iso160-f1p7_20230917-114545_3000x4000.sdr.png	t1	10	44	7660	229.48739999264944	352.02299999998667	1.521	
1200-lilith-interiors	imazen-26-png-v3/png-v3/1200-lilith-interiors/1205_interiors_modern-living-room_tulum-mexico_s23u_iso160-f1p7_20230917-114545_3000x4000.sdr.png	t1	12	20	30732	150.98233200842515	284.24099999999794	72.722	
1200-lilith-interiors	imazen-26-png-v3/png-v3/1200-lilith-interiors/1205_interiors_modern-living-room_tulum-mexico_s23u_iso160-f1p7_20230917-114545_3000x4000.sdr.png	t1	12	32	17340	166.42001901345793	437.2000000000078	51.969	
1200-lilith-interiors	imazen-26-png-v3/png-v3/1200-lilith-interiors/1205_interiors_modern-living-room_tulum-mexico_s23u_iso160-f1p7_20230917-114545_3000x4000.sdr.png	t1	12	44	7660	210.60002098965924	403.6329999999726	1.521	
1200-lilith-interiors	imazen-26-png-v3/png-v3/1200-lilith-interiors/1205_interiors_modern-living-room_tulum-mexico_s23u_iso160-f1p7_20230917-114545_3000x4000.sdr.png	t2	-1	20	29601	4190.869751997525	30861.989999999965	74.822	
1200-lilith-interiors	imazen-26-png-v3/png-v3/1200-lilith-interiors/1205_interiors_modern-living-room_tulum-mexico_s23u_iso160-f1p7_20230917-114545_3000x4000.sdr.png	t2	-1	32	16333	5047.854786011158	38141.221999999994	54.615	
1200-lilith-interiors	imazen-26-png-v3/png-v3/1200-lilith-interiors/1205_interiors_modern-living-room_tulum-mexico_s23u_iso160-f1p7_20230917-114545_3000x4000.sdr.png	t2	-1	44	7056	5938.74250499357	39575.07100000002	10.068	
1200-lilith-interiors	imazen-26-png-v3/png-v3/1200-lilith-interiors/1205_interiors_modern-living-room_tulum-mexico_s23u_iso160-f1p7_20230917-114545_3000x4000.sdr.png	t2	2	20	28809	636.5884879924124	5821.886999999979	73.857	
1200-lilith-interiors	imazen-26-png-v3/png-v3/1200-lilith-interiors/1205_interiors_modern-living-room_tulum-mexico_s23u_iso160-f1p7_20230917-114545_3000x4000.sdr.png	t2	2	32	15731	667.5265230005607	2263.535000000017	52.643	
1200-lilith-interiors	imazen-26-png-v3/png-v3/1200-lilith-interiors/1205_interiors_modern-living-room_tulum-mexico_s23u_iso160-f1p7_20230917-114545_3000x4000.sdr.png	t2	2	44	6554	661.9667840132024	2900.3989999999912	4.419	
1200-lilith-interiors	imazen-26-png-v3/png-v3/1200-lilith-interiors/1205_interiors_modern-living-room_tulum-mexico_s23u_iso160-f1p7_20230917-114545_3000x4000.sdr.png	t2	4	20	29108	267.44074799353257	560.828999999984	73.525	
1200-lilith-interiors	imazen-26-png-v3/png-v3/1200-lilith-interiors/1205_interiors_modern-living-room_tulum-mexico_s23u_iso160-f1p7_20230917-114545_3000x4000.sdr.png	t2	4	32	15766	239.88181099412031	272.6480000000215	51.323	
1200-lilith-interiors	imazen-26-png-v3/png-v3/1200-lilith-interiors/1205_interiors_modern-living-room_tulum-mexico_s23u_iso160-f1p7_20230917-114545_3000x4000.sdr.png	t2	4	44	6589	323.97743700130377	763.5220000000036	4.304	
1200-lilith-interiors	imazen-26-png-v3/png-v3/1200-lilith-interiors/1205_interiors_modern-living-room_tulum-mexico_s23u_iso160-f1p7_20230917-114545_3000x4000.sdr.png	t2	6	20	30485	215.27129200694617	380.7440000000071	73.388	
1200-lilith-interiors	imazen-26-png-v3/png-v3/1200-lilith-interiors/1205_interiors_modern-living-room_tulum-mexico_s23u_iso160-f1p7_20230917-114545_3000x4000.sdr.png	t2	6	32	16685	211.55129799444694	4944.063000000025	52.356	
1200-lilith-interiors	imazen-26-png-v3/png-v3/1200-lilith-interiors/1205_interiors_modern-living-room_tulum-mexico_s23u_iso160-f1p7_20230917-114545_3000x4000.sdr.png	t2	6	44	7154	209.64690200344194	568.3450000000079	5.362	
1200-lilith-interiors	imazen-26-png-v3/png-v3/1200-lilith-interiors/1205_interiors_modern-living-room_tulum-mexico_s23u_iso160-f1p7_20230917-114545_3000x4000.sdr.png	t2	8	20	30138	171.68932600179687	232.4010000000083	73.259	
1200-lilith-interiors	imazen-26-png-v3/png-v3/1200-lilith-interiors/1205_interiors_modern-living-room_tulum-mexico_s23u_iso160-f1p7_20230917-114545_3000x4000.sdr.png	t2	8	32	16473	182.60411400115117	357.9880000000042	51.670	
1200-lilith-interiors	imazen-26-png-v3/png-v3/1200-lilith-interiors/1205_interiors_modern-living-room_tulum-mexico_s23u_iso160-f1p7_20230917-114545_3000x4000.sdr.png	t2	8	44	7145	176.1606679938268	624.3289999999746	3.669	
1200-lilith-interiors	imazen-26-png-v3/png-v3/1200-lilith-interiors/1205_interiors_modern-living-room_tulum-mexico_s23u_iso160-f1p7_20230917-114545_3000x4000.sdr.png	t2	10	20	30126	232.0745339966379	674.8770000000004	72.462	
1200-lilith-interiors	imazen-26-png-v3/png-v3/1200-lilith-interiors/1205_interiors_modern-living-room_tulum-mexico_s23u_iso160-f1p7_20230917-114545_3000x4000.sdr.png	t2	10	32	16757	180.28665400925092	553.2549999999983	51.837	
1200-lilith-interiors	imazen-26-png-v3/png-v3/1200-lilith-interiors/1205_interiors_modern-living-room_tulum-mexico_s23u_iso160-f1p7_20230917-114545_3000x4000.sdr.png	t2	10	44	7338	301.92365500261076	6173.015000000048	3.510	
1200-lilith-interiors	imazen-26-png-v3/png-v3/1200-lilith-interiors/1205_interiors_modern-living-room_tulum-mexico_s23u_iso160-f1p7_20230917-114545_3000x4000.sdr.png	t2	12	20	30126	413.044004002586	132.604000000045	72.462	
1200-lilith-interiors	imazen-26-png-v3/png-v3/1200-lilith-interiors/1205_interiors_modern-living-room_tulum-mexico_s23u_iso160-f1p7_20230917-114545_3000x4000.sdr.png	t2	12	32	16757	145.31888600322418	229.15299999996643	51.837	
1200-lilith-interiors	imazen-26-png-v3/png-v3/1200-lilith-interiors/1205_interiors_modern-living-room_tulum-mexico_s23u_iso160-f1p7_20230917-114545_3000x4000.sdr.png	t2	12	44	7338	288.246069001616	352.03800000000564	3.510	
1200-lilith-interiors	imazen-26-png-v3/png-v3/1200-lilith-interiors/1205_interiors_modern-living-room_tulum-mexico_s23u_iso160-f1p7_20230917-114545_3000x4000.sdr.png	t3	-1	20	38148	4979.15145099978	27345.86100000001	DEC-ERR	
1200-lilith-interiors	imazen-26-png-v3/png-v3/1200-lilith-interiors/1205_interiors_modern-living-room_tulum-mexico_s23u_iso160-f1p7_20230917-114545_3000x4000.sdr.png	t3	-1	32	25383	6478.816132002976	36614.11100000002	DEC-ERR	
1200-lilith-interiors	imazen-26-png-v3/png-v3/1200-lilith-interiors/1205_interiors_modern-living-room_tulum-mexico_s23u_iso160-f1p7_20230917-114545_3000x4000.sdr.png	t3	-1	44	12140	7731.848291005008	44981.58399999999	DEC-ERR	
1200-lilith-interiors	imazen-26-png-v3/png-v3/1200-lilith-interiors/1205_interiors_modern-living-room_tulum-mexico_s23u_iso160-f1p7_20230917-114545_3000x4000.sdr.png	t3	2	20	36486	784.0657930064481	5225.554999999997	80.890	
1200-lilith-interiors	imazen-26-png-v3/png-v3/1200-lilith-interiors/1205_interiors_modern-living-room_tulum-mexico_s23u_iso160-f1p7_20230917-114545_3000x4000.sdr.png	t3	2	32	22969	980.4959649918601	2840.860000000003	68.531	
1200-lilith-interiors	imazen-26-png-v3/png-v3/1200-lilith-interiors/1205_interiors_modern-living-room_tulum-mexico_s23u_iso160-f1p7_20230917-114545_3000x4000.sdr.png	t3	2	44	10729	1041.743850990315	8527.245999999981	38.837	
1200-lilith-interiors	imazen-26-png-v3/png-v3/1200-lilith-interiors/1205_interiors_modern-living-room_tulum-mexico_s23u_iso160-f1p7_20230917-114545_3000x4000.sdr.png	t3	4	20	37098	452.7070879994426	1141.472000000018	81.113	
1200-lilith-interiors	imazen-26-png-v3/png-v3/1200-lilith-interiors/1205_interiors_modern-living-room_tulum-mexico_s23u_iso160-f1p7_20230917-114545_3000x4000.sdr.png	t3	4	32	23340	351.7734850029228	1817.6709999999757	68.631	
1200-lilith-interiors	imazen-26-png-v3/png-v3/1200-lilith-interiors/1205_interiors_modern-living-room_tulum-mexico_s23u_iso160-f1p7_20230917-114545_3000x4000.sdr.png	t3	4	44	11009	291.72212100820616	1502.4529999999672	39.207	
1200-lilith-interiors	imazen-26-png-v3/png-v3/1200-lilith-interiors/1205_interiors_modern-living-room_tulum-mexico_s23u_iso160-f1p7_20230917-114545_3000x4000.sdr.png	t3	6	20	38390	183.88831299671438	1190.263999999969	80.906	
1200-lilith-interiors	imazen-26-png-v3/png-v3/1200-lilith-interiors/1205_interiors_modern-living-room_tulum-mexico_s23u_iso160-f1p7_20230917-114545_3000x4000.sdr.png	t3	6	32	24393	176.67271000391338	5728.525999999981	69.321	
1200-lilith-interiors	imazen-26-png-v3/png-v3/1200-lilith-interiors/1205_interiors_modern-living-room_tulum-mexico_s23u_iso160-f1p7_20230917-114545_3000x4000.sdr.png	t3	6	44	11735	770.030127998325	153.34599999998665	39.576	
1200-lilith-interiors	imazen-26-png-v3/png-v3/1200-lilith-interiors/1205_interiors_modern-living-room_tulum-mexico_s23u_iso160-f1p7_20230917-114545_3000x4000.sdr.png	t3	8	20	39448	743.7604389997432	294.1389999999604	80.823	
1200-lilith-interiors	imazen-26-png-v3/png-v3/1200-lilith-interiors/1205_interiors_modern-living-room_tulum-mexico_s23u_iso160-f1p7_20230917-114545_3000x4000.sdr.png	t3	8	32	25081	160.34312899864744	240.22700000001686	69.797	
1200-lilith-interiors	imazen-26-png-v3/png-v3/1200-lilith-interiors/1205_interiors_modern-living-room_tulum-mexico_s23u_iso160-f1p7_20230917-114545_3000x4000.sdr.png	t3	8	44	12051	159.6245040127542	354.3020000000041	39.805	
1200-lilith-interiors	imazen-26-png-v3/png-v3/1200-lilith-interiors/1205_interiors_modern-living-room_tulum-mexico_s23u_iso160-f1p7_20230917-114545_3000x4000.sdr.png	t3	10	20	39805	184.85936700017191	685.961000000006	80.809	
1200-lilith-interiors	imazen-26-png-v3/png-v3/1200-lilith-interiors/1205_interiors_modern-living-room_tulum-mexico_s23u_iso160-f1p7_20230917-114545_3000x4000.sdr.png	t3	10	32	25416	174.34501899697352	685.961000000006	69.810	
1200-lilith-interiors	imazen-26-png-v3/png-v3/1200-lilith-interiors/1205_interiors_modern-living-room_tulum-mexico_s23u_iso160-f1p7_20230917-114545_3000x4000.sdr.png	t3	10	44	12330	170.58103099407163	529.2040000000231	39.962	
1200-lilith-interiors	imazen-26-png-v3/png-v3/1200-lilith-interiors/1205_interiors_modern-living-room_tulum-mexico_s23u_iso160-f1p7_20230917-114545_3000x4000.sdr.png	t3	12	20	39805	160.77969799516723	6510.466000000033	80.809	
1200-lilith-interiors	imazen-26-png-v3/png-v3/1200-lilith-interiors/1205_interiors_modern-living-room_tulum-mexico_s23u_iso160-f1p7_20230917-114545_3000x4000.sdr.png	t3	12	32	25416	592.4128839978948	159.24399999997087	69.810	
1200-lilith-interiors	imazen-26-png-v3/png-v3/1200-lilith-interiors/1205_interiors_modern-living-room_tulum-mexico_s23u_iso160-f1p7_20230917-114545_3000x4000.sdr.png	t3	12	44	12330	583.7150659936015	483.805000000034	39.962	
1200-lilith-interiors	imazen-26-png-v3/png-v3/1200-lilith-interiors/1205_interiors_modern-living-room_tulum-mexico_s23u_iso160-f1p7_20230917-114545_3000x4000.sdr.png	t4	-1	20	37965	4840.534553004545	33024.91400000004	DEC-ERR	
1200-lilith-interiors	imazen-26-png-v3/png-v3/1200-lilith-interiors/1205_interiors_modern-living-room_tulum-mexico_s23u_iso160-f1p7_20230917-114545_3000x4000.sdr.png	t4	-1	32	23747	5748.939949000487	39454.937999999995	DEC-ERR	
1200-lilith-interiors	imazen-26-png-v3/png-v3/1200-lilith-interiors/1205_interiors_modern-living-room_tulum-mexico_s23u_iso160-f1p7_20230917-114545_3000x4000.sdr.png	t4	-1	44	10996	7557.143557991367	48455.47699999997	DEC-ERR	
1200-lilith-interiors	imazen-26-png-v3/png-v3/1200-lilith-interiors/1205_interiors_modern-living-room_tulum-mexico_s23u_iso160-f1p7_20230917-114545_3000x4000.sdr.png	t4	2	20	36249	841.6164879890857	7363.382999999962	80.208	
1200-lilith-interiors	imazen-26-png-v3/png-v3/1200-lilith-interiors/1205_interiors_modern-living-room_tulum-mexico_s23u_iso160-f1p7_20230917-114545_3000x4000.sdr.png	t4	2	32	21346	794.5936369942501	6574.237999999999	66.074	
1200-lilith-interiors	imazen-26-png-v3/png-v3/1200-lilith-interiors/1205_interiors_modern-living-room_tulum-mexico_s23u_iso160-f1p7_20230917-114545_3000x4000.sdr.png	t4	2	44	9356	1194.7026359994197	8485.826999999992	30.909	
1200-lilith-interiors	imazen-26-png-v3/png-v3/1200-lilith-interiors/1205_interiors_modern-living-room_tulum-mexico_s23u_iso160-f1p7_20230917-114545_3000x4000.sdr.png	t4	4	20	36795	275.9536450030282	348.2080000000263	80.283	
1200-lilith-interiors	imazen-26-png-v3/png-v3/1200-lilith-interiors/1205_interiors_modern-living-room_tulum-mexico_s23u_iso160-f1p7_20230917-114545_3000x4000.sdr.png	t4	4	32	21539	302.4909520026995	587.0720000000613	66.549	
1200-lilith-interiors	imazen-26-png-v3/png-v3/1200-lilith-interiors/1205_interiors_modern-living-room_tulum-mexico_s23u_iso160-f1p7_20230917-114545_3000x4000.sdr.png	t4	4	44	9572	249.32774998887908	803.9600000000196	30.700	
1200-lilith-interiors	imazen-26-png-v3/png-v3/1200-lilith-interiors/1205_interiors_modern-living-room_tulum-mexico_s23u_iso160-f1p7_20230917-114545_3000x4000.sdr.png	t4	6	20	37912	369.0179839904886	1122.444000000014	80.212	
1200-lilith-interiors	imazen-26-png-v3/png-v3/1200-lilith-interiors/1205_interiors_modern-living-room_tulum-mexico_s23u_iso160-f1p7_20230917-114545_3000x4000.sdr.png	t4	6	32	22496	327.7414259937359	1248.8990000000176	66.954	
1200-lilith-interiors	imazen-26-png-v3/png-v3/1200-lilith-interiors/1205_interiors_modern-living-room_tulum-mexico_s23u_iso160-f1p7_20230917-114545_3000x4000.sdr.png	t4	6	44	10190	226.67283500777557	1254.4490000000153	31.186	
1200-lilith-interiors	imazen-26-png-v3/png-v3/1200-lilith-interiors/1205_interiors_modern-living-room_tulum-mexico_s23u_iso160-f1p7_20230917-114545_3000x4000.sdr.png	t4	8	20	38879	304.1276709991507	171.32900000001962	79.920	
1200-lilith-interiors	imazen-26-png-v3/png-v3/1200-lilith-interiors/1205_interiors_modern-living-room_tulum-mexico_s23u_iso160-f1p7_20230917-114545_3000x4000.sdr.png	t4	8	32	22875	309.0574530069716	356.4589999999956	66.251	
1200-lilith-interiors	imazen-26-png-v3/png-v3/1200-lilith-interiors/1205_interiors_modern-living-room_tulum-mexico_s23u_iso160-f1p7_20230917-114545_3000x4000.sdr.png	t4	8	44	10316	164.99666598974727	315.02400000001705	30.403	
1200-lilith-interiors	imazen-26-png-v3/png-v3/1200-lilith-interiors/1205_interiors_modern-living-room_tulum-mexico_s23u_iso160-f1p7_20230917-114545_3000x4000.sdr.png	t4	10	20	39134	230.11278800549917	488.35399999998685	79.560	
1200-lilith-interiors	imazen-26-png-v3/png-v3/1200-lilith-interiors/1205_interiors_modern-living-room_tulum-mexico_s23u_iso160-f1p7_20230917-114545_3000x4000.sdr.png	t4	10	32	23486	219.45843499270268	327.65200000000937	66.316	
1200-lilith-interiors	imazen-26-png-v3/png-v3/1200-lilith-interiors/1205_interiors_modern-living-room_tulum-mexico_s23u_iso160-f1p7_20230917-114545_3000x4000.sdr.png	t4	10	44	11018	230.07211099320557	6608.412000000008	31.976	
1200-lilith-interiors	imazen-26-png-v3/png-v3/1200-lilith-interiors/1205_interiors_modern-living-room_tulum-mexico_s23u_iso160-f1p7_20230917-114545_3000x4000.sdr.png	t4	12	20	39134	233.51414799981285	271.00399999999604	79.560	
1200-lilith-interiors	imazen-26-png-v3/png-v3/1200-lilith-interiors/1205_interiors_modern-living-room_tulum-mexico_s23u_iso160-f1p7_20230917-114545_3000x4000.sdr.png	t4	12	32	23486	472.0781570067629	510.0690000000174	66.316	
1200-lilith-interiors	imazen-26-png-v3/png-v3/1200-lilith-interiors/1205_interiors_modern-living-room_tulum-mexico_s23u_iso160-f1p7_20230917-114545_3000x4000.sdr.png	t4	12	44	11018	350.9948870050721	167.15400000001245	31.976	
1200-lilith-interiors	imazen-26-png-v3/png-v3/1200-lilith-interiors/1205_interiors_modern-living-room_tulum-mexico_s23u_iso160-f1p7_20230917-114545_3000x4000.sdr.png	st	-1	20	35650	4972.1513359982055	39357.89499999996	DEC-ERR	
1200-lilith-interiors	imazen-26-png-v3/png-v3/1200-lilith-interiors/1205_interiors_modern-living-room_tulum-mexico_s23u_iso160-f1p7_20230917-114545_3000x4000.sdr.png	st	-1	32	21972	5917.491596992477	45966.333000000006	DEC-ERR	
1200-lilith-interiors	imazen-26-png-v3/png-v3/1200-lilith-interiors/1205_interiors_modern-living-room_tulum-mexico_s23u_iso160-f1p7_20230917-114545_3000x4000.sdr.png	st	-1	44	10173	7118.586702999892	53839.74499999997	DEC-ERR	
1200-lilith-interiors	imazen-26-png-v3/png-v3/1200-lilith-interiors/1205_interiors_modern-living-room_tulum-mexico_s23u_iso160-f1p7_20230917-114545_3000x4000.sdr.png	st	2	20	32869	755.4579440038651	8517.681000000019	78.445	
1200-lilith-interiors	imazen-26-png-v3/png-v3/1200-lilith-interiors/1205_interiors_modern-living-room_tulum-mexico_s23u_iso160-f1p7_20230917-114545_3000x4000.sdr.png	st	2	32	19130	850.0192959909327	10139.223000000016	61.906	
1200-lilith-interiors	imazen-26-png-v3/png-v3/1200-lilith-interiors/1205_interiors_modern-living-room_tulum-mexico_s23u_iso160-f1p7_20230917-114545_3000x4000.sdr.png	st	2	44	8718	923.9521720010089	11050.36	26.970	
1200-lilith-interiors	imazen-26-png-v3/png-v3/1200-lilith-interiors/1205_interiors_modern-living-room_tulum-mexico_s23u_iso160-f1p7_20230917-114545_3000x4000.sdr.png	st	4	20	33290	298.2503289968008	8954.80500000003	78.375	
1200-lilith-interiors	imazen-26-png-v3/png-v3/1200-lilith-interiors/1205_interiors_modern-living-room_tulum-mexico_s23u_iso160-f1p7_20230917-114545_3000x4000.sdr.png	st	4	32	19391	281.8918419943657	8653.088999999974	61.991	
1200-lilith-interiors	imazen-26-png-v3/png-v3/1200-lilith-interiors/1205_interiors_modern-living-room_tulum-mexico_s23u_iso160-f1p7_20230917-114545_3000x4000.sdr.png	st	4	44	8946	272.9449220059905	1509.0760000000375	26.180	
1200-lilith-interiors	imazen-26-png-v3/png-v3/1200-lilith-interiors/1205_interiors_modern-living-room_tulum-mexico_s23u_iso160-f1p7_20230917-114545_3000x4000.sdr.png	st	6	20	34568	323.2614779990399	1139.5629999999883	78.288	
1200-lilith-interiors	imazen-26-png-v3/png-v3/1200-lilith-interiors/1205_interiors_modern-living-room_tulum-mexico_s23u_iso160-f1p7_20230917-114545_3000x4000.sdr.png	st	6	32	20218	259.4736970058875	342.21399999994696	62.090	
1200-lilith-interiors	imazen-26-png-v3/png-v3/1200-lilith-interiors/1205_interiors_modern-living-room_tulum-mexico_s23u_iso160-f1p7_20230917-114545_3000x4000.sdr.png	st	6	44	9493	198.7779900082387	5248.93000000004	26.304	
1200-lilith-interiors	imazen-26-png-v3/png-v3/1200-lilith-interiors/1205_interiors_modern-living-room_tulum-mexico_s23u_iso160-f1p7_20230917-114545_3000x4000.sdr.png	st	8	20	35218	276.07398299733177	318.3760000000131	77.916	
1200-lilith-interiors	imazen-26-png-v3/png-v3/1200-lilith-interiors/1205_interiors_modern-living-room_tulum-mexico_s23u_iso160-f1p7_20230917-114545_3000x4000.sdr.png	st	8	32	20741	391.86974200129043	302.46899999997544	62.128	
1200-lilith-interiors	imazen-26-png-v3/png-v3/1200-lilith-interiors/1205_interiors_modern-living-room_tulum-mexico_s23u_iso160-f1p7_20230917-114545_3000x4000.sdr.png	st	8	44	9634	224.86561299592722	386.37399999996444	25.420	
1200-lilith-interiors	imazen-26-png-v3/png-v3/1200-lilith-interiors/1205_interiors_modern-living-room_tulum-mexico_s23u_iso160-f1p7_20230917-114545_3000x4000.sdr.png	st	10	20	35525	350.1349230064079	136.58299999999102	77.863	
1200-lilith-interiors	imazen-26-png-v3/png-v3/1200-lilith-interiors/1205_interiors_modern-living-room_tulum-mexico_s23u_iso160-f1p7_20230917-114545_3000x4000.sdr.png	st	10	32	20996	162.31694699672516	5888.624000000007	62.299	
1200-lilith-interiors	imazen-26-png-v3/png-v3/1200-lilith-interiors/1205_interiors_modern-living-room_tulum-mexico_s23u_iso160-f1p7_20230917-114545_3000x4000.sdr.png	st	10	44	9871	186.5591649984708	336.64200000000653	26.111	
1200-lilith-interiors	imazen-26-png-v3/png-v3/1200-lilith-interiors/1205_interiors_modern-living-room_tulum-mexico_s23u_iso160-f1p7_20230917-114545_3000x4000.sdr.png	st	12	20	35525	207.15549000306055	473.2820000000064	77.863	
1200-lilith-interiors	imazen-26-png-v3/png-v3/1200-lilith-interiors/1205_interiors_modern-living-room_tulum-mexico_s23u_iso160-f1p7_20230917-114545_3000x4000.sdr.png	st	12	32	20996	233.12562100181822	593.2520000000494	62.299	
1200-lilith-interiors	imazen-26-png-v3/png-v3/1200-lilith-interiors/1205_interiors_modern-living-room_tulum-mexico_s23u_iso160-f1p7_20230917-114545_3000x4000.sdr.png	st	12	44	9871	184.88181999418885	549.5789999999694	26.111	
1200-lilith-interiors	imazen-26-png-v3/png-v3/1200-lilith-interiors/1225_interiors_kitchen-appliances-overhead_minamiizu-japan_s23u_iso200-f1p7_20250307-112014_3000x4000.sdr.png	t1	-1	20	31343	4678.534507998847	36389.541999999994	74.187	
1200-lilith-interiors	imazen-26-png-v3/png-v3/1200-lilith-interiors/1225_interiors_kitchen-appliances-overhead_minamiizu-japan_s23u_iso200-f1p7_20250307-112014_3000x4000.sdr.png	t1	-1	32	14033	6365.334157992038	50825.332000000046	54.715	
1200-lilith-interiors	imazen-26-png-v3/png-v3/1200-lilith-interiors/1225_interiors_kitchen-appliances-overhead_minamiizu-japan_s23u_iso200-f1p7_20250307-112014_3000x4000.sdr.png	t1	-1	44	5778	5793.839119010954	44458.537	21.466	
1200-lilith-interiors	imazen-26-png-v3/png-v3/1200-lilith-interiors/1225_interiors_kitchen-appliances-overhead_minamiizu-japan_s23u_iso200-f1p7_20250307-112014_3000x4000.sdr.png	t1	2	20	29831	836.2804140051594	9442.69799999997	72.238	
1200-lilith-interiors	imazen-26-png-v3/png-v3/1200-lilith-interiors/1225_interiors_kitchen-appliances-overhead_minamiizu-japan_s23u_iso200-f1p7_20250307-112014_3000x4000.sdr.png	t1	2	32	13449	644.0500689932378	10052.148000000048	52.310	
1200-lilith-interiors	imazen-26-png-v3/png-v3/1200-lilith-interiors/1225_interiors_kitchen-appliances-overhead_minamiizu-japan_s23u_iso200-f1p7_20250307-112014_3000x4000.sdr.png	t1	2	44	5568	607.1104069997091	9373.978999999998	16.770	
1200-lilith-interiors	imazen-26-png-v3/png-v3/1200-lilith-interiors/1225_interiors_kitchen-appliances-overhead_minamiizu-japan_s23u_iso200-f1p7_20250307-112014_3000x4000.sdr.png	t1	4	20	30110	270.13535500736907	303.6340000000024	71.803	
1200-lilith-interiors	imazen-26-png-v3/png-v3/1200-lilith-interiors/1225_interiors_kitchen-appliances-overhead_minamiizu-japan_s23u_iso200-f1p7_20250307-112014_3000x4000.sdr.png	t1	4	32	13573	264.3973379890667	534.1389999999749	51.378	
1200-lilith-interiors	imazen-26-png-v3/png-v3/1200-lilith-interiors/1225_interiors_kitchen-appliances-overhead_minamiizu-japan_s23u_iso200-f1p7_20250307-112014_3000x4000.sdr.png	t1	4	44	5557	260.0666940124938	320.2549999999729	15.659	
1200-lilith-interiors	imazen-26-png-v3/png-v3/1200-lilith-interiors/1225_interiors_kitchen-appliances-overhead_minamiizu-japan_s23u_iso200-f1p7_20250307-112014_3000x4000.sdr.png	t1	6	20	32474	222.31643200211693	5315.722999999988	72.177	
1200-lilith-interiors	imazen-26-png-v3/png-v3/1200-lilith-interiors/1225_interiors_kitchen-appliances-overhead_minamiizu-japan_s23u_iso200-f1p7_20250307-112014_3000x4000.sdr.png	t1	6	32	15462	224.17220599891152	5219.248999999978	52.072	
1200-lilith-interiors	imazen-26-png-v3/png-v3/1200-lilith-interiors/1225_interiors_kitchen-appliances-overhead_minamiizu-japan_s23u_iso200-f1p7_20250307-112014_3000x4000.sdr.png	t1	6	44	6639	181.23019600170664	181.4619999999909	15.598	
1200-lilith-interiors	imazen-26-png-v3/png-v3/1200-lilith-interiors/1225_interiors_kitchen-appliances-overhead_minamiizu-japan_s23u_iso200-f1p7_20250307-112014_3000x4000.sdr.png	t1	8	20	33469	305.8325879974291	288.066000000045	71.705	
1200-lilith-interiors	imazen-26-png-v3/png-v3/1200-lilith-interiors/1225_interiors_kitchen-appliances-overhead_minamiizu-japan_s23u_iso200-f1p7_20250307-112014_3000x4000.sdr.png	t1	8	32	16053	256.45114699727856	157.831999999944	51.483	
1200-lilith-interiors	imazen-26-png-v3/png-v3/1200-lilith-interiors/1225_interiors_kitchen-appliances-overhead_minamiizu-japan_s23u_iso200-f1p7_20250307-112014_3000x4000.sdr.png	t1	8	44	6828	319.3601880047936	265.30399999997377	14.600	
1200-lilith-interiors	imazen-26-png-v3/png-v3/1200-lilith-interiors/1225_interiors_kitchen-appliances-overhead_minamiizu-japan_s23u_iso200-f1p7_20250307-112014_3000x4000.sdr.png	t1	10	20	34474	205.7568540039938	6260.407000000057	71.374	
1200-lilith-interiors	imazen-26-png-v3/png-v3/1200-lilith-interiors/1225_interiors_kitchen-appliances-overhead_minamiizu-japan_s23u_iso200-f1p7_20250307-112014_3000x4000.sdr.png	t1	10	32	16582	137.96178399934433	236.95599999999217	51.054	
1200-lilith-interiors	imazen-26-png-v3/png-v3/1200-lilith-interiors/1225_interiors_kitchen-appliances-overhead_minamiizu-japan_s23u_iso200-f1p7_20250307-112014_3000x4000.sdr.png	t1	10	44	6887	155.85812099743634	312.5239999999607	13.985	
1200-lilith-interiors	imazen-26-png-v3/png-v3/1200-lilith-interiors/1225_interiors_kitchen-appliances-overhead_minamiizu-japan_s23u_iso200-f1p7_20250307-112014_3000x4000.sdr.png	t1	12	20	34474	176.87809000199195	417.3000000000151	71.374	
1200-lilith-interiors	imazen-26-png-v3/png-v3/1200-lilith-interiors/1225_interiors_kitchen-appliances-overhead_minamiizu-japan_s23u_iso200-f1p7_20250307-112014_3000x4000.sdr.png	t1	12	32	16582	406.29093900497537	579.3000000000266	51.054	
1200-lilith-interiors	imazen-26-png-v3/png-v3/1200-lilith-interiors/1225_interiors_kitchen-appliances-overhead_minamiizu-japan_s23u_iso200-f1p7_20250307-112014_3000x4000.sdr.png	t1	12	44	6887	308.2666810078081	438.1580000000369	13.985	
1200-lilith-interiors	imazen-26-png-v3/png-v3/1200-lilith-interiors/1225_interiors_kitchen-appliances-overhead_minamiizu-japan_s23u_iso200-f1p7_20250307-112014_3000x4000.sdr.png	t2	-1	20	31156	4824.784762997297	34253.54000000003	74.527	
1200-lilith-interiors	imazen-26-png-v3/png-v3/1200-lilith-interiors/1225_interiors_kitchen-appliances-overhead_minamiizu-japan_s23u_iso200-f1p7_20250307-112014_3000x4000.sdr.png	t2	-1	32	13862	6298.7052719981875	49980.383	55.141	
1200-lilith-interiors	imazen-26-png-v3/png-v3/1200-lilith-interiors/1225_interiors_kitchen-appliances-overhead_minamiizu-japan_s23u_iso200-f1p7_20250307-112014_3000x4000.sdr.png	t2	-1	44	5582	5771.242975999485	43224.15300000001	22.156	
1200-lilith-interiors	imazen-26-png-v3/png-v3/1200-lilith-interiors/1225_interiors_kitchen-appliances-overhead_minamiizu-japan_s23u_iso200-f1p7_20250307-112014_3000x4000.sdr.png	t2	2	20	29596	716.514786996413	13306.562999999996	72.533	
1200-lilith-interiors	imazen-26-png-v3/png-v3/1200-lilith-interiors/1225_interiors_kitchen-appliances-overhead_minamiizu-japan_s23u_iso200-f1p7_20250307-112014_3000x4000.sdr.png	t2	2	32	13039	662.4486800137674	7424.406000000006	52.563	
1200-lilith-interiors	imazen-26-png-v3/png-v3/1200-lilith-interiors/1225_interiors_kitchen-appliances-overhead_minamiizu-japan_s23u_iso200-f1p7_20250307-112014_3000x4000.sdr.png	t2	2	44	5200	658.4706149878912	7424.406000000006	17.009	
1200-lilith-interiors	imazen-26-png-v3/png-v3/1200-lilith-interiors/1225_interiors_kitchen-appliances-overhead_minamiizu-japan_s23u_iso200-f1p7_20250307-112014_3000x4000.sdr.png	t2	4	20	29783	288.3799740084214	854.8190000000062	72.083	
1200-lilith-interiors	imazen-26-png-v3/png-v3/1200-lilith-interiors/1225_interiors_kitchen-appliances-overhead_minamiizu-japan_s23u_iso200-f1p7_20250307-112014_3000x4000.sdr.png	t2	4	32	13221	265.2903140115086	529.9529999999795	51.043	
1200-lilith-interiors	imazen-26-png-v3/png-v3/1200-lilith-interiors/1225_interiors_kitchen-appliances-overhead_minamiizu-japan_s23u_iso200-f1p7_20250307-112014_3000x4000.sdr.png	t2	4	44	5287	230.86011700797826	230.64999999998292	16.161	
1200-lilith-interiors	imazen-26-png-v3/png-v3/1200-lilith-interiors/1225_interiors_kitchen-appliances-overhead_minamiizu-japan_s23u_iso200-f1p7_20250307-112014_3000x4000.sdr.png	t2	6	20	32169	203.05337000172585	167.49299999995236	71.920	
1200-lilith-interiors	imazen-26-png-v3/png-v3/1200-lilith-interiors/1225_interiors_kitchen-appliances-overhead_minamiizu-japan_s23u_iso200-f1p7_20250307-112014_3000x4000.sdr.png	t2	6	32	15045	212.28297799825668	184.32500000000118	52.353	
1200-lilith-interiors	imazen-26-png-v3/png-v3/1200-lilith-interiors/1225_interiors_kitchen-appliances-overhead_minamiizu-japan_s23u_iso200-f1p7_20250307-112014_3000x4000.sdr.png	t2	6	44	6399	212.6094980048947	341.00399999998035	15.387	
1200-lilith-interiors	imazen-26-png-v3/png-v3/1200-lilith-interiors/1225_interiors_kitchen-appliances-overhead_minamiizu-japan_s23u_iso200-f1p7_20250307-112014_3000x4000.sdr.png	t2	8	20	33076	202.98952900338918	403.020999999967	71.646	
1200-lilith-interiors	imazen-26-png-v3/png-v3/1200-lilith-interiors/1225_interiors_kitchen-appliances-overhead_minamiizu-japan_s23u_iso200-f1p7_20250307-112014_3000x4000.sdr.png	t2	8	32	15621	181.63921200903133	288.43300000005456	51.334	
1200-lilith-interiors	imazen-26-png-v3/png-v3/1200-lilith-interiors/1225_interiors_kitchen-appliances-overhead_minamiizu-japan_s23u_iso200-f1p7_20250307-112014_3000x4000.sdr.png	t2	8	44	6576	302.1932959964033	158.2410000000074	14.237	
1200-lilith-interiors	imazen-26-png-v3/png-v3/1200-lilith-interiors/1225_interiors_kitchen-appliances-overhead_minamiizu-japan_s23u_iso200-f1p7_20250307-112014_3000x4000.sdr.png	t2	10	20	34188	299.11219599307515	5866.490000000066	71.378	
1200-lilith-interiors	imazen-26-png-v3/png-v3/1200-lilith-interiors/1225_interiors_kitchen-appliances-overhead_minamiizu-japan_s23u_iso200-f1p7_20250307-112014_3000x4000.sdr.png	t2	10	32	16124	249.72748900472652	5939.004000000016	50.860	
1200-lilith-interiors	imazen-26-png-v3/png-v3/1200-lilith-interiors/1225_interiors_kitchen-appliances-overhead_minamiizu-japan_s23u_iso200-f1p7_20250307-112014_3000x4000.sdr.png	t2	10	44	6610	159.8687879886711	158.1829999999851	13.797	
1200-lilith-interiors	imazen-26-png-v3/png-v3/1200-lilith-interiors/1225_interiors_kitchen-appliances-overhead_minamiizu-japan_s23u_iso200-f1p7_20250307-112014_3000x4000.sdr.png	t2	12	20	34188	236.36997099674772	480.22200000000305	71.378	
1200-lilith-interiors	imazen-26-png-v3/png-v3/1200-lilith-interiors/1225_interiors_kitchen-appliances-overhead_minamiizu-japan_s23u_iso200-f1p7_20250307-112014_3000x4000.sdr.png	t2	12	32	16124	185.2142220013775	263.6920000000256	50.860	
1200-lilith-interiors	imazen-26-png-v3/png-v3/1200-lilith-interiors/1225_interiors_kitchen-appliances-overhead_minamiizu-japan_s23u_iso200-f1p7_20250307-112014_3000x4000.sdr.png	t2	12	44	6610	189.49188498663716	430.4569999999952	13.797	
1200-lilith-interiors	imazen-26-png-v3/png-v3/1200-lilith-interiors/1225_interiors_kitchen-appliances-overhead_minamiizu-japan_s23u_iso200-f1p7_20250307-112014_3000x4000.sdr.png	t3	-1	20	38561	5324.309481991804	30285.998999999996	DEC-ERR	
1200-lilith-interiors	imazen-26-png-v3/png-v3/1200-lilith-interiors/1225_interiors_kitchen-appliances-overhead_minamiizu-japan_s23u_iso200-f1p7_20250307-112014_3000x4000.sdr.png	t3	-1	32	21187	7681.952073005959	47449.333	DEC-ERR	
1200-lilith-interiors	imazen-26-png-v3/png-v3/1200-lilith-interiors/1225_interiors_kitchen-appliances-overhead_minamiizu-japan_s23u_iso200-f1p7_20250307-112014_3000x4000.sdr.png	t3	-1	44	9075	6860.9903100004885	39688.596000000005	DEC-ERR	
1200-lilith-interiors	imazen-26-png-v3/png-v3/1200-lilith-interiors/1225_interiors_kitchen-appliances-overhead_minamiizu-japan_s23u_iso200-f1p7_20250307-112014_3000x4000.sdr.png	t3	2	20	40177	902.0426140050404	7417.222000000015	79.894	
1200-lilith-interiors	imazen-26-png-v3/png-v3/1200-lilith-interiors/1225_interiors_kitchen-appliances-overhead_minamiizu-japan_s23u_iso200-f1p7_20250307-112014_3000x4000.sdr.png	t3	2	32	22051	907.8796890098602	8272.235999999997	68.420	
1200-lilith-interiors	imazen-26-png-v3/png-v3/1200-lilith-interiors/1225_interiors_kitchen-appliances-overhead_minamiizu-japan_s23u_iso200-f1p7_20250307-112014_3000x4000.sdr.png	t3	2	44	8867	813.2809759990778	7381.109999999998	42.349	
1200-lilith-interiors	imazen-26-png-v3/png-v3/1200-lilith-interiors/1225_interiors_kitchen-appliances-overhead_minamiizu-japan_s23u_iso200-f1p7_20250307-112014_3000x4000.sdr.png	t3	4	20	41020	334.3708960019285	931.0080000000287	79.751	
1200-lilith-interiors	imazen-26-png-v3/png-v3/1200-lilith-interiors/1225_interiors_kitchen-appliances-overhead_minamiizu-japan_s23u_iso200-f1p7_20250307-112014_3000x4000.sdr.png	t3	4	32	22781	322.5704349897569	896.0970000000312	68.133	
1200-lilith-interiors	imazen-26-png-v3/png-v3/1200-lilith-interiors/1225_interiors_kitchen-appliances-overhead_minamiizu-japan_s23u_iso200-f1p7_20250307-112014_3000x4000.sdr.png	t3	4	44	9293	249.47284600057174	249.29299999999444	42.376	
1200-lilith-interiors	imazen-26-png-v3/png-v3/1200-lilith-interiors/1225_interiors_kitchen-appliances-overhead_minamiizu-japan_s23u_iso200-f1p7_20250307-112014_3000x4000.sdr.png	t3	6	20	43662	214.8614650068339	2730.1299999999455	79.685	
1200-lilith-interiors	imazen-26-png-v3/png-v3/1200-lilith-interiors/1225_interiors_kitchen-appliances-overhead_minamiizu-japan_s23u_iso200-f1p7_20250307-112014_3000x4000.sdr.png	t3	6	32	24906	271.9982929993421	196.0320000000415	68.984	
1200-lilith-interiors	imazen-26-png-v3/png-v3/1200-lilith-interiors/1225_interiors_kitchen-appliances-overhead_minamiizu-japan_s23u_iso200-f1p7_20250307-112014_3000x4000.sdr.png	t3	6	44	10721	193.11549699341413	274.6090000000194	43.690	
1200-lilith-interiors	imazen-26-png-v3/png-v3/1200-lilith-interiors/1225_interiors_kitchen-appliances-overhead_minamiizu-japan_s23u_iso200-f1p7_20250307-112014_3000x4000.sdr.png	t3	8	20	45271	202.6067709957715	147.88099999999105	79.574	
1200-lilith-interiors	imazen-26-png-v3/png-v3/1200-lilith-interiors/1225_interiors_kitchen-appliances-overhead_minamiizu-japan_s23u_iso200-f1p7_20250307-112014_3000x4000.sdr.png	t3	8	32	26169	224.17424099694472	526.8680000000039	68.963	
1200-lilith-interiors	imazen-26-png-v3/png-v3/1200-lilith-interiors/1225_interiors_kitchen-appliances-overhead_minamiizu-japan_s23u_iso200-f1p7_20250307-112014_3000x4000.sdr.png	t3	8	44	11407	166.43006799858995	156.77899999999667	43.157	
1200-lilith-interiors	imazen-26-png-v3/png-v3/1200-lilith-interiors/1225_interiors_kitchen-appliances-overhead_minamiizu-japan_s23u_iso200-f1p7_20250307-112014_3000x4000.sdr.png	t3	10	20	46124	203.17151400377043	380.3570000000285	79.479	
1200-lilith-interiors	imazen-26-png-v3/png-v3/1200-lilith-interiors/1225_interiors_kitchen-appliances-overhead_minamiizu-japan_s23u_iso200-f1p7_20250307-112014_3000x4000.sdr.png	t3	10	32	26771	152.8290290007135	229.41000000002632	68.983	
1200-lilith-interiors	imazen-26-png-v3/png-v3/1200-lilith-interiors/1225_interiors_kitchen-appliances-overhead_minamiizu-japan_s23u_iso200-f1p7_20250307-112014_3000x4000.sdr.png	t3	10	44	11623	691.6502359963488	6442.938000000012	42.941	
1200-lilith-interiors	imazen-26-png-v3/png-v3/1200-lilith-interiors/1225_interiors_kitchen-appliances-overhead_minamiizu-japan_s23u_iso200-f1p7_20250307-112014_3000x4000.sdr.png	t3	12	20	46124	564.6262040099828	244.83399999997957	79.479	
1200-lilith-interiors	imazen-26-png-v3/png-v3/1200-lilith-interiors/1225_interiors_kitchen-appliances-overhead_minamiizu-japan_s23u_iso200-f1p7_20250307-112014_3000x4000.sdr.png	t3	12	32	26771	278.40245500556193	216.75800000001288	68.983	
1200-lilith-interiors	imazen-26-png-v3/png-v3/1200-lilith-interiors/1225_interiors_kitchen-appliances-overhead_minamiizu-japan_s23u_iso200-f1p7_20250307-112014_3000x4000.sdr.png	t3	12	44	11623	151.88746000058018	318.06999999995253	42.941	
1200-lilith-interiors	imazen-26-png-v3/png-v3/1200-lilith-interiors/1225_interiors_kitchen-appliances-overhead_minamiizu-japan_s23u_iso200-f1p7_20250307-112014_3000x4000.sdr.png	t4	-1	20	39594	5432.414524999331	34491.137	DEC-ERR	
1200-lilith-interiors	imazen-26-png-v3/png-v3/1200-lilith-interiors/1225_interiors_kitchen-appliances-overhead_minamiizu-japan_s23u_iso200-f1p7_20250307-112014_3000x4000.sdr.png	t4	-1	32	21458	7617.6084780017845	43883.10399999995	DEC-ERR	
1200-lilith-interiors	imazen-26-png-v3/png-v3/1200-lilith-interiors/1225_interiors_kitchen-appliances-overhead_minamiizu-japan_s23u_iso200-f1p7_20250307-112014_3000x4000.sdr.png	t4	-1	44	9002	7609.469892006018	51621.634999999966	DEC-ERR	
1200-lilith-interiors	imazen-26-png-v3/png-v3/1200-lilith-interiors/1225_interiors_kitchen-appliances-overhead_minamiizu-japan_s23u_iso200-f1p7_20250307-112014_3000x4000.sdr.png	t4	2	20	40047	912.410432996694	7020.707999999995	79.399	
1200-lilith-interiors	imazen-26-png-v3/png-v3/1200-lilith-interiors/1225_interiors_kitchen-appliances-overhead_minamiizu-japan_s23u_iso200-f1p7_20250307-112014_3000x4000.sdr.png	t4	2	32	21899	985.0717850058572	7889.535000000005	67.713	
1200-lilith-interiors	imazen-26-png-v3/png-v3/1200-lilith-interiors/1225_interiors_kitchen-appliances-overhead_minamiizu-japan_s23u_iso200-f1p7_20250307-112014_3000x4000.sdr.png	t4	2	44	8793	1039.460895000957	8679.570000000016	41.695	
1200-lilith-interiors	imazen-26-png-v3/png-v3/1200-lilith-interiors/1225_interiors_kitchen-appliances-overhead_minamiizu-japan_s23u_iso200-f1p7_20250307-112014_3000x4000.sdr.png	t4	4	20	40642	400.3161119908327	383.224000000034	79.376	
1200-lilith-interiors	imazen-26-png-v3/png-v3/1200-lilith-interiors/1225_interiors_kitchen-appliances-overhead_minamiizu-japan_s23u_iso200-f1p7_20250307-112014_3000x4000.sdr.png	t4	4	32	22511	322.28784800099675	915.2600000000391	67.842	
1200-lilith-interiors	imazen-26-png-v3/png-v3/1200-lilith-interiors/1225_interiors_kitchen-appliances-overhead_minamiizu-japan_s23u_iso200-f1p7_20250307-112014_3000x4000.sdr.png	t4	4	44	9123	250.90583600103855	567.4679999999945	41.749	
1200-lilith-interiors	imazen-26-png-v3/png-v3/1200-lilith-interiors/1225_interiors_kitchen-appliances-overhead_minamiizu-japan_s23u_iso200-f1p7_20250307-112014_3000x4000.sdr.png	t4	6	20	43066	275.90965099807363	232.24400000003698	79.304	
1200-lilith-interiors	imazen-26-png-v3/png-v3/1200-lilith-interiors/1225_interiors_kitchen-appliances-overhead_minamiizu-japan_s23u_iso200-f1p7_20250307-112014_3000x4000.sdr.png	t4	6	32	24581	290.82746199856047	305.9009999999418	68.304	
1200-lilith-interiors	imazen-26-png-v3/png-v3/1200-lilith-interiors/1225_interiors_kitchen-appliances-overhead_minamiizu-japan_s23u_iso200-f1p7_20250307-112014_3000x4000.sdr.png	t4	6	44	10413	268.45410199894104	443.99400000002487	41.606	
1200-lilith-interiors	imazen-26-png-v3/png-v3/1200-lilith-interiors/1225_interiors_kitchen-appliances-overhead_minamiizu-japan_s23u_iso200-f1p7_20250307-112014_3000x4000.sdr.png	t4	8	20	44337	176.985133002745	199.7689999999679	78.717	
1200-lilith-interiors	imazen-26-png-v3/png-v3/1200-lilith-interiors/1225_interiors_kitchen-appliances-overhead_minamiizu-japan_s23u_iso200-f1p7_20250307-112014_3000x4000.sdr.png	t4	8	32	25736	288.64314300881233	264.5379999999875	68.010	
1200-lilith-interiors	imazen-26-png-v3/png-v3/1200-lilith-interiors/1225_interiors_kitchen-appliances-overhead_minamiizu-japan_s23u_iso200-f1p7_20250307-112014_3000x4000.sdr.png	t4	8	44	10972	277.22800499759614	278.894999999995	40.875	
1200-lilith-interiors	imazen-26-png-v3/png-v3/1200-lilith-interiors/1225_interiors_kitchen-appliances-overhead_minamiizu-japan_s23u_iso200-f1p7_20250307-112014_3000x4000.sdr.png	t4	10	20	45144	291.10831501020584	269.69899999996017	78.606	
1200-lilith-interiors	imazen-26-png-v3/png-v3/1200-lilith-interiors/1225_interiors_kitchen-appliances-overhead_minamiizu-japan_s23u_iso200-f1p7_20250307-112014_3000x4000.sdr.png	t4	10	32	25868	235.97470100503415	255.96399999998098	66.811	
1200-lilith-interiors	imazen-26-png-v3/png-v3/1200-lilith-interiors/1225_interiors_kitchen-appliances-overhead_minamiizu-japan_s23u_iso200-f1p7_20250307-112014_3000x4000.sdr.png	t4	10	44	10958	154.55386400572024	150.8789999999678	39.125	
1200-lilith-interiors	imazen-26-png-v3/png-v3/1200-lilith-interiors/1225_interiors_kitchen-appliances-overhead_minamiizu-japan_s23u_iso200-f1p7_20250307-112014_3000x4000.sdr.png	t4	12	20	45144	179.8101280000992	237.44699999998886	78.606	
1200-lilith-interiors	imazen-26-png-v3/png-v3/1200-lilith-interiors/1225_interiors_kitchen-appliances-overhead_minamiizu-japan_s23u_iso200-f1p7_20250307-112014_3000x4000.sdr.png	t4	12	32	25868	173.48960500385147	144.3660000000513	66.811	
1200-lilith-interiors	imazen-26-png-v3/png-v3/1200-lilith-interiors/1225_interiors_kitchen-appliances-overhead_minamiizu-japan_s23u_iso200-f1p7_20250307-112014_3000x4000.sdr.png	t4	12	44	10958	446.06682800804265	7061.591999999983	39.125	
1200-lilith-interiors	imazen-26-png-v3/png-v3/1200-lilith-interiors/1225_interiors_kitchen-appliances-overhead_minamiizu-japan_s23u_iso200-f1p7_20250307-112014_3000x4000.sdr.png	st	-1	20	32618	4974.347548006335	47436.93099999998	DEC-ERR	
1200-lilith-interiors	imazen-26-png-v3/png-v3/1200-lilith-interiors/1225_interiors_kitchen-appliances-overhead_minamiizu-japan_s23u_iso200-f1p7_20250307-112014_3000x4000.sdr.png	st	-1	32	15819	6508.6804379971	54380.421999999984	DEC-ERR	
1200-lilith-interiors	imazen-26-png-v3/png-v3/1200-lilith-interiors/1225_interiors_kitchen-appliances-overhead_minamiizu-japan_s23u_iso200-f1p7_20250307-112014_3000x4000.sdr.png	st	-1	44	6710	5918.53006000747	47372.356	DEC-ERR	
1200-lilith-interiors	imazen-26-png-v3/png-v3/1200-lilith-interiors/1225_interiors_kitchen-appliances-overhead_minamiizu-japan_s23u_iso200-f1p7_20250307-112014_3000x4000.sdr.png	st	2	20	32933	874.1450829984387	9957.859999999975	76.111	
1200-lilith-interiors	imazen-26-png-v3/png-v3/1200-lilith-interiors/1225_interiors_kitchen-appliances-overhead_minamiizu-japan_s23u_iso200-f1p7_20250307-112014_3000x4000.sdr.png	st	2	32	15684	850.7563449966256	10549.800000000023	59.538	
1200-lilith-interiors	imazen-26-png-v3/png-v3/1200-lilith-interiors/1225_interiors_kitchen-appliances-overhead_minamiizu-japan_s23u_iso200-f1p7_20250307-112014_3000x4000.sdr.png	st	2	44	6385	763.1087030022172	9022.29200000001	29.106	
1200-lilith-interiors	imazen-26-png-v3/png-v3/1200-lilith-interiors/1225_interiors_kitchen-appliances-overhead_minamiizu-japan_s23u_iso200-f1p7_20250307-112014_3000x4000.sdr.png	st	4	20	33478	307.8898950043367	7750.2099999999955	75.902	
1200-lilith-interiors	imazen-26-png-v3/png-v3/1200-lilith-interiors/1225_interiors_kitchen-appliances-overhead_minamiizu-japan_s23u_iso200-f1p7_20250307-112014_3000x4000.sdr.png	st	4	32	16122	307.9484359914204	612.7220000000193	59.224	
1200-lilith-interiors	imazen-26-png-v3/png-v3/1200-lilith-interiors/1225_interiors_kitchen-appliances-overhead_minamiizu-japan_s23u_iso200-f1p7_20250307-112014_3000x4000.sdr.png	st	4	44	6696	280.3295350022381	819.3040000000025	28.778	
1200-lilith-interiors	imazen-26-png-v3/png-v3/1200-lilith-interiors/1225_interiors_kitchen-appliances-overhead_minamiizu-japan_s23u_iso200-f1p7_20250307-112014_3000x4000.sdr.png	st	6	20	35885	260.6526260060491	193.23500000004046	75.893	
1200-lilith-interiors	imazen-26-png-v3/png-v3/1200-lilith-interiors/1225_interiors_kitchen-appliances-overhead_minamiizu-japan_s23u_iso200-f1p7_20250307-112014_3000x4000.sdr.png	st	6	32	17858	281.9746489985846	220.79900000002084	59.285	
1200-lilith-interiors	imazen-26-png-v3/png-v3/1200-lilith-interiors/1225_interiors_kitchen-appliances-overhead_minamiizu-japan_s23u_iso200-f1p7_20250307-112014_3000x4000.sdr.png	st	6	44	7668	226.08106200641487	316.4019999999646	28.346	
1200-lilith-interiors	imazen-26-png-v3/png-v3/1200-lilith-interiors/1225_interiors_kitchen-appliances-overhead_minamiizu-japan_s23u_iso200-f1p7_20250307-112014_3000x4000.sdr.png	st	8	20	36814	440.2024610026274	5590.887000000045	74.982	
1200-lilith-interiors	imazen-26-png-v3/png-v3/1200-lilith-interiors/1225_interiors_kitchen-appliances-overhead_minamiizu-japan_s23u_iso200-f1p7_20250307-112014_3000x4000.sdr.png	st	8	32	18645	362.5931930000661	300.41199999998014	58.590	
1200-lilith-interiors	imazen-26-png-v3/png-v3/1200-lilith-interiors/1225_interiors_kitchen-appliances-overhead_minamiizu-japan_s23u_iso200-f1p7_20250307-112014_3000x4000.sdr.png	st	8	44	7965	465.5651270004455	425.3630000000221	26.121	
1200-lilith-interiors	imazen-26-png-v3/png-v3/1200-lilith-interiors/1225_interiors_kitchen-appliances-overhead_minamiizu-japan_s23u_iso200-f1p7_20250307-112014_3000x4000.sdr.png	st	10	20	37476	221.34174099483062	458.6349999999797	74.860	
1200-lilith-interiors	imazen-26-png-v3/png-v3/1200-lilith-interiors/1225_interiors_kitchen-appliances-overhead_minamiizu-japan_s23u_iso200-f1p7_20250307-112014_3000x4000.sdr.png	st	10	32	18935	309.7672000003513	521.6110000000285	58.579	
1200-lilith-interiors	imazen-26-png-v3/png-v3/1200-lilith-interiors/1225_interiors_kitchen-appliances-overhead_minamiizu-japan_s23u_iso200-f1p7_20250307-112014_3000x4000.sdr.png	st	10	44	8108	207.05513899156358	231.31700000001487	26.083	
1200-lilith-interiors	imazen-26-png-v3/png-v3/1200-lilith-interiors/1225_interiors_kitchen-appliances-overhead_minamiizu-japan_s23u_iso200-f1p7_20250307-112014_3000x4000.sdr.png	st	12	20	37476	196.5187600144418	124.35300000000993	74.860	
1200-lilith-interiors	imazen-26-png-v3/png-v3/1200-lilith-interiors/1225_interiors_kitchen-appliances-overhead_minamiizu-japan_s23u_iso200-f1p7_20250307-112014_3000x4000.sdr.png	st	12	32	18935	467.6529220014345	147.27000000000245	58.579	
1200-lilith-interiors	imazen-26-png-v3/png-v3/1200-lilith-interiors/1225_interiors_kitchen-appliances-overhead_minamiizu-japan_s23u_iso200-f1p7_20250307-112014_3000x4000.sdr.png	st	12	44	8108	491.1641920043621	286.6019999999949	26.083	
1400-lilith-nature	imazen-26-png-v3/png-v3/1400-lilith-nature/1510_nature_purple-iris-flowers_colorado_ip8plus_iso40-f2p8_img-0803_3024x4032.sdr.png	t1	-1	20	15308	3466.817741005798	42947.171000000024	76.620	
1400-lilith-nature	imazen-26-png-v3/png-v3/1400-lilith-nature/1510_nature_purple-iris-flowers_colorado_ip8plus_iso40-f2p8_img-0803_3024x4032.sdr.png	t1	-1	32	6671	3318.465604010271	39434.28100000001	62.018	
1400-lilith-nature	imazen-26-png-v3/png-v3/1400-lilith-nature/1510_nature_purple-iris-flowers_colorado_ip8plus_iso40-f2p8_img-0803_3024x4032.sdr.png	t1	-1	44	3244	4026.495618003537	47314.216	35.255	
1400-lilith-nature	imazen-26-png-v3/png-v3/1400-lilith-nature/1510_nature_purple-iris-flowers_colorado_ip8plus_iso40-f2p8_img-0803_3024x4032.sdr.png	t1	2	20	14639	429.0796080022119	533.4389999999978	75.214	
1400-lilith-nature	imazen-26-png-v3/png-v3/1400-lilith-nature/1510_nature_purple-iris-flowers_colorado_ip8plus_iso40-f2p8_img-0803_3024x4032.sdr.png	t1	2	32	6437	471.79815400158986	16216.138000000015	60.261	
1400-lilith-nature	imazen-26-png-v3/png-v3/1400-lilith-nature/1510_nature_purple-iris-flowers_colorado_ip8plus_iso40-f2p8_img-0803_3024x4032.sdr.png	t1	2	44	3113	615.1624780031852	16959.647999999936	31.824	
1400-lilith-nature	imazen-26-png-v3/png-v3/1400-lilith-nature/1510_nature_purple-iris-flowers_colorado_ip8plus_iso40-f2p8_img-0803_3024x4032.sdr.png	t1	4	20	14798	232.2078569995938	8142.538000000023	75.118	
1400-lilith-nature	imazen-26-png-v3/png-v3/1400-lilith-nature/1510_nature_purple-iris-flowers_colorado_ip8plus_iso40-f2p8_img-0803_3024x4032.sdr.png	t1	4	32	6419	321.38115700217895	8778.490999999949	58.765	
1400-lilith-nature	imazen-26-png-v3/png-v3/1400-lilith-nature/1510_nature_purple-iris-flowers_colorado_ip8plus_iso40-f2p8_img-0803_3024x4032.sdr.png	t1	4	44	3143	348.33621699362993	1018.9679999999761	29.966	
1400-lilith-nature	imazen-26-png-v3/png-v3/1400-lilith-nature/1510_nature_purple-iris-flowers_colorado_ip8plus_iso40-f2p8_img-0803_3024x4032.sdr.png	t1	6	20	15363	262.04721500107553	424.55799999997623	75.212	
1400-lilith-nature	imazen-26-png-v3/png-v3/1400-lilith-nature/1510_nature_purple-iris-flowers_colorado_ip8plus_iso40-f2p8_img-0803_3024x4032.sdr.png	t1	6	32	6777	267.4556569982087	5087.661999999995	59.395	
1400-lilith-nature	imazen-26-png-v3/png-v3/1400-lilith-nature/1510_nature_purple-iris-flowers_colorado_ip8plus_iso40-f2p8_img-0803_3024x4032.sdr.png	t1	6	44	3237	280.88698400824796	313.27000000004193	29.275	
1400-lilith-nature	imazen-26-png-v3/png-v3/1400-lilith-nature/1510_nature_purple-iris-flowers_colorado_ip8plus_iso40-f2p8_img-0803_3024x4032.sdr.png	t1	8	20	15376	193.43327000387944	158.11300000001083	74.164	
1400-lilith-nature	imazen-26-png-v3/png-v3/1400-lilith-nature/1510_nature_purple-iris-flowers_colorado_ip8plus_iso40-f2p8_img-0803_3024x4032.sdr.png	t1	8	32	6940	143.56529599172063	236.6959999999736	58.408	
1400-lilith-nature	imazen-26-png-v3/png-v3/1400-lilith-nature/1510_nature_purple-iris-flowers_colorado_ip8plus_iso40-f2p8_img-0803_3024x4032.sdr.png	t1	8	44	3301	191.34152799961157	223.26100000004345	26.808	
1400-lilith-nature	imazen-26-png-v3/png-v3/1400-lilith-nature/1510_nature_purple-iris-flowers_colorado_ip8plus_iso40-f2p8_img-0803_3024x4032.sdr.png	t1	10	20	15989	362.10896300326567	174.53699999997596	74.509	
1400-lilith-nature	imazen-26-png-v3/png-v3/1400-lilith-nature/1510_nature_purple-iris-flowers_colorado_ip8plus_iso40-f2p8_img-0803_3024x4032.sdr.png	t1	10	32	7079	437.8269890003139	254.56000000002987	57.701	
1400-lilith-nature	imazen-26-png-v3/png-v3/1400-lilith-nature/1510_nature_purple-iris-flowers_colorado_ip8plus_iso40-f2p8_img-0803_3024x4032.sdr.png	t1	10	44	3313	277.02976900036447	6225.511999999962	25.078	
1400-lilith-nature	imazen-26-png-v3/png-v3/1400-lilith-nature/1510_nature_purple-iris-flowers_colorado_ip8plus_iso40-f2p8_img-0803_3024x4032.sdr.png	t1	12	20	15989	203.7902089941781	259.1829999999966	74.509	
1400-lilith-nature	imazen-26-png-v3/png-v3/1400-lilith-nature/1510_nature_purple-iris-flowers_colorado_ip8plus_iso40-f2p8_img-0803_3024x4032.sdr.png	t1	12	32	7079	181.71485599305015	228.02199999997086	57.701	
1400-lilith-nature	imazen-26-png-v3/png-v3/1400-lilith-nature/1510_nature_purple-iris-flowers_colorado_ip8plus_iso40-f2p8_img-0803_3024x4032.sdr.png	t1	12	44	3313	267.0855640026275	252.51800000001623	25.078	
1400-lilith-nature	imazen-26-png-v3/png-v3/1400-lilith-nature/1510_nature_purple-iris-flowers_colorado_ip8plus_iso40-f2p8_img-0803_3024x4032.sdr.png	t2	-1	20	14840	3258.868482997059	27024.963000000032	76.965	
1400-lilith-nature	imazen-26-png-v3/png-v3/1400-lilith-nature/1510_nature_purple-iris-flowers_colorado_ip8plus_iso40-f2p8_img-0803_3024x4032.sdr.png	t2	-1	32	6450	3185.915727997781	17439.64900000003	61.593	
1400-lilith-nature	imazen-26-png-v3/png-v3/1400-lilith-nature/1510_nature_purple-iris-flowers_colorado_ip8plus_iso40-f2p8_img-0803_3024x4032.sdr.png	t2	-1	44	3180	4111.072618994513	18253.226999999988	35.330	
1400-lilith-nature	imazen-26-png-v3/png-v3/1400-lilith-nature/1510_nature_purple-iris-flowers_colorado_ip8plus_iso40-f2p8_img-0803_3024x4032.sdr.png	t2	2	20	14020	521.8137289921287	512.187999999977	75.257	
1400-lilith-nature	imazen-26-png-v3/png-v3/1400-lilith-nature/1510_nature_purple-iris-flowers_colorado_ip8plus_iso40-f2p8_img-0803_3024x4032.sdr.png	t2	2	32	6157	540.8290710038273	5126.313999999983	59.667	
1400-lilith-nature	imazen-26-png-v3/png-v3/1400-lilith-nature/1510_nature_purple-iris-flowers_colorado_ip8plus_iso40-f2p8_img-0803_3024x4032.sdr.png	t2	2	44	2966	561.1482389940647	6097.645000000007	30.258	
1400-lilith-nature	imazen-26-png-v3/png-v3/1400-lilith-nature/1510_nature_purple-iris-flowers_colorado_ip8plus_iso40-f2p8_img-0803_3024x4032.sdr.png	t2	4	20	14187	471.2642900121864	5491.370999999979	74.989	
1400-lilith-nature	imazen-26-png-v3/png-v3/1400-lilith-nature/1510_nature_purple-iris-flowers_colorado_ip8plus_iso40-f2p8_img-0803_3024x4032.sdr.png	t2	4	32	6214	369.1276919998927	4818.893000000006	59.323	
1400-lilith-nature	imazen-26-png-v3/png-v3/1400-lilith-nature/1510_nature_purple-iris-flowers_colorado_ip8plus_iso40-f2p8_img-0803_3024x4032.sdr.png	t2	4	44	2991	343.0996520037297	4587.626999999944	29.141	
1400-lilith-nature	imazen-26-png-v3/png-v3/1400-lilith-nature/1510_nature_purple-iris-flowers_colorado_ip8plus_iso40-f2p8_img-0803_3024x4032.sdr.png	t2	6	20	14740	277.2855040093418	728.6880000000231	75.203	
1400-lilith-nature	imazen-26-png-v3/png-v3/1400-lilith-nature/1510_nature_purple-iris-flowers_colorado_ip8plus_iso40-f2p8_img-0803_3024x4032.sdr.png	t2	6	32	6519	454.81209599529393	447.3920000000007	59.248	
1400-lilith-nature	imazen-26-png-v3/png-v3/1400-lilith-nature/1510_nature_purple-iris-flowers_colorado_ip8plus_iso40-f2p8_img-0803_3024x4032.sdr.png	t2	6	44	3110	403.4218000015244	286.51900000001615	28.684	
1400-lilith-nature	imazen-26-png-v3/png-v3/1400-lilith-nature/1510_nature_purple-iris-flowers_colorado_ip8plus_iso40-f2p8_img-0803_3024x4032.sdr.png	t2	8	20	14865	355.7014639955014	394.7459999999694	74.374	
1400-lilith-nature	imazen-26-png-v3/png-v3/1400-lilith-nature/1510_nature_purple-iris-flowers_colorado_ip8plus_iso40-f2p8_img-0803_3024x4032.sdr.png	t2	8	32	6672	401.4598439971451	400.56400000003475	58.010	
1400-lilith-nature	imazen-26-png-v3/png-v3/1400-lilith-nature/1510_nature_purple-iris-flowers_colorado_ip8plus_iso40-f2p8_img-0803_3024x4032.sdr.png	t2	8	44	3187	319.72150500223506	150.1050000000106	26.225	
1400-lilith-nature	imazen-26-png-v3/png-v3/1400-lilith-nature/1510_nature_purple-iris-flowers_colorado_ip8plus_iso40-f2p8_img-0803_3024x4032.sdr.png	t2	10	20	15318	322.64881298760884	369.4979999999823	74.458	
1400-lilith-nature	imazen-26-png-v3/png-v3/1400-lilith-nature/1510_nature_purple-iris-flowers_colorado_ip8plus_iso40-f2p8_img-0803_3024x4032.sdr.png	t2	10	32	6772	385.31701800820883	112.56499999996095	57.243	
1400-lilith-nature	imazen-26-png-v3/png-v3/1400-lilith-nature/1510_nature_purple-iris-flowers_colorado_ip8plus_iso40-f2p8_img-0803_3024x4032.sdr.png	t2	10	44	3206	242.72075299813878	143.45199999997504	24.369	
1400-lilith-nature	imazen-26-png-v3/png-v3/1400-lilith-nature/1510_nature_purple-iris-flowers_colorado_ip8plus_iso40-f2p8_img-0803_3024x4032.sdr.png	t2	12	20	15318	165.91491000144742	315.4510000000066	74.458	
1400-lilith-nature	imazen-26-png-v3/png-v3/1400-lilith-nature/1510_nature_purple-iris-flowers_colorado_ip8plus_iso40-f2p8_img-0803_3024x4032.sdr.png	t2	12	32	6772	222.44805199443363	6606.485000000035	57.243	
1400-lilith-nature	imazen-26-png-v3/png-v3/1400-lilith-nature/1510_nature_purple-iris-flowers_colorado_ip8plus_iso40-f2p8_img-0803_3024x4032.sdr.png	t2	12	44	3206	151.22225700179115	6531.292999999959	24.369	
1400-lilith-nature	imazen-26-png-v3/png-v3/1400-lilith-nature/1510_nature_purple-iris-flowers_colorado_ip8plus_iso40-f2p8_img-0803_3024x4032.sdr.png	t3	-1	20	24740	4958.399310999084	18278.027999999962	DEC-ERR	
1400-lilith-nature	imazen-26-png-v3/png-v3/1400-lilith-nature/1510_nature_purple-iris-flowers_colorado_ip8plus_iso40-f2p8_img-0803_3024x4032.sdr.png	t3	-1	32	14132	5271.184301993344	25442.821999999956	DEC-ERR	
1400-lilith-nature	imazen-26-png-v3/png-v3/1400-lilith-nature/1510_nature_purple-iris-flowers_colorado_ip8plus_iso40-f2p8_img-0803_3024x4032.sdr.png	t3	-1	44	6231	4302.435947000049	13339.565000000004	DEC-ERR	
1400-lilith-nature	imazen-26-png-v3/png-v3/1400-lilith-nature/1510_nature_purple-iris-flowers_colorado_ip8plus_iso40-f2p8_img-0803_3024x4032.sdr.png	t3	2	20	24469	958.8720589963486	4704.170000000026	83.084	
1400-lilith-nature	imazen-26-png-v3/png-v3/1400-lilith-nature/1510_nature_purple-iris-flowers_colorado_ip8plus_iso40-f2p8_img-0803_3024x4032.sdr.png	t3	2	32	13589	759.6250579954358	6970.956000000012	75.035	
1400-lilith-nature	imazen-26-png-v3/png-v3/1400-lilith-nature/1510_nature_purple-iris-flowers_colorado_ip8plus_iso40-f2p8_img-0803_3024x4032.sdr.png	t3	2	44	5596	665.902107997681	2314.3980000000256	55.773	
1400-lilith-nature	imazen-26-png-v3/png-v3/1400-lilith-nature/1510_nature_purple-iris-flowers_colorado_ip8plus_iso40-f2p8_img-0803_3024x4032.sdr.png	t3	4	20	25283	282.78966699144803	1349.3309999999924	83.442	
1400-lilith-nature	imazen-26-png-v3/png-v3/1400-lilith-nature/1510_nature_purple-iris-flowers_colorado_ip8plus_iso40-f2p8_img-0803_3024x4032.sdr.png	t3	4	32	14087	251.44276599166915	947.2200000000015	75.297	
1400-lilith-nature	imazen-26-png-v3/png-v3/1400-lilith-nature/1510_nature_purple-iris-flowers_colorado_ip8plus_iso40-f2p8_img-0803_3024x4032.sdr.png	t3	4	44	5871	250.76224400254432	1624.9449999999931	56.591	
1400-lilith-nature	imazen-26-png-v3/png-v3/1400-lilith-nature/1510_nature_purple-iris-flowers_colorado_ip8plus_iso40-f2p8_img-0803_3024x4032.sdr.png	t3	6	20	26127	193.64224700257182	1010.7909999999514	83.453	
1400-lilith-nature	imazen-26-png-v3/png-v3/1400-lilith-nature/1510_nature_purple-iris-flowers_colorado_ip8plus_iso40-f2p8_img-0803_3024x4032.sdr.png	t3	6	32	14845	163.24576099577826	991.9210000000191	75.862	
1400-lilith-nature	imazen-26-png-v3/png-v3/1400-lilith-nature/1510_nature_purple-iris-flowers_colorado_ip8plus_iso40-f2p8_img-0803_3024x4032.sdr.png	t3	6	44	6245	351.66977799963206	1319.2629999999817	56.963	
1400-lilith-nature	imazen-26-png-v3/png-v3/1400-lilith-nature/1510_nature_purple-iris-flowers_colorado_ip8plus_iso40-f2p8_img-0803_3024x4032.sdr.png	t3	8	20	27788	167.15963299793657	122.89099999998143	83.233	
1400-lilith-nature	imazen-26-png-v3/png-v3/1400-lilith-nature/1510_nature_purple-iris-flowers_colorado_ip8plus_iso40-f2p8_img-0803_3024x4032.sdr.png	t3	8	32	15994	194.5033319934737	254.421000000022	75.987	
1400-lilith-nature	imazen-26-png-v3/png-v3/1400-lilith-nature/1510_nature_purple-iris-flowers_colorado_ip8plus_iso40-f2p8_img-0803_3024x4032.sdr.png	t3	8	44	6816	194.52866099891253	254.421000000022	57.713	
1400-lilith-nature	imazen-26-png-v3/png-v3/1400-lilith-nature/1510_nature_purple-iris-flowers_colorado_ip8plus_iso40-f2p8_img-0803_3024x4032.sdr.png	t3	10	20	28053	300.6677800003672	646.9820000000226	83.302	
1400-lilith-nature	imazen-26-png-v3/png-v3/1400-lilith-nature/1510_nature_purple-iris-flowers_colorado_ip8plus_iso40-f2p8_img-0803_3024x4032.sdr.png	t3	10	32	16242	243.7058430077741	472.3080000000017	76.067	
1400-lilith-nature	imazen-26-png-v3/png-v3/1400-lilith-nature/1510_nature_purple-iris-flowers_colorado_ip8plus_iso40-f2p8_img-0803_3024x4032.sdr.png	t3	10	44	6926	228.19800200522877	472.3080000000017	57.201	
1400-lilith-nature	imazen-26-png-v3/png-v3/1400-lilith-nature/1510_nature_purple-iris-flowers_colorado_ip8plus_iso40-f2p8_img-0803_3024x4032.sdr.png	t3	12	20	28053	179.50239400670398	353.44300000003415	83.302	
1400-lilith-nature	imazen-26-png-v3/png-v3/1400-lilith-nature/1510_nature_purple-iris-flowers_colorado_ip8plus_iso40-f2p8_img-0803_3024x4032.sdr.png	t3	12	32	16242	147.9857109952718	129.33999999997425	76.067	
1400-lilith-nature	imazen-26-png-v3/png-v3/1400-lilith-nature/1510_nature_purple-iris-flowers_colorado_ip8plus_iso40-f2p8_img-0803_3024x4032.sdr.png	t3	12	44	6926	382.75587299722247	150.62799999999754	57.201	
1400-lilith-nature	imazen-26-png-v3/png-v3/1400-lilith-nature/1510_nature_purple-iris-flowers_colorado_ip8plus_iso40-f2p8_img-0803_3024x4032.sdr.png	t4	-1	20	22119	4469.925248005893	23733.463000000072	DEC-ERR	
1400-lilith-nature	imazen-26-png-v3/png-v3/1400-lilith-nature/1510_nature_purple-iris-flowers_colorado_ip8plus_iso40-f2p8_img-0803_3024x4032.sdr.png	t4	-1	32	12085	4621.82129600842	30172.612999999976	DEC-ERR	
1400-lilith-nature	imazen-26-png-v3/png-v3/1400-lilith-nature/1510_nature_purple-iris-flowers_colorado_ip8plus_iso40-f2p8_img-0803_3024x4032.sdr.png	t4	-1	44	5860	4632.226956993691	34703.732000000084	DEC-ERR	
1400-lilith-nature	imazen-26-png-v3/png-v3/1400-lilith-nature/1510_nature_purple-iris-flowers_colorado_ip8plus_iso40-f2p8_img-0803_3024x4032.sdr.png	t4	2	20	22728	768.0501470022136	10719.607000000018	81.781	
1400-lilith-nature	imazen-26-png-v3/png-v3/1400-lilith-nature/1510_nature_purple-iris-flowers_colorado_ip8plus_iso40-f2p8_img-0803_3024x4032.sdr.png	t4	2	32	11877	753.8390300032916	10685.023000000037	72.739	
1400-lilith-nature	imazen-26-png-v3/png-v3/1400-lilith-nature/1510_nature_purple-iris-flowers_colorado_ip8plus_iso40-f2p8_img-0803_3024x4032.sdr.png	t4	2	44	5307	758.8589829974808	11376.668000000001	54.698	
1400-lilith-nature	imazen-26-png-v3/png-v3/1400-lilith-nature/1510_nature_purple-iris-flowers_colorado_ip8plus_iso40-f2p8_img-0803_3024x4032.sdr.png	t4	4	20	23297	236.26910999882966	305.4379999999881	81.760	
1400-lilith-nature	imazen-26-png-v3/png-v3/1400-lilith-nature/1510_nature_purple-iris-flowers_colorado_ip8plus_iso40-f2p8_img-0803_3024x4032.sdr.png	t4	4	32	12072	239.78885399992578	696.0759999999731	72.308	
1400-lilith-nature	imazen-26-png-v3/png-v3/1400-lilith-nature/1510_nature_purple-iris-flowers_colorado_ip8plus_iso40-f2p8_img-0803_3024x4032.sdr.png	t4	4	44	5483	223.7343349988805	661.9200000000234	54.483	
1400-lilith-nature	imazen-26-png-v3/png-v3/1400-lilith-nature/1510_nature_purple-iris-flowers_colorado_ip8plus_iso40-f2p8_img-0803_3024x4032.sdr.png	t4	6	20	23965	377.83440700150095	5916.429999999984	81.718	
1400-lilith-nature	imazen-26-png-v3/png-v3/1400-lilith-nature/1510_nature_purple-iris-flowers_colorado_ip8plus_iso40-f2p8_img-0803_3024x4032.sdr.png	t4	6	32	12532	363.6074789974373	228.5789999999821	72.706	
1400-lilith-nature	imazen-26-png-v3/png-v3/1400-lilith-nature/1510_nature_purple-iris-flowers_colorado_ip8plus_iso40-f2p8_img-0803_3024x4032.sdr.png	t4	6	44	5800	422.60199500015005	5545.048000000015	54.774	
1400-lilith-nature	imazen-26-png-v3/png-v3/1400-lilith-nature/1510_nature_purple-iris-flowers_colorado_ip8plus_iso40-f2p8_img-0803_3024x4032.sdr.png	t4	8	20	25328	294.9060569953872	5380.815000000048	81.403	
1400-lilith-nature	imazen-26-png-v3/png-v3/1400-lilith-nature/1510_nature_purple-iris-flowers_colorado_ip8plus_iso40-f2p8_img-0803_3024x4032.sdr.png	t4	8	32	12887	190.63809199724346	242.8650000000374	72.571	
1400-lilith-nature	imazen-26-png-v3/png-v3/1400-lilith-nature/1510_nature_purple-iris-flowers_colorado_ip8plus_iso40-f2p8_img-0803_3024x4032.sdr.png	t4	8	44	6222	354.11155498877633	148.83599999994246	55.014	
1400-lilith-nature	imazen-26-png-v3/png-v3/1400-lilith-nature/1510_nature_purple-iris-flowers_colorado_ip8plus_iso40-f2p8_img-0803_3024x4032.sdr.png	t4	10	20	26341	152.56790300190914	293.6470000000462	81.962	
1400-lilith-nature	imazen-26-png-v3/png-v3/1400-lilith-nature/1510_nature_purple-iris-flowers_colorado_ip8plus_iso40-f2p8_img-0803_3024x4032.sdr.png	t4	10	32	15007	150.0318670005072	362.5099999999435	74.305	
1400-lilith-nature	imazen-26-png-v3/png-v3/1400-lilith-nature/1510_nature_purple-iris-flowers_colorado_ip8plus_iso40-f2p8_img-0803_3024x4032.sdr.png	t4	10	44	6108	188.5338559950469	593.7150000000245	54.336	
1400-lilith-nature	imazen-26-png-v3/png-v3/1400-lilith-nature/1510_nature_purple-iris-flowers_colorado_ip8plus_iso40-f2p8_img-0803_3024x4032.sdr.png	t4	12	20	26341	172.6002859941218	486.19100000001225	81.962	
1400-lilith-nature	imazen-26-png-v3/png-v3/1400-lilith-nature/1510_nature_purple-iris-flowers_colorado_ip8plus_iso40-f2p8_img-0803_3024x4032.sdr.png	t4	12	32	15007	153.4664789942326	673.9979999999797	74.305	
1400-lilith-nature	imazen-26-png-v3/png-v3/1400-lilith-nature/1510_nature_purple-iris-flowers_colorado_ip8plus_iso40-f2p8_img-0803_3024x4032.sdr.png	t4	12	44	6108	132.69309799943585	523.2330000000474	54.336	
1400-lilith-nature	imazen-26-png-v3/png-v3/1400-lilith-nature/1510_nature_purple-iris-flowers_colorado_ip8plus_iso40-f2p8_img-0803_3024x4032.sdr.png	st	-1	20	21185	4321.259847012698	22791.286999999975	DEC-ERR	
1400-lilith-nature	imazen-26-png-v3/png-v3/1400-lilith-nature/1510_nature_purple-iris-flowers_colorado_ip8plus_iso40-f2p8_img-0803_3024x4032.sdr.png	st	-1	32	10942	4572.758560010698	31854.335999999963	DEC-ERR	
1400-lilith-nature	imazen-26-png-v3/png-v3/1400-lilith-nature/1510_nature_purple-iris-flowers_colorado_ip8plus_iso40-f2p8_img-0803_3024x4032.sdr.png	st	-1	44	4715	3653.4497960092267	25865.80100000005	DEC-ERR	
1400-lilith-nature	imazen-26-png-v3/png-v3/1400-lilith-nature/1510_nature_purple-iris-flowers_colorado_ip8plus_iso40-f2p8_img-0803_3024x4032.sdr.png	st	2	20	20752	653.7822329992196	6873.973999999933	81.209	
1400-lilith-nature	imazen-26-png-v3/png-v3/1400-lilith-nature/1510_nature_purple-iris-flowers_colorado_ip8plus_iso40-f2p8_img-0803_3024x4032.sdr.png	st	2	32	10207	642.2056469891686	6838.981999999931	69.754	
1400-lilith-nature	imazen-26-png-v3/png-v3/1400-lilith-nature/1510_nature_purple-iris-flowers_colorado_ip8plus_iso40-f2p8_img-0803_3024x4032.sdr.png	st	2	44	4289	576.7094129987527	5686.24399999997	45.790	
1400-lilith-nature	imazen-26-png-v3/png-v3/1400-lilith-nature/1510_nature_purple-iris-flowers_colorado_ip8plus_iso40-f2p8_img-0803_3024x4032.sdr.png	st	4	20	21420	261.0638479964109	710.2559999999762	81.062	
1400-lilith-nature	imazen-26-png-v3/png-v3/1400-lilith-nature/1510_nature_purple-iris-flowers_colorado_ip8plus_iso40-f2p8_img-0803_3024x4032.sdr.png	st	4	32	10563	239.85927799367346	440.71199999994093	69.858	
1400-lilith-nature	imazen-26-png-v3/png-v3/1400-lilith-nature/1510_nature_purple-iris-flowers_colorado_ip8plus_iso40-f2p8_img-0803_3024x4032.sdr.png	st	4	44	4464	182.19004799902905	182.0010000000707	46.350	
1400-lilith-nature	imazen-26-png-v3/png-v3/1400-lilith-nature/1510_nature_purple-iris-flowers_colorado_ip8plus_iso40-f2p8_img-0803_3024x4032.sdr.png	st	6	20	22287	248.15618499997072	197.40500000006378	81.125	
1400-lilith-nature	imazen-26-png-v3/png-v3/1400-lilith-nature/1510_nature_purple-iris-flowers_colorado_ip8plus_iso40-f2p8_img-0803_3024x4032.sdr.png	st	6	32	11088	218.6382570071146	292.5999999999824	69.873	
1400-lilith-nature	imazen-26-png-v3/png-v3/1400-lilith-nature/1510_nature_purple-iris-flowers_colorado_ip8plus_iso40-f2p8_img-0803_3024x4032.sdr.png	st	6	44	4678	256.24645900097676	9239.752999999986	46.039	
1400-lilith-nature	imazen-26-png-v3/png-v3/1400-lilith-nature/1510_nature_purple-iris-flowers_colorado_ip8plus_iso40-f2p8_img-0803_3024x4032.sdr.png	st	8	20	23558	224.14954399573617	304.916999999989	80.809	
1400-lilith-nature	imazen-26-png-v3/png-v3/1400-lilith-nature/1510_nature_purple-iris-flowers_colorado_ip8plus_iso40-f2p8_img-0803_3024x4032.sdr.png	st	8	32	11904	165.13701199437492	297.17600000001454	69.687	
1400-lilith-nature	imazen-26-png-v3/png-v3/1400-lilith-nature/1510_nature_purple-iris-flowers_colorado_ip8plus_iso40-f2p8_img-0803_3024x4032.sdr.png	st	8	44	5000	277.88489300291985	665.7729999999233	45.678	
1400-lilith-nature	imazen-26-png-v3/png-v3/1400-lilith-nature/1510_nature_purple-iris-flowers_colorado_ip8plus_iso40-f2p8_img-0803_3024x4032.sdr.png	st	10	20	23795	231.88365099485964	556.7419999999643	80.811	
1400-lilith-nature	imazen-26-png-v3/png-v3/1400-lilith-nature/1510_nature_purple-iris-flowers_colorado_ip8plus_iso40-f2p8_img-0803_3024x4032.sdr.png	st	10	32	12118	174.6692449960392	301.84100000006356	69.685	
1400-lilith-nature	imazen-26-png-v3/png-v3/1400-lilith-nature/1510_nature_purple-iris-flowers_colorado_ip8plus_iso40-f2p8_img-0803_3024x4032.sdr.png	st	10	44	5123	174.55473699374124	478.7999999999819	45.120	
1400-lilith-nature	imazen-26-png-v3/png-v3/1400-lilith-nature/1510_nature_purple-iris-flowers_colorado_ip8plus_iso40-f2p8_img-0803_3024x4032.sdr.png	st	12	20	23795	184.8148429999128	378.927999999938	80.811	
1400-lilith-nature	imazen-26-png-v3/png-v3/1400-lilith-nature/1510_nature_purple-iris-flowers_colorado_ip8plus_iso40-f2p8_img-0803_3024x4032.sdr.png	st	12	32	12118	590.5199689877918	305.6209999999418	69.685	
1400-lilith-nature	imazen-26-png-v3/png-v3/1400-lilith-nature/1510_nature_purple-iris-flowers_colorado_ip8plus_iso40-f2p8_img-0803_3024x4032.sdr.png	st	12	44	5123	172.34208599256817	191.17900000000887	45.120	
1400-lilith-nature	imazen-26-png-v3/png-v3/1400-lilith-nature/1514_nature_purple-allium-flowers_colorado_ip8plus_iso20-f2p8_img-1310_3024x4032.sdr.png	t1	-1	20	19873	3896.561660003499	20718.52100000007	78.136	
1400-lilith-nature	imazen-26-png-v3/png-v3/1400-lilith-nature/1514_nature_purple-allium-flowers_colorado_ip8plus_iso20-f2p8_img-1310_3024x4032.sdr.png	t1	-1	32	10261	4562.644821009599	31722.765000000043	61.924	
1400-lilith-nature	imazen-26-png-v3/png-v3/1400-lilith-nature/1514_nature_purple-allium-flowers_colorado_ip8plus_iso20-f2p8_img-1310_3024x4032.sdr.png	t1	-1	44	4949	4454.977821005741	31682.602000000028	30.422	
1400-lilith-nature	imazen-26-png-v3/png-v3/1400-lilith-nature/1514_nature_purple-allium-flowers_colorado_ip8plus_iso20-f2p8_img-1310_3024x4032.sdr.png	t1	2	20	19520	537.4206380074611	8985.231999999985	76.612	
1400-lilith-nature	imazen-26-png-v3/png-v3/1400-lilith-nature/1514_nature_purple-allium-flowers_colorado_ip8plus_iso20-f2p8_img-1310_3024x4032.sdr.png	t1	2	32	10127	589.5337870024377	14398.452999999925	59.674	
1400-lilith-nature	imazen-26-png-v3/png-v3/1400-lilith-nature/1514_nature_purple-allium-flowers_colorado_ip8plus_iso20-f2p8_img-1310_3024x4032.sdr.png	t1	2	44	4689	584.9322580033913	14905.739000000032	22.303	
1400-lilith-nature	imazen-26-png-v3/png-v3/1400-lilith-nature/1514_nature_purple-allium-flowers_colorado_ip8plus_iso20-f2p8_img-1310_3024x4032.sdr.png	t1	4	20	19988	293.37324599327985	9518.55500000002	76.059	
1400-lilith-nature	imazen-26-png-v3/png-v3/1400-lilith-nature/1514_nature_purple-allium-flowers_colorado_ip8plus_iso20-f2p8_img-1310_3024x4032.sdr.png	t1	4	32	10221	251.8744359986158	4798.462	58.175	
1400-lilith-nature	imazen-26-png-v3/png-v3/1400-lilith-nature/1514_nature_purple-allium-flowers_colorado_ip8plus_iso20-f2p8_img-1310_3024x4032.sdr.png	t1	4	44	4765	218.265989999054	4765.020000000021	21.521	
1400-lilith-nature	imazen-26-png-v3/png-v3/1400-lilith-nature/1514_nature_purple-allium-flowers_colorado_ip8plus_iso20-f2p8_img-1310_3024x4032.sdr.png	t1	6	20	21899	127.35835700004827	283.83700000002676	76.250	
1400-lilith-nature	imazen-26-png-v3/png-v3/1400-lilith-nature/1514_nature_purple-allium-flowers_colorado_ip8plus_iso20-f2p8_img-1310_3024x4032.sdr.png	t1	6	32	11493	123.31124099728186	123.11200000005229	58.597	
1400-lilith-nature	imazen-26-png-v3/png-v3/1400-lilith-nature/1514_nature_purple-allium-flowers_colorado_ip8plus_iso20-f2p8_img-1310_3024x4032.sdr.png	t1	6	44	5200	438.2379500020761	657.2510000000591	20.667	
1400-lilith-nature	imazen-26-png-v3/png-v3/1400-lilith-nature/1514_nature_purple-allium-flowers_colorado_ip8plus_iso20-f2p8_img-1310_3024x4032.sdr.png	t1	8	20	22561	247.8271500003757	246.46799999993618	75.758	
1400-lilith-nature	imazen-26-png-v3/png-v3/1400-lilith-nature/1514_nature_purple-allium-flowers_colorado_ip8plus_iso20-f2p8_img-1310_3024x4032.sdr.png	t1	8	32	11653	158.60671100381296	316.5699999999916	57.609	
1400-lilith-nature	imazen-26-png-v3/png-v3/1400-lilith-nature/1514_nature_purple-allium-flowers_colorado_ip8plus_iso20-f2p8_img-1310_3024x4032.sdr.png	t1	8	44	5189	181.3680170016596	465.0799999999613	18.176	
1400-lilith-nature	imazen-26-png-v3/png-v3/1400-lilith-nature/1514_nature_purple-allium-flowers_colorado_ip8plus_iso20-f2p8_img-1310_3024x4032.sdr.png	t1	10	20	23329	209.09205698990263	427.5900000000661	75.493	
1400-lilith-nature	imazen-26-png-v3/png-v3/1400-lilith-nature/1514_nature_purple-allium-flowers_colorado_ip8plus_iso20-f2p8_img-1310_3024x4032.sdr.png	t1	10	32	12007	244.76857199624646	631.5020000000118	57.157	
1400-lilith-nature	imazen-26-png-v3/png-v3/1400-lilith-nature/1514_nature_purple-allium-flowers_colorado_ip8plus_iso20-f2p8_img-1310_3024x4032.sdr.png	t1	10	44	5471	187.41477000003215	591.712000000026	18.051	
1400-lilith-nature	imazen-26-png-v3/png-v3/1400-lilith-nature/1514_nature_purple-allium-flowers_colorado_ip8plus_iso20-f2p8_img-1310_3024x4032.sdr.png	t1	12	20	23329	140.0370350020239	348.92200000002305	75.493	
1400-lilith-nature	imazen-26-png-v3/png-v3/1400-lilith-nature/1514_nature_purple-allium-flowers_colorado_ip8plus_iso20-f2p8_img-1310_3024x4032.sdr.png	t1	12	32	12007	180.36925999331288	437.2959999999324	57.157	
1400-lilith-nature	imazen-26-png-v3/png-v3/1400-lilith-nature/1514_nature_purple-allium-flowers_colorado_ip8plus_iso20-f2p8_img-1310_3024x4032.sdr.png	t1	12	44	5471	437.8353960055392	108.27100000003043	18.051	
1400-lilith-nature	imazen-26-png-v3/png-v3/1400-lilith-nature/1514_nature_purple-allium-flowers_colorado_ip8plus_iso20-f2p8_img-1310_3024x4032.sdr.png	t2	-1	20	19687	3787.8670469945064	20559.69199999996	77.990	
1400-lilith-nature	imazen-26-png-v3/png-v3/1400-lilith-nature/1514_nature_purple-allium-flowers_colorado_ip8plus_iso20-f2p8_img-1310_3024x4032.sdr.png	t2	-1	32	10221	4480.323002993828	31875.129000000066	62.205	
1400-lilith-nature	imazen-26-png-v3/png-v3/1400-lilith-nature/1514_nature_purple-allium-flowers_colorado_ip8plus_iso20-f2p8_img-1310_3024x4032.sdr.png	t2	-1	44	4820	4184.2126789997565	26152.089999999876	29.527	
1400-lilith-nature	imazen-26-png-v3/png-v3/1400-lilith-nature/1514_nature_purple-allium-flowers_colorado_ip8plus_iso20-f2p8_img-1310_3024x4032.sdr.png	t2	2	20	19111	588.0104140087496	5153.392	76.225	
1400-lilith-nature	imazen-26-png-v3/png-v3/1400-lilith-nature/1514_nature_purple-allium-flowers_colorado_ip8plus_iso20-f2p8_img-1310_3024x4032.sdr.png	t2	2	32	9859	546.1485340056242	5705.969999999912	59.958	
1400-lilith-nature	imazen-26-png-v3/png-v3/1400-lilith-nature/1514_nature_purple-allium-flowers_colorado_ip8plus_iso20-f2p8_img-1310_3024x4032.sdr.png	t2	2	44	4649	588.6820390005596	6237.001999999894	23.877	
1400-lilith-nature	imazen-26-png-v3/png-v3/1400-lilith-nature/1514_nature_purple-allium-flowers_colorado_ip8plus_iso20-f2p8_img-1310_3024x4032.sdr.png	t2	4	20	19605	257.16801900125574	4387.591000000047	75.931	
1400-lilith-nature	imazen-26-png-v3/png-v3/1400-lilith-nature/1514_nature_purple-allium-flowers_colorado_ip8plus_iso20-f2p8_img-1310_3024x4032.sdr.png	t2	4	32	10033	214.64714800822549	256.15199999998595	58.695	
1400-lilith-nature	imazen-26-png-v3/png-v3/1400-lilith-nature/1514_nature_purple-allium-flowers_colorado_ip8plus_iso20-f2p8_img-1310_3024x4032.sdr.png	t2	4	44	4663	322.8263409982901	1140.0870000000082	22.102	
1400-lilith-nature	imazen-26-png-v3/png-v3/1400-lilith-nature/1514_nature_purple-allium-flowers_colorado_ip8plus_iso20-f2p8_img-1310_3024x4032.sdr.png	t2	6	20	21487	268.21504801046103	1515.1259999998956	76.299	
1400-lilith-nature	imazen-26-png-v3/png-v3/1400-lilith-nature/1514_nature_purple-allium-flowers_colorado_ip8plus_iso20-f2p8_img-1310_3024x4032.sdr.png	t2	6	32	11212	351.2684050074313	4303.718000000035	58.531	
1400-lilith-nature	imazen-26-png-v3/png-v3/1400-lilith-nature/1514_nature_purple-allium-flowers_colorado_ip8plus_iso20-f2p8_img-1310_3024x4032.sdr.png	t2	6	44	5069	471.9753910030704	288.49600000005535	20.933	
1400-lilith-nature	imazen-26-png-v3/png-v3/1400-lilith-nature/1514_nature_purple-allium-flowers_colorado_ip8plus_iso20-f2p8_img-1310_3024x4032.sdr.png	t2	8	20	22066	337.1582289983053	253.85599999995634	75.548	
1400-lilith-nature	imazen-26-png-v3/png-v3/1400-lilith-nature/1514_nature_purple-allium-flowers_colorado_ip8plus_iso20-f2p8_img-1310_3024x4032.sdr.png	t2	8	32	11467	245.72352500399575	320.41899999995496	57.863	
1400-lilith-nature	imazen-26-png-v3/png-v3/1400-lilith-nature/1514_nature_purple-allium-flowers_colorado_ip8plus_iso20-f2p8_img-1310_3024x4032.sdr.png	t2	8	44	5098	249.71117699169554	349.76800000009337	18.227	
1400-lilith-nature	imazen-26-png-v3/png-v3/1400-lilith-nature/1514_nature_purple-allium-flowers_colorado_ip8plus_iso20-f2p8_img-1310_3024x4032.sdr.png	t2	10	20	22878	174.2868989967974	305.98000000000525	75.344	
1400-lilith-nature	imazen-26-png-v3/png-v3/1400-lilith-nature/1514_nature_purple-allium-flowers_colorado_ip8plus_iso20-f2p8_img-1310_3024x4032.sdr.png	t2	10	32	11793	314.747990007163	595.3539999999151	58.112	
1400-lilith-nature	imazen-26-png-v3/png-v3/1400-lilith-nature/1514_nature_purple-allium-flowers_colorado_ip8plus_iso20-f2p8_img-1310_3024x4032.sdr.png	t2	10	44	5364	235.8959419943858	347.888999999995	18.910	
1400-lilith-nature	imazen-26-png-v3/png-v3/1400-lilith-nature/1514_nature_purple-allium-flowers_colorado_ip8plus_iso20-f2p8_img-1310_3024x4032.sdr.png	t2	12	20	22878	191.91154999134596	458.4509999999966	75.344	
1400-lilith-nature	imazen-26-png-v3/png-v3/1400-lilith-nature/1514_nature_purple-allium-flowers_colorado_ip8plus_iso20-f2p8_img-1310_3024x4032.sdr.png	t2	12	32	11793	252.84604099579155	327.9420000000144	58.112	
1400-lilith-nature	imazen-26-png-v3/png-v3/1400-lilith-nature/1514_nature_purple-allium-flowers_colorado_ip8plus_iso20-f2p8_img-1310_3024x4032.sdr.png	t2	12	44	5364	425.2477709960658	108.232999999899	18.910	
1400-lilith-nature	imazen-26-png-v3/png-v3/1400-lilith-nature/1514_nature_purple-allium-flowers_colorado_ip8plus_iso20-f2p8_img-1310_3024x4032.sdr.png	t3	-1	20	26497	4508.08194099227	23488.889000000003	DEC-ERR	
1400-lilith-nature	imazen-26-png-v3/png-v3/1400-lilith-nature/1514_nature_purple-allium-flowers_colorado_ip8plus_iso20-f2p8_img-1310_3024x4032.sdr.png	t3	-1	32	15591	5690.653909012326	30629.45100000005	DEC-ERR	
1400-lilith-nature	imazen-26-png-v3/png-v3/1400-lilith-nature/1514_nature_purple-allium-flowers_colorado_ip8plus_iso20-f2p8_img-1310_3024x4032.sdr.png	t3	-1	44	7248	5927.490406000288	36372.94800000009	DEC-ERR	
1400-lilith-nature	imazen-26-png-v3/png-v3/1400-lilith-nature/1514_nature_purple-allium-flowers_colorado_ip8plus_iso20-f2p8_img-1310_3024x4032.sdr.png	t3	2	20	27485	634.7531630017329	4434.221000000118	83.122	
1400-lilith-nature	imazen-26-png-v3/png-v3/1400-lilith-nature/1514_nature_purple-allium-flowers_colorado_ip8plus_iso20-f2p8_img-1310_3024x4032.sdr.png	t3	2	32	16272	651.886570994975	9978.053000000102	74.130	
1400-lilith-nature	imazen-26-png-v3/png-v3/1400-lilith-nature/1514_nature_purple-allium-flowers_colorado_ip8plus_iso20-f2p8_img-1310_3024x4032.sdr.png	t3	2	44	7589	800.7569610053906	10624.980000000107	50.821	
1400-lilith-nature	imazen-26-png-v3/png-v3/1400-lilith-nature/1514_nature_purple-allium-flowers_colorado_ip8plus_iso20-f2p8_img-1310_3024x4032.sdr.png	t3	4	20	28363	329.4107859983342	918.9370000000067	83.295	
1400-lilith-nature	imazen-26-png-v3/png-v3/1400-lilith-nature/1514_nature_purple-allium-flowers_colorado_ip8plus_iso20-f2p8_img-1310_3024x4032.sdr.png	t3	4	32	16826	314.8145759914769	1132.5959999999745	74.536	
1400-lilith-nature	imazen-26-png-v3/png-v3/1400-lilith-nature/1514_nature_purple-allium-flowers_colorado_ip8plus_iso20-f2p8_img-1310_3024x4032.sdr.png	t3	4	44	7954	241.70732700440567	1468.6309999998884	51.278	
1400-lilith-nature	imazen-26-png-v3/png-v3/1400-lilith-nature/1514_nature_purple-allium-flowers_colorado_ip8plus_iso20-f2p8_img-1310_3024x4032.sdr.png	t3	6	20	30596	148.8225390057778	1207.2339999999642	83.057	
1400-lilith-nature	imazen-26-png-v3/png-v3/1400-lilith-nature/1514_nature_purple-allium-flowers_colorado_ip8plus_iso20-f2p8_img-1310_3024x4032.sdr.png	t3	6	32	18824	464.30017398961354	171.8689999999654	74.633	
1400-lilith-nature	imazen-26-png-v3/png-v3/1400-lilith-nature/1514_nature_purple-allium-flowers_colorado_ip8plus_iso20-f2p8_img-1310_3024x4032.sdr.png	t3	6	44	9091	167.75947199494112	362.3830000000545	52.285	
1400-lilith-nature	imazen-26-png-v3/png-v3/1400-lilith-nature/1514_nature_purple-allium-flowers_colorado_ip8plus_iso20-f2p8_img-1310_3024x4032.sdr.png	t3	8	20	32447	185.17994599824306	306.85400000006166	83.018	
1400-lilith-nature	imazen-26-png-v3/png-v3/1400-lilith-nature/1514_nature_purple-allium-flowers_colorado_ip8plus_iso20-f2p8_img-1310_3024x4032.sdr.png	t3	8	32	20083	201.8672269914532	413.99599999996184	74.713	
1400-lilith-nature	imazen-26-png-v3/png-v3/1400-lilith-nature/1514_nature_purple-allium-flowers_colorado_ip8plus_iso20-f2p8_img-1310_3024x4032.sdr.png	t3	8	44	9632	141.78585600166116	253.17700000001508	51.834	
1400-lilith-nature	imazen-26-png-v3/png-v3/1400-lilith-nature/1514_nature_purple-allium-flowers_colorado_ip8plus_iso20-f2p8_img-1310_3024x4032.sdr.png	t3	10	20	33318	146.46568401076365	539.4809999999773	82.905	
1400-lilith-nature	imazen-26-png-v3/png-v3/1400-lilith-nature/1514_nature_purple-allium-flowers_colorado_ip8plus_iso20-f2p8_img-1310_3024x4032.sdr.png	t3	10	32	20566	310.0233469886007	414.0639999999962	74.941	
1400-lilith-nature	imazen-26-png-v3/png-v3/1400-lilith-nature/1514_nature_purple-allium-flowers_colorado_ip8plus_iso20-f2p8_img-1310_3024x4032.sdr.png	t3	10	44	9878	277.34240201243665	265.4740000001041	52.124	
1400-lilith-nature	imazen-26-png-v3/png-v3/1400-lilith-nature/1514_nature_purple-allium-flowers_colorado_ip8plus_iso20-f2p8_img-1310_3024x4032.sdr.png	t3	12	20	33318	359.1713839996373	328.9830000000684	82.905	
1400-lilith-nature	imazen-26-png-v3/png-v3/1400-lilith-nature/1514_nature_purple-allium-flowers_colorado_ip8plus_iso20-f2p8_img-1310_3024x4032.sdr.png	t3	12	32	20566	391.8288639979437	183.41700000000571	74.941	
1400-lilith-nature	imazen-26-png-v3/png-v3/1400-lilith-nature/1514_nature_purple-allium-flowers_colorado_ip8plus_iso20-f2p8_img-1310_3024x4032.sdr.png	t3	12	44	9878	291.35352101002354	288.7649999999624	52.124	
1400-lilith-nature	imazen-26-png-v3/png-v3/1400-lilith-nature/1514_nature_purple-allium-flowers_colorado_ip8plus_iso20-f2p8_img-1310_3024x4032.sdr.png	t4	-1	20	26601	4590.070855992963	27524.495999999945	DEC-ERR	
1400-lilith-nature	imazen-26-png-v3/png-v3/1400-lilith-nature/1514_nature_purple-allium-flowers_colorado_ip8plus_iso20-f2p8_img-1310_3024x4032.sdr.png	t4	-1	32	15805	5944.407823990332	39582.19599999991	DEC-ERR	
1400-lilith-nature	imazen-26-png-v3/png-v3/1400-lilith-nature/1514_nature_purple-allium-flowers_colorado_ip8plus_iso20-f2p8_img-1310_3024x4032.sdr.png	t4	-1	44	7295	5293.31675398862	33207.281000000025	DEC-ERR	
1400-lilith-nature	imazen-26-png-v3/png-v3/1400-lilith-nature/1514_nature_purple-allium-flowers_colorado_ip8plus_iso20-f2p8_img-1310_3024x4032.sdr.png	t4	2	20	27105	590.4231650056317	1027.4730000000254	82.662	
1400-lilith-nature	imazen-26-png-v3/png-v3/1400-lilith-nature/1514_nature_purple-allium-flowers_colorado_ip8plus_iso20-f2p8_img-1310_3024x4032.sdr.png	t4	2	32	16093	663.1544600095367	2006.5270000000019	73.589	
1400-lilith-nature	imazen-26-png-v3/png-v3/1400-lilith-nature/1514_nature_purple-allium-flowers_colorado_ip8plus_iso20-f2p8_img-1310_3024x4032.sdr.png	t4	2	44	7407	835.0228259951109	7075.362000000037	48.239	
1400-lilith-nature	imazen-26-png-v3/png-v3/1400-lilith-nature/1514_nature_purple-allium-flowers_colorado_ip8plus_iso20-f2p8_img-1310_3024x4032.sdr.png	t4	4	20	27578	323.4802929946454	328.4419999999635	82.264	
1400-lilith-nature	imazen-26-png-v3/png-v3/1400-lilith-nature/1514_nature_purple-allium-flowers_colorado_ip8plus_iso20-f2p8_img-1310_3024x4032.sdr.png	t4	4	32	16285	277.8766569972504	1149.456000000047	72.160	
1400-lilith-nature	imazen-26-png-v3/png-v3/1400-lilith-nature/1514_nature_purple-allium-flowers_colorado_ip8plus_iso20-f2p8_img-1310_3024x4032.sdr.png	t4	4	44	7580	296.22536299575586	1906.1550000000088	47.453	
1400-lilith-nature	imazen-26-png-v3/png-v3/1400-lilith-nature/1514_nature_purple-allium-flowers_colorado_ip8plus_iso20-f2p8_img-1310_3024x4032.sdr.png	t4	6	20	29626	261.10537599015515	144.6369999999888	82.458	
1400-lilith-nature	imazen-26-png-v3/png-v3/1400-lilith-nature/1514_nature_purple-allium-flowers_colorado_ip8plus_iso20-f2p8_img-1310_3024x4032.sdr.png	t4	6	32	17771	220.30777799955104	212.77700000003463	72.782	
1400-lilith-nature	imazen-26-png-v3/png-v3/1400-lilith-nature/1514_nature_purple-allium-flowers_colorado_ip8plus_iso20-f2p8_img-1310_3024x4032.sdr.png	t4	6	44	8332	235.471766005503	443.51300000001356	48.480	
1400-lilith-nature	imazen-26-png-v3/png-v3/1400-lilith-nature/1514_nature_purple-allium-flowers_colorado_ip8plus_iso20-f2p8_img-1310_3024x4032.sdr.png	t4	8	20	31194	189.26485399424564	287.87000000008686	82.044	
1400-lilith-nature	imazen-26-png-v3/png-v3/1400-lilith-nature/1514_nature_purple-allium-flowers_colorado_ip8plus_iso20-f2p8_img-1310_3024x4032.sdr.png	t4	8	32	18787	165.9499870002037	289.7440000000415	72.456	
1400-lilith-nature	imazen-26-png-v3/png-v3/1400-lilith-nature/1514_nature_purple-allium-flowers_colorado_ip8plus_iso20-f2p8_img-1310_3024x4032.sdr.png	t4	8	44	8523	449.26779699744657	5831.319999999966	47.010	
1400-lilith-nature	imazen-26-png-v3/png-v3/1400-lilith-nature/1514_nature_purple-allium-flowers_colorado_ip8plus_iso20-f2p8_img-1310_3024x4032.sdr.png	t4	10	20	32336	313.23026701284107	222.74999999991252	82.335	
1400-lilith-nature	imazen-26-png-v3/png-v3/1400-lilith-nature/1514_nature_purple-allium-flowers_colorado_ip8plus_iso20-f2p8_img-1310_3024x4032.sdr.png	t4	10	32	19906	309.8525729874382	156.19799999992878	73.635	
1400-lilith-nature	imazen-26-png-v3/png-v3/1400-lilith-nature/1514_nature_purple-allium-flowers_colorado_ip8plus_iso20-f2p8_img-1310_3024x4032.sdr.png	t4	10	44	9078	179.8054190003313	177.76300000000234	48.006	
1400-lilith-nature	imazen-26-png-v3/png-v3/1400-lilith-nature/1514_nature_purple-allium-flowers_colorado_ip8plus_iso20-f2p8_img-1310_3024x4032.sdr.png	t4	12	20	32336	185.786988993641	289.8559999999612	82.335	
1400-lilith-nature	imazen-26-png-v3/png-v3/1400-lilith-nature/1514_nature_purple-allium-flowers_colorado_ip8plus_iso20-f2p8_img-1310_3024x4032.sdr.png	t4	12	32	19906	190.18593299551867	449.03099999996596	73.635	
1400-lilith-nature	imazen-26-png-v3/png-v3/1400-lilith-nature/1514_nature_purple-allium-flowers_colorado_ip8plus_iso20-f2p8_img-1310_3024x4032.sdr.png	t4	12	44	9078	350.9851470007561	473.00700000003104	48.006	
1400-lilith-nature	imazen-26-png-v3/png-v3/1400-lilith-nature/1514_nature_purple-allium-flowers_colorado_ip8plus_iso20-f2p8_img-1310_3024x4032.sdr.png	st	-1	20	21950	4228.341374007869	24657.633000000013	DEC-ERR	
1400-lilith-nature	imazen-26-png-v3/png-v3/1400-lilith-nature/1514_nature_purple-allium-flowers_colorado_ip8plus_iso20-f2p8_img-1310_3024x4032.sdr.png	st	-1	32	11480	5244.344410006306	38245.073	DEC-ERR	
1400-lilith-nature	imazen-26-png-v3/png-v3/1400-lilith-nature/1514_nature_purple-allium-flowers_colorado_ip8plus_iso20-f2p8_img-1310_3024x4032.sdr.png	st	-1	44	5439	5037.564042999293	32933.27299999997	DEC-ERR	
1400-lilith-nature	imazen-26-png-v3/png-v3/1400-lilith-nature/1514_nature_purple-allium-flowers_colorado_ip8plus_iso20-f2p8_img-1310_3024x4032.sdr.png	st	2	20	23073	671.6692299960414	702.677999999981	80.493	
1400-lilith-nature	imazen-26-png-v3/png-v3/1400-lilith-nature/1514_nature_purple-allium-flowers_colorado_ip8plus_iso20-f2p8_img-1310_3024x4032.sdr.png	st	2	32	12240	740.485168993473	1912.2829999999383	67.303	
1400-lilith-nature	imazen-26-png-v3/png-v3/1400-lilith-nature/1514_nature_purple-allium-flowers_colorado_ip8plus_iso20-f2p8_img-1310_3024x4032.sdr.png	st	2	44	5648	735.2194489940302	2544.9730000000486	37.184	
1400-lilith-nature	imazen-26-png-v3/png-v3/1400-lilith-nature/1514_nature_purple-allium-flowers_colorado_ip8plus_iso20-f2p8_img-1310_3024x4032.sdr.png	st	4	20	23842	292.11020799994003	1262.9210000000235	80.428	
1400-lilith-nature	imazen-26-png-v3/png-v3/1400-lilith-nature/1514_nature_purple-allium-flowers_colorado_ip8plus_iso20-f2p8_img-1310_3024x4032.sdr.png	st	4	32	12557	256.224597003893	802.5460000000244	67.216	
1400-lilith-nature	imazen-26-png-v3/png-v3/1400-lilith-nature/1514_nature_purple-allium-flowers_colorado_ip8plus_iso20-f2p8_img-1310_3024x4032.sdr.png	st	4	44	6012	243.37833099707495	1229.0159999999978	36.800	
1400-lilith-nature	imazen-26-png-v3/png-v3/1400-lilith-nature/1514_nature_purple-allium-flowers_colorado_ip8plus_iso20-f2p8_img-1310_3024x4032.sdr.png	st	6	20	25783	304.4993960065767	325.10500000001844	80.425	
1400-lilith-nature	imazen-26-png-v3/png-v3/1400-lilith-nature/1514_nature_purple-allium-flowers_colorado_ip8plus_iso20-f2p8_img-1310_3024x4032.sdr.png	st	6	32	14186	228.7491780007258	125.94799999995132	67.268	
1400-lilith-nature	imazen-26-png-v3/png-v3/1400-lilith-nature/1514_nature_purple-allium-flowers_colorado_ip8plus_iso20-f2p8_img-1310_3024x4032.sdr.png	st	6	44	6715	195.9383479988901	205.81499999989816	36.603	
1400-lilith-nature	imazen-26-png-v3/png-v3/1400-lilith-nature/1514_nature_purple-allium-flowers_colorado_ip8plus_iso20-f2p8_img-1310_3024x4032.sdr.png	st	8	20	27284	248.34214799921028	273.9560000001049	79.821	
1400-lilith-nature	imazen-26-png-v3/png-v3/1400-lilith-nature/1514_nature_purple-allium-flowers_colorado_ip8plus_iso20-f2p8_img-1310_3024x4032.sdr.png	st	8	32	14959	258.82564698986243	5422.451000000084	66.925	
1400-lilith-nature	imazen-26-png-v3/png-v3/1400-lilith-nature/1514_nature_purple-allium-flowers_colorado_ip8plus_iso20-f2p8_img-1310_3024x4032.sdr.png	st	8	44	7026	184.024001006037	166.8059999999656	34.358	
1400-lilith-nature	imazen-26-png-v3/png-v3/1400-lilith-nature/1514_nature_purple-allium-flowers_colorado_ip8plus_iso20-f2p8_img-1310_3024x4032.sdr.png	st	10	20	27926	327.40196099621244	240.0790000000086	79.712	
1400-lilith-nature	imazen-26-png-v3/png-v3/1400-lilith-nature/1514_nature_purple-allium-flowers_colorado_ip8plus_iso20-f2p8_img-1310_3024x4032.sdr.png	st	10	32	15335	358.84084600547794	380.3510000000969	66.713	
1400-lilith-nature	imazen-26-png-v3/png-v3/1400-lilith-nature/1514_nature_purple-allium-flowers_colorado_ip8plus_iso20-f2p8_img-1310_3024x4032.sdr.png	st	10	44	7261	243.46180001157336	6030.246000000069	34.798	
1400-lilith-nature	imazen-26-png-v3/png-v3/1400-lilith-nature/1514_nature_purple-allium-flowers_colorado_ip8plus_iso20-f2p8_img-1310_3024x4032.sdr.png	st	12	20	27926	236.14221900061239	253.79299999996263	79.712	
1400-lilith-nature	imazen-26-png-v3/png-v3/1400-lilith-nature/1514_nature_purple-allium-flowers_colorado_ip8plus_iso20-f2p8_img-1310_3024x4032.sdr.png	st	12	32	15335	427.05738700169604	324.7720000000634	66.713	
1400-lilith-nature	imazen-26-png-v3/png-v3/1400-lilith-nature/1514_nature_purple-allium-flowers_colorado_ip8plus_iso20-f2p8_img-1310_3024x4032.sdr.png	st	12	44	7261	362.1934339898871	418.753999999943	34.798	
1600-lilith-food	imazen-26-png-v3/png-v3/1600-lilith-food/1608_food_single-cake-slice-plate_anedaitocho-kyoto-japan_s23u_iso320-f2p2_20230709-194142_4000x3000.sdr.png	t1	-1	20	59817	4242.7143399982015	24402.689999999948	79.952	
1600-lilith-food	imazen-26-png-v3/png-v3/1600-lilith-food/1608_food_single-cake-slice-plate_anedaitocho-kyoto-japan_s23u_iso320-f2p2_20230709-194142_4000x3000.sdr.png	t1	-1	32	34409	7055.654778989265	41481.07099999995	66.850	
1600-lilith-food	imazen-26-png-v3/png-v3/1600-lilith-food/1608_food_single-cake-slice-plate_anedaitocho-kyoto-japan_s23u_iso320-f2p2_20230709-194142_4000x3000.sdr.png	t1	-1	44	17692	4891.173562005861	32356.824999999957	40.547	
1600-lilith-food	imazen-26-png-v3/png-v3/1600-lilith-food/1608_food_single-cake-slice-plate_anedaitocho-kyoto-japan_s23u_iso320-f2p2_20230709-194142_4000x3000.sdr.png	t1	2	20	58710	854.8842449963558	1987.540999999986	79.455	
1600-lilith-food	imazen-26-png-v3/png-v3/1600-lilith-food/1608_food_single-cake-slice-plate_anedaitocho-kyoto-japan_s23u_iso320-f2p2_20230709-194142_4000x3000.sdr.png	t1	2	32	34080	941.0604519944172	3707.303000000046	65.778	
1600-lilith-food	imazen-26-png-v3/png-v3/1600-lilith-food/1608_food_single-cake-slice-plate_anedaitocho-kyoto-japan_s23u_iso320-f2p2_20230709-194142_4000x3000.sdr.png	t1	2	44	17053	851.9698400050402	2828.1560000000354	38.912	
1600-lilith-food	imazen-26-png-v3/png-v3/1600-lilith-food/1608_food_single-cake-slice-plate_anedaitocho-kyoto-japan_s23u_iso320-f2p2_20230709-194142_4000x3000.sdr.png	t1	4	20	58755	314.7181929962244	1044.5199999998706	79.264	
1600-lilith-food	imazen-26-png-v3/png-v3/1600-lilith-food/1608_food_single-cake-slice-plate_anedaitocho-kyoto-japan_s23u_iso320-f2p2_20230709-194142_4000x3000.sdr.png	t1	4	32	34117	304.3053279980086	739.3970000000038	65.425	
1600-lilith-food	imazen-26-png-v3/png-v3/1600-lilith-food/1608_food_single-cake-slice-plate_anedaitocho-kyoto-japan_s23u_iso320-f2p2_20230709-194142_4000x3000.sdr.png	t1	4	44	17011	244.86420300672762	425.61199999999747	37.676	
1600-lilith-food	imazen-26-png-v3/png-v3/1600-lilith-food/1608_food_single-cake-slice-plate_anedaitocho-kyoto-japan_s23u_iso320-f2p2_20230709-194142_4000x3000.sdr.png	t1	6	20	59933	162.43606300849933	162.24799999988093	79.327	
1600-lilith-food	imazen-26-png-v3/png-v3/1600-lilith-food/1608_food_single-cake-slice-plate_anedaitocho-kyoto-japan_s23u_iso320-f2p2_20230709-194142_4000x3000.sdr.png	t1	6	32	34694	429.04350798926316	7647.534999999969	64.890	
1600-lilith-food	imazen-26-png-v3/png-v3/1600-lilith-food/1608_food_single-cake-slice-plate_anedaitocho-kyoto-japan_s23u_iso320-f2p2_20230709-194142_4000x3000.sdr.png	t1	6	44	16979	332.7567399974214	6802.4779999999655	37.209	
1600-lilith-food	imazen-26-png-v3/png-v3/1600-lilith-food/1608_food_single-cake-slice-plate_anedaitocho-kyoto-japan_s23u_iso320-f2p2_20230709-194142_4000x3000.sdr.png	t1	8	20	60972	210.00471099978313	5451.977000000035	78.508	
1600-lilith-food	imazen-26-png-v3/png-v3/1600-lilith-food/1608_food_single-cake-slice-plate_anedaitocho-kyoto-japan_s23u_iso320-f2p2_20230709-194142_4000x3000.sdr.png	t1	8	32	34428	187.02292599482462	417.61700000002475	63.296	
1600-lilith-food	imazen-26-png-v3/png-v3/1600-lilith-food/1608_food_single-cake-slice-plate_anedaitocho-kyoto-japan_s23u_iso320-f2p2_20230709-194142_4000x3000.sdr.png	t1	8	44	16276	171.49896400223952	292.4069999999865	35.358	
1600-lilith-food	imazen-26-png-v3/png-v3/1600-lilith-food/1608_food_single-cake-slice-plate_anedaitocho-kyoto-japan_s23u_iso320-f2p2_20230709-194142_4000x3000.sdr.png	t1	10	20	63008	206.9548990111798	577.7660000000467	78.526	
1600-lilith-food	imazen-26-png-v3/png-v3/1600-lilith-food/1608_food_single-cake-slice-plate_anedaitocho-kyoto-japan_s23u_iso320-f2p2_20230709-194142_4000x3000.sdr.png	t1	10	32	36577	257.09898700006306	547.8960000001009	62.917	
1600-lilith-food	imazen-26-png-v3/png-v3/1600-lilith-food/1608_food_single-cake-slice-plate_anedaitocho-kyoto-japan_s23u_iso320-f2p2_20230709-194142_4000x3000.sdr.png	t1	10	44	18590	316.1120799923083	257.5989999999671	37.275	
1600-lilith-food	imazen-26-png-v3/png-v3/1600-lilith-food/1608_food_single-cake-slice-plate_anedaitocho-kyoto-japan_s23u_iso320-f2p2_20230709-194142_4000x3000.sdr.png	t1	12	20	63008	455.8282660000259	214.39100000002753	78.526	
1600-lilith-food	imazen-26-png-v3/png-v3/1600-lilith-food/1608_food_single-cake-slice-plate_anedaitocho-kyoto-japan_s23u_iso320-f2p2_20230709-194142_4000x3000.sdr.png	t1	12	32	36577	438.0991670041112	458.69999999994707	62.917	
1600-lilith-food	imazen-26-png-v3/png-v3/1600-lilith-food/1608_food_single-cake-slice-plate_anedaitocho-kyoto-japan_s23u_iso320-f2p2_20230709-194142_4000x3000.sdr.png	t1	12	44	18590	208.36022800358478	247.59499999997203	37.275	
1600-lilith-food	imazen-26-png-v3/png-v3/1600-lilith-food/1608_food_single-cake-slice-plate_anedaitocho-kyoto-japan_s23u_iso320-f2p2_20230709-194142_4000x3000.sdr.png	t2	-1	20	58654	4355.613588006236	26044.47000000011	80.877	
1600-lilith-food	imazen-26-png-v3/png-v3/1600-lilith-food/1608_food_single-cake-slice-plate_anedaitocho-kyoto-japan_s23u_iso320-f2p2_20230709-194142_4000x3000.sdr.png	t2	-1	32	33811	6727.083506993949	43346.50999999994	68.254	
1600-lilith-food	imazen-26-png-v3/png-v3/1600-lilith-food/1608_food_single-cake-slice-plate_anedaitocho-kyoto-japan_s23u_iso320-f2p2_20230709-194142_4000x3000.sdr.png	t2	-1	44	17341	5203.772560009384	34503.64899999997	42.495	
1600-lilith-food	imazen-26-png-v3/png-v3/1600-lilith-food/1608_food_single-cake-slice-plate_anedaitocho-kyoto-japan_s23u_iso320-f2p2_20230709-194142_4000x3000.sdr.png	t2	2	20	57141	925.5984979972709	6885.077000000038	80.079	
1600-lilith-food	imazen-26-png-v3/png-v3/1600-lilith-food/1608_food_single-cake-slice-plate_anedaitocho-kyoto-japan_s23u_iso320-f2p2_20230709-194142_4000x3000.sdr.png	t2	2	32	33178	964.6715719864005	7713.260000000019	67.838	
1600-lilith-food	imazen-26-png-v3/png-v3/1600-lilith-food/1608_food_single-cake-slice-plate_anedaitocho-kyoto-japan_s23u_iso320-f2p2_20230709-194142_4000x3000.sdr.png	t2	2	44	16551	889.2140609968919	6814.326000000079	40.504	
1600-lilith-food	imazen-26-png-v3/png-v3/1600-lilith-food/1608_food_single-cake-slice-plate_anedaitocho-kyoto-japan_s23u_iso320-f2p2_20230709-194142_4000x3000.sdr.png	t2	4	20	57292	340.0063879962545	4578.787000000066	80.026	
1600-lilith-food	imazen-26-png-v3/png-v3/1600-lilith-food/1608_food_single-cake-slice-plate_anedaitocho-kyoto-japan_s23u_iso320-f2p2_20230709-194142_4000x3000.sdr.png	t2	4	32	33130	283.55174500029534	5049.1879999999765	67.259	
1600-lilith-food	imazen-26-png-v3/png-v3/1600-lilith-food/1608_food_single-cake-slice-plate_anedaitocho-kyoto-japan_s23u_iso320-f2p2_20230709-194142_4000x3000.sdr.png	t2	4	44	16537	234.14928499551024	4736.789999999932	40.257	
1600-lilith-food	imazen-26-png-v3/png-v3/1600-lilith-food/1608_food_single-cake-slice-plate_anedaitocho-kyoto-japan_s23u_iso320-f2p2_20230709-194142_4000x3000.sdr.png	t2	6	20	58307	432.4745750054717	5921.403999999985	80.274	
1600-lilith-food	imazen-26-png-v3/png-v3/1600-lilith-food/1608_food_single-cake-slice-plate_anedaitocho-kyoto-japan_s23u_iso320-f2p2_20230709-194142_4000x3000.sdr.png	t2	6	32	33845	239.18884400336538	239.86200000009106	66.877	
1600-lilith-food	imazen-26-png-v3/png-v3/1600-lilith-food/1608_food_single-cake-slice-plate_anedaitocho-kyoto-japan_s23u_iso320-f2p2_20230709-194142_4000x3000.sdr.png	t2	6	44	16479	244.848873000592	356.21099999989167	38.024	
1600-lilith-food	imazen-26-png-v3/png-v3/1600-lilith-food/1608_food_single-cake-slice-plate_anedaitocho-kyoto-japan_s23u_iso320-f2p2_20230709-194142_4000x3000.sdr.png	t2	8	20	59402	166.99753599823453	485.4400000000077	79.187	
1600-lilith-food	imazen-26-png-v3/png-v3/1600-lilith-food/1608_food_single-cake-slice-plate_anedaitocho-kyoto-japan_s23u_iso320-f2p2_20230709-194142_4000x3000.sdr.png	t2	8	32	33452	391.97091400274076	279.2089999999803	64.593	
1600-lilith-food	imazen-26-png-v3/png-v3/1600-lilith-food/1608_food_single-cake-slice-plate_anedaitocho-kyoto-japan_s23u_iso320-f2p2_20230709-194142_4000x3000.sdr.png	t2	8	44	16085	435.23286300478503	437.90300000006255	36.180	
1600-lilith-food	imazen-26-png-v3/png-v3/1600-lilith-food/1608_food_single-cake-slice-plate_anedaitocho-kyoto-japan_s23u_iso320-f2p2_20230709-194142_4000x3000.sdr.png	t2	10	20	61383	162.881608994212	135.70999999991074	79.371	
1600-lilith-food	imazen-26-png-v3/png-v3/1600-lilith-food/1608_food_single-cake-slice-plate_anedaitocho-kyoto-japan_s23u_iso320-f2p2_20230709-194142_4000x3000.sdr.png	t2	10	32	35380	199.45956500305329	279.2199999999099	63.909	
1600-lilith-food	imazen-26-png-v3/png-v3/1600-lilith-food/1608_food_single-cake-slice-plate_anedaitocho-kyoto-japan_s23u_iso320-f2p2_20230709-194142_4000x3000.sdr.png	t2	10	44	18114	176.6894619941013	159.02300000006164	37.254	
1600-lilith-food	imazen-26-png-v3/png-v3/1600-lilith-food/1608_food_single-cake-slice-plate_anedaitocho-kyoto-japan_s23u_iso320-f2p2_20230709-194142_4000x3000.sdr.png	t2	12	20	61383	209.43396700022276	441.1130000000725	79.371	
1600-lilith-food	imazen-26-png-v3/png-v3/1600-lilith-food/1608_food_single-cake-slice-plate_anedaitocho-kyoto-japan_s23u_iso320-f2p2_20230709-194142_4000x3000.sdr.png	t2	12	32	35380	345.84501599601936	582.2249999999763	63.909	
1600-lilith-food	imazen-26-png-v3/png-v3/1600-lilith-food/1608_food_single-cake-slice-plate_anedaitocho-kyoto-japan_s23u_iso320-f2p2_20230709-194142_4000x3000.sdr.png	t2	12	44	18114	245.5127050052397	428.5329999999981	37.254	
1600-lilith-food	imazen-26-png-v3/png-v3/1600-lilith-food/1608_food_single-cake-slice-plate_anedaitocho-kyoto-japan_s23u_iso320-f2p2_20230709-194142_4000x3000.sdr.png	t3	-1	20	57988	4768.293058994459	34137.89900000009	DEC-ERR	
1600-lilith-food	imazen-26-png-v3/png-v3/1600-lilith-food/1608_food_single-cake-slice-plate_anedaitocho-kyoto-japan_s23u_iso320-f2p2_20230709-194142_4000x3000.sdr.png	t3	-1	32	34770	7009.936956004822	39887.702000000056	DEC-ERR	
1600-lilith-food	imazen-26-png-v3/png-v3/1600-lilith-food/1608_food_single-cake-slice-plate_anedaitocho-kyoto-japan_s23u_iso320-f2p2_20230709-194142_4000x3000.sdr.png	t3	-1	44	18690	9608.057938996353	61043.97400000002	DEC-ERR	
1600-lilith-food	imazen-26-png-v3/png-v3/1600-lilith-food/1608_food_single-cake-slice-plate_anedaitocho-kyoto-japan_s23u_iso320-f2p2_20230709-194142_4000x3000.sdr.png	t3	2	20	58926	1004.3195379985264	2177.753000000099	82.923	
1600-lilith-food	imazen-26-png-v3/png-v3/1600-lilith-food/1608_food_single-cake-slice-plate_anedaitocho-kyoto-japan_s23u_iso320-f2p2_20230709-194142_4000x3000.sdr.png	t3	2	32	35662	1144.794825988356	3205.2529999999065	72.357	
1600-lilith-food	imazen-26-png-v3/png-v3/1600-lilith-food/1608_food_single-cake-slice-plate_anedaitocho-kyoto-japan_s23u_iso320-f2p2_20230709-194142_4000x3000.sdr.png	t3	2	44	19010	1674.986023994279	9994.711999999985	49.833	
1600-lilith-food	imazen-26-png-v3/png-v3/1600-lilith-food/1608_food_single-cake-slice-plate_anedaitocho-kyoto-japan_s23u_iso320-f2p2_20230709-194142_4000x3000.sdr.png	t3	4	20	59345	396.78299200022593	861.0539999999887	82.862	
1600-lilith-food	imazen-26-png-v3/png-v3/1600-lilith-food/1608_food_single-cake-slice-plate_anedaitocho-kyoto-japan_s23u_iso320-f2p2_20230709-194142_4000x3000.sdr.png	t3	4	32	35924	361.14893000922166	539.1330000000139	72.459	
1600-lilith-food	imazen-26-png-v3/png-v3/1600-lilith-food/1608_food_single-cake-slice-plate_anedaitocho-kyoto-japan_s23u_iso320-f2p2_20230709-194142_4000x3000.sdr.png	t3	4	44	19152	342.6244700094685	1125.946999999975	49.477	
1600-lilith-food	imazen-26-png-v3/png-v3/1600-lilith-food/1608_food_single-cake-slice-plate_anedaitocho-kyoto-japan_s23u_iso320-f2p2_20230709-194142_4000x3000.sdr.png	t3	6	20	60007	165.57916199963074	165.314999999989	82.974	
1600-lilith-food	imazen-26-png-v3/png-v3/1600-lilith-food/1608_food_single-cake-slice-plate_anedaitocho-kyoto-japan_s23u_iso320-f2p2_20230709-194142_4000x3000.sdr.png	t3	6	32	36485	219.7037099977024	1181.7509999999202	72.676	
1600-lilith-food	imazen-26-png-v3/png-v3/1600-lilith-food/1608_food_single-cake-slice-plate_anedaitocho-kyoto-japan_s23u_iso320-f2p2_20230709-194142_4000x3000.sdr.png	t3	6	44	19613	482.8954190015793	7774.409000000077	50.143	
1600-lilith-food	imazen-26-png-v3/png-v3/1600-lilith-food/1608_food_single-cake-slice-plate_anedaitocho-kyoto-japan_s23u_iso320-f2p2_20230709-194142_4000x3000.sdr.png	t3	8	20	61663	342.49164699576795	6710.063999999992	81.975	
1600-lilith-food	imazen-26-png-v3/png-v3/1600-lilith-food/1608_food_single-cake-slice-plate_anedaitocho-kyoto-japan_s23u_iso320-f2p2_20230709-194142_4000x3000.sdr.png	t3	8	32	37761	419.5669119944796	1759.2940000000467	71.687	
1600-lilith-food	imazen-26-png-v3/png-v3/1600-lilith-food/1608_food_single-cake-slice-plate_anedaitocho-kyoto-japan_s23u_iso320-f2p2_20230709-194142_4000x3000.sdr.png	t3	8	44	19979	178.68695499782916	324.8049999999871	48.064	
1600-lilith-food	imazen-26-png-v3/png-v3/1600-lilith-food/1608_food_single-cake-slice-plate_anedaitocho-kyoto-japan_s23u_iso320-f2p2_20230709-194142_4000x3000.sdr.png	t3	10	20	63408	168.6362780019408	300.9789999998951	82.109	
1600-lilith-food	imazen-26-png-v3/png-v3/1600-lilith-food/1608_food_single-cake-slice-plate_anedaitocho-kyoto-japan_s23u_iso320-f2p2_20230709-194142_4000x3000.sdr.png	t3	10	32	38936	342.7775700110942	6679.530999999994	72.085	
1600-lilith-food	imazen-26-png-v3/png-v3/1600-lilith-food/1608_food_single-cake-slice-plate_anedaitocho-kyoto-japan_s23u_iso320-f2p2_20230709-194142_4000x3000.sdr.png	t3	10	44	20675	313.82426600612234	595.9639999999738	48.866	
1600-lilith-food	imazen-26-png-v3/png-v3/1600-lilith-food/1608_food_single-cake-slice-plate_anedaitocho-kyoto-japan_s23u_iso320-f2p2_20230709-194142_4000x3000.sdr.png	t3	12	20	63408	287.1807070041541	351.8809999999277	82.109	
1600-lilith-food	imazen-26-png-v3/png-v3/1600-lilith-food/1608_food_single-cake-slice-plate_anedaitocho-kyoto-japan_s23u_iso320-f2p2_20230709-194142_4000x3000.sdr.png	t3	12	32	38936	175.879653004813	228.71100000008227	72.085	
1600-lilith-food	imazen-26-png-v3/png-v3/1600-lilith-food/1608_food_single-cake-slice-plate_anedaitocho-kyoto-japan_s23u_iso320-f2p2_20230709-194142_4000x3000.sdr.png	t3	12	44	20675	189.50072200095747	556.5290000000083	48.866	
1600-lilith-food	imazen-26-png-v3/png-v3/1600-lilith-food/1608_food_single-cake-slice-plate_anedaitocho-kyoto-japan_s23u_iso320-f2p2_20230709-194142_4000x3000.sdr.png	t4	-1	20	58054	4339.972704008687	22711.44199999996	DEC-ERR	
1600-lilith-food	imazen-26-png-v3/png-v3/1600-lilith-food/1608_food_single-cake-slice-plate_anedaitocho-kyoto-japan_s23u_iso320-f2p2_20230709-194142_4000x3000.sdr.png	t4	-1	32	34462	7232.731794996653	51087.439999999944	DEC-ERR	
1600-lilith-food	imazen-26-png-v3/png-v3/1600-lilith-food/1608_food_single-cake-slice-plate_anedaitocho-kyoto-japan_s23u_iso320-f2p2_20230709-194142_4000x3000.sdr.png	t4	-1	44	18606	5517.903819010826	32745.31500000006	DEC-ERR	
1600-lilith-food	imazen-26-png-v3/png-v3/1600-lilith-food/1608_food_single-cake-slice-plate_anedaitocho-kyoto-japan_s23u_iso320-f2p2_20230709-194142_4000x3000.sdr.png	t4	2	20	57916	970.0197100028163	6945.949000000013	82.121	
1600-lilith-food	imazen-26-png-v3/png-v3/1600-lilith-food/1608_food_single-cake-slice-plate_anedaitocho-kyoto-japan_s23u_iso320-f2p2_20230709-194142_4000x3000.sdr.png	t4	2	32	35090	1010.2233299985528	8860.780999999946	71.478	
1600-lilith-food	imazen-26-png-v3/png-v3/1600-lilith-food/1608_food_single-cake-slice-plate_anedaitocho-kyoto-japan_s23u_iso320-f2p2_20230709-194142_4000x3000.sdr.png	t4	2	44	18764	953.8587179995375	7818.213000000022	48.273	
1600-lilith-food	imazen-26-png-v3/png-v3/1600-lilith-food/1608_food_single-cake-slice-plate_anedaitocho-kyoto-japan_s23u_iso320-f2p2_20230709-194142_4000x3000.sdr.png	t4	4	20	58070	338.46559199446347	5810.264999999966	82.115	
1600-lilith-food	imazen-26-png-v3/png-v3/1600-lilith-food/1608_food_single-cake-slice-plate_anedaitocho-kyoto-japan_s23u_iso320-f2p2_20230709-194142_4000x3000.sdr.png	t4	4	32	35267	304.1340429917909	5776.364999999867	71.496	
1600-lilith-food	imazen-26-png-v3/png-v3/1600-lilith-food/1608_food_single-cake-slice-plate_anedaitocho-kyoto-japan_s23u_iso320-f2p2_20230709-194142_4000x3000.sdr.png	t4	4	44	18854	253.4318129910389	416.64500000004875	47.759	
1600-lilith-food	imazen-26-png-v3/png-v3/1600-lilith-food/1608_food_single-cake-slice-plate_anedaitocho-kyoto-japan_s23u_iso320-f2p2_20230709-194142_4000x3000.sdr.png	t4	6	20	58920	167.64403400884476	167.40100000005853	82.220	
1600-lilith-food	imazen-26-png-v3/png-v3/1600-lilith-food/1608_food_single-cake-slice-plate_anedaitocho-kyoto-japan_s23u_iso320-f2p2_20230709-194142_4000x3000.sdr.png	t4	6	32	35798	264.2129079904407	3294.0370000000103	71.439	
1600-lilith-food	imazen-26-png-v3/png-v3/1600-lilith-food/1608_food_single-cake-slice-plate_anedaitocho-kyoto-japan_s23u_iso320-f2p2_20230709-194142_4000x3000.sdr.png	t4	6	44	19179	207.80265898793004	3259.79199999993	45.619	
1600-lilith-food	imazen-26-png-v3/png-v3/1600-lilith-food/1608_food_single-cake-slice-plate_anedaitocho-kyoto-japan_s23u_iso320-f2p2_20230709-194142_4000x3000.sdr.png	t4	8	20	60005	304.57785600447096	3475.4149999999236	80.923	
1600-lilith-food	imazen-26-png-v3/png-v3/1600-lilith-food/1608_food_single-cake-slice-plate_anedaitocho-kyoto-japan_s23u_iso320-f2p2_20230709-194142_4000x3000.sdr.png	t4	8	32	35530	179.00602100417018	577.3749999999467	68.687	
1600-lilith-food	imazen-26-png-v3/png-v3/1600-lilith-food/1608_food_single-cake-slice-plate_anedaitocho-kyoto-japan_s23u_iso320-f2p2_20230709-194142_4000x3000.sdr.png	t4	8	44	14252	192.28461899911053	231.50500000006957	34.636	
1600-lilith-food	imazen-26-png-v3/png-v3/1600-lilith-food/1608_food_single-cake-slice-plate_anedaitocho-kyoto-japan_s23u_iso320-f2p2_20230709-194142_4000x3000.sdr.png	t4	10	20	61609	210.25878300133627	398.3040000000386	80.973	
1600-lilith-food	imazen-26-png-v3/png-v3/1600-lilith-food/1608_food_single-cake-slice-plate_anedaitocho-kyoto-japan_s23u_iso320-f2p2_20230709-194142_4000x3000.sdr.png	t4	10	32	37925	226.68747299758252	700.1010000001031	69.883	
1600-lilith-food	imazen-26-png-v3/png-v3/1600-lilith-food/1608_food_single-cake-slice-plate_anedaitocho-kyoto-japan_s23u_iso320-f2p2_20230709-194142_4000x3000.sdr.png	t4	10	44	20152	184.84512000577524	449.58100000005174	47.064	
1600-lilith-food	imazen-26-png-v3/png-v3/1600-lilith-food/1608_food_single-cake-slice-plate_anedaitocho-kyoto-japan_s23u_iso320-f2p2_20230709-194142_4000x3000.sdr.png	t4	12	20	61609	216.28784300992265	709.1519999999889	80.973	
1600-lilith-food	imazen-26-png-v3/png-v3/1600-lilith-food/1608_food_single-cake-slice-plate_anedaitocho-kyoto-japan_s23u_iso320-f2p2_20230709-194142_4000x3000.sdr.png	t4	12	32	37925	218.52641500299796	564.9989999999399	69.883	
1600-lilith-food	imazen-26-png-v3/png-v3/1600-lilith-food/1608_food_single-cake-slice-plate_anedaitocho-kyoto-japan_s23u_iso320-f2p2_20230709-194142_4000x3000.sdr.png	t4	12	44	20152	319.88674799504224	650.8840000000156	47.064	
1600-lilith-food	imazen-26-png-v3/png-v3/1600-lilith-food/1608_food_single-cake-slice-plate_anedaitocho-kyoto-japan_s23u_iso320-f2p2_20230709-194142_4000x3000.sdr.png	st	-1	20	56669	4661.166763005895	39402.841000000015	DEC-ERR	
1600-lilith-food	imazen-26-png-v3/png-v3/1600-lilith-food/1608_food_single-cake-slice-plate_anedaitocho-kyoto-japan_s23u_iso320-f2p2_20230709-194142_4000x3000.sdr.png	st	-1	32	33884	7191.4777899946785	53673.62799999995	DEC-ERR	
1600-lilith-food	imazen-26-png-v3/png-v3/1600-lilith-food/1608_food_single-cake-slice-plate_anedaitocho-kyoto-japan_s23u_iso320-f2p2_20230709-194142_4000x3000.sdr.png	st	-1	44	18131	9618.454203009605	73647.09400000011	DEC-ERR	
1600-lilith-food	imazen-26-png-v3/png-v3/1600-lilith-food/1608_food_single-cake-slice-plate_anedaitocho-kyoto-japan_s23u_iso320-f2p2_20230709-194142_4000x3000.sdr.png	st	2	20	57404	934.2357120040106	6324.464000000102	81.902	
1600-lilith-food	imazen-26-png-v3/png-v3/1600-lilith-food/1608_food_single-cake-slice-plate_anedaitocho-kyoto-japan_s23u_iso320-f2p2_20230709-194142_4000x3000.sdr.png	st	2	32	34442	977.054159011459	7639.955000000085	69.992	
1600-lilith-food	imazen-26-png-v3/png-v3/1600-lilith-food/1608_food_single-cake-slice-plate_anedaitocho-kyoto-japan_s23u_iso320-f2p2_20230709-194142_4000x3000.sdr.png	st	2	44	18202	1821.4061909966404	15024.306999999997	45.027	
1600-lilith-food	imazen-26-png-v3/png-v3/1600-lilith-food/1608_food_single-cake-slice-plate_anedaitocho-kyoto-japan_s23u_iso320-f2p2_20230709-194142_4000x3000.sdr.png	st	4	20	57714	304.0595110069262	4670.3120000000345	81.618	
1600-lilith-food	imazen-26-png-v3/png-v3/1600-lilith-food/1608_food_single-cake-slice-plate_anedaitocho-kyoto-japan_s23u_iso320-f2p2_20230709-194142_4000x3000.sdr.png	st	4	32	34576	290.7898209959967	4923.846000000005	69.837	
1600-lilith-food	imazen-26-png-v3/png-v3/1600-lilith-food/1608_food_single-cake-slice-plate_anedaitocho-kyoto-japan_s23u_iso320-f2p2_20230709-194142_4000x3000.sdr.png	st	4	44	18257	310.35176099976525	902.6420000000428	44.450	
1600-lilith-food	imazen-26-png-v3/png-v3/1600-lilith-food/1608_food_single-cake-slice-plate_anedaitocho-kyoto-japan_s23u_iso320-f2p2_20230709-194142_4000x3000.sdr.png	st	6	20	58324	209.59016399865504	1114.1050000000164	81.702	
1600-lilith-food	imazen-26-png-v3/png-v3/1600-lilith-food/1608_food_single-cake-slice-plate_anedaitocho-kyoto-japan_s23u_iso320-f2p2_20230709-194142_4000x3000.sdr.png	st	6	32	35054	172.5923110061558	1253.8309999998987	69.821	
1600-lilith-food	imazen-26-png-v3/png-v3/1600-lilith-food/1608_food_single-cake-slice-plate_anedaitocho-kyoto-japan_s23u_iso320-f2p2_20230709-194142_4000x3000.sdr.png	st	6	44	18614	309.80935000116006	1345.5799999999413	44.731	
1600-lilith-food	imazen-26-png-v3/png-v3/1600-lilith-food/1608_food_single-cake-slice-plate_anedaitocho-kyoto-japan_s23u_iso320-f2p2_20230709-194142_4000x3000.sdr.png	st	8	20	59853	231.7595850036014	276.86700000011655	80.526	
1600-lilith-food	imazen-26-png-v3/png-v3/1600-lilith-food/1608_food_single-cake-slice-plate_anedaitocho-kyoto-japan_s23u_iso320-f2p2_20230709-194142_4000x3000.sdr.png	st	8	32	36045	152.51417800027411	273.0430000000723	68.336	
1600-lilith-food	imazen-26-png-v3/png-v3/1600-lilith-food/1608_food_single-cake-slice-plate_anedaitocho-kyoto-japan_s23u_iso320-f2p2_20230709-194142_4000x3000.sdr.png	st	8	44	18860	163.80689400830306	389.8120000000347	41.754	
1600-lilith-food	imazen-26-png-v3/png-v3/1600-lilith-food/1608_food_single-cake-slice-plate_anedaitocho-kyoto-japan_s23u_iso320-f2p2_20230709-194142_4000x3000.sdr.png	st	10	20	61574	371.8619439896429	573.9720000001398	80.693	
1600-lilith-food	imazen-26-png-v3/png-v3/1600-lilith-food/1608_food_single-cake-slice-plate_anedaitocho-kyoto-japan_s23u_iso320-f2p2_20230709-194142_4000x3000.sdr.png	st	10	32	37242	356.5752430004068	540.7930000000931	68.798	
1600-lilith-food	imazen-26-png-v3/png-v3/1600-lilith-food/1608_food_single-cake-slice-plate_anedaitocho-kyoto-japan_s23u_iso320-f2p2_20230709-194142_4000x3000.sdr.png	st	10	44	19519	351.3167860073736	10207.18199999996	42.510	
1600-lilith-food	imazen-26-png-v3/png-v3/1600-lilith-food/1608_food_single-cake-slice-plate_anedaitocho-kyoto-japan_s23u_iso320-f2p2_20230709-194142_4000x3000.sdr.png	st	12	20	61574	299.09788799704984	10178.41999999999	80.693	
1600-lilith-food	imazen-26-png-v3/png-v3/1600-lilith-food/1608_food_single-cake-slice-plate_anedaitocho-kyoto-japan_s23u_iso320-f2p2_20230709-194142_4000x3000.sdr.png	st	12	32	37242	318.8034409977263	199.8819999999739	68.798	
1600-lilith-food	imazen-26-png-v3/png-v3/1600-lilith-food/1608_food_single-cake-slice-plate_anedaitocho-kyoto-japan_s23u_iso320-f2p2_20230709-194142_4000x3000.sdr.png	st	12	44	19519	363.6685240053339	291.35000000005107	42.510	
1600-lilith-food	imazen-26-png-v3/png-v3/1600-lilith-food/1614_food_dessert-plate-upside-down_valladolid-mexico_s23u_iso640-f1p7_20230917-213342_4000x3000.sdr.png	t1	-1	20	50085	3729.2176649934845	20898.476999999977	76.223	
1600-lilith-food	imazen-26-png-v3/png-v3/1600-lilith-food/1614_food_dessert-plate-upside-down_valladolid-mexico_s23u_iso640-f1p7_20230917-213342_4000x3000.sdr.png	t1	-1	32	28227	6039.860708988272	30925.11000000004	58.727	
1600-lilith-food	imazen-26-png-v3/png-v3/1600-lilith-food/1614_food_dessert-plate-upside-down_valladolid-mexico_s23u_iso640-f1p7_20230917-213342_4000x3000.sdr.png	t1	-1	44	13516	7262.612332997378	52046.62300000006	21.558	
1600-lilith-food	imazen-26-png-v3/png-v3/1600-lilith-food/1614_food_dessert-plate-upside-down_valladolid-mexico_s23u_iso640-f1p7_20230917-213342_4000x3000.sdr.png	t1	2	20	48833	685.0628559914185	1563.954000000038	75.096	
1600-lilith-food	imazen-26-png-v3/png-v3/1600-lilith-food/1614_food_dessert-plate-upside-down_valladolid-mexico_s23u_iso640-f1p7_20230917-213342_4000x3000.sdr.png	t1	2	32	27076	1078.6772510036826	7911.8480000000345	57.058	
1600-lilith-food	imazen-26-png-v3/png-v3/1600-lilith-food/1614_food_dessert-plate-upside-down_valladolid-mexico_s23u_iso640-f1p7_20230917-213342_4000x3000.sdr.png	t1	2	44	12917	1068.031554998015	7875.988999999997	17.683	
1600-lilith-food	imazen-26-png-v3/png-v3/1600-lilith-food/1614_food_dessert-plate-upside-down_valladolid-mexico_s23u_iso640-f1p7_20230917-213342_4000x3000.sdr.png	t1	4	20	49177	263.2746169983875	560.4289999999921	74.511	
1600-lilith-food	imazen-26-png-v3/png-v3/1600-lilith-food/1614_food_dessert-plate-upside-down_valladolid-mexico_s23u_iso640-f1p7_20230917-213342_4000x3000.sdr.png	t1	4	32	26963	301.98577301052865	819.1470000000152	55.596	
1600-lilith-food	imazen-26-png-v3/png-v3/1600-lilith-food/1614_food_dessert-plate-upside-down_valladolid-mexico_s23u_iso640-f1p7_20230917-213342_4000x3000.sdr.png	t1	4	44	12786	227.7017999876989	227.49500000007572	16.340	
1600-lilith-food	imazen-26-png-v3/png-v3/1600-lilith-food/1614_food_dessert-plate-upside-down_valladolid-mexico_s23u_iso640-f1p7_20230917-213342_4000x3000.sdr.png	t1	6	20	49530	350.1263369980734	1825.0649999999737	74.438	
1600-lilith-food	imazen-26-png-v3/png-v3/1600-lilith-food/1614_food_dessert-plate-upside-down_valladolid-mexico_s23u_iso640-f1p7_20230917-213342_4000x3000.sdr.png	t1	6	32	27364	168.41114999260753	156.85599999997635	55.920	
1600-lilith-food	imazen-26-png-v3/png-v3/1600-lilith-food/1614_food_dessert-plate-upside-down_valladolid-mexico_s23u_iso640-f1p7_20230917-213342_4000x3000.sdr.png	t1	6	44	12894	372.64282700198237	266.1879999999144	16.154	
1600-lilith-food	imazen-26-png-v3/png-v3/1600-lilith-food/1614_food_dessert-plate-upside-down_valladolid-mexico_s23u_iso640-f1p7_20230917-213342_4000x3000.sdr.png	t1	8	20	49728	336.8974339973647	110.85000000008449	74.528	
1600-lilith-food	imazen-26-png-v3/png-v3/1600-lilith-food/1614_food_dessert-plate-upside-down_valladolid-mexico_s23u_iso640-f1p7_20230917-213342_4000x3000.sdr.png	t1	8	32	27193	373.0694880068768	338.36100000002034	55.108	
1600-lilith-food	imazen-26-png-v3/png-v3/1600-lilith-food/1614_food_dessert-plate-upside-down_valladolid-mexico_s23u_iso640-f1p7_20230917-213342_4000x3000.sdr.png	t1	8	44	12570	248.11716099793557	274.7199999998955	13.198	
1600-lilith-food	imazen-26-png-v3/png-v3/1600-lilith-food/1614_food_dessert-plate-upside-down_valladolid-mexico_s23u_iso640-f1p7_20230917-213342_4000x3000.sdr.png	t1	10	20	50551	149.42194799368735	171.8989999999465	75.243	
1600-lilith-food	imazen-26-png-v3/png-v3/1600-lilith-food/1614_food_dessert-plate-upside-down_valladolid-mexico_s23u_iso640-f1p7_20230917-213342_4000x3000.sdr.png	t1	10	32	27581	230.41949099570047	424.3139999999386	55.196	
1600-lilith-food	imazen-26-png-v3/png-v3/1600-lilith-food/1614_food_dessert-plate-upside-down_valladolid-mexico_s23u_iso640-f1p7_20230917-213342_4000x3000.sdr.png	t1	10	44	12984	157.93985499476548	307.0330000000041	11.935	
1600-lilith-food	imazen-26-png-v3/png-v3/1600-lilith-food/1614_food_dessert-plate-upside-down_valladolid-mexico_s23u_iso640-f1p7_20230917-213342_4000x3000.sdr.png	t1	12	20	50551	115.85174399078824	208.89099999997285	75.243	
1600-lilith-food	imazen-26-png-v3/png-v3/1600-lilith-food/1614_food_dessert-plate-upside-down_valladolid-mexico_s23u_iso640-f1p7_20230917-213342_4000x3000.sdr.png	t1	12	32	27581	145.770243005245	318.43900000001213	55.196	
1600-lilith-food	imazen-26-png-v3/png-v3/1600-lilith-food/1614_food_dessert-plate-upside-down_valladolid-mexico_s23u_iso640-f1p7_20230917-213342_4000x3000.sdr.png	t1	12	44	12984	145.17811899713706	419.0079999999625	11.935	
1600-lilith-food	imazen-26-png-v3/png-v3/1600-lilith-food/1614_food_dessert-plate-upside-down_valladolid-mexico_s23u_iso640-f1p7_20230917-213342_4000x3000.sdr.png	t2	-1	20	49507	3548.136222991161	34925.74400000003	76.990	
1600-lilith-food	imazen-26-png-v3/png-v3/1600-lilith-food/1614_food_dessert-plate-upside-down_valladolid-mexico_s23u_iso640-f1p7_20230917-213342_4000x3000.sdr.png	t2	-1	32	26979	6115.355632005958	53363.23200000003	60.656	
1600-lilith-food	imazen-26-png-v3/png-v3/1600-lilith-food/1614_food_dessert-plate-upside-down_valladolid-mexico_s23u_iso640-f1p7_20230917-213342_4000x3000.sdr.png	t2	-1	44	13028	7282.319660007488	61245.01000000005	24.717	
1600-lilith-food	imazen-26-png-v3/png-v3/1600-lilith-food/1614_food_dessert-plate-upside-down_valladolid-mexico_s23u_iso640-f1p7_20230917-213342_4000x3000.sdr.png	t2	2	20	47793	652.2541390004335	7654.845999999914	75.686	
1600-lilith-food	imazen-26-png-v3/png-v3/1600-lilith-food/1614_food_dessert-plate-upside-down_valladolid-mexico_s23u_iso640-f1p7_20230917-213342_4000x3000.sdr.png	t2	2	32	25482	788.6696269997628	2480.401000000015	59.209	
1600-lilith-food	imazen-26-png-v3/png-v3/1600-lilith-food/1614_food_dessert-plate-upside-down_valladolid-mexico_s23u_iso640-f1p7_20230917-213342_4000x3000.sdr.png	t2	2	44	12201	1265.654501010431	3489.5959999999277	22.185	
1600-lilith-food	imazen-26-png-v3/png-v3/1600-lilith-food/1614_food_dessert-plate-upside-down_valladolid-mexico_s23u_iso640-f1p7_20230917-213342_4000x3000.sdr.png	t2	4	20	47954	269.1988769947784	395.3310000000414	75.158	
1600-lilith-food	imazen-26-png-v3/png-v3/1600-lilith-food/1614_food_dessert-plate-upside-down_valladolid-mexico_s23u_iso640-f1p7_20230917-213342_4000x3000.sdr.png	t2	4	32	25533	338.9607719873311	959.4769999999428	58.476	
1600-lilith-food	imazen-26-png-v3/png-v3/1600-lilith-food/1614_food_dessert-plate-upside-down_valladolid-mexico_s23u_iso640-f1p7_20230917-213342_4000x3000.sdr.png	t2	4	44	12084	277.3860750021413	548.022999999894	20.295	
1600-lilith-food	imazen-26-png-v3/png-v3/1600-lilith-food/1614_food_dessert-plate-upside-down_valladolid-mexico_s23u_iso640-f1p7_20230917-213342_4000x3000.sdr.png	t2	6	20	48845	157.07559300062712	649.1960000000106	75.413	
1600-lilith-food	imazen-26-png-v3/png-v3/1600-lilith-food/1614_food_dessert-plate-upside-down_valladolid-mexico_s23u_iso640-f1p7_20230917-213342_4000x3000.sdr.png	t2	6	32	25938	538.6558739992324	134.6350000000598	57.568	
1600-lilith-food	imazen-26-png-v3/png-v3/1600-lilith-food/1614_food_dessert-plate-upside-down_valladolid-mexico_s23u_iso640-f1p7_20230917-213342_4000x3000.sdr.png	t2	6	44	12169	227.66763500112575	225.61299999990325	18.526	
1600-lilith-food	imazen-26-png-v3/png-v3/1600-lilith-food/1614_food_dessert-plate-upside-down_valladolid-mexico_s23u_iso640-f1p7_20230917-213342_4000x3000.sdr.png	t2	8	20	48250	159.16669399302918	485.96199999999357	74.850	
1600-lilith-food	imazen-26-png-v3/png-v3/1600-lilith-food/1614_food_dessert-plate-upside-down_valladolid-mexico_s23u_iso640-f1p7_20230917-213342_4000x3000.sdr.png	t2	8	32	25750	133.19018299807794	269.94700000002325	56.877	
1600-lilith-food	imazen-26-png-v3/png-v3/1600-lilith-food/1614_food_dessert-plate-upside-down_valladolid-mexico_s23u_iso640-f1p7_20230917-213342_4000x3000.sdr.png	t2	8	44	12068	153.6401890043635	485.96199999999357	16.384	
1600-lilith-food	imazen-26-png-v3/png-v3/1600-lilith-food/1614_food_dessert-plate-upside-down_valladolid-mexico_s23u_iso640-f1p7_20230917-213342_4000x3000.sdr.png	t2	10	20	49256	172.0767320075538	267.90799999997006	75.452	
1600-lilith-food	imazen-26-png-v3/png-v3/1600-lilith-food/1614_food_dessert-plate-upside-down_valladolid-mexico_s23u_iso640-f1p7_20230917-213342_4000x3000.sdr.png	t2	10	32	25988	156.66790900286287	228.48700000006517	56.967	
1600-lilith-food	imazen-26-png-v3/png-v3/1600-lilith-food/1614_food_dessert-plate-upside-down_valladolid-mexico_s23u_iso640-f1p7_20230917-213342_4000x3000.sdr.png	t2	10	44	12231	180.30383600853384	9646.306000000095	15.448	
1600-lilith-food	imazen-26-png-v3/png-v3/1600-lilith-food/1614_food_dessert-plate-upside-down_valladolid-mexico_s23u_iso640-f1p7_20230917-213342_4000x3000.sdr.png	t2	12	20	49256	145.8154079882661	254.60399999996497	75.452	
1600-lilith-food	imazen-26-png-v3/png-v3/1600-lilith-food/1614_food_dessert-plate-upside-down_valladolid-mexico_s23u_iso640-f1p7_20230917-213342_4000x3000.sdr.png	t2	12	32	25988	144.56397198955528	317.84899999993854	56.967	
1600-lilith-food	imazen-26-png-v3/png-v3/1600-lilith-food/1614_food_dessert-plate-upside-down_valladolid-mexico_s23u_iso640-f1p7_20230917-213342_4000x3000.sdr.png	t2	12	44	12231	218.34878700610716	3918.9819999999786	15.448	
1600-lilith-food	imazen-26-png-v3/png-v3/1600-lilith-food/1614_food_dessert-plate-upside-down_valladolid-mexico_s23u_iso640-f1p7_20230917-213342_4000x3000.sdr.png	t3	-1	20	51266	4186.321624001721	34435.38399999997	DEC-ERR	
1600-lilith-food	imazen-26-png-v3/png-v3/1600-lilith-food/1614_food_dessert-plate-upside-down_valladolid-mexico_s23u_iso640-f1p7_20230917-213342_4000x3000.sdr.png	t3	-1	32	30593	7571.458083009929	50994.04100000001	DEC-ERR	
1600-lilith-food	imazen-26-png-v3/png-v3/1600-lilith-food/1614_food_dessert-plate-upside-down_valladolid-mexico_s23u_iso640-f1p7_20230917-213342_4000x3000.sdr.png	t3	-1	44	16211	9382.452152000042	61256.05700000009	DEC-ERR	
1600-lilith-food	imazen-26-png-v3/png-v3/1600-lilith-food/1614_food_dessert-plate-upside-down_valladolid-mexico_s23u_iso640-f1p7_20230917-213342_4000x3000.sdr.png	t3	2	20	51802	847.3703549971106	9308.826000000088	80.707	
1600-lilith-food	imazen-26-png-v3/png-v3/1600-lilith-food/1614_food_dessert-plate-upside-down_valladolid-mexico_s23u_iso640-f1p7_20230917-213342_4000x3000.sdr.png	t3	2	32	29978	1019.9553920101607	10466.057999999997	69.973	
1600-lilith-food	imazen-26-png-v3/png-v3/1600-lilith-food/1614_food_dessert-plate-upside-down_valladolid-mexico_s23u_iso640-f1p7_20230917-213342_4000x3000.sdr.png	t3	2	44	14759	1108.9977939991513	11538.75000000003	43.140	
1600-lilith-food	imazen-26-png-v3/png-v3/1600-lilith-food/1614_food_dessert-plate-upside-down_valladolid-mexico_s23u_iso640-f1p7_20230917-213342_4000x3000.sdr.png	t3	4	20	52199	306.40502499591094	7596.435000000021	80.704	
1600-lilith-food	imazen-26-png-v3/png-v3/1600-lilith-food/1614_food_dessert-plate-upside-down_valladolid-mexico_s23u_iso640-f1p7_20230917-213342_4000x3000.sdr.png	t3	4	32	30252	343.2510499987984	7943.97400000004	69.799	
1600-lilith-food	imazen-26-png-v3/png-v3/1600-lilith-food/1614_food_dessert-plate-upside-down_valladolid-mexico_s23u_iso640-f1p7_20230917-213342_4000x3000.sdr.png	t3	4	44	14870	288.4805950016016	1118.8169999999573	43.078	
1600-lilith-food	imazen-26-png-v3/png-v3/1600-lilith-food/1614_food_dessert-plate-upside-down_valladolid-mexico_s23u_iso640-f1p7_20230917-213342_4000x3000.sdr.png	t3	6	20	52647	184.3319150066236	475.73399999996724	80.766	
1600-lilith-food	imazen-26-png-v3/png-v3/1600-lilith-food/1614_food_dessert-plate-upside-down_valladolid-mexico_s23u_iso640-f1p7_20230917-213342_4000x3000.sdr.png	t3	6	32	30898	206.02380100172013	966.6920000000516	70.343	
1600-lilith-food	imazen-26-png-v3/png-v3/1600-lilith-food/1614_food_dessert-plate-upside-down_valladolid-mexico_s23u_iso640-f1p7_20230917-213342_4000x3000.sdr.png	t3	6	44	15270	438.70558800699655	2248.69300000001	43.809	
1600-lilith-food	imazen-26-png-v3/png-v3/1600-lilith-food/1614_food_dessert-plate-upside-down_valladolid-mexico_s23u_iso640-f1p7_20230917-213342_4000x3000.sdr.png	t3	8	20	53927	262.1554310026113	194.01100000010274	80.446	
1600-lilith-food	imazen-26-png-v3/png-v3/1600-lilith-food/1614_food_dessert-plate-upside-down_valladolid-mexico_s23u_iso640-f1p7_20230917-213342_4000x3000.sdr.png	t3	8	32	32111	260.83690699306317	276.28399999995423	69.685	
1600-lilith-food	imazen-26-png-v3/png-v3/1600-lilith-food/1614_food_dessert-plate-upside-down_valladolid-mexico_s23u_iso640-f1p7_20230917-213342_4000x3000.sdr.png	t3	8	44	15808	235.2812330063898	239.70599999989162	43.768	
1600-lilith-food	imazen-26-png-v3/png-v3/1600-lilith-food/1614_food_dessert-plate-upside-down_valladolid-mexico_s23u_iso640-f1p7_20230917-213342_4000x3000.sdr.png	t3	10	20	54398	173.51302900351584	6253.131000000068	80.287	
1600-lilith-food	imazen-26-png-v3/png-v3/1600-lilith-food/1614_food_dessert-plate-upside-down_valladolid-mexico_s23u_iso640-f1p7_20230917-213342_4000x3000.sdr.png	t3	10	32	32180	174.82219499652274	253.055000000046	69.668	
1600-lilith-food	imazen-26-png-v3/png-v3/1600-lilith-food/1614_food_dessert-plate-upside-down_valladolid-mexico_s23u_iso640-f1p7_20230917-213342_4000x3000.sdr.png	t3	10	44	15968	265.52328700199723	502.4130000000753	43.859	
1600-lilith-food	imazen-26-png-v3/png-v3/1600-lilith-food/1614_food_dessert-plate-upside-down_valladolid-mexico_s23u_iso640-f1p7_20230917-213342_4000x3000.sdr.png	t3	12	20	54398	189.10630300524645	363.4170000000836	80.287	
1600-lilith-food	imazen-26-png-v3/png-v3/1600-lilith-food/1614_food_dessert-plate-upside-down_valladolid-mexico_s23u_iso640-f1p7_20230917-213342_4000x3000.sdr.png	t3	12	32	32180	157.9085850098636	107.07899999994197	69.668	
1600-lilith-food	imazen-26-png-v3/png-v3/1600-lilith-food/1614_food_dessert-plate-upside-down_valladolid-mexico_s23u_iso640-f1p7_20230917-213342_4000x3000.sdr.png	t3	12	44	15968	194.23568400088698	142.55399999994722	43.859	
1600-lilith-food	imazen-26-png-v3/png-v3/1600-lilith-food/1614_food_dessert-plate-upside-down_valladolid-mexico_s23u_iso640-f1p7_20230917-213342_4000x3000.sdr.png	t4	-1	20	52482	3586.1836889962433	13414.705999999953	DEC-ERR	
1600-lilith-food	imazen-26-png-v3/png-v3/1600-lilith-food/1614_food_dessert-plate-upside-down_valladolid-mexico_s23u_iso640-f1p7_20230917-213342_4000x3000.sdr.png	t4	-1	32	31336	6806.265852996148	42429.321000000054	DEC-ERR	
1600-lilith-food	imazen-26-png-v3/png-v3/1600-lilith-food/1614_food_dessert-plate-upside-down_valladolid-mexico_s23u_iso640-f1p7_20230917-213342_4000x3000.sdr.png	t4	-1	44	15091	9124.943975999486	61450.654999999904	DEC-ERR	
1600-lilith-food	imazen-26-png-v3/png-v3/1600-lilith-food/1614_food_dessert-plate-upside-down_valladolid-mexico_s23u_iso640-f1p7_20230917-213342_4000x3000.sdr.png	t4	2	20	51946	1059.9726799991913	2033.5250000000542	80.644	
1600-lilith-food	imazen-26-png-v3/png-v3/1600-lilith-food/1614_food_dessert-plate-upside-down_valladolid-mexico_s23u_iso640-f1p7_20230917-213342_4000x3000.sdr.png	t4	2	32	29345	1044.2344399925787	2865.6649999999217	68.386	
1600-lilith-food	imazen-26-png-v3/png-v3/1600-lilith-food/1614_food_dessert-plate-upside-down_valladolid-mexico_s23u_iso640-f1p7_20230917-213342_4000x3000.sdr.png	t4	2	44	14648	1198.4713419951731	4026.808999999993	41.686	
1600-lilith-food	imazen-26-png-v3/png-v3/1600-lilith-food/1614_food_dessert-plate-upside-down_valladolid-mexico_s23u_iso640-f1p7_20230917-213342_4000x3000.sdr.png	t4	4	20	52019	338.5806910082465	840.2329999999836	80.214	
1600-lilith-food	imazen-26-png-v3/png-v3/1600-lilith-food/1614_food_dessert-plate-upside-down_valladolid-mexico_s23u_iso640-f1p7_20230917-213342_4000x3000.sdr.png	t4	4	32	28622	330.6531249982072	1102.581000000022	67.064	
1600-lilith-food	imazen-26-png-v3/png-v3/1600-lilith-food/1614_food_dessert-plate-upside-down_valladolid-mexico_s23u_iso640-f1p7_20230917-213342_4000x3000.sdr.png	t4	4	44	14583	288.68684599001426	450.1459999999824	40.311	
1600-lilith-food	imazen-26-png-v3/png-v3/1600-lilith-food/1614_food_dessert-plate-upside-down_valladolid-mexico_s23u_iso640-f1p7_20230917-213342_4000x3000.sdr.png	t4	6	20	52216	143.707765993895	143.51400000000325	80.025	
1600-lilith-food	imazen-26-png-v3/png-v3/1600-lilith-food/1614_food_dessert-plate-upside-down_valladolid-mexico_s23u_iso640-f1p7_20230917-213342_4000x3000.sdr.png	t4	6	32	28994	343.1507799978135	2975.484999999999	67.023	
1600-lilith-food	imazen-26-png-v3/png-v3/1600-lilith-food/1614_food_dessert-plate-upside-down_valladolid-mexico_s23u_iso640-f1p7_20230917-213342_4000x3000.sdr.png	t4	6	44	15122	252.4093219981296	1383.6280000000088	41.845	
1600-lilith-food	imazen-26-png-v3/png-v3/1600-lilith-food/1614_food_dessert-plate-upside-down_valladolid-mexico_s23u_iso640-f1p7_20230917-213342_4000x3000.sdr.png	t4	8	20	52719	365.855076990556	1581.249999999919	79.150	
1600-lilith-food	imazen-26-png-v3/png-v3/1600-lilith-food/1614_food_dessert-plate-upside-down_valladolid-mexico_s23u_iso640-f1p7_20230917-213342_4000x3000.sdr.png	t4	8	32	29462	129.12445100664627	262.4570000000048	66.030	
1600-lilith-food	imazen-26-png-v3/png-v3/1600-lilith-food/1614_food_dessert-plate-upside-down_valladolid-mexico_s23u_iso640-f1p7_20230917-213342_4000x3000.sdr.png	t4	8	44	13793	387.3713789944304	259.8749999999441	36.496	
1600-lilith-food	imazen-26-png-v3/png-v3/1600-lilith-food/1614_food_dessert-plate-upside-down_valladolid-mexico_s23u_iso640-f1p7_20230917-213342_4000x3000.sdr.png	t4	10	20	53619	331.1613400001079	122.27800000005118	79.345	
1600-lilith-food	imazen-26-png-v3/png-v3/1600-lilith-food/1614_food_dessert-plate-upside-down_valladolid-mexico_s23u_iso640-f1p7_20230917-213342_4000x3000.sdr.png	t4	10	32	31495	128.12783899425995	148.28899999999123	68.119	
1600-lilith-food	imazen-26-png-v3/png-v3/1600-lilith-food/1614_food_dessert-plate-upside-down_valladolid-mexico_s23u_iso640-f1p7_20230917-213342_4000x3000.sdr.png	t4	10	44	15432	149.2953669949202	293.33599999996807	40.586	
1600-lilith-food	imazen-26-png-v3/png-v3/1600-lilith-food/1614_food_dessert-plate-upside-down_valladolid-mexico_s23u_iso640-f1p7_20230917-213342_4000x3000.sdr.png	t4	12	20	53619	268.96803799900226	557.5849999999463	79.345	
1600-lilith-food	imazen-26-png-v3/png-v3/1600-lilith-food/1614_food_dessert-plate-upside-down_valladolid-mexico_s23u_iso640-f1p7_20230917-213342_4000x3000.sdr.png	t4	12	32	31495	119.04546000005212	145.6070000000551	68.119	
1600-lilith-food	imazen-26-png-v3/png-v3/1600-lilith-food/1614_food_dessert-plate-upside-down_valladolid-mexico_s23u_iso640-f1p7_20230917-213342_4000x3000.sdr.png	t4	12	44	15432	175.2155819995096	402.36800000015194	40.586	
1600-lilith-food	imazen-26-png-v3/png-v3/1600-lilith-food/1614_food_dessert-plate-upside-down_valladolid-mexico_s23u_iso640-f1p7_20230917-213342_4000x3000.sdr.png	st	-1	20	47517	4042.1531929896446	36885.91999999997	DEC-ERR	
1600-lilith-food	imazen-26-png-v3/png-v3/1600-lilith-food/1614_food_dessert-plate-upside-down_valladolid-mexico_s23u_iso640-f1p7_20230917-213342_4000x3000.sdr.png	st	-1	32	26932	7386.2063819979085	65708.77000000005	DEC-ERR	
1600-lilith-food	imazen-26-png-v3/png-v3/1600-lilith-food/1614_food_dessert-plate-upside-down_valladolid-mexico_s23u_iso640-f1p7_20230917-213342_4000x3000.sdr.png	st	-1	44	13479	8896.997231000569	79568.69299999991	DEC-ERR	
1600-lilith-food	imazen-26-png-v3/png-v3/1600-lilith-food/1614_food_dessert-plate-upside-down_valladolid-mexico_s23u_iso640-f1p7_20230917-213342_4000x3000.sdr.png	st	2	20	48260	842.6242220011773	1754.7980000000366	79.041	
1600-lilith-food	imazen-26-png-v3/png-v3/1600-lilith-food/1614_food_dessert-plate-upside-down_valladolid-mexico_s23u_iso640-f1p7_20230917-213342_4000x3000.sdr.png	st	2	32	27006	940.3471979894675	2659.0230000000192	64.903	
1600-lilith-food	imazen-26-png-v3/png-v3/1600-lilith-food/1614_food_dessert-plate-upside-down_valladolid-mexico_s23u_iso640-f1p7_20230917-213342_4000x3000.sdr.png	st	2	44	13331	1053.8218779984163	3886.3209999999244	32.617	
1600-lilith-food	imazen-26-png-v3/png-v3/1600-lilith-food/1614_food_dessert-plate-upside-down_valladolid-mexico_s23u_iso640-f1p7_20230917-213342_4000x3000.sdr.png	st	4	20	48652	327.59035800700076	361.97500000000105	78.899	
1600-lilith-food	imazen-26-png-v3/png-v3/1600-lilith-food/1614_food_dessert-plate-upside-down_valladolid-mexico_s23u_iso640-f1p7_20230917-213342_4000x3000.sdr.png	st	4	32	27129	342.33860700624064	908.2380000000044	64.820	
1600-lilith-food	imazen-26-png-v3/png-v3/1600-lilith-food/1614_food_dessert-plate-upside-down_valladolid-mexico_s23u_iso640-f1p7_20230917-213342_4000x3000.sdr.png	st	4	44	13379	279.34907299641054	562.166999999981	32.226	
1600-lilith-food	imazen-26-png-v3/png-v3/1600-lilith-food/1614_food_dessert-plate-upside-down_valladolid-mexico_s23u_iso640-f1p7_20230917-213342_4000x3000.sdr.png	st	6	20	49122	173.1886640045559	1122.144999999975	78.891	
1600-lilith-food	imazen-26-png-v3/png-v3/1600-lilith-food/1614_food_dessert-plate-upside-down_valladolid-mexico_s23u_iso640-f1p7_20230917-213342_4000x3000.sdr.png	st	6	32	27713	418.74851800093893	1302.896999999973	65.222	
1600-lilith-food	imazen-26-png-v3/png-v3/1600-lilith-food/1614_food_dessert-plate-upside-down_valladolid-mexico_s23u_iso640-f1p7_20230917-213342_4000x3000.sdr.png	st	6	44	13642	219.33894799440168	1156.942000000015	31.705	
1600-lilith-food	imazen-26-png-v3/png-v3/1600-lilith-food/1614_food_dessert-plate-upside-down_valladolid-mexico_s23u_iso640-f1p7_20230917-213342_4000x3000.sdr.png	st	8	20	50021	146.96899999398738	189.49600000005518	78.393	
1600-lilith-food	imazen-26-png-v3/png-v3/1600-lilith-food/1614_food_dessert-plate-upside-down_valladolid-mexico_s23u_iso640-f1p7_20230917-213342_4000x3000.sdr.png	st	8	32	28633	269.8111189965857	282.50600000004056	64.222	
1600-lilith-food	imazen-26-png-v3/png-v3/1600-lilith-food/1614_food_dessert-plate-upside-down_valladolid-mexico_s23u_iso640-f1p7_20230917-213342_4000x3000.sdr.png	st	8	44	14064	234.17827900266275	353.29299999998653	31.986	
1600-lilith-food	imazen-26-png-v3/png-v3/1600-lilith-food/1614_food_dessert-plate-upside-down_valladolid-mexico_s23u_iso640-f1p7_20230917-213342_4000x3000.sdr.png	st	10	20	50492	204.62226899689995	9666.852000000063	78.388	
1600-lilith-food	imazen-26-png-v3/png-v3/1600-lilith-food/1614_food_dessert-plate-upside-down_valladolid-mexico_s23u_iso640-f1p7_20230917-213342_4000x3000.sdr.png	st	10	32	28664	159.52510399802122	266.66200000001083	64.108	
1600-lilith-food	imazen-26-png-v3/png-v3/1600-lilith-food/1614_food_dessert-plate-upside-down_valladolid-mexico_s23u_iso640-f1p7_20230917-213342_4000x3000.sdr.png	st	10	44	14159	252.34436799655668	267.14799999987093	31.316	
1600-lilith-food	imazen-26-png-v3/png-v3/1600-lilith-food/1614_food_dessert-plate-upside-down_valladolid-mexico_s23u_iso640-f1p7_20230917-213342_4000x3000.sdr.png	st	12	20	50492	388.1216030131327	337.635000000013	78.388	
1600-lilith-food	imazen-26-png-v3/png-v3/1600-lilith-food/1614_food_dessert-plate-upside-down_valladolid-mexico_s23u_iso640-f1p7_20230917-213342_4000x3000.sdr.png	st	12	32	28664	468.25765099492855	142.74400000016385	64.108	
1600-lilith-food	imazen-26-png-v3/png-v3/1600-lilith-food/1614_food_dessert-plate-upside-down_valladolid-mexico_s23u_iso640-f1p7_20230917-213342_4000x3000.sdr.png	st	12	44	14159	170.2244240004802	325.8510000000854	31.316	
2000-unsplash-people	imazen-26-png-v3/png-v3/2000-unsplash-people/2000_people_by-alexander-aguero-enppvuxbcce-unsplash_4400x6600.sdr.png	t1	-1	20	8440	2082.158157005324	17092.658999999956	65.810	
2000-unsplash-people	imazen-26-png-v3/png-v3/2000-unsplash-people/2000_people_by-alexander-aguero-enppvuxbcce-unsplash_4400x6600.sdr.png	t1	-1	32	2511	2767.6482040114934	31223.099	40.482	
2000-unsplash-people	imazen-26-png-v3/png-v3/2000-unsplash-people/2000_people_by-alexander-aguero-enppvuxbcce-unsplash_4400x6600.sdr.png	t1	-1	44	830	2695.0308569939807	28607.734999999997	6.997	
2000-unsplash-people	imazen-26-png-v3/png-v3/2000-unsplash-people/2000_people_by-alexander-aguero-enppvuxbcce-unsplash_4400x6600.sdr.png	t1	2	20	7746	446.5341159957461	4516.058000000015	63.755	
2000-unsplash-people	imazen-26-png-v3/png-v3/2000-unsplash-people/2000_people_by-alexander-aguero-enppvuxbcce-unsplash_4400x6600.sdr.png	t1	2	32	2306	467.3153909971006	5378.382000000073	38.377	
2000-unsplash-people	imazen-26-png-v3/png-v3/2000-unsplash-people/2000_people_by-alexander-aguero-enppvuxbcce-unsplash_4400x6600.sdr.png	t1	2	44	762	414.1143869928783	4919.11999999995	2.854	
2000-unsplash-people	imazen-26-png-v3/png-v3/2000-unsplash-people/2000_people_by-alexander-aguero-enppvuxbcce-unsplash_4400x6600.sdr.png	t1	4	20	7772	410.4070259927539	2254.8639999999623	63.207	
2000-unsplash-people	imazen-26-png-v3/png-v3/2000-unsplash-people/2000_people_by-alexander-aguero-enppvuxbcce-unsplash_4400x6600.sdr.png	t1	4	32	2320	395.1634870027192	1939.1919999999914	38.156	
2000-unsplash-people	imazen-26-png-v3/png-v3/2000-unsplash-people/2000_people_by-alexander-aguero-enppvuxbcce-unsplash_4400x6600.sdr.png	t1	4	44	759	345.8221619948745	2211.900999999962	2.897	
2000-unsplash-people	imazen-26-png-v3/png-v3/2000-unsplash-people/2000_people_by-alexander-aguero-enppvuxbcce-unsplash_4400x6600.sdr.png	t1	6	20	7932	325.4150269931415	644.4650000000536	63.993	
2000-unsplash-people	imazen-26-png-v3/png-v3/2000-unsplash-people/2000_people_by-alexander-aguero-enppvuxbcce-unsplash_4400x6600.sdr.png	t1	6	32	2385	278.2472699909704	384.6510000000478	37.830	
2000-unsplash-people	imazen-26-png-v3/png-v3/2000-unsplash-people/2000_people_by-alexander-aguero-enppvuxbcce-unsplash_4400x6600.sdr.png	t1	6	44	806	285.3510119894054	1111.1580000000104	2.828	
2000-unsplash-people	imazen-26-png-v3/png-v3/2000-unsplash-people/2000_people_by-alexander-aguero-enppvuxbcce-unsplash_4400x6600.sdr.png	t1	8	20	7461	262.3335380048957	1078.1929999999847	63.234	
2000-unsplash-people	imazen-26-png-v3/png-v3/2000-unsplash-people/2000_people_by-alexander-aguero-enppvuxbcce-unsplash_4400x6600.sdr.png	t1	8	32	2342	272.6192129921401	1530.0700000000518	36.195	
2000-unsplash-people	imazen-26-png-v3/png-v3/2000-unsplash-people/2000_people_by-alexander-aguero-enppvuxbcce-unsplash_4400x6600.sdr.png	t1	8	44	808	262.47282400436234	1497.052000000025	0.568	
2000-unsplash-people	imazen-26-png-v3/png-v3/2000-unsplash-people/2000_people_by-alexander-aguero-enppvuxbcce-unsplash_4400x6600.sdr.png	t1	10	20	7429	389.5782500039786	5895.1769999998905	63.404	
2000-unsplash-people	imazen-26-png-v3/png-v3/2000-unsplash-people/2000_people_by-alexander-aguero-enppvuxbcce-unsplash_4400x6600.sdr.png	t1	10	32	2322	280.6997089937795	648.9809999999422	36.641	
2000-unsplash-people	imazen-26-png-v3/png-v3/2000-unsplash-people/2000_people_by-alexander-aguero-enppvuxbcce-unsplash_4400x6600.sdr.png	t1	10	44	783	361.34663500706665	1100.9720000000912	0.560	
2000-unsplash-people	imazen-26-png-v3/png-v3/2000-unsplash-people/2000_people_by-alexander-aguero-enppvuxbcce-unsplash_4400x6600.sdr.png	t1	12	20	7429	304.43119700066745	1031.514999999999	63.404	
2000-unsplash-people	imazen-26-png-v3/png-v3/2000-unsplash-people/2000_people_by-alexander-aguero-enppvuxbcce-unsplash_4400x6600.sdr.png	t1	12	32	2322	366.2950029975036	1275.1440000000543	36.641	
2000-unsplash-people	imazen-26-png-v3/png-v3/2000-unsplash-people/2000_people_by-alexander-aguero-enppvuxbcce-unsplash_4400x6600.sdr.png	t1	12	44	783	267.18864901340567	1478.3979999998992	0.560	
2000-unsplash-people	imazen-26-png-v3/png-v3/2000-unsplash-people/2000_people_by-alexander-aguero-enppvuxbcce-unsplash_4400x6600.sdr.png	t2	-1	20	8340	2103.7604020093568	13735.662999999973	66.136	
2000-unsplash-people	imazen-26-png-v3/png-v3/2000-unsplash-people/2000_people_by-alexander-aguero-enppvuxbcce-unsplash_4400x6600.sdr.png	t2	-1	32	2477	2625.0697529903846	24133.448000000135	40.925	
2000-unsplash-people	imazen-26-png-v3/png-v3/2000-unsplash-people/2000_people_by-alexander-aguero-enppvuxbcce-unsplash_4400x6600.sdr.png	t2	-1	44	832	2804.7027650027303	21392.821000000047	6.844	
2000-unsplash-people	imazen-26-png-v3/png-v3/2000-unsplash-people/2000_people_by-alexander-aguero-enppvuxbcce-unsplash_4400x6600.sdr.png	t2	2	20	7793	651.2758210010361	1087.6150000000493	63.991	
2000-unsplash-people	imazen-26-png-v3/png-v3/2000-unsplash-people/2000_people_by-alexander-aguero-enppvuxbcce-unsplash_4400x6600.sdr.png	t2	2	32	2258	618.9178500062553	656.0170000000412	38.422	
2000-unsplash-people	imazen-26-png-v3/png-v3/2000-unsplash-people/2000_people_by-alexander-aguero-enppvuxbcce-unsplash_4400x6600.sdr.png	t2	2	44	757	515.5069720058236	2932.9290000000015	3.449	
2000-unsplash-people	imazen-26-png-v3/png-v3/2000-unsplash-people/2000_people_by-alexander-aguero-enppvuxbcce-unsplash_4400x6600.sdr.png	t2	4	20	7784	345.5295160092646	1587.1159999999236	63.523	
2000-unsplash-people	imazen-26-png-v3/png-v3/2000-unsplash-people/2000_people_by-alexander-aguero-enppvuxbcce-unsplash_4400x6600.sdr.png	t2	4	32	2302	360.31846300465986	2130.476999999985	38.525	
2000-unsplash-people	imazen-26-png-v3/png-v3/2000-unsplash-people/2000_people_by-alexander-aguero-enppvuxbcce-unsplash_4400x6600.sdr.png	t2	4	44	740	360.919473998365	2837.851000000022	2.504	
2000-unsplash-people	imazen-26-png-v3/png-v3/2000-unsplash-people/2000_people_by-alexander-aguero-enppvuxbcce-unsplash_4400x6600.sdr.png	t2	6	20	7940	271.9263359904289	1169.3989999999985	64.269	
2000-unsplash-people	imazen-26-png-v3/png-v3/2000-unsplash-people/2000_people_by-alexander-aguero-enppvuxbcce-unsplash_4400x6600.sdr.png	t2	6	32	2372	305.89111999142915	2019.2589999999484	37.909	
2000-unsplash-people	imazen-26-png-v3/png-v3/2000-unsplash-people/2000_people_by-alexander-aguero-enppvuxbcce-unsplash_4400x6600.sdr.png	t2	6	44	794	442.4611099966569	11598.451000000061	2.337	
2000-unsplash-people	imazen-26-png-v3/png-v3/2000-unsplash-people/2000_people_by-alexander-aguero-enppvuxbcce-unsplash_4400x6600.sdr.png	t2	8	20	7590	311.733415001072	945.7519999998993	63.908	
2000-unsplash-people	imazen-26-png-v3/png-v3/2000-unsplash-people/2000_people_by-alexander-aguero-enppvuxbcce-unsplash_4400x6600.sdr.png	t2	8	32	2287	285.89915299380664	702.2379999998947	36.156	
2000-unsplash-people	imazen-26-png-v3/png-v3/2000-unsplash-people/2000_people_by-alexander-aguero-enppvuxbcce-unsplash_4400x6600.sdr.png	t2	8	44	793	341.60077599517535	1188.6139999999798	0.285	
2000-unsplash-people	imazen-26-png-v3/png-v3/2000-unsplash-people/2000_people_by-alexander-aguero-enppvuxbcce-unsplash_4400x6600.sdr.png	t2	10	20	7574	253.53913799335714	384.4819999999558	64.061	
2000-unsplash-people	imazen-26-png-v3/png-v3/2000-unsplash-people/2000_people_by-alexander-aguero-enppvuxbcce-unsplash_4400x6600.sdr.png	t2	10	32	2265	487.57664900040254	1605.8630000000278	36.308	
2000-unsplash-people	imazen-26-png-v3/png-v3/2000-unsplash-people/2000_people_by-alexander-aguero-enppvuxbcce-unsplash_4400x6600.sdr.png	t2	10	44	765	319.3707680038642	1336.5080000000873	0.224	
2000-unsplash-people	imazen-26-png-v3/png-v3/2000-unsplash-people/2000_people_by-alexander-aguero-enppvuxbcce-unsplash_4400x6600.sdr.png	t2	12	20	7574	426.56859899580013	4717.993000000113	64.061	
2000-unsplash-people	imazen-26-png-v3/png-v3/2000-unsplash-people/2000_people_by-alexander-aguero-enppvuxbcce-unsplash_4400x6600.sdr.png	t2	12	32	2265	329.65268498810474	4439.100000000068	36.308	
2000-unsplash-people	imazen-26-png-v3/png-v3/2000-unsplash-people/2000_people_by-alexander-aguero-enppvuxbcce-unsplash_4400x6600.sdr.png	t2	12	44	765	417.427267995663	4234.975000000013	0.224	
2000-unsplash-people	imazen-26-png-v3/png-v3/2000-unsplash-people/2000_people_by-alexander-aguero-enppvuxbcce-unsplash_4400x6600.sdr.png	t3	-1	20	18007	4122.83208098961	12786.917000000101	DEC-ERR	
2000-unsplash-people	imazen-26-png-v3/png-v3/2000-unsplash-people/2000_people_by-alexander-aguero-enppvuxbcce-unsplash_4400x6600.sdr.png	t3	-1	32	9308	4201.395752010285	16501.635999999984	DEC-ERR	
2000-unsplash-people	imazen-26-png-v3/png-v3/2000-unsplash-people/2000_people_by-alexander-aguero-enppvuxbcce-unsplash_4400x6600.sdr.png	t3	-1	44	2630	2422.2826390032424	6637.678999999935	DEC-ERR	
2000-unsplash-people	imazen-26-png-v3/png-v3/2000-unsplash-people/2000_people_by-alexander-aguero-enppvuxbcce-unsplash_4400x6600.sdr.png	t3	2	20	18787	910.8253329904983	3176.2930000000724	78.784	
2000-unsplash-people	imazen-26-png-v3/png-v3/2000-unsplash-people/2000_people_by-alexander-aguero-enppvuxbcce-unsplash_4400x6600.sdr.png	t3	2	32	9917	959.2024860030506	3823.0540000000133	67.348	
2000-unsplash-people	imazen-26-png-v3/png-v3/2000-unsplash-people/2000_people_by-alexander-aguero-enppvuxbcce-unsplash_4400x6600.sdr.png	t3	2	44	2822	503.4189660073025	2444.41700000003	40.227	
2000-unsplash-people	imazen-26-png-v3/png-v3/2000-unsplash-people/2000_people_by-alexander-aguero-enppvuxbcce-unsplash_4400x6600.sdr.png	t3	4	20	19205	374.4861779996427	1913.133999999971	78.467	
2000-unsplash-people	imazen-26-png-v3/png-v3/2000-unsplash-people/2000_people_by-alexander-aguero-enppvuxbcce-unsplash_4400x6600.sdr.png	t3	4	32	10312	369.18823700398207	1913.133999999971	67.621	
2000-unsplash-people	imazen-26-png-v3/png-v3/2000-unsplash-people/2000_people_by-alexander-aguero-enppvuxbcce-unsplash_4400x6600.sdr.png	t3	4	44	3032	327.0900689967675	1179.398000000006	41.624	
2000-unsplash-people	imazen-26-png-v3/png-v3/2000-unsplash-people/2000_people_by-alexander-aguero-enppvuxbcce-unsplash_4400x6600.sdr.png	t3	6	20	19695	264.264326004195	330.907000000046	78.528	
2000-unsplash-people	imazen-26-png-v3/png-v3/2000-unsplash-people/2000_people_by-alexander-aguero-enppvuxbcce-unsplash_4400x6600.sdr.png	t3	6	32	10936	274.62668500083964	861.9030000000265	68.246	
2000-unsplash-people	imazen-26-png-v3/png-v3/2000-unsplash-people/2000_people_by-alexander-aguero-enppvuxbcce-unsplash_4400x6600.sdr.png	t3	6	44	3282	270.82156800315715	1080.5750000000244	42.596	
2000-unsplash-people	imazen-26-png-v3/png-v3/2000-unsplash-people/2000_people_by-alexander-aguero-enppvuxbcce-unsplash_4400x6600.sdr.png	t3	8	20	20273	334.4753639976261	272.62399999992937	78.594	
2000-unsplash-people	imazen-26-png-v3/png-v3/2000-unsplash-people/2000_people_by-alexander-aguero-enppvuxbcce-unsplash_4400x6600.sdr.png	t3	8	32	11340	490.52063999988604	2956.163999999994	68.170	
2000-unsplash-people	imazen-26-png-v3/png-v3/2000-unsplash-people/2000_people_by-alexander-aguero-enppvuxbcce-unsplash_4400x6600.sdr.png	t3	8	44	3447	343.45880399632733	2964.7000000000007	43.687	
2000-unsplash-people	imazen-26-png-v3/png-v3/2000-unsplash-people/2000_people_by-alexander-aguero-enppvuxbcce-unsplash_4400x6600.sdr.png	t3	10	20	19962	318.1405619980069	3205.8399999999738	78.667	
2000-unsplash-people	imazen-26-png-v3/png-v3/2000-unsplash-people/2000_people_by-alexander-aguero-enppvuxbcce-unsplash_4400x6600.sdr.png	t3	10	32	11235	309.8314829985611	1364.9569999999542	68.084	
2000-unsplash-people	imazen-26-png-v3/png-v3/2000-unsplash-people/2000_people_by-alexander-aguero-enppvuxbcce-unsplash_4400x6600.sdr.png	t3	10	44	3446	298.1688839936396	1121.8790000000993	43.650	
2000-unsplash-people	imazen-26-png-v3/png-v3/2000-unsplash-people/2000_people_by-alexander-aguero-enppvuxbcce-unsplash_4400x6600.sdr.png	t3	12	20	19962	288.8516789971618	1591.1629999999875	78.667	
2000-unsplash-people	imazen-26-png-v3/png-v3/2000-unsplash-people/2000_people_by-alexander-aguero-enppvuxbcce-unsplash_4400x6600.sdr.png	t3	12	32	11235	293.9747689961223	1586.9179999999333	68.084	
2000-unsplash-people	imazen-26-png-v3/png-v3/2000-unsplash-people/2000_people_by-alexander-aguero-enppvuxbcce-unsplash_4400x6600.sdr.png	t3	12	44	3446	339.41214901278727	1804.587000000069	43.650	
2000-unsplash-people	imazen-26-png-v3/png-v3/2000-unsplash-people/2000_people_by-alexander-aguero-enppvuxbcce-unsplash_4400x6600.sdr.png	t4	-1	20	12382	2635.2003720094217	16100.420000000042	DEC-ERR	
2000-unsplash-people	imazen-26-png-v3/png-v3/2000-unsplash-people/2000_people_by-alexander-aguero-enppvuxbcce-unsplash_4400x6600.sdr.png	t4	-1	32	6504	3021.2426870130002	19298.251999999975	DEC-ERR	
2000-unsplash-people	imazen-26-png-v3/png-v3/2000-unsplash-people/2000_people_by-alexander-aguero-enppvuxbcce-unsplash_4400x6600.sdr.png	t4	-1	44	2277	3602.3549800011097	19612.357999999866	DEC-ERR	
2000-unsplash-people	imazen-26-png-v3/png-v3/2000-unsplash-people/2000_people_by-alexander-aguero-enppvuxbcce-unsplash_4400x6600.sdr.png	t4	2	20	13654	774.8926420026692	2625.373999999951	75.557	
2000-unsplash-people	imazen-26-png-v3/png-v3/2000-unsplash-people/2000_people_by-alexander-aguero-enppvuxbcce-unsplash_4400x6600.sdr.png	t4	2	32	6960	1045.369355008006	3946.837999999985	63.534	
2000-unsplash-people	imazen-26-png-v3/png-v3/2000-unsplash-people/2000_people_by-alexander-aguero-enppvuxbcce-unsplash_4400x6600.sdr.png	t4	2	44	2443	1019.5034639909863	3312.4710000000805	38.713	
2000-unsplash-people	imazen-26-png-v3/png-v3/2000-unsplash-people/2000_people_by-alexander-aguero-enppvuxbcce-unsplash_4400x6600.sdr.png	t4	4	20	13879	364.6062959887786	731.609999999975	75.433	
2000-unsplash-people	imazen-26-png-v3/png-v3/2000-unsplash-people/2000_people_by-alexander-aguero-enppvuxbcce-unsplash_4400x6600.sdr.png	t4	4	32	6989	349.03192800993565	1051.805999999985	63.479	
2000-unsplash-people	imazen-26-png-v3/png-v3/2000-unsplash-people/2000_people_by-alexander-aguero-enppvuxbcce-unsplash_4400x6600.sdr.png	t4	4	44	2477	361.6741580044618	1876.577999999988	38.876	
2000-unsplash-people	imazen-26-png-v3/png-v3/2000-unsplash-people/2000_people_by-alexander-aguero-enppvuxbcce-unsplash_4400x6600.sdr.png	t4	6	20	13973	258.49657200160436	336.19900000007163	75.390	
2000-unsplash-people	imazen-26-png-v3/png-v3/2000-unsplash-people/2000_people_by-alexander-aguero-enppvuxbcce-unsplash_4400x6600.sdr.png	t4	6	32	7042	310.6090790097369	1464.2990000000182	63.429	
2000-unsplash-people	imazen-26-png-v3/png-v3/2000-unsplash-people/2000_people_by-alexander-aguero-enppvuxbcce-unsplash_4400x6600.sdr.png	t4	6	44	2765	315.68296600016765	1798.5719999999574	39.990	
2000-unsplash-people	imazen-26-png-v3/png-v3/2000-unsplash-people/2000_people_by-alexander-aguero-enppvuxbcce-unsplash_4400x6600.sdr.png	t4	8	20	13980	345.60301699093543	398.52600000002525	75.262	
2000-unsplash-people	imazen-26-png-v3/png-v3/2000-unsplash-people/2000_people_by-alexander-aguero-enppvuxbcce-unsplash_4400x6600.sdr.png	t4	8	32	7227	374.6081999997841	668.4430000000746	63.272	
2000-unsplash-people	imazen-26-png-v3/png-v3/2000-unsplash-people/2000_people_by-alexander-aguero-enppvuxbcce-unsplash_4400x6600.sdr.png	t4	8	44	2868	331.63987900479697	3927.3539999999725	40.793	
2000-unsplash-people	imazen-26-png-v3/png-v3/2000-unsplash-people/2000_people_by-alexander-aguero-enppvuxbcce-unsplash_4400x6600.sdr.png	t4	10	20	13674	530.0007570040179	4863.9610000000675	75.191	
2000-unsplash-people	imazen-26-png-v3/png-v3/2000-unsplash-people/2000_people_by-alexander-aguero-enppvuxbcce-unsplash_4400x6600.sdr.png	t4	10	32	7407	296.19724000804126	4115.026999999877	63.365	
2000-unsplash-people	imazen-26-png-v3/png-v3/2000-unsplash-people/2000_people_by-alexander-aguero-enppvuxbcce-unsplash_4400x6600.sdr.png	t4	10	44	2616	291.3384529965697	4360.059000000014	39.628	
2000-unsplash-people	imazen-26-png-v3/png-v3/2000-unsplash-people/2000_people_by-alexander-aguero-enppvuxbcce-unsplash_4400x6600.sdr.png	t4	12	20	13674	267.355096002575	4076.1300000000065	75.191	
2000-unsplash-people	imazen-26-png-v3/png-v3/2000-unsplash-people/2000_people_by-alexander-aguero-enppvuxbcce-unsplash_4400x6600.sdr.png	t4	12	32	7407	434.1782300034538	4588.947999999967	63.365	
2000-unsplash-people	imazen-26-png-v3/png-v3/2000-unsplash-people/2000_people_by-alexander-aguero-enppvuxbcce-unsplash_4400x6600.sdr.png	t4	12	44	2616	398.7809370009927	1580.2319999998886	39.628	
2000-unsplash-people	imazen-26-png-v3/png-v3/2000-unsplash-people/2000_people_by-alexander-aguero-enppvuxbcce-unsplash_4400x6600.sdr.png	st	-1	20	16647	3550.385524999001	16952.4380000001	DEC-ERR	
2000-unsplash-people	imazen-26-png-v3/png-v3/2000-unsplash-people/2000_people_by-alexander-aguero-enppvuxbcce-unsplash_4400x6600.sdr.png	st	-1	32	8174	4084.492980997311	20869.852999999992	DEC-ERR	
2000-unsplash-people	imazen-26-png-v3/png-v3/2000-unsplash-people/2000_people_by-alexander-aguero-enppvuxbcce-unsplash_4400x6600.sdr.png	st	-1	44	2116	2224.9421989981784	9646.91899999994	DEC-ERR	
2000-unsplash-people	imazen-26-png-v3/png-v3/2000-unsplash-people/2000_people_by-alexander-aguero-enppvuxbcce-unsplash_4400x6600.sdr.png	st	2	20	17791	902.0265230064979	4160.217999999986	77.770	
2000-unsplash-people	imazen-26-png-v3/png-v3/2000-unsplash-people/2000_people_by-alexander-aguero-enppvuxbcce-unsplash_4400x6600.sdr.png	st	2	32	9161	835.9008440020261	7142.692000000004	65.421	
2000-unsplash-people	imazen-26-png-v3/png-v3/2000-unsplash-people/2000_people_by-alexander-aguero-enppvuxbcce-unsplash_4400x6600.sdr.png	st	2	44	2408	575.7349409977905	4621.2829999998985	35.620	
2000-unsplash-people	imazen-26-png-v3/png-v3/2000-unsplash-people/2000_people_by-alexander-aguero-enppvuxbcce-unsplash_4400x6600.sdr.png	st	4	20	18179	396.7430260090623	2173.483000000061	77.728	
2000-unsplash-people	imazen-26-png-v3/png-v3/2000-unsplash-people/2000_people_by-alexander-aguero-enppvuxbcce-unsplash_4400x6600.sdr.png	st	4	32	9482	364.440971010481	2806.278000000013	65.992	
2000-unsplash-people	imazen-26-png-v3/png-v3/2000-unsplash-people/2000_people_by-alexander-aguero-enppvuxbcce-unsplash_4400x6600.sdr.png	st	4	44	2583	337.63070599525236	2460.232999999974	37.113	
2000-unsplash-people	imazen-26-png-v3/png-v3/2000-unsplash-people/2000_people_by-alexander-aguero-enppvuxbcce-unsplash_4400x6600.sdr.png	st	6	20	18681	284.5542690047296	1500.9300000000253	77.719	
2000-unsplash-people	imazen-26-png-v3/png-v3/2000-unsplash-people/2000_people_by-alexander-aguero-enppvuxbcce-unsplash_4400x6600.sdr.png	st	6	32	10097	277.9921970068244	2070.38	66.750	
2000-unsplash-people	imazen-26-png-v3/png-v3/2000-unsplash-people/2000_people_by-alexander-aguero-enppvuxbcce-unsplash_4400x6600.sdr.png	st	6	44	2751	315.7685979967937	2322.8129999999255	38.323	
2000-unsplash-people	imazen-26-png-v3/png-v3/2000-unsplash-people/2000_people_by-alexander-aguero-enppvuxbcce-unsplash_4400x6600.sdr.png	st	8	20	19256	615.4106799949659	2717.0369999999125	77.535	
2000-unsplash-people	imazen-26-png-v3/png-v3/2000-unsplash-people/2000_people_by-alexander-aguero-enppvuxbcce-unsplash_4400x6600.sdr.png	st	8	32	10463	508.6387490009656	2424.340999999977	66.631	
2000-unsplash-people	imazen-26-png-v3/png-v3/2000-unsplash-people/2000_people_by-alexander-aguero-enppvuxbcce-unsplash_4400x6600.sdr.png	st	8	44	2880	314.6821240079589	369.31200000000786	39.056	
2000-unsplash-people	imazen-26-png-v3/png-v3/2000-unsplash-people/2000_people_by-alexander-aguero-enppvuxbcce-unsplash_4400x6600.sdr.png	st	10	20	19068	325.1472480042139	628.0730000000574	77.733	
2000-unsplash-people	imazen-26-png-v3/png-v3/2000-unsplash-people/2000_people_by-alexander-aguero-enppvuxbcce-unsplash_4400x6600.sdr.png	st	10	32	10355	391.7404359963257	952.5329999999599	66.653	
2000-unsplash-people	imazen-26-png-v3/png-v3/2000-unsplash-people/2000_people_by-alexander-aguero-enppvuxbcce-unsplash_4400x6600.sdr.png	st	10	44	2867	301.57897000026423	1185.1259999999256	39.100	
2000-unsplash-people	imazen-26-png-v3/png-v3/2000-unsplash-people/2000_people_by-alexander-aguero-enppvuxbcce-unsplash_4400x6600.sdr.png	st	12	20	19068	441.56736200966407	1639.6220000000526	77.733	
2000-unsplash-people	imazen-26-png-v3/png-v3/2000-unsplash-people/2000_people_by-alexander-aguero-enppvuxbcce-unsplash_4400x6600.sdr.png	st	12	32	10355	388.17862200085074	1595.1410000000194	66.653	
2000-unsplash-people	imazen-26-png-v3/png-v3/2000-unsplash-people/2000_people_by-alexander-aguero-enppvuxbcce-unsplash_4400x6600.sdr.png	st	12	44	2867	341.9783529971028	4807.948000000068	39.100	
2000-unsplash-people	imazen-26-png-v3/png-v3/2000-unsplash-people/2001_people_by-anastasia-pivnenko-prng6r1nspq-unsplash_2272x3072.sdr.png	t1	-1	20	70596	5689.933813002426	29017.331000000013	75.794	
2000-unsplash-people	imazen-26-png-v3/png-v3/2000-unsplash-people/2001_people_by-anastasia-pivnenko-prng6r1nspq-unsplash_2272x3072.sdr.png	t1	-1	32	38167	10201.028152994695	56302.64199999999	49.846	
2000-unsplash-people	imazen-26-png-v3/png-v3/2000-unsplash-people/2001_people_by-anastasia-pivnenko-prng6r1nspq-unsplash_2272x3072.sdr.png	t1	-1	44	2890	5234.220013997401	18498.97899999997	-0.142	
2000-unsplash-people	imazen-26-png-v3/png-v3/2000-unsplash-people/2001_people_by-anastasia-pivnenko-prng6r1nspq-unsplash_2272x3072.sdr.png	t1	2	20	70517	872.3333630041452	4919.8819999998595	75.396	
2000-unsplash-people	imazen-26-png-v3/png-v3/2000-unsplash-people/2001_people_by-anastasia-pivnenko-prng6r1nspq-unsplash_2272x3072.sdr.png	t1	2	32	35251	1469.1148020065157	4095.113000000055	45.803	
2000-unsplash-people	imazen-26-png-v3/png-v3/2000-unsplash-people/2001_people_by-anastasia-pivnenko-prng6r1nspq-unsplash_2272x3072.sdr.png	t1	2	44	2704	511.2562989961589	2328.204000000042	-4.873	
2000-unsplash-people	imazen-26-png-v3/png-v3/2000-unsplash-people/2001_people_by-anastasia-pivnenko-prng6r1nspq-unsplash_2272x3072.sdr.png	t1	4	20	70688	389.79563300381415	1853.4840000001082	75.387	
2000-unsplash-people	imazen-26-png-v3/png-v3/2000-unsplash-people/2001_people_by-anastasia-pivnenko-prng6r1nspq-unsplash_2272x3072.sdr.png	t1	4	32	35076	450.9017300006235	2613.9619999999795	44.532	
2000-unsplash-people	imazen-26-png-v3/png-v3/2000-unsplash-people/2001_people_by-anastasia-pivnenko-prng6r1nspq-unsplash_2272x3072.sdr.png	t1	4	44	2637	200.06217899208423	1145.9239999998872	-5.564	
2000-unsplash-people	imazen-26-png-v3/png-v3/2000-unsplash-people/2001_people_by-anastasia-pivnenko-prng6r1nspq-unsplash_2272x3072.sdr.png	t1	6	20	71254	154.40691501135007	1227.5069999999814	74.638	
2000-unsplash-people	imazen-26-png-v3/png-v3/2000-unsplash-people/2001_people_by-anastasia-pivnenko-prng6r1nspq-unsplash_2272x3072.sdr.png	t1	6	32	38012	142.89245699183084	1320.0480000000211	46.838	
2000-unsplash-people	imazen-26-png-v3/png-v3/2000-unsplash-people/2001_people_by-anastasia-pivnenko-prng6r1nspq-unsplash_2272x3072.sdr.png	t1	6	44	2765	114.20046900457237	516.9120000000191	-6.820	
2000-unsplash-people	imazen-26-png-v3/png-v3/2000-unsplash-people/2001_people_by-anastasia-pivnenko-prng6r1nspq-unsplash_2272x3072.sdr.png	t1	8	20	71527	698.2693070021924	1429.5899999999904	74.480	
2000-unsplash-people	imazen-26-png-v3/png-v3/2000-unsplash-people/2001_people_by-anastasia-pivnenko-prng6r1nspq-unsplash_2272x3072.sdr.png	t1	8	32	37002	135.08050199015997	278.39100000012706	45.749	
2000-unsplash-people	imazen-26-png-v3/png-v3/2000-unsplash-people/2001_people_by-anastasia-pivnenko-prng6r1nspq-unsplash_2272x3072.sdr.png	t1	8	44	2773	150.1122389890952	318.25000000003456	-7.821	
2000-unsplash-people	imazen-26-png-v3/png-v3/2000-unsplash-people/2001_people_by-anastasia-pivnenko-prng6r1nspq-unsplash_2272x3072.sdr.png	t1	10	20	72023	242.92997999873478	412.53199999994195	73.337	
2000-unsplash-people	imazen-26-png-v3/png-v3/2000-unsplash-people/2001_people_by-anastasia-pivnenko-prng6r1nspq-unsplash_2272x3072.sdr.png	t1	10	32	35176	134.18012199690565	318.25000000003456	44.200	
2000-unsplash-people	imazen-26-png-v3/png-v3/2000-unsplash-people/2001_people_by-anastasia-pivnenko-prng6r1nspq-unsplash_2272x3072.sdr.png	t1	10	44	2770	367.40086298959795	288.48500000004407	-8.014	
2000-unsplash-people	imazen-26-png-v3/png-v3/2000-unsplash-people/2001_people_by-anastasia-pivnenko-prng6r1nspq-unsplash_2272x3072.sdr.png	t1	12	20	72023	200.95472400134895	443.5420000000292	73.337	
2000-unsplash-people	imazen-26-png-v3/png-v3/2000-unsplash-people/2001_people_by-anastasia-pivnenko-prng6r1nspq-unsplash_2272x3072.sdr.png	t1	12	32	35176	340.4755980009213	160.15799999998137	44.200	
2000-unsplash-people	imazen-26-png-v3/png-v3/2000-unsplash-people/2001_people_by-anastasia-pivnenko-prng6r1nspq-unsplash_2272x3072.sdr.png	t1	12	44	2770	323.8241660001222	142.5249999999494	-8.014	
2000-unsplash-people	imazen-26-png-v3/png-v3/2000-unsplash-people/2001_people_by-anastasia-pivnenko-prng6r1nspq-unsplash_2272x3072.sdr.png	t2	-1	20	70519	5555.556645005709	25254.190000000057	75.700	
2000-unsplash-people	imazen-26-png-v3/png-v3/2000-unsplash-people/2001_people_by-anastasia-pivnenko-prng6r1nspq-unsplash_2272x3072.sdr.png	t2	-1	32	38058	9735.761122006807	58585.5860000001	49.523	
2000-unsplash-people	imazen-26-png-v3/png-v3/2000-unsplash-people/2001_people_by-anastasia-pivnenko-prng6r1nspq-unsplash_2272x3072.sdr.png	t2	-1	44	2853	5324.841081004706	30441.073999999957	-0.476	
2000-unsplash-people	imazen-26-png-v3/png-v3/2000-unsplash-people/2001_people_by-anastasia-pivnenko-prng6r1nspq-unsplash_2272x3072.sdr.png	t2	2	20	70423	929.6595199994044	2301.956999999945	75.191	
2000-unsplash-people	imazen-26-png-v3/png-v3/2000-unsplash-people/2001_people_by-anastasia-pivnenko-prng6r1nspq-unsplash_2272x3072.sdr.png	t2	2	32	35324	1310.1604529947508	3970.014000000049	46.000	
2000-unsplash-people	imazen-26-png-v3/png-v3/2000-unsplash-people/2001_people_by-anastasia-pivnenko-prng6r1nspq-unsplash_2272x3072.sdr.png	t2	2	44	2651	510.06220100680366	1339.1770000000065	-4.190	
2000-unsplash-people	imazen-26-png-v3/png-v3/2000-unsplash-people/2001_people_by-anastasia-pivnenko-prng6r1nspq-unsplash_2272x3072.sdr.png	t2	4	20	70644	335.0441039947327	519.250999999997	75.157	
2000-unsplash-people	imazen-26-png-v3/png-v3/2000-unsplash-people/2001_people_by-anastasia-pivnenko-prng6r1nspq-unsplash_2272x3072.sdr.png	t2	4	32	35307	421.99761800293345	845.7720000000393	45.189	
2000-unsplash-people	imazen-26-png-v3/png-v3/2000-unsplash-people/2001_people_by-anastasia-pivnenko-prng6r1nspq-unsplash_2272x3072.sdr.png	t2	4	44	2562	174.11454100511037	173.92299999998784	-5.939	
2000-unsplash-people	imazen-26-png-v3/png-v3/2000-unsplash-people/2001_people_by-anastasia-pivnenko-prng6r1nspq-unsplash_2272x3072.sdr.png	t2	6	20	71217	292.50825400231406	962.4029999999025	74.724	
2000-unsplash-people	imazen-26-png-v3/png-v3/2000-unsplash-people/2001_people_by-anastasia-pivnenko-prng6r1nspq-unsplash_2272x3072.sdr.png	t2	6	32	38311	183.39174998982344	261.5390000000417	46.864	
2000-unsplash-people	imazen-26-png-v3/png-v3/2000-unsplash-people/2001_people_by-anastasia-pivnenko-prng6r1nspq-unsplash_2272x3072.sdr.png	t2	6	44	2745	138.29206199443433	215.79099999996743	-6.788	
2000-unsplash-people	imazen-26-png-v3/png-v3/2000-unsplash-people/2001_people_by-anastasia-pivnenko-prng6r1nspq-unsplash_2272x3072.sdr.png	t2	8	20	71503	162.45561100367922	6585.320999999965	74.558	
2000-unsplash-people	imazen-26-png-v3/png-v3/2000-unsplash-people/2001_people_by-anastasia-pivnenko-prng6r1nspq-unsplash_2272x3072.sdr.png	t2	8	32	36835	311.7991990002338	90.69100000011332	46.019	
2000-unsplash-people	imazen-26-png-v3/png-v3/2000-unsplash-people/2001_people_by-anastasia-pivnenko-prng6r1nspq-unsplash_2272x3072.sdr.png	t2	8	44	2702	573.4798789926572	195.26700000006514	-7.615	
2000-unsplash-people	imazen-26-png-v3/png-v3/2000-unsplash-people/2001_people_by-anastasia-pivnenko-prng6r1nspq-unsplash_2272x3072.sdr.png	t2	10	20	71985	134.34851200145204	150.83400000002456	73.370	
2000-unsplash-people	imazen-26-png-v3/png-v3/2000-unsplash-people/2001_people_by-anastasia-pivnenko-prng6r1nspq-unsplash_2272x3072.sdr.png	t2	10	32	34895	375.4913269949611	157.73000000003634	44.220	
2000-unsplash-people	imazen-26-png-v3/png-v3/2000-unsplash-people/2001_people_by-anastasia-pivnenko-prng6r1nspq-unsplash_2272x3072.sdr.png	t2	10	44	2735	152.06433599814773	339.06899999988127	-7.593	
2000-unsplash-people	imazen-26-png-v3/png-v3/2000-unsplash-people/2001_people_by-anastasia-pivnenko-prng6r1nspq-unsplash_2272x3072.sdr.png	t2	12	20	71985	105.52950100100134	156.0589999999351	73.370	
2000-unsplash-people	imazen-26-png-v3/png-v3/2000-unsplash-people/2001_people_by-anastasia-pivnenko-prng6r1nspq-unsplash_2272x3072.sdr.png	t2	12	32	34895	134.1301479988033	334.88899999996846	44.220	
2000-unsplash-people	imazen-26-png-v3/png-v3/2000-unsplash-people/2001_people_by-anastasia-pivnenko-prng6r1nspq-unsplash_2272x3072.sdr.png	t2	12	44	2735	123.46752801386174	198.42200000000787	-7.593	
2000-unsplash-people	imazen-26-png-v3/png-v3/2000-unsplash-people/2001_people_by-anastasia-pivnenko-prng6r1nspq-unsplash_2272x3072.sdr.png	t3	-1	20	73790	8183.7214560073335	51540.6490000001	DEC-ERR	
2000-unsplash-people	imazen-26-png-v3/png-v3/2000-unsplash-people/2001_people_by-anastasia-pivnenko-prng6r1nspq-unsplash_2272x3072.sdr.png	t3	-1	32	41342	10856.444898003247	67790.11199999988	DEC-ERR	
2000-unsplash-people	imazen-26-png-v3/png-v3/2000-unsplash-people/2001_people_by-anastasia-pivnenko-prng6r1nspq-unsplash_2272x3072.sdr.png	t3	-1	44	6832	11015.555024991045	79155.75499999996	DEC-ERR	
2000-unsplash-people	imazen-26-png-v3/png-v3/2000-unsplash-people/2001_people_by-anastasia-pivnenko-prng6r1nspq-unsplash_2272x3072.sdr.png	t3	2	20	75058	1368.8474140071776	3364.912000000075	81.675	
2000-unsplash-people	imazen-26-png-v3/png-v3/2000-unsplash-people/2001_people_by-anastasia-pivnenko-prng6r1nspq-unsplash_2272x3072.sdr.png	t3	2	32	42496	1755.7187139900634	16297.36300000009	60.600	
2000-unsplash-people	imazen-26-png-v3/png-v3/2000-unsplash-people/2001_people_by-anastasia-pivnenko-prng6r1nspq-unsplash_2272x3072.sdr.png	t3	2	44	7253	860.215619992232	1833.1919999999898	18.055	
2000-unsplash-people	imazen-26-png-v3/png-v3/2000-unsplash-people/2001_people_by-anastasia-pivnenko-prng6r1nspq-unsplash_2272x3072.sdr.png	t3	4	20	75464	307.2622030013008	340.8650000000222	81.659	
2000-unsplash-people	imazen-26-png-v3/png-v3/2000-unsplash-people/2001_people_by-anastasia-pivnenko-prng6r1nspq-unsplash_2272x3072.sdr.png	t3	4	32	42372	405.4732660006266	708.8160000001053	60.090	
2000-unsplash-people	imazen-26-png-v3/png-v3/2000-unsplash-people/2001_people_by-anastasia-pivnenko-prng6r1nspq-unsplash_2272x3072.sdr.png	t3	4	44	7490	283.5418550093891	1249.2350000000201	18.198	
2000-unsplash-people	imazen-26-png-v3/png-v3/2000-unsplash-people/2001_people_by-anastasia-pivnenko-prng6r1nspq-unsplash_2272x3072.sdr.png	t3	6	20	75338	125.6316670041997	125.40900000006161	80.225	
2000-unsplash-people	imazen-26-png-v3/png-v3/2000-unsplash-people/2001_people_by-anastasia-pivnenko-prng6r1nspq-unsplash_2272x3072.sdr.png	t3	6	32	44092	192.53733899677172	11111.869000000048	61.472	
2000-unsplash-people	imazen-26-png-v3/png-v3/2000-unsplash-people/2001_people_by-anastasia-pivnenko-prng6r1nspq-unsplash_2272x3072.sdr.png	t3	6	44	8128	141.23685400409158	11176.01699999998	19.549	
2000-unsplash-people	imazen-26-png-v3/png-v3/2000-unsplash-people/2001_people_by-anastasia-pivnenko-prng6r1nspq-unsplash_2272x3072.sdr.png	t3	8	20	76117	97.46527699462604	11042.745000000039	78.679	
2000-unsplash-people	imazen-26-png-v3/png-v3/2000-unsplash-people/2001_people_by-anastasia-pivnenko-prng6r1nspq-unsplash_2272x3072.sdr.png	t3	8	32	43963	139.01969298603944	2133.356999999997	59.726	
2000-unsplash-people	imazen-26-png-v3/png-v3/2000-unsplash-people/2001_people_by-anastasia-pivnenko-prng6r1nspq-unsplash_2272x3072.sdr.png	t3	8	44	8650	134.43820299289655	192.80200000002168	19.614	
2000-unsplash-people	imazen-26-png-v3/png-v3/2000-unsplash-people/2001_people_by-anastasia-pivnenko-prng6r1nspq-unsplash_2272x3072.sdr.png	t3	10	20	75935	188.34492699534167	274.2499999999879	80.278	
2000-unsplash-people	imazen-26-png-v3/png-v3/2000-unsplash-people/2001_people_by-anastasia-pivnenko-prng6r1nspq-unsplash_2272x3072.sdr.png	t3	10	32	44413	357.94146900298074	309.45699999995213	60.362	
2000-unsplash-people	imazen-26-png-v3/png-v3/2000-unsplash-people/2001_people_by-anastasia-pivnenko-prng6r1nspq-unsplash_2272x3072.sdr.png	t3	10	44	8763	257.9536609991919	382.780999999909	19.945	
2000-unsplash-people	imazen-26-png-v3/png-v3/2000-unsplash-people/2001_people_by-anastasia-pivnenko-prng6r1nspq-unsplash_2272x3072.sdr.png	t3	12	20	75935	211.20842700474896	106.06999999995281	80.278	
2000-unsplash-people	imazen-26-png-v3/png-v3/2000-unsplash-people/2001_people_by-anastasia-pivnenko-prng6r1nspq-unsplash_2272x3072.sdr.png	t3	12	32	44413	273.3944650099147	177.0770000000752	60.362	
2000-unsplash-people	imazen-26-png-v3/png-v3/2000-unsplash-people/2001_people_by-anastasia-pivnenko-prng6r1nspq-unsplash_2272x3072.sdr.png	t3	12	44	8763	165.8658169908449	215.73000000003617	19.945	
2000-unsplash-people	imazen-26-png-v3/png-v3/2000-unsplash-people/2001_people_by-anastasia-pivnenko-prng6r1nspq-unsplash_2272x3072.sdr.png	t4	-1	20	73253	7818.641891994048	60101.131999999816	DEC-ERR	
2000-unsplash-people	imazen-26-png-v3/png-v3/2000-unsplash-people/2001_people_by-anastasia-pivnenko-prng6r1nspq-unsplash_2272x3072.sdr.png	t4	-1	32	45674	10833.211245000712	81476.73199999986	DEC-ERR	
2000-unsplash-people	imazen-26-png-v3/png-v3/2000-unsplash-people/2001_people_by-anastasia-pivnenko-prng6r1nspq-unsplash_2272x3072.sdr.png	t4	-1	44	6292	11846.433190003154	102316.86800000003	DEC-ERR	
2000-unsplash-people	imazen-26-png-v3/png-v3/2000-unsplash-people/2001_people_by-anastasia-pivnenko-prng6r1nspq-unsplash_2272x3072.sdr.png	t4	2	20	74276	1319.647588999942	3314.2309999999425	81.104	
2000-unsplash-people	imazen-26-png-v3/png-v3/2000-unsplash-people/2001_people_by-anastasia-pivnenko-prng6r1nspq-unsplash_2272x3072.sdr.png	t4	2	32	43826	1727.1770299994387	5395.949999999963	61.475	
2000-unsplash-people	imazen-26-png-v3/png-v3/2000-unsplash-people/2001_people_by-anastasia-pivnenko-prng6r1nspq-unsplash_2272x3072.sdr.png	t4	2	44	7253	777.0399010041729	1652.257000000084	18.077	
2000-unsplash-people	imazen-26-png-v3/png-v3/2000-unsplash-people/2001_people_by-anastasia-pivnenko-prng6r1nspq-unsplash_2272x3072.sdr.png	t4	4	20	74568	306.8356730072992	342.2000000000196	80.963	
2000-unsplash-people	imazen-26-png-v3/png-v3/2000-unsplash-people/2001_people_by-anastasia-pivnenko-prng6r1nspq-unsplash_2272x3072.sdr.png	t4	4	32	43252	424.4653940113494	727.2950000000478	60.492	
2000-unsplash-people	imazen-26-png-v3/png-v3/2000-unsplash-people/2001_people_by-anastasia-pivnenko-prng6r1nspq-unsplash_2272x3072.sdr.png	t4	4	44	7406	275.60774800076615	1199.961999999914	18.004	
2000-unsplash-people	imazen-26-png-v3/png-v3/2000-unsplash-people/2001_people_by-anastasia-pivnenko-prng6r1nspq-unsplash_2272x3072.sdr.png	t4	6	20	74574	162.26805400219746	925.4069999999856	80.542	
2000-unsplash-people	imazen-26-png-v3/png-v3/2000-unsplash-people/2001_people_by-anastasia-pivnenko-prng6r1nspq-unsplash_2272x3072.sdr.png	t4	6	32	44427	197.58112699491903	190.48600000001414	61.682	
2000-unsplash-people	imazen-26-png-v3/png-v3/2000-unsplash-people/2001_people_by-anastasia-pivnenko-prng6r1nspq-unsplash_2272x3072.sdr.png	t4	6	44	7936	149.9327479978092	281.0930000000269	18.535	
2000-unsplash-people	imazen-26-png-v3/png-v3/2000-unsplash-people/2001_people_by-anastasia-pivnenko-prng6r1nspq-unsplash_2272x3072.sdr.png	t4	8	20	75075	190.72160999348853	235.3429999999861	78.698	
2000-unsplash-people	imazen-26-png-v3/png-v3/2000-unsplash-people/2001_people_by-anastasia-pivnenko-prng6r1nspq-unsplash_2272x3072.sdr.png	t4	8	32	44684	136.22393399418797	11367.844000000076	60.010	
2000-unsplash-people	imazen-26-png-v3/png-v3/2000-unsplash-people/2001_people_by-anastasia-pivnenko-prng6r1nspq-unsplash_2272x3072.sdr.png	t4	8	44	8302	190.19090200890787	77.1240000000617	18.272	
2000-unsplash-people	imazen-26-png-v3/png-v3/2000-unsplash-people/2001_people_by-anastasia-pivnenko-prng6r1nspq-unsplash_2272x3072.sdr.png	t4	10	20	74870	215.48563000396825	84.09099999985159	77.418	
2000-unsplash-people	imazen-26-png-v3/png-v3/2000-unsplash-people/2001_people_by-anastasia-pivnenko-prng6r1nspq-unsplash_2272x3072.sdr.png	t4	10	32	41517	129.31888100865763	122.72300000000058	57.861	
2000-unsplash-people	imazen-26-png-v3/png-v3/2000-unsplash-people/2001_people_by-anastasia-pivnenko-prng6r1nspq-unsplash_2272x3072.sdr.png	t4	10	44	8421	158.1963209901005	183.40199999996543	18.905	
2000-unsplash-people	imazen-26-png-v3/png-v3/2000-unsplash-people/2001_people_by-anastasia-pivnenko-prng6r1nspq-unsplash_2272x3072.sdr.png	t4	12	20	74870	414.25258900562767	236.32299999998452	77.418	
2000-unsplash-people	imazen-26-png-v3/png-v3/2000-unsplash-people/2001_people_by-anastasia-pivnenko-prng6r1nspq-unsplash_2272x3072.sdr.png	t4	12	32	41517	357.9230839968659	206.64599999994238	57.861	
2000-unsplash-people	imazen-26-png-v3/png-v3/2000-unsplash-people/2001_people_by-anastasia-pivnenko-prng6r1nspq-unsplash_2272x3072.sdr.png	t4	12	44	8421	141.18824098841287	8171.35900000013	18.905	
2000-unsplash-people	imazen-26-png-v3/png-v3/2000-unsplash-people/2001_people_by-anastasia-pivnenko-prng6r1nspq-unsplash_2272x3072.sdr.png	st	-1	20	68827	7863.606002996676	65694.84099999983	DEC-ERR	
2000-unsplash-people	imazen-26-png-v3/png-v3/2000-unsplash-people/2001_people_by-anastasia-pivnenko-prng6r1nspq-unsplash_2272x3072.sdr.png	st	-1	32	32214	9921.513525987393	106840.05799999996	DEC-ERR	
2000-unsplash-people	imazen-26-png-v3/png-v3/2000-unsplash-people/2001_people_by-anastasia-pivnenko-prng6r1nspq-unsplash_2272x3072.sdr.png	st	-1	44	4714	9620.68572199496	93941.78800000004	DEC-ERR	
2000-unsplash-people	imazen-26-png-v3/png-v3/2000-unsplash-people/2001_people_by-anastasia-pivnenko-prng6r1nspq-unsplash_2272x3072.sdr.png	st	2	20	70431	1268.6442179983715	2797.402999999896	79.540	
2000-unsplash-people	imazen-26-png-v3/png-v3/2000-unsplash-people/2001_people_by-anastasia-pivnenko-prng6r1nspq-unsplash_2272x3072.sdr.png	st	2	32	33320	1548.2997029903345	4736.974000000017	52.621	
2000-unsplash-people	imazen-26-png-v3/png-v3/2000-unsplash-people/2001_people_by-anastasia-pivnenko-prng6r1nspq-unsplash_2272x3072.sdr.png	st	2	44	5310	703.7561170000117	1091.367999999953	11.686	
2000-unsplash-people	imazen-26-png-v3/png-v3/2000-unsplash-people/2001_people_by-anastasia-pivnenko-prng6r1nspq-unsplash_2272x3072.sdr.png	st	4	20	70804	307.57355398964137	307.32000000010373	79.429	
2000-unsplash-people	imazen-26-png-v3/png-v3/2000-unsplash-people/2001_people_by-anastasia-pivnenko-prng6r1nspq-unsplash_2272x3072.sdr.png	st	4	32	32688	376.31861900445074	1119.9060000000713	51.378	
2000-unsplash-people	imazen-26-png-v3/png-v3/2000-unsplash-people/2001_people_by-anastasia-pivnenko-prng6r1nspq-unsplash_2272x3072.sdr.png	st	4	44	5456	255.85226000112016	1849.8400000000927	12.208	
2000-unsplash-people	imazen-26-png-v3/png-v3/2000-unsplash-people/2001_people_by-anastasia-pivnenko-prng6r1nspq-unsplash_2272x3072.sdr.png	st	6	20	70554	187.88991299516056	174.53499999984246	78.336	
2000-unsplash-people	imazen-26-png-v3/png-v3/2000-unsplash-people/2001_people_by-anastasia-pivnenko-prng6r1nspq-unsplash_2272x3072.sdr.png	st	6	32	33584	173.95749301067553	1687.7780000001367	52.833	
2000-unsplash-people	imazen-26-png-v3/png-v3/2000-unsplash-people/2001_people_by-anastasia-pivnenko-prng6r1nspq-unsplash_2272x3072.sdr.png	st	6	44	6085	283.4825530007947	237.38800000018045	12.641	
2000-unsplash-people	imazen-26-png-v3/png-v3/2000-unsplash-people/2001_people_by-anastasia-pivnenko-prng6r1nspq-unsplash_2272x3072.sdr.png	st	8	20	70363	132.19138499698602	122.8309999999837	76.302	
2000-unsplash-people	imazen-26-png-v3/png-v3/2000-unsplash-people/2001_people_by-anastasia-pivnenko-prng6r1nspq-unsplash_2272x3072.sdr.png	st	8	32	32629	107.29873199306894	209.06200000002428	50.184	
2000-unsplash-people	imazen-26-png-v3/png-v3/2000-unsplash-people/2001_people_by-anastasia-pivnenko-prng6r1nspq-unsplash_2272x3072.sdr.png	st	8	44	6345	182.50611900293734	188.10599999996924	12.146	
2000-unsplash-people	imazen-26-png-v3/png-v3/2000-unsplash-people/2001_people_by-anastasia-pivnenko-prng6r1nspq-unsplash_2272x3072.sdr.png	st	10	20	70909	136.6564749914687	97.08500000009224	78.170	
2000-unsplash-people	imazen-26-png-v3/png-v3/2000-unsplash-people/2001_people_by-anastasia-pivnenko-prng6r1nspq-unsplash_2272x3072.sdr.png	st	10	32	32615	156.8524689937476	205.88499999992393	50.352	
2000-unsplash-people	imazen-26-png-v3/png-v3/2000-unsplash-people/2001_people_by-anastasia-pivnenko-prng6r1nspq-unsplash_2272x3072.sdr.png	st	10	44	6500	144.16885100945365	128.76300000009877	12.463	
2000-unsplash-people	imazen-26-png-v3/png-v3/2000-unsplash-people/2001_people_by-anastasia-pivnenko-prng6r1nspq-unsplash_2272x3072.sdr.png	st	12	20	70909	314.1285130113829	207.80299999995577	78.170	
2000-unsplash-people	imazen-26-png-v3/png-v3/2000-unsplash-people/2001_people_by-anastasia-pivnenko-prng6r1nspq-unsplash_2272x3072.sdr.png	st	12	32	32615	158.7990560074104	11190.835000000043	50.352	
2000-unsplash-people	imazen-26-png-v3/png-v3/2000-unsplash-people/2001_people_by-anastasia-pivnenko-prng6r1nspq-unsplash_2272x3072.sdr.png	st	12	44	6500	108.85217100440059	208.46900000005064	12.463	
2200-unsplash-renders	imazen-26-png-v3/png-v3/2200-unsplash-renders/2200_renders_abstract-folded-ribbons_by-a-chosen-soul-moigsaj8te0-unsplash_7680x4320.sdr.png	t1	-1	20	10988	2036.3158069958445	13049.721000000098	73.661	
2200-unsplash-renders	imazen-26-png-v3/png-v3/2200-unsplash-renders/2200_renders_abstract-folded-ribbons_by-a-chosen-soul-moigsaj8te0-unsplash_7680x4320.sdr.png	t1	-1	32	4882	2666.637754999101	17255.472999999944	58.822	
2200-unsplash-renders	imazen-26-png-v3/png-v3/2200-unsplash-renders/2200_renders_abstract-folded-ribbons_by-a-chosen-soul-moigsaj8te0-unsplash_7680x4320.sdr.png	t1	-1	44	539	1706.7760469944915	6821.913000000038	39.721	
2200-unsplash-renders	imazen-26-png-v3/png-v3/2200-unsplash-renders/2200_renders_abstract-folded-ribbons_by-a-chosen-soul-moigsaj8te0-unsplash_7680x4320.sdr.png	t1	2	20	10764	424.5284850039752	523.4490000000704	72.999	
2200-unsplash-renders	imazen-26-png-v3/png-v3/2200-unsplash-renders/2200_renders_abstract-folded-ribbons_by-a-chosen-soul-moigsaj8te0-unsplash_7680x4320.sdr.png	t1	2	32	4669	513.3928270079195	1676.3259999999889	57.509	
2200-unsplash-renders	imazen-26-png-v3/png-v3/2200-unsplash-renders/2200_renders_abstract-folded-ribbons_by-a-chosen-soul-moigsaj8te0-unsplash_7680x4320.sdr.png	t1	2	44	494	366.05231200519484	1111.4560000000254	35.768	
2200-unsplash-renders	imazen-26-png-v3/png-v3/2200-unsplash-renders/2200_renders_abstract-folded-ribbons_by-a-chosen-soul-moigsaj8te0-unsplash_7680x4320.sdr.png	t1	4	20	10880	304.85585299902596	726.1200000000017	72.739	
2200-unsplash-renders	imazen-26-png-v3/png-v3/2200-unsplash-renders/2200_renders_abstract-folded-ribbons_by-a-chosen-soul-moigsaj8te0-unsplash_7680x4320.sdr.png	t1	4	32	4638	459.74663700326346	834.2409999999561	57.361	
2200-unsplash-renders	imazen-26-png-v3/png-v3/2200-unsplash-renders/2200_renders_abstract-folded-ribbons_by-a-chosen-soul-moigsaj8te0-unsplash_7680x4320.sdr.png	t1	4	44	487	287.3606780049158	674.7580000000753	36.606	
2200-unsplash-renders	imazen-26-png-v3/png-v3/2200-unsplash-renders/2200_renders_abstract-folded-ribbons_by-a-chosen-soul-moigsaj8te0-unsplash_7680x4320.sdr.png	t1	6	20	11556	279.1181849897839	584.0639999999695	72.489	
2200-unsplash-renders	imazen-26-png-v3/png-v3/2200-unsplash-renders/2200_renders_abstract-folded-ribbons_by-a-chosen-soul-moigsaj8te0-unsplash_7680x4320.sdr.png	t1	6	32	5227	252.81845800054725	803.0569999999884	55.926	
2200-unsplash-renders	imazen-26-png-v3/png-v3/2200-unsplash-renders/2200_renders_abstract-folded-ribbons_by-a-chosen-soul-moigsaj8te0-unsplash_7680x4320.sdr.png	t1	6	44	821	257.63660900702234	1008.2849999999794	35.329	
2200-unsplash-renders	imazen-26-png-v3/png-v3/2200-unsplash-renders/2200_renders_abstract-folded-ribbons_by-a-chosen-soul-moigsaj8te0-unsplash_7680x4320.sdr.png	t1	8	20	11798	645.605412995792	4205.751999999933	72.407	
2200-unsplash-renders	imazen-26-png-v3/png-v3/2200-unsplash-renders/2200_renders_abstract-folded-ribbons_by-a-chosen-soul-moigsaj8te0-unsplash_7680x4320.sdr.png	t1	8	32	5273	351.8291799991857	823.1379999999717	56.641	
2200-unsplash-renders	imazen-26-png-v3/png-v3/2200-unsplash-renders/2200_renders_abstract-folded-ribbons_by-a-chosen-soul-moigsaj8te0-unsplash_7680x4320.sdr.png	t1	8	44	813	287.21478099760134	784.8109999998627	33.562	
2200-unsplash-renders	imazen-26-png-v3/png-v3/2200-unsplash-renders/2200_renders_abstract-folded-ribbons_by-a-chosen-soul-moigsaj8te0-unsplash_7680x4320.sdr.png	t1	10	20	11718	275.39517400145996	747.3799999998719	71.236	
2200-unsplash-renders	imazen-26-png-v3/png-v3/2200-unsplash-renders/2200_renders_abstract-folded-ribbons_by-a-chosen-soul-moigsaj8te0-unsplash_7680x4320.sdr.png	t1	10	32	5084	250.01833100395743	994.1499999998911	56.826	
2200-unsplash-renders	imazen-26-png-v3/png-v3/2200-unsplash-renders/2200_renders_abstract-folded-ribbons_by-a-chosen-soul-moigsaj8te0-unsplash_7680x4320.sdr.png	t1	10	44	830	465.3071769862436	11219.843999999866	34.466	
2200-unsplash-renders	imazen-26-png-v3/png-v3/2200-unsplash-renders/2200_renders_abstract-folded-ribbons_by-a-chosen-soul-moigsaj8te0-unsplash_7680x4320.sdr.png	t1	12	20	11718	382.85684600123204	567.400000000049	71.236	
2200-unsplash-renders	imazen-26-png-v3/png-v3/2200-unsplash-renders/2200_renders_abstract-folded-ribbons_by-a-chosen-soul-moigsaj8te0-unsplash_7680x4320.sdr.png	t1	12	32	5084	372.63018400699366	567.400000000049	56.826	
2200-unsplash-renders	imazen-26-png-v3/png-v3/2200-unsplash-renders/2200_renders_abstract-folded-ribbons_by-a-chosen-soul-moigsaj8te0-unsplash_7680x4320.sdr.png	t1	12	44	830	261.05794598697685	785.1149999999336	34.466	
2200-unsplash-renders	imazen-26-png-v3/png-v3/2200-unsplash-renders/2200_renders_abstract-folded-ribbons_by-a-chosen-soul-moigsaj8te0-unsplash_7680x4320.sdr.png	t2	-1	20	10793	2015.906057000393	26707.185999999863	73.450	
2200-unsplash-renders	imazen-26-png-v3/png-v3/2200-unsplash-renders/2200_renders_abstract-folded-ribbons_by-a-chosen-soul-moigsaj8te0-unsplash_7680x4320.sdr.png	t2	-1	32	4513	2447.9258279898204	39003.44700000013	57.649	
2200-unsplash-renders	imazen-26-png-v3/png-v3/2200-unsplash-renders/2200_renders_abstract-folded-ribbons_by-a-chosen-soul-moigsaj8te0-unsplash_7680x4320.sdr.png	t2	-1	44	512	1905.2313849970233	24663.882000000114	40.114	
2200-unsplash-renders	imazen-26-png-v3/png-v3/2200-unsplash-renders/2200_renders_abstract-folded-ribbons_by-a-chosen-soul-moigsaj8te0-unsplash_7680x4320.sdr.png	t2	2	20	10363	483.32445399137214	8102.687000000053	71.518	
2200-unsplash-renders	imazen-26-png-v3/png-v3/2200-unsplash-renders/2200_renders_abstract-folded-ribbons_by-a-chosen-soul-moigsaj8te0-unsplash_7680x4320.sdr.png	t2	2	32	3747	559.8473890131572	13820.834999999895	54.010	
2200-unsplash-renders	imazen-26-png-v3/png-v3/2200-unsplash-renders/2200_renders_abstract-folded-ribbons_by-a-chosen-soul-moigsaj8te0-unsplash_7680x4320.sdr.png	t2	2	44	433	427.213873990695	13017.975000000086	36.453	
2200-unsplash-renders	imazen-26-png-v3/png-v3/2200-unsplash-renders/2200_renders_abstract-folded-ribbons_by-a-chosen-soul-moigsaj8te0-unsplash_7680x4320.sdr.png	t2	4	20	10400	298.91681399021763	12204.586999999812	71.576	
2200-unsplash-renders	imazen-26-png-v3/png-v3/2200-unsplash-renders/2200_renders_abstract-folded-ribbons_by-a-chosen-soul-moigsaj8te0-unsplash_7680x4320.sdr.png	t2	4	32	3718	324.78438000543974	12834.447999999888	53.656	
2200-unsplash-renders	imazen-26-png-v3/png-v3/2200-unsplash-renders/2200_renders_abstract-folded-ribbons_by-a-chosen-soul-moigsaj8te0-unsplash_7680x4320.sdr.png	t2	4	44	466	309.7000929992646	14037.531000000143	35.035	
2200-unsplash-renders	imazen-26-png-v3/png-v3/2200-unsplash-renders/2200_renders_abstract-folded-ribbons_by-a-chosen-soul-moigsaj8te0-unsplash_7680x4320.sdr.png	t2	6	20	11192	261.57975700334646	13476.049999999901	71.192	
2200-unsplash-renders	imazen-26-png-v3/png-v3/2200-unsplash-renders/2200_renders_abstract-folded-ribbons_by-a-chosen-soul-moigsaj8te0-unsplash_7680x4320.sdr.png	t2	6	32	4582	247.6415670098504	2195.0680000000702	53.283	
2200-unsplash-renders	imazen-26-png-v3/png-v3/2200-unsplash-renders/2200_renders_abstract-folded-ribbons_by-a-chosen-soul-moigsaj8te0-unsplash_7680x4320.sdr.png	t2	6	44	772	305.69556799309794	2552.6990000001815	35.211	
2200-unsplash-renders	imazen-26-png-v3/png-v3/2200-unsplash-renders/2200_renders_abstract-folded-ribbons_by-a-chosen-soul-moigsaj8te0-unsplash_7680x4320.sdr.png	t2	8	20	11402	262.4156050005695	2282.8659999999772	71.499	
2200-unsplash-renders	imazen-26-png-v3/png-v3/2200-unsplash-renders/2200_renders_abstract-folded-ribbons_by-a-chosen-soul-moigsaj8te0-unsplash_7680x4320.sdr.png	t2	8	32	4644	385.3702880005585	12494.254000000083	54.773	
2200-unsplash-renders	imazen-26-png-v3/png-v3/2200-unsplash-renders/2200_renders_abstract-folded-ribbons_by-a-chosen-soul-moigsaj8te0-unsplash_7680x4320.sdr.png	t2	8	44	752	385.4727239959175	12721.387000000106	32.884	
2200-unsplash-renders	imazen-26-png-v3/png-v3/2200-unsplash-renders/2200_renders_abstract-folded-ribbons_by-a-chosen-soul-moigsaj8te0-unsplash_7680x4320.sdr.png	t2	10	20	11253	475.19632799958345	12489.950999999892	70.191	
2200-unsplash-renders	imazen-26-png-v3/png-v3/2200-unsplash-renders/2200_renders_abstract-folded-ribbons_by-a-chosen-soul-moigsaj8te0-unsplash_7680x4320.sdr.png	t2	10	32	4434	401.3290659931954	10338.317999999881	54.288	
2200-unsplash-renders	imazen-26-png-v3/png-v3/2200-unsplash-renders/2200_renders_abstract-folded-ribbons_by-a-chosen-soul-moigsaj8te0-unsplash_7680x4320.sdr.png	t2	10	44	767	334.96885100612417	516.7570000000552	33.476	
2200-unsplash-renders	imazen-26-png-v3/png-v3/2200-unsplash-renders/2200_renders_abstract-folded-ribbons_by-a-chosen-soul-moigsaj8te0-unsplash_7680x4320.sdr.png	t2	12	20	11253	309.07425400801003	707.4850000000481	70.191	
2200-unsplash-renders	imazen-26-png-v3/png-v3/2200-unsplash-renders/2200_renders_abstract-folded-ribbons_by-a-chosen-soul-moigsaj8te0-unsplash_7680x4320.sdr.png	t2	12	32	4434	491.0886089928681	971.4940000000354	54.288	
2200-unsplash-renders	imazen-26-png-v3/png-v3/2200-unsplash-renders/2200_renders_abstract-folded-ribbons_by-a-chosen-soul-moigsaj8te0-unsplash_7680x4320.sdr.png	t2	12	44	767	435.6374609924387	742.7479999999775	33.476	
2200-unsplash-renders	imazen-26-png-v3/png-v3/2200-unsplash-renders/2200_renders_abstract-folded-ribbons_by-a-chosen-soul-moigsaj8te0-unsplash_7680x4320.sdr.png	t3	-1	20	14372	2329.997740002	6471.154000000062	DEC-ERR	
2200-unsplash-renders	imazen-26-png-v3/png-v3/2200-unsplash-renders/2200_renders_abstract-folded-ribbons_by-a-chosen-soul-moigsaj8te0-unsplash_7680x4320.sdr.png	t3	-1	32	7578	2578.2894529984333	9068.617999999973	DEC-ERR	
2200-unsplash-renders	imazen-26-png-v3/png-v3/2200-unsplash-renders/2200_renders_abstract-folded-ribbons_by-a-chosen-soul-moigsaj8te0-unsplash_7680x4320.sdr.png	t3	-1	44	2365	2567.5763769977493	11630.243999999899	DEC-ERR	
2200-unsplash-renders	imazen-26-png-v3/png-v3/2200-unsplash-renders/2200_renders_abstract-folded-ribbons_by-a-chosen-soul-moigsaj8te0-unsplash_7680x4320.sdr.png	t3	2	20	14278	509.4468729948858	517.4269999999481	80.728	
2200-unsplash-renders	imazen-26-png-v3/png-v3/2200-unsplash-renders/2200_renders_abstract-folded-ribbons_by-a-chosen-soul-moigsaj8te0-unsplash_7680x4320.sdr.png	t3	2	32	7177	914.63709200616	3143.6569999998837	66.893	
2200-unsplash-renders	imazen-26-png-v3/png-v3/2200-unsplash-renders/2200_renders_abstract-folded-ribbons_by-a-chosen-soul-moigsaj8te0-unsplash_7680x4320.sdr.png	t3	2	44	1612	509.79022499814164	1087.4640000002173	46.568	
2200-unsplash-renders	imazen-26-png-v3/png-v3/2200-unsplash-renders/2200_renders_abstract-folded-ribbons_by-a-chosen-soul-moigsaj8te0-unsplash_7680x4320.sdr.png	t3	4	20	14418	391.23095899412874	1795.2290000001553	80.699	
2200-unsplash-renders	imazen-26-png-v3/png-v3/2200-unsplash-renders/2200_renders_abstract-folded-ribbons_by-a-chosen-soul-moigsaj8te0-unsplash_7680x4320.sdr.png	t3	4	32	7331	344.8207710025599	1091.9590000001876	66.969	
2200-unsplash-renders	imazen-26-png-v3/png-v3/2200-unsplash-renders/2200_renders_abstract-folded-ribbons_by-a-chosen-soul-moigsaj8te0-unsplash_7680x4320.sdr.png	t3	4	44	1685	354.91768599604256	1695.5760000001733	47.166	
2200-unsplash-renders	imazen-26-png-v3/png-v3/2200-unsplash-renders/2200_renders_abstract-folded-ribbons_by-a-chosen-soul-moigsaj8te0-unsplash_7680x4320.sdr.png	t3	6	20	15028	287.54860498884227	777.5000000000176	81.517	
2200-unsplash-renders	imazen-26-png-v3/png-v3/2200-unsplash-renders/2200_renders_abstract-folded-ribbons_by-a-chosen-soul-moigsaj8te0-unsplash_7680x4320.sdr.png	t3	6	32	8393	344.89093399315607	1925.367000000037	68.512	
2200-unsplash-renders	imazen-26-png-v3/png-v3/2200-unsplash-renders/2200_renders_abstract-folded-ribbons_by-a-chosen-soul-moigsaj8te0-unsplash_7680x4320.sdr.png	t3	6	44	2134	503.7320400006138	2266.318999999804	46.952	
2200-unsplash-renders	imazen-26-png-v3/png-v3/2200-unsplash-renders/2200_renders_abstract-folded-ribbons_by-a-chosen-soul-moigsaj8te0-unsplash_7680x4320.sdr.png	t3	8	20	15364	389.11987899336964	485.59700000021877	80.909	
2200-unsplash-renders	imazen-26-png-v3/png-v3/2200-unsplash-renders/2200_renders_abstract-folded-ribbons_by-a-chosen-soul-moigsaj8te0-unsplash_7680x4320.sdr.png	t3	8	32	8804	536.4797009970061	2662.942999999906	68.918	
2200-unsplash-renders	imazen-26-png-v3/png-v3/2200-unsplash-renders/2200_renders_abstract-folded-ribbons_by-a-chosen-soul-moigsaj8te0-unsplash_7680x4320.sdr.png	t3	8	44	2248	346.87207601382397	2619.357000000029	48.171	
2200-unsplash-renders	imazen-26-png-v3/png-v3/2200-unsplash-renders/2200_renders_abstract-folded-ribbons_by-a-chosen-soul-moigsaj8te0-unsplash_7680x4320.sdr.png	t3	10	20	15375	288.58436200243887	2871.831000000057	81.182	
2200-unsplash-renders	imazen-26-png-v3/png-v3/2200-unsplash-renders/2200_renders_abstract-folded-ribbons_by-a-chosen-soul-moigsaj8te0-unsplash_7680x4320.sdr.png	t3	10	32	8853	466.45705100672785	5640.252999999937	68.759	
2200-unsplash-renders	imazen-26-png-v3/png-v3/2200-unsplash-renders/2200_renders_abstract-folded-ribbons_by-a-chosen-soul-moigsaj8te0-unsplash_7680x4320.sdr.png	t3	10	44	2384	466.0570209962316	5376.271999999879	48.595	
2200-unsplash-renders	imazen-26-png-v3/png-v3/2200-unsplash-renders/2200_renders_abstract-folded-ribbons_by-a-chosen-soul-moigsaj8te0-unsplash_7680x4320.sdr.png	t3	12	20	15375	457.6119630073663	6105.085999999943	81.182	
2200-unsplash-renders	imazen-26-png-v3/png-v3/2200-unsplash-renders/2200_renders_abstract-folded-ribbons_by-a-chosen-soul-moigsaj8te0-unsplash_7680x4320.sdr.png	t3	12	32	8853	292.5880050024716	3303.88599999997	68.759	
2200-unsplash-renders	imazen-26-png-v3/png-v3/2200-unsplash-renders/2200_renders_abstract-folded-ribbons_by-a-chosen-soul-moigsaj8te0-unsplash_7680x4320.sdr.png	t3	12	44	2384	273.64124299492687	3580.348999999991	48.595	
2200-unsplash-renders	imazen-26-png-v3/png-v3/2200-unsplash-renders/2200_renders_abstract-folded-ribbons_by-a-chosen-soul-moigsaj8te0-unsplash_7680x4320.sdr.png	t4	-1	20	14272	2646.730459004175	8107.568000000072	DEC-ERR	
2200-unsplash-renders	imazen-26-png-v3/png-v3/2200-unsplash-renders/2200_renders_abstract-folded-ribbons_by-a-chosen-soul-moigsaj8te0-unsplash_7680x4320.sdr.png	t4	-1	32	7453	2895.3261880087666	11417.227999999952	DEC-ERR	
2200-unsplash-renders	imazen-26-png-v3/png-v3/2200-unsplash-renders/2200_renders_abstract-folded-ribbons_by-a-chosen-soul-moigsaj8te0-unsplash_7680x4320.sdr.png	t4	-1	44	2138	2848.0329840094782	14167.431999999899	DEC-ERR	
2200-unsplash-renders	imazen-26-png-v3/png-v3/2200-unsplash-renders/2200_renders_abstract-folded-ribbons_by-a-chosen-soul-moigsaj8te0-unsplash_7680x4320.sdr.png	t4	2	20	14180	603.092374993139	1354.566999999996	80.389	
2200-unsplash-renders	imazen-26-png-v3/png-v3/2200-unsplash-renders/2200_renders_abstract-folded-ribbons_by-a-chosen-soul-moigsaj8te0-unsplash_7680x4320.sdr.png	t4	2	32	7348	587.1500500070397	840.9190000001204	66.957	
2200-unsplash-renders	imazen-26-png-v3/png-v3/2200-unsplash-renders/2200_renders_abstract-folded-ribbons_by-a-chosen-soul-moigsaj8te0-unsplash_7680x4320.sdr.png	t4	2	44	1564	674.3408140027896	1638.8009999997166	46.283	
2200-unsplash-renders	imazen-26-png-v3/png-v3/2200-unsplash-renders/2200_renders_abstract-folded-ribbons_by-a-chosen-soul-moigsaj8te0-unsplash_7680x4320.sdr.png	t4	4	20	14291	422.63629101216793	897.8430000000941	80.466	
2200-unsplash-renders	imazen-26-png-v3/png-v3/2200-unsplash-renders/2200_renders_abstract-folded-ribbons_by-a-chosen-soul-moigsaj8te0-unsplash_7680x4320.sdr.png	t4	4	32	7463	508.0264360003639	1478.4010000000478	67.041	
2200-unsplash-renders	imazen-26-png-v3/png-v3/2200-unsplash-renders/2200_renders_abstract-folded-ribbons_by-a-chosen-soul-moigsaj8te0-unsplash_7680x4320.sdr.png	t4	4	44	1665	345.50984000088647	1709.2100000000555	46.839	
2200-unsplash-renders	imazen-26-png-v3/png-v3/2200-unsplash-renders/2200_renders_abstract-folded-ribbons_by-a-chosen-soul-moigsaj8te0-unsplash_7680x4320.sdr.png	t4	6	20	14901	329.256972996518	1416.1760000000213	81.162	
2200-unsplash-renders	imazen-26-png-v3/png-v3/2200-unsplash-renders/2200_renders_abstract-folded-ribbons_by-a-chosen-soul-moigsaj8te0-unsplash_7680x4320.sdr.png	t4	6	32	8427	454.27426499372814	599.9419999998565	68.242	
2200-unsplash-renders	imazen-26-png-v3/png-v3/2200-unsplash-renders/2200_renders_abstract-folded-ribbons_by-a-chosen-soul-moigsaj8te0-unsplash_7680x4320.sdr.png	t4	6	44	2085	464.22260800318327	848.0169999998282	45.935	
2200-unsplash-renders	imazen-26-png-v3/png-v3/2200-unsplash-renders/2200_renders_abstract-folded-ribbons_by-a-chosen-soul-moigsaj8te0-unsplash_7680x4320.sdr.png	t4	8	20	15078	451.91300999431405	376.88800000017864	80.612	
2200-unsplash-renders	imazen-26-png-v3/png-v3/2200-unsplash-renders/2200_renders_abstract-folded-ribbons_by-a-chosen-soul-moigsaj8te0-unsplash_7680x4320.sdr.png	t4	8	32	8789	449.19395599572454	3315.4649999999892	68.336	
2200-unsplash-renders	imazen-26-png-v3/png-v3/2200-unsplash-renders/2200_renders_abstract-folded-ribbons_by-a-chosen-soul-moigsaj8te0-unsplash_7680x4320.sdr.png	t4	8	44	2164	288.53939700638875	573.0050000000091	47.817	
2200-unsplash-renders	imazen-26-png-v3/png-v3/2200-unsplash-renders/2200_renders_abstract-folded-ribbons_by-a-chosen-soul-moigsaj8te0-unsplash_7680x4320.sdr.png	t4	10	20	15158	282.4546409974573	3491.943999999997	78.878	
2200-unsplash-renders	imazen-26-png-v3/png-v3/2200-unsplash-renders/2200_renders_abstract-folded-ribbons_by-a-chosen-soul-moigsaj8te0-unsplash_7680x4320.sdr.png	t4	10	32	8186	456.44263199937996	3769.846999999999	66.529	
2200-unsplash-renders	imazen-26-png-v3/png-v3/2200-unsplash-renders/2200_renders_abstract-folded-ribbons_by-a-chosen-soul-moigsaj8te0-unsplash_7680x4320.sdr.png	t4	10	44	2234	365.98346100072376	3807.0440000001254	48.243	
2200-unsplash-renders	imazen-26-png-v3/png-v3/2200-unsplash-renders/2200_renders_abstract-folded-ribbons_by-a-chosen-soul-moigsaj8te0-unsplash_7680x4320.sdr.png	t4	12	20	15158	326.2739589990815	3331.970000000197	78.878	
2200-unsplash-renders	imazen-26-png-v3/png-v3/2200-unsplash-renders/2200_renders_abstract-folded-ribbons_by-a-chosen-soul-moigsaj8te0-unsplash_7680x4320.sdr.png	t4	12	32	8186	809.9957059894223	6710.960000000106	66.529	
2200-unsplash-renders	imazen-26-png-v3/png-v3/2200-unsplash-renders/2200_renders_abstract-folded-ribbons_by-a-chosen-soul-moigsaj8te0-unsplash_7680x4320.sdr.png	t4	12	44	2234	505.44527400052175	6476.123000000136	48.243	
2200-unsplash-renders	imazen-26-png-v3/png-v3/2200-unsplash-renders/2200_renders_abstract-folded-ribbons_by-a-chosen-soul-moigsaj8te0-unsplash_7680x4320.sdr.png	st	-1	20	13627	2227.175649997662	6126.041999999963	DEC-ERR	
2200-unsplash-renders	imazen-26-png-v3/png-v3/2200-unsplash-renders/2200_renders_abstract-folded-ribbons_by-a-chosen-soul-moigsaj8te0-unsplash_7680x4320.sdr.png	st	-1	32	7029	2481.594208002207	11013.358000000004	DEC-ERR	
2200-unsplash-renders	imazen-26-png-v3/png-v3/2200-unsplash-renders/2200_renders_abstract-folded-ribbons_by-a-chosen-soul-moigsaj8te0-unsplash_7680x4320.sdr.png	st	-1	44	2216	2243.9108730031876	10782.653000000053	DEC-ERR	
2200-unsplash-renders	imazen-26-png-v3/png-v3/2200-unsplash-renders/2200_renders_abstract-folded-ribbons_by-a-chosen-soul-moigsaj8te0-unsplash_7680x4320.sdr.png	st	2	20	12441	517.8805599862244	1055.518999999876	78.227	
2200-unsplash-renders	imazen-26-png-v3/png-v3/2200-unsplash-renders/2200_renders_abstract-folded-ribbons_by-a-chosen-soul-moigsaj8te0-unsplash_7680x4320.sdr.png	st	2	32	5211	669.4252799934475	3185.6899999998946	61.799	
2200-unsplash-renders	imazen-26-png-v3/png-v3/2200-unsplash-renders/2200_renders_abstract-folded-ribbons_by-a-chosen-soul-moigsaj8te0-unsplash_7680x4320.sdr.png	st	2	44	872	413.6568480025744	551.9120000002147	42.541	
2200-unsplash-renders	imazen-26-png-v3/png-v3/2200-unsplash-renders/2200_renders_abstract-folded-ribbons_by-a-chosen-soul-moigsaj8te0-unsplash_7680x4320.sdr.png	st	4	20	12579	413.8335339957848	1308.286999999858	78.093	
2200-unsplash-renders	imazen-26-png-v3/png-v3/2200-unsplash-renders/2200_renders_abstract-folded-ribbons_by-a-chosen-soul-moigsaj8te0-unsplash_7680x4320.sdr.png	st	4	32	5265	359.90615900664125	2331.725999999989	62.033	
2200-unsplash-renders	imazen-26-png-v3/png-v3/2200-unsplash-renders/2200_renders_abstract-folded-ribbons_by-a-chosen-soul-moigsaj8te0-unsplash_7680x4320.sdr.png	st	4	44	951	331.25682100944687	2588.177000000016	41.827	
2200-unsplash-renders	imazen-26-png-v3/png-v3/2200-unsplash-renders/2200_renders_abstract-folded-ribbons_by-a-chosen-soul-moigsaj8te0-unsplash_7680x4320.sdr.png	st	6	20	13214	274.53349898860324	1464.887000000047	79.359	
2200-unsplash-renders	imazen-26-png-v3/png-v3/2200-unsplash-renders/2200_renders_abstract-folded-ribbons_by-a-chosen-soul-moigsaj8te0-unsplash_7680x4320.sdr.png	st	6	32	6013	280.838983002468	1929.394999999971	62.416	
2200-unsplash-renders	imazen-26-png-v3/png-v3/2200-unsplash-renders/2200_renders_abstract-folded-ribbons_by-a-chosen-soul-moigsaj8te0-unsplash_7680x4320.sdr.png	st	6	44	1266	275.7791839976562	2964.5630000000624	42.074	
2200-unsplash-renders	imazen-26-png-v3/png-v3/2200-unsplash-renders/2200_renders_abstract-folded-ribbons_by-a-chosen-soul-moigsaj8te0-unsplash_7680x4320.sdr.png	st	8	20	13482	342.47080799832474	226.39800000008847	79.097	
2200-unsplash-renders	imazen-26-png-v3/png-v3/2200-unsplash-renders/2200_renders_abstract-folded-ribbons_by-a-chosen-soul-moigsaj8te0-unsplash_7680x4320.sdr.png	st	8	32	6029	337.9067009955179	2403.921999999952	62.456	
2200-unsplash-renders	imazen-26-png-v3/png-v3/2200-unsplash-renders/2200_renders_abstract-folded-ribbons_by-a-chosen-soul-moigsaj8te0-unsplash_7680x4320.sdr.png	st	8	44	1330	301.52870499296114	516.6749999999852	41.641	
2200-unsplash-renders	imazen-26-png-v3/png-v3/2200-unsplash-renders/2200_renders_abstract-folded-ribbons_by-a-chosen-soul-moigsaj8te0-unsplash_7680x4320.sdr.png	st	10	20	13471	406.06628300156444	5616.233000000072	79.045	
2200-unsplash-renders	imazen-26-png-v3/png-v3/2200-unsplash-renders/2200_renders_abstract-folded-ribbons_by-a-chosen-soul-moigsaj8te0-unsplash_7680x4320.sdr.png	st	10	32	5986	396.19781100191176	5887.0739999999205	62.351	
2200-unsplash-renders	imazen-26-png-v3/png-v3/2200-unsplash-renders/2200_renders_abstract-folded-ribbons_by-a-chosen-soul-moigsaj8te0-unsplash_7680x4320.sdr.png	st	10	44	1379	367.03132100228686	5611.107999999995	41.802	
2200-unsplash-renders	imazen-26-png-v3/png-v3/2200-unsplash-renders/2200_renders_abstract-folded-ribbons_by-a-chosen-soul-moigsaj8te0-unsplash_7680x4320.sdr.png	st	12	20	13471	278.72424700763077	1093.0999999998648	79.045	
2200-unsplash-renders	imazen-26-png-v3/png-v3/2200-unsplash-renders/2200_renders_abstract-folded-ribbons_by-a-chosen-soul-moigsaj8te0-unsplash_7680x4320.sdr.png	st	12	32	5986	276.14775398978963	1294.4640000001045	62.351	
2200-unsplash-renders	imazen-26-png-v3/png-v3/2200-unsplash-renders/2200_renders_abstract-folded-ribbons_by-a-chosen-soul-moigsaj8te0-unsplash_7680x4320.sdr.png	st	12	44	1379	281.4162090071477	1523.8899999999803	41.802	
2200-unsplash-renders	imazen-26-png-v3/png-v3/2200-unsplash-renders/2201_renders_abstract-dark-curves_by-anton-sobotyak-g7ayfxxntva-unsplash_3840x2160.sdr.png	t1	-1	20	293	842.5507430074504	2891.2279999999982	82.984	
2200-unsplash-renders	imazen-26-png-v3/png-v3/2200-unsplash-renders/2201_renders_abstract-dark-curves_by-anton-sobotyak-g7ayfxxntva-unsplash_3840x2160.sdr.png	t1	-1	32	196	658.5242760047549	2182.5429999997896	80.117	
2200-unsplash-renders	imazen-26-png-v3/png-v3/2200-unsplash-renders/2201_renders_abstract-dark-curves_by-anton-sobotyak-g7ayfxxntva-unsplash_3840x2160.sdr.png	t1	-1	44	129	986.1560839926824	2885.5239999999258	73.887	
2200-unsplash-renders	imazen-26-png-v3/png-v3/2200-unsplash-renders/2201_renders_abstract-dark-curves_by-anton-sobotyak-g7ayfxxntva-unsplash_3840x2160.sdr.png	t1	2	20	316	445.66741900052875	857.6820000000538	82.257	
2200-unsplash-renders	imazen-26-png-v3/png-v3/2200-unsplash-renders/2201_renders_abstract-dark-curves_by-anton-sobotyak-g7ayfxxntva-unsplash_3840x2160.sdr.png	t1	2	32	173	665.7096819981234	1415.8819999999323	78.455	
2200-unsplash-renders	imazen-26-png-v3/png-v3/2200-unsplash-renders/2201_renders_abstract-dark-curves_by-anton-sobotyak-g7ayfxxntva-unsplash_3840x2160.sdr.png	t1	2	44	126	182.87758399674203	167.36399999984286	69.869	
2200-unsplash-renders	imazen-26-png-v3/png-v3/2200-unsplash-renders/2201_renders_abstract-dark-curves_by-anton-sobotyak-g7ayfxxntva-unsplash_3840x2160.sdr.png	t1	4	20	320	404.35892999812495	264.80300000009294	82.120	
2200-unsplash-renders	imazen-26-png-v3/png-v3/2200-unsplash-renders/2201_renders_abstract-dark-curves_by-anton-sobotyak-g7ayfxxntva-unsplash_3840x2160.sdr.png	t1	4	32	214	392.86600399645977	328.67400000009184	78.284	
2200-unsplash-renders	imazen-26-png-v3/png-v3/2200-unsplash-renders/2201_renders_abstract-dark-curves_by-anton-sobotyak-g7ayfxxntva-unsplash_3840x2160.sdr.png	t1	4	44	142	159.32681800040882	191.14200000012005	68.854	
2200-unsplash-renders	imazen-26-png-v3/png-v3/2200-unsplash-renders/2201_renders_abstract-dark-curves_by-anton-sobotyak-g7ayfxxntva-unsplash_3840x2160.sdr.png	t1	6	20	414	198.1390170112718	327.1929999998946	82.039	
2200-unsplash-renders	imazen-26-png-v3/png-v3/2200-unsplash-renders/2201_renders_abstract-dark-curves_by-anton-sobotyak-g7ayfxxntva-unsplash_3840x2160.sdr.png	t1	6	32	251	213.98674399824813	386.0709999999443	77.433	
2200-unsplash-renders	imazen-26-png-v3/png-v3/2200-unsplash-renders/2201_renders_abstract-dark-curves_by-anton-sobotyak-g7ayfxxntva-unsplash_3840x2160.sdr.png	t1	6	44	151	90.38801700808108	141.173000000002	67.940	
2200-unsplash-renders	imazen-26-png-v3/png-v3/2200-unsplash-renders/2201_renders_abstract-dark-curves_by-anton-sobotyak-g7ayfxxntva-unsplash_3840x2160.sdr.png	t1	8	20	443	84.23380799649749	228.7099999997224	80.495	
2200-unsplash-renders	imazen-26-png-v3/png-v3/2200-unsplash-renders/2201_renders_abstract-dark-curves_by-anton-sobotyak-g7ayfxxntva-unsplash_3840x2160.sdr.png	t1	8	32	265	838.9523279911373	263.73700000006295	76.651	
2200-unsplash-renders	imazen-26-png-v3/png-v3/2200-unsplash-renders/2201_renders_abstract-dark-curves_by-anton-sobotyak-g7ayfxxntva-unsplash_3840x2160.sdr.png	t1	8	44	148	677.8262620064197	162.43100000004063	65.088	
2200-unsplash-renders	imazen-26-png-v3/png-v3/2200-unsplash-renders/2201_renders_abstract-dark-curves_by-anton-sobotyak-g7ayfxxntva-unsplash_3840x2160.sdr.png	t1	10	20	421	290.98466999130324	77.45400000008829	81.429	
2200-unsplash-renders	imazen-26-png-v3/png-v3/2200-unsplash-renders/2201_renders_abstract-dark-curves_by-anton-sobotyak-g7ayfxxntva-unsplash_3840x2160.sdr.png	t1	10	32	263	562.9872020072071	202.92200000018568	76.089	
2200-unsplash-renders	imazen-26-png-v3/png-v3/2200-unsplash-renders/2201_renders_abstract-dark-curves_by-anton-sobotyak-g7ayfxxntva-unsplash_3840x2160.sdr.png	t1	10	44	150	239.35848599649034	129.09700000006552	65.422	
2200-unsplash-renders	imazen-26-png-v3/png-v3/2200-unsplash-renders/2201_renders_abstract-dark-curves_by-anton-sobotyak-g7ayfxxntva-unsplash_3840x2160.sdr.png	t1	12	20	421	135.49961800163146	97.5750000000204	81.429	
2200-unsplash-renders	imazen-26-png-v3/png-v3/2200-unsplash-renders/2201_renders_abstract-dark-curves_by-anton-sobotyak-g7ayfxxntva-unsplash_3840x2160.sdr.png	t1	12	32	263	394.0532480046386	231.69699999990456	76.089	
2200-unsplash-renders	imazen-26-png-v3/png-v3/2200-unsplash-renders/2201_renders_abstract-dark-curves_by-anton-sobotyak-g7ayfxxntva-unsplash_3840x2160.sdr.png	t1	12	44	150	118.46372501167934	80.23199999976072	65.422	
2200-unsplash-renders	imazen-26-png-v3/png-v3/2200-unsplash-renders/2201_renders_abstract-dark-curves_by-anton-sobotyak-g7ayfxxntva-unsplash_3840x2160.sdr.png	t2	-1	20	296	772.3478590050945	1614.0269999998936	83.036	
2200-unsplash-renders	imazen-26-png-v3/png-v3/2200-unsplash-renders/2201_renders_abstract-dark-curves_by-anton-sobotyak-g7ayfxxntva-unsplash_3840x2160.sdr.png	t2	-1	32	196	659.4295960094314	2058.6249999999923	80.117	
2200-unsplash-renders	imazen-26-png-v3/png-v3/2200-unsplash-renders/2201_renders_abstract-dark-curves_by-anton-sobotyak-g7ayfxxntva-unsplash_3840x2160.sdr.png	t2	-1	44	129	562.4093140067998	765.6979999998583	73.987	
2200-unsplash-renders	imazen-26-png-v3/png-v3/2200-unsplash-renders/2201_renders_abstract-dark-curves_by-anton-sobotyak-g7ayfxxntva-unsplash_3840x2160.sdr.png	t2	2	20	311	303.4515159961302	227.59900000010447	82.105	
2200-unsplash-renders	imazen-26-png-v3/png-v3/2200-unsplash-renders/2201_renders_abstract-dark-curves_by-anton-sobotyak-g7ayfxxntva-unsplash_3840x2160.sdr.png	t2	2	32	176	216.6533480049111	196.31000000013898	78.536	
2200-unsplash-renders	imazen-26-png-v3/png-v3/2200-unsplash-renders/2201_renders_abstract-dark-curves_by-anton-sobotyak-g7ayfxxntva-unsplash_3840x2160.sdr.png	t2	2	44	126	257.75127700762823	812.4469999998994	69.869	
2200-unsplash-renders	imazen-26-png-v3/png-v3/2200-unsplash-renders/2201_renders_abstract-dark-curves_by-anton-sobotyak-g7ayfxxntva-unsplash_3840x2160.sdr.png	t2	4	20	324	114.33668699464761	144.87099999998776	82.410	
2200-unsplash-renders	imazen-26-png-v3/png-v3/2200-unsplash-renders/2201_renders_abstract-dark-curves_by-anton-sobotyak-g7ayfxxntva-unsplash_3840x2160.sdr.png	t2	4	32	217	398.39302000473253	278.9430000000763	78.181	
2200-unsplash-renders	imazen-26-png-v3/png-v3/2200-unsplash-renders/2201_renders_abstract-dark-curves_by-anton-sobotyak-g7ayfxxntva-unsplash_3840x2160.sdr.png	t2	4	44	142	199.16886198916472	195.4080000000502	68.854	
2200-unsplash-renders	imazen-26-png-v3/png-v3/2200-unsplash-renders/2201_renders_abstract-dark-curves_by-anton-sobotyak-g7ayfxxntva-unsplash_3840x2160.sdr.png	t2	6	20	415	620.7444689935073	182.72299999988206	82.119	
2200-unsplash-renders	imazen-26-png-v3/png-v3/2200-unsplash-renders/2201_renders_abstract-dark-curves_by-anton-sobotyak-g7ayfxxntva-unsplash_3840x2160.sdr.png	t2	6	32	249	314.37907899089623	152.10199999992113	77.275	
2200-unsplash-renders	imazen-26-png-v3/png-v3/2200-unsplash-renders/2201_renders_abstract-dark-curves_by-anton-sobotyak-g7ayfxxntva-unsplash_3840x2160.sdr.png	t2	6	44	151	140.8340589987347	175.4559999999188	67.767	
2200-unsplash-renders	imazen-26-png-v3/png-v3/2200-unsplash-renders/2201_renders_abstract-dark-curves_by-anton-sobotyak-g7ayfxxntva-unsplash_3840x2160.sdr.png	t2	8	20	443	201.91297399287578	143.70000000004524	80.495	
2200-unsplash-renders	imazen-26-png-v3/png-v3/2200-unsplash-renders/2201_renders_abstract-dark-curves_by-anton-sobotyak-g7ayfxxntva-unsplash_3840x2160.sdr.png	t2	8	32	264	192.95033300295472	159.1750000002463	76.562	
2200-unsplash-renders	imazen-26-png-v3/png-v3/2200-unsplash-renders/2201_renders_abstract-dark-curves_by-anton-sobotyak-g7ayfxxntva-unsplash_3840x2160.sdr.png	t2	8	44	147	121.99764599790797	115.02400000019719	64.542	
2200-unsplash-renders	imazen-26-png-v3/png-v3/2200-unsplash-renders/2201_renders_abstract-dark-curves_by-anton-sobotyak-g7ayfxxntva-unsplash_3840x2160.sdr.png	t2	10	20	420	399.2347379971761	300.91799999979685	81.393	
2200-unsplash-renders	imazen-26-png-v3/png-v3/2200-unsplash-renders/2201_renders_abstract-dark-curves_by-anton-sobotyak-g7ayfxxntva-unsplash_3840x2160.sdr.png	t2	10	32	263	107.28593800740782	86.63600000005545	76.089	
2200-unsplash-renders	imazen-26-png-v3/png-v3/2200-unsplash-renders/2201_renders_abstract-dark-curves_by-anton-sobotyak-g7ayfxxntva-unsplash_3840x2160.sdr.png	t2	10	44	149	295.78237200621516	186.38999999990347	64.866	
2200-unsplash-renders	imazen-26-png-v3/png-v3/2200-unsplash-renders/2201_renders_abstract-dark-curves_by-anton-sobotyak-g7ayfxxntva-unsplash_3840x2160.sdr.png	t2	12	20	420	678.2796750048874	233.8340000000514	81.393	
2200-unsplash-renders	imazen-26-png-v3/png-v3/2200-unsplash-renders/2201_renders_abstract-dark-curves_by-anton-sobotyak-g7ayfxxntva-unsplash_3840x2160.sdr.png	t2	12	32	263	73.66469700355083	118.98600000017012	76.089	
2200-unsplash-renders	imazen-26-png-v3/png-v3/2200-unsplash-renders/2201_renders_abstract-dark-curves_by-anton-sobotyak-g7ayfxxntva-unsplash_3840x2160.sdr.png	t2	12	44	149	154.6054319915129	291.42800000014546	64.866	
2200-unsplash-renders	imazen-26-png-v3/png-v3/2200-unsplash-renders/2201_renders_abstract-dark-curves_by-anton-sobotyak-g7ayfxxntva-unsplash_3840x2160.sdr.png	t3	-1	20	808	577.1998130076099	1799.687999999918	DEC-ERR	
2200-unsplash-renders	imazen-26-png-v3/png-v3/2200-unsplash-renders/2201_renders_abstract-dark-curves_by-anton-sobotyak-g7ayfxxntva-unsplash_3840x2160.sdr.png	t3	-1	32	444	500.057110999478	829.3509999999956	DEC-ERR	
2200-unsplash-renders	imazen-26-png-v3/png-v3/2200-unsplash-renders/2201_renders_abstract-dark-curves_by-anton-sobotyak-g7ayfxxntva-unsplash_3840x2160.sdr.png	t3	-1	44	277	510.3340079949703	1243.6059999999075	DEC-ERR	
2200-unsplash-renders	imazen-26-png-v3/png-v3/2200-unsplash-renders/2201_renders_abstract-dark-curves_by-anton-sobotyak-g7ayfxxntva-unsplash_3840x2160.sdr.png	t3	2	20	865	474.17559000314213	747.6830000000589	86.996	
2200-unsplash-renders	imazen-26-png-v3/png-v3/2200-unsplash-renders/2201_renders_abstract-dark-curves_by-anton-sobotyak-g7ayfxxntva-unsplash_3840x2160.sdr.png	t3	2	32	458	351.10297199571505	94.78499999993062	83.681	
2200-unsplash-renders	imazen-26-png-v3/png-v3/2200-unsplash-renders/2201_renders_abstract-dark-curves_by-anton-sobotyak-g7ayfxxntva-unsplash_3840x2160.sdr.png	t3	2	44	287	412.41397699923255	677.838999999942	78.797	
2200-unsplash-renders	imazen-26-png-v3/png-v3/2200-unsplash-renders/2201_renders_abstract-dark-curves_by-anton-sobotyak-g7ayfxxntva-unsplash_3840x2160.sdr.png	t3	4	20	902	265.17964400409255	152.89099999995415	87.085	
2200-unsplash-renders	imazen-26-png-v3/png-v3/2200-unsplash-renders/2201_renders_abstract-dark-curves_by-anton-sobotyak-g7ayfxxntva-unsplash_3840x2160.sdr.png	t3	4	32	486	296.460700003081	338.4839999998803	83.022	
2200-unsplash-renders	imazen-26-png-v3/png-v3/2200-unsplash-renders/2201_renders_abstract-dark-curves_by-anton-sobotyak-g7ayfxxntva-unsplash_3840x2160.sdr.png	t3	4	44	310	501.0892709979089	446.27000000008366	78.850	
2200-unsplash-renders	imazen-26-png-v3/png-v3/2200-unsplash-renders/2201_renders_abstract-dark-curves_by-anton-sobotyak-g7ayfxxntva-unsplash_3840x2160.sdr.png	t3	6	20	1046	443.90173599822447	412.3720000001896	87.212	
2200-unsplash-renders	imazen-26-png-v3/png-v3/2200-unsplash-renders/2201_renders_abstract-dark-curves_by-anton-sobotyak-g7ayfxxntva-unsplash_3840x2160.sdr.png	t3	6	32	606	290.163911995478	356.9580000000343	83.381	
2200-unsplash-renders	imazen-26-png-v3/png-v3/2200-unsplash-renders/2201_renders_abstract-dark-curves_by-anton-sobotyak-g7ayfxxntva-unsplash_3840x2160.sdr.png	t3	6	44	344	229.92489200260025	170.49600000019893	79.097	
2200-unsplash-renders	imazen-26-png-v3/png-v3/2200-unsplash-renders/2201_renders_abstract-dark-curves_by-anton-sobotyak-g7ayfxxntva-unsplash_3840x2160.sdr.png	t3	8	20	1272	225.8413469971856	164.63800000001072	86.947	
2200-unsplash-renders	imazen-26-png-v3/png-v3/2200-unsplash-renders/2201_renders_abstract-dark-curves_by-anton-sobotyak-g7ayfxxntva-unsplash_3840x2160.sdr.png	t3	8	32	659	166.91408700717147	99.39200000005854	83.092	
2200-unsplash-renders	imazen-26-png-v3/png-v3/2200-unsplash-renders/2201_renders_abstract-dark-curves_by-anton-sobotyak-g7ayfxxntva-unsplash_3840x2160.sdr.png	t3	8	44	384	205.05073301319499	106.022000000074	80.444	
2200-unsplash-renders	imazen-26-png-v3/png-v3/2200-unsplash-renders/2201_renders_abstract-dark-curves_by-anton-sobotyak-g7ayfxxntva-unsplash_3840x2160.sdr.png	t3	10	20	1083	463.8795960054267	137.08400000018628	87.095	
2200-unsplash-renders	imazen-26-png-v3/png-v3/2200-unsplash-renders/2201_renders_abstract-dark-curves_by-anton-sobotyak-g7ayfxxntva-unsplash_3840x2160.sdr.png	t3	10	32	642	387.8210529946955	107.07500000007286	83.743	
2200-unsplash-renders	imazen-26-png-v3/png-v3/2200-unsplash-renders/2201_renders_abstract-dark-curves_by-anton-sobotyak-g7ayfxxntva-unsplash_3840x2160.sdr.png	t3	10	44	389	218.1730339943897	85.87700000002485	80.210	
2200-unsplash-renders	imazen-26-png-v3/png-v3/2200-unsplash-renders/2201_renders_abstract-dark-curves_by-anton-sobotyak-g7ayfxxntva-unsplash_3840x2160.sdr.png	t3	12	20	1083	180.11113999818917	177.20899999991957	87.095	
2200-unsplash-renders	imazen-26-png-v3/png-v3/2200-unsplash-renders/2201_renders_abstract-dark-curves_by-anton-sobotyak-g7ayfxxntva-unsplash_3840x2160.sdr.png	t3	12	32	642	120.66722998861223	240.32199999999904	83.743	
2200-unsplash-renders	imazen-26-png-v3/png-v3/2200-unsplash-renders/2201_renders_abstract-dark-curves_by-anton-sobotyak-g7ayfxxntva-unsplash_3840x2160.sdr.png	t3	12	44	389	119.10620500566438	109.23100000004382	80.210	
2200-unsplash-renders	imazen-26-png-v3/png-v3/2200-unsplash-renders/2201_renders_abstract-dark-curves_by-anton-sobotyak-g7ayfxxntva-unsplash_3840x2160.sdr.png	t4	-1	20	684	765.9370850014966	2446.855000000049	DEC-ERR	
2200-unsplash-renders	imazen-26-png-v3/png-v3/2200-unsplash-renders/2201_renders_abstract-dark-curves_by-anton-sobotyak-g7ayfxxntva-unsplash_3840x2160.sdr.png	t4	-1	32	354	650.6151369976578	1544.483999999919	DEC-ERR	
2200-unsplash-renders	imazen-26-png-v3/png-v3/2200-unsplash-renders/2201_renders_abstract-dark-curves_by-anton-sobotyak-g7ayfxxntva-unsplash_3840x2160.sdr.png	t4	-1	44	198	614.2682490026345	875.153999999938	DEC-ERR	
2200-unsplash-renders	imazen-26-png-v3/png-v3/2200-unsplash-renders/2201_renders_abstract-dark-curves_by-anton-sobotyak-g7ayfxxntva-unsplash_3840x2160.sdr.png	t4	2	20	731	327.8616640018299	264.15599999986483	86.310	
2200-unsplash-renders	imazen-26-png-v3/png-v3/2200-unsplash-renders/2201_renders_abstract-dark-curves_by-anton-sobotyak-g7ayfxxntva-unsplash_3840x2160.sdr.png	t4	2	32	380	336.2632089992985	264.15599999986483	82.968	
2200-unsplash-renders	imazen-26-png-v3/png-v3/2200-unsplash-renders/2201_renders_abstract-dark-curves_by-anton-sobotyak-g7ayfxxntva-unsplash_3840x2160.sdr.png	t4	2	44	221	184.7659199993359	1440.2889999998579	78.976	
2200-unsplash-renders	imazen-26-png-v3/png-v3/2200-unsplash-renders/2201_renders_abstract-dark-curves_by-anton-sobotyak-g7ayfxxntva-unsplash_3840x2160.sdr.png	t4	4	20	763	216.21994399174582	1037.4839999998712	86.430	
2200-unsplash-renders	imazen-26-png-v3/png-v3/2200-unsplash-renders/2201_renders_abstract-dark-curves_by-anton-sobotyak-g7ayfxxntva-unsplash_3840x2160.sdr.png	t4	4	32	393	154.5410890103085	1000.3439999999059	83.224	
2200-unsplash-renders	imazen-26-png-v3/png-v3/2200-unsplash-renders/2201_renders_abstract-dark-curves_by-anton-sobotyak-g7ayfxxntva-unsplash_3840x2160.sdr.png	t4	4	44	236	194.88162100606132	949.0250000001339	78.088	
2200-unsplash-renders	imazen-26-png-v3/png-v3/2200-unsplash-renders/2201_renders_abstract-dark-curves_by-anton-sobotyak-g7ayfxxntva-unsplash_3840x2160.sdr.png	t4	6	20	934	274.1501000127755	310.2480000000156	86.295	
2200-unsplash-renders	imazen-26-png-v3/png-v3/2200-unsplash-renders/2201_renders_abstract-dark-curves_by-anton-sobotyak-g7ayfxxntva-unsplash_3840x2160.sdr.png	t4	6	32	537	250.29344300855882	326.986000000133	82.724	
2200-unsplash-renders	imazen-26-png-v3/png-v3/2200-unsplash-renders/2201_renders_abstract-dark-curves_by-anton-sobotyak-g7ayfxxntva-unsplash_3840x2160.sdr.png	t4	6	44	300	148.2037039968418	170.13700000012477	78.980	
2200-unsplash-renders	imazen-26-png-v3/png-v3/2200-unsplash-renders/2201_renders_abstract-dark-curves_by-anton-sobotyak-g7ayfxxntva-unsplash_3840x2160.sdr.png	t4	8	20	1094	630.5709900043439	188.53400000006104	86.316	
2200-unsplash-renders	imazen-26-png-v3/png-v3/2200-unsplash-renders/2201_renders_abstract-dark-curves_by-anton-sobotyak-g7ayfxxntva-unsplash_3840x2160.sdr.png	t4	8	32	610	193.5768130060751	53.94799999987754	82.985	
2200-unsplash-renders	imazen-26-png-v3/png-v3/2200-unsplash-renders/2201_renders_abstract-dark-curves_by-anton-sobotyak-g7ayfxxntva-unsplash_3840x2160.sdr.png	t4	8	44	322	213.5308970027836	105.36099999978887	79.416	
2200-unsplash-renders	imazen-26-png-v3/png-v3/2200-unsplash-renders/2201_renders_abstract-dark-curves_by-anton-sobotyak-g7ayfxxntva-unsplash_3840x2160.sdr.png	t4	10	20	920	164.22431899991352	231.99400000013526	86.407	
2200-unsplash-renders	imazen-26-png-v3/png-v3/2200-unsplash-renders/2201_renders_abstract-dark-curves_by-anton-sobotyak-g7ayfxxntva-unsplash_3840x2160.sdr.png	t4	10	32	536	143.48669700848404	197.36800000003996	83.155	
2200-unsplash-renders	imazen-26-png-v3/png-v3/2200-unsplash-renders/2201_renders_abstract-dark-curves_by-anton-sobotyak-g7ayfxxntva-unsplash_3840x2160.sdr.png	t4	10	44	320	102.70202200626954	102.90900000013892	78.799	
2200-unsplash-renders	imazen-26-png-v3/png-v3/2200-unsplash-renders/2201_renders_abstract-dark-curves_by-anton-sobotyak-g7ayfxxntva-unsplash_3840x2160.sdr.png	t4	12	20	920	129.38265099364799	236.46700000013254	86.407	
2200-unsplash-renders	imazen-26-png-v3/png-v3/2200-unsplash-renders/2201_renders_abstract-dark-curves_by-anton-sobotyak-g7ayfxxntva-unsplash_3840x2160.sdr.png	t4	12	32	536	83.17104101297446	135.01299999991545	83.155	
2200-unsplash-renders	imazen-26-png-v3/png-v3/2200-unsplash-renders/2201_renders_abstract-dark-curves_by-anton-sobotyak-g7ayfxxntva-unsplash_3840x2160.sdr.png	t4	12	44	320	206.82110499183182	97.25300000013704	78.799	
2200-unsplash-renders	imazen-26-png-v3/png-v3/2200-unsplash-renders/2201_renders_abstract-dark-curves_by-anton-sobotyak-g7ayfxxntva-unsplash_3840x2160.sdr.png	st	-1	20	752	743.44640300842	1026.0200000000168	DEC-ERR	
2200-unsplash-renders	imazen-26-png-v3/png-v3/2200-unsplash-renders/2201_renders_abstract-dark-curves_by-anton-sobotyak-g7ayfxxntva-unsplash_3840x2160.sdr.png	st	-1	32	435	623.1498880079016	1010.0099999999941	DEC-ERR	
2200-unsplash-renders	imazen-26-png-v3/png-v3/2200-unsplash-renders/2201_renders_abstract-dark-curves_by-anton-sobotyak-g7ayfxxntva-unsplash_3840x2160.sdr.png	st	-1	44	274	635.3247980005108	1549.4849999999474	DEC-ERR	
2200-unsplash-renders	imazen-26-png-v3/png-v3/2200-unsplash-renders/2201_renders_abstract-dark-curves_by-anton-sobotyak-g7ayfxxntva-unsplash_3840x2160.sdr.png	st	2	20	850	333.8263019977603	982.2030000001973	86.773	
2200-unsplash-renders	imazen-26-png-v3/png-v3/2200-unsplash-renders/2201_renders_abstract-dark-curves_by-anton-sobotyak-g7ayfxxntva-unsplash_3840x2160.sdr.png	st	2	32	460	179.87738600641023	767.8140000000298	83.452	
2200-unsplash-renders	imazen-26-png-v3/png-v3/2200-unsplash-renders/2201_renders_abstract-dark-curves_by-anton-sobotyak-g7ayfxxntva-unsplash_3840x2160.sdr.png	st	2	44	300	169.42174998985138	735.1399999999728	77.820	
2200-unsplash-renders	imazen-26-png-v3/png-v3/2200-unsplash-renders/2201_renders_abstract-dark-curves_by-anton-sobotyak-g7ayfxxntva-unsplash_3840x2160.sdr.png	st	4	20	855	190.56729698786512	914.7089999999948	86.914	
2200-unsplash-renders	imazen-26-png-v3/png-v3/2200-unsplash-renders/2201_renders_abstract-dark-curves_by-anton-sobotyak-g7ayfxxntva-unsplash_3840x2160.sdr.png	st	4	32	487	138.88118001341354	731.1839999998497	82.919	
2200-unsplash-renders	imazen-26-png-v3/png-v3/2200-unsplash-renders/2201_renders_abstract-dark-curves_by-anton-sobotyak-g7ayfxxntva-unsplash_3840x2160.sdr.png	st	4	44	302	158.92303199507296	375.00500000010106	77.685	
2200-unsplash-renders	imazen-26-png-v3/png-v3/2200-unsplash-renders/2201_renders_abstract-dark-curves_by-anton-sobotyak-g7ayfxxntva-unsplash_3840x2160.sdr.png	st	6	20	1008	166.08579400053713	591.9970000001981	86.884	
2200-unsplash-renders	imazen-26-png-v3/png-v3/2200-unsplash-renders/2201_renders_abstract-dark-curves_by-anton-sobotyak-g7ayfxxntva-unsplash_3840x2160.sdr.png	st	6	32	600	123.37585400382522	334.2220000000964	83.087	
2200-unsplash-renders	imazen-26-png-v3/png-v3/2200-unsplash-renders/2201_renders_abstract-dark-curves_by-anton-sobotyak-g7ayfxxntva-unsplash_3840x2160.sdr.png	st	6	44	336	124.13887301227078	137.98799999995737	77.854	
2200-unsplash-renders	imazen-26-png-v3/png-v3/2200-unsplash-renders/2201_renders_abstract-dark-curves_by-anton-sobotyak-g7ayfxxntva-unsplash_3840x2160.sdr.png	st	8	20	1185	306.85073100903537	160.1829999999822	86.424	
2200-unsplash-renders	imazen-26-png-v3/png-v3/2200-unsplash-renders/2201_renders_abstract-dark-curves_by-anton-sobotyak-g7ayfxxntva-unsplash_3840x2160.sdr.png	st	8	32	643	666.4311930071563	59.49299999989677	82.462	
2200-unsplash-renders	imazen-26-png-v3/png-v3/2200-unsplash-renders/2201_renders_abstract-dark-curves_by-anton-sobotyak-g7ayfxxntva-unsplash_3840x2160.sdr.png	st	8	44	365	644.382480008062	131.18600000007774	78.063	
2200-unsplash-renders	imazen-26-png-v3/png-v3/2200-unsplash-renders/2201_renders_abstract-dark-curves_by-anton-sobotyak-g7ayfxxntva-unsplash_3840x2160.sdr.png	st	10	20	1042	127.94318799569737	93.04499999996807	86.760	
2200-unsplash-renders	imazen-26-png-v3/png-v3/2200-unsplash-renders/2201_renders_abstract-dark-curves_by-anton-sobotyak-g7ayfxxntva-unsplash_3840x2160.sdr.png	st	10	32	629	391.7700930032879	363.15000000017505	82.935	
2200-unsplash-renders	imazen-26-png-v3/png-v3/2200-unsplash-renders/2201_renders_abstract-dark-curves_by-anton-sobotyak-g7ayfxxntva-unsplash_3840x2160.sdr.png	st	10	44	365	420.1540270005353	413.5290000001959	78.063	
2200-unsplash-renders	imazen-26-png-v3/png-v3/2200-unsplash-renders/2201_renders_abstract-dark-curves_by-anton-sobotyak-g7ayfxxntva-unsplash_3840x2160.sdr.png	st	12	20	1042	302.44830100855324	111.21199999998055	86.760	
2200-unsplash-renders	imazen-26-png-v3/png-v3/2200-unsplash-renders/2201_renders_abstract-dark-curves_by-anton-sobotyak-g7ayfxxntva-unsplash_3840x2160.sdr.png	st	12	32	629	358.16449200501665	212.66600000008395	82.935	
2200-unsplash-renders	imazen-26-png-v3/png-v3/2200-unsplash-renders/2201_renders_abstract-dark-curves_by-anton-sobotyak-g7ayfxxntva-unsplash_3840x2160.sdr.png	st	12	44	365	219.3501779984217	100.80599999998441	78.063	
2400-unsplash-textures	imazen-26-png-v3/png-v3/2400-unsplash-textures/2404_textures_tree-bark-texture_by-hwang-sanguk-k0tljwrabxg-unsplash_3024x3024.sdr.png	t1	-1	20	87024	6609.577321010875	18483.886999999933	82.182	
2400-unsplash-textures	imazen-26-png-v3/png-v3/2400-unsplash-textures/2404_textures_tree-bark-texture_by-hwang-sanguk-k0tljwrabxg-unsplash_3024x3024.sdr.png	t1	-1	32	53463	9527.700984996045	42439.099999999926	68.928	
2400-unsplash-textures	imazen-26-png-v3/png-v3/2400-unsplash-textures/2404_textures_tree-bark-texture_by-hwang-sanguk-k0tljwrabxg-unsplash_3024x3024.sdr.png	t1	-1	44	18541	7976.646407987573	26887.970000000132	36.644	
2400-unsplash-textures	imazen-26-png-v3/png-v3/2400-unsplash-textures/2404_textures_tree-bark-texture_by-hwang-sanguk-k0tljwrabxg-unsplash_3024x3024.sdr.png	t1	2	20	86826	1156.8114859983325	1950.3149999998825	81.976	
2400-unsplash-textures	imazen-26-png-v3/png-v3/2400-unsplash-textures/2404_textures_tree-bark-texture_by-hwang-sanguk-k0tljwrabxg-unsplash_3024x3024.sdr.png	t1	2	32	51940	1648.1123480043607	4798.143999999951	67.165	
2400-unsplash-textures	imazen-26-png-v3/png-v3/2400-unsplash-textures/2404_textures_tree-bark-texture_by-hwang-sanguk-k0tljwrabxg-unsplash_3024x3024.sdr.png	t1	2	44	17129	921.087291004369	815.6909999998732	31.809	
2400-unsplash-textures	imazen-26-png-v3/png-v3/2400-unsplash-textures/2404_textures_tree-bark-texture_by-hwang-sanguk-k0tljwrabxg-unsplash_3024x3024.sdr.png	t1	4	20	87024	416.17516000405885	3016.849000000157	81.743	
2400-unsplash-textures	imazen-26-png-v3/png-v3/2400-unsplash-textures/2404_textures_tree-bark-texture_by-hwang-sanguk-k0tljwrabxg-unsplash_3024x3024.sdr.png	t1	4	32	51818	457.39607300492935	3438.175999999949	66.731	
2400-unsplash-textures	imazen-26-png-v3/png-v3/2400-unsplash-textures/2404_textures_tree-bark-texture_by-hwang-sanguk-k0tljwrabxg-unsplash_3024x3024.sdr.png	t1	4	44	16947	261.6899069980718	1496.6700000001224	30.544	
2400-unsplash-textures	imazen-26-png-v3/png-v3/2400-unsplash-textures/2404_textures_tree-bark-texture_by-hwang-sanguk-k0tljwrabxg-unsplash_3024x3024.sdr.png	t1	6	20	87842	235.9566859959159	1627.4979999999175	82.218	
2400-unsplash-textures	imazen-26-png-v3/png-v3/2400-unsplash-textures/2404_textures_tree-bark-texture_by-hwang-sanguk-k0tljwrabxg-unsplash_3024x3024.sdr.png	t1	6	32	52488	179.2356270016171	1426.3680000001173	66.476	
2400-unsplash-textures	imazen-26-png-v3/png-v3/2400-unsplash-textures/2404_textures_tree-bark-texture_by-hwang-sanguk-k0tljwrabxg-unsplash_3024x3024.sdr.png	t1	6	44	17228	184.11839999316726	1687.215000000002	29.760	
2400-unsplash-textures	imazen-26-png-v3/png-v3/2400-unsplash-textures/2404_textures_tree-bark-texture_by-hwang-sanguk-k0tljwrabxg-unsplash_3024x3024.sdr.png	t1	8	20	88141	139.65734399971552	817.8579999998021	81.923	
2400-unsplash-textures	imazen-26-png-v3/png-v3/2400-unsplash-textures/2404_textures_tree-bark-texture_by-hwang-sanguk-k0tljwrabxg-unsplash_3024x3024.sdr.png	t1	8	32	51020	386.1582450044807	111.29700000003595	64.590	
2400-unsplash-textures	imazen-26-png-v3/png-v3/2400-unsplash-textures/2404_textures_tree-bark-texture_by-hwang-sanguk-k0tljwrabxg-unsplash_3024x3024.sdr.png	t1	8	44	14927	171.55029199784622	486.91899999990795	26.016	
2400-unsplash-textures	imazen-26-png-v3/png-v3/2400-unsplash-textures/2404_textures_tree-bark-texture_by-hwang-sanguk-k0tljwrabxg-unsplash_3024x3024.sdr.png	t1	10	20	87660	170.95877799147274	175.7909999998546	81.458	
2400-unsplash-textures	imazen-26-png-v3/png-v3/2400-unsplash-textures/2404_textures_tree-bark-texture_by-hwang-sanguk-k0tljwrabxg-unsplash_3024x3024.sdr.png	t1	10	32	52980	139.85043100547045	443.1799999999484	64.844	
2400-unsplash-textures	imazen-26-png-v3/png-v3/2400-unsplash-textures/2404_textures_tree-bark-texture_by-hwang-sanguk-k0tljwrabxg-unsplash_3024x3024.sdr.png	t1	10	44	17112	112.12352399888914	281.5749999999042	28.448	
2400-unsplash-textures	imazen-26-png-v3/png-v3/2400-unsplash-textures/2404_textures_tree-bark-texture_by-hwang-sanguk-k0tljwrabxg-unsplash_3024x3024.sdr.png	t1	12	20	87660	146.82556700427085	241.69800000014163	81.458	
2400-unsplash-textures	imazen-26-png-v3/png-v3/2400-unsplash-textures/2404_textures_tree-bark-texture_by-hwang-sanguk-k0tljwrabxg-unsplash_3024x3024.sdr.png	t1	12	32	52980	435.16363100206945	236.5130000000093	64.844	
2400-unsplash-textures	imazen-26-png-v3/png-v3/2400-unsplash-textures/2404_textures_tree-bark-texture_by-hwang-sanguk-k0tljwrabxg-unsplash_3024x3024.sdr.png	t1	12	44	17112	468.777907997719	337.20699999998516	28.448	
2400-unsplash-textures	imazen-26-png-v3/png-v3/2400-unsplash-textures/2404_textures_tree-bark-texture_by-hwang-sanguk-k0tljwrabxg-unsplash_3024x3024.sdr.png	t2	-1	20	87053	6825.020531003247	43231.6700000001	82.383	
2400-unsplash-textures	imazen-26-png-v3/png-v3/2400-unsplash-textures/2404_textures_tree-bark-texture_by-hwang-sanguk-k0tljwrabxg-unsplash_3024x3024.sdr.png	t2	-1	32	53645	9423.52577400743	64861.59800000016	69.437	
2400-unsplash-textures	imazen-26-png-v3/png-v3/2400-unsplash-textures/2404_textures_tree-bark-texture_by-hwang-sanguk-k0tljwrabxg-unsplash_3024x3024.sdr.png	t2	-1	44	18539	8449.891650991049	52552.985999999844	36.924	
2400-unsplash-textures	imazen-26-png-v3/png-v3/2400-unsplash-textures/2404_textures_tree-bark-texture_by-hwang-sanguk-k0tljwrabxg-unsplash_3024x3024.sdr.png	t2	2	20	86834	1037.5115130009362	2970.508000000137	82.042	
2400-unsplash-textures	imazen-26-png-v3/png-v3/2400-unsplash-textures/2404_textures_tree-bark-texture_by-hwang-sanguk-k0tljwrabxg-unsplash_3024x3024.sdr.png	t2	2	32	51853	1290.1333680056268	4713.306999999979	67.261	
2400-unsplash-textures	imazen-26-png-v3/png-v3/2400-unsplash-textures/2404_textures_tree-bark-texture_by-hwang-sanguk-k0tljwrabxg-unsplash_3024x3024.sdr.png	t2	2	44	17048	774.129693993018	1872.1320000000717	32.833	
2400-unsplash-textures	imazen-26-png-v3/png-v3/2400-unsplash-textures/2404_textures_tree-bark-texture_by-hwang-sanguk-k0tljwrabxg-unsplash_3024x3024.sdr.png	t2	4	20	86979	347.0373610034585	587.2680000001225	82.002	
2400-unsplash-textures	imazen-26-png-v3/png-v3/2400-unsplash-textures/2404_textures_tree-bark-texture_by-hwang-sanguk-k0tljwrabxg-unsplash_3024x3024.sdr.png	t2	4	32	51816	388.32406800065655	975.340000000088	66.754	
2400-unsplash-textures	imazen-26-png-v3/png-v3/2400-unsplash-textures/2404_textures_tree-bark-texture_by-hwang-sanguk-k0tljwrabxg-unsplash_3024x3024.sdr.png	t2	4	44	16910	215.7835760008311	215.5940000001948	30.725	
2400-unsplash-textures	imazen-26-png-v3/png-v3/2400-unsplash-textures/2404_textures_tree-bark-texture_by-hwang-sanguk-k0tljwrabxg-unsplash_3024x3024.sdr.png	t2	6	20	87792	213.41205200587865	1972.7990000000873	81.860	
2400-unsplash-textures	imazen-26-png-v3/png-v3/2400-unsplash-textures/2404_textures_tree-bark-texture_by-hwang-sanguk-k0tljwrabxg-unsplash_3024x3024.sdr.png	t2	6	32	52389	209.14058999915142	1451.48599999996	66.530	
2400-unsplash-textures	imazen-26-png-v3/png-v3/2400-unsplash-textures/2404_textures_tree-bark-texture_by-hwang-sanguk-k0tljwrabxg-unsplash_3024x3024.sdr.png	t2	6	44	17168	147.12021600280423	304.65999999998417	29.980	
2400-unsplash-textures	imazen-26-png-v3/png-v3/2400-unsplash-textures/2404_textures_tree-bark-texture_by-hwang-sanguk-k0tljwrabxg-unsplash_3024x3024.sdr.png	t2	8	20	88134	183.93131499760784	1386.456000000031	81.845	
2400-unsplash-textures	imazen-26-png-v3/png-v3/2400-unsplash-textures/2404_textures_tree-bark-texture_by-hwang-sanguk-k0tljwrabxg-unsplash_3024x3024.sdr.png	t2	8	32	50984	309.6632130036596	240.6559999999658	64.728	
2400-unsplash-textures	imazen-26-png-v3/png-v3/2400-unsplash-textures/2404_textures_tree-bark-texture_by-hwang-sanguk-k0tljwrabxg-unsplash_3024x3024.sdr.png	t2	8	44	14968	161.4105360058602	100.32499999994116	26.281	
2400-unsplash-textures	imazen-26-png-v3/png-v3/2400-unsplash-textures/2404_textures_tree-bark-texture_by-hwang-sanguk-k0tljwrabxg-unsplash_3024x3024.sdr.png	t2	10	20	87659	172.59660898707807	143.01699999997197	81.479	
2400-unsplash-textures	imazen-26-png-v3/png-v3/2400-unsplash-textures/2404_textures_tree-bark-texture_by-hwang-sanguk-k0tljwrabxg-unsplash_3024x3024.sdr.png	t2	10	32	53011	161.82592400582507	6767.462999999907	64.980	
2400-unsplash-textures	imazen-26-png-v3/png-v3/2400-unsplash-textures/2404_textures_tree-bark-texture_by-hwang-sanguk-k0tljwrabxg-unsplash_3024x3024.sdr.png	t2	10	44	17024	166.7204400000628	124.35000000003527	28.530	
2400-unsplash-textures	imazen-26-png-v3/png-v3/2400-unsplash-textures/2404_textures_tree-bark-texture_by-hwang-sanguk-k0tljwrabxg-unsplash_3024x3024.sdr.png	t2	12	20	87659	278.11212399683427	136.8599999999489	81.479	
2400-unsplash-textures	imazen-26-png-v3/png-v3/2400-unsplash-textures/2404_textures_tree-bark-texture_by-hwang-sanguk-k0tljwrabxg-unsplash_3024x3024.sdr.png	t2	12	32	53011	146.20757299417164	143.63200000009613	64.980	
2400-unsplash-textures	imazen-26-png-v3/png-v3/2400-unsplash-textures/2404_textures_tree-bark-texture_by-hwang-sanguk-k0tljwrabxg-unsplash_3024x3024.sdr.png	t2	12	44	17024	136.4321589935571	197.79399999980285	28.530	
2400-unsplash-textures	imazen-26-png-v3/png-v3/2400-unsplash-textures/2404_textures_tree-bark-texture_by-hwang-sanguk-k0tljwrabxg-unsplash_3024x3024.sdr.png	t3	-1	20	84924	8473.861432998092	63950.508000000205	DEC-ERR	
2400-unsplash-textures	imazen-26-png-v3/png-v3/2400-unsplash-textures/2404_textures_tree-bark-texture_by-hwang-sanguk-k0tljwrabxg-unsplash_3024x3024.sdr.png	t3	-1	32	47926	9582.354347003275	75392.84599999999	DEC-ERR	
2400-unsplash-textures	imazen-26-png-v3/png-v3/2400-unsplash-textures/2404_textures_tree-bark-texture_by-hwang-sanguk-k0tljwrabxg-unsplash_3024x3024.sdr.png	t3	-1	44	19309	14040.67527600273	107216.3899999999	DEC-ERR	
2400-unsplash-textures	imazen-26-png-v3/png-v3/2400-unsplash-textures/2404_textures_tree-bark-texture_by-hwang-sanguk-k0tljwrabxg-unsplash_3024x3024.sdr.png	t3	2	20	85060	1257.2242309979629	10462.525000000085	83.991	
2400-unsplash-textures	imazen-26-png-v3/png-v3/2400-unsplash-textures/2404_textures_tree-bark-texture_by-hwang-sanguk-k0tljwrabxg-unsplash_3024x3024.sdr.png	t3	2	32	47166	1503.0670119886054	12046.189999999968	69.161	
2400-unsplash-textures	imazen-26-png-v3/png-v3/2400-unsplash-textures/2404_textures_tree-bark-texture_by-hwang-sanguk-k0tljwrabxg-unsplash_3024x3024.sdr.png	t3	2	44	19118	1539.8308409930905	13729.421999999879	41.504	
2400-unsplash-textures	imazen-26-png-v3/png-v3/2400-unsplash-textures/2404_textures_tree-bark-texture_by-hwang-sanguk-k0tljwrabxg-unsplash_3024x3024.sdr.png	t3	4	20	85344	389.5492449955782	8314.368999999906	84.207	
2400-unsplash-textures	imazen-26-png-v3/png-v3/2400-unsplash-textures/2404_textures_tree-bark-texture_by-hwang-sanguk-k0tljwrabxg-unsplash_3024x3024.sdr.png	t3	4	32	46213	428.5749889968429	788.4019999999553	68.362	
2400-unsplash-textures	imazen-26-png-v3/png-v3/2400-unsplash-textures/2404_textures_tree-bark-texture_by-hwang-sanguk-k0tljwrabxg-unsplash_3024x3024.sdr.png	t3	4	44	19058	344.37348099891096	344.1829999999584	40.365	
2400-unsplash-textures	imazen-26-png-v3/png-v3/2400-unsplash-textures/2404_textures_tree-bark-texture_by-hwang-sanguk-k0tljwrabxg-unsplash_3024x3024.sdr.png	t3	6	20	85512	180.68729400692973	1717.4920000001136	84.391	
2400-unsplash-textures	imazen-26-png-v3/png-v3/2400-unsplash-textures/2404_textures_tree-bark-texture_by-hwang-sanguk-k0tljwrabxg-unsplash_3024x3024.sdr.png	t3	6	32	46724	203.58922699233517	3423.836000000051	68.492	
2400-unsplash-textures	imazen-26-png-v3/png-v3/2400-unsplash-textures/2404_textures_tree-bark-texture_by-hwang-sanguk-k0tljwrabxg-unsplash_3024x3024.sdr.png	t3	6	44	19773	275.1939820009284	9685.93600000014	40.218	
2400-unsplash-textures	imazen-26-png-v3/png-v3/2400-unsplash-textures/2404_textures_tree-bark-texture_by-hwang-sanguk-k0tljwrabxg-unsplash_3024x3024.sdr.png	t3	8	20	86715	412.95991399965715	6812.509999999776	83.796	
2400-unsplash-textures	imazen-26-png-v3/png-v3/2400-unsplash-textures/2404_textures_tree-bark-texture_by-hwang-sanguk-k0tljwrabxg-unsplash_3024x3024.sdr.png	t3	8	32	46948	157.06356998998672	189.41999999972836	66.986	
2400-unsplash-textures	imazen-26-png-v3/png-v3/2400-unsplash-textures/2404_textures_tree-bark-texture_by-hwang-sanguk-k0tljwrabxg-unsplash_3024x3024.sdr.png	t3	8	44	20139	124.98052199953236	203.35900000013396	39.141	
2400-unsplash-textures	imazen-26-png-v3/png-v3/2400-unsplash-textures/2404_textures_tree-bark-texture_by-hwang-sanguk-k0tljwrabxg-unsplash_3024x3024.sdr.png	t3	10	20	86458	240.0518640060909	390.26000000016836	83.873	
2400-unsplash-textures	imazen-26-png-v3/png-v3/2400-unsplash-textures/2404_textures_tree-bark-texture_by-hwang-sanguk-k0tljwrabxg-unsplash_3024x3024.sdr.png	t3	10	32	46987	175.1386569958413	245.1630000000904	67.037	
2400-unsplash-textures	imazen-26-png-v3/png-v3/2400-unsplash-textures/2404_textures_tree-bark-texture_by-hwang-sanguk-k0tljwrabxg-unsplash_3024x3024.sdr.png	t3	10	44	20040	194.40922301146202	195.80399999981069	38.677	
2400-unsplash-textures	imazen-26-png-v3/png-v3/2400-unsplash-textures/2404_textures_tree-bark-texture_by-hwang-sanguk-k0tljwrabxg-unsplash_3024x3024.sdr.png	t3	12	20	86458	256.9905919954181	151.15699999998355	83.873	
2400-unsplash-textures	imazen-26-png-v3/png-v3/2400-unsplash-textures/2404_textures_tree-bark-texture_by-hwang-sanguk-k0tljwrabxg-unsplash_3024x3024.sdr.png	t3	12	32	46987	469.3622390041128	203.83799999989094	67.037	
2400-unsplash-textures	imazen-26-png-v3/png-v3/2400-unsplash-textures/2404_textures_tree-bark-texture_by-hwang-sanguk-k0tljwrabxg-unsplash_3024x3024.sdr.png	t3	12	44	20040	305.1981530006742	231.6299999999103	38.677	
2400-unsplash-textures	imazen-26-png-v3/png-v3/2400-unsplash-textures/2404_textures_tree-bark-texture_by-hwang-sanguk-k0tljwrabxg-unsplash_3024x3024.sdr.png	t4	-1	20	84815	7570.846952992724	56093.668000000034	DEC-ERR	
2400-unsplash-textures	imazen-26-png-v3/png-v3/2400-unsplash-textures/2404_textures_tree-bark-texture_by-hwang-sanguk-k0tljwrabxg-unsplash_3024x3024.sdr.png	t4	-1	32	55010	10079.76596399385	86138.12799999988	DEC-ERR	
2400-unsplash-textures	imazen-26-png-v3/png-v3/2400-unsplash-textures/2404_textures_tree-bark-texture_by-hwang-sanguk-k0tljwrabxg-unsplash_3024x3024.sdr.png	t4	-1	44	20194	10443.923335988075	100187.21400000005	DEC-ERR	
2400-unsplash-textures	imazen-26-png-v3/png-v3/2400-unsplash-textures/2404_textures_tree-bark-texture_by-hwang-sanguk-k0tljwrabxg-unsplash_3024x3024.sdr.png	t4	2	20	84392	940.3273810021346	9590.484000000075	83.504	
2400-unsplash-textures	imazen-26-png-v3/png-v3/2400-unsplash-textures/2404_textures_tree-bark-texture_by-hwang-sanguk-k0tljwrabxg-unsplash_3024x3024.sdr.png	t4	2	32	51553	1486.4434820046881	21799.751	69.788	
2400-unsplash-textures	imazen-26-png-v3/png-v3/2400-unsplash-textures/2404_textures_tree-bark-texture_by-hwang-sanguk-k0tljwrabxg-unsplash_3024x3024.sdr.png	t4	2	44	18935	945.8509399992181	11116.845000000012	40.221	
2400-unsplash-textures	imazen-26-png-v3/png-v3/2400-unsplash-textures/2404_textures_tree-bark-texture_by-hwang-sanguk-k0tljwrabxg-unsplash_3024x3024.sdr.png	t4	4	20	84589	359.89628099196125	8465.608000000146	83.413	
2400-unsplash-textures	imazen-26-png-v3/png-v3/2400-unsplash-textures/2404_textures_tree-bark-texture_by-hwang-sanguk-k0tljwrabxg-unsplash_3024x3024.sdr.png	t4	4	32	49817	467.7259710006183	1658.9139999999816	68.730	
2400-unsplash-textures	imazen-26-png-v3/png-v3/2400-unsplash-textures/2404_textures_tree-bark-texture_by-hwang-sanguk-k0tljwrabxg-unsplash_3024x3024.sdr.png	t4	4	44	18928	252.6782620116137	1187.5979999998094	38.456	
2400-unsplash-textures	imazen-26-png-v3/png-v3/2400-unsplash-textures/2404_textures_tree-bark-texture_by-hwang-sanguk-k0tljwrabxg-unsplash_3024x3024.sdr.png	t4	6	20	84788	228.80147799151018	1493.686000000068	83.627	
2400-unsplash-textures	imazen-26-png-v3/png-v3/2400-unsplash-textures/2404_textures_tree-bark-texture_by-hwang-sanguk-k0tljwrabxg-unsplash_3024x3024.sdr.png	t4	6	32	50007	326.572985999519	205.35399999992876	68.876	
2400-unsplash-textures	imazen-26-png-v3/png-v3/2400-unsplash-textures/2404_textures_tree-bark-texture_by-hwang-sanguk-k0tljwrabxg-unsplash_3024x3024.sdr.png	t4	6	44	19298	398.71746599965263	363.1139999999107	36.621	
2400-unsplash-textures	imazen-26-png-v3/png-v3/2400-unsplash-textures/2404_textures_tree-bark-texture_by-hwang-sanguk-k0tljwrabxg-unsplash_3024x3024.sdr.png	t4	8	20	85633	126.58134099910967	312.1550000000468	83.189	
2400-unsplash-textures	imazen-26-png-v3/png-v3/2400-unsplash-textures/2404_textures_tree-bark-texture_by-hwang-sanguk-k0tljwrabxg-unsplash_3024x3024.sdr.png	t4	8	32	47387	192.3644499911461	508.2250000001096	66.426	
2400-unsplash-textures	imazen-26-png-v3/png-v3/2400-unsplash-textures/2404_textures_tree-bark-texture_by-hwang-sanguk-k0tljwrabxg-unsplash_3024x3024.sdr.png	t4	8	44	12793	166.2670179939596	362.80800000001534	21.973	
2400-unsplash-textures	imazen-26-png-v3/png-v3/2400-unsplash-textures/2404_textures_tree-bark-texture_by-hwang-sanguk-k0tljwrabxg-unsplash_3024x3024.sdr.png	t4	10	20	85144	180.106040003011	306.67800000016143	82.975	
2400-unsplash-textures	imazen-26-png-v3/png-v3/2400-unsplash-textures/2404_textures_tree-bark-texture_by-hwang-sanguk-k0tljwrabxg-unsplash_3024x3024.sdr.png	t4	10	32	46257	184.9433869938366	105.05800000011334	66.143	
2400-unsplash-textures	imazen-26-png-v3/png-v3/2400-unsplash-textures/2404_textures_tree-bark-texture_by-hwang-sanguk-k0tljwrabxg-unsplash_3024x3024.sdr.png	t4	10	44	19574	377.20005300070625	171.70599999998615	36.995	
2400-unsplash-textures	imazen-26-png-v3/png-v3/2400-unsplash-textures/2404_textures_tree-bark-texture_by-hwang-sanguk-k0tljwrabxg-unsplash_3024x3024.sdr.png	t4	12	20	85144	183.2355340011418	271.9160000000471	82.975	
2400-unsplash-textures	imazen-26-png-v3/png-v3/2400-unsplash-textures/2404_textures_tree-bark-texture_by-hwang-sanguk-k0tljwrabxg-unsplash_3024x3024.sdr.png	t4	12	32	46257	163.83059199142735	374.42599999994286	66.143	
2400-unsplash-textures	imazen-26-png-v3/png-v3/2400-unsplash-textures/2404_textures_tree-bark-texture_by-hwang-sanguk-k0tljwrabxg-unsplash_3024x3024.sdr.png	t4	12	44	19574	261.9288010027958	338.5710000002149	36.995	
2400-unsplash-textures	imazen-26-png-v3/png-v3/2400-unsplash-textures/2404_textures_tree-bark-texture_by-hwang-sanguk-k0tljwrabxg-unsplash_3024x3024.sdr.png	st	-1	20	80811	7635.141545004444	84603.10300000002	DEC-ERR	
2400-unsplash-textures	imazen-26-png-v3/png-v3/2400-unsplash-textures/2404_textures_tree-bark-texture_by-hwang-sanguk-k0tljwrabxg-unsplash_3024x3024.sdr.png	st	-1	32	44432	9210.955932998331	100037.81099999977	DEC-ERR	
2400-unsplash-textures	imazen-26-png-v3/png-v3/2400-unsplash-textures/2404_textures_tree-bark-texture_by-hwang-sanguk-k0tljwrabxg-unsplash_3024x3024.sdr.png	st	-1	44	17212	13587.09687499504	123906.88400000025	DEC-ERR	
2400-unsplash-textures	imazen-26-png-v3/png-v3/2400-unsplash-textures/2404_textures_tree-bark-texture_by-hwang-sanguk-k0tljwrabxg-unsplash_3024x3024.sdr.png	st	2	20	81446	1055.5423759942641	1516.644000000028	82.969	
2400-unsplash-textures	imazen-26-png-v3/png-v3/2400-unsplash-textures/2404_textures_tree-bark-texture_by-hwang-sanguk-k0tljwrabxg-unsplash_3024x3024.sdr.png	st	2	32	44062	1347.1126889926381	12742.148000000057	66.912	
2400-unsplash-textures	imazen-26-png-v3/png-v3/2400-unsplash-textures/2404_textures_tree-bark-texture_by-hwang-sanguk-k0tljwrabxg-unsplash_3024x3024.sdr.png	st	2	44	17242	1318.024776992388	14015.34000000008	35.905	
2400-unsplash-textures	imazen-26-png-v3/png-v3/2400-unsplash-textures/2404_textures_tree-bark-texture_by-hwang-sanguk-k0tljwrabxg-unsplash_3024x3024.sdr.png	st	4	20	81587	371.46148399915546	371.25600000010195	82.817	
2400-unsplash-textures	imazen-26-png-v3/png-v3/2400-unsplash-textures/2404_textures_tree-bark-texture_by-hwang-sanguk-k0tljwrabxg-unsplash_3024x3024.sdr.png	st	4	32	42771	402.7599929977441	1413.7399999999757	65.913	
2400-unsplash-textures	imazen-26-png-v3/png-v3/2400-unsplash-textures/2404_textures_tree-bark-texture_by-hwang-sanguk-k0tljwrabxg-unsplash_3024x3024.sdr.png	st	4	44	17306	348.9222000062	730.9990000000539	35.236	
2400-unsplash-textures	imazen-26-png-v3/png-v3/2400-unsplash-textures/2404_textures_tree-bark-texture_by-hwang-sanguk-k0tljwrabxg-unsplash_3024x3024.sdr.png	st	6	20	81786	278.0192679929314	229.6900000000619	82.899	
2400-unsplash-textures	imazen-26-png-v3/png-v3/2400-unsplash-textures/2404_textures_tree-bark-texture_by-hwang-sanguk-k0tljwrabxg-unsplash_3024x3024.sdr.png	st	6	32	42432	182.4441009957809	679.2789999999513	65.306	
2400-unsplash-textures	imazen-26-png-v3/png-v3/2400-unsplash-textures/2404_textures_tree-bark-texture_by-hwang-sanguk-k0tljwrabxg-unsplash_3024x3024.sdr.png	st	6	44	17670	337.07920799497515	206.7440000000147	34.387	
2400-unsplash-textures	imazen-26-png-v3/png-v3/2400-unsplash-textures/2404_textures_tree-bark-texture_by-hwang-sanguk-k0tljwrabxg-unsplash_3024x3024.sdr.png	st	8	20	82943	169.70032898825593	282.0569999997957	82.410	
2400-unsplash-textures	imazen-26-png-v3/png-v3/2400-unsplash-textures/2404_textures_tree-bark-texture_by-hwang-sanguk-k0tljwrabxg-unsplash_3024x3024.sdr.png	st	8	32	42240	264.71327799663413	295.04500000007283	64.264	
2400-unsplash-textures	imazen-26-png-v3/png-v3/2400-unsplash-textures/2404_textures_tree-bark-texture_by-hwang-sanguk-k0tljwrabxg-unsplash_3024x3024.sdr.png	st	8	44	18037	186.44084100378677	225.86200000013434	33.310	
2400-unsplash-textures	imazen-26-png-v3/png-v3/2400-unsplash-textures/2404_textures_tree-bark-texture_by-hwang-sanguk-k0tljwrabxg-unsplash_3024x3024.sdr.png	st	10	20	82523	321.57424300385173	210.2330000001018	82.165	
2400-unsplash-textures	imazen-26-png-v3/png-v3/2400-unsplash-textures/2404_textures_tree-bark-texture_by-hwang-sanguk-k0tljwrabxg-unsplash_3024x3024.sdr.png	st	10	32	42657	122.69779600319453	178.66900000008457	64.441	
2400-unsplash-textures	imazen-26-png-v3/png-v3/2400-unsplash-textures/2404_textures_tree-bark-texture_by-hwang-sanguk-k0tljwrabxg-unsplash_3024x3024.sdr.png	st	10	44	17966	160.54726600123104	265.1929999999112	32.849	
2400-unsplash-textures	imazen-26-png-v3/png-v3/2400-unsplash-textures/2404_textures_tree-bark-texture_by-hwang-sanguk-k0tljwrabxg-unsplash_3024x3024.sdr.png	st	12	20	82523	145.13354399241507	235.8349999999234	82.165	
2400-unsplash-textures	imazen-26-png-v3/png-v3/2400-unsplash-textures/2404_textures_tree-bark-texture_by-hwang-sanguk-k0tljwrabxg-unsplash_3024x3024.sdr.png	st	12	32	42657	122.09206500847358	287.07699999982594	64.441	
2400-unsplash-textures	imazen-26-png-v3/png-v3/2400-unsplash-textures/2404_textures_tree-bark-texture_by-hwang-sanguk-k0tljwrabxg-unsplash_3024x3024.sdr.png	st	12	44	17966	298.2864469959168	110.07799999983092	32.849	
2400-unsplash-textures	imazen-26-png-v3/png-v3/2400-unsplash-textures/2407_textures_blue-wabring-threads_by-pawel-czerwinski-kra9zndplra-unsplash_4000x6000.sdr.png	t1	-1	20	6887	2930.736264999723	33808.035000000105	68.999	
2400-unsplash-textures	imazen-26-png-v3/png-v3/2400-unsplash-textures/2407_textures_blue-wabring-threads_by-pawel-czerwinski-kra9zndplra-unsplash_4000x6000.sdr.png	t1	-1	32	1360	1573.8517600111663	3615.8300000000595	56.245	
2400-unsplash-textures	imazen-26-png-v3/png-v3/2400-unsplash-textures/2407_textures_blue-wabring-threads_by-pawel-czerwinski-kra9zndplra-unsplash_4000x6000.sdr.png	t1	-1	44	709	1639.7992510028416	5189.328000000046	34.241	
2400-unsplash-textures	imazen-26-png-v3/png-v3/2400-unsplash-textures/2407_textures_blue-wabring-threads_by-pawel-czerwinski-kra9zndplra-unsplash_4000x6000.sdr.png	t1	2	20	5675	434.19614400772844	1139.2559999999748	66.757	
2400-unsplash-textures	imazen-26-png-v3/png-v3/2400-unsplash-textures/2407_textures_blue-wabring-threads_by-pawel-czerwinski-kra9zndplra-unsplash_4000x6000.sdr.png	t1	2	32	1415	337.066345004132	372.1660000001208	55.141	
2400-unsplash-textures	imazen-26-png-v3/png-v3/2400-unsplash-textures/2407_textures_blue-wabring-threads_by-pawel-czerwinski-kra9zndplra-unsplash_4000x6000.sdr.png	t1	2	44	676	341.1277870036429	657.7800000001162	25.852	
2400-unsplash-textures	imazen-26-png-v3/png-v3/2400-unsplash-textures/2407_textures_blue-wabring-threads_by-pawel-czerwinski-kra9zndplra-unsplash_4000x6000.sdr.png	t1	4	20	5604	306.97688199870754	342.2429999999821	66.454	
2400-unsplash-textures	imazen-26-png-v3/png-v3/2400-unsplash-textures/2407_textures_blue-wabring-threads_by-pawel-czerwinski-kra9zndplra-unsplash_4000x6000.sdr.png	t1	4	32	1522	256.48996100062504	790.0430000000682	53.895	
2400-unsplash-textures	imazen-26-png-v3/png-v3/2400-unsplash-textures/2407_textures_blue-wabring-threads_by-pawel-czerwinski-kra9zndplra-unsplash_4000x6000.sdr.png	t1	4	44	757	241.93297600140795	513.9960000002048	27.311	
2400-unsplash-textures	imazen-26-png-v3/png-v3/2400-unsplash-textures/2407_textures_blue-wabring-threads_by-pawel-czerwinski-kra9zndplra-unsplash_4000x6000.sdr.png	t1	6	20	9281	401.8405380047625	1854.957000000013	67.162	
2400-unsplash-textures	imazen-26-png-v3/png-v3/2400-unsplash-textures/2407_textures_blue-wabring-threads_by-pawel-czerwinski-kra9zndplra-unsplash_4000x6000.sdr.png	t1	6	32	2721	207.89102699200157	14303.800999999723	53.780	
2400-unsplash-textures	imazen-26-png-v3/png-v3/2400-unsplash-textures/2407_textures_blue-wabring-threads_by-pawel-czerwinski-kra9zndplra-unsplash_4000x6000.sdr.png	t1	6	44	1229	250.51928199536633	14500.94799999978	24.811	
2400-unsplash-textures	imazen-26-png-v3/png-v3/2400-unsplash-textures/2407_textures_blue-wabring-threads_by-pawel-czerwinski-kra9zndplra-unsplash_4000x6000.sdr.png	t1	8	20	8736	222.86364100000355	24640.31599999987	66.506	
2400-unsplash-textures	imazen-26-png-v3/png-v3/2400-unsplash-textures/2407_textures_blue-wabring-threads_by-pawel-czerwinski-kra9zndplra-unsplash_4000x6000.sdr.png	t1	8	32	2730	223.71214300801512	24802.52599999993	51.727	
2400-unsplash-textures	imazen-26-png-v3/png-v3/2400-unsplash-textures/2407_textures_blue-wabring-threads_by-pawel-czerwinski-kra9zndplra-unsplash_4000x6000.sdr.png	t1	8	44	1200	220.07809099159203	10997.89700000008	21.513	
2400-unsplash-textures	imazen-26-png-v3/png-v3/2400-unsplash-textures/2407_textures_blue-wabring-threads_by-pawel-czerwinski-kra9zndplra-unsplash_4000x6000.sdr.png	t1	10	20	7543	248.50346399762202	10948.473000000093	65.791	
2400-unsplash-textures	imazen-26-png-v3/png-v3/2400-unsplash-textures/2407_textures_blue-wabring-threads_by-pawel-czerwinski-kra9zndplra-unsplash_4000x6000.sdr.png	t1	10	32	2810	459.97805600927677	3580.2979999999566	51.498	
2400-unsplash-textures	imazen-26-png-v3/png-v3/2400-unsplash-textures/2407_textures_blue-wabring-threads_by-pawel-czerwinski-kra9zndplra-unsplash_4000x6000.sdr.png	t1	10	44	1209	475.05759399791714	10916.352999999972	20.679	
2400-unsplash-textures	imazen-26-png-v3/png-v3/2400-unsplash-textures/2407_textures_blue-wabring-threads_by-pawel-czerwinski-kra9zndplra-unsplash_4000x6000.sdr.png	t1	12	20	7543	554.6571740123909	8290.180999999862	65.791	
2400-unsplash-textures	imazen-26-png-v3/png-v3/2400-unsplash-textures/2407_textures_blue-wabring-threads_by-pawel-czerwinski-kra9zndplra-unsplash_4000x6000.sdr.png	t1	12	32	2810	306.0622449993389	8045.777999999842	51.498	
2400-unsplash-textures	imazen-26-png-v3/png-v3/2400-unsplash-textures/2407_textures_blue-wabring-threads_by-pawel-czerwinski-kra9zndplra-unsplash_4000x6000.sdr.png	t1	12	44	1209	401.0762769903522	8294.476999999986	20.679	
2400-unsplash-textures	imazen-26-png-v3/png-v3/2400-unsplash-textures/2407_textures_blue-wabring-threads_by-pawel-czerwinski-kra9zndplra-unsplash_4000x6000.sdr.png	t2	-1	20	6396	2899.569387998781	26916.498000000047	68.314	
2400-unsplash-textures	imazen-26-png-v3/png-v3/2400-unsplash-textures/2407_textures_blue-wabring-threads_by-pawel-czerwinski-kra9zndplra-unsplash_4000x6000.sdr.png	t2	-1	32	1390	1639.7726410068572	4537.549999999939	55.833	
2400-unsplash-textures	imazen-26-png-v3/png-v3/2400-unsplash-textures/2407_textures_blue-wabring-threads_by-pawel-czerwinski-kra9zndplra-unsplash_4000x6000.sdr.png	t2	-1	44	671	1667.3064700007671	6306.586000000138	29.883	
2400-unsplash-textures	imazen-26-png-v3/png-v3/2400-unsplash-textures/2407_textures_blue-wabring-threads_by-pawel-czerwinski-kra9zndplra-unsplash_4000x6000.sdr.png	t2	2	20	5165	458.3635309973033	1049.8620000001608	66.342	
2400-unsplash-textures	imazen-26-png-v3/png-v3/2400-unsplash-textures/2407_textures_blue-wabring-threads_by-pawel-czerwinski-kra9zndplra-unsplash_4000x6000.sdr.png	t2	2	32	1384	401.1850529932417	405.435000000125	54.474	
2400-unsplash-textures	imazen-26-png-v3/png-v3/2400-unsplash-textures/2407_textures_blue-wabring-threads_by-pawel-czerwinski-kra9zndplra-unsplash_4000x6000.sdr.png	t2	2	44	643	787.4001250020228	1365.3679999997905	25.102	
2400-unsplash-textures	imazen-26-png-v3/png-v3/2400-unsplash-textures/2407_textures_blue-wabring-threads_by-pawel-czerwinski-kra9zndplra-unsplash_4000x6000.sdr.png	t2	4	20	4801	520.840010009124	1645.3799999999178	65.652	
2400-unsplash-textures	imazen-26-png-v3/png-v3/2400-unsplash-textures/2407_textures_blue-wabring-threads_by-pawel-czerwinski-kra9zndplra-unsplash_4000x6000.sdr.png	t2	4	32	1439	463.4174890088616	571.7429999998132	53.019	
2400-unsplash-textures	imazen-26-png-v3/png-v3/2400-unsplash-textures/2407_textures_blue-wabring-threads_by-pawel-czerwinski-kra9zndplra-unsplash_4000x6000.sdr.png	t2	4	44	693	350.728520003031	749.9580000000918	25.626	
2400-unsplash-textures	imazen-26-png-v3/png-v3/2400-unsplash-textures/2407_textures_blue-wabring-threads_by-pawel-czerwinski-kra9zndplra-unsplash_4000x6000.sdr.png	t2	6	20	8837	302.41674100398086	716.7870000000249	66.806	
2400-unsplash-textures	imazen-26-png-v3/png-v3/2400-unsplash-textures/2407_textures_blue-wabring-threads_by-pawel-czerwinski-kra9zndplra-unsplash_4000x6000.sdr.png	t2	6	32	2677	256.12581000314094	442.4639999998874	53.616	
2400-unsplash-textures	imazen-26-png-v3/png-v3/2400-unsplash-textures/2407_textures_blue-wabring-threads_by-pawel-czerwinski-kra9zndplra-unsplash_4000x6000.sdr.png	t2	6	44	1202	255.36593698780052	2419.2019999999984	24.054	
2400-unsplash-textures	imazen-26-png-v3/png-v3/2400-unsplash-textures/2407_textures_blue-wabring-threads_by-pawel-czerwinski-kra9zndplra-unsplash_4000x6000.sdr.png	t2	8	20	8404	297.1731730067404	12706.514999999925	66.391	
2400-unsplash-textures	imazen-26-png-v3/png-v3/2400-unsplash-textures/2407_textures_blue-wabring-threads_by-pawel-czerwinski-kra9zndplra-unsplash_4000x6000.sdr.png	t2	8	32	2699	416.6546409978764	407.3599999999544	50.997	
2400-unsplash-textures	imazen-26-png-v3/png-v3/2400-unsplash-textures/2407_textures_blue-wabring-threads_by-pawel-czerwinski-kra9zndplra-unsplash_4000x6000.sdr.png	t2	8	44	1165	293.50619899923913	223.3619999999803	20.192	
2400-unsplash-textures	imazen-26-png-v3/png-v3/2400-unsplash-textures/2407_textures_blue-wabring-threads_by-pawel-czerwinski-kra9zndplra-unsplash_4000x6000.sdr.png	t2	10	20	7276	304.13737799972296	552.9920000000175	65.678	
2400-unsplash-textures	imazen-26-png-v3/png-v3/2400-unsplash-textures/2407_textures_blue-wabring-threads_by-pawel-czerwinski-kra9zndplra-unsplash_4000x6000.sdr.png	t2	10	32	2762	333.52501899935305	2965.7090000000608	50.980	
2400-unsplash-textures	imazen-26-png-v3/png-v3/2400-unsplash-textures/2407_textures_blue-wabring-threads_by-pawel-czerwinski-kra9zndplra-unsplash_4000x6000.sdr.png	t2	10	44	1178	461.8564039992634	471.70099999999593	19.188	
2400-unsplash-textures	imazen-26-png-v3/png-v3/2400-unsplash-textures/2407_textures_blue-wabring-threads_by-pawel-czerwinski-kra9zndplra-unsplash_4000x6000.sdr.png	t2	12	20	7276	360.01788200519513	620.6539999999023	65.678	
2400-unsplash-textures	imazen-26-png-v3/png-v3/2400-unsplash-textures/2407_textures_blue-wabring-threads_by-pawel-czerwinski-kra9zndplra-unsplash_4000x6000.sdr.png	t2	12	32	2762	364.6607090049656	587.7629999999527	50.980	
2400-unsplash-textures	imazen-26-png-v3/png-v3/2400-unsplash-textures/2407_textures_blue-wabring-threads_by-pawel-czerwinski-kra9zndplra-unsplash_4000x6000.sdr.png	t2	12	44	1178	467.60207500483375	289.0100000000615	19.188	
2400-unsplash-textures	imazen-26-png-v3/png-v3/2400-unsplash-textures/2407_textures_blue-wabring-threads_by-pawel-czerwinski-kra9zndplra-unsplash_4000x6000.sdr.png	t3	-1	20	16325	3550.253073000931	25644.07500000006	DEC-ERR	
2400-unsplash-textures	imazen-26-png-v3/png-v3/2400-unsplash-textures/2407_textures_blue-wabring-threads_by-pawel-czerwinski-kra9zndplra-unsplash_4000x6000.sdr.png	t3	-1	32	5214	2462.293172997306	21573.230000000123	DEC-ERR	
2400-unsplash-textures	imazen-26-png-v3/png-v3/2400-unsplash-textures/2407_textures_blue-wabring-threads_by-pawel-czerwinski-kra9zndplra-unsplash_4000x6000.sdr.png	t3	-1	44	1532	1263.928793996456	3781.069999999957	DEC-ERR	
2400-unsplash-textures	imazen-26-png-v3/png-v3/2400-unsplash-textures/2407_textures_blue-wabring-threads_by-pawel-czerwinski-kra9zndplra-unsplash_4000x6000.sdr.png	t3	2	20	16760	592.5132150005084	2250.629999999731	78.051	
2400-unsplash-textures	imazen-26-png-v3/png-v3/2400-unsplash-textures/2407_textures_blue-wabring-threads_by-pawel-czerwinski-kra9zndplra-unsplash_4000x6000.sdr.png	t3	2	32	5233	479.3478220090037	1465.203000000031	66.607	
2400-unsplash-textures	imazen-26-png-v3/png-v3/2400-unsplash-textures/2407_textures_blue-wabring-threads_by-pawel-czerwinski-kra9zndplra-unsplash_4000x6000.sdr.png	t3	2	44	1555	319.81877000362147	477.22799999999665	53.168	
2400-unsplash-textures	imazen-26-png-v3/png-v3/2400-unsplash-textures/2407_textures_blue-wabring-threads_by-pawel-czerwinski-kra9zndplra-unsplash_4000x6000.sdr.png	t3	4	20	17233	357.48454999702517	753.1540000001797	77.981	
2400-unsplash-textures	imazen-26-png-v3/png-v3/2400-unsplash-textures/2407_textures_blue-wabring-threads_by-pawel-czerwinski-kra9zndplra-unsplash_4000x6000.sdr.png	t3	4	32	5586	284.5091030030744	2510.756000000015	66.920	
2400-unsplash-textures	imazen-26-png-v3/png-v3/2400-unsplash-textures/2407_textures_blue-wabring-threads_by-pawel-czerwinski-kra9zndplra-unsplash_4000x6000.sdr.png	t3	4	44	1743	244.8441149899736	2044.9959999997418	54.004	
2400-unsplash-textures	imazen-26-png-v3/png-v3/2400-unsplash-textures/2407_textures_blue-wabring-threads_by-pawel-czerwinski-kra9zndplra-unsplash_4000x6000.sdr.png	t3	6	20	20860	239.35214499942958	1291.2729999999328	79.077	
2400-unsplash-textures	imazen-26-png-v3/png-v3/2400-unsplash-textures/2407_textures_blue-wabring-threads_by-pawel-czerwinski-kra9zndplra-unsplash_4000x6000.sdr.png	t3	6	32	7585	223.68580299371388	2212.409999999977	67.302	
2400-unsplash-textures	imazen-26-png-v3/png-v3/2400-unsplash-textures/2407_textures_blue-wabring-threads_by-pawel-czerwinski-kra9zndplra-unsplash_4000x6000.sdr.png	t3	6	44	2854	329.6150639944244	233.1209999999686	54.062	
2400-unsplash-textures	imazen-26-png-v3/png-v3/2400-unsplash-textures/2407_textures_blue-wabring-threads_by-pawel-czerwinski-kra9zndplra-unsplash_4000x6000.sdr.png	t3	8	20	21228	248.08789500093553	749.0689999999063	78.968	
2400-unsplash-textures	imazen-26-png-v3/png-v3/2400-unsplash-textures/2407_textures_blue-wabring-threads_by-pawel-czerwinski-kra9zndplra-unsplash_4000x6000.sdr.png	t3	8	32	8642	229.2619820073014	749.0689999999063	67.168	
2400-unsplash-textures	imazen-26-png-v3/png-v3/2400-unsplash-textures/2407_textures_blue-wabring-threads_by-pawel-czerwinski-kra9zndplra-unsplash_4000x6000.sdr.png	t3	8	44	3448	219.01132600032724	709.8799999998562	51.506	
2400-unsplash-textures	imazen-26-png-v3/png-v3/2400-unsplash-textures/2407_textures_blue-wabring-threads_by-pawel-czerwinski-kra9zndplra-unsplash_4000x6000.sdr.png	t3	10	20	22497	457.22100099374074	850.8050000001788	79.299	
2400-unsplash-textures	imazen-26-png-v3/png-v3/2400-unsplash-textures/2407_textures_blue-wabring-threads_by-pawel-czerwinski-kra9zndplra-unsplash_4000x6000.sdr.png	t3	10	32	9302	467.14386499661487	1419.013000000092	67.744	
2400-unsplash-textures	imazen-26-png-v3/png-v3/2400-unsplash-textures/2407_textures_blue-wabring-threads_by-pawel-czerwinski-kra9zndplra-unsplash_4000x6000.sdr.png	t3	10	44	3516	420.1891529955901	1419.551000000098	51.209	
2400-unsplash-textures	imazen-26-png-v3/png-v3/2400-unsplash-textures/2407_textures_blue-wabring-threads_by-pawel-czerwinski-kra9zndplra-unsplash_4000x6000.sdr.png	t3	12	20	22497	367.98606399679556	970.7610000001523	79.299	
2400-unsplash-textures	imazen-26-png-v3/png-v3/2400-unsplash-textures/2407_textures_blue-wabring-threads_by-pawel-czerwinski-kra9zndplra-unsplash_4000x6000.sdr.png	t3	12	32	9302	356.05057700013276	16224.763999999937	67.744	
2400-unsplash-textures	imazen-26-png-v3/png-v3/2400-unsplash-textures/2407_textures_blue-wabring-threads_by-pawel-czerwinski-kra9zndplra-unsplash_4000x6000.sdr.png	t3	12	44	3516	240.36710200016387	230.3109999998867	51.209	
2400-unsplash-textures	imazen-26-png-v3/png-v3/2400-unsplash-textures/2407_textures_blue-wabring-threads_by-pawel-czerwinski-kra9zndplra-unsplash_4000x6000.sdr.png	t4	-1	20	15169	4017.519300992717	18063.010000000035	DEC-ERR	
2400-unsplash-textures	imazen-26-png-v3/png-v3/2400-unsplash-textures/2407_textures_blue-wabring-threads_by-pawel-czerwinski-kra9zndplra-unsplash_4000x6000.sdr.png	t4	-1	32	4137	3524.164999995264	13984.037999999828	DEC-ERR	
2400-unsplash-textures	imazen-26-png-v3/png-v3/2400-unsplash-textures/2407_textures_blue-wabring-threads_by-pawel-czerwinski-kra9zndplra-unsplash_4000x6000.sdr.png	t4	-1	44	1522	1769.7501910006395	8644.140000000092	DEC-ERR	
2400-unsplash-textures	imazen-26-png-v3/png-v3/2400-unsplash-textures/2407_textures_blue-wabring-threads_by-pawel-czerwinski-kra9zndplra-unsplash_4000x6000.sdr.png	t4	2	20	16596	806.2779859901639	4631.729000000135	77.896	
2400-unsplash-textures	imazen-26-png-v3/png-v3/2400-unsplash-textures/2407_textures_blue-wabring-threads_by-pawel-czerwinski-kra9zndplra-unsplash_4000x6000.sdr.png	t4	2	32	4604	541.2452210002812	4055.6830000000587	66.188	
2400-unsplash-textures	imazen-26-png-v3/png-v3/2400-unsplash-textures/2407_textures_blue-wabring-threads_by-pawel-czerwinski-kra9zndplra-unsplash_4000x6000.sdr.png	t4	2	44	1551	538.3256259956397	1600.9809999998624	51.690	
2400-unsplash-textures	imazen-26-png-v3/png-v3/2400-unsplash-textures/2407_textures_blue-wabring-threads_by-pawel-czerwinski-kra9zndplra-unsplash_4000x6000.sdr.png	t4	4	20	17119	482.11534800066147	1912.042999999855	77.797	
2400-unsplash-textures	imazen-26-png-v3/png-v3/2400-unsplash-textures/2407_textures_blue-wabring-threads_by-pawel-czerwinski-kra9zndplra-unsplash_4000x6000.sdr.png	t4	4	32	4729	312.2699429950444	1872.3099999999563	65.567	
2400-unsplash-textures	imazen-26-png-v3/png-v3/2400-unsplash-textures/2407_textures_blue-wabring-threads_by-pawel-czerwinski-kra9zndplra-unsplash_4000x6000.sdr.png	t4	4	44	1692	279.22728200792335	1530.6919999999025	51.955	
2400-unsplash-textures	imazen-26-png-v3/png-v3/2400-unsplash-textures/2407_textures_blue-wabring-threads_by-pawel-czerwinski-kra9zndplra-unsplash_4000x6000.sdr.png	t4	6	20	21033	296.0384080070071	1698.306999999886	79.129	
2400-unsplash-textures	imazen-26-png-v3/png-v3/2400-unsplash-textures/2407_textures_blue-wabring-threads_by-pawel-czerwinski-kra9zndplra-unsplash_4000x6000.sdr.png	t4	6	32	7349	232.1516910014907	942.4820000001546	65.716	
2400-unsplash-textures	imazen-26-png-v3/png-v3/2400-unsplash-textures/2407_textures_blue-wabring-threads_by-pawel-czerwinski-kra9zndplra-unsplash_4000x6000.sdr.png	t4	6	44	2366	465.3602990001673	1230.7009999999536	48.528	
2400-unsplash-textures	imazen-26-png-v3/png-v3/2400-unsplash-textures/2407_textures_blue-wabring-threads_by-pawel-czerwinski-kra9zndplra-unsplash_4000x6000.sdr.png	t4	8	20	20718	503.37634500465356	2006.9639999998826	78.398	
2400-unsplash-textures	imazen-26-png-v3/png-v3/2400-unsplash-textures/2407_textures_blue-wabring-threads_by-pawel-czerwinski-kra9zndplra-unsplash_4000x6000.sdr.png	t4	8	32	7098	383.39096000709105	605.8519999999845	65.574	
2400-unsplash-textures	imazen-26-png-v3/png-v3/2400-unsplash-textures/2407_textures_blue-wabring-threads_by-pawel-czerwinski-kra9zndplra-unsplash_4000x6000.sdr.png	t4	8	44	2403	354.83625199412927	418.6840000000558	46.835	
2400-unsplash-textures	imazen-26-png-v3/png-v3/2400-unsplash-textures/2407_textures_blue-wabring-threads_by-pawel-czerwinski-kra9zndplra-unsplash_4000x6000.sdr.png	t4	10	20	19774	236.4460460084956	690.0930000001324	76.915	
2400-unsplash-textures	imazen-26-png-v3/png-v3/2400-unsplash-textures/2407_textures_blue-wabring-threads_by-pawel-czerwinski-kra9zndplra-unsplash_4000x6000.sdr.png	t4	10	32	6728	261.8495290080318	740.6399999997575	64.987	
2400-unsplash-textures	imazen-26-png-v3/png-v3/2400-unsplash-textures/2407_textures_blue-wabring-threads_by-pawel-czerwinski-kra9zndplra-unsplash_4000x6000.sdr.png	t4	10	44	2501	312.37073500233237	694.0430000000077	47.199	
2400-unsplash-textures	imazen-26-png-v3/png-v3/2400-unsplash-textures/2407_textures_blue-wabring-threads_by-pawel-czerwinski-kra9zndplra-unsplash_4000x6000.sdr.png	t4	12	20	19774	281.9619850051822	620.0429999999528	76.915	
2400-unsplash-textures	imazen-26-png-v3/png-v3/2400-unsplash-textures/2407_textures_blue-wabring-threads_by-pawel-czerwinski-kra9zndplra-unsplash_4000x6000.sdr.png	t4	12	32	6728	362.9696870048065	580.6980000001545	64.987	
2400-unsplash-textures	imazen-26-png-v3/png-v3/2400-unsplash-textures/2407_textures_blue-wabring-threads_by-pawel-czerwinski-kra9zndplra-unsplash_4000x6000.sdr.png	t4	12	44	2501	383.1551920011407	772.816999999975	47.199	
2400-unsplash-textures	imazen-26-png-v3/png-v3/2400-unsplash-textures/2407_textures_blue-wabring-threads_by-pawel-czerwinski-kra9zndplra-unsplash_4000x6000.sdr.png	st	-1	20	14571	3696.9827589928173	18410.621000000065	DEC-ERR	
2400-unsplash-textures	imazen-26-png-v3/png-v3/2400-unsplash-textures/2407_textures_blue-wabring-threads_by-pawel-czerwinski-kra9zndplra-unsplash_4000x6000.sdr.png	st	-1	32	4018	2102.0646409888286	10426.106000000018	DEC-ERR	
2400-unsplash-textures	imazen-26-png-v3/png-v3/2400-unsplash-textures/2407_textures_blue-wabring-threads_by-pawel-czerwinski-kra9zndplra-unsplash_4000x6000.sdr.png	st	-1	44	1370	1158.5196310043102	7859.93300000014	DEC-ERR	
2400-unsplash-textures	imazen-26-png-v3/png-v3/2400-unsplash-textures/2407_textures_blue-wabring-threads_by-pawel-czerwinski-kra9zndplra-unsplash_4000x6000.sdr.png	st	2	20	14933	580.2148789953208	5339.560000000063	76.593	
2400-unsplash-textures	imazen-26-png-v3/png-v3/2400-unsplash-textures/2407_textures_blue-wabring-threads_by-pawel-czerwinski-kra9zndplra-unsplash_4000x6000.sdr.png	st	2	32	4003	397.7111749991309	4455.783999999938	64.807	
2400-unsplash-textures	imazen-26-png-v3/png-v3/2400-unsplash-textures/2407_textures_blue-wabring-threads_by-pawel-czerwinski-kra9zndplra-unsplash_4000x6000.sdr.png	st	2	44	1289	430.27271299797576	4788.453000000146	48.654	
2400-unsplash-textures	imazen-26-png-v3/png-v3/2400-unsplash-textures/2407_textures_blue-wabring-threads_by-pawel-czerwinski-kra9zndplra-unsplash_4000x6000.sdr.png	st	4	20	15194	395.62725799623877	2359.1460000000097	76.375	
2400-unsplash-textures	imazen-26-png-v3/png-v3/2400-unsplash-textures/2407_textures_blue-wabring-threads_by-pawel-czerwinski-kra9zndplra-unsplash_4000x6000.sdr.png	st	4	32	4328	313.2198670064099	2319.3769999998467	64.885	
2400-unsplash-textures	imazen-26-png-v3/png-v3/2400-unsplash-textures/2407_textures_blue-wabring-threads_by-pawel-czerwinski-kra9zndplra-unsplash_4000x6000.sdr.png	st	4	44	1542	303.1427290115971	2319.3769999998467	50.049	
2400-unsplash-textures	imazen-26-png-v3/png-v3/2400-unsplash-textures/2407_textures_blue-wabring-threads_by-pawel-czerwinski-kra9zndplra-unsplash_4000x6000.sdr.png	st	6	20	18817	251.66362599702552	1499.83700000017	77.829	
2400-unsplash-textures	imazen-26-png-v3/png-v3/2400-unsplash-textures/2407_textures_blue-wabring-threads_by-pawel-czerwinski-kra9zndplra-unsplash_4000x6000.sdr.png	st	6	32	5836	269.9331119947601	2287.093000000013	64.946	
2400-unsplash-textures	imazen-26-png-v3/png-v3/2400-unsplash-textures/2407_textures_blue-wabring-threads_by-pawel-czerwinski-kra9zndplra-unsplash_4000x6000.sdr.png	st	6	44	2396	238.77417799667455	2043.051999999946	48.715	
2400-unsplash-textures	imazen-26-png-v3/png-v3/2400-unsplash-textures/2407_textures_blue-wabring-threads_by-pawel-czerwinski-kra9zndplra-unsplash_4000x6000.sdr.png	st	8	20	19218	275.24896699469537	270.565999999846	77.774	
2400-unsplash-textures	imazen-26-png-v3/png-v3/2400-unsplash-textures/2407_textures_blue-wabring-threads_by-pawel-czerwinski-kra9zndplra-unsplash_4000x6000.sdr.png	st	8	32	6870	514.8388520028675	497.3139999999745	64.662	
2400-unsplash-textures	imazen-26-png-v3/png-v3/2400-unsplash-textures/2407_textures_blue-wabring-threads_by-pawel-czerwinski-kra9zndplra-unsplash_4000x6000.sdr.png	st	8	44	2874	427.9585480107926	2791.7610000001646	46.376	
2400-unsplash-textures	imazen-26-png-v3/png-v3/2400-unsplash-textures/2407_textures_blue-wabring-threads_by-pawel-czerwinski-kra9zndplra-unsplash_4000x6000.sdr.png	st	10	20	20439	417.2015200019814	2410.090000000068	78.054	
2400-unsplash-textures	imazen-26-png-v3/png-v3/2400-unsplash-textures/2407_textures_blue-wabring-threads_by-pawel-czerwinski-kra9zndplra-unsplash_4000x6000.sdr.png	st	10	32	7315	264.64896599645726	2755.6560000001723	64.658	
2400-unsplash-textures	imazen-26-png-v3/png-v3/2400-unsplash-textures/2407_textures_blue-wabring-threads_by-pawel-czerwinski-kra9zndplra-unsplash_4000x6000.sdr.png	st	10	44	2933	370.718834004947	2950.4419999999386	46.499	
2400-unsplash-textures	imazen-26-png-v3/png-v3/2400-unsplash-textures/2407_textures_blue-wabring-threads_by-pawel-czerwinski-kra9zndplra-unsplash_4000x6000.sdr.png	st	12	20	20439	287.7291179902386	2693.5270000002306	78.054	
2400-unsplash-textures	imazen-26-png-v3/png-v3/2400-unsplash-textures/2407_textures_blue-wabring-threads_by-pawel-czerwinski-kra9zndplra-unsplash_4000x6000.sdr.png	st	12	32	7315	315.6230320018949	689.1880000000725	64.658	
2400-unsplash-textures	imazen-26-png-v3/png-v3/2400-unsplash-textures/2407_textures_blue-wabring-threads_by-pawel-czerwinski-kra9zndplra-unsplash_4000x6000.sdr.png	st	12	44	2933	341.0689450101927	671.1779999999123	46.499	
3000-art-institute-of-chicago-photos	imazen-26-png-v3/png-v3/3000-art-institute-of-chicago-photos/3001_aic_self-portrait_11_4000x5226.sdr.png	t1	-1	20	13244	3418.086766003398	14540.98499999995	63.316	
3000-art-institute-of-chicago-photos	imazen-26-png-v3/png-v3/3000-art-institute-of-chicago-photos/3001_aic_self-portrait_11_4000x5226.sdr.png	t1	-1	32	3496	3474.6015629934845	17713.37500000017	31.907	
3000-art-institute-of-chicago-photos	imazen-26-png-v3/png-v3/3000-art-institute-of-chicago-photos/3001_aic_self-portrait_11_4000x5226.sdr.png	t1	-1	44	696	3205.861698006629	17493.153000000093	-2.581	
3000-art-institute-of-chicago-photos	imazen-26-png-v3/png-v3/3000-art-institute-of-chicago-photos/3001_aic_self-portrait_11_4000x5226.sdr.png	t1	2	20	12057	493.93447300826665	2794.347999999914	60.568	
3000-art-institute-of-chicago-photos	imazen-26-png-v3/png-v3/3000-art-institute-of-chicago-photos/3001_aic_self-portrait_11_4000x5226.sdr.png	t1	2	32	3127	483.06742499698885	2794.347999999914	28.039	
3000-art-institute-of-chicago-photos	imazen-26-png-v3/png-v3/3000-art-institute-of-chicago-photos/3001_aic_self-portrait_11_4000x5226.sdr.png	t1	2	44	634	404.4275999913225	1689.6100000001438	-4.859	
3000-art-institute-of-chicago-photos	imazen-26-png-v3/png-v3/3000-art-institute-of-chicago-photos/3001_aic_self-portrait_11_4000x5226.sdr.png	t1	4	20	12155	294.05260700150393	623.6719999999139	59.190	
3000-art-institute-of-chicago-photos	imazen-26-png-v3/png-v3/3000-art-institute-of-chicago-photos/3001_aic_self-portrait_11_4000x5226.sdr.png	t1	4	32	3056	319.7878210048657	1581.7350000000658	26.444	
3000-art-institute-of-chicago-photos	imazen-26-png-v3/png-v3/3000-art-institute-of-chicago-photos/3001_aic_self-portrait_11_4000x5226.sdr.png	t1	4	44	643	293.97264499857556	958.8879999999733	-5.675	
3000-art-institute-of-chicago-photos	imazen-26-png-v3/png-v3/3000-art-institute-of-chicago-photos/3001_aic_self-portrait_11_4000x5226.sdr.png	t1	6	20	12594	224.62477600493003	259.7759999999596	60.520	
3000-art-institute-of-chicago-photos	imazen-26-png-v3/png-v3/3000-art-institute-of-chicago-photos/3001_aic_self-portrait_11_4000x5226.sdr.png	t1	6	32	3378	242.06326399871614	675.6010000000146	26.729	
3000-art-institute-of-chicago-photos	imazen-26-png-v3/png-v3/3000-art-institute-of-chicago-photos/3001_aic_self-portrait_11_4000x5226.sdr.png	t1	6	44	671	202.6454649894731	1698.0150000000408	-5.613	
3000-art-institute-of-chicago-photos	imazen-26-png-v3/png-v3/3000-art-institute-of-chicago-photos/3001_aic_self-portrait_11_4000x5226.sdr.png	t1	8	20	11702	196.3159139995696	416.5270000000163	58.960	
3000-art-institute-of-chicago-photos	imazen-26-png-v3/png-v3/3000-art-institute-of-chicago-photos/3001_aic_self-portrait_11_4000x5226.sdr.png	t1	8	32	3294	251.06849599978887	620.7479999999777	26.204	
3000-art-institute-of-chicago-photos	imazen-26-png-v3/png-v3/3000-art-institute-of-chicago-photos/3001_aic_self-portrait_11_4000x5226.sdr.png	t1	8	44	693	222.51733399752993	762.4580000000378	-5.350	
3000-art-institute-of-chicago-photos	imazen-26-png-v3/png-v3/3000-art-institute-of-chicago-photos/3001_aic_self-portrait_11_4000x5226.sdr.png	t1	10	20	11708	232.58746799547225	1072.6440000001105	58.480	
3000-art-institute-of-chicago-photos	imazen-26-png-v3/png-v3/3000-art-institute-of-chicago-photos/3001_aic_self-portrait_11_4000x5226.sdr.png	t1	10	32	3093	206.47743200242985	873.7300000000516	24.941	
3000-art-institute-of-chicago-photos	imazen-26-png-v3/png-v3/3000-art-institute-of-chicago-photos/3001_aic_self-portrait_11_4000x5226.sdr.png	t1	10	44	653	217.2011179936817	1339.4959999998123	-5.897	
3000-art-institute-of-chicago-photos	imazen-26-png-v3/png-v3/3000-art-institute-of-chicago-photos/3001_aic_self-portrait_11_4000x5226.sdr.png	t1	12	20	11708	196.84913699165918	1328.995999999947	58.480	
3000-art-institute-of-chicago-photos	imazen-26-png-v3/png-v3/3000-art-institute-of-chicago-photos/3001_aic_self-portrait_11_4000x5226.sdr.png	t1	12	32	3093	248.55810799635947	1689.1449999998117	24.941	
3000-art-institute-of-chicago-photos	imazen-26-png-v3/png-v3/3000-art-institute-of-chicago-photos/3001_aic_self-portrait_11_4000x5226.sdr.png	t1	12	44	653	199.72916699771304	1478.4560000000652	-5.897	
3000-art-institute-of-chicago-photos	imazen-26-png-v3/png-v3/3000-art-institute-of-chicago-photos/3001_aic_self-portrait_11_4000x5226.sdr.png	t2	-1	20	13209	3390.851432995987	8141.9379999999255	63.787	
3000-art-institute-of-chicago-photos	imazen-26-png-v3/png-v3/3000-art-institute-of-chicago-photos/3001_aic_self-portrait_11_4000x5226.sdr.png	t2	-1	32	3468	3599.037740001222	14487.875000000045	31.903	
3000-art-institute-of-chicago-photos	imazen-26-png-v3/png-v3/3000-art-institute-of-chicago-photos/3001_aic_self-portrait_11_4000x5226.sdr.png	t2	-1	44	633	3032.2023299959255	11075.79799999985	-2.803	
3000-art-institute-of-chicago-photos	imazen-26-png-v3/png-v3/3000-art-institute-of-chicago-photos/3001_aic_self-portrait_11_4000x5226.sdr.png	t2	2	20	11963	485.9878309944179	628.3310000001734	60.836	
3000-art-institute-of-chicago-photos	imazen-26-png-v3/png-v3/3000-art-institute-of-chicago-photos/3001_aic_self-portrait_11_4000x5226.sdr.png	t2	2	32	2993	532.4907360045472	1407.1379999998896	28.016	
3000-art-institute-of-chicago-photos	imazen-26-png-v3/png-v3/3000-art-institute-of-chicago-photos/3001_aic_self-portrait_11_4000x5226.sdr.png	t2	2	44	596	449.7817030060105	1720.3810000000033	-5.658	
3000-art-institute-of-chicago-photos	imazen-26-png-v3/png-v3/3000-art-institute-of-chicago-photos/3001_aic_self-portrait_11_4000x5226.sdr.png	t2	4	20	12014	352.5792949949391	890.1959999999747	59.741	
3000-art-institute-of-chicago-photos	imazen-26-png-v3/png-v3/3000-art-institute-of-chicago-photos/3001_aic_self-portrait_11_4000x5226.sdr.png	t2	4	32	2898	343.6701559985522	1979.923999999883	25.494	
3000-art-institute-of-chicago-photos	imazen-26-png-v3/png-v3/3000-art-institute-of-chicago-photos/3001_aic_self-portrait_11_4000x5226.sdr.png	t2	4	44	586	309.0918679954484	2214.164999999937	-5.967	
3000-art-institute-of-chicago-photos	imazen-26-png-v3/png-v3/3000-art-institute-of-chicago-photos/3001_aic_self-portrait_11_4000x5226.sdr.png	t2	6	20	12665	287.6412710029399	2248.0690000000295	60.779	
3000-art-institute-of-chicago-photos	imazen-26-png-v3/png-v3/3000-art-institute-of-chicago-photos/3001_aic_self-portrait_11_4000x5226.sdr.png	t2	6	32	3251	231.08149800100364	1835.6220000001003	26.757	
3000-art-institute-of-chicago-photos	imazen-26-png-v3/png-v3/3000-art-institute-of-chicago-photos/3001_aic_self-portrait_11_4000x5226.sdr.png	t2	6	44	627	272.02498400583863	2253.0180000001537	-6.108	
3000-art-institute-of-chicago-photos	imazen-26-png-v3/png-v3/3000-art-institute-of-chicago-photos/3001_aic_self-portrait_11_4000x5226.sdr.png	t2	8	20	11821	350.95599200576544	225.09200000013152	59.845	
3000-art-institute-of-chicago-photos	imazen-26-png-v3/png-v3/3000-art-institute-of-chicago-photos/3001_aic_self-portrait_11_4000x5226.sdr.png	t2	8	32	3188	642.7584160119295	186.01100000005033	26.235	
3000-art-institute-of-chicago-photos	imazen-26-png-v3/png-v3/3000-art-institute-of-chicago-photos/3001_aic_self-portrait_11_4000x5226.sdr.png	t2	8	44	636	228.620965994196	378.3200000002154	-6.853	
3000-art-institute-of-chicago-photos	imazen-26-png-v3/png-v3/3000-art-institute-of-chicago-photos/3001_aic_self-portrait_11_4000x5226.sdr.png	t2	10	20	11832	233.01999000250362	526.8040000000553	59.320	
3000-art-institute-of-chicago-photos	imazen-26-png-v3/png-v3/3000-art-institute-of-chicago-photos/3001_aic_self-portrait_11_4000x5226.sdr.png	t2	10	32	3028	222.35058700607624	706.3149999998899	25.241	
3000-art-institute-of-chicago-photos	imazen-26-png-v3/png-v3/3000-art-institute-of-chicago-photos/3001_aic_self-portrait_11_4000x5226.sdr.png	t2	10	44	628	227.10751100385096	1011.1949999999297	-6.761	
3000-art-institute-of-chicago-photos	imazen-26-png-v3/png-v3/3000-art-institute-of-chicago-photos/3001_aic_self-portrait_11_4000x5226.sdr.png	t2	12	20	11832	205.7434890011791	813.8079999998382	59.320	
3000-art-institute-of-chicago-photos	imazen-26-png-v3/png-v3/3000-art-institute-of-chicago-photos/3001_aic_self-portrait_11_4000x5226.sdr.png	t2	12	32	3028	242.30844900012016	1174.4479999999555	25.241	
3000-art-institute-of-chicago-photos	imazen-26-png-v3/png-v3/3000-art-institute-of-chicago-photos/3001_aic_self-portrait_11_4000x5226.sdr.png	t2	12	44	628	753.5559809912229	4549.226000000132	-6.761	
3000-art-institute-of-chicago-photos	imazen-26-png-v3/png-v3/3000-art-institute-of-chicago-photos/3001_aic_self-portrait_11_4000x5226.sdr.png	t3	-1	20	25093	4941.305928005022	23955.851000000053	DEC-ERR	
3000-art-institute-of-chicago-photos	imazen-26-png-v3/png-v3/3000-art-institute-of-chicago-photos/3001_aic_self-portrait_11_4000x5226.sdr.png	t3	-1	32	12962	6079.601861987612	27765.620999999926	DEC-ERR	
3000-art-institute-of-chicago-photos	imazen-26-png-v3/png-v3/3000-art-institute-of-chicago-photos/3001_aic_self-portrait_11_4000x5226.sdr.png	t3	-1	44	3429	3536.3597690011375	12301.56099999995	DEC-ERR	
3000-art-institute-of-chicago-photos	imazen-26-png-v3/png-v3/3000-art-institute-of-chicago-photos/3001_aic_self-portrait_11_4000x5226.sdr.png	t3	2	20	25714	683.7791680009104	4701.561000000197	76.384	
3000-art-institute-of-chicago-photos	imazen-26-png-v3/png-v3/3000-art-institute-of-chicago-photos/3001_aic_self-portrait_11_4000x5226.sdr.png	t3	2	32	13275	990.4313730075955	3079.603000000006	62.529	
3000-art-institute-of-chicago-photos	imazen-26-png-v3/png-v3/3000-art-institute-of-chicago-photos/3001_aic_self-portrait_11_4000x5226.sdr.png	t3	2	44	3516	854.0588780015241	3596.585000000104	29.616	
3000-art-institute-of-chicago-photos	imazen-26-png-v3/png-v3/3000-art-institute-of-chicago-photos/3001_aic_self-portrait_11_4000x5226.sdr.png	t3	4	20	26360	296.7642259900458	458.9769999998907	76.115	
3000-art-institute-of-chicago-photos	imazen-26-png-v3/png-v3/3000-art-institute-of-chicago-photos/3001_aic_self-portrait_11_4000x5226.sdr.png	t3	4	32	13705	366.74860399216413	2015.6209999998964	63.363	
3000-art-institute-of-chicago-photos	imazen-26-png-v3/png-v3/3000-art-institute-of-chicago-photos/3001_aic_self-portrait_11_4000x5226.sdr.png	t3	4	44	3817	304.50492599629797	644.54000000012	31.500	
3000-art-institute-of-chicago-photos	imazen-26-png-v3/png-v3/3000-art-institute-of-chicago-photos/3001_aic_self-portrait_11_4000x5226.sdr.png	t3	6	20	27040	253.33796501217876	1673.7450000000251	76.185	
3000-art-institute-of-chicago-photos	imazen-26-png-v3/png-v3/3000-art-institute-of-chicago-photos/3001_aic_self-portrait_11_4000x5226.sdr.png	t3	6	32	14564	213.45258899964392	1641.1700000000878	63.609	
3000-art-institute-of-chicago-photos	imazen-26-png-v3/png-v3/3000-art-institute-of-chicago-photos/3001_aic_self-portrait_11_4000x5226.sdr.png	t3	6	44	4075	244.1049109911546	2106.468999999791	32.019	
3000-art-institute-of-chicago-photos	imazen-26-png-v3/png-v3/3000-art-institute-of-chicago-photos/3001_aic_self-portrait_11_4000x5226.sdr.png	t3	8	20	27853	327.5255059998017	325.1039999999108	76.115	
3000-art-institute-of-chicago-photos	imazen-26-png-v3/png-v3/3000-art-institute-of-chicago-photos/3001_aic_self-portrait_11_4000x5226.sdr.png	t3	8	32	15205	240.68803199043032	676.3259999999889	64.488	
3000-art-institute-of-chicago-photos	imazen-26-png-v3/png-v3/3000-art-institute-of-chicago-photos/3001_aic_self-portrait_11_4000x5226.sdr.png	t3	8	44	4273	240.42703599843662	485.47399999981167	32.687	
3000-art-institute-of-chicago-photos	imazen-26-png-v3/png-v3/3000-art-institute-of-chicago-photos/3001_aic_self-portrait_11_4000x5226.sdr.png	t3	10	20	27690	271.72102699114475	870.7620000001839	75.874	
3000-art-institute-of-chicago-photos	imazen-26-png-v3/png-v3/3000-art-institute-of-chicago-photos/3001_aic_self-portrait_11_4000x5226.sdr.png	t3	10	32	15227	246.2834180041682	1014.1889999999023	64.330	
3000-art-institute-of-chicago-photos	imazen-26-png-v3/png-v3/3000-art-institute-of-chicago-photos/3001_aic_self-portrait_11_4000x5226.sdr.png	t3	10	44	4287	523.3207909914199	1234.0509999998944	32.718	
3000-art-institute-of-chicago-photos	imazen-26-png-v3/png-v3/3000-art-institute-of-chicago-photos/3001_aic_self-portrait_11_4000x5226.sdr.png	t3	12	20	27690	415.75893000117503	637.4830000000742	75.874	
3000-art-institute-of-chicago-photos	imazen-26-png-v3/png-v3/3000-art-institute-of-chicago-photos/3001_aic_self-portrait_11_4000x5226.sdr.png	t3	12	32	15227	354.7259319893783	452.6700000001114	64.330	
3000-art-institute-of-chicago-photos	imazen-26-png-v3/png-v3/3000-art-institute-of-chicago-photos/3001_aic_self-portrait_11_4000x5226.sdr.png	t3	12	44	4287	323.0330439982936	233.99600000014686	32.718	
3000-art-institute-of-chicago-photos	imazen-26-png-v3/png-v3/3000-art-institute-of-chicago-photos/3001_aic_self-portrait_11_4000x5226.sdr.png	t4	-1	20	19321	5307.983748003608	37849.96300000009	DEC-ERR	
3000-art-institute-of-chicago-photos	imazen-26-png-v3/png-v3/3000-art-institute-of-chicago-photos/3001_aic_self-portrait_11_4000x5226.sdr.png	t4	-1	32	8241	4782.927872001892	31831.194999999952	DEC-ERR	
3000-art-institute-of-chicago-photos	imazen-26-png-v3/png-v3/3000-art-institute-of-chicago-photos/3001_aic_self-portrait_11_4000x5226.sdr.png	t4	-1	44	2454	4490.922341996338	26358.612000000077	DEC-ERR	
3000-art-institute-of-chicago-photos	imazen-26-png-v3/png-v3/3000-art-institute-of-chicago-photos/3001_aic_self-portrait_11_4000x5226.sdr.png	t4	2	20	25065	767.5749650079524	10101.95799999984	75.968	
3000-art-institute-of-chicago-photos	imazen-26-png-v3/png-v3/3000-art-institute-of-chicago-photos/3001_aic_self-portrait_11_4000x5226.sdr.png	t4	2	32	9625	763.5079320025397	10772.562999999864	56.327	
3000-art-institute-of-chicago-photos	imazen-26-png-v3/png-v3/3000-art-institute-of-chicago-photos/3001_aic_self-portrait_11_4000x5226.sdr.png	t4	2	44	2702	795.3023629961535	8431.79700000006	25.139	
3000-art-institute-of-chicago-photos	imazen-26-png-v3/png-v3/3000-art-institute-of-chicago-photos/3001_aic_self-portrait_11_4000x5226.sdr.png	t4	4	20	25611	333.03713200439233	6758.212999999941	75.567	
3000-art-institute-of-chicago-photos	imazen-26-png-v3/png-v3/3000-art-institute-of-chicago-photos/3001_aic_self-portrait_11_4000x5226.sdr.png	t4	4	32	9825	296.58873299194966	5767.094000000142	56.174	
3000-art-institute-of-chicago-photos	imazen-26-png-v3/png-v3/3000-art-institute-of-chicago-photos/3001_aic_self-portrait_11_4000x5226.sdr.png	t4	4	44	2774	283.14502199646086	5452.52900000007	25.487	
3000-art-institute-of-chicago-photos	imazen-26-png-v3/png-v3/3000-art-institute-of-chicago-photos/3001_aic_self-portrait_11_4000x5226.sdr.png	t4	6	20	26252	205.67350499914028	5149.715999999998	75.614	
3000-art-institute-of-chicago-photos	imazen-26-png-v3/png-v3/3000-art-institute-of-chicago-photos/3001_aic_self-portrait_11_4000x5226.sdr.png	t4	6	32	10154	268.0365589912981	2627.4349999999486	56.500	
3000-art-institute-of-chicago-photos	imazen-26-png-v3/png-v3/3000-art-institute-of-chicago-photos/3001_aic_self-portrait_11_4000x5226.sdr.png	t4	6	44	3249	229.70196799724363	188.15799999998717	27.674	
3000-art-institute-of-chicago-photos	imazen-26-png-v3/png-v3/3000-art-institute-of-chicago-photos/3001_aic_self-portrait_11_4000x5226.sdr.png	t4	8	20	26976	364.15239299822133	447.7179999999521	75.521	
3000-art-institute-of-chicago-photos	imazen-26-png-v3/png-v3/3000-art-institute-of-chicago-photos/3001_aic_self-portrait_11_4000x5226.sdr.png	t4	8	32	10923	343.2803949981462	377.5510000000395	57.190	
3000-art-institute-of-chicago-photos	imazen-26-png-v3/png-v3/3000-art-institute-of-chicago-photos/3001_aic_self-portrait_11_4000x5226.sdr.png	t4	8	44	3296	339.6551200130489	551.3710000000174	27.643	
3000-art-institute-of-chicago-photos	imazen-26-png-v3/png-v3/3000-art-institute-of-chicago-photos/3001_aic_self-portrait_11_4000x5226.sdr.png	t4	10	20	22399	330.8510210044915	6163.53600000015	71.866	
3000-art-institute-of-chicago-photos	imazen-26-png-v3/png-v3/3000-art-institute-of-chicago-photos/3001_aic_self-portrait_11_4000x5226.sdr.png	t4	10	32	10103	216.4460529893404	6302.227000000031	55.660	
3000-art-institute-of-chicago-photos	imazen-26-png-v3/png-v3/3000-art-institute-of-chicago-photos/3001_aic_self-portrait_11_4000x5226.sdr.png	t4	10	44	3679	277.8439050016459	6474.448999999993	28.884	
3000-art-institute-of-chicago-photos	imazen-26-png-v3/png-v3/3000-art-institute-of-chicago-photos/3001_aic_self-portrait_11_4000x5226.sdr.png	t4	12	20	22399	554.4617309933528	562.6169999999462	71.866	
3000-art-institute-of-chicago-photos	imazen-26-png-v3/png-v3/3000-art-institute-of-chicago-photos/3001_aic_self-portrait_11_4000x5226.sdr.png	t4	12	32	10103	554.3127679993631	774.3189999997924	55.660	
3000-art-institute-of-chicago-photos	imazen-26-png-v3/png-v3/3000-art-institute-of-chicago-photos/3001_aic_self-portrait_11_4000x5226.sdr.png	t4	12	44	3679	482.9495820013108	590.4289999997872	28.884	
3000-art-institute-of-chicago-photos	imazen-26-png-v3/png-v3/3000-art-institute-of-chicago-photos/3001_aic_self-portrait_11_4000x5226.sdr.png	st	-1	20	23643	5119.954410998616	31421.425999999996	DEC-ERR	
3000-art-institute-of-chicago-photos	imazen-26-png-v3/png-v3/3000-art-institute-of-chicago-photos/3001_aic_self-portrait_11_4000x5226.sdr.png	st	-1	32	11804	5820.810328994412	38238.65499999985	DEC-ERR	
3000-art-institute-of-chicago-photos	imazen-26-png-v3/png-v3/3000-art-institute-of-chicago-photos/3001_aic_self-portrait_11_4000x5226.sdr.png	st	-1	44	2814	3026.6468199988594	22487.045999999937	DEC-ERR	
3000-art-institute-of-chicago-photos	imazen-26-png-v3/png-v3/3000-art-institute-of-chicago-photos/3001_aic_self-portrait_11_4000x5226.sdr.png	st	2	20	23880	765.0956470024539	2173.323999999866	74.932	
3000-art-institute-of-chicago-photos	imazen-26-png-v3/png-v3/3000-art-institute-of-chicago-photos/3001_aic_self-portrait_11_4000x5226.sdr.png	st	2	32	11654	1132.3017199902097	7055.444999999835	59.637	
3000-art-institute-of-chicago-photos	imazen-26-png-v3/png-v3/3000-art-institute-of-chicago-photos/3001_aic_self-portrait_11_4000x5226.sdr.png	st	2	44	2529	580.5047689937055	833.6920000001129	21.665	
3000-art-institute-of-chicago-photos	imazen-26-png-v3/png-v3/3000-art-institute-of-chicago-photos/3001_aic_self-portrait_11_4000x5226.sdr.png	st	4	20	24454	311.7400969931623	1066.3679999999545	74.725	
3000-art-institute-of-chicago-photos	imazen-26-png-v3/png-v3/3000-art-institute-of-chicago-photos/3001_aic_self-portrait_11_4000x5226.sdr.png	st	4	32	12009	332.1961449983064	2040.9399999998072	59.844	
3000-art-institute-of-chicago-photos	imazen-26-png-v3/png-v3/3000-art-institute-of-chicago-photos/3001_aic_self-portrait_11_4000x5226.sdr.png	st	4	44	2755	230.13943900878076	229.9380000000184	23.322	
3000-art-institute-of-chicago-photos	imazen-26-png-v3/png-v3/3000-art-institute-of-chicago-photos/3001_aic_self-portrait_11_4000x5226.sdr.png	st	6	20	25109	297.1009159955429	312.79200000012963	75.122	
3000-art-institute-of-chicago-photos	imazen-26-png-v3/png-v3/3000-art-institute-of-chicago-photos/3001_aic_self-portrait_11_4000x5226.sdr.png	st	6	32	12804	233.17757800396066	513.3560000001154	60.692	
3000-art-institute-of-chicago-photos	imazen-26-png-v3/png-v3/3000-art-institute-of-chicago-photos/3001_aic_self-portrait_11_4000x5226.sdr.png	st	6	44	2955	257.58706498891115	705.8990000000023	24.032	
3000-art-institute-of-chicago-photos	imazen-26-png-v3/png-v3/3000-art-institute-of-chicago-photos/3001_aic_self-portrait_11_4000x5226.sdr.png	st	8	20	25955	593.2794299878879	6663.98700000002	74.742	
3000-art-institute-of-chicago-photos	imazen-26-png-v3/png-v3/3000-art-institute-of-chicago-photos/3001_aic_self-portrait_11_4000x5226.sdr.png	st	8	32	13362	390.06184799654875	5886.187000000163	61.225	
3000-art-institute-of-chicago-photos	imazen-26-png-v3/png-v3/3000-art-institute-of-chicago-photos/3001_aic_self-portrait_11_4000x5226.sdr.png	st	8	44	3053	359.9080340063665	5819.352000000052	24.646	
3000-art-institute-of-chicago-photos	imazen-26-png-v3/png-v3/3000-art-institute-of-chicago-photos/3001_aic_self-portrait_11_4000x5226.sdr.png	st	10	20	25826	320.06077900587115	5952.0170000000835	74.462	
3000-art-institute-of-chicago-photos	imazen-26-png-v3/png-v3/3000-art-institute-of-chicago-photos/3001_aic_self-portrait_11_4000x5226.sdr.png	st	10	32	13404	316.7459539981792	202.96700000004364	60.825	
3000-art-institute-of-chicago-photos	imazen-26-png-v3/png-v3/3000-art-institute-of-chicago-photos/3001_aic_self-portrait_11_4000x5226.sdr.png	st	10	44	3057	316.7656119912863	375.7259999999292	24.862	
3000-art-institute-of-chicago-photos	imazen-26-png-v3/png-v3/3000-art-institute-of-chicago-photos/3001_aic_self-portrait_11_4000x5226.sdr.png	st	12	20	25826	441.4201339968713	3593.4109999998755	74.462	
3000-art-institute-of-chicago-photos	imazen-26-png-v3/png-v3/3000-art-institute-of-chicago-photos/3001_aic_self-portrait_11_4000x5226.sdr.png	st	12	32	13404	236.6471069981344	227.72899999999652	60.825	
3000-art-institute-of-chicago-photos	imazen-26-png-v3/png-v3/3000-art-institute-of-chicago-photos/3001_aic_self-portrait_11_4000x5226.sdr.png	st	12	44	3057	314.41832399286795	3373.1829999999263	24.862	
3000-art-institute-of-chicago-photos	imazen-26-png-v3/png-v3/3000-art-institute-of-chicago-photos/3002_aic_the-irish-question_181777_4000x4860.sdr.png	t1	-1	20	25055	3657.3388310062	26565.256999999918	73.365	
3000-art-institute-of-chicago-photos	imazen-26-png-v3/png-v3/3000-art-institute-of-chicago-photos/3002_aic_the-irish-question_181777_4000x4860.sdr.png	t1	-1	32	11651	3337.499661996844	19864.593000000026	49.127	
3000-art-institute-of-chicago-photos	imazen-26-png-v3/png-v3/3000-art-institute-of-chicago-photos/3002_aic_the-irish-question_181777_4000x4860.sdr.png	t1	-1	44	3753	5491.86903500231	32470.555999999775	-7.623	
3000-art-institute-of-chicago-photos	imazen-26-png-v3/png-v3/3000-art-institute-of-chicago-photos/3002_aic_the-irish-question_181777_4000x4860.sdr.png	t1	2	20	24242	551.6863199882209	725.8529999999297	72.192	
3000-art-institute-of-chicago-photos	imazen-26-png-v3/png-v3/3000-art-institute-of-chicago-photos/3002_aic_the-irish-question_181777_4000x4860.sdr.png	t1	2	32	10989	800.7671109953662	2358.4990000000944	45.832	
3000-art-institute-of-chicago-photos	imazen-26-png-v3/png-v3/3000-art-institute-of-chicago-photos/3002_aic_the-irish-question_181777_4000x4860.sdr.png	t1	2	44	3427	740.6762120081112	3102.972999999949	-12.441	
3000-art-institute-of-chicago-photos	imazen-26-png-v3/png-v3/3000-art-institute-of-chicago-photos/3002_aic_the-irish-question_181777_4000x4860.sdr.png	t1	4	20	24470	287.2980899992399	933.7710000002062	71.865	
3000-art-institute-of-chicago-photos	imazen-26-png-v3/png-v3/3000-art-institute-of-chicago-photos/3002_aic_the-irish-question_181777_4000x4860.sdr.png	t1	4	32	11107	299.69909999636	1418.027999999964	44.841	
3000-art-institute-of-chicago-photos	imazen-26-png-v3/png-v3/3000-art-institute-of-chicago-photos/3002_aic_the-irish-question_181777_4000x4860.sdr.png	t1	4	44	3300	302.0614370034309	1672.7739999999044	-16.093	
3000-art-institute-of-chicago-photos	imazen-26-png-v3/png-v3/3000-art-institute-of-chicago-photos/3002_aic_the-irish-question_181777_4000x4860.sdr.png	t1	6	20	24994	252.35547000193037	801.1399999999469	72.159	
3000-art-institute-of-chicago-photos	imazen-26-png-v3/png-v3/3000-art-institute-of-chicago-photos/3002_aic_the-irish-question_181777_4000x4860.sdr.png	t1	6	32	11480	335.251568001695	1894.5679999999356	45.575	
3000-art-institute-of-chicago-photos	imazen-26-png-v3/png-v3/3000-art-institute-of-chicago-photos/3002_aic_the-irish-question_181777_4000x4860.sdr.png	t1	6	44	3412	408.20836000784766	297.9080000001062	-14.505	
3000-art-institute-of-chicago-photos	imazen-26-png-v3/png-v3/3000-art-institute-of-chicago-photos/3002_aic_the-irish-question_181777_4000x4860.sdr.png	t1	8	20	23624	347.007833988755	5743.4620000001505	70.871	
3000-art-institute-of-chicago-photos	imazen-26-png-v3/png-v3/3000-art-institute-of-chicago-photos/3002_aic_the-irish-question_181777_4000x4860.sdr.png	t1	8	32	11039	305.83317899436224	5709.73600000012	43.613	
3000-art-institute-of-chicago-photos	imazen-26-png-v3/png-v3/3000-art-institute-of-chicago-photos/3002_aic_the-irish-question_181777_4000x4860.sdr.png	t1	8	44	3322	483.2829449878773	5722.119000000049	-17.902	
3000-art-institute-of-chicago-photos	imazen-26-png-v3/png-v3/3000-art-institute-of-chicago-photos/3002_aic_the-irish-question_181777_4000x4860.sdr.png	t1	10	20	24406	250.09261300147045	330.53500000011127	71.299	
3000-art-institute-of-chicago-photos	imazen-26-png-v3/png-v3/3000-art-institute-of-chicago-photos/3002_aic_the-irish-question_181777_4000x4860.sdr.png	t1	10	32	11087	259.9859710026067	515.0010000000407	43.389	
3000-art-institute-of-chicago-photos	imazen-26-png-v3/png-v3/3000-art-institute-of-chicago-photos/3002_aic_the-irish-question_181777_4000x4860.sdr.png	t1	10	44	3236	216.11591699183919	6382.621999999955	-17.734	
3000-art-institute-of-chicago-photos	imazen-26-png-v3/png-v3/3000-art-institute-of-chicago-photos/3002_aic_the-irish-question_181777_4000x4860.sdr.png	t1	12	20	24406	211.0881690023234	6553.361000000052	71.299	
3000-art-institute-of-chicago-photos	imazen-26-png-v3/png-v3/3000-art-institute-of-chicago-photos/3002_aic_the-irish-question_181777_4000x4860.sdr.png	t1	12	32	11087	268.52364499063697	6749.789999999919	43.389	
3000-art-institute-of-chicago-photos	imazen-26-png-v3/png-v3/3000-art-institute-of-chicago-photos/3002_aic_the-irish-question_181777_4000x4860.sdr.png	t1	12	44	3236	547.9149980092188	6899.6769999998405	-17.734	
3000-art-institute-of-chicago-photos	imazen-26-png-v3/png-v3/3000-art-institute-of-chicago-photos/3002_aic_the-irish-question_181777_4000x4860.sdr.png	t2	-1	20	25055	3841.3949120003963	25490.20499999996	73.487	
3000-art-institute-of-chicago-photos	imazen-26-png-v3/png-v3/3000-art-institute-of-chicago-photos/3002_aic_the-irish-question_181777_4000x4860.sdr.png	t2	-1	32	11687	3737.544188988977	25072.556000000062	49.635	
3000-art-institute-of-chicago-photos	imazen-26-png-v3/png-v3/3000-art-institute-of-chicago-photos/3002_aic_the-irish-question_181777_4000x4860.sdr.png	t2	-1	44	3787	5354.564709996339	33670.52600000011	-5.976	
3000-art-institute-of-chicago-photos	imazen-26-png-v3/png-v3/3000-art-institute-of-chicago-photos/3002_aic_the-irish-question_181777_4000x4860.sdr.png	t2	2	20	24217	705.01427599811	7458.616000000092	72.442	
3000-art-institute-of-chicago-photos	imazen-26-png-v3/png-v3/3000-art-institute-of-chicago-photos/3002_aic_the-irish-question_181777_4000x4860.sdr.png	t2	2	32	11016	630.4245820065262	4785.0009999998665	46.339	
3000-art-institute-of-chicago-photos	imazen-26-png-v3/png-v3/3000-art-institute-of-chicago-photos/3002_aic_the-irish-question_181777_4000x4860.sdr.png	t2	2	44	3366	815.0813149986789	2941.8100000000322	-11.512	
3000-art-institute-of-chicago-photos	imazen-26-png-v3/png-v3/3000-art-institute-of-chicago-photos/3002_aic_the-irish-question_181777_4000x4860.sdr.png	t2	4	20	24478	318.3572039997671	1464.4559999999983	72.006	
3000-art-institute-of-chicago-photos	imazen-26-png-v3/png-v3/3000-art-institute-of-chicago-photos/3002_aic_the-irish-question_181777_4000x4860.sdr.png	t2	4	32	11034	388.41338800557423	1361.3759999998933	45.497	
3000-art-institute-of-chicago-photos	imazen-26-png-v3/png-v3/3000-art-institute-of-chicago-photos/3002_aic_the-irish-question_181777_4000x4860.sdr.png	t2	4	44	3270	326.1668150080368	1121.0820000000012	-13.970	
3000-art-institute-of-chicago-photos	imazen-26-png-v3/png-v3/3000-art-institute-of-chicago-photos/3002_aic_the-irish-question_181777_4000x4860.sdr.png	t2	6	20	25014	270.07467999646906	496.50899999994635	72.187	
3000-art-institute-of-chicago-photos	imazen-26-png-v3/png-v3/3000-art-institute-of-chicago-photos/3002_aic_the-irish-question_181777_4000x4860.sdr.png	t2	6	32	11534	357.5358380039688	1312.007999999821	46.192	
3000-art-institute-of-chicago-photos	imazen-26-png-v3/png-v3/3000-art-institute-of-chicago-photos/3002_aic_the-irish-question_181777_4000x4860.sdr.png	t2	6	44	3357	281.98850600165315	1113.6629999998036	-14.463	
3000-art-institute-of-chicago-photos	imazen-26-png-v3/png-v3/3000-art-institute-of-chicago-photos/3002_aic_the-irish-question_181777_4000x4860.sdr.png	t2	8	20	23545	677.4723020062083	417.02100000016173	70.986	
3000-art-institute-of-chicago-photos	imazen-26-png-v3/png-v3/3000-art-institute-of-chicago-photos/3002_aic_the-irish-question_181777_4000x4860.sdr.png	t2	8	32	11044	257.4463680066401	5836.4819999999045	44.212	
3000-art-institute-of-chicago-photos	imazen-26-png-v3/png-v3/3000-art-institute-of-chicago-photos/3002_aic_the-irish-question_181777_4000x4860.sdr.png	t2	8	44	3278	243.42125198745634	5990.96399999992	-16.939	
3000-art-institute-of-chicago-photos	imazen-26-png-v3/png-v3/3000-art-institute-of-chicago-photos/3002_aic_the-irish-question_181777_4000x4860.sdr.png	t2	10	20	24305	308.8223660015501	6282.274000000058	71.329	
3000-art-institute-of-chicago-photos	imazen-26-png-v3/png-v3/3000-art-institute-of-chicago-photos/3002_aic_the-irish-question_181777_4000x4860.sdr.png	t2	10	32	11040	313.65384100354277	6519.812000000144	43.788	
3000-art-institute-of-chicago-photos	imazen-26-png-v3/png-v3/3000-art-institute-of-chicago-photos/3002_aic_the-irish-question_181777_4000x4860.sdr.png	t2	10	44	3201	339.26210401114076	6751.229999999992	-16.805	
3000-art-institute-of-chicago-photos	imazen-26-png-v3/png-v3/3000-art-institute-of-chicago-photos/3002_aic_the-irish-question_181777_4000x4860.sdr.png	t2	12	20	24305	216.14554400730412	595.574999999954	71.329	
3000-art-institute-of-chicago-photos	imazen-26-png-v3/png-v3/3000-art-institute-of-chicago-photos/3002_aic_the-irish-question_181777_4000x4860.sdr.png	t2	12	32	11040	264.25622998795006	442.8509999998056	43.788	
3000-art-institute-of-chicago-photos	imazen-26-png-v3/png-v3/3000-art-institute-of-chicago-photos/3002_aic_the-irish-question_181777_4000x4860.sdr.png	t2	12	44	3201	320.4284870007541	432.5480000001818	-16.805	
3000-art-institute-of-chicago-photos	imazen-26-png-v3/png-v3/3000-art-institute-of-chicago-photos/3002_aic_the-irish-question_181777_4000x4860.sdr.png	t3	-1	20	36278	5446.5175490040565	27230.804999999946	DEC-ERR	
3000-art-institute-of-chicago-photos	imazen-26-png-v3/png-v3/3000-art-institute-of-chicago-photos/3002_aic_the-irish-question_181777_4000x4860.sdr.png	t3	-1	32	22786	7410.694737001904	31382.436000000253	DEC-ERR	
3000-art-institute-of-chicago-photos	imazen-26-png-v3/png-v3/3000-art-institute-of-chicago-photos/3002_aic_the-irish-question_181777_4000x4860.sdr.png	t3	-1	44	9614	7753.556146999472	39524.59199999995	DEC-ERR	
3000-art-institute-of-chicago-photos	imazen-26-png-v3/png-v3/3000-art-institute-of-chicago-photos/3002_aic_the-irish-question_181777_4000x4860.sdr.png	t3	2	20	36478	1053.3980229956796	7764.770999999769	81.410	
3000-art-institute-of-chicago-photos	imazen-26-png-v3/png-v3/3000-art-institute-of-chicago-photos/3002_aic_the-irish-question_181777_4000x4860.sdr.png	t3	2	32	22606	1165.599125000881	8672.54300000002	70.072	
3000-art-institute-of-chicago-photos	imazen-26-png-v3/png-v3/3000-art-institute-of-chicago-photos/3002_aic_the-irish-question_181777_4000x4860.sdr.png	t3	2	44	9336	1152.4007900006836	9578.600999999864	35.731	
3000-art-institute-of-chicago-photos	imazen-26-png-v3/png-v3/3000-art-institute-of-chicago-photos/3002_aic_the-irish-question_181777_4000x4860.sdr.png	t3	4	20	37142	369.56822899810504	908.188000000024	81.447	
3000-art-institute-of-chicago-photos	imazen-26-png-v3/png-v3/3000-art-institute-of-chicago-photos/3002_aic_the-irish-question_181777_4000x4860.sdr.png	t3	4	32	23083	370.19398700795136	1521.3679999998249	70.329	
3000-art-institute-of-chicago-photos	imazen-26-png-v3/png-v3/3000-art-institute-of-chicago-photos/3002_aic_the-irish-question_181777_4000x4860.sdr.png	t3	4	44	9563	364.64876600075513	1521.3679999998249	35.811	
3000-art-institute-of-chicago-photos	imazen-26-png-v3/png-v3/3000-art-institute-of-chicago-photos/3002_aic_the-irish-question_181777_4000x4860.sdr.png	t3	6	20	37686	219.15138099575415	252.96400000000574	81.408	
3000-art-institute-of-chicago-photos	imazen-26-png-v3/png-v3/3000-art-institute-of-chicago-photos/3002_aic_the-irish-question_181777_4000x4860.sdr.png	t3	6	32	23984	245.29493099544197	441.96800000007386	70.823	
3000-art-institute-of-chicago-photos	imazen-26-png-v3/png-v3/3000-art-institute-of-chicago-photos/3002_aic_the-irish-question_181777_4000x4860.sdr.png	t3	6	44	10175	371.85758700070437	8107.7709999999715	37.228	
3000-art-institute-of-chicago-photos	imazen-26-png-v3/png-v3/3000-art-institute-of-chicago-photos/3002_aic_the-irish-question_181777_4000x4860.sdr.png	t3	8	20	39078	341.7547280114377	234.21799999971427	81.478	
3000-art-institute-of-chicago-photos	imazen-26-png-v3/png-v3/3000-art-institute-of-chicago-photos/3002_aic_the-irish-question_181777_4000x4860.sdr.png	t3	8	32	25037	245.15404300473165	231.64600000016833	70.574	
3000-art-institute-of-chicago-photos	imazen-26-png-v3/png-v3/3000-art-institute-of-chicago-photos/3002_aic_the-irish-question_181777_4000x4860.sdr.png	t3	8	44	10631	429.00901299435645	840.1670000000223	38.065	
3000-art-institute-of-chicago-photos	imazen-26-png-v3/png-v3/3000-art-institute-of-chicago-photos/3002_aic_the-irish-question_181777_4000x4860.sdr.png	t3	10	20	38804	251.22031300270464	416.4809999999335	81.356	
3000-art-institute-of-chicago-photos	imazen-26-png-v3/png-v3/3000-art-institute-of-chicago-photos/3002_aic_the-irish-question_181777_4000x4860.sdr.png	t3	10	32	24872	255.0553269975353	578.058000000027	70.589	
3000-art-institute-of-chicago-photos	imazen-26-png-v3/png-v3/3000-art-institute-of-chicago-photos/3002_aic_the-irish-question_181777_4000x4860.sdr.png	t3	10	44	10629	487.4463619926246	681.8409999998494	38.401	
3000-art-institute-of-chicago-photos	imazen-26-png-v3/png-v3/3000-art-institute-of-chicago-photos/3002_aic_the-irish-question_181777_4000x4860.sdr.png	t3	12	20	38804	633.4681930020452	717.4549999999584	81.356	
3000-art-institute-of-chicago-photos	imazen-26-png-v3/png-v3/3000-art-institute-of-chicago-photos/3002_aic_the-irish-question_181777_4000x4860.sdr.png	t3	12	32	24872	364.38297100539785	217.4619999999976	70.589	
3000-art-institute-of-chicago-photos	imazen-26-png-v3/png-v3/3000-art-institute-of-chicago-photos/3002_aic_the-irish-question_181777_4000x4860.sdr.png	t3	12	44	10629	348.45658599806484	714.3119999999925	38.401	
3000-art-institute-of-chicago-photos	imazen-26-png-v3/png-v3/3000-art-institute-of-chicago-photos/3002_aic_the-irish-question_181777_4000x4860.sdr.png	t4	-1	20	34108	5443.413954999414	36968.08499999995	DEC-ERR	
3000-art-institute-of-chicago-photos	imazen-26-png-v3/png-v3/3000-art-institute-of-chicago-photos/3002_aic_the-irish-question_181777_4000x4860.sdr.png	t4	-1	32	16949	5824.308013005066	42789.50200000003	DEC-ERR	
3000-art-institute-of-chicago-photos	imazen-26-png-v3/png-v3/3000-art-institute-of-chicago-photos/3002_aic_the-irish-question_181777_4000x4860.sdr.png	t4	-1	44	7283	5906.467371998588	48590.82200000006	DEC-ERR	
3000-art-institute-of-chicago-photos	imazen-26-png-v3/png-v3/3000-art-institute-of-chicago-photos/3002_aic_the-irish-question_181777_4000x4860.sdr.png	t4	2	20	34764	806.7249660089146	952.6300000000276	80.079	
3000-art-institute-of-chicago-photos	imazen-26-png-v3/png-v3/3000-art-institute-of-chicago-photos/3002_aic_the-irish-question_181777_4000x4860.sdr.png	t4	2	32	17779	785.5548310035374	1973.597999999953	64.253	
3000-art-institute-of-chicago-photos	imazen-26-png-v3/png-v3/3000-art-institute-of-chicago-photos/3002_aic_the-irish-question_181777_4000x4860.sdr.png	t4	2	44	7073	1169.5697249961086	8984.726999999935	26.200	
3000-art-institute-of-chicago-photos	imazen-26-png-v3/png-v3/3000-art-institute-of-chicago-photos/3002_aic_the-irish-question_181777_4000x4860.sdr.png	t4	4	20	35383	335.53289200062864	1174.6980000002623	79.889	
3000-art-institute-of-chicago-photos	imazen-26-png-v3/png-v3/3000-art-institute-of-chicago-photos/3002_aic_the-irish-question_181777_4000x4860.sdr.png	t4	4	32	17866	389.6299180050846	2162.464999999898	64.157	
3000-art-institute-of-chicago-photos	imazen-26-png-v3/png-v3/3000-art-institute-of-chicago-photos/3002_aic_the-irish-question_181777_4000x4860.sdr.png	t4	4	44	7124	398.73172299121507	2426.557000000116	26.401	
3000-art-institute-of-chicago-photos	imazen-26-png-v3/png-v3/3000-art-institute-of-chicago-photos/3002_aic_the-irish-question_181777_4000x4860.sdr.png	t4	6	20	36008	310.6404489954002	1232.5109999999029	80.182	
3000-art-institute-of-chicago-photos	imazen-26-png-v3/png-v3/3000-art-institute-of-chicago-photos/3002_aic_the-irish-question_181777_4000x4860.sdr.png	t4	6	32	18388	361.2195829919074	1446.8119999998805	64.508	
3000-art-institute-of-chicago-photos	imazen-26-png-v3/png-v3/3000-art-institute-of-chicago-photos/3002_aic_the-irish-question_181777_4000x4860.sdr.png	t4	6	44	7315	308.5693960019853	760.9530000001854	26.918	
3000-art-institute-of-chicago-photos	imazen-26-png-v3/png-v3/3000-art-institute-of-chicago-photos/3002_aic_the-irish-question_181777_4000x4860.sdr.png	t4	8	20	36296	273.27058000082616	500.59199999992643	79.327	
3000-art-institute-of-chicago-photos	imazen-26-png-v3/png-v3/3000-art-institute-of-chicago-photos/3002_aic_the-irish-question_181777_4000x4860.sdr.png	t4	8	32	18333	270.4443730035564	634.7009999998079	63.389	
3000-art-institute-of-chicago-photos	imazen-26-png-v3/png-v3/3000-art-institute-of-chicago-photos/3002_aic_the-irish-question_181777_4000x4860.sdr.png	t4	8	44	7489	249.0692690043943	447.9469999999708	26.650	
3000-art-institute-of-chicago-photos	imazen-26-png-v3/png-v3/3000-art-institute-of-chicago-photos/3002_aic_the-irish-question_181777_4000x4860.sdr.png	t4	10	20	37342	607.8124589985237	626.7900000000992	80.182	
3000-art-institute-of-chicago-photos	imazen-26-png-v3/png-v3/3000-art-institute-of-chicago-photos/3002_aic_the-irish-question_181777_4000x4860.sdr.png	t4	10	32	22133	561.3315869995859	739.2530000001756	66.317	
3000-art-institute-of-chicago-photos	imazen-26-png-v3/png-v3/3000-art-institute-of-chicago-photos/3002_aic_the-irish-question_181777_4000x4860.sdr.png	t4	10	44	8944	220.9623999951873	492.1230000001344	30.885	
3000-art-institute-of-chicago-photos	imazen-26-png-v3/png-v3/3000-art-institute-of-chicago-photos/3002_aic_the-irish-question_181777_4000x4860.sdr.png	t4	12	20	37342	260.0339220080059	623.6490000001567	80.182	
3000-art-institute-of-chicago-photos	imazen-26-png-v3/png-v3/3000-art-institute-of-chicago-photos/3002_aic_the-irish-question_181777_4000x4860.sdr.png	t4	12	32	22133	254.960886988556	851.7199999999292	66.317	
3000-art-institute-of-chicago-photos	imazen-26-png-v3/png-v3/3000-art-institute-of-chicago-photos/3002_aic_the-irish-question_181777_4000x4860.sdr.png	t4	12	44	8944	274.7797560004983	619.6869999999279	30.885	
3000-art-institute-of-chicago-photos	imazen-26-png-v3/png-v3/3000-art-institute-of-chicago-photos/3002_aic_the-irish-question_181777_4000x4860.sdr.png	st	-1	20	33180	5669.42265900434	47002.90499999997	DEC-ERR	
3000-art-institute-of-chicago-photos	imazen-26-png-v3/png-v3/3000-art-institute-of-chicago-photos/3002_aic_the-irish-question_181777_4000x4860.sdr.png	st	-1	32	18807	6951.1598920071265	54154.7690000001	DEC-ERR	
3000-art-institute-of-chicago-photos	imazen-26-png-v3/png-v3/3000-art-institute-of-chicago-photos/3002_aic_the-irish-question_181777_4000x4860.sdr.png	st	-1	44	7228	7032.514703998459	53934.41900000003	DEC-ERR	
3000-art-institute-of-chicago-photos	imazen-26-png-v3/png-v3/3000-art-institute-of-chicago-photos/3002_aic_the-irish-question_181777_4000x4860.sdr.png	st	2	20	32837	700.5796340090455	9253.633999999834	79.161	
3000-art-institute-of-chicago-photos	imazen-26-png-v3/png-v3/3000-art-institute-of-chicago-photos/3002_aic_the-irish-question_181777_4000x4860.sdr.png	st	2	32	18218	866.558775989688	10388.148000000114	63.117	
3000-art-institute-of-chicago-photos	imazen-26-png-v3/png-v3/3000-art-institute-of-chicago-photos/3002_aic_the-irish-question_181777_4000x4860.sdr.png	st	2	44	6843	938.7871249928139	11518.877999999972	20.700	
3000-art-institute-of-chicago-photos	imazen-26-png-v3/png-v3/3000-art-institute-of-chicago-photos/3002_aic_the-irish-question_181777_4000x4860.sdr.png	st	4	20	33359	324.02596999600064	357.87200000017094	79.194	
3000-art-institute-of-chicago-photos	imazen-26-png-v3/png-v3/3000-art-institute-of-chicago-photos/3002_aic_the-irish-question_181777_4000x4860.sdr.png	st	4	32	18654	357.10660299810115	8364.627999999868	63.607	
3000-art-institute-of-chicago-photos	imazen-26-png-v3/png-v3/3000-art-institute-of-chicago-photos/3002_aic_the-irish-question_181777_4000x4860.sdr.png	st	4	44	7096	356.2017439980991	1062.815999999927	21.570	
3000-art-institute-of-chicago-photos	imazen-26-png-v3/png-v3/3000-art-institute-of-chicago-photos/3002_aic_the-irish-question_181777_4000x4860.sdr.png	st	6	20	33970	239.78048900607973	2126.210999999941	79.176	
3000-art-institute-of-chicago-photos	imazen-26-png-v3/png-v3/3000-art-institute-of-chicago-photos/3002_aic_the-irish-question_181777_4000x4860.sdr.png	st	6	32	19339	265.11721599672455	2248.3859999999963	63.622	
3000-art-institute-of-chicago-photos	imazen-26-png-v3/png-v3/3000-art-institute-of-chicago-photos/3002_aic_the-irish-question_181777_4000x4860.sdr.png	st	6	44	7467	337.0257469941862	5865.638999999902	21.985	
3000-art-institute-of-chicago-photos	imazen-26-png-v3/png-v3/3000-art-institute-of-chicago-photos/3002_aic_the-irish-question_181777_4000x4860.sdr.png	st	8	20	35124	456.1330240103416	6057.998999999981	78.839	
3000-art-institute-of-chicago-photos	imazen-26-png-v3/png-v3/3000-art-institute-of-chicago-photos/3002_aic_the-irish-question_181777_4000x4860.sdr.png	st	8	32	20080	322.008168004686	11950.58800000001	63.139	
3000-art-institute-of-chicago-photos	imazen-26-png-v3/png-v3/3000-art-institute-of-chicago-photos/3002_aic_the-irish-question_181777_4000x4860.sdr.png	st	8	44	7809	235.08049199881498	552.6819999999049	22.761	
3000-art-institute-of-chicago-photos	imazen-26-png-v3/png-v3/3000-art-institute-of-chicago-photos/3002_aic_the-irish-question_181777_4000x4860.sdr.png	st	10	20	34923	328.13316899409983	1089.0270000000442	78.881	
3000-art-institute-of-chicago-photos	imazen-26-png-v3/png-v3/3000-art-institute-of-chicago-photos/3002_aic_the-irish-question_181777_4000x4860.sdr.png	st	10	32	20044	260.8062180079287	900.4229999998756	62.814	
3000-art-institute-of-chicago-photos	imazen-26-png-v3/png-v3/3000-art-institute-of-chicago-photos/3002_aic_the-irish-question_181777_4000x4860.sdr.png	st	10	44	7794	217.24791699671187	663.7830000000235	22.145	
3000-art-institute-of-chicago-photos	imazen-26-png-v3/png-v3/3000-art-institute-of-chicago-photos/3002_aic_the-irish-question_181777_4000x4860.sdr.png	st	12	20	34923	327.14038400445133	1040.8079999999416	78.881	
3000-art-institute-of-chicago-photos	imazen-26-png-v3/png-v3/3000-art-institute-of-chicago-photos/3002_aic_the-irish-question_181777_4000x4860.sdr.png	st	12	32	20044	324.8597319907276	1209.7360000001204	62.814	
3000-art-institute-of-chicago-photos	imazen-26-png-v3/png-v3/3000-art-institute-of-chicago-photos/3002_aic_the-irish-question_181777_4000x4860.sdr.png	st	12	44	7794	302.76257800869644	810.003999999978	22.145	
3300-met-museum-photos	imazen-26-png-v3/png-v3/3300-met-museum-photos/3311_met_jamb-stove_3689_2002x1717.sdr.png	t1	-1	20	59196	5647.815964999609	31542.76700000001	86.306	
3300-met-museum-photos	imazen-26-png-v3/png-v3/3300-met-museum-photos/3311_met_jamb-stove_3689_2002x1717.sdr.png	t1	-1	32	29854	7320.145263991435	44883.87099999997	72.796	
3300-met-museum-photos	imazen-26-png-v3/png-v3/3300-met-museum-photos/3311_met_jamb-stove_3689_2002x1717.sdr.png	t1	-1	44	12368	5200.919602008071	36407.00100000006	43.459	
3300-met-museum-photos	imazen-26-png-v3/png-v3/3300-met-museum-photos/3311_met_jamb-stove_3689_2002x1717.sdr.png	t1	2	20	57344	708.4207159932703	1877.2789999998452	85.238	
3300-met-museum-photos	imazen-26-png-v3/png-v3/3300-met-museum-photos/3311_met_jamb-stove_3689_2002x1717.sdr.png	t1	2	32	28311	806.5142150007887	2662.3050000000176	71.026	
3300-met-museum-photos	imazen-26-png-v3/png-v3/3300-met-museum-photos/3311_met_jamb-stove_3689_2002x1717.sdr.png	t1	2	44	11511	635.2708060003351	1168.2679999999266	39.551	
3300-met-museum-photos	imazen-26-png-v3/png-v3/3300-met-museum-photos/3311_met_jamb-stove_3689_2002x1717.sdr.png	t1	4	20	57567	242.43908700009342	590.1559999997801	85.036	
3300-met-museum-photos	imazen-26-png-v3/png-v3/3300-met-museum-photos/3311_met_jamb-stove_3689_2002x1717.sdr.png	t1	4	32	28314	221.49379999609664	554.8239999997833	70.413	
3300-met-museum-photos	imazen-26-png-v3/png-v3/3300-met-museum-photos/3311_met_jamb-stove_3689_2002x1717.sdr.png	t1	4	44	11519	114.83152699656785	114.6520000000919	37.722	
3300-met-museum-photos	imazen-26-png-v3/png-v3/3300-met-museum-photos/3311_met_jamb-stove_3689_2002x1717.sdr.png	t1	6	20	58016	87.9334149940405	78.83099999996546	84.851	
3300-met-museum-photos	imazen-26-png-v3/png-v3/3300-met-museum-photos/3311_met_jamb-stove_3689_2002x1717.sdr.png	t1	6	32	28794	133.09220600058325	109.29400000004819	70.252	
3300-met-museum-photos	imazen-26-png-v3/png-v3/3300-met-museum-photos/3311_met_jamb-stove_3689_2002x1717.sdr.png	t1	6	44	11752	468.0405380058801	98.5720000002317	38.795	
3300-met-museum-photos	imazen-26-png-v3/png-v3/3300-met-museum-photos/3311_met_jamb-stove_3689_2002x1717.sdr.png	t1	8	20	57710	66.93578799604438	78.37099999981945	83.620	
3300-met-museum-photos	imazen-26-png-v3/png-v3/3300-met-museum-photos/3311_met_jamb-stove_3689_2002x1717.sdr.png	t1	8	32	26637	206.47503800864797	95.9250000000651	67.856	
3300-met-museum-photos	imazen-26-png-v3/png-v3/3300-met-museum-photos/3311_met_jamb-stove_3689_2002x1717.sdr.png	t1	8	44	11339	78.87083399691619	139.64200000003757	37.768	
3300-met-museum-photos	imazen-26-png-v3/png-v3/3300-met-museum-photos/3311_met_jamb-stove_3689_2002x1717.sdr.png	t1	10	20	58363	42.755126996780746	109.46800000012047	84.131	
3300-met-museum-photos	imazen-26-png-v3/png-v3/3300-met-museum-photos/3311_met_jamb-stove_3689_2002x1717.sdr.png	t1	10	32	28658	113.64526400575414	87.47100000010732	68.569	
3300-met-museum-photos	imazen-26-png-v3/png-v3/3300-met-museum-photos/3311_met_jamb-stove_3689_2002x1717.sdr.png	t1	10	44	11787	245.9566379984608	27.497999999809508	35.195	
3300-met-museum-photos	imazen-26-png-v3/png-v3/3300-met-museum-photos/3311_met_jamb-stove_3689_2002x1717.sdr.png	t1	12	20	58363	72.27460699505173	37.90600000004929	84.131	
3300-met-museum-photos	imazen-26-png-v3/png-v3/3300-met-museum-photos/3311_met_jamb-stove_3689_2002x1717.sdr.png	t1	12	32	28658	305.4658519977238	80.1609999999755	68.569	
3300-met-museum-photos	imazen-26-png-v3/png-v3/3300-met-museum-photos/3311_met_jamb-stove_3689_2002x1717.sdr.png	t1	12	44	11787	154.81367699976545	66.57800000002112	35.195	
3300-met-museum-photos	imazen-26-png-v3/png-v3/3300-met-museum-photos/3311_met_jamb-stove_3689_2002x1717.sdr.png	t2	-1	20	59034	5654.975230994751	49764.61999999974	86.249	
3300-met-museum-photos	imazen-26-png-v3/png-v3/3300-met-museum-photos/3311_met_jamb-stove_3689_2002x1717.sdr.png	t2	-1	32	29979	7216.989130000002	57575.24500000015	72.940	
3300-met-museum-photos	imazen-26-png-v3/png-v3/3300-met-museum-photos/3311_met_jamb-stove_3689_2002x1717.sdr.png	t2	-1	44	12360	4921.1129900068045	42705.34199999992	43.101	
3300-met-museum-photos	imazen-26-png-v3/png-v3/3300-met-museum-photos/3311_met_jamb-stove_3689_2002x1717.sdr.png	t2	2	20	57341	762.4241239973344	8895.92900000008	85.400	
3300-met-museum-photos	imazen-26-png-v3/png-v3/3300-met-museum-photos/3311_met_jamb-stove_3689_2002x1717.sdr.png	t2	2	32	28247	792.0944900106406	9697.930000000084	70.879	
3300-met-museum-photos	imazen-26-png-v3/png-v3/3300-met-museum-photos/3311_met_jamb-stove_3689_2002x1717.sdr.png	t2	2	44	11650	687.6627739984542	8147.139999999908	40.240	
3300-met-museum-photos	imazen-26-png-v3/png-v3/3300-met-museum-photos/3311_met_jamb-stove_3689_2002x1717.sdr.png	t2	4	20	57515	218.47491701191757	7217.098999999947	85.227	
3300-met-museum-photos	imazen-26-png-v3/png-v3/3300-met-museum-photos/3311_met_jamb-stove_3689_2002x1717.sdr.png	t2	4	32	28327	187.16263100213837	7372.443000000203	70.762	
3300-met-museum-photos	imazen-26-png-v3/png-v3/3300-met-museum-photos/3311_met_jamb-stove_3689_2002x1717.sdr.png	t2	4	44	11581	150.5012169945985	554.0419999999102	38.545	
3300-met-museum-photos	imazen-26-png-v3/png-v3/3300-met-museum-photos/3311_met_jamb-stove_3689_2002x1717.sdr.png	t2	6	20	57932	201.7994180059759	175.8779999999689	85.114	
3300-met-museum-photos	imazen-26-png-v3/png-v3/3300-met-museum-photos/3311_met_jamb-stove_3689_2002x1717.sdr.png	t2	6	32	28776	102.06908998952713	126.68400000013946	71.006	
3300-met-museum-photos	imazen-26-png-v3/png-v3/3300-met-museum-photos/3311_met_jamb-stove_3689_2002x1717.sdr.png	t2	6	44	11766	107.564767007716	5538.919000000007	38.829	
3300-met-museum-photos	imazen-26-png-v3/png-v3/3300-met-museum-photos/3311_met_jamb-stove_3689_2002x1717.sdr.png	t2	8	20	57666	119.18374200467952	66.47799999979043	84.106	
3300-met-museum-photos	imazen-26-png-v3/png-v3/3300-met-museum-photos/3311_met_jamb-stove_3689_2002x1717.sdr.png	t2	8	32	26544	103.95794699434191	66.47799999979043	67.851	
3300-met-museum-photos	imazen-26-png-v3/png-v3/3300-met-museum-photos/3311_met_jamb-stove_3689_2002x1717.sdr.png	t2	8	44	11341	168.91125999973156	94.78699999985452	38.304	
3300-met-museum-photos	imazen-26-png-v3/png-v3/3300-met-museum-photos/3311_met_jamb-stove_3689_2002x1717.sdr.png	t2	10	20	58312	87.50965000945143	101.40399999987437	84.196	
3300-met-museum-photos	imazen-26-png-v3/png-v3/3300-met-museum-photos/3311_met_jamb-stove_3689_2002x1717.sdr.png	t2	10	32	28573	241.23646299995016	104.79700000001912	68.850	
3300-met-museum-photos	imazen-26-png-v3/png-v3/3300-met-museum-photos/3311_met_jamb-stove_3689_2002x1717.sdr.png	t2	10	44	11753	296.7981309921015	97.32699999989336	35.727	
3300-met-museum-photos	imazen-26-png-v3/png-v3/3300-met-museum-photos/3311_met_jamb-stove_3689_2002x1717.sdr.png	t2	12	20	58312	289.5461180014536	124.36400000005676	84.196	
3300-met-museum-photos	imazen-26-png-v3/png-v3/3300-met-museum-photos/3311_met_jamb-stove_3689_2002x1717.sdr.png	t2	12	32	28573	98.49272799328901	57.12000000021078	68.850	
3300-met-museum-photos	imazen-26-png-v3/png-v3/3300-met-museum-photos/3311_met_jamb-stove_3689_2002x1717.sdr.png	t2	12	44	11753	48.75850700773299	68.1590000002501	35.727	
3300-met-museum-photos	imazen-26-png-v3/png-v3/3300-met-museum-photos/3311_met_jamb-stove_3689_2002x1717.sdr.png	t3	-1	20	56656	6136.343831007252	39382.328000000256	DEC-ERR	
3300-met-museum-photos	imazen-26-png-v3/png-v3/3300-met-museum-photos/3311_met_jamb-stove_3689_2002x1717.sdr.png	t3	-1	32	30890	9335.009131988045	52604.03200000007	DEC-ERR	
3300-met-museum-photos	imazen-26-png-v3/png-v3/3300-met-museum-photos/3311_met_jamb-stove_3689_2002x1717.sdr.png	t3	-1	44	13812	10815.18614300876	75561.90400000008	DEC-ERR	
3300-met-museum-photos	imazen-26-png-v3/png-v3/3300-met-museum-photos/3311_met_jamb-stove_3689_2002x1717.sdr.png	t3	2	20	57791	920.3831039922079	8817.370999999923	86.060	
3300-met-museum-photos	imazen-26-png-v3/png-v3/3300-met-museum-photos/3311_met_jamb-stove_3689_2002x1717.sdr.png	t3	2	32	31713	951.2916730018333	9698.291000000168	74.658	
3300-met-museum-photos	imazen-26-png-v3/png-v3/3300-met-museum-photos/3311_met_jamb-stove_3689_2002x1717.sdr.png	t3	2	44	14380	1169.8765579931205	16183.19800000009	49.862	
3300-met-museum-photos	imazen-26-png-v3/png-v3/3300-met-museum-photos/3311_met_jamb-stove_3689_2002x1717.sdr.png	t3	4	20	57969	235.6697719951626	268.4570000000406	85.854	
3300-met-museum-photos	imazen-26-png-v3/png-v3/3300-met-museum-photos/3311_met_jamb-stove_3689_2002x1717.sdr.png	t3	4	32	31945	251.80664700747002	7766.60600000011	74.626	
3300-met-museum-photos	imazen-26-png-v3/png-v3/3300-met-museum-photos/3311_met_jamb-stove_3689_2002x1717.sdr.png	t3	4	44	14568	260.90410401229747	5335.557000000037	49.861	
3300-met-museum-photos	imazen-26-png-v3/png-v3/3300-met-museum-photos/3311_met_jamb-stove_3689_2002x1717.sdr.png	t3	6	20	58323	131.7119349987479	112.44599999999139	85.659	
3300-met-museum-photos	imazen-26-png-v3/png-v3/3300-met-museum-photos/3311_met_jamb-stove_3689_2002x1717.sdr.png	t3	6	32	32412	118.37958499381784	357.820000000018	74.830	
3300-met-museum-photos	imazen-26-png-v3/png-v3/3300-met-museum-photos/3311_met_jamb-stove_3689_2002x1717.sdr.png	t3	6	44	14990	370.8649819891434	5440.888000000001	47.982	
3300-met-museum-photos	imazen-26-png-v3/png-v3/3300-met-museum-photos/3311_met_jamb-stove_3689_2002x1717.sdr.png	t3	8	20	59187	274.7293400025228	74.29399999976738	85.167	
3300-met-museum-photos	imazen-26-png-v3/png-v3/3300-met-museum-photos/3311_met_jamb-stove_3689_2002x1717.sdr.png	t3	8	32	33290	238.0971620004857	39.03899999998828	74.179	
3300-met-museum-photos	imazen-26-png-v3/png-v3/3300-met-museum-photos/3311_met_jamb-stove_3689_2002x1717.sdr.png	t3	8	44	15391	184.64658300217707	37.88299999990841	49.755	
3300-met-museum-photos	imazen-26-png-v3/png-v3/3300-met-museum-photos/3311_met_jamb-stove_3689_2002x1717.sdr.png	t3	10	20	59923	82.70646899472922	110.5260000000925	85.443	
3300-met-museum-photos	imazen-26-png-v3/png-v3/3300-met-museum-photos/3311_met_jamb-stove_3689_2002x1717.sdr.png	t3	10	32	33811	97.36619899922516	76.80799999998555	74.347	
3300-met-museum-photos	imazen-26-png-v3/png-v3/3300-met-museum-photos/3311_met_jamb-stove_3689_2002x1717.sdr.png	t3	10	44	15674	123.11696200049482	114.78000000006716	49.819	
3300-met-museum-photos	imazen-26-png-v3/png-v3/3300-met-museum-photos/3311_met_jamb-stove_3689_2002x1717.sdr.png	t3	12	20	59923	260.27534999593627	77.77799999985291	85.443	
3300-met-museum-photos	imazen-26-png-v3/png-v3/3300-met-museum-photos/3311_met_jamb-stove_3689_2002x1717.sdr.png	t3	12	32	33811	168.49680298764724	31.415000000095006	74.347	
3300-met-museum-photos	imazen-26-png-v3/png-v3/3300-met-museum-photos/3311_met_jamb-stove_3689_2002x1717.sdr.png	t3	12	44	15674	352.1257240063278	7261.443999999884	49.819	
3300-met-museum-photos	imazen-26-png-v3/png-v3/3300-met-museum-photos/3311_met_jamb-stove_3689_2002x1717.sdr.png	t4	-1	20	58876	5936.1233820091	41860.345000000096	DEC-ERR	
3300-met-museum-photos	imazen-26-png-v3/png-v3/3300-met-museum-photos/3311_met_jamb-stove_3689_2002x1717.sdr.png	t4	-1	32	31995	9444.570039995597	63272.00800000008	DEC-ERR	
3300-met-museum-photos	imazen-26-png-v3/png-v3/3300-met-museum-photos/3311_met_jamb-stove_3689_2002x1717.sdr.png	t4	-1	44	14272	5460.901194994221	28738.587000000025	DEC-ERR	
3300-met-museum-photos	imazen-26-png-v3/png-v3/3300-met-museum-photos/3311_met_jamb-stove_3689_2002x1717.sdr.png	t4	2	20	58703	868.7655169924255	2302.571000000114	86.359	
3300-met-museum-photos	imazen-26-png-v3/png-v3/3300-met-museum-photos/3311_met_jamb-stove_3689_2002x1717.sdr.png	t4	2	32	32170	1145.4391890001716	3278.9820000000277	75.365	
3300-met-museum-photos	imazen-26-png-v3/png-v3/3300-met-museum-photos/3311_met_jamb-stove_3689_2002x1717.sdr.png	t4	2	44	14641	781.3335239916341	2237.669000000082	50.725	
3300-met-museum-photos	imazen-26-png-v3/png-v3/3300-met-museum-photos/3311_met_jamb-stove_3689_2002x1717.sdr.png	t4	4	20	58715	302.72240200429223	703.4809999998686	86.063	
3300-met-museum-photos	imazen-26-png-v3/png-v3/3300-met-museum-photos/3311_met_jamb-stove_3689_2002x1717.sdr.png	t4	4	32	32279	253.77247099822853	411.25799999983315	75.152	
3300-met-museum-photos	imazen-26-png-v3/png-v3/3300-met-museum-photos/3311_met_jamb-stove_3689_2002x1717.sdr.png	t4	4	44	14755	131.5633119957056	131.34100000000615	49.237	
3300-met-museum-photos	imazen-26-png-v3/png-v3/3300-met-museum-photos/3311_met_jamb-stove_3689_2002x1717.sdr.png	t4	6	20	58796	113.97519100864884	151.38200000001234	85.761	
3300-met-museum-photos	imazen-26-png-v3/png-v3/3300-met-museum-photos/3311_met_jamb-stove_3689_2002x1717.sdr.png	t4	6	32	32599	103.0598519864725	253.34800000020152	75.058	
3300-met-museum-photos	imazen-26-png-v3/png-v3/3300-met-museum-photos/3311_met_jamb-stove_3689_2002x1717.sdr.png	t4	6	44	14445	95.35058100300375	200.05799999994167	47.439	
3300-met-museum-photos	imazen-26-png-v3/png-v3/3300-met-museum-photos/3311_met_jamb-stove_3689_2002x1717.sdr.png	t4	8	20	59358	100.58071299863514	236.45700000001568	84.485	
3300-met-museum-photos	imazen-26-png-v3/png-v3/3300-met-museum-photos/3311_met_jamb-stove_3689_2002x1717.sdr.png	t4	8	32	33173	59.431976987980306	90.90499999986434	73.939	
3300-met-museum-photos	imazen-26-png-v3/png-v3/3300-met-museum-photos/3311_met_jamb-stove_3689_2002x1717.sdr.png	t4	8	44	9802	176.15799300256185	59.33799999991152	36.059	
3300-met-museum-photos	imazen-26-png-v3/png-v3/3300-met-museum-photos/3311_met_jamb-stove_3689_2002x1717.sdr.png	t4	10	20	60020	268.85929200216196	92.0010000000957	85.469	
3300-met-museum-photos	imazen-26-png-v3/png-v3/3300-met-museum-photos/3311_met_jamb-stove_3689_2002x1717.sdr.png	t4	10	32	33823	172.28542899829336	101.95799999986832	74.343	
3300-met-museum-photos	imazen-26-png-v3/png-v3/3300-met-museum-photos/3311_met_jamb-stove_3689_2002x1717.sdr.png	t4	10	44	15673	148.85375900485087	100.84400000008031	49.861	
3300-met-museum-photos	imazen-26-png-v3/png-v3/3300-met-museum-photos/3311_met_jamb-stove_3689_2002x1717.sdr.png	t4	12	20	60020	51.99533399718348	103.36100000004933	85.469	
3300-met-museum-photos	imazen-26-png-v3/png-v3/3300-met-museum-photos/3311_met_jamb-stove_3689_2002x1717.sdr.png	t4	12	32	33823	149.51994401053526	76.25799999993887	74.343	
3300-met-museum-photos	imazen-26-png-v3/png-v3/3300-met-museum-photos/3311_met_jamb-stove_3689_2002x1717.sdr.png	t4	12	44	15673	107.40183800226077	37.42400000002988	49.861	
3300-met-museum-photos	imazen-26-png-v3/png-v3/3300-met-museum-photos/3311_met_jamb-stove_3689_2002x1717.sdr.png	st	-1	20	52681	5629.5332449954	43679.911999999975	DEC-ERR	
3300-met-museum-photos	imazen-26-png-v3/png-v3/3300-met-museum-photos/3311_met_jamb-stove_3689_2002x1717.sdr.png	st	-1	32	27590	8890.030660986667	74518.41999999985	DEC-ERR	
3300-met-museum-photos	imazen-26-png-v3/png-v3/3300-met-museum-photos/3311_met_jamb-stove_3689_2002x1717.sdr.png	st	-1	44	12379	10398.429178996594	96107.30099999998	DEC-ERR	
3300-met-museum-photos	imazen-26-png-v3/png-v3/3300-met-museum-photos/3311_met_jamb-stove_3689_2002x1717.sdr.png	st	2	20	52804	854.7707399993669	1395.8680000000072	84.454	
3300-met-museum-photos	imazen-26-png-v3/png-v3/3300-met-museum-photos/3311_met_jamb-stove_3689_2002x1717.sdr.png	st	2	32	27712	881.2114129977999	2182.790999999895	71.262	
3300-met-museum-photos	imazen-26-png-v3/png-v3/3300-met-museum-photos/3311_met_jamb-stove_3689_2002x1717.sdr.png	st	2	44	12449	1252.7288639976177	3452.742999999998	43.199	
3300-met-museum-photos	imazen-26-png-v3/png-v3/3300-met-museum-photos/3311_met_jamb-stove_3689_2002x1717.sdr.png	st	4	20	52845	223.76055399945471	223.55499999996198	84.165	
3300-met-museum-photos	imazen-26-png-v3/png-v3/3300-met-museum-photos/3311_met_jamb-stove_3689_2002x1717.sdr.png	st	4	32	27881	214.51870299642906	214.320999999984	70.786	
3300-met-museum-photos	imazen-26-png-v3/png-v3/3300-met-museum-photos/3311_met_jamb-stove_3689_2002x1717.sdr.png	st	4	44	12428	186.27237100736238	10605.44200000001	42.465	
3300-met-museum-photos	imazen-26-png-v3/png-v3/3300-met-museum-photos/3311_met_jamb-stove_3689_2002x1717.sdr.png	st	6	20	52937	112.21245300839655	9150.759000000107	83.960	
3300-met-museum-photos	imazen-26-png-v3/png-v3/3300-met-museum-photos/3311_met_jamb-stove_3689_2002x1717.sdr.png	st	6	32	28220	103.59401599271223	391.30800000008037	70.951	
3300-met-museum-photos	imazen-26-png-v3/png-v3/3300-met-museum-photos/3311_met_jamb-stove_3689_2002x1717.sdr.png	st	6	44	12810	66.94626799435355	324.4850000001662	42.030	
3300-met-museum-photos	imazen-26-png-v3/png-v3/3300-met-museum-photos/3311_met_jamb-stove_3689_2002x1717.sdr.png	st	8	20	53702	113.13489500025753	46.9120000000629	82.458	
3300-met-museum-photos	imazen-26-png-v3/png-v3/3300-met-museum-photos/3311_met_jamb-stove_3689_2002x1717.sdr.png	st	8	32	28882	110.22478798986413	71.64500000001794	70.341	
3300-met-museum-photos	imazen-26-png-v3/png-v3/3300-met-museum-photos/3311_met_jamb-stove_3689_2002x1717.sdr.png	st	8	44	13147	94.98327299661469	104.54200000006608	41.912	
3300-met-museum-photos	imazen-26-png-v3/png-v3/3300-met-museum-photos/3311_met_jamb-stove_3689_2002x1717.sdr.png	st	10	20	54277	432.44483799207956	78.50900000002525	83.521	
3300-met-museum-photos	imazen-26-png-v3/png-v3/3300-met-museum-photos/3311_met_jamb-stove_3689_2002x1717.sdr.png	st	10	32	29382	423.49398900114466	84.05500000002064	70.496	
3300-met-museum-photos	imazen-26-png-v3/png-v3/3300-met-museum-photos/3311_met_jamb-stove_3689_2002x1717.sdr.png	st	10	44	13328	91.40119000221603	35.82099999989907	42.426	
3300-met-museum-photos	imazen-26-png-v3/png-v3/3300-met-museum-photos/3311_met_jamb-stove_3689_2002x1717.sdr.png	st	12	20	54277	151.0336289939005	74.12499999999511	83.521	
3300-met-museum-photos	imazen-26-png-v3/png-v3/3300-met-museum-photos/3311_met_jamb-stove_3689_2002x1717.sdr.png	st	12	32	29382	253.0645770020783	142.77299999983484	70.496	
3300-met-museum-photos	imazen-26-png-v3/png-v3/3300-met-museum-photos/3311_met_jamb-stove_3689_2002x1717.sdr.png	st	12	44	13328	150.16648199525662	104.84799999989036	42.426	
3300-met-museum-photos	imazen-26-png-v3/png-v3/3300-met-museum-photos/3318_met_vessel_479496_2505x2596.sdr.png	t1	-1	20	13744	3485.8450759929838	31973.27000000021	72.664	
3300-met-museum-photos	imazen-26-png-v3/png-v3/3300-met-museum-photos/3318_met_vessel_479496_2505x2596.sdr.png	t1	-1	32	5476	3729.6028670098167	28396.24200000013	54.237	
3300-met-museum-photos	imazen-26-png-v3/png-v3/3300-met-museum-photos/3318_met_vessel_479496_2505x2596.sdr.png	t1	-1	44	1849	3470.796016001259	24702.539999999986	26.478	
3300-met-museum-photos	imazen-26-png-v3/png-v3/3300-met-museum-photos/3318_met_vessel_479496_2505x2596.sdr.png	t1	2	20	13094	464.3417640036205	852.8390000001167	71.208	
3300-met-museum-photos	imazen-26-png-v3/png-v3/3300-met-museum-photos/3318_met_vessel_479496_2505x2596.sdr.png	t1	2	32	5232	477.54910599906	1576.55500000007	52.379	
3300-met-museum-photos	imazen-26-png-v3/png-v3/3300-met-museum-photos/3318_met_vessel_479496_2505x2596.sdr.png	t1	2	44	1701	406.71449300134555	1541.7110000000491	22.500	
3300-met-museum-photos	imazen-26-png-v3/png-v3/3300-met-museum-photos/3318_met_vessel_479496_2505x2596.sdr.png	t1	4	20	13339	152.07519599061925	184.22699999995018	71.100	
3300-met-museum-photos	imazen-26-png-v3/png-v3/3300-met-museum-photos/3318_met_vessel_479496_2505x2596.sdr.png	t1	4	32	5213	187.61590200301725	315.49000000002536	51.230	
3300-met-museum-photos	imazen-26-png-v3/png-v3/3300-met-museum-photos/3318_met_vessel_479496_2505x2596.sdr.png	t1	4	44	1672	276.87870200315956	138.5249999999587	20.965	
3300-met-museum-photos	imazen-26-png-v3/png-v3/3300-met-museum-photos/3318_met_vessel_479496_2505x2596.sdr.png	t1	6	20	13935	245.0695230072597	149.12199999990605	71.058	
3300-met-museum-photos	imazen-26-png-v3/png-v3/3300-met-museum-photos/3318_met_vessel_479496_2505x2596.sdr.png	t1	6	32	5410	121.99723499361426	271.1389999999341	51.121	
3300-met-museum-photos	imazen-26-png-v3/png-v3/3300-met-museum-photos/3318_met_vessel_479496_2505x2596.sdr.png	t1	6	44	1786	94.46350600046571	313.76299999996604	20.296	
3300-met-museum-photos	imazen-26-png-v3/png-v3/3300-met-museum-photos/3318_met_vessel_479496_2505x2596.sdr.png	t1	8	20	13775	98.13814499648288	147.66299999998012	70.669	
3300-met-museum-photos	imazen-26-png-v3/png-v3/3300-met-museum-photos/3318_met_vessel_479496_2505x2596.sdr.png	t1	8	32	5390	103.22902299230918	217.4849999999111	49.832	
3300-met-museum-photos	imazen-26-png-v3/png-v3/3300-met-museum-photos/3318_met_vessel_479496_2505x2596.sdr.png	t1	8	44	1757	152.48455399705563	64.99600000002204	19.383	
3300-met-museum-photos	imazen-26-png-v3/png-v3/3300-met-museum-photos/3318_met_vessel_479496_2505x2596.sdr.png	t1	10	20	14332	104.17198399954941	110.97500000010996	70.762	
3300-met-museum-photos	imazen-26-png-v3/png-v3/3300-met-museum-photos/3318_met_vessel_479496_2505x2596.sdr.png	t1	10	32	6138	117.79160900914576	176.96500000003823	49.858	
3300-met-museum-photos	imazen-26-png-v3/png-v3/3300-met-museum-photos/3318_met_vessel_479496_2505x2596.sdr.png	t1	10	44	2147	112.59827599860728	230.67799999998329	19.288	
3300-met-museum-photos	imazen-26-png-v3/png-v3/3300-met-museum-photos/3318_met_vessel_479496_2505x2596.sdr.png	t1	12	20	14332	155.74500600632746	240.79200000007006	70.762	
3300-met-museum-photos	imazen-26-png-v3/png-v3/3300-met-museum-photos/3318_met_vessel_479496_2505x2596.sdr.png	t1	12	32	6138	196.91887999942992	176.9679999998175	49.858	
3300-met-museum-photos	imazen-26-png-v3/png-v3/3300-met-museum-photos/3318_met_vessel_479496_2505x2596.sdr.png	t1	12	44	2147	220.8796039922163	3482.750000000038	19.288	
3300-met-museum-photos	imazen-26-png-v3/png-v3/3300-met-museum-photos/3318_met_vessel_479496_2505x2596.sdr.png	t2	-1	20	13586	3306.1406679917127	21762.920999999922	73.359	
3300-met-museum-photos	imazen-26-png-v3/png-v3/3300-met-museum-photos/3318_met_vessel_479496_2505x2596.sdr.png	t2	-1	32	5380	3771.8327960028546	39118.70500000009	54.519	
3300-met-museum-photos	imazen-26-png-v3/png-v3/3300-met-museum-photos/3318_met_vessel_479496_2505x2596.sdr.png	t2	-1	44	1713	3297.310729001765	25071.43399999967	25.946	
3300-met-museum-photos	imazen-26-png-v3/png-v3/3300-met-museum-photos/3318_met_vessel_479496_2505x2596.sdr.png	t2	2	20	12836	470.05779900064226	4309.96599999996	72.093	
3300-met-museum-photos	imazen-26-png-v3/png-v3/3300-met-museum-photos/3318_met_vessel_479496_2505x2596.sdr.png	t2	2	32	5025	569.093589001568	5417.158000000015	52.264	
3300-met-museum-photos	imazen-26-png-v3/png-v3/3300-met-museum-photos/3318_met_vessel_479496_2505x2596.sdr.png	t2	2	44	1596	540.6188810011372	1724.3779999998878	23.165	
3300-met-museum-photos	imazen-26-png-v3/png-v3/3300-met-museum-photos/3318_met_vessel_479496_2505x2596.sdr.png	t2	4	20	13001	202.33618801285047	196.3319999997566	71.360	
3300-met-museum-photos	imazen-26-png-v3/png-v3/3300-met-museum-photos/3318_met_vessel_479496_2505x2596.sdr.png	t2	4	32	5037	200.042492011562	740.9629999997662	51.779	
3300-met-museum-photos	imazen-26-png-v3/png-v3/3300-met-museum-photos/3318_met_vessel_479496_2505x2596.sdr.png	t2	4	44	1596	286.6624220041558	1112.5230000000242	22.212	
3300-met-museum-photos	imazen-26-png-v3/png-v3/3300-met-museum-photos/3318_met_vessel_479496_2505x2596.sdr.png	t2	6	20	13692	574.0928529994562	129.6139999999042	71.765	
3300-met-museum-photos	imazen-26-png-v3/png-v3/3300-met-museum-photos/3318_met_vessel_479496_2505x2596.sdr.png	t2	6	32	5362	120.74963600025512	118.3730000000196	51.784	
3300-met-museum-photos	imazen-26-png-v3/png-v3/3300-met-museum-photos/3318_met_vessel_479496_2505x2596.sdr.png	t2	6	44	1726	121.2914659990929	166.72399999993104	20.457	
3300-met-museum-photos	imazen-26-png-v3/png-v3/3300-met-museum-photos/3318_met_vessel_479496_2505x2596.sdr.png	t2	8	20	13622	140.25219398899935	315.95299999999327	71.379	
3300-met-museum-photos	imazen-26-png-v3/png-v3/3300-met-museum-photos/3318_met_vessel_479496_2505x2596.sdr.png	t2	8	32	5228	77.9595329950098	203.90300000001105	50.711	
3300-met-museum-photos	imazen-26-png-v3/png-v3/3300-met-museum-photos/3318_met_vessel_479496_2505x2596.sdr.png	t2	8	44	1714	146.16523300355766	271.29599999975085	20.165	
3300-met-museum-photos	imazen-26-png-v3/png-v3/3300-met-museum-photos/3318_met_vessel_479496_2505x2596.sdr.png	t2	10	20	14221	172.90319199673831	176.81699999995715	71.311	
3300-met-museum-photos	imazen-26-png-v3/png-v3/3300-met-museum-photos/3318_met_vessel_479496_2505x2596.sdr.png	t2	10	32	5999	255.54073900275398	150.98800000002655	50.666	
3300-met-museum-photos	imazen-26-png-v3/png-v3/3300-met-museum-photos/3318_met_vessel_479496_2505x2596.sdr.png	t2	10	44	2093	213.2196870079497	99.57499999973152	19.320	
3300-met-museum-photos	imazen-26-png-v3/png-v3/3300-met-museum-photos/3318_met_vessel_479496_2505x2596.sdr.png	t2	12	20	14221	143.74099900305737	171.58600000004753	71.311	
3300-met-museum-photos	imazen-26-png-v3/png-v3/3300-met-museum-photos/3318_met_vessel_479496_2505x2596.sdr.png	t2	12	32	5999	153.02679399610497	3471.581999999984	50.666	
3300-met-museum-photos	imazen-26-png-v3/png-v3/3300-met-museum-photos/3318_met_vessel_479496_2505x2596.sdr.png	t2	12	44	2093	179.66774800152052	3507.4129999999004	19.320	
3300-met-museum-photos	imazen-26-png-v3/png-v3/3300-met-museum-photos/3318_met_vessel_479496_2505x2596.sdr.png	t3	-1	20	23751	5201.783042997704	35617.35999999995	DEC-ERR	
3300-met-museum-photos	imazen-26-png-v3/png-v3/3300-met-museum-photos/3318_met_vessel_479496_2505x2596.sdr.png	t3	-1	32	12948	5434.051636009826	37826.86599999998	DEC-ERR	
3300-met-museum-photos	imazen-26-png-v3/png-v3/3300-met-museum-photos/3318_met_vessel_479496_2505x2596.sdr.png	t3	-1	44	4498	3669.86879700562	24643.011999999926	DEC-ERR	
3300-met-museum-photos	imazen-26-png-v3/png-v3/3300-met-museum-photos/3318_met_vessel_479496_2505x2596.sdr.png	t3	2	20	24223	672.2242849937174	14911.503999999937	81.674	
3300-met-museum-photos	imazen-26-png-v3/png-v3/3300-met-museum-photos/3318_met_vessel_479496_2505x2596.sdr.png	t3	2	32	13289	1102.824318993953	2690.2089999999816	72.142	
3300-met-museum-photos	imazen-26-png-v3/png-v3/3300-met-museum-photos/3318_met_vessel_479496_2505x2596.sdr.png	t3	2	44	4681	592.7841299999272	1903.3579999999547	50.848	
3300-met-museum-photos	imazen-26-png-v3/png-v3/3300-met-museum-photos/3318_met_vessel_479496_2505x2596.sdr.png	t3	4	20	25078	266.60752500174567	858.0280000000329	81.625	
3300-met-museum-photos	imazen-26-png-v3/png-v3/3300-met-museum-photos/3318_met_vessel_479496_2505x2596.sdr.png	t3	4	32	13870	239.93692500516772	1029.2579999999134	72.606	
3300-met-museum-photos	imazen-26-png-v3/png-v3/3300-met-museum-photos/3318_met_vessel_479496_2505x2596.sdr.png	t3	4	44	4965	224.63581699412316	1175.6010000000288	51.003	
3300-met-museum-photos	imazen-26-png-v3/png-v3/3300-met-museum-photos/3318_met_vessel_479496_2505x2596.sdr.png	t3	6	20	25985	168.46044499834534	1240.9770000001004	81.742	
3300-met-museum-photos	imazen-26-png-v3/png-v3/3300-met-museum-photos/3318_met_vessel_479496_2505x2596.sdr.png	t3	6	32	14804	231.94387600233313	894.36699999996	73.344	
3300-met-museum-photos	imazen-26-png-v3/png-v3/3300-met-museum-photos/3318_met_vessel_479496_2505x2596.sdr.png	t3	6	44	5374	486.0165060090367	697.411999999872	52.049	
3300-met-museum-photos	imazen-26-png-v3/png-v3/3300-met-museum-photos/3318_met_vessel_479496_2505x2596.sdr.png	t3	8	20	27037	393.837227995391	173.38700000024687	81.488	
3300-met-museum-photos	imazen-26-png-v3/png-v3/3300-met-museum-photos/3318_met_vessel_479496_2505x2596.sdr.png	t3	8	32	15456	158.46628400322516	139.28699999991068	73.220	
3300-met-museum-photos	imazen-26-png-v3/png-v3/3300-met-museum-photos/3318_met_vessel_479496_2505x2596.sdr.png	t3	8	44	5559	294.2309550126083	307.68099999994547	52.408	
3300-met-museum-photos	imazen-26-png-v3/png-v3/3300-met-museum-photos/3318_met_vessel_479496_2505x2596.sdr.png	t3	10	20	27605	127.78273300500587	207.8170000001478	81.710	
3300-met-museum-photos	imazen-26-png-v3/png-v3/3300-met-museum-photos/3318_met_vessel_479496_2505x2596.sdr.png	t3	10	32	16016	443.7796139973216	118.1449999998847	73.520	
3300-met-museum-photos	imazen-26-png-v3/png-v3/3300-met-museum-photos/3318_met_vessel_479496_2505x2596.sdr.png	t3	10	44	6071	452.6092620071722	199.20599999974797	52.412	
3300-met-museum-photos	imazen-26-png-v3/png-v3/3300-met-museum-photos/3318_met_vessel_479496_2505x2596.sdr.png	t3	12	20	27605	159.8546800087206	269.56599999999753	81.710	
3300-met-museum-photos	imazen-26-png-v3/png-v3/3300-met-museum-photos/3318_met_vessel_479496_2505x2596.sdr.png	t3	12	32	16016	108.8788119959645	214.29399999986742	73.520	
3300-met-museum-photos	imazen-26-png-v3/png-v3/3300-met-museum-photos/3318_met_vessel_479496_2505x2596.sdr.png	t3	12	44	6071	142.64135099074338	292.2039999998418	52.412	
3300-met-museum-photos	imazen-26-png-v3/png-v3/3300-met-museum-photos/3318_met_vessel_479496_2505x2596.sdr.png	t4	-1	20	21404	4473.943307995796	23480.709000000075	DEC-ERR	
3300-met-museum-photos	imazen-26-png-v3/png-v3/3300-met-museum-photos/3318_met_vessel_479496_2505x2596.sdr.png	t4	-1	32	11346	5033.927376003703	34381.823000000164	DEC-ERR	
3300-met-museum-photos	imazen-26-png-v3/png-v3/3300-met-museum-photos/3318_met_vessel_479496_2505x2596.sdr.png	t4	-1	44	4150	4710.389223007951	29086.301000000192	DEC-ERR	
3300-met-museum-photos	imazen-26-png-v3/png-v3/3300-met-museum-photos/3318_met_vessel_479496_2505x2596.sdr.png	t4	2	20	21894	633.038416999625	4502.869999999931	79.691	
3300-met-museum-photos	imazen-26-png-v3/png-v3/3300-met-museum-photos/3318_met_vessel_479496_2505x2596.sdr.png	t4	2	32	11568	646.6160020063398	1955.1550000001328	69.726	
3300-met-museum-photos	imazen-26-png-v3/png-v3/3300-met-museum-photos/3318_met_vessel_479496_2505x2596.sdr.png	t4	2	44	4273	667.9672099999152	2538.30600000002	48.461	
3300-met-museum-photos	imazen-26-png-v3/png-v3/3300-met-museum-photos/3318_met_vessel_479496_2505x2596.sdr.png	t4	4	20	22607	239.52059500152245	381.9949999998897	79.542	
3300-met-museum-photos	imazen-26-png-v3/png-v3/3300-met-museum-photos/3318_met_vessel_479496_2505x2596.sdr.png	t4	4	32	11887	195.14830700063612	1077.7869999999298	69.728	
3300-met-museum-photos	imazen-26-png-v3/png-v3/3300-met-museum-photos/3318_met_vessel_479496_2505x2596.sdr.png	t4	4	44	4423	185.67927500407677	1207.888000000139	48.682	
3300-met-museum-photos	imazen-26-png-v3/png-v3/3300-met-museum-photos/3318_met_vessel_479496_2505x2596.sdr.png	t4	6	20	23359	87.69794699037448	87.51000000003728	79.603	
3300-met-museum-photos	imazen-26-png-v3/png-v3/3300-met-museum-photos/3318_met_vessel_479496_2505x2596.sdr.png	t4	6	32	12590	253.66154000221286	154.40000000002385	70.237	
3300-met-museum-photos	imazen-26-png-v3/png-v3/3300-met-museum-photos/3318_met_vessel_479496_2505x2596.sdr.png	t4	6	44	4794	270.8818630053429	5551.001000000014	49.970	
3300-met-museum-photos	imazen-26-png-v3/png-v3/3300-met-museum-photos/3318_met_vessel_479496_2505x2596.sdr.png	t4	8	20	24032	232.76031599380076	5735.517999999857	79.390	
3300-met-museum-photos	imazen-26-png-v3/png-v3/3300-met-museum-photos/3318_met_vessel_479496_2505x2596.sdr.png	t4	8	32	13071	217.58347399008926	5686.64499999997	69.756	
3300-met-museum-photos	imazen-26-png-v3/png-v3/3300-met-museum-photos/3318_met_vessel_479496_2505x2596.sdr.png	t4	8	44	4915	79.4335829996271	284.63799999993	49.877	
3300-met-museum-photos	imazen-26-png-v3/png-v3/3300-met-museum-photos/3318_met_vessel_479496_2505x2596.sdr.png	t4	10	20	24883	90.14752900111489	349.45199999989995	79.949	
3300-met-museum-photos	imazen-26-png-v3/png-v3/3300-met-museum-photos/3318_met_vessel_479496_2505x2596.sdr.png	t4	10	32	14311	179.237390999333	313.872000000174	70.600	
3300-met-museum-photos	imazen-26-png-v3/png-v3/3300-met-museum-photos/3318_met_vessel_479496_2505x2596.sdr.png	t4	10	44	5341	173.98527600744274	382.6650000000882	49.787	
3300-met-museum-photos	imazen-26-png-v3/png-v3/3300-met-museum-photos/3318_met_vessel_479496_2505x2596.sdr.png	t4	12	20	24883	195.9551700128941	75.83699999983651	79.949	
3300-met-museum-photos	imazen-26-png-v3/png-v3/3300-met-museum-photos/3318_met_vessel_479496_2505x2596.sdr.png	t4	12	32	14311	202.545876003569	71.17500000015298	70.600	
3300-met-museum-photos	imazen-26-png-v3/png-v3/3300-met-museum-photos/3318_met_vessel_479496_2505x2596.sdr.png	t4	12	44	5341	203.62035700236447	63.502000000013936	49.787	
3300-met-museum-photos	imazen-26-png-v3/png-v3/3300-met-museum-photos/3318_met_vessel_479496_2505x2596.sdr.png	st	-1	20	19518	4729.151274004835	27270.3809999999	DEC-ERR	
3300-met-museum-photos	imazen-26-png-v3/png-v3/3300-met-museum-photos/3318_met_vessel_479496_2505x2596.sdr.png	st	-1	32	9043	4792.023014990264	31933.930000000004	DEC-ERR	
3300-met-museum-photos	imazen-26-png-v3/png-v3/3300-met-museum-photos/3318_met_vessel_479496_2505x2596.sdr.png	st	-1	44	2996	3266.3998960051686	20655.849000000075	DEC-ERR	
3300-met-museum-photos	imazen-26-png-v3/png-v3/3300-met-museum-photos/3318_met_vessel_479496_2505x2596.sdr.png	st	2	20	20399	627.5171209999826	6594.67400000004	79.590	
3300-met-museum-photos	imazen-26-png-v3/png-v3/3300-met-museum-photos/3318_met_vessel_479496_2505x2596.sdr.png	st	2	32	9678	565.8410909964005	6055.706999999856	66.646	
3300-met-museum-photos	imazen-26-png-v3/png-v3/3300-met-museum-photos/3318_met_vessel_479496_2505x2596.sdr.png	st	2	44	3095	429.05238599632867	1026.1169999999565	40.164	
3300-met-museum-photos	imazen-26-png-v3/png-v3/3300-met-museum-photos/3318_met_vessel_479496_2505x2596.sdr.png	st	4	20	21159	196.88658900849987	383.4100000001115	79.600	
3300-met-museum-photos	imazen-26-png-v3/png-v3/3300-met-museum-photos/3318_met_vessel_479496_2505x2596.sdr.png	st	4	32	10075	222.0972059876658	527.5899999999183	66.992	
3300-met-museum-photos	imazen-26-png-v3/png-v3/3300-met-museum-photos/3318_met_vessel_479496_2505x2596.sdr.png	st	4	44	3323	133.8203990017064	133.62299999995741	39.879	
3300-met-museum-photos	imazen-26-png-v3/png-v3/3300-met-museum-photos/3318_met_vessel_479496_2505x2596.sdr.png	st	6	20	21897	291.19191400241107	1162.6180000000375	79.721	
3300-met-museum-photos	imazen-26-png-v3/png-v3/3300-met-museum-photos/3318_met_vessel_479496_2505x2596.sdr.png	st	6	32	10789	317.6337600016268	5906.4040000000805	67.407	
3300-met-museum-photos	imazen-26-png-v3/png-v3/3300-met-museum-photos/3318_met_vessel_479496_2505x2596.sdr.png	st	6	44	3545	189.92529800743796	5013.46300000003	40.709	
3300-met-museum-photos	imazen-26-png-v3/png-v3/3300-met-museum-photos/3318_met_vessel_479496_2505x2596.sdr.png	st	8	20	22879	247.72384300013073	154.4089999998164	78.889	
3300-met-museum-photos	imazen-26-png-v3/png-v3/3300-met-museum-photos/3318_met_vessel_479496_2505x2596.sdr.png	st	8	32	11284	293.95004198886454	292.35900000008996	66.951	
3300-met-museum-photos	imazen-26-png-v3/png-v3/3300-met-museum-photos/3318_met_vessel_479496_2505x2596.sdr.png	st	8	44	3636	242.60953099292237	321.0519999999377	40.609	
3300-met-museum-photos	imazen-26-png-v3/png-v3/3300-met-museum-photos/3318_met_vessel_479496_2505x2596.sdr.png	st	10	20	23337	266.94941500318237	117.48500000017259	79.273	
3300-met-museum-photos	imazen-26-png-v3/png-v3/3300-met-museum-photos/3318_met_vessel_479496_2505x2596.sdr.png	st	10	32	11788	346.3308490026975	141.50300000009963	67.239	
3300-met-museum-photos	imazen-26-png-v3/png-v3/3300-met-museum-photos/3318_met_vessel_479496_2505x2596.sdr.png	st	10	44	4104	405.74422100326046	171.50899999985825	40.984	
3300-met-museum-photos	imazen-26-png-v3/png-v3/3300-met-museum-photos/3318_met_vessel_479496_2505x2596.sdr.png	st	12	20	23337	281.79161199659575	170.45499999981928	79.273	
3300-met-museum-photos	imazen-26-png-v3/png-v3/3300-met-museum-photos/3318_met_vessel_479496_2505x2596.sdr.png	st	12	32	11788	100.1981470035389	169.8780000000255	67.239	
3300-met-museum-photos	imazen-26-png-v3/png-v3/3300-met-museum-photos/3318_met_vessel_479496_2505x2596.sdr.png	st	12	44	4104	373.56794498919044	149.29200000013054	40.984	
5000-national-park-service-brochures	imazen-26-png-v3/png-v3/5000-national-park-service-brochures/grayscale/5044_nps_mora-ohanapecosh7-2019_gray_p01_2550x3300.sdr.png	t1	-1	20	9488	7492.508880997775	27194.807000000026	90.418	
5000-national-park-service-brochures	imazen-26-png-v3/png-v3/5000-national-park-service-brochures/grayscale/5044_nps_mora-ohanapecosh7-2019_gray_p01_2550x3300.sdr.png	t1	-1	32	6817	9543.861866011866	37836.704999999994	86.492	
5000-national-park-service-brochures	imazen-26-png-v3/png-v3/5000-national-park-service-brochures/grayscale/5044_nps_mora-ohanapecosh7-2019_gray_p01_2550x3300.sdr.png	t1	-1	44	4444	10367.493899000692	55389.585999999865	66.309	
5000-national-park-service-brochures	imazen-26-png-v3/png-v3/5000-national-park-service-brochures/grayscale/5044_nps_mora-ohanapecosh7-2019_gray_p01_2550x3300.sdr.png	t1	2	20	10692	374.09236100211274	738.5110000001163	90.267	
5000-national-park-service-brochures	imazen-26-png-v3/png-v3/5000-national-park-service-brochures/grayscale/5044_nps_mora-ohanapecosh7-2019_gray_p01_2550x3300.sdr.png	t1	2	32	7657	659.7344549954869	1848.0289999999684	84.879	
5000-national-park-service-brochures	imazen-26-png-v3/png-v3/5000-national-park-service-brochures/grayscale/5044_nps_mora-ohanapecosh7-2019_gray_p01_2550x3300.sdr.png	t1	2	44	4801	659.6689810103271	1848.0289999999684	61.389	
5000-national-park-service-brochures	imazen-26-png-v3/png-v3/5000-national-park-service-brochures/grayscale/5044_nps_mora-ohanapecosh7-2019_gray_p01_2550x3300.sdr.png	t1	4	20	11125	169.5208070013905	277.2329999999954	89.481	
5000-national-park-service-brochures	imazen-26-png-v3/png-v3/5000-national-park-service-brochures/grayscale/5044_nps_mora-ohanapecosh7-2019_gray_p01_2550x3300.sdr.png	t1	4	32	8151	201.1317699943902	946.419000000077	85.174	
5000-national-park-service-brochures	imazen-26-png-v3/png-v3/5000-national-park-service-brochures/grayscale/5044_nps_mora-ohanapecosh7-2019_gray_p01_2550x3300.sdr.png	t1	4	44	5156	171.12198899849318	913.1829999999752	58.943	
5000-national-park-service-brochures	imazen-26-png-v3/png-v3/5000-national-park-service-brochures/grayscale/5044_nps_mora-ohanapecosh7-2019_gray_p01_2550x3300.sdr.png	t1	6	20	13346	57.817291002720594	57.644999999780566	90.248	
5000-national-park-service-brochures	imazen-26-png-v3/png-v3/5000-national-park-service-brochures/grayscale/5044_nps_mora-ohanapecosh7-2019_gray_p01_2550x3300.sdr.png	t1	6	32	10460	403.64319999935105	9346.630999999918	86.009	
5000-national-park-service-brochures	imazen-26-png-v3/png-v3/5000-national-park-service-brochures/grayscale/5044_nps_mora-ohanapecosh7-2019_gray_p01_2550x3300.sdr.png	t1	6	44	7372	306.0753699974157	4633.43399999988	63.057	
5000-national-park-service-brochures	imazen-26-png-v3/png-v3/5000-national-park-service-brochures/grayscale/5044_nps_mora-ohanapecosh7-2019_gray_p01_2550x3300.sdr.png	t1	8	20	18599	76.08677599637304	4616.275000000031	88.356	
5000-national-park-service-brochures	imazen-26-png-v3/png-v3/5000-national-park-service-brochures/grayscale/5044_nps_mora-ohanapecosh7-2019_gray_p01_2550x3300.sdr.png	t1	8	32	13196	61.112638999475166	217.74000000007732	77.164	
5000-national-park-service-brochures	imazen-26-png-v3/png-v3/5000-national-park-service-brochures/grayscale/5044_nps_mora-ohanapecosh7-2019_gray_p01_2550x3300.sdr.png	t1	8	44	7724	65.85787099902518	157.6979999999395	54.357	
5000-national-park-service-brochures	imazen-26-png-v3/png-v3/5000-national-park-service-brochures/grayscale/5044_nps_mora-ohanapecosh7-2019_gray_p01_2550x3300.sdr.png	t1	10	20	22273	105.08535799453966	191.564999999855	85.794	
5000-national-park-service-brochures	imazen-26-png-v3/png-v3/5000-national-park-service-brochures/grayscale/5044_nps_mora-ohanapecosh7-2019_gray_p01_2550x3300.sdr.png	t1	10	32	14875	89.49970999674406	155.43699999982152	76.412	
5000-national-park-service-brochures	imazen-26-png-v3/png-v3/5000-national-park-service-brochures/grayscale/5044_nps_mora-ohanapecosh7-2019_gray_p01_2550x3300.sdr.png	t1	10	44	8147	89.18024299782701	118.55699999992453	54.563	
5000-national-park-service-brochures	imazen-26-png-v3/png-v3/5000-national-park-service-brochures/grayscale/5044_nps_mora-ohanapecosh7-2019_gray_p01_2550x3300.sdr.png	t1	12	20	22273	298.901926013059	66.48599999995497	85.794	
5000-national-park-service-brochures	imazen-26-png-v3/png-v3/5000-national-park-service-brochures/grayscale/5044_nps_mora-ohanapecosh7-2019_gray_p01_2550x3300.sdr.png	t1	12	32	14875	128.15061199944466	73.39600000008772	76.412	
5000-national-park-service-brochures	imazen-26-png-v3/png-v3/5000-national-park-service-brochures/grayscale/5044_nps_mora-ohanapecosh7-2019_gray_p01_2550x3300.sdr.png	t1	12	44	8147	137.50218199857045	82.93299999998283	54.563	
5000-national-park-service-brochures	imazen-26-png-v3/png-v3/5000-national-park-service-brochures/grayscale/5044_nps_mora-ohanapecosh7-2019_gray_p01_2550x3300.sdr.png	t2	-1	20	9410	7317.355386010604	30277.374000000193	90.565	
5000-national-park-service-brochures	imazen-26-png-v3/png-v3/5000-national-park-service-brochures/grayscale/5044_nps_mora-ohanapecosh7-2019_gray_p01_2550x3300.sdr.png	t2	-1	32	6639	9512.628651005798	52468.28099999993	86.261	
5000-national-park-service-brochures	imazen-26-png-v3/png-v3/5000-national-park-service-brochures/grayscale/5044_nps_mora-ohanapecosh7-2019_gray_p01_2550x3300.sdr.png	t2	-1	44	4299	10036.952164999093	62793.89399999999	69.532	
5000-national-park-service-brochures	imazen-26-png-v3/png-v3/5000-national-park-service-brochures/grayscale/5044_nps_mora-ohanapecosh7-2019_gray_p01_2550x3300.sdr.png	t2	2	20	10197	381.0108590114396	937.7930000002124	89.207	
5000-national-park-service-brochures	imazen-26-png-v3/png-v3/5000-national-park-service-brochures/grayscale/5044_nps_mora-ohanapecosh7-2019_gray_p01_2550x3300.sdr.png	t2	2	32	7173	432.91378900175914	1355.1269999999677	82.840	
5000-national-park-service-brochures	imazen-26-png-v3/png-v3/5000-national-park-service-brochures/grayscale/5044_nps_mora-ohanapecosh7-2019_gray_p01_2550x3300.sdr.png	t2	2	44	4518	731.7519040079787	1857.1589999997968	59.532	
5000-national-park-service-brochures	imazen-26-png-v3/png-v3/5000-national-park-service-brochures/grayscale/5044_nps_mora-ohanapecosh7-2019_gray_p01_2550x3300.sdr.png	t2	4	20	10573	174.76007800723892	180.1870000000605	88.376	
5000-national-park-service-brochures	imazen-26-png-v3/png-v3/5000-national-park-service-brochures/grayscale/5044_nps_mora-ohanapecosh7-2019_gray_p01_2550x3300.sdr.png	t2	4	32	7745	196.20422199659515	348.15100000004406	83.929	
5000-national-park-service-brochures	imazen-26-png-v3/png-v3/5000-national-park-service-brochures/grayscale/5044_nps_mora-ohanapecosh7-2019_gray_p01_2550x3300.sdr.png	t2	4	44	4862	176.930599991465	812.2950000000344	57.136	
5000-national-park-service-brochures	imazen-26-png-v3/png-v3/5000-national-park-service-brochures/grayscale/5044_nps_mora-ohanapecosh7-2019_gray_p01_2550x3300.sdr.png	t2	6	20	12753	135.66305799758993	90.57099999994023	89.868	
5000-national-park-service-brochures	imazen-26-png-v3/png-v3/5000-national-park-service-brochures/grayscale/5044_nps_mora-ohanapecosh7-2019_gray_p01_2550x3300.sdr.png	t2	6	32	10168	87.53522900224198	181.98199999993392	85.119	
5000-national-park-service-brochures	imazen-26-png-v3/png-v3/5000-national-park-service-brochures/grayscale/5044_nps_mora-ohanapecosh7-2019_gray_p01_2550x3300.sdr.png	t2	6	44	7074	197.47714999539312	201.2709999999771	60.802	
5000-national-park-service-brochures	imazen-26-png-v3/png-v3/5000-national-park-service-brochures/grayscale/5044_nps_mora-ohanapecosh7-2019_gray_p01_2550x3300.sdr.png	t2	8	20	18311	79.76070400036406	145.69800000010957	88.012	
5000-national-park-service-brochures	imazen-26-png-v3/png-v3/5000-national-park-service-brochures/grayscale/5044_nps_mora-ohanapecosh7-2019_gray_p01_2550x3300.sdr.png	t2	8	32	12829	148.2170200033579	132.67500000004873	76.861	
5000-national-park-service-brochures	imazen-26-png-v3/png-v3/5000-national-park-service-brochures/grayscale/5044_nps_mora-ohanapecosh7-2019_gray_p01_2550x3300.sdr.png	t2	8	44	7360	365.88343999756034	41.93900000001349	52.306	
5000-national-park-service-brochures	imazen-26-png-v3/png-v3/5000-national-park-service-brochures/grayscale/5044_nps_mora-ohanapecosh7-2019_gray_p01_2550x3300.sdr.png	t2	10	20	21928	209.5494859968312	104.99200000015207	85.183	
5000-national-park-service-brochures	imazen-26-png-v3/png-v3/5000-national-park-service-brochures/grayscale/5044_nps_mora-ohanapecosh7-2019_gray_p01_2550x3300.sdr.png	t2	10	32	14357	197.3017569980584	64.41699999989225	76.073	
5000-national-park-service-brochures	imazen-26-png-v3/png-v3/5000-national-park-service-brochures/grayscale/5044_nps_mora-ohanapecosh7-2019_gray_p01_2550x3300.sdr.png	t2	10	44	7694	151.9927000044845	186.0179999999474	51.604	
5000-national-park-service-brochures	imazen-26-png-v3/png-v3/5000-national-park-service-brochures/grayscale/5044_nps_mora-ohanapecosh7-2019_gray_p01_2550x3300.sdr.png	t2	12	20	21928	70.63352099794429	70.64000000019632	85.183	
5000-national-park-service-brochures	imazen-26-png-v3/png-v3/5000-national-park-service-brochures/grayscale/5044_nps_mora-ohanapecosh7-2019_gray_p01_2550x3300.sdr.png	t2	12	32	14357	102.52687899628654	41.15299999998001	76.073	
5000-national-park-service-brochures	imazen-26-png-v3/png-v3/5000-national-park-service-brochures/grayscale/5044_nps_mora-ohanapecosh7-2019_gray_p01_2550x3300.sdr.png	t2	12	44	7694	88.07481300027575	67.3210000000779	51.604	
5000-national-park-service-brochures	imazen-26-png-v3/png-v3/5000-national-park-service-brochures/grayscale/5044_nps_mora-ohanapecosh7-2019_gray_p01_2550x3300.sdr.png	t3	-1	20	10355	7391.720112005714	67179.87899999996	DEC-ERR	
5000-national-park-service-brochures	imazen-26-png-v3/png-v3/5000-national-park-service-brochures/grayscale/5044_nps_mora-ohanapecosh7-2019_gray_p01_2550x3300.sdr.png	t3	-1	32	7655	8996.880630002124	78381.99300000002	DEC-ERR	
5000-national-park-service-brochures	imazen-26-png-v3/png-v3/5000-national-park-service-brochures/grayscale/5044_nps_mora-ohanapecosh7-2019_gray_p01_2550x3300.sdr.png	t3	-1	44	5164	9992.703873009305	88858.55999999995	DEC-ERR	
5000-national-park-service-brochures	imazen-26-png-v3/png-v3/5000-national-park-service-brochures/grayscale/5044_nps_mora-ohanapecosh7-2019_gray_p01_2550x3300.sdr.png	t3	2	20	11406	386.2991430069087	438.5590000000832	89.874	
5000-national-park-service-brochures	imazen-26-png-v3/png-v3/5000-national-park-service-brochures/grayscale/5044_nps_mora-ohanapecosh7-2019_gray_p01_2550x3300.sdr.png	t3	2	32	8471	474.1471960005583	897.8980000002394	84.269	
5000-national-park-service-brochures	imazen-26-png-v3/png-v3/5000-national-park-service-brochures/grayscale/5044_nps_mora-ohanapecosh7-2019_gray_p01_2550x3300.sdr.png	t3	2	44	5365	566.8383360025473	1614.7599999999898	68.914	
5000-national-park-service-brochures	imazen-26-png-v3/png-v3/5000-national-park-service-brochures/grayscale/5044_nps_mora-ohanapecosh7-2019_gray_p01_2550x3300.sdr.png	t3	4	20	12007	196.08737000089604	642.8009999999489	89.764	
5000-national-park-service-brochures	imazen-26-png-v3/png-v3/5000-national-park-service-brochures/grayscale/5044_nps_mora-ohanapecosh7-2019_gray_p01_2550x3300.sdr.png	t3	4	32	8963	270.8331809990341	7405.70799999999	84.574	
5000-national-park-service-brochures	imazen-26-png-v3/png-v3/5000-national-park-service-brochures/grayscale/5044_nps_mora-ohanapecosh7-2019_gray_p01_2550x3300.sdr.png	t3	4	44	5789	215.2957090002019	180.95200000006173	68.875	
5000-national-park-service-brochures	imazen-26-png-v3/png-v3/5000-national-park-service-brochures/grayscale/5044_nps_mora-ohanapecosh7-2019_gray_p01_2550x3300.sdr.png	t3	6	20	14230	116.01499500102364	162.34400000006133	90.497	
5000-national-park-service-brochures	imazen-26-png-v3/png-v3/5000-national-park-service-brochures/grayscale/5044_nps_mora-ohanapecosh7-2019_gray_p01_2550x3300.sdr.png	t3	6	32	11201	82.34004200494383	125.4090000000474	85.715	
5000-national-park-service-brochures	imazen-26-png-v3/png-v3/5000-national-park-service-brochures/grayscale/5044_nps_mora-ohanapecosh7-2019_gray_p01_2550x3300.sdr.png	t3	6	44	7909	361.4902580011403	73.87199999993754	71.077	
5000-national-park-service-brochures	imazen-26-png-v3/png-v3/5000-national-park-service-brochures/grayscale/5044_nps_mora-ohanapecosh7-2019_gray_p01_2550x3300.sdr.png	t3	8	20	14895	108.73434800305404	131.6109999998929	89.899	
5000-national-park-service-brochures	imazen-26-png-v3/png-v3/5000-national-park-service-brochures/grayscale/5044_nps_mora-ohanapecosh7-2019_gray_p01_2550x3300.sdr.png	t3	8	32	11991	81.94050399470143	44.2839999999336	81.985	
5000-national-park-service-brochures	imazen-26-png-v3/png-v3/5000-national-park-service-brochures/grayscale/5044_nps_mora-ohanapecosh7-2019_gray_p01_2550x3300.sdr.png	t3	8	44	7716	97.2138400102267	86.95100000009859	68.452	
5000-national-park-service-brochures	imazen-26-png-v3/png-v3/5000-national-park-service-brochures/grayscale/5044_nps_mora-ohanapecosh7-2019_gray_p01_2550x3300.sdr.png	t3	10	20	15422	288.22848600975703	42.22600000012733	89.558	
5000-national-park-service-brochures	imazen-26-png-v3/png-v3/5000-national-park-service-brochures/grayscale/5044_nps_mora-ohanapecosh7-2019_gray_p01_2550x3300.sdr.png	t3	10	32	12464	97.25397599686403	83.3690000000189	80.961	
5000-national-park-service-brochures	imazen-26-png-v3/png-v3/5000-national-park-service-brochures/grayscale/5044_nps_mora-ohanapecosh7-2019_gray_p01_2550x3300.sdr.png	t3	10	44	8241	76.75013699918054	41.43499999993594	66.731	
5000-national-park-service-brochures	imazen-26-png-v3/png-v3/5000-national-park-service-brochures/grayscale/5044_nps_mora-ohanapecosh7-2019_gray_p01_2550x3300.sdr.png	t3	12	20	15422	95.71426099864766	124.56799999979751	89.558	
5000-national-park-service-brochures	imazen-26-png-v3/png-v3/5000-national-park-service-brochures/grayscale/5044_nps_mora-ohanapecosh7-2019_gray_p01_2550x3300.sdr.png	t3	12	32	12464	345.71333600615617	9404.226999999835	80.961	
5000-national-park-service-brochures	imazen-26-png-v3/png-v3/5000-national-park-service-brochures/grayscale/5044_nps_mora-ohanapecosh7-2019_gray_p01_2550x3300.sdr.png	t3	12	44	8241	132.76638700335752	41.042999999945096	66.731	
5000-national-park-service-brochures	imazen-26-png-v3/png-v3/5000-national-park-service-brochures/grayscale/5044_nps_mora-ohanapecosh7-2019_gray_p01_2550x3300.sdr.png	t4	-1	20	10692	7780.501408997225	78528.29100000013	DEC-ERR	
5000-national-park-service-brochures	imazen-26-png-v3/png-v3/5000-national-park-service-brochures/grayscale/5044_nps_mora-ohanapecosh7-2019_gray_p01_2550x3300.sdr.png	t4	-1	32	8015	9772.46785198804	89761.02999999996	DEC-ERR	
5000-national-park-service-brochures	imazen-26-png-v3/png-v3/5000-national-park-service-brochures/grayscale/5044_nps_mora-ohanapecosh7-2019_gray_p01_2550x3300.sdr.png	t4	-1	44	5323	10714.409237989457	108246.46300000018	DEC-ERR	
5000-national-park-service-brochures	imazen-26-png-v3/png-v3/5000-national-park-service-brochures/grayscale/5044_nps_mora-ohanapecosh7-2019_gray_p01_2550x3300.sdr.png	t4	2	20	11707	392.8586900001392	17845.31200000015	90.567	
5000-national-park-service-brochures	imazen-26-png-v3/png-v3/5000-national-park-service-brochures/grayscale/5044_nps_mora-ohanapecosh7-2019_gray_p01_2550x3300.sdr.png	t4	2	32	8617	535.2228240080876	11162.908999999929	85.382	
5000-national-park-service-brochures	imazen-26-png-v3/png-v3/5000-national-park-service-brochures/grayscale/5044_nps_mora-ohanapecosh7-2019_gray_p01_2550x3300.sdr.png	t4	2	44	5439	637.0519190095365	1907.1130000000521	70.336	
5000-national-park-service-brochures	imazen-26-png-v3/png-v3/5000-national-park-service-brochures/grayscale/5044_nps_mora-ohanapecosh7-2019_gray_p01_2550x3300.sdr.png	t4	4	20	12246	188.98290798824746	566.5950000000493	90.252	
5000-national-park-service-brochures	imazen-26-png-v3/png-v3/5000-national-park-service-brochures/grayscale/5044_nps_mora-ohanapecosh7-2019_gray_p01_2550x3300.sdr.png	t4	4	32	9028	223.03787201235536	212.47899999997344	85.545	
5000-national-park-service-brochures	imazen-26-png-v3/png-v3/5000-national-park-service-brochures/grayscale/5044_nps_mora-ohanapecosh7-2019_gray_p01_2550x3300.sdr.png	t4	4	44	5905	246.74363200028893	1053.6150000002635	69.605	
5000-national-park-service-brochures	imazen-26-png-v3/png-v3/5000-national-park-service-brochures/grayscale/5044_nps_mora-ohanapecosh7-2019_gray_p01_2550x3300.sdr.png	t4	6	20	14473	124.47618300211616	246.93300000026852	90.165	
5000-national-park-service-brochures	imazen-26-png-v3/png-v3/5000-national-park-service-brochures/grayscale/5044_nps_mora-ohanapecosh7-2019_gray_p01_2550x3300.sdr.png	t4	6	32	11324	127.73806799668819	61.503000000044494	86.007	
5000-national-park-service-brochures	imazen-26-png-v3/png-v3/5000-national-park-service-brochures/grayscale/5044_nps_mora-ohanapecosh7-2019_gray_p01_2550x3300.sdr.png	t4	6	44	8047	115.68638100288808	65.75199999998915	72.435	
5000-national-park-service-brochures	imazen-26-png-v3/png-v3/5000-national-park-service-brochures/grayscale/5044_nps_mora-ohanapecosh7-2019_gray_p01_2550x3300.sdr.png	t4	8	20	19573	86.49959199829027	72.1119999999047	87.897	
5000-national-park-service-brochures	imazen-26-png-v3/png-v3/5000-national-park-service-brochures/grayscale/5044_nps_mora-ohanapecosh7-2019_gray_p01_2550x3300.sdr.png	t4	8	32	14406	97.67763000854757	80.56499999990763	80.498	
5000-national-park-service-brochures	imazen-26-png-v3/png-v3/5000-national-park-service-brochures/grayscale/5044_nps_mora-ohanapecosh7-2019_gray_p01_2550x3300.sdr.png	t4	8	44	8978	128.47598901134916	38.00099999973838	64.187	
5000-national-park-service-brochures	imazen-26-png-v3/png-v3/5000-national-park-service-brochures/grayscale/5044_nps_mora-ohanapecosh7-2019_gray_p01_2550x3300.sdr.png	t4	10	20	22742	150.04499099450186	9500.802999999849	86.969	
5000-national-park-service-brochures	imazen-26-png-v3/png-v3/5000-national-park-service-brochures/grayscale/5044_nps_mora-ohanapecosh7-2019_gray_p01_2550x3300.sdr.png	t4	10	32	15665	76.88902001245879	36.67600000012783	78.988	
5000-national-park-service-brochures	imazen-26-png-v3/png-v3/5000-national-park-service-brochures/grayscale/5044_nps_mora-ohanapecosh7-2019_gray_p01_2550x3300.sdr.png	t4	10	44	9248	269.38634300313424	72.30800000020565	62.845	
5000-national-park-service-brochures	imazen-26-png-v3/png-v3/5000-national-park-service-brochures/grayscale/5044_nps_mora-ohanapecosh7-2019_gray_p01_2550x3300.sdr.png	t4	12	20	22742	87.56101700419094	81.51199999977621	86.969	
5000-national-park-service-brochures	imazen-26-png-v3/png-v3/5000-national-park-service-brochures/grayscale/5044_nps_mora-ohanapecosh7-2019_gray_p01_2550x3300.sdr.png	t4	12	32	15665	143.03125099104363	74.9810000001645	78.988	
5000-national-park-service-brochures	imazen-26-png-v3/png-v3/5000-national-park-service-brochures/grayscale/5044_nps_mora-ohanapecosh7-2019_gray_p01_2550x3300.sdr.png	t4	12	44	9248	66.85470401134808	42.79799999993372	62.845	
5000-national-park-service-brochures	imazen-26-png-v3/png-v3/5000-national-park-service-brochures/grayscale/5044_nps_mora-ohanapecosh7-2019_gray_p01_2550x3300.sdr.png	st	-1	20	9578	7322.160911993706	57329.39900000001	DEC-ERR	
5000-national-park-service-brochures	imazen-26-png-v3/png-v3/5000-national-park-service-brochures/grayscale/5044_nps_mora-ohanapecosh7-2019_gray_p01_2550x3300.sdr.png	st	-1	32	6644	9020.273655987694	72278.36800000002	DEC-ERR	
5000-national-park-service-brochures	imazen-26-png-v3/png-v3/5000-national-park-service-brochures/grayscale/5044_nps_mora-ohanapecosh7-2019_gray_p01_2550x3300.sdr.png	st	-1	44	4224	9846.598724994692	89311.405	DEC-ERR	
5000-national-park-service-brochures	imazen-26-png-v3/png-v3/5000-national-park-service-brochures/grayscale/5044_nps_mora-ohanapecosh7-2019_gray_p01_2550x3300.sdr.png	st	2	20	10864	424.3338950036559	634.6950000000362	89.733	
5000-national-park-service-brochures	imazen-26-png-v3/png-v3/5000-national-park-service-brochures/grayscale/5044_nps_mora-ohanapecosh7-2019_gray_p01_2550x3300.sdr.png	st	2	32	7724	484.5563230046537	1065.1100000000183	83.465	
5000-national-park-service-brochures	imazen-26-png-v3/png-v3/5000-national-park-service-brochures/grayscale/5044_nps_mora-ohanapecosh7-2019_gray_p01_2550x3300.sdr.png	st	2	44	4710	536.3109510071808	1550.7539999997846	62.528	
5000-national-park-service-brochures	imazen-26-png-v3/png-v3/5000-national-park-service-brochures/grayscale/5044_nps_mora-ohanapecosh7-2019_gray_p01_2550x3300.sdr.png	st	4	20	11284	158.55088501120917	158.34599999982402	89.406	
5000-national-park-service-brochures	imazen-26-png-v3/png-v3/5000-national-park-service-brochures/grayscale/5044_nps_mora-ohanapecosh7-2019_gray_p01_2550x3300.sdr.png	st	4	32	8206	202.29178400768433	693.6070000000001	83.481	
5000-national-park-service-brochures	imazen-26-png-v3/png-v3/5000-national-park-service-brochures/grayscale/5044_nps_mora-ohanapecosh7-2019_gray_p01_2550x3300.sdr.png	st	4	44	5093	321.3140489970101	328.7150000000736	61.236	
5000-national-park-service-brochures	imazen-26-png-v3/png-v3/5000-national-park-service-brochures/grayscale/5044_nps_mora-ohanapecosh7-2019_gray_p01_2550x3300.sdr.png	st	6	20	13561	77.36349100014195	61.92499999968959	89.800	
5000-national-park-service-brochures	imazen-26-png-v3/png-v3/5000-national-park-service-brochures/grayscale/5044_nps_mora-ohanapecosh7-2019_gray_p01_2550x3300.sdr.png	st	6	32	10324	86.55039899167605	264.62200000007385	84.407	
5000-national-park-service-brochures	imazen-26-png-v3/png-v3/5000-national-park-service-brochures/grayscale/5044_nps_mora-ohanapecosh7-2019_gray_p01_2550x3300.sdr.png	st	6	44	7072	150.7740359957097	130.02899999992223	64.876	
5000-national-park-service-brochures	imazen-26-png-v3/png-v3/5000-national-park-service-brochures/grayscale/5044_nps_mora-ohanapecosh7-2019_gray_p01_2550x3300.sdr.png	st	8	20	13970	178.81703199236654	47.428000000181214	89.372	
5000-national-park-service-brochures	imazen-26-png-v3/png-v3/5000-national-park-service-brochures/grayscale/5044_nps_mora-ohanapecosh7-2019_gray_p01_2550x3300.sdr.png	st	8	32	10976	184.49441400298383	95.1329999999615	80.711	
5000-national-park-service-brochures	imazen-26-png-v3/png-v3/5000-national-park-service-brochures/grayscale/5044_nps_mora-ohanapecosh7-2019_gray_p01_2550x3300.sdr.png	st	8	44	6577	77.15917300083674	81.36299999972607	63.061	
5000-national-park-service-brochures	imazen-26-png-v3/png-v3/5000-national-park-service-brochures/grayscale/5044_nps_mora-ohanapecosh7-2019_gray_p01_2550x3300.sdr.png	st	10	20	14372	204.1450020042248	123.64800000001708	88.918	
5000-national-park-service-brochures	imazen-26-png-v3/png-v3/5000-national-park-service-brochures/grayscale/5044_nps_mora-ohanapecosh7-2019_gray_p01_2550x3300.sdr.png	st	10	32	11202	103.76086200994905	81.39099999991117	79.199	
5000-national-park-service-brochures	imazen-26-png-v3/png-v3/5000-national-park-service-brochures/grayscale/5044_nps_mora-ohanapecosh7-2019_gray_p01_2550x3300.sdr.png	st	10	44	6977	177.56412300514057	40.18899999998382	60.534	
5000-national-park-service-brochures	imazen-26-png-v3/png-v3/5000-national-park-service-brochures/grayscale/5044_nps_mora-ohanapecosh7-2019_gray_p01_2550x3300.sdr.png	st	12	20	14372	113.31275299016852	10060.086000000068	88.918	
5000-national-park-service-brochures	imazen-26-png-v3/png-v3/5000-national-park-service-brochures/grayscale/5044_nps_mora-ohanapecosh7-2019_gray_p01_2550x3300.sdr.png	st	12	32	11202	144.16909200372174	10088.224999999795	79.199	
5000-national-park-service-brochures	imazen-26-png-v3/png-v3/5000-national-park-service-brochures/grayscale/5044_nps_mora-ohanapecosh7-2019_gray_p01_2550x3300.sdr.png	st	12	44	6977	103.04321000876371	141.75800000002425	60.534	
5000-national-park-service-brochures	imazen-26-png-v3/png-v3/5000-national-park-service-brochures/grayscale/5058_nps_shen-bigmeadows-roadtrail_gray_p02_2550x3300.sdr.png	t1	-1	20	10073	7051.231367993751	57763.285000000054	93.004	
5000-national-park-service-brochures	imazen-26-png-v3/png-v3/5000-national-park-service-brochures/grayscale/5058_nps_shen-bigmeadows-roadtrail_gray_p02_2550x3300.sdr.png	t1	-1	32	7902	7517.692426990834	76039.39300000003	90.871	
5000-national-park-service-brochures	imazen-26-png-v3/png-v3/5000-national-park-service-brochures/grayscale/5058_nps_shen-bigmeadows-roadtrail_gray_p02_2550x3300.sdr.png	t1	-1	44	5917	9046.32082299213	86811.22999999991	85.050	
5000-national-park-service-brochures	imazen-26-png-v3/png-v3/5000-national-park-service-brochures/grayscale/5058_nps_shen-bigmeadows-roadtrail_gray_p02_2550x3300.sdr.png	t1	2	20	11167	351.88743099570274	384.71599999995476	92.789	
5000-national-park-service-brochures	imazen-26-png-v3/png-v3/5000-national-park-service-brochures/grayscale/5058_nps_shen-bigmeadows-roadtrail_gray_p02_2550x3300.sdr.png	t1	2	32	8883	415.56884899910074	787.106999999807	89.004	
5000-national-park-service-brochures	imazen-26-png-v3/png-v3/5000-national-park-service-brochures/grayscale/5058_nps_shen-bigmeadows-roadtrail_gray_p02_2550x3300.sdr.png	t1	2	44	6476	600.959845003672	1340.4160000001043	82.551	
5000-national-park-service-brochures	imazen-26-png-v3/png-v3/5000-national-park-service-brochures/grayscale/5058_nps_shen-bigmeadows-roadtrail_gray_p02_2550x3300.sdr.png	t1	4	20	12081	194.6251529880101	7968.28400000004	92.883	
5000-national-park-service-brochures	imazen-26-png-v3/png-v3/5000-national-park-service-brochures/grayscale/5058_nps_shen-bigmeadows-roadtrail_gray_p02_2550x3300.sdr.png	t1	4	32	9497	217.48801300418563	417.1689999999302	90.000	
5000-national-park-service-brochures	imazen-26-png-v3/png-v3/5000-national-park-service-brochures/grayscale/5058_nps_shen-bigmeadows-roadtrail_gray_p02_2550x3300.sdr.png	t1	4	44	6923	206.32668599137105	571.0430000000173	82.346	
5000-national-park-service-brochures	imazen-26-png-v3/png-v3/5000-national-park-service-brochures/grayscale/5058_nps_shen-bigmeadows-roadtrail_gray_p02_2550x3300.sdr.png	t1	6	20	20741	109.45184000593144	437.010000000015	92.321	
5000-national-park-service-brochures	imazen-26-png-v3/png-v3/5000-national-park-service-brochures/grayscale/5058_nps_shen-bigmeadows-roadtrail_gray_p02_2550x3300.sdr.png	t1	6	32	16479	99.65827199630439	130.69599999982984	90.535	
5000-national-park-service-brochures	imazen-26-png-v3/png-v3/5000-national-park-service-brochures/grayscale/5058_nps_shen-bigmeadows-roadtrail_gray_p02_2550x3300.sdr.png	t1	6	44	12988	121.97226900025271	255.43099999993046	85.865	
5000-national-park-service-brochures	imazen-26-png-v3/png-v3/5000-national-park-service-brochures/grayscale/5058_nps_shen-bigmeadows-roadtrail_gray_p02_2550x3300.sdr.png	t1	8	20	32941	71.85002100595739	158.1900000001184	89.900	
5000-national-park-service-brochures	imazen-26-png-v3/png-v3/5000-national-park-service-brochures/grayscale/5058_nps_shen-bigmeadows-roadtrail_gray_p02_2550x3300.sdr.png	t1	8	32	23858	141.90675600548275	173.29199999990408	86.523	
5000-national-park-service-brochures	imazen-26-png-v3/png-v3/5000-national-park-service-brochures/grayscale/5058_nps_shen-bigmeadows-roadtrail_gray_p02_2550x3300.sdr.png	t1	8	44	15112	98.29556298791431	121.71600000002059	72.905	
5000-national-park-service-brochures	imazen-26-png-v3/png-v3/5000-national-park-service-brochures/grayscale/5058_nps_shen-bigmeadows-roadtrail_gray_p02_2550x3300.sdr.png	t1	10	20	41628	72.81938099185936	77.79500000006578	89.429	
5000-national-park-service-brochures	imazen-26-png-v3/png-v3/5000-national-park-service-brochures/grayscale/5058_nps_shen-bigmeadows-roadtrail_gray_p02_2550x3300.sdr.png	t1	10	32	29028	91.9137739983853	97.82100000009564	83.694	
5000-national-park-service-brochures	imazen-26-png-v3/png-v3/5000-national-park-service-brochures/grayscale/5058_nps_shen-bigmeadows-roadtrail_gray_p02_2550x3300.sdr.png	t1	10	44	16533	136.53164799325168	79.02200000008008	68.603	
5000-national-park-service-brochures	imazen-26-png-v3/png-v3/5000-national-park-service-brochures/grayscale/5058_nps_shen-bigmeadows-roadtrail_gray_p02_2550x3300.sdr.png	t1	12	20	41628	82.31138800329063	78.37800000021389	89.429	
5000-national-park-service-brochures	imazen-26-png-v3/png-v3/5000-national-park-service-brochures/grayscale/5058_nps_shen-bigmeadows-roadtrail_gray_p02_2550x3300.sdr.png	t1	12	32	29028	87.0924670016393	93.13500000025954	83.694	
5000-national-park-service-brochures	imazen-26-png-v3/png-v3/5000-national-park-service-brochures/grayscale/5058_nps_shen-bigmeadows-roadtrail_gray_p02_2550x3300.sdr.png	t1	12	44	16533	154.39246699679643	43.25799999998026	68.603	
5000-national-park-service-brochures	imazen-26-png-v3/png-v3/5000-national-park-service-brochures/grayscale/5058_nps_shen-bigmeadows-roadtrail_gray_p02_2550x3300.sdr.png	t2	-1	20	9969	6915.8303500007605	73588.37800000006	91.976	
5000-national-park-service-brochures	imazen-26-png-v3/png-v3/5000-national-park-service-brochures/grayscale/5058_nps_shen-bigmeadows-roadtrail_gray_p02_2550x3300.sdr.png	t2	-1	32	7879	7324.676411997643	80905.80900000011	90.351	
5000-national-park-service-brochures	imazen-26-png-v3/png-v3/5000-national-park-service-brochures/grayscale/5058_nps_shen-bigmeadows-roadtrail_gray_p02_2550x3300.sdr.png	t2	-1	44	5807	8847.10797900334	92250.48399999994	83.431	
5000-national-park-service-brochures	imazen-26-png-v3/png-v3/5000-national-park-service-brochures/grayscale/5058_nps_shen-bigmeadows-roadtrail_gray_p02_2550x3300.sdr.png	t2	2	20	11040	344.31556198978797	7669.143999999932	91.001	
5000-national-park-service-brochures	imazen-26-png-v3/png-v3/5000-national-park-service-brochures/grayscale/5058_nps_shen-bigmeadows-roadtrail_gray_p02_2550x3300.sdr.png	t2	2	32	8462	416.76733500207774	18703.210999999883	89.141	
5000-national-park-service-brochures	imazen-26-png-v3/png-v3/5000-national-park-service-brochures/grayscale/5058_nps_shen-bigmeadows-roadtrail_gray_p02_2550x3300.sdr.png	t2	2	44	6204	597.0767119870288	12234.84900000004	82.041	
5000-national-park-service-brochures	imazen-26-png-v3/png-v3/5000-national-park-service-brochures/grayscale/5058_nps_shen-bigmeadows-roadtrail_gray_p02_2550x3300.sdr.png	t2	4	20	11852	168.9464270020835	200.14400000010824	92.311	
5000-national-park-service-brochures	imazen-26-png-v3/png-v3/5000-national-park-service-brochures/grayscale/5058_nps_shen-bigmeadows-roadtrail_gray_p02_2550x3300.sdr.png	t2	4	32	9227	238.30849200021476	989.6259999998733	89.717	
5000-national-park-service-brochures	imazen-26-png-v3/png-v3/5000-national-park-service-brochures/grayscale/5058_nps_shen-bigmeadows-roadtrail_gray_p02_2550x3300.sdr.png	t2	4	44	6594	227.3178600007668	1004.0789999999191	79.642	
5000-national-park-service-brochures	imazen-26-png-v3/png-v3/5000-national-park-service-brochures/grayscale/5058_nps_shen-bigmeadows-roadtrail_gray_p02_2550x3300.sdr.png	t2	6	20	20004	114.93378199520521	73.3520000000567	92.111	
5000-national-park-service-brochures	imazen-26-png-v3/png-v3/5000-national-park-service-brochures/grayscale/5058_nps_shen-bigmeadows-roadtrail_gray_p02_2550x3300.sdr.png	t2	6	32	16021	122.45049599732738	107.64900000009447	90.276	
5000-national-park-service-brochures	imazen-26-png-v3/png-v3/5000-national-park-service-brochures/grayscale/5058_nps_shen-bigmeadows-roadtrail_gray_p02_2550x3300.sdr.png	t2	6	44	12776	111.46445300255436	173.5589999999263	84.703	
5000-national-park-service-brochures	imazen-26-png-v3/png-v3/5000-national-park-service-brochures/grayscale/5058_nps_shen-bigmeadows-roadtrail_gray_p02_2550x3300.sdr.png	t2	8	20	32660	66.82848400669172	51.8520000000251	90.916	
5000-national-park-service-brochures	imazen-26-png-v3/png-v3/5000-national-park-service-brochures/grayscale/5058_nps_shen-bigmeadows-roadtrail_gray_p02_2550x3300.sdr.png	t2	8	32	23503	107.3329070059117	51.54899999998008	85.993	
5000-national-park-service-brochures	imazen-26-png-v3/png-v3/5000-national-park-service-brochures/grayscale/5058_nps_shen-bigmeadows-roadtrail_gray_p02_2550x3300.sdr.png	t2	8	44	14615	73.40398199448828	43.146000000035656	72.164	
5000-national-park-service-brochures	imazen-26-png-v3/png-v3/5000-national-park-service-brochures/grayscale/5058_nps_shen-bigmeadows-roadtrail_gray_p02_2550x3300.sdr.png	t2	10	20	41025	83.9340689999517	79.098000000144	89.832	
5000-national-park-service-brochures	imazen-26-png-v3/png-v3/5000-national-park-service-brochures/grayscale/5058_nps_shen-bigmeadows-roadtrail_gray_p02_2550x3300.sdr.png	t2	10	32	28311	90.1654939953005	87.12299999983486	83.054	
5000-national-park-service-brochures	imazen-26-png-v3/png-v3/5000-national-park-service-brochures/grayscale/5058_nps_shen-bigmeadows-roadtrail_gray_p02_2550x3300.sdr.png	t2	10	44	15867	363.24799599242397	8974.465000000038	67.572	
5000-national-park-service-brochures	imazen-26-png-v3/png-v3/5000-national-park-service-brochures/grayscale/5058_nps_shen-bigmeadows-roadtrail_gray_p02_2550x3300.sdr.png	t2	12	20	41025	74.81683499645442	162.31999999993718	89.832	
5000-national-park-service-brochures	imazen-26-png-v3/png-v3/5000-national-park-service-brochures/grayscale/5058_nps_shen-bigmeadows-roadtrail_gray_p02_2550x3300.sdr.png	t2	12	32	28311	84.94254499964882	80.22500000002708	83.054	
5000-national-park-service-brochures	imazen-26-png-v3/png-v3/5000-national-park-service-brochures/grayscale/5058_nps_shen-bigmeadows-roadtrail_gray_p02_2550x3300.sdr.png	t2	12	44	15867	100.19751499930862	119.7339999999798	67.572	
5000-national-park-service-brochures	imazen-26-png-v3/png-v3/5000-national-park-service-brochures/grayscale/5058_nps_shen-bigmeadows-roadtrail_gray_p02_2550x3300.sdr.png	t3	-1	20	11164	7083.033215996693	69738.58900000018	DEC-ERR	
5000-national-park-service-brochures	imazen-26-png-v3/png-v3/5000-national-park-service-brochures/grayscale/5058_nps_shen-bigmeadows-roadtrail_gray_p02_2550x3300.sdr.png	t3	-1	32	9201	8157.197635999182	78686.27899999991	DEC-ERR	
5000-national-park-service-brochures	imazen-26-png-v3/png-v3/5000-national-park-service-brochures/grayscale/5058_nps_shen-bigmeadows-roadtrail_gray_p02_2550x3300.sdr.png	t3	-1	44	6943	10004.329684001277	74275.00100000022	DEC-ERR	
5000-national-park-service-brochures	imazen-26-png-v3/png-v3/5000-national-park-service-brochures/grayscale/5058_nps_shen-bigmeadows-roadtrail_gray_p02_2550x3300.sdr.png	t3	2	20	11902	387.39111700851936	444.8649999999077	91.275	
5000-national-park-service-brochures	imazen-26-png-v3/png-v3/5000-national-park-service-brochures/grayscale/5058_nps_shen-bigmeadows-roadtrail_gray_p02_2550x3300.sdr.png	t3	2	32	8963	525.4386930027977	1025.8780000000202	89.381	
5000-national-park-service-brochures	imazen-26-png-v3/png-v3/5000-national-park-service-brochures/grayscale/5058_nps_shen-bigmeadows-roadtrail_gray_p02_2550x3300.sdr.png	t3	2	44	6387	668.0721699958667	9194.916000000021	81.895	
5000-national-park-service-brochures	imazen-26-png-v3/png-v3/5000-national-park-service-brochures/grayscale/5058_nps_shen-bigmeadows-roadtrail_gray_p02_2550x3300.sdr.png	t3	4	20	12388	180.80776299757417	528.3690000000831	90.001	
5000-national-park-service-brochures	imazen-26-png-v3/png-v3/5000-national-park-service-brochures/grayscale/5058_nps_shen-bigmeadows-roadtrail_gray_p02_2550x3300.sdr.png	t3	4	32	9558	291.5565260045696	897.3729999999449	88.941	
5000-national-park-service-brochures	imazen-26-png-v3/png-v3/5000-national-park-service-brochures/grayscale/5058_nps_shen-bigmeadows-roadtrail_gray_p02_2550x3300.sdr.png	t3	4	44	6885	244.8101600020891	418.97600000008595	82.149	
5000-national-park-service-brochures	imazen-26-png-v3/png-v3/5000-national-park-service-brochures/grayscale/5058_nps_shen-bigmeadows-roadtrail_gray_p02_2550x3300.sdr.png	t3	6	20	21147	99.0117229957832	73.80799999999965	92.168	
5000-national-park-service-brochures	imazen-26-png-v3/png-v3/5000-national-park-service-brochures/grayscale/5058_nps_shen-bigmeadows-roadtrail_gray_p02_2550x3300.sdr.png	t3	6	32	16142	91.68481899541803	133.19699999993873	90.060	
5000-national-park-service-brochures	imazen-26-png-v3/png-v3/5000-national-park-service-brochures/grayscale/5058_nps_shen-bigmeadows-roadtrail_gray_p02_2550x3300.sdr.png	t3	6	44	13009	92.59371500229463	170.66099999992446	84.681	
5000-national-park-service-brochures	imazen-26-png-v3/png-v3/5000-national-park-service-brochures/grayscale/5058_nps_shen-bigmeadows-roadtrail_gray_p02_2550x3300.sdr.png	t3	8	20	21447	77.34170000185259	222.25000000022987	90.828	
5000-national-park-service-brochures	imazen-26-png-v3/png-v3/5000-national-park-service-brochures/grayscale/5058_nps_shen-bigmeadows-roadtrail_gray_p02_2550x3300.sdr.png	t3	8	32	17556	146.57074300339445	125.80600000003983	86.634	
5000-national-park-service-brochures	imazen-26-png-v3/png-v3/5000-national-park-service-brochures/grayscale/5058_nps_shen-bigmeadows-roadtrail_gray_p02_2550x3300.sdr.png	t3	8	44	11073	170.6745990086347	57.19299999982752	79.492	
5000-national-park-service-brochures	imazen-26-png-v3/png-v3/5000-national-park-service-brochures/grayscale/5058_nps_shen-bigmeadows-roadtrail_gray_p02_2550x3300.sdr.png	t3	10	20	20638	77.94619801279623	9106.125999999933	91.083	
5000-national-park-service-brochures	imazen-26-png-v3/png-v3/5000-national-park-service-brochures/grayscale/5058_nps_shen-bigmeadows-roadtrail_gray_p02_2550x3300.sdr.png	t3	10	32	16639	101.24562701093964	139.83399999989388	84.768	
5000-national-park-service-brochures	imazen-26-png-v3/png-v3/5000-national-park-service-brochures/grayscale/5058_nps_shen-bigmeadows-roadtrail_gray_p02_2550x3300.sdr.png	t3	10	44	10669	277.88083598716184	145.0959999999668	77.036	
5000-national-park-service-brochures	imazen-26-png-v3/png-v3/5000-national-park-service-brochures/grayscale/5058_nps_shen-bigmeadows-roadtrail_gray_p02_2550x3300.sdr.png	t3	12	20	20638	214.98368699394632	54.3279999999271	91.083	
5000-national-park-service-brochures	imazen-26-png-v3/png-v3/5000-national-park-service-brochures/grayscale/5058_nps_shen-bigmeadows-roadtrail_gray_p02_2550x3300.sdr.png	t3	12	32	16639	113.06363000767305	86.05899999982114	84.768	
5000-national-park-service-brochures	imazen-26-png-v3/png-v3/5000-national-park-service-brochures/grayscale/5058_nps_shen-bigmeadows-roadtrail_gray_p02_2550x3300.sdr.png	t3	12	44	10669	68.42723100271542	120.04900000005136	77.036	
5000-national-park-service-brochures	imazen-26-png-v3/png-v3/5000-national-park-service-brochures/grayscale/5058_nps_shen-bigmeadows-roadtrail_gray_p02_2550x3300.sdr.png	t4	-1	20	11171	7230.885320008383	61572.02699999998	DEC-ERR	
5000-national-park-service-brochures	imazen-26-png-v3/png-v3/5000-national-park-service-brochures/grayscale/5058_nps_shen-bigmeadows-roadtrail_gray_p02_2550x3300.sdr.png	t4	-1	32	9346	8146.5024830104085	64599.39499999987	DEC-ERR	
5000-national-park-service-brochures	imazen-26-png-v3/png-v3/5000-national-park-service-brochures/grayscale/5058_nps_shen-bigmeadows-roadtrail_gray_p02_2550x3300.sdr.png	t4	-1	44	7217	9926.150812010746	82596.7290000002	DEC-ERR	
5000-national-park-service-brochures	imazen-26-png-v3/png-v3/5000-national-park-service-brochures/grayscale/5058_nps_shen-bigmeadows-roadtrail_gray_p02_2550x3300.sdr.png	t4	2	20	11914	392.6273709948873	7951.627000000073	92.763	
5000-national-park-service-brochures	imazen-26-png-v3/png-v3/5000-national-park-service-brochures/grayscale/5058_nps_shen-bigmeadows-roadtrail_gray_p02_2550x3300.sdr.png	t4	2	32	9178	564.9623019999126	1257.9939999999538	89.846	
5000-national-park-service-brochures	imazen-26-png-v3/png-v3/5000-national-park-service-brochures/grayscale/5058_nps_shen-bigmeadows-roadtrail_gray_p02_2550x3300.sdr.png	t4	2	44	6595	852.8756510058884	1866.8009999999667	82.826	
5000-national-park-service-brochures	imazen-26-png-v3/png-v3/5000-national-park-service-brochures/grayscale/5058_nps_shen-bigmeadows-roadtrail_gray_p02_2550x3300.sdr.png	t4	4	20	12594	187.63097099144943	207.1770000000157	90.245	
5000-national-park-service-brochures	imazen-26-png-v3/png-v3/5000-national-park-service-brochures/grayscale/5058_nps_shen-bigmeadows-roadtrail_gray_p02_2550x3300.sdr.png	t4	4	32	9700	259.20767200295813	1159.8299999999854	89.808	
5000-national-park-service-brochures	imazen-26-png-v3/png-v3/5000-national-park-service-brochures/grayscale/5058_nps_shen-bigmeadows-roadtrail_gray_p02_2550x3300.sdr.png	t4	4	44	7006	256.84669900510926	443.4269999999003	80.873	
5000-national-park-service-brochures	imazen-26-png-v3/png-v3/5000-national-park-service-brochures/grayscale/5058_nps_shen-bigmeadows-roadtrail_gray_p02_2550x3300.sdr.png	t4	6	20	21776	91.1742000025697	100.66499999986434	92.477	
5000-national-park-service-brochures	imazen-26-png-v3/png-v3/5000-national-park-service-brochures/grayscale/5058_nps_shen-bigmeadows-roadtrail_gray_p02_2550x3300.sdr.png	t4	6	32	16484	112.12636000709608	179.85899999979438	90.621	
5000-national-park-service-brochures	imazen-26-png-v3/png-v3/5000-national-park-service-brochures/grayscale/5058_nps_shen-bigmeadows-roadtrail_gray_p02_2550x3300.sdr.png	t4	6	44	13175	122.65096699411515	355.15300000007244	85.384	
5000-national-park-service-brochures	imazen-26-png-v3/png-v3/5000-national-park-service-brochures/grayscale/5058_nps_shen-bigmeadows-roadtrail_gray_p02_2550x3300.sdr.png	t4	8	20	32247	219.88128799421247	8854.062999999784	89.496	
5000-national-park-service-brochures	imazen-26-png-v3/png-v3/5000-national-park-service-brochures/grayscale/5058_nps_shen-bigmeadows-roadtrail_gray_p02_2550x3300.sdr.png	t4	8	32	23340	226.299335990916	44.08100000000559	83.069	
5000-national-park-service-brochures	imazen-26-png-v3/png-v3/5000-national-park-service-brochures/grayscale/5058_nps_shen-bigmeadows-roadtrail_gray_p02_2550x3300.sdr.png	t4	8	44	14972	135.96436999796424	113.8809999999495	68.979	
5000-national-park-service-brochures	imazen-26-png-v3/png-v3/5000-national-park-service-brochures/grayscale/5058_nps_shen-bigmeadows-roadtrail_gray_p02_2550x3300.sdr.png	t4	10	20	38355	160.346845004824	126.66499999986058	87.797	
5000-national-park-service-brochures	imazen-26-png-v3/png-v3/5000-national-park-service-brochures/grayscale/5058_nps_shen-bigmeadows-roadtrail_gray_p02_2550x3300.sdr.png	t4	10	32	25736	155.01561100245453	83.0829999998457	78.434	
5000-national-park-service-brochures	imazen-26-png-v3/png-v3/5000-national-park-service-brochures/grayscale/5058_nps_shen-bigmeadows-roadtrail_gray_p02_2550x3300.sdr.png	t4	10	44	14646	147.27562200278044	127.70800000011207	62.292	
5000-national-park-service-brochures	imazen-26-png-v3/png-v3/5000-national-park-service-brochures/grayscale/5058_nps_shen-bigmeadows-roadtrail_gray_p02_2550x3300.sdr.png	t4	12	20	38355	146.9701320020249	96.90600000004679	87.797	
5000-national-park-service-brochures	imazen-26-png-v3/png-v3/5000-national-park-service-brochures/grayscale/5058_nps_shen-bigmeadows-roadtrail_gray_p02_2550x3300.sdr.png	t4	12	32	25736	271.49715200357605	47.55000000008636	78.434	
5000-national-park-service-brochures	imazen-26-png-v3/png-v3/5000-national-park-service-brochures/grayscale/5058_nps_shen-bigmeadows-roadtrail_gray_p02_2550x3300.sdr.png	t4	12	44	14646	133.1613770016702	147.8929999998968	62.292	
5000-national-park-service-brochures	imazen-26-png-v3/png-v3/5000-national-park-service-brochures/grayscale/5058_nps_shen-bigmeadows-roadtrail_gray_p02_2550x3300.sdr.png	st	-1	20	10500	6816.186634008773	62999.35600000016	DEC-ERR	
5000-national-park-service-brochures	imazen-26-png-v3/png-v3/5000-national-park-service-brochures/grayscale/5058_nps_shen-bigmeadows-roadtrail_gray_p02_2550x3300.sdr.png	st	-1	32	8280	8289.780552993761	72376.09099999999	DEC-ERR	
5000-national-park-service-brochures	imazen-26-png-v3/png-v3/5000-national-park-service-brochures/grayscale/5058_nps_shen-bigmeadows-roadtrail_gray_p02_2550x3300.sdr.png	st	-1	44	6096	9529.540125993663	86694.57500000016	DEC-ERR	
5000-national-park-service-brochures	imazen-26-png-v3/png-v3/5000-national-park-service-brochures/grayscale/5058_nps_shen-bigmeadows-roadtrail_gray_p02_2550x3300.sdr.png	st	2	20	11668	434.9614679958904	417.71800000007886	90.397	
5000-national-park-service-brochures	imazen-26-png-v3/png-v3/5000-national-park-service-brochures/grayscale/5058_nps_shen-bigmeadows-roadtrail_gray_p02_2550x3300.sdr.png	st	2	32	8813	465.1961960043991	9346.152999999873	89.307	
5000-national-park-service-brochures	imazen-26-png-v3/png-v3/5000-national-park-service-brochures/grayscale/5058_nps_shen-bigmeadows-roadtrail_gray_p02_2550x3300.sdr.png	st	2	44	6236	784.068868990289	9795.378999999755	79.554	
5000-national-park-service-brochures	imazen-26-png-v3/png-v3/5000-national-park-service-brochures/grayscale/5058_nps_shen-bigmeadows-roadtrail_gray_p02_2550x3300.sdr.png	st	4	20	12260	194.9310250056442	210.60000000001367	90.069	
5000-national-park-service-brochures	imazen-26-png-v3/png-v3/5000-national-park-service-brochures/grayscale/5058_nps_shen-bigmeadows-roadtrail_gray_p02_2550x3300.sdr.png	st	4	32	9318	213.38833699701354	8462.123000000289	88.983	
5000-national-park-service-brochures	imazen-26-png-v3/png-v3/5000-national-park-service-brochures/grayscale/5058_nps_shen-bigmeadows-roadtrail_gray_p02_2550x3300.sdr.png	st	4	44	6708	355.5148500017822	1260.7409999997685	82.034	
5000-national-park-service-brochures	imazen-26-png-v3/png-v3/5000-national-park-service-brochures/grayscale/5058_nps_shen-bigmeadows-roadtrail_gray_p02_2550x3300.sdr.png	st	6	20	20947	261.4388299989514	67.77699999992137	92.239	
5000-national-park-service-brochures	imazen-26-png-v3/png-v3/5000-national-park-service-brochures/grayscale/5058_nps_shen-bigmeadows-roadtrail_gray_p02_2550x3300.sdr.png	st	6	32	15905	261.33661600761116	136.4380000001688	90.191	
5000-national-park-service-brochures	imazen-26-png-v3/png-v3/5000-national-park-service-brochures/grayscale/5058_nps_shen-bigmeadows-roadtrail_gray_p02_2550x3300.sdr.png	st	6	44	12861	332.1055230044294	253.62000000012586	84.660	
5000-national-park-service-brochures	imazen-26-png-v3/png-v3/5000-national-park-service-brochures/grayscale/5058_nps_shen-bigmeadows-roadtrail_gray_p02_2550x3300.sdr.png	st	8	20	21092	65.81384700257331	135.6570000002506	90.965	
5000-national-park-service-brochures	imazen-26-png-v3/png-v3/5000-national-park-service-brochures/grayscale/5058_nps_shen-bigmeadows-roadtrail_gray_p02_2550x3300.sdr.png	st	8	32	17220	127.99873300537001	57.98699999981238	86.610	
5000-national-park-service-brochures	imazen-26-png-v3/png-v3/5000-national-park-service-brochures/grayscale/5058_nps_shen-bigmeadows-roadtrail_gray_p02_2550x3300.sdr.png	st	8	44	10601	63.40384100622032	196.4559999999267	79.319	
5000-national-park-service-brochures	imazen-26-png-v3/png-v3/5000-national-park-service-brochures/grayscale/5058_nps_shen-bigmeadows-roadtrail_gray_p02_2550x3300.sdr.png	st	10	20	20199	75.40726600564085	147.72100000007526	91.039	
5000-national-park-service-brochures	imazen-26-png-v3/png-v3/5000-national-park-service-brochures/grayscale/5058_nps_shen-bigmeadows-roadtrail_gray_p02_2550x3300.sdr.png	st	10	32	16267	70.64207700022962	274.642999999827	84.741	
5000-national-park-service-brochures	imazen-26-png-v3/png-v3/5000-national-park-service-brochures/grayscale/5058_nps_shen-bigmeadows-roadtrail_gray_p02_2550x3300.sdr.png	st	10	44	10115	59.90191000455525	241.99199999989673	76.709	
5000-national-park-service-brochures	imazen-26-png-v3/png-v3/5000-national-park-service-brochures/grayscale/5058_nps_shen-bigmeadows-roadtrail_gray_p02_2550x3300.sdr.png	st	12	20	20199	73.68771100300364	254.43800000019223	91.039	
5000-national-park-service-brochures	imazen-26-png-v3/png-v3/5000-national-park-service-brochures/grayscale/5058_nps_shen-bigmeadows-roadtrail_gray_p02_2550x3300.sdr.png	st	12	32	16267	100.48435999487992	7256.077000000061	84.741	
5000-national-park-service-brochures	imazen-26-png-v3/png-v3/5000-national-park-service-brochures/grayscale/5058_nps_shen-bigmeadows-roadtrail_gray_p02_2550x3300.sdr.png	st	12	44	10115	96.02090300177224	7347.801999999774	76.709	
5200-epa-climate-impact-2021-report	imazen-26-png-v3/png-v3/5200-epa-climate-impact-2021-report/5202_epa_climate-impact-2021_fig-es1-six-impacts_p005_2968x3841.sdr.png	t1	-1	20	10140	1945.9125919966027	19418.769999999768	81.833	
5200-epa-climate-impact-2021-report	imazen-26-png-v3/png-v3/5200-epa-climate-impact-2021-report/5202_epa_climate-impact-2021_fig-es1-six-impacts_p005_2968x3841.sdr.png	t1	-1	32	6016	2585.5098250031006	14810.944000000134	69.987	
5200-epa-climate-impact-2021-report	imazen-26-png-v3/png-v3/5200-epa-climate-impact-2021-report/5202_epa_climate-impact-2021_fig-es1-six-impacts_p005_2968x3841.sdr.png	t1	-1	44	3003	2936.7849830014165	17714.72399999989	48.806	
5200-epa-climate-impact-2021-report	imazen-26-png-v3/png-v3/5200-epa-climate-impact-2021-report/5202_epa_climate-impact-2021_fig-es1-six-impacts_p005_2968x3841.sdr.png	t1	2	20	10154	291.1310890049208	293.42200000013463	80.609	
5200-epa-climate-impact-2021-report	imazen-26-png-v3/png-v3/5200-epa-climate-impact-2021-report/5202_epa_climate-impact-2021_fig-es1-six-impacts_p005_2968x3841.sdr.png	t1	2	32	5855	333.35660900047515	619.4970000000808	68.181	
5200-epa-climate-impact-2021-report	imazen-26-png-v3/png-v3/5200-epa-climate-impact-2021-report/5202_epa_climate-impact-2021_fig-es1-six-impacts_p005_2968x3841.sdr.png	t1	2	44	2911	380.38244600465987	1087.3980000000502	47.253	
5200-epa-climate-impact-2021-report	imazen-26-png-v3/png-v3/5200-epa-climate-impact-2021-report/5202_epa_climate-impact-2021_fig-es1-six-impacts_p005_2968x3841.sdr.png	t1	4	20	10552	214.70188099192455	432.9979999998983	80.770	
5200-epa-climate-impact-2021-report	imazen-26-png-v3/png-v3/5200-epa-climate-impact-2021-report/5202_epa_climate-impact-2021_fig-es1-six-impacts_p005_2968x3841.sdr.png	t1	4	32	6079	231.51507100556046	483.11500000025376	67.817	
5200-epa-climate-impact-2021-report	imazen-26-png-v3/png-v3/5200-epa-climate-impact-2021-report/5202_epa_climate-impact-2021_fig-es1-six-impacts_p005_2968x3841.sdr.png	t1	4	44	3061	176.58550399937667	174.41899999978716	47.580	
5200-epa-climate-impact-2021-report	imazen-26-png-v3/png-v3/5200-epa-climate-impact-2021-report/5202_epa_climate-impact-2021_fig-es1-six-impacts_p005_2968x3841.sdr.png	t1	6	20	11407	124.83506499847863	217.82300000000987	80.574	
5200-epa-climate-impact-2021-report	imazen-26-png-v3/png-v3/5200-epa-climate-impact-2021-report/5202_epa_climate-impact-2021_fig-es1-six-impacts_p005_2968x3841.sdr.png	t1	6	32	6668	253.994350990979	8202.268000000216	66.830	
5200-epa-climate-impact-2021-report	imazen-26-png-v3/png-v3/5200-epa-climate-impact-2021-report/5202_epa_climate-impact-2021_fig-es1-six-impacts_p005_2968x3841.sdr.png	t1	6	44	3264	132.12627099710517	159.30200000002515	46.698	
5200-epa-climate-impact-2021-report	imazen-26-png-v3/png-v3/5200-epa-climate-impact-2021-report/5202_epa_climate-impact-2021_fig-es1-six-impacts_p005_2968x3841.sdr.png	t1	8	20	12455	115.11748000339139	150.2739999998397	80.422	
5200-epa-climate-impact-2021-report	imazen-26-png-v3/png-v3/5200-epa-climate-impact-2021-report/5202_epa_climate-impact-2021_fig-es1-six-impacts_p005_2968x3841.sdr.png	t1	8	32	7255	156.49608300009277	100.92399999990675	67.067	
5200-epa-climate-impact-2021-report	imazen-26-png-v3/png-v3/5200-epa-climate-impact-2021-report/5202_epa_climate-impact-2021_fig-es1-six-impacts_p005_2968x3841.sdr.png	t1	8	44	3458	106.12607400980778	68.85699999972417	44.242	
5200-epa-climate-impact-2021-report	imazen-26-png-v3/png-v3/5200-epa-climate-impact-2021-report/5202_epa_climate-impact-2021_fig-es1-six-impacts_p005_2968x3841.sdr.png	t1	10	20	13931	199.57900200097356	2051.8990000001195	80.594	
5200-epa-climate-impact-2021-report	imazen-26-png-v3/png-v3/5200-epa-climate-impact-2021-report/5202_epa_climate-impact-2021_fig-es1-six-impacts_p005_2968x3841.sdr.png	t1	10	32	7749	101.90657099883538	62.81199999992282	67.875	
5200-epa-climate-impact-2021-report	imazen-26-png-v3/png-v3/5200-epa-climate-impact-2021-report/5202_epa_climate-impact-2021_fig-es1-six-impacts_p005_2968x3841.sdr.png	t1	10	44	3663	108.73474800609984	100.23499999998364	45.200	
5200-epa-climate-impact-2021-report	imazen-26-png-v3/png-v3/5200-epa-climate-impact-2021-report/5202_epa_climate-impact-2021_fig-es1-six-impacts_p005_2968x3841.sdr.png	t1	12	20	13931	218.70707799098454	2833.3180000000766	80.594	
5200-epa-climate-impact-2021-report	imazen-26-png-v3/png-v3/5200-epa-climate-impact-2021-report/5202_epa_climate-impact-2021_fig-es1-six-impacts_p005_2968x3841.sdr.png	t1	12	32	7749	270.2313879999565	2908.8219999998587	67.875	
5200-epa-climate-impact-2021-report	imazen-26-png-v3/png-v3/5200-epa-climate-impact-2021-report/5202_epa_climate-impact-2021_fig-es1-six-impacts_p005_2968x3841.sdr.png	t1	12	44	3663	256.0413999890443	3016.852000000185	45.200	
5200-epa-climate-impact-2021-report	imazen-26-png-v3/png-v3/5200-epa-climate-impact-2021-report/5202_epa_climate-impact-2021_fig-es1-six-impacts_p005_2968x3841.sdr.png	t2	-1	20	9763	1900.736739000422	27871.405000000093	80.960	
5200-epa-climate-impact-2021-report	imazen-26-png-v3/png-v3/5200-epa-climate-impact-2021-report/5202_epa_climate-impact-2021_fig-es1-six-impacts_p005_2968x3841.sdr.png	t2	-1	32	5625	2387.056861000019	30720.29399999991	68.864	
5200-epa-climate-impact-2021-report	imazen-26-png-v3/png-v3/5200-epa-climate-impact-2021-report/5202_epa_climate-impact-2021_fig-es1-six-impacts_p005_2968x3841.sdr.png	t2	-1	44	2828	2811.868814009358	26525.05200000016	47.829	
5200-epa-climate-impact-2021-report	imazen-26-png-v3/png-v3/5200-epa-climate-impact-2021-report/5202_epa_climate-impact-2021_fig-es1-six-impacts_p005_2968x3841.sdr.png	t2	2	20	9439	306.33984100131784	411.7170000001522	79.211	
5200-epa-climate-impact-2021-report	imazen-26-png-v3/png-v3/5200-epa-climate-impact-2021-report/5202_epa_climate-impact-2021_fig-es1-six-impacts_p005_2968x3841.sdr.png	t2	2	32	5297	318.655258990475	1115.430000000174	65.863	
5200-epa-climate-impact-2021-report	imazen-26-png-v3/png-v3/5200-epa-climate-impact-2021-report/5202_epa_climate-impact-2021_fig-es1-six-impacts_p005_2968x3841.sdr.png	t2	2	44	2599	416.5305249916855	1520.8719999999403	43.419	
5200-epa-climate-impact-2021-report	imazen-26-png-v3/png-v3/5200-epa-climate-impact-2021-report/5202_epa_climate-impact-2021_fig-es1-six-impacts_p005_2968x3841.sdr.png	t2	4	20	9894	181.94540400872938	512.784000000039	78.786	
5200-epa-climate-impact-2021-report	imazen-26-png-v3/png-v3/5200-epa-climate-impact-2021-report/5202_epa_climate-impact-2021_fig-es1-six-impacts_p005_2968x3841.sdr.png	t2	4	32	5580	180.99199299467728	635.3229999999996	65.732	
5200-epa-climate-impact-2021-report	imazen-26-png-v3/png-v3/5200-epa-climate-impact-2021-report/5202_epa_climate-impact-2021_fig-es1-six-impacts_p005_2968x3841.sdr.png	t2	4	44	2745	149.9160370003665	737.620999999848	43.713	
5200-epa-climate-impact-2021-report	imazen-26-png-v3/png-v3/5200-epa-climate-impact-2021-report/5202_epa_climate-impact-2021_fig-es1-six-impacts_p005_2968x3841.sdr.png	t2	6	20	10827	123.46560398873407	1056.2600000001653	79.612	
5200-epa-climate-impact-2021-report	imazen-26-png-v3/png-v3/5200-epa-climate-impact-2021-report/5202_epa_climate-impact-2021_fig-es1-six-impacts_p005_2968x3841.sdr.png	t2	6	32	6166	172.32527400483377	287.0269999999948	65.284	
5200-epa-climate-impact-2021-report	imazen-26-png-v3/png-v3/5200-epa-climate-impact-2021-report/5202_epa_climate-impact-2021_fig-es1-six-impacts_p005_2968x3841.sdr.png	t2	6	44	2988	141.23223499336746	283.6189999999874	42.714	
5200-epa-climate-impact-2021-report	imazen-26-png-v3/png-v3/5200-epa-climate-impact-2021-report/5202_epa_climate-impact-2021_fig-es1-six-impacts_p005_2968x3841.sdr.png	t2	8	20	11825	142.9695340048056	323.23500000002525	79.667	
5200-epa-climate-impact-2021-report	imazen-26-png-v3/png-v3/5200-epa-climate-impact-2021-report/5202_epa_climate-impact-2021_fig-es1-six-impacts_p005_2968x3841.sdr.png	t2	8	32	6722	121.49469100404531	434.14300000000594	65.459	
5200-epa-climate-impact-2021-report	imazen-26-png-v3/png-v3/5200-epa-climate-impact-2021-report/5202_epa_climate-impact-2021_fig-es1-six-impacts_p005_2968x3841.sdr.png	t2	8	44	3135	85.14738400117494	147.86799999998834	40.413	
5200-epa-climate-impact-2021-report	imazen-26-png-v3/png-v3/5200-epa-climate-impact-2021-report/5202_epa_climate-impact-2021_fig-es1-six-impacts_p005_2968x3841.sdr.png	t2	10	20	13330	100.85493500810117	280.7569999999657	79.860	
5200-epa-climate-impact-2021-report	imazen-26-png-v3/png-v3/5200-epa-climate-impact-2021-report/5202_epa_climate-impact-2021_fig-es1-six-impacts_p005_2968x3841.sdr.png	t2	10	32	7266	548.2269009953598	2467.801999999992	65.524	
5200-epa-climate-impact-2021-report	imazen-26-png-v3/png-v3/5200-epa-climate-impact-2021-report/5202_epa_climate-impact-2021_fig-es1-six-impacts_p005_2968x3841.sdr.png	t2	10	44	3320	451.7725240002619	168.71399999995162	42.841	
5200-epa-climate-impact-2021-report	imazen-26-png-v3/png-v3/5200-epa-climate-impact-2021-report/5202_epa_climate-impact-2021_fig-es1-six-impacts_p005_2968x3841.sdr.png	t2	12	20	13330	145.4723369970452	9508.811999999893	79.860	
5200-epa-climate-impact-2021-report	imazen-26-png-v3/png-v3/5200-epa-climate-impact-2021-report/5202_epa_climate-impact-2021_fig-es1-six-impacts_p005_2968x3841.sdr.png	t2	12	32	7266	198.36776200099848	9520.317999999876	65.524	
5200-epa-climate-impact-2021-report	imazen-26-png-v3/png-v3/5200-epa-climate-impact-2021-report/5202_epa_climate-impact-2021_fig-es1-six-impacts_p005_2968x3841.sdr.png	t2	12	44	3320	305.8066790108569	2811.480000000046	42.841	
5200-epa-climate-impact-2021-report	imazen-26-png-v3/png-v3/5200-epa-climate-impact-2021-report/5202_epa_climate-impact-2021_fig-es1-six-impacts_p005_2968x3841.sdr.png	t3	-1	20	13473	2312.508697010344	7053.758000000016	DEC-ERR	
5200-epa-climate-impact-2021-report	imazen-26-png-v3/png-v3/5200-epa-climate-impact-2021-report/5202_epa_climate-impact-2021_fig-es1-six-impacts_p005_2968x3841.sdr.png	t3	-1	32	9309	2549.9867820035433	7079.211999999785	DEC-ERR	
5200-epa-climate-impact-2021-report	imazen-26-png-v3/png-v3/5200-epa-climate-impact-2021-report/5202_epa_climate-impact-2021_fig-es1-six-impacts_p005_2968x3841.sdr.png	t3	-1	44	5361	3043.198454004596	10457.229999999583	DEC-ERR	
5200-epa-climate-impact-2021-report	imazen-26-png-v3/png-v3/5200-epa-climate-impact-2021-report/5202_epa_climate-impact-2021_fig-es1-six-impacts_p005_2968x3841.sdr.png	t3	2	20	12762	428.7353730032919	320.3049999999905	85.961	
5200-epa-climate-impact-2021-report	imazen-26-png-v3/png-v3/5200-epa-climate-impact-2021-report/5202_epa_climate-impact-2021_fig-es1-six-impacts_p005_2968x3841.sdr.png	t3	2	32	8217	456.88311899721157	1230.2179999999794	78.825	
5200-epa-climate-impact-2021-report	imazen-26-png-v3/png-v3/5200-epa-climate-impact-2021-report/5202_epa_climate-impact-2021_fig-es1-six-impacts_p005_2968x3841.sdr.png	t3	2	44	4140	467.45670899690595	1615.5950000000416	62.502	
5200-epa-climate-impact-2021-report	imazen-26-png-v3/png-v3/5200-epa-climate-impact-2021-report/5202_epa_climate-impact-2021_fig-es1-six-impacts_p005_2968x3841.sdr.png	t3	4	20	13401	181.59548900439404	246.2660000002188	86.069	
5200-epa-climate-impact-2021-report	imazen-26-png-v3/png-v3/5200-epa-climate-impact-2021-report/5202_epa_climate-impact-2021_fig-es1-six-impacts_p005_2968x3841.sdr.png	t3	4	32	8636	181.43632600549608	432.2109999999384	79.040	
5200-epa-climate-impact-2021-report	imazen-26-png-v3/png-v3/5200-epa-climate-impact-2021-report/5202_epa_climate-impact-2021_fig-es1-six-impacts_p005_2968x3841.sdr.png	t3	4	44	4486	169.70136000600178	553.8859999998493	62.892	
5200-epa-climate-impact-2021-report	imazen-26-png-v3/png-v3/5200-epa-climate-impact-2021-report/5202_epa_climate-impact-2021_fig-es1-six-impacts_p005_2968x3841.sdr.png	t3	6	20	14283	135.50182200560812	603.2019999998965	86.041	
5200-epa-climate-impact-2021-report	imazen-26-png-v3/png-v3/5200-epa-climate-impact-2021-report/5202_epa_climate-impact-2021_fig-es1-six-impacts_p005_2968x3841.sdr.png	t3	6	32	9309	145.40144200145733	580.7459999997917	79.130	
5200-epa-climate-impact-2021-report	imazen-26-png-v3/png-v3/5200-epa-climate-impact-2021-report/5202_epa_climate-impact-2021_fig-es1-six-impacts_p005_2968x3841.sdr.png	t3	6	44	4825	114.28639201039914	394.80099999984475	62.795	
5200-epa-climate-impact-2021-report	imazen-26-png-v3/png-v3/5200-epa-climate-impact-2021-report/5202_epa_climate-impact-2021_fig-es1-six-impacts_p005_2968x3841.sdr.png	t3	8	20	15612	493.09683199680876	117.48800000006554	85.768	
5200-epa-climate-impact-2021-report	imazen-26-png-v3/png-v3/5200-epa-climate-impact-2021-report/5202_epa_climate-impact-2021_fig-es1-six-impacts_p005_2968x3841.sdr.png	t3	8	32	10145	288.33567998663057	2215.874999999926	78.815	
5200-epa-climate-impact-2021-report	imazen-26-png-v3/png-v3/5200-epa-climate-impact-2021-report/5202_epa_climate-impact-2021_fig-es1-six-impacts_p005_2968x3841.sdr.png	t3	8	44	5188	191.00710199563764	2248.1339999998227	63.680	
5200-epa-climate-impact-2021-report	imazen-26-png-v3/png-v3/5200-epa-climate-impact-2021-report/5202_epa_climate-impact-2021_fig-es1-six-impacts_p005_2968x3841.sdr.png	t3	10	20	17143	172.18206099641975	95.66800000015974	85.395	
5200-epa-climate-impact-2021-report	imazen-26-png-v3/png-v3/5200-epa-climate-impact-2021-report/5202_epa_climate-impact-2021_fig-es1-six-impacts_p005_2968x3841.sdr.png	t3	10	32	11001	255.86802000179887	2639.4390000001804	78.388	
5200-epa-climate-impact-2021-report	imazen-26-png-v3/png-v3/5200-epa-climate-impact-2021-report/5202_epa_climate-impact-2021_fig-es1-six-impacts_p005_2968x3841.sdr.png	t3	10	44	5613	155.28603398706764	245.36200000009956	63.252	
5200-epa-climate-impact-2021-report	imazen-26-png-v3/png-v3/5200-epa-climate-impact-2021-report/5202_epa_climate-impact-2021_fig-es1-six-impacts_p005_2968x3841.sdr.png	t3	12	20	17143	180.98664199351333	374.2549999997067	85.395	
5200-epa-climate-impact-2021-report	imazen-26-png-v3/png-v3/5200-epa-climate-impact-2021-report/5202_epa_climate-impact-2021_fig-es1-six-impacts_p005_2968x3841.sdr.png	t3	12	32	11001	155.6876579998061	430.81499999991024	78.388	
5200-epa-climate-impact-2021-report	imazen-26-png-v3/png-v3/5200-epa-climate-impact-2021-report/5202_epa_climate-impact-2021_fig-es1-six-impacts_p005_2968x3841.sdr.png	t3	12	44	5613	119.24164299853146	233.95199999970373	63.252	
5200-epa-climate-impact-2021-report	imazen-26-png-v3/png-v3/5200-epa-climate-impact-2021-report/5202_epa_climate-impact-2021_fig-es1-six-impacts_p005_2968x3841.sdr.png	t4	-1	20	13326	2268.7052300025243	7532.627000000062	DEC-ERR	
5200-epa-climate-impact-2021-report	imazen-26-png-v3/png-v3/5200-epa-climate-impact-2021-report/5202_epa_climate-impact-2021_fig-es1-six-impacts_p005_2968x3841.sdr.png	t4	-1	32	9371	2788.643145991955	10923.894000000175	DEC-ERR	
5200-epa-climate-impact-2021-report	imazen-26-png-v3/png-v3/5200-epa-climate-impact-2021-report/5202_epa_climate-impact-2021_fig-es1-six-impacts_p005_2968x3841.sdr.png	t4	-1	44	5115	3810.9933759988053	14480.524999999901	DEC-ERR	
5200-epa-climate-impact-2021-report	imazen-26-png-v3/png-v3/5200-epa-climate-impact-2021-report/5202_epa_climate-impact-2021_fig-es1-six-impacts_p005_2968x3841.sdr.png	t4	2	20	12595	451.21278999431524	327.9560000003272	85.741	
5200-epa-climate-impact-2021-report	imazen-26-png-v3/png-v3/5200-epa-climate-impact-2021-report/5202_epa_climate-impact-2021_fig-es1-six-impacts_p005_2968x3841.sdr.png	t4	2	32	8166	517.8397319978103	699.3770000001547	78.863	
5200-epa-climate-impact-2021-report	imazen-26-png-v3/png-v3/5200-epa-climate-impact-2021-report/5202_epa_climate-impact-2021_fig-es1-six-impacts_p005_2968x3841.sdr.png	t4	2	44	4124	674.2060079996008	1708.7100000002238	62.389	
5200-epa-climate-impact-2021-report	imazen-26-png-v3/png-v3/5200-epa-climate-impact-2021-report/5202_epa_climate-impact-2021_fig-es1-six-impacts_p005_2968x3841.sdr.png	t4	4	20	13235	207.344529000693	565.728000000135	85.569	
5200-epa-climate-impact-2021-report	imazen-26-png-v3/png-v3/5200-epa-climate-impact-2021-report/5202_epa_climate-impact-2021_fig-es1-six-impacts_p005_2968x3841.sdr.png	t4	4	32	8583	285.4425050027203	754.4630000000012	78.384	
5200-epa-climate-impact-2021-report	imazen-26-png-v3/png-v3/5200-epa-climate-impact-2021-report/5202_epa_climate-impact-2021_fig-es1-six-impacts_p005_2968x3841.sdr.png	t4	4	44	4426	264.7658380010398	528.9249999998731	62.527	
5200-epa-climate-impact-2021-report	imazen-26-png-v3/png-v3/5200-epa-climate-impact-2021-report/5202_epa_climate-impact-2021_fig-es1-six-impacts_p005_2968x3841.sdr.png	t4	6	20	14018	260.9970909979893	868.3670000002195	85.705	
5200-epa-climate-impact-2021-report	imazen-26-png-v3/png-v3/5200-epa-climate-impact-2021-report/5202_epa_climate-impact-2021_fig-es1-six-impacts_p005_2968x3841.sdr.png	t4	6	32	9232	115.54699600674212	587.0660000000072	78.367	
5200-epa-climate-impact-2021-report	imazen-26-png-v3/png-v3/5200-epa-climate-impact-2021-report/5202_epa_climate-impact-2021_fig-es1-six-impacts_p005_2968x3841.sdr.png	t4	6	44	4780	187.82466900302097	260.8109999998476	61.557	
5200-epa-climate-impact-2021-report	imazen-26-png-v3/png-v3/5200-epa-climate-impact-2021-report/5202_epa_climate-impact-2021_fig-es1-six-impacts_p005_2968x3841.sdr.png	t4	8	20	15320	630.9730740031227	2250.1379999999785	85.158	
5200-epa-climate-impact-2021-report	imazen-26-png-v3/png-v3/5200-epa-climate-impact-2021-report/5202_epa_climate-impact-2021_fig-es1-six-impacts_p005_2968x3841.sdr.png	t4	8	32	10018	447.61926600767765	2244.7140000000163	78.208	
5200-epa-climate-impact-2021-report	imazen-26-png-v3/png-v3/5200-epa-climate-impact-2021-report/5202_epa_climate-impact-2021_fig-es1-six-impacts_p005_2968x3841.sdr.png	t4	8	44	5090	131.59468199592084	145.99300000000426	62.599	
5200-epa-climate-impact-2021-report	imazen-26-png-v3/png-v3/5200-epa-climate-impact-2021-report/5202_epa_climate-impact-2021_fig-es1-six-impacts_p005_2968x3841.sdr.png	t4	10	20	16801	139.4546689989511	229.42200000008484	84.846	
5200-epa-climate-impact-2021-report	imazen-26-png-v3/png-v3/5200-epa-climate-impact-2021-report/5202_epa_climate-impact-2021_fig-es1-six-impacts_p005_2968x3841.sdr.png	t4	10	32	10845	175.7972380000865	321.5900000001852	78.198	
5200-epa-climate-impact-2021-report	imazen-26-png-v3/png-v3/5200-epa-climate-impact-2021-report/5202_epa_climate-impact-2021_fig-es1-six-impacts_p005_2968x3841.sdr.png	t4	10	44	5444	247.09033999533858	526.4660000003403	61.832	
5200-epa-climate-impact-2021-report	imazen-26-png-v3/png-v3/5200-epa-climate-impact-2021-report/5202_epa_climate-impact-2021_fig-es1-six-impacts_p005_2968x3841.sdr.png	t4	12	20	16801	226.6773750016	494.2410000003008	84.846	
5200-epa-climate-impact-2021-report	imazen-26-png-v3/png-v3/5200-epa-climate-impact-2021-report/5202_epa_climate-impact-2021_fig-es1-six-impacts_p005_2968x3841.sdr.png	t4	12	32	10845	139.1696979990229	363.8550000001999	78.198	
5200-epa-climate-impact-2021-report	imazen-26-png-v3/png-v3/5200-epa-climate-impact-2021-report/5202_epa_climate-impact-2021_fig-es1-six-impacts_p005_2968x3841.sdr.png	t4	12	44	5444	117.94507000013255	163.2699999996987	61.832	
5200-epa-climate-impact-2021-report	imazen-26-png-v3/png-v3/5200-epa-climate-impact-2021-report/5202_epa_climate-impact-2021_fig-es1-six-impacts_p005_2968x3841.sdr.png	st	-1	20	12551	2143.0631620023632	10690.02200000007	DEC-ERR	
5200-epa-climate-impact-2021-report	imazen-26-png-v3/png-v3/5200-epa-climate-impact-2021-report/5202_epa_climate-impact-2021_fig-es1-six-impacts_p005_2968x3841.sdr.png	st	-1	32	8178	2538.9653309975984	10855.880000000028	DEC-ERR	
5200-epa-climate-impact-2021-report	imazen-26-png-v3/png-v3/5200-epa-climate-impact-2021-report/5202_epa_climate-impact-2021_fig-es1-six-impacts_p005_2968x3841.sdr.png	st	-1	44	4544	2696.8667330074823	13677.299000000217	DEC-ERR	
5200-epa-climate-impact-2021-report	imazen-26-png-v3/png-v3/5200-epa-climate-impact-2021-report/5202_epa_climate-impact-2021_fig-es1-six-impacts_p005_2968x3841.sdr.png	st	2	20	10911	583.4537600021577	5616.803000000033	83.746	
5200-epa-climate-impact-2021-report	imazen-26-png-v3/png-v3/5200-epa-climate-impact-2021-report/5202_epa_climate-impact-2021_fig-es1-six-impacts_p005_2968x3841.sdr.png	st	2	32	6407	506.7741769889835	1531.4579999996313	74.173	
5200-epa-climate-impact-2021-report	imazen-26-png-v3/png-v3/5200-epa-climate-impact-2021-report/5202_epa_climate-impact-2021_fig-es1-six-impacts_p005_2968x3841.sdr.png	st	2	44	3140	472.3005080013536	1146.4759999999217	54.302	
5200-epa-climate-impact-2021-report	imazen-26-png-v3/png-v3/5200-epa-climate-impact-2021-report/5202_epa_climate-impact-2021_fig-es1-six-impacts_p005_2968x3841.sdr.png	st	4	20	11483	192.1612139994977	785.9730000000411	83.489	
5200-epa-climate-impact-2021-report	imazen-26-png-v3/png-v3/5200-epa-climate-impact-2021-report/5202_epa_climate-impact-2021_fig-es1-six-impacts_p005_2968x3841.sdr.png	st	4	32	6808	186.786126010702	630.1420000000064	73.687	
5200-epa-climate-impact-2021-report	imazen-26-png-v3/png-v3/5200-epa-climate-impact-2021-report/5202_epa_climate-impact-2021_fig-es1-six-impacts_p005_2968x3841.sdr.png	st	4	44	3332	155.28060399810784	444.83900000014387	54.892	
5200-epa-climate-impact-2021-report	imazen-26-png-v3/png-v3/5200-epa-climate-impact-2021-report/5202_epa_climate-impact-2021_fig-es1-six-impacts_p005_2968x3841.sdr.png	st	6	20	12245	82.70792099938262	148.88700000007304	83.831	
5200-epa-climate-impact-2021-report	imazen-26-png-v3/png-v3/5200-epa-climate-impact-2021-report/5202_epa_climate-impact-2021_fig-es1-six-impacts_p005_2968x3841.sdr.png	st	6	32	7221	105.66121200099587	269.21699999957127	73.393	
5200-epa-climate-impact-2021-report	imazen-26-png-v3/png-v3/5200-epa-climate-impact-2021-report/5202_epa_climate-impact-2021_fig-es1-six-impacts_p005_2968x3841.sdr.png	st	6	44	3537	100.41612100030761	236.01899999984255	54.396	
5200-epa-climate-impact-2021-report	imazen-26-png-v3/png-v3/5200-epa-climate-impact-2021-report/5202_epa_climate-impact-2021_fig-es1-six-impacts_p005_2968x3841.sdr.png	st	8	20	13356	326.32988499244675	162.30300000020748	82.829	
5200-epa-climate-impact-2021-report	imazen-26-png-v3/png-v3/5200-epa-climate-impact-2021-report/5202_epa_climate-impact-2021_fig-es1-six-impacts_p005_2968x3841.sdr.png	st	8	32	7856	285.33295799570624	63.92199999983461	73.517	
5200-epa-climate-impact-2021-report	imazen-26-png-v3/png-v3/5200-epa-climate-impact-2021-report/5202_epa_climate-impact-2021_fig-es1-six-impacts_p005_2968x3841.sdr.png	st	8	44	3738	309.8472419951577	224.70099999965498	52.918	
5200-epa-climate-impact-2021-report	imazen-26-png-v3/png-v3/5200-epa-climate-impact-2021-report/5202_epa_climate-impact-2021_fig-es1-six-impacts_p005_2968x3841.sdr.png	st	10	20	14595	165.796674991725	207.29999999997517	82.943	
5200-epa-climate-impact-2021-report	imazen-26-png-v3/png-v3/5200-epa-climate-impact-2021-report/5202_epa_climate-impact-2021_fig-es1-six-impacts_p005_2968x3841.sdr.png	st	10	32	8429	227.9314159968635	238.12799999974743	73.367	
5200-epa-climate-impact-2021-report	imazen-26-png-v3/png-v3/5200-epa-climate-impact-2021-report/5202_epa_climate-impact-2021_fig-es1-six-impacts_p005_2968x3841.sdr.png	st	10	44	3930	156.21549999923445	232.92800000000113	53.246	
5200-epa-climate-impact-2021-report	imazen-26-png-v3/png-v3/5200-epa-climate-impact-2021-report/5202_epa_climate-impact-2021_fig-es1-six-impacts_p005_2968x3841.sdr.png	st	12	20	14595	200.89769600599539	2745.7849999997707	82.943	
5200-epa-climate-impact-2021-report	imazen-26-png-v3/png-v3/5200-epa-climate-impact-2021-report/5202_epa_climate-impact-2021_fig-es1-six-impacts_p005_2968x3841.sdr.png	st	12	32	8429	430.0552299973788	2611.700999999684	73.367	
5200-epa-climate-impact-2021-report	imazen-26-png-v3/png-v3/5200-epa-climate-impact-2021-report/5202_epa_climate-impact-2021_fig-es1-six-impacts_p005_2968x3841.sdr.png	st	12	44	3930	393.3257470052922	2833.709999999741	53.246	
5200-epa-climate-impact-2021-report	imazen-26-png-v3/png-v3/5200-epa-climate-impact-2021-report/5204_epa_climate-impact-2021_key-findings-income-education-age_p007_2968x3841.sdr.png	t1	-1	20	4898	3838.4248320071492	9605.34300000016	82.007	
5200-epa-climate-impact-2021-report	imazen-26-png-v3/png-v3/5200-epa-climate-impact-2021-report/5204_epa_climate-impact-2021_key-findings-income-education-age_p007_2968x3841.sdr.png	t1	-1	32	2941	4953.329602009035	16111.178999999978	70.990	
5200-epa-climate-impact-2021-report	imazen-26-png-v3/png-v3/5200-epa-climate-impact-2021-report/5204_epa_climate-impact-2021_key-findings-income-education-age_p007_2968x3841.sdr.png	t1	-1	44	1722	5419.995680000284	19241.350000000253	53.428	
5200-epa-climate-impact-2021-report	imazen-26-png-v3/png-v3/5200-epa-climate-impact-2021-report/5204_epa_climate-impact-2021_key-findings-income-education-age_p007_2968x3841.sdr.png	t1	2	20	4812	448.01673099573236	417.93999999974574	80.896	
5200-epa-climate-impact-2021-report	imazen-26-png-v3/png-v3/5200-epa-climate-impact-2021-report/5204_epa_climate-impact-2021_key-findings-income-education-age_p007_2968x3841.sdr.png	t1	2	32	3181	429.30714901012834	712.9240000003421	69.166	
5200-epa-climate-impact-2021-report	imazen-26-png-v3/png-v3/5200-epa-climate-impact-2021-report/5204_epa_climate-impact-2021_key-findings-income-education-age_p007_2968x3841.sdr.png	t1	2	44	1873	364.2136700073024	1208.0350000003223	53.296	
5200-epa-climate-impact-2021-report	imazen-26-png-v3/png-v3/5200-epa-climate-impact-2021-report/5204_epa_climate-impact-2021_key-findings-income-education-age_p007_2968x3841.sdr.png	t1	4	20	4838	327.1123910089955	771.4040000000892	80.936	
5200-epa-climate-impact-2021-report	imazen-26-png-v3/png-v3/5200-epa-climate-impact-2021-report/5204_epa_climate-impact-2021_key-findings-income-education-age_p007_2968x3841.sdr.png	t1	4	32	3094	502.1901519940002	1451.5819999997034	68.073	
5200-epa-climate-impact-2021-report	imazen-26-png-v3/png-v3/5200-epa-climate-impact-2021-report/5204_epa_climate-impact-2021_key-findings-income-education-age_p007_2968x3841.sdr.png	t1	4	44	1922	225.43599699565675	1570.7189999998832	51.221	
5200-epa-climate-impact-2021-report	imazen-26-png-v3/png-v3/5200-epa-climate-impact-2021-report/5204_epa_climate-impact-2021_key-findings-income-education-age_p007_2968x3841.sdr.png	t1	6	20	5618	184.30861199158244	516.6660000003276	80.821	
5200-epa-climate-impact-2021-report	imazen-26-png-v3/png-v3/5200-epa-climate-impact-2021-report/5204_epa_climate-impact-2021_key-findings-income-education-age_p007_2968x3841.sdr.png	t1	6	32	3718	132.71462899865583	276.2729999998328	69.294	
5200-epa-climate-impact-2021-report	imazen-26-png-v3/png-v3/5200-epa-climate-impact-2021-report/5204_epa_climate-impact-2021_key-findings-income-education-age_p007_2968x3841.sdr.png	t1	6	44	2712	285.3569730068557	580.8080000000331	52.326	
5200-epa-climate-impact-2021-report	imazen-26-png-v3/png-v3/5200-epa-climate-impact-2021-report/5204_epa_climate-impact-2021_key-findings-income-education-age_p007_2968x3841.sdr.png	t1	8	20	9061	207.08617799391504	103.75800000005597	80.297	
5200-epa-climate-impact-2021-report	imazen-26-png-v3/png-v3/5200-epa-climate-impact-2021-report/5204_epa_climate-impact-2021_key-findings-income-education-age_p007_2968x3841.sdr.png	t1	8	32	5700	136.1201559921028	237.11799999986738	68.070	
5200-epa-climate-impact-2021-report	imazen-26-png-v3/png-v3/5200-epa-climate-impact-2021-report/5204_epa_climate-impact-2021_key-findings-income-education-age_p007_2968x3841.sdr.png	t1	8	44	3131	145.41553999879397	274.822999999941	49.359	
5200-epa-climate-impact-2021-report	imazen-26-png-v3/png-v3/5200-epa-climate-impact-2021-report/5204_epa_climate-impact-2021_key-findings-income-education-age_p007_2968x3841.sdr.png	t1	10	20	11045	145.4611249937443	274.822999999941	79.931	
5200-epa-climate-impact-2021-report	imazen-26-png-v3/png-v3/5200-epa-climate-impact-2021-report/5204_epa_climate-impact-2021_key-findings-income-education-age_p007_2968x3841.sdr.png	t1	10	32	6619	184.05726400669664	285.9210000000303	68.323	
5200-epa-climate-impact-2021-report	imazen-26-png-v3/png-v3/5200-epa-climate-impact-2021-report/5204_epa_climate-impact-2021_key-findings-income-education-age_p007_2968x3841.sdr.png	t1	10	44	3597	202.5834170053713	376.5129999996475	50.952	
5200-epa-climate-impact-2021-report	imazen-26-png-v3/png-v3/5200-epa-climate-impact-2021-report/5204_epa_climate-impact-2021_key-findings-income-education-age_p007_2968x3841.sdr.png	t1	12	20	11045	163.80487199057825	145.33799999969688	79.931	
5200-epa-climate-impact-2021-report	imazen-26-png-v3/png-v3/5200-epa-climate-impact-2021-report/5204_epa_climate-impact-2021_key-findings-income-education-age_p007_2968x3841.sdr.png	t1	12	32	6619	270.18419800151605	77.46499999983314	68.323	
5200-epa-climate-impact-2021-report	imazen-26-png-v3/png-v3/5200-epa-climate-impact-2021-report/5204_epa_climate-impact-2021_key-findings-income-education-age_p007_2968x3841.sdr.png	t1	12	44	3597	324.14813099603634	140.57000000026676	50.952	
5200-epa-climate-impact-2021-report	imazen-26-png-v3/png-v3/5200-epa-climate-impact-2021-report/5204_epa_climate-impact-2021_key-findings-income-education-age_p007_2968x3841.sdr.png	t2	-1	20	4694	3750.6558090099134	20579.201000000096	81.610	
5200-epa-climate-impact-2021-report	imazen-26-png-v3/png-v3/5200-epa-climate-impact-2021-report/5204_epa_climate-impact-2021_key-findings-income-education-age_p007_2968x3841.sdr.png	t2	-1	32	2821	4903.204710004502	27465.58899999988	70.789	
5200-epa-climate-impact-2021-report	imazen-26-png-v3/png-v3/5200-epa-climate-impact-2021-report/5204_epa_climate-impact-2021_key-findings-income-education-age_p007_2968x3841.sdr.png	t2	-1	44	1558	5345.238277994213	33053.599000000075	53.400	
5200-epa-climate-impact-2021-report	imazen-26-png-v3/png-v3/5200-epa-climate-impact-2021-report/5204_epa_climate-impact-2021_key-findings-income-education-age_p007_2968x3841.sdr.png	t2	2	20	4720	305.2581270021619	4354.840999999723	81.157	
5200-epa-climate-impact-2021-report	imazen-26-png-v3/png-v3/5200-epa-climate-impact-2021-report/5204_epa_climate-impact-2021_key-findings-income-education-age_p007_2968x3841.sdr.png	t2	2	32	3004	347.9070120083634	4597.162999999839	69.362	
5200-epa-climate-impact-2021-report	imazen-26-png-v3/png-v3/5200-epa-climate-impact-2021-report/5204_epa_climate-impact-2021_key-findings-income-education-age_p007_2968x3841.sdr.png	t2	2	44	1617	388.9751550013898	4944.77500000032	52.547	
5200-epa-climate-impact-2021-report	imazen-26-png-v3/png-v3/5200-epa-climate-impact-2021-report/5204_epa_climate-impact-2021_key-findings-income-education-age_p007_2968x3841.sdr.png	t2	4	20	4700	238.01733000436798	4010.504000000239	80.579	
5200-epa-climate-impact-2021-report	imazen-26-png-v3/png-v3/5200-epa-climate-impact-2021-report/5204_epa_climate-impact-2021_key-findings-income-education-age_p007_2968x3841.sdr.png	t2	4	32	2913	222.97854999487754	1245.7980000002208	68.345	
5200-epa-climate-impact-2021-report	imazen-26-png-v3/png-v3/5200-epa-climate-impact-2021-report/5204_epa_climate-impact-2021_key-findings-income-education-age_p007_2968x3841.sdr.png	t2	4	44	1792	238.45446000632364	1397.4790000005014	51.221	
5200-epa-climate-impact-2021-report	imazen-26-png-v3/png-v3/5200-epa-climate-impact-2021-report/5204_epa_climate-impact-2021_key-findings-income-education-age_p007_2968x3841.sdr.png	t2	6	20	5515	389.7159509942867	124.43400000034899	80.835	
5200-epa-climate-impact-2021-report	imazen-26-png-v3/png-v3/5200-epa-climate-impact-2021-report/5204_epa_climate-impact-2021_key-findings-income-education-age_p007_2968x3841.sdr.png	t2	6	32	3613	115.63983200176153	5024.21299999962	69.981	
5200-epa-climate-impact-2021-report	imazen-26-png-v3/png-v3/5200-epa-climate-impact-2021-report/5204_epa_climate-impact-2021_key-findings-income-education-age_p007_2968x3841.sdr.png	t2	6	44	2490	179.42007700912654	5111.385999999968	51.522	
5200-epa-climate-impact-2021-report	imazen-26-png-v3/png-v3/5200-epa-climate-impact-2021-report/5204_epa_climate-impact-2021_key-findings-income-education-age_p007_2968x3841.sdr.png	t2	8	20	8867	89.00026099581737	340.9339999998764	79.998	
5200-epa-climate-impact-2021-report	imazen-26-png-v3/png-v3/5200-epa-climate-impact-2021-report/5204_epa_climate-impact-2021_key-findings-income-education-age_p007_2968x3841.sdr.png	t2	8	32	5388	154.84273299807683	275.6000000002672	67.742	
5200-epa-climate-impact-2021-report	imazen-26-png-v3/png-v3/5200-epa-climate-impact-2021-report/5204_epa_climate-impact-2021_key-findings-income-education-age_p007_2968x3841.sdr.png	t2	8	44	2878	112.83463399740867	256.8710000002028	48.992	
5200-epa-climate-impact-2021-report	imazen-26-png-v3/png-v3/5200-epa-climate-impact-2021-report/5204_epa_climate-impact-2021_key-findings-income-education-age_p007_2968x3841.sdr.png	t2	10	20	10716	463.9095830061706	212.4130000000264	79.929	
5200-epa-climate-impact-2021-report	imazen-26-png-v3/png-v3/5200-epa-climate-impact-2021-report/5204_epa_climate-impact-2021_key-findings-income-education-age_p007_2968x3841.sdr.png	t2	10	32	6241	108.29053500492591	137.9709999996095	68.063	
5200-epa-climate-impact-2021-report	imazen-26-png-v3/png-v3/5200-epa-climate-impact-2021-report/5204_epa_climate-impact-2021_key-findings-income-education-age_p007_2968x3841.sdr.png	t2	10	44	3299	637.7468680002494	249.0699999998327	50.391	
5200-epa-climate-impact-2021-report	imazen-26-png-v3/png-v3/5200-epa-climate-impact-2021-report/5204_epa_climate-impact-2021_key-findings-income-education-age_p007_2968x3841.sdr.png	t2	12	20	10716	462.1432080020895	178.99800000030552	79.929	
5200-epa-climate-impact-2021-report	imazen-26-png-v3/png-v3/5200-epa-climate-impact-2021-report/5204_epa_climate-impact-2021_key-findings-income-education-age_p007_2968x3841.sdr.png	t2	12	32	6241	324.2404270131374	174.4519999995191	68.063	
5200-epa-climate-impact-2021-report	imazen-26-png-v3/png-v3/5200-epa-climate-impact-2021-report/5204_epa_climate-impact-2021_key-findings-income-education-age_p007_2968x3841.sdr.png	t2	12	44	3299	119.70832900260575	166.8839999996976	50.391	
5200-epa-climate-impact-2021-report	imazen-26-png-v3/png-v3/5200-epa-climate-impact-2021-report/5204_epa_climate-impact-2021_key-findings-income-education-age_p007_2968x3841.sdr.png	t3	-1	20	6719	4185.420171997976	22087.016000000105	DEC-ERR	
5200-epa-climate-impact-2021-report	imazen-26-png-v3/png-v3/5200-epa-climate-impact-2021-report/5204_epa_climate-impact-2021_key-findings-income-education-age_p007_2968x3841.sdr.png	t3	-1	32	4502	5185.441888999776	28344.77499999963	DEC-ERR	
5200-epa-climate-impact-2021-report	imazen-26-png-v3/png-v3/5200-epa-climate-impact-2021-report/5204_epa_climate-impact-2021_key-findings-income-education-age_p007_2968x3841.sdr.png	t3	-1	44	2625	5871.347755004535	34675.855999999585	DEC-ERR	
5200-epa-climate-impact-2021-report	imazen-26-png-v3/png-v3/5200-epa-climate-impact-2021-report/5204_epa_climate-impact-2021_key-findings-income-education-age_p007_2968x3841.sdr.png	t3	2	20	6515	521.5417529980186	441.1390000003621	86.658	
5200-epa-climate-impact-2021-report	imazen-26-png-v3/png-v3/5200-epa-climate-impact-2021-report/5204_epa_climate-impact-2021_key-findings-income-education-age_p007_2968x3841.sdr.png	t3	2	32	4520	404.8510850116145	751.2810000000343	80.796	
5200-epa-climate-impact-2021-report	imazen-26-png-v3/png-v3/5200-epa-climate-impact-2021-report/5204_epa_climate-impact-2021_key-findings-income-education-age_p007_2968x3841.sdr.png	t3	2	44	2429	452.1175480040256	1190.9620000000984	67.638	
5200-epa-climate-impact-2021-report	imazen-26-png-v3/png-v3/5200-epa-climate-impact-2021-report/5204_epa_climate-impact-2021_key-findings-income-education-age_p007_2968x3841.sdr.png	t3	4	20	6740	324.4063719903352	1406.2470000000503	86.261	
5200-epa-climate-impact-2021-report	imazen-26-png-v3/png-v3/5200-epa-climate-impact-2021-report/5204_epa_climate-impact-2021_key-findings-income-education-age_p007_2968x3841.sdr.png	t3	4	32	4520	224.40126098808832	565.3350000000472	81.048	
5200-epa-climate-impact-2021-report	imazen-26-png-v3/png-v3/5200-epa-climate-impact-2021-report/5204_epa_climate-impact-2021_key-findings-income-education-age_p007_2968x3841.sdr.png	t3	4	44	2687	198.64567898912355	326.72500000012406	67.764	
5200-epa-climate-impact-2021-report	imazen-26-png-v3/png-v3/5200-epa-climate-impact-2021-report/5204_epa_climate-impact-2021_key-findings-income-education-age_p007_2968x3841.sdr.png	t3	6	20	7504	214.9049069994362	413.9179999999669	86.505	
5200-epa-climate-impact-2021-report	imazen-26-png-v3/png-v3/5200-epa-climate-impact-2021-report/5204_epa_climate-impact-2021_key-findings-income-education-age_p007_2968x3841.sdr.png	t3	6	32	5281	320.18947300093714	85.93699999994442	81.646	
5200-epa-climate-impact-2021-report	imazen-26-png-v3/png-v3/5200-epa-climate-impact-2021-report/5204_epa_climate-impact-2021_key-findings-income-education-age_p007_2968x3841.sdr.png	t3	6	44	3290	154.59363999252673	123.73100000019122	69.608	
5200-epa-climate-impact-2021-report	imazen-26-png-v3/png-v3/5200-epa-climate-impact-2021-report/5204_epa_climate-impact-2021_key-findings-income-education-age_p007_2968x3841.sdr.png	t3	8	20	9066	112.66343000170309	191.38900000005776	86.765	
5200-epa-climate-impact-2021-report	imazen-26-png-v3/png-v3/5200-epa-climate-impact-2021-report/5204_epa_climate-impact-2021_key-findings-income-education-age_p007_2968x3841.sdr.png	t3	8	32	6330	308.0675630044425	121.47199999958502	81.325	
5200-epa-climate-impact-2021-report	imazen-26-png-v3/png-v3/5200-epa-climate-impact-2021-report/5204_epa_climate-impact-2021_key-findings-income-education-age_p007_2968x3841.sdr.png	t3	8	44	3570	254.95597800181713	5483.473999999845	69.424	
5200-epa-climate-impact-2021-report	imazen-26-png-v3/png-v3/5200-epa-climate-impact-2021-report/5204_epa_climate-impact-2021_key-findings-income-education-age_p007_2968x3841.sdr.png	t3	10	20	9578	296.5704890084453	300.61200000019994	86.613	
5200-epa-climate-impact-2021-report	imazen-26-png-v3/png-v3/5200-epa-climate-impact-2021-report/5204_epa_climate-impact-2021_key-findings-income-education-age_p007_2968x3841.sdr.png	t3	10	32	6719	204.17177400668152	114.60199999993392	80.762	
5200-epa-climate-impact-2021-report	imazen-26-png-v3/png-v3/5200-epa-climate-impact-2021-report/5204_epa_climate-impact-2021_key-findings-income-education-age_p007_2968x3841.sdr.png	t3	10	44	4199	479.02133100433275	226.85800000004974	69.385	
5200-epa-climate-impact-2021-report	imazen-26-png-v3/png-v3/5200-epa-climate-impact-2021-report/5204_epa_climate-impact-2021_key-findings-income-education-age_p007_2968x3841.sdr.png	t3	12	20	9578	304.7336110030301	171.6550000000865	86.613	
5200-epa-climate-impact-2021-report	imazen-26-png-v3/png-v3/5200-epa-climate-impact-2021-report/5204_epa_climate-impact-2021_key-findings-income-education-age_p007_2968x3841.sdr.png	t3	12	32	6719	136.7198749940144	251.79599999982827	80.762	
5200-epa-climate-impact-2021-report	imazen-26-png-v3/png-v3/5200-epa-climate-impact-2021-report/5204_epa_climate-impact-2021_key-findings-income-education-age_p007_2968x3841.sdr.png	t3	12	44	4199	126.16239600174595	148.09399999994355	69.385	
5200-epa-climate-impact-2021-report	imazen-26-png-v3/png-v3/5200-epa-climate-impact-2021-report/5204_epa_climate-impact-2021_key-findings-income-education-age_p007_2968x3841.sdr.png	t4	-1	20	6695	4296.489696993376	24186.463000000273	DEC-ERR	
5200-epa-climate-impact-2021-report	imazen-26-png-v3/png-v3/5200-epa-climate-impact-2021-report/5204_epa_climate-impact-2021_key-findings-income-education-age_p007_2968x3841.sdr.png	t4	-1	32	4284	5659.206519005238	30391.075000000455	DEC-ERR	
5200-epa-climate-impact-2021-report	imazen-26-png-v3/png-v3/5200-epa-climate-impact-2021-report/5204_epa_climate-impact-2021_key-findings-income-education-age_p007_2968x3841.sdr.png	t4	-1	44	2524	6335.409089006134	37144.9829999999	DEC-ERR	
5200-epa-climate-impact-2021-report	imazen-26-png-v3/png-v3/5200-epa-climate-impact-2021-report/5204_epa_climate-impact-2021_key-findings-income-education-age_p007_2968x3841.sdr.png	t4	2	20	6330	469.0911539946683	4914.273000000137	86.291	
5200-epa-climate-impact-2021-report	imazen-26-png-v3/png-v3/5200-epa-climate-impact-2021-report/5204_epa_climate-impact-2021_key-findings-income-education-age_p007_2968x3841.sdr.png	t4	2	32	4283	461.8858900066698	742.2069999999223	78.976	
5200-epa-climate-impact-2021-report	imazen-26-png-v3/png-v3/5200-epa-climate-impact-2021-report/5204_epa_climate-impact-2021_key-findings-income-education-age_p007_2968x3841.sdr.png	t4	2	44	2403	484.2275389964925	804.3680000000109	65.709	
5200-epa-climate-impact-2021-report	imazen-26-png-v3/png-v3/5200-epa-climate-impact-2021-report/5204_epa_climate-impact-2021_key-findings-income-education-age_p007_2968x3841.sdr.png	t4	4	20	6470	254.2246490047546	204.81499999999642	86.141	
5200-epa-climate-impact-2021-report	imazen-26-png-v3/png-v3/5200-epa-climate-impact-2021-report/5204_epa_climate-impact-2021_key-findings-income-education-age_p007_2968x3841.sdr.png	t4	4	32	4358	246.19178399734665	935.5939999998952	79.097	
5200-epa-climate-impact-2021-report	imazen-26-png-v3/png-v3/5200-epa-climate-impact-2021-report/5204_epa_climate-impact-2021_key-findings-income-education-age_p007_2968x3841.sdr.png	t4	4	44	2521	211.27152700501028	987.6309999998796	65.882	
5200-epa-climate-impact-2021-report	imazen-26-png-v3/png-v3/5200-epa-climate-impact-2021-report/5204_epa_climate-impact-2021_key-findings-income-education-age_p007_2968x3841.sdr.png	t4	6	20	7363	126.36336700234096	917.1839999999065	86.668	
5200-epa-climate-impact-2021-report	imazen-26-png-v3/png-v3/5200-epa-climate-impact-2021-report/5204_epa_climate-impact-2021_key-findings-income-education-age_p007_2968x3841.sdr.png	t4	6	32	5133	109.60918899218086	976.0180000000105	80.280	
5200-epa-climate-impact-2021-report	imazen-26-png-v3/png-v3/5200-epa-climate-impact-2021-report/5204_epa_climate-impact-2021_key-findings-income-education-age_p007_2968x3841.sdr.png	t4	6	44	3276	114.89130099653266	606.4929999998014	67.875	
5200-epa-climate-impact-2021-report	imazen-26-png-v3/png-v3/5200-epa-climate-impact-2021-report/5204_epa_climate-impact-2021_key-findings-income-education-age_p007_2968x3841.sdr.png	t4	8	20	10646	203.7545719940681	103.60799999997994	85.545	
5200-epa-climate-impact-2021-report	imazen-26-png-v3/png-v3/5200-epa-climate-impact-2021-report/5204_epa_climate-impact-2021_key-findings-income-education-age_p007_2968x3841.sdr.png	t4	8	32	7169	228.17077099171001	181.83800000038275	77.916	
5200-epa-climate-impact-2021-report	imazen-26-png-v3/png-v3/5200-epa-climate-impact-2021-report/5204_epa_climate-impact-2021_key-findings-income-education-age_p007_2968x3841.sdr.png	t4	8	44	3868	333.3012740040431	313.6679999997085	64.161	
5200-epa-climate-impact-2021-report	imazen-26-png-v3/png-v3/5200-epa-climate-impact-2021-report/5204_epa_climate-impact-2021_key-findings-income-education-age_p007_2968x3841.sdr.png	t4	10	20	12004	116.44207499921322	167.9490000002346	85.090	
5200-epa-climate-impact-2021-report	imazen-26-png-v3/png-v3/5200-epa-climate-impact-2021-report/5204_epa_climate-impact-2021_key-findings-income-education-age_p007_2968x3841.sdr.png	t4	10	32	7777	99.9948509997921	276.79899999994007	76.990	
5200-epa-climate-impact-2021-report	imazen-26-png-v3/png-v3/5200-epa-climate-impact-2021-report/5204_epa_climate-impact-2021_key-findings-income-education-age_p007_2968x3841.sdr.png	t4	10	44	4545	179.40745399391744	5911.588000000208	63.495	
5200-epa-climate-impact-2021-report	imazen-26-png-v3/png-v3/5200-epa-climate-impact-2021-report/5204_epa_climate-impact-2021_key-findings-income-education-age_p007_2968x3841.sdr.png	t4	12	20	12004	173.9892440091353	5942.907999999875	85.090	
5200-epa-climate-impact-2021-report	imazen-26-png-v3/png-v3/5200-epa-climate-impact-2021-report/5204_epa_climate-impact-2021_key-findings-income-education-age_p007_2968x3841.sdr.png	t4	12	32	7777	103.15052400983404	114.33299999985991	76.990	
5200-epa-climate-impact-2021-report	imazen-26-png-v3/png-v3/5200-epa-climate-impact-2021-report/5204_epa_climate-impact-2021_key-findings-income-education-age_p007_2968x3841.sdr.png	t4	12	44	4545	359.0033569926163	133.14800000036087	63.495	
5200-epa-climate-impact-2021-report	imazen-26-png-v3/png-v3/5200-epa-climate-impact-2021-report/5204_epa_climate-impact-2021_key-findings-income-education-age_p007_2968x3841.sdr.png	st	-1	20	6391	4219.128008000553	23308.677999999687	DEC-ERR	
5200-epa-climate-impact-2021-report	imazen-26-png-v3/png-v3/5200-epa-climate-impact-2021-report/5204_epa_climate-impact-2021_key-findings-income-education-age_p007_2968x3841.sdr.png	st	-1	32	4262	4859.258853000938	30323.22800000034	DEC-ERR	
5200-epa-climate-impact-2021-report	imazen-26-png-v3/png-v3/5200-epa-climate-impact-2021-report/5204_epa_climate-impact-2021_key-findings-income-education-age_p007_2968x3841.sdr.png	st	-1	44	2358	5739.947232999839	36332.34999999983	DEC-ERR	
5200-epa-climate-impact-2021-report	imazen-26-png-v3/png-v3/5200-epa-climate-impact-2021-report/5204_epa_climate-impact-2021_key-findings-income-education-age_p007_2968x3841.sdr.png	st	2	20	5921	392.3055290069897	1290.859000000097	84.844	
5200-epa-climate-impact-2021-report	imazen-26-png-v3/png-v3/5200-epa-climate-impact-2021-report/5204_epa_climate-impact-2021_key-findings-income-education-age_p007_2968x3841.sdr.png	st	2	32	3892	468.36304099997506	1556.432999999984	76.936	
5200-epa-climate-impact-2021-report	imazen-26-png-v3/png-v3/5200-epa-climate-impact-2021-report/5204_epa_climate-impact-2021_key-findings-income-education-age_p007_2968x3841.sdr.png	st	2	44	2095	371.22439399536233	1224.7840000002411	60.569	
5200-epa-climate-impact-2021-report	imazen-26-png-v3/png-v3/5200-epa-climate-impact-2021-report/5204_epa_climate-impact-2021_key-findings-income-education-age_p007_2968x3841.sdr.png	st	4	20	6031	182.50735999026801	220.89800000021853	84.421	
5200-epa-climate-impact-2021-report	imazen-26-png-v3/png-v3/5200-epa-climate-impact-2021-report/5204_epa_climate-impact-2021_key-findings-income-education-age_p007_2968x3841.sdr.png	st	4	32	3880	165.7616590091493	350.7069999997583	76.111	
5200-epa-climate-impact-2021-report	imazen-26-png-v3/png-v3/5200-epa-climate-impact-2021-report/5204_epa_climate-impact-2021_key-findings-income-education-age_p007_2968x3841.sdr.png	st	4	44	2258	175.15350499888882	480.99500000013506	59.586	
5200-epa-climate-impact-2021-report	imazen-26-png-v3/png-v3/5200-epa-climate-impact-2021-report/5204_epa_climate-impact-2021_key-findings-income-education-age_p007_2968x3841.sdr.png	st	6	20	6762	219.79533399280626	152.56700000033163	85.443	
5200-epa-climate-impact-2021-report	imazen-26-png-v3/png-v3/5200-epa-climate-impact-2021-report/5204_epa_climate-impact-2021_key-findings-income-education-age_p007_2968x3841.sdr.png	st	6	32	4596	251.220424004714	159.50999999948579	77.456	
5200-epa-climate-impact-2021-report	imazen-26-png-v3/png-v3/5200-epa-climate-impact-2021-report/5204_epa_climate-impact-2021_key-findings-income-education-age_p007_2968x3841.sdr.png	st	6	44	2796	155.95295099774376	313.66799999976536	62.929	
5200-epa-climate-impact-2021-report	imazen-26-png-v3/png-v3/5200-epa-climate-impact-2021-report/5204_epa_climate-impact-2021_key-findings-income-education-age_p007_2968x3841.sdr.png	st	8	20	8252	150.98451499943621	313.66799999976536	84.929	
5200-epa-climate-impact-2021-report	imazen-26-png-v3/png-v3/5200-epa-climate-impact-2021-report/5204_epa_climate-impact-2021_key-findings-income-education-age_p007_2968x3841.sdr.png	st	8	32	5429	108.80392999388278	302.097000000515	77.042	
5200-epa-climate-impact-2021-report	imazen-26-png-v3/png-v3/5200-epa-climate-impact-2021-report/5204_epa_climate-impact-2021_key-findings-income-education-age_p007_2968x3841.sdr.png	st	8	44	3002	89.86030500091147	348.0549999999454	60.508	
5200-epa-climate-impact-2021-report	imazen-26-png-v3/png-v3/5200-epa-climate-impact-2021-report/5204_epa_climate-impact-2021_key-findings-income-education-age_p007_2968x3841.sdr.png	st	10	20	8578	374.4195619947277	237.36800000006042	84.862	
5200-epa-climate-impact-2021-report	imazen-26-png-v3/png-v3/5200-epa-climate-impact-2021-report/5204_epa_climate-impact-2021_key-findings-income-education-age_p007_2968x3841.sdr.png	st	10	32	5761	154.8805850034114	5780.489000000003	76.871	
5200-epa-climate-impact-2021-report	imazen-26-png-v3/png-v3/5200-epa-climate-impact-2021-report/5204_epa_climate-impact-2021_key-findings-income-education-age_p007_2968x3841.sdr.png	st	10	44	3436	165.43008899316192	5852.251999999922	62.124	
5200-epa-climate-impact-2021-report	imazen-26-png-v3/png-v3/5200-epa-climate-impact-2021-report/5204_epa_climate-impact-2021_key-findings-income-education-age_p007_2968x3841.sdr.png	st	12	20	8578	139.5594780042302	282.46899999996344	84.862	
5200-epa-climate-impact-2021-report	imazen-26-png-v3/png-v3/5200-epa-climate-impact-2021-report/5204_epa_climate-impact-2021_key-findings-income-education-age_p007_2968x3841.sdr.png	st	12	32	5761	116.58263301069383	304.856999999771	76.871	
5200-epa-climate-impact-2021-report	imazen-26-png-v3/png-v3/5200-epa-climate-impact-2021-report/5204_epa_climate-impact-2021_key-findings-income-education-age_p007_2968x3841.sdr.png	st	12	44	3436	120.53365600877441	226.8949999999279	62.124	
5300-noaa-hurricane-documents	imazen-26-png-v3/png-v3/5300-noaa-hurricane-documents/5300_noaa_nhc-verification-report-2024_page1_p01_2550x3300.sdr.png	t1	-1	20	13374	7637.989023001865	35926.89299999998	87.032	
5300-noaa-hurricane-documents	imazen-26-png-v3/png-v3/5300-noaa-hurricane-documents/5300_noaa_nhc-verification-report-2024_page1_p01_2550x3300.sdr.png	t1	-1	32	9533	9461.718146005296	47217.00199999992	78.625	
5300-noaa-hurricane-documents	imazen-26-png-v3/png-v3/5300-noaa-hurricane-documents/5300_noaa_nhc-verification-report-2024_page1_p01_2550x3300.sdr.png	t1	-1	44	6046	13211.419111990836	74284.06799999981	57.892	
5300-noaa-hurricane-documents	imazen-26-png-v3/png-v3/5300-noaa-hurricane-documents/5300_noaa_nhc-verification-report-2024_page1_p01_2550x3300.sdr.png	t1	2	20	13643	433.948894002242	1148.6769999999353	86.059	
5300-noaa-hurricane-documents	imazen-26-png-v3/png-v3/5300-noaa-hurricane-documents/5300_noaa_nhc-verification-report-2024_page1_p01_2550x3300.sdr.png	t1	2	32	9833	576.0706180008128	1619.415000000373	75.197	
5300-noaa-hurricane-documents	imazen-26-png-v3/png-v3/5300-noaa-hurricane-documents/5300_noaa_nhc-verification-report-2024_page1_p01_2550x3300.sdr.png	t1	2	44	6160	601.1985789955361	2194.597000000229	54.343	
5300-noaa-hurricane-documents	imazen-26-png-v3/png-v3/5300-noaa-hurricane-documents/5300_noaa_nhc-verification-report-2024_page1_p01_2550x3300.sdr.png	t1	4	20	14903	208.6538260045927	363.0600000003881	85.988	
5300-noaa-hurricane-documents	imazen-26-png-v3/png-v3/5300-noaa-hurricane-documents/5300_noaa_nhc-verification-report-2024_page1_p01_2550x3300.sdr.png	t1	4	32	10594	227.2304750076728	661.2820000000852	75.411	
5300-noaa-hurricane-documents	imazen-26-png-v3/png-v3/5300-noaa-hurricane-documents/5300_noaa_nhc-verification-report-2024_page1_p01_2550x3300.sdr.png	t1	4	44	6889	216.89807198708877	661.2820000000852	54.057	
5300-noaa-hurricane-documents	imazen-26-png-v3/png-v3/5300-noaa-hurricane-documents/5300_noaa_nhc-verification-report-2024_page1_p01_2550x3300.sdr.png	t1	6	20	19442	69.09682200057432	68.86499999951923	85.856	
5300-noaa-hurricane-documents	imazen-26-png-v3/png-v3/5300-noaa-hurricane-documents/5300_noaa_nhc-verification-report-2024_page1_p01_2550x3300.sdr.png	t1	6	32	14377	258.7550929893041	647.9540000000981	72.775	
5300-noaa-hurricane-documents	imazen-26-png-v3/png-v3/5300-noaa-hurricane-documents/5300_noaa_nhc-verification-report-2024_page1_p01_2550x3300.sdr.png	t1	6	44	9405	455.48104599583894	4942.280000000068	53.094	
5300-noaa-hurricane-documents	imazen-26-png-v3/png-v3/5300-noaa-hurricane-documents/5300_noaa_nhc-verification-report-2024_page1_p01_2550x3300.sdr.png	t1	8	20	27209	67.72834301227704	208.0460000001665	80.084	
5300-noaa-hurricane-documents	imazen-26-png-v3/png-v3/5300-noaa-hurricane-documents/5300_noaa_nhc-verification-report-2024_page1_p01_2550x3300.sdr.png	t1	8	32	18590	252.53079200047068	245.84400000020423	65.298	
5300-noaa-hurricane-documents	imazen-26-png-v3/png-v3/5300-noaa-hurricane-documents/5300_noaa_nhc-verification-report-2024_page1_p01_2550x3300.sdr.png	t1	8	44	10746	184.47629000002053	187.4450000000536	49.907	
5300-noaa-hurricane-documents	imazen-26-png-v3/png-v3/5300-noaa-hurricane-documents/5300_noaa_nhc-verification-report-2024_page1_p01_2550x3300.sdr.png	t1	10	20	33568	173.99198899511248	126.85699999961741	78.753	
5300-noaa-hurricane-documents	imazen-26-png-v3/png-v3/5300-noaa-hurricane-documents/5300_noaa_nhc-verification-report-2024_page1_p01_2550x3300.sdr.png	t1	10	32	21800	190.0962130021071	165.03799999996716	65.797	
5300-noaa-hurricane-documents	imazen-26-png-v3/png-v3/5300-noaa-hurricane-documents/5300_noaa_nhc-verification-report-2024_page1_p01_2550x3300.sdr.png	t1	10	44	11560	188.37607601017226	68.62799999997549	45.997	
5300-noaa-hurricane-documents	imazen-26-png-v3/png-v3/5300-noaa-hurricane-documents/5300_noaa_nhc-verification-report-2024_page1_p01_2550x3300.sdr.png	t1	12	20	33568	373.8939040049445	113.42399999945485	78.753	
5300-noaa-hurricane-documents	imazen-26-png-v3/png-v3/5300-noaa-hurricane-documents/5300_noaa_nhc-verification-report-2024_page1_p01_2550x3300.sdr.png	t1	12	32	21800	117.48648899083491	40.178999999966436	65.797	
5300-noaa-hurricane-documents	imazen-26-png-v3/png-v3/5300-noaa-hurricane-documents/5300_noaa_nhc-verification-report-2024_page1_p01_2550x3300.sdr.png	t1	12	44	11560	83.12348999606911	75.59500000003538	45.997	
5300-noaa-hurricane-documents	imazen-26-png-v3/png-v3/5300-noaa-hurricane-documents/5300_noaa_nhc-verification-report-2024_page1_p01_2550x3300.sdr.png	t2	-1	20	13338	7599.2336419876665	31611.740000000067	86.929	
5300-noaa-hurricane-documents	imazen-26-png-v3/png-v3/5300-noaa-hurricane-documents/5300_noaa_nhc-verification-report-2024_page1_p01_2550x3300.sdr.png	t2	-1	32	9556	9769.363176004845	44006.95399999985	80.368	
5300-noaa-hurricane-documents	imazen-26-png-v3/png-v3/5300-noaa-hurricane-documents/5300_noaa_nhc-verification-report-2024_page1_p01_2550x3300.sdr.png	t2	-1	44	5978	12704.258310011937	89826.52500000045	58.292	
5300-noaa-hurricane-documents	imazen-26-png-v3/png-v3/5300-noaa-hurricane-documents/5300_noaa_nhc-verification-report-2024_page1_p01_2550x3300.sdr.png	t2	2	20	13295	401.2602849979885	487.71300000031204	85.581	
5300-noaa-hurricane-documents	imazen-26-png-v3/png-v3/5300-noaa-hurricane-documents/5300_noaa_nhc-verification-report-2024_page1_p01_2550x3300.sdr.png	t2	2	32	9437	523.6565490049543	945.6209999997753	74.073	
5300-noaa-hurricane-documents	imazen-26-png-v3/png-v3/5300-noaa-hurricane-documents/5300_noaa_nhc-verification-report-2024_page1_p01_2550x3300.sdr.png	t2	2	44	5728	698.7736350129126	2208.6759999996843	54.332	
5300-noaa-hurricane-documents	imazen-26-png-v3/png-v3/5300-noaa-hurricane-documents/5300_noaa_nhc-verification-report-2024_page1_p01_2550x3300.sdr.png	t2	4	20	14339	193.6620050109923	672.8030000000871	85.060	
5300-noaa-hurricane-documents	imazen-26-png-v3/png-v3/5300-noaa-hurricane-documents/5300_noaa_nhc-verification-report-2024_page1_p01_2550x3300.sdr.png	t2	4	32	10332	195.1056370016886	862.4849999998077	73.844	
5300-noaa-hurricane-documents	imazen-26-png-v3/png-v3/5300-noaa-hurricane-documents/5300_noaa_nhc-verification-report-2024_page1_p01_2550x3300.sdr.png	t2	4	44	6497	441.9548389996635	1129.100999999821	52.564	
5300-noaa-hurricane-documents	imazen-26-png-v3/png-v3/5300-noaa-hurricane-documents/5300_noaa_nhc-verification-report-2024_page1_p01_2550x3300.sdr.png	t2	6	20	18848	316.25994099886157	68.99099999968428	85.283	
5300-noaa-hurricane-documents	imazen-26-png-v3/png-v3/5300-noaa-hurricane-documents/5300_noaa_nhc-verification-report-2024_page1_p01_2550x3300.sdr.png	t2	6	32	14031	127.67482800700236	67.50300000018683	73.072	
5300-noaa-hurricane-documents	imazen-26-png-v3/png-v3/5300-noaa-hurricane-documents/5300_noaa_nhc-verification-report-2024_page1_p01_2550x3300.sdr.png	t2	6	44	9146	207.58446500985883	206.64399999984084	53.811	
5300-noaa-hurricane-documents	imazen-26-png-v3/png-v3/5300-noaa-hurricane-documents/5300_noaa_nhc-verification-report-2024_page1_p01_2550x3300.sdr.png	t2	8	20	26824	84.65154199802782	108.50100000000396	79.806	
5300-noaa-hurricane-documents	imazen-26-png-v3/png-v3/5300-noaa-hurricane-documents/5300_noaa_nhc-verification-report-2024_page1_p01_2550x3300.sdr.png	t2	8	32	18121	102.43820100731682	87.26299999985088	65.139	
5300-noaa-hurricane-documents	imazen-26-png-v3/png-v3/5300-noaa-hurricane-documents/5300_noaa_nhc-verification-report-2024_page1_p01_2550x3300.sdr.png	t2	8	44	10203	204.6018010005355	45.80599999997048	49.111	
5300-noaa-hurricane-documents	imazen-26-png-v3/png-v3/5300-noaa-hurricane-documents/5300_noaa_nhc-verification-report-2024_page1_p01_2550x3300.sdr.png	t2	10	20	33038	273.05747401260305	85.00200000014502	78.111	
5300-noaa-hurricane-documents	imazen-26-png-v3/png-v3/5300-noaa-hurricane-documents/5300_noaa_nhc-verification-report-2024_page1_p01_2550x3300.sdr.png	t2	10	32	21031	173.9057149970904	109.0289999999925	65.148	
5300-noaa-hurricane-documents	imazen-26-png-v3/png-v3/5300-noaa-hurricane-documents/5300_noaa_nhc-verification-report-2024_page1_p01_2550x3300.sdr.png	t2	10	44	10909	260.1712920004502	107.7729999995114	45.081	
5300-noaa-hurricane-documents	imazen-26-png-v3/png-v3/5300-noaa-hurricane-documents/5300_noaa_nhc-verification-report-2024_page1_p01_2550x3300.sdr.png	t2	12	20	33038	168.5005900071701	152.17700000006573	78.111	
5300-noaa-hurricane-documents	imazen-26-png-v3/png-v3/5300-noaa-hurricane-documents/5300_noaa_nhc-verification-report-2024_page1_p01_2550x3300.sdr.png	t2	12	32	21031	156.1788399994839	84.62599999967324	65.148	
5300-noaa-hurricane-documents	imazen-26-png-v3/png-v3/5300-noaa-hurricane-documents/5300_noaa_nhc-verification-report-2024_page1_p01_2550x3300.sdr.png	t2	12	44	10909	142.86876299593132	69.33300000014242	45.081	
5300-noaa-hurricane-documents	imazen-26-png-v3/png-v3/5300-noaa-hurricane-documents/5300_noaa_nhc-verification-report-2024_page1_p01_2550x3300.sdr.png	t3	-1	20	13422	8466.64059899922	62627.89799999972	DEC-ERR	
5300-noaa-hurricane-documents	imazen-26-png-v3/png-v3/5300-noaa-hurricane-documents/5300_noaa_nhc-verification-report-2024_page1_p01_2550x3300.sdr.png	t3	-1	32	9302	9476.283566997154	73977.9060000005	DEC-ERR	
5300-noaa-hurricane-documents	imazen-26-png-v3/png-v3/5300-noaa-hurricane-documents/5300_noaa_nhc-verification-report-2024_page1_p01_2550x3300.sdr.png	t3	-1	44	5749	12482.656024003518	109001.14900000015	DEC-ERR	
5300-noaa-hurricane-documents	imazen-26-png-v3/png-v3/5300-noaa-hurricane-documents/5300_noaa_nhc-verification-report-2024_page1_p01_2550x3300.sdr.png	t3	2	20	14848	422.1992099919589	444.1139999998853	87.748	
5300-noaa-hurricane-documents	imazen-26-png-v3/png-v3/5300-noaa-hurricane-documents/5300_noaa_nhc-verification-report-2024_page1_p01_2550x3300.sdr.png	t3	2	32	10673	515.5115109955659	899.9460000003836	80.139	
5300-noaa-hurricane-documents	imazen-26-png-v3/png-v3/5300-noaa-hurricane-documents/5300_noaa_nhc-verification-report-2024_page1_p01_2550x3300.sdr.png	t3	2	44	6545	750.2621569874464	9231.745000000388	60.198	
5300-noaa-hurricane-documents	imazen-26-png-v3/png-v3/5300-noaa-hurricane-documents/5300_noaa_nhc-verification-report-2024_page1_p01_2550x3300.sdr.png	t3	4	20	16068	238.2081819960149	8537.270000000546	87.518	
5300-noaa-hurricane-documents	imazen-26-png-v3/png-v3/5300-noaa-hurricane-documents/5300_noaa_nhc-verification-report-2024_page1_p01_2550x3300.sdr.png	t3	4	32	11609	357.86904000269715	217.24599999988925	79.812	
5300-noaa-hurricane-documents	imazen-26-png-v3/png-v3/5300-noaa-hurricane-documents/5300_noaa_nhc-verification-report-2024_page1_p01_2550x3300.sdr.png	t3	4	44	7422	214.29318501031958	337.3120000001535	59.603	
5300-noaa-hurricane-documents	imazen-26-png-v3/png-v3/5300-noaa-hurricane-documents/5300_noaa_nhc-verification-report-2024_page1_p01_2550x3300.sdr.png	t3	6	20	20314	118.30918199848384	104.2399999994501	88.045	
5300-noaa-hurricane-documents	imazen-26-png-v3/png-v3/5300-noaa-hurricane-documents/5300_noaa_nhc-verification-report-2024_page1_p01_2550x3300.sdr.png	t3	6	32	15065	117.39329200645443	354.210999999637	77.990	
5300-noaa-hurricane-documents	imazen-26-png-v3/png-v3/5300-noaa-hurricane-documents/5300_noaa_nhc-verification-report-2024_page1_p01_2550x3300.sdr.png	t3	6	44	10018	461.9996249966789	74.99100000040926	59.879	
5300-noaa-hurricane-documents	imazen-26-png-v3/png-v3/5300-noaa-hurricane-documents/5300_noaa_nhc-verification-report-2024_page1_p01_2550x3300.sdr.png	t3	8	20	21280	82.04433099308517	82.28199999985009	87.067	
5300-noaa-hurricane-documents	imazen-26-png-v3/png-v3/5300-noaa-hurricane-documents/5300_noaa_nhc-verification-report-2024_page1_p01_2550x3300.sdr.png	t3	8	32	16310	119.04402800428215	130.93300000009833	77.075	
5300-noaa-hurricane-documents	imazen-26-png-v3/png-v3/5300-noaa-hurricane-documents/5300_noaa_nhc-verification-report-2024_page1_p01_2550x3300.sdr.png	t3	8	44	9465	66.56924200069625	112.24299999980758	58.890	
5300-noaa-hurricane-documents	imazen-26-png-v3/png-v3/5300-noaa-hurricane-documents/5300_noaa_nhc-verification-report-2024_page1_p01_2550x3300.sdr.png	t3	10	20	20041	158.74385098868515	46.43600000001413	87.513	
5300-noaa-hurricane-documents	imazen-26-png-v3/png-v3/5300-noaa-hurricane-documents/5300_noaa_nhc-verification-report-2024_page1_p01_2550x3300.sdr.png	t3	10	32	15126	88.2170029944973	87.3450000003686	76.977	
5300-noaa-hurricane-documents	imazen-26-png-v3/png-v3/5300-noaa-hurricane-documents/5300_noaa_nhc-verification-report-2024_page1_p01_2550x3300.sdr.png	t3	10	44	9243	87.8465400019195	90.68500000046242	60.902	
5300-noaa-hurricane-documents	imazen-26-png-v3/png-v3/5300-noaa-hurricane-documents/5300_noaa_nhc-verification-report-2024_page1_p01_2550x3300.sdr.png	t3	12	20	20041	123.1361590034794	9405.567999999634	87.513	
5300-noaa-hurricane-documents	imazen-26-png-v3/png-v3/5300-noaa-hurricane-documents/5300_noaa_nhc-verification-report-2024_page1_p01_2550x3300.sdr.png	t3	12	32	15126	208.41381899663247	44.80799999984697	76.977	
5300-noaa-hurricane-documents	imazen-26-png-v3/png-v3/5300-noaa-hurricane-documents/5300_noaa_nhc-verification-report-2024_page1_p01_2550x3300.sdr.png	t3	12	44	9243	140.94350700906944	106.97100000017201	60.902	
5300-noaa-hurricane-documents	imazen-26-png-v3/png-v3/5300-noaa-hurricane-documents/5300_noaa_nhc-verification-report-2024_page1_p01_2550x3300.sdr.png	t4	-1	20	13945	7935.009426000761	75196.97700000001	DEC-ERR	
5300-noaa-hurricane-documents	imazen-26-png-v3/png-v3/5300-noaa-hurricane-documents/5300_noaa_nhc-verification-report-2024_page1_p01_2550x3300.sdr.png	t4	-1	32	9950	9530.607284003054	98538.87099999984	DEC-ERR	
5300-noaa-hurricane-documents	imazen-26-png-v3/png-v3/5300-noaa-hurricane-documents/5300_noaa_nhc-verification-report-2024_page1_p01_2550x3300.sdr.png	t4	-1	44	6212	12554.520963007235	128787.12900000007	DEC-ERR	
5300-noaa-hurricane-documents	imazen-26-png-v3/png-v3/5300-noaa-hurricane-documents/5300_noaa_nhc-verification-report-2024_page1_p01_2550x3300.sdr.png	t4	2	20	14814	426.2364879978122	8022.716000000159	88.105	
5300-noaa-hurricane-documents	imazen-26-png-v3/png-v3/5300-noaa-hurricane-documents/5300_noaa_nhc-verification-report-2024_page1_p01_2550x3300.sdr.png	t4	2	32	10892	584.3637780053541	8478.80899999997	81.101	
5300-noaa-hurricane-documents	imazen-26-png-v3/png-v3/5300-noaa-hurricane-documents/5300_noaa_nhc-verification-report-2024_page1_p01_2550x3300.sdr.png	t4	2	44	6670	736.750204989221	1260.8930000001806	60.048	
5300-noaa-hurricane-documents	imazen-26-png-v3/png-v3/5300-noaa-hurricane-documents/5300_noaa_nhc-verification-report-2024_page1_p01_2550x3300.sdr.png	t4	4	20	16409	206.88936499936972	218.52499999998543	87.577	
5300-noaa-hurricane-documents	imazen-26-png-v3/png-v3/5300-noaa-hurricane-documents/5300_noaa_nhc-verification-report-2024_page1_p01_2550x3300.sdr.png	t4	4	32	11821	216.4523450046545	391.7009999999834	80.672	
5300-noaa-hurricane-documents	imazen-26-png-v3/png-v3/5300-noaa-hurricane-documents/5300_noaa_nhc-verification-report-2024_page1_p01_2550x3300.sdr.png	t4	4	44	7505	236.26683501061052	1046.6669999997578	58.987	
5300-noaa-hurricane-documents	imazen-26-png-v3/png-v3/5300-noaa-hurricane-documents/5300_noaa_nhc-verification-report-2024_page1_p01_2550x3300.sdr.png	t4	6	20	20478	98.2914560008794	815.7540000001546	87.535	
5300-noaa-hurricane-documents	imazen-26-png-v3/png-v3/5300-noaa-hurricane-documents/5300_noaa_nhc-verification-report-2024_page1_p01_2550x3300.sdr.png	t4	6	32	15236	72.74108400451951	147.75800000012396	78.995	
5300-noaa-hurricane-documents	imazen-26-png-v3/png-v3/5300-noaa-hurricane-documents/5300_noaa_nhc-verification-report-2024_page1_p01_2550x3300.sdr.png	t4	6	44	10108	68.26188699051272	237.73999999981754	59.407	
5300-noaa-hurricane-documents	imazen-26-png-v3/png-v3/5300-noaa-hurricane-documents/5300_noaa_nhc-verification-report-2024_page1_p01_2550x3300.sdr.png	t4	8	20	27987	46.92119899846148	119.18499999968901	85.415	
5300-noaa-hurricane-documents	imazen-26-png-v3/png-v3/5300-noaa-hurricane-documents/5300_noaa_nhc-verification-report-2024_page1_p01_2550x3300.sdr.png	t4	8	32	19453	92.18418700038455	118.57000000031803	74.185	
5300-noaa-hurricane-documents	imazen-26-png-v3/png-v3/5300-noaa-hurricane-documents/5300_noaa_nhc-verification-report-2024_page1_p01_2550x3300.sdr.png	t4	8	44	11154	81.90082799410447	73.98900000021058	54.868	
5300-noaa-hurricane-documents	imazen-26-png-v3/png-v3/5300-noaa-hurricane-documents/5300_noaa_nhc-verification-report-2024_page1_p01_2550x3300.sdr.png	t4	10	20	33265	308.2090009993408	84.71299999969517	83.561	
5300-noaa-hurricane-documents	imazen-26-png-v3/png-v3/5300-noaa-hurricane-documents/5300_noaa_nhc-verification-report-2024_page1_p01_2550x3300.sdr.png	t4	10	32	21365	104.09938599332236	12849.709000000246	72.443	
5300-noaa-hurricane-documents	imazen-26-png-v3/png-v3/5300-noaa-hurricane-documents/5300_noaa_nhc-verification-report-2024_page1_p01_2550x3300.sdr.png	t4	10	44	11382	238.65646400372498	80.46999999950799	53.197	
5300-noaa-hurricane-documents	imazen-26-png-v3/png-v3/5300-noaa-hurricane-documents/5300_noaa_nhc-verification-report-2024_page1_p01_2550x3300.sdr.png	t4	12	20	33265	119.43203400005586	79.48100000049863	83.561	
5300-noaa-hurricane-documents	imazen-26-png-v3/png-v3/5300-noaa-hurricane-documents/5300_noaa_nhc-verification-report-2024_page1_p01_2550x3300.sdr.png	t4	12	32	21365	82.4581560009392	87.99199999998564	72.443	
5300-noaa-hurricane-documents	imazen-26-png-v3/png-v3/5300-noaa-hurricane-documents/5300_noaa_nhc-verification-report-2024_page1_p01_2550x3300.sdr.png	t4	12	44	11382	165.9318720048759	44.70199999967406	53.197	
5300-noaa-hurricane-documents	imazen-26-png-v3/png-v3/5300-noaa-hurricane-documents/5300_noaa_nhc-verification-report-2024_page1_p01_2550x3300.sdr.png	st	-1	20	13422	8454.876057992806	83017.43300000028	DEC-ERR	
5300-noaa-hurricane-documents	imazen-26-png-v3/png-v3/5300-noaa-hurricane-documents/5300_noaa_nhc-verification-report-2024_page1_p01_2550x3300.sdr.png	st	-1	32	9302	9406.544714991469	109924.62699999988	DEC-ERR	
5300-noaa-hurricane-documents	imazen-26-png-v3/png-v3/5300-noaa-hurricane-documents/5300_noaa_nhc-verification-report-2024_page1_p01_2550x3300.sdr.png	st	-1	44	5749	12387.235330010299	137531.9689999998	DEC-ERR	
5300-noaa-hurricane-documents	imazen-26-png-v3/png-v3/5300-noaa-hurricane-documents/5300_noaa_nhc-verification-report-2024_page1_p01_2550x3300.sdr.png	st	2	20	14103	384.39489700249396	8843.471999999636	87.102	
5300-noaa-hurricane-documents	imazen-26-png-v3/png-v3/5300-noaa-hurricane-documents/5300_noaa_nhc-verification-report-2024_page1_p01_2550x3300.sdr.png	st	2	32	9914	500.26475598861	9298.669999999973	75.341	
5300-noaa-hurricane-documents	imazen-26-png-v3/png-v3/5300-noaa-hurricane-documents/5300_noaa_nhc-verification-report-2024_page1_p01_2550x3300.sdr.png	st	2	44	6010	695.8412660023896	1812.3039999999405	57.106	
5300-noaa-hurricane-documents	imazen-26-png-v3/png-v3/5300-noaa-hurricane-documents/5300_noaa_nhc-verification-report-2024_page1_p01_2550x3300.sdr.png	st	4	20	15303	200.75622700096574	217.54899999963584	86.635	
5300-noaa-hurricane-documents	imazen-26-png-v3/png-v3/5300-noaa-hurricane-documents/5300_noaa_nhc-verification-report-2024_page1_p01_2550x3300.sdr.png	st	4	32	10880	222.667278998415	1068.741000000017	74.512	
5300-noaa-hurricane-documents	imazen-26-png-v3/png-v3/5300-noaa-hurricane-documents/5300_noaa_nhc-verification-report-2024_page1_p01_2550x3300.sdr.png	st	4	44	6836	202.35167699865997	409.6219999997288	55.189	
5300-noaa-hurricane-documents	imazen-26-png-v3/png-v3/5300-noaa-hurricane-documents/5300_noaa_nhc-verification-report-2024_page1_p01_2550x3300.sdr.png	st	6	20	19548	93.9128899917705	106.44199999984494	87.146	
5300-noaa-hurricane-documents	imazen-26-png-v3/png-v3/5300-noaa-hurricane-documents/5300_noaa_nhc-verification-report-2024_page1_p01_2550x3300.sdr.png	st	6	32	14103	121.28194700926542	184.57200000000284	73.690	
5300-noaa-hurricane-documents	imazen-26-png-v3/png-v3/5300-noaa-hurricane-documents/5300_noaa_nhc-verification-report-2024_page1_p01_2550x3300.sdr.png	st	6	44	9381	95.63038199848961	345.1369999997951	56.987	
5300-noaa-hurricane-documents	imazen-26-png-v3/png-v3/5300-noaa-hurricane-documents/5300_noaa_nhc-verification-report-2024_page1_p01_2550x3300.sdr.png	st	8	20	20260	95.49192900885828	62.90299999996307	85.855	
5300-noaa-hurricane-documents	imazen-26-png-v3/png-v3/5300-noaa-hurricane-documents/5300_noaa_nhc-verification-report-2024_page1_p01_2550x3300.sdr.png	st	8	32	15072	97.53188300237525	50.070000000147274	73.013	
5300-noaa-hurricane-documents	imazen-26-png-v3/png-v3/5300-noaa-hurricane-documents/5300_noaa_nhc-verification-report-2024_page1_p01_2550x3300.sdr.png	st	8	44	8766	71.12563500413671	53.35699999992016	55.867	
5300-noaa-hurricane-documents	imazen-26-png-v3/png-v3/5300-noaa-hurricane-documents/5300_noaa_nhc-verification-report-2024_page1_p01_2550x3300.sdr.png	st	10	20	18980	105.1242009998532	83.44699999975091	86.547	
5300-noaa-hurricane-documents	imazen-26-png-v3/png-v3/5300-noaa-hurricane-documents/5300_noaa_nhc-verification-report-2024_page1_p01_2550x3300.sdr.png	st	10	32	13989	84.6586060069967	97.1180000002363	73.119	
5300-noaa-hurricane-documents	imazen-26-png-v3/png-v3/5300-noaa-hurricane-documents/5300_noaa_nhc-verification-report-2024_page1_p01_2550x3300.sdr.png	st	10	44	8478	95.30104701116215	110.23699999988423	54.699	
5300-noaa-hurricane-documents	imazen-26-png-v3/png-v3/5300-noaa-hurricane-documents/5300_noaa_nhc-verification-report-2024_page1_p01_2550x3300.sdr.png	st	12	20	18980	105.2766509965295	209.4939999998502	86.547	
5300-noaa-hurricane-documents	imazen-26-png-v3/png-v3/5300-noaa-hurricane-documents/5300_noaa_nhc-verification-report-2024_page1_p01_2550x3300.sdr.png	st	12	32	13989	84.83554200211074	132.51999999950215	73.119	
5300-noaa-hurricane-documents	imazen-26-png-v3/png-v3/5300-noaa-hurricane-documents/5300_noaa_nhc-verification-report-2024_page1_p01_2550x3300.sdr.png	st	12	44	8478	69.47564099391457	144.29399999988846	54.699	
5300-noaa-hurricane-documents	imazen-26-png-v3/png-v3/5300-noaa-hurricane-documents/5312_noaa_nhc-al042024-debby_p19_2550x3300.sdr.png	t1	-1	20	4059	3523.438468997483	27807.260999999897	89.410	
5300-noaa-hurricane-documents	imazen-26-png-v3/png-v3/5300-noaa-hurricane-documents/5312_noaa_nhc-al042024-debby_p19_2550x3300.sdr.png	t1	-1	32	2841	4246.869870999944	33036.76700000017	85.173	
5300-noaa-hurricane-documents	imazen-26-png-v3/png-v3/5300-noaa-hurricane-documents/5312_noaa_nhc-al042024-debby_p19_2550x3300.sdr.png	t1	-1	44	2028	4833.171049001976	58653.76699999976	75.298	
5300-noaa-hurricane-documents	imazen-26-png-v3/png-v3/5300-noaa-hurricane-documents/5312_noaa_nhc-al042024-debby_p19_2550x3300.sdr.png	t1	2	20	4650	230.18671899626497	266.0100000001364	88.765	
5300-noaa-hurricane-documents	imazen-26-png-v3/png-v3/5300-noaa-hurricane-documents/5312_noaa_nhc-al042024-debby_p19_2550x3300.sdr.png	t1	2	32	3243	234.07524300273508	451.32599999973877	84.273	
5300-noaa-hurricane-documents	imazen-26-png-v3/png-v3/5300-noaa-hurricane-documents/5312_noaa_nhc-al042024-debby_p19_2550x3300.sdr.png	t1	2	44	2355	316.2512940034503	733.3679999997429	70.295	
5300-noaa-hurricane-documents	imazen-26-png-v3/png-v3/5300-noaa-hurricane-documents/5312_noaa_nhc-al042024-debby_p19_2550x3300.sdr.png	t1	4	20	4737	143.58441199874505	12650.526999999742	88.561	
5300-noaa-hurricane-documents	imazen-26-png-v3/png-v3/5300-noaa-hurricane-documents/5312_noaa_nhc-al042024-debby_p19_2550x3300.sdr.png	t1	4	32	3284	168.38750599708874	359.84899999998277	83.284	
5300-noaa-hurricane-documents	imazen-26-png-v3/png-v3/5300-noaa-hurricane-documents/5312_noaa_nhc-al042024-debby_p19_2550x3300.sdr.png	t1	4	44	2401	167.27458201057743	456.73899999967205	74.487	
5300-noaa-hurricane-documents	imazen-26-png-v3/png-v3/5300-noaa-hurricane-documents/5312_noaa_nhc-al042024-debby_p19_2550x3300.sdr.png	t1	6	20	8555	80.37975001207087	178.62900000015713	87.517	
5300-noaa-hurricane-documents	imazen-26-png-v3/png-v3/5300-noaa-hurricane-documents/5312_noaa_nhc-al042024-debby_p19_2550x3300.sdr.png	t1	6	32	6929	176.68491300719324	9490.79599999999	84.021	
5300-noaa-hurricane-documents	imazen-26-png-v3/png-v3/5300-noaa-hurricane-documents/5312_noaa_nhc-al042024-debby_p19_2550x3300.sdr.png	t1	6	44	5550	97.73029999632854	158.8319999999186	73.856	
5300-noaa-hurricane-documents	imazen-26-png-v3/png-v3/5300-noaa-hurricane-documents/5312_noaa_nhc-al042024-debby_p19_2550x3300.sdr.png	t1	8	20	14773	97.72879700176418	158.8319999999186	85.141	
5300-noaa-hurricane-documents	imazen-26-png-v3/png-v3/5300-noaa-hurricane-documents/5312_noaa_nhc-al042024-debby_p19_2550x3300.sdr.png	t1	8	32	10630	97.77366300113499	161.58999999980495	75.583	
5300-noaa-hurricane-documents	imazen-26-png-v3/png-v3/5300-noaa-hurricane-documents/5312_noaa_nhc-al042024-debby_p19_2550x3300.sdr.png	t1	8	44	6627	336.6635499987751	93.57500000005814	57.062	
5300-noaa-hurricane-documents	imazen-26-png-v3/png-v3/5300-noaa-hurricane-documents/5312_noaa_nhc-al042024-debby_p19_2550x3300.sdr.png	t1	10	20	22134	123.47917999431957	75.07900000004497	81.324	
5300-noaa-hurricane-documents	imazen-26-png-v3/png-v3/5300-noaa-hurricane-documents/5312_noaa_nhc-al042024-debby_p19_2550x3300.sdr.png	t1	10	32	15104	87.53678100765683	73.88400000000672	74.794	
5300-noaa-hurricane-documents	imazen-26-png-v3/png-v3/5300-noaa-hurricane-documents/5312_noaa_nhc-al042024-debby_p19_2550x3300.sdr.png	t1	10	44	8463	87.01263599505182	110.40600000038125	56.765	
5300-noaa-hurricane-documents	imazen-26-png-v3/png-v3/5300-noaa-hurricane-documents/5312_noaa_nhc-al042024-debby_p19_2550x3300.sdr.png	t1	12	20	22134	82.08461799949873	48.24600000002022	81.324	
5300-noaa-hurricane-documents	imazen-26-png-v3/png-v3/5300-noaa-hurricane-documents/5312_noaa_nhc-al042024-debby_p19_2550x3300.sdr.png	t1	12	32	15104	68.82910399872344	37.17899999973895	74.794	
5300-noaa-hurricane-documents	imazen-26-png-v3/png-v3/5300-noaa-hurricane-documents/5312_noaa_nhc-al042024-debby_p19_2550x3300.sdr.png	t1	12	44	8463	66.39604299562052	97.30599999987533	56.765	
5300-noaa-hurricane-documents	imazen-26-png-v3/png-v3/5300-noaa-hurricane-documents/5312_noaa_nhc-al042024-debby_p19_2550x3300.sdr.png	t2	-1	20	3966	3605.1437069982057	48187.78299999955	88.801	
5300-noaa-hurricane-documents	imazen-26-png-v3/png-v3/5300-noaa-hurricane-documents/5312_noaa_nhc-al042024-debby_p19_2550x3300.sdr.png	t2	-1	32	2752	4139.214352995623	52392.18699999962	85.115	
5300-noaa-hurricane-documents	imazen-26-png-v3/png-v3/5300-noaa-hurricane-documents/5312_noaa_nhc-al042024-debby_p19_2550x3300.sdr.png	t2	-1	44	1956	5238.251408998622	59111.66900000016	76.724	
5300-noaa-hurricane-documents	imazen-26-png-v3/png-v3/5300-noaa-hurricane-documents/5312_noaa_nhc-al042024-debby_p19_2550x3300.sdr.png	t2	2	20	4432	209.680384999956	3750.803999999846	88.353	
5300-noaa-hurricane-documents	imazen-26-png-v3/png-v3/5300-noaa-hurricane-documents/5312_noaa_nhc-al042024-debby_p19_2550x3300.sdr.png	t2	2	32	3124	265.3842619911302	3984.5239999999367	83.356	
5300-noaa-hurricane-documents	imazen-26-png-v3/png-v3/5300-noaa-hurricane-documents/5312_noaa_nhc-al042024-debby_p19_2550x3300.sdr.png	t2	2	44	2237	352.2892440087162	394.8760000000959	69.763	
5300-noaa-hurricane-documents	imazen-26-png-v3/png-v3/5300-noaa-hurricane-documents/5312_noaa_nhc-al042024-debby_p19_2550x3300.sdr.png	t2	4	20	4607	155.66148700600024	485.7310000000865	88.359	
5300-noaa-hurricane-documents	imazen-26-png-v3/png-v3/5300-noaa-hurricane-documents/5312_noaa_nhc-al042024-debby_p19_2550x3300.sdr.png	t2	4	32	3171	157.679399009794	575.2720000005525	83.014	
5300-noaa-hurricane-documents	imazen-26-png-v3/png-v3/5300-noaa-hurricane-documents/5312_noaa_nhc-al042024-debby_p19_2550x3300.sdr.png	t2	4	44	2326	182.18421599885914	5200.2969999998495	70.795	
5300-noaa-hurricane-documents	imazen-26-png-v3/png-v3/5300-noaa-hurricane-documents/5312_noaa_nhc-al042024-debby_p19_2550x3300.sdr.png	t2	6	20	8417	93.33331001107581	94.1689999999511	87.231	
5300-noaa-hurricane-documents	imazen-26-png-v3/png-v3/5300-noaa-hurricane-documents/5312_noaa_nhc-al042024-debby_p19_2550x3300.sdr.png	t2	6	32	6781	91.85920999152586	5195.238999999845	83.428	
5300-noaa-hurricane-documents	imazen-26-png-v3/png-v3/5300-noaa-hurricane-documents/5312_noaa_nhc-al042024-debby_p19_2550x3300.sdr.png	t2	6	44	5508	103.50657999515533	5163.17800000013	74.825	
5300-noaa-hurricane-documents	imazen-26-png-v3/png-v3/5300-noaa-hurricane-documents/5312_noaa_nhc-al042024-debby_p19_2550x3300.sdr.png	t2	8	20	14631	57.521358990925364	5072.107000000074	85.820	
5300-noaa-hurricane-documents	imazen-26-png-v3/png-v3/5300-noaa-hurricane-documents/5312_noaa_nhc-al042024-debby_p19_2550x3300.sdr.png	t2	8	32	10446	65.87497399596032	5039.1580000000995	75.269	
5300-noaa-hurricane-documents	imazen-26-png-v3/png-v3/5300-noaa-hurricane-documents/5312_noaa_nhc-al042024-debby_p19_2550x3300.sdr.png	t2	8	44	6355	53.344297004514374	237.27699999969332	56.495	
5300-noaa-hurricane-documents	imazen-26-png-v3/png-v3/5300-noaa-hurricane-documents/5312_noaa_nhc-al042024-debby_p19_2550x3300.sdr.png	t2	10	20	21964	43.98490200401284	321.54799999986494	80.885	
5300-noaa-hurricane-documents	imazen-26-png-v3/png-v3/5300-noaa-hurricane-documents/5312_noaa_nhc-al042024-debby_p19_2550x3300.sdr.png	t2	10	32	14805	43.134577994351275	273.7159999994816	74.353	
5300-noaa-hurricane-documents	imazen-26-png-v3/png-v3/5300-noaa-hurricane-documents/5312_noaa_nhc-al042024-debby_p19_2550x3300.sdr.png	t2	10	44	8121	75.41504100663587	454.6940000000035	56.836	
5300-noaa-hurricane-documents	imazen-26-png-v3/png-v3/5300-noaa-hurricane-documents/5312_noaa_nhc-al042024-debby_p19_2550x3300.sdr.png	t2	12	20	21964	62.06436699721962	377.33900000030474	80.885	
5300-noaa-hurricane-documents	imazen-26-png-v3/png-v3/5300-noaa-hurricane-documents/5312_noaa_nhc-al042024-debby_p19_2550x3300.sdr.png	t2	12	32	14805	74.4191999983741	378.3280000001099	74.353	
5300-noaa-hurricane-documents	imazen-26-png-v3/png-v3/5300-noaa-hurricane-documents/5312_noaa_nhc-al042024-debby_p19_2550x3300.sdr.png	t2	12	44	8121	65.64131999039091	301.220000000086	56.836	
5300-noaa-hurricane-documents	imazen-26-png-v3/png-v3/5300-noaa-hurricane-documents/5312_noaa_nhc-al042024-debby_p19_2550x3300.sdr.png	t3	-1	20	5013	3238.7132459989516	30760.037000000266	DEC-ERR	
5300-noaa-hurricane-documents	imazen-26-png-v3/png-v3/5300-noaa-hurricane-documents/5312_noaa_nhc-al042024-debby_p19_2550x3300.sdr.png	t3	-1	32	3738	3763.299119993462	31834.106999999945	DEC-ERR	
5300-noaa-hurricane-documents	imazen-26-png-v3/png-v3/5300-noaa-hurricane-documents/5312_noaa_nhc-al042024-debby_p19_2550x3300.sdr.png	t3	-1	44	2715	4762.241807009559	37190.45299999998	DEC-ERR	
5300-noaa-hurricane-documents	imazen-26-png-v3/png-v3/5300-noaa-hurricane-documents/5312_noaa_nhc-al042024-debby_p19_2550x3300.sdr.png	t3	2	20	5332	290.69994899327867	4447.140000000161	89.690	
5300-noaa-hurricane-documents	imazen-26-png-v3/png-v3/5300-noaa-hurricane-documents/5312_noaa_nhc-al042024-debby_p19_2550x3300.sdr.png	t3	2	32	3762	272.30105800845195	593.9870000002401	85.558	
5300-noaa-hurricane-documents	imazen-26-png-v3/png-v3/5300-noaa-hurricane-documents/5312_noaa_nhc-al042024-debby_p19_2550x3300.sdr.png	t3	2	44	2642	452.2299119998934	1305.637000000047	71.767	
5300-noaa-hurricane-documents	imazen-26-png-v3/png-v3/5300-noaa-hurricane-documents/5312_noaa_nhc-al042024-debby_p19_2550x3300.sdr.png	t3	4	20	5659	283.03130601125304	697.0149999997659	89.150	
5300-noaa-hurricane-documents	imazen-26-png-v3/png-v3/5300-noaa-hurricane-documents/5312_noaa_nhc-al042024-debby_p19_2550x3300.sdr.png	t3	4	32	4081	205.98431599501055	745.4579999998856	84.936	
5300-noaa-hurricane-documents	imazen-26-png-v3/png-v3/5300-noaa-hurricane-documents/5312_noaa_nhc-al042024-debby_p19_2550x3300.sdr.png	t3	4	44	2853	276.3881100108847	763.219000000035	76.852	
5300-noaa-hurricane-documents	imazen-26-png-v3/png-v3/5300-noaa-hurricane-documents/5312_noaa_nhc-al042024-debby_p19_2550x3300.sdr.png	t3	6	20	10145	208.97961399168707	731.7780000001051	88.873	
5300-noaa-hurricane-documents	imazen-26-png-v3/png-v3/5300-noaa-hurricane-documents/5312_noaa_nhc-al042024-debby_p19_2550x3300.sdr.png	t3	6	32	7616	248.8078019960085	56.326999999612326	84.858	
5300-noaa-hurricane-documents	imazen-26-png-v3/png-v3/5300-noaa-hurricane-documents/5312_noaa_nhc-al042024-debby_p19_2550x3300.sdr.png	t3	6	44	6011	223.35606699925847	5212.719000000618	78.617	
5300-noaa-hurricane-documents	imazen-26-png-v3/png-v3/5300-noaa-hurricane-documents/5312_noaa_nhc-al042024-debby_p19_2550x3300.sdr.png	t3	8	20	10856	107.97639899828937	103.84699999963232	88.333	
5300-noaa-hurricane-documents	imazen-26-png-v3/png-v3/5300-noaa-hurricane-documents/5312_noaa_nhc-al042024-debby_p19_2550x3300.sdr.png	t3	8	32	8919	97.37603798566852	103.84699999963232	82.258	
5300-noaa-hurricane-documents	imazen-26-png-v3/png-v3/5300-noaa-hurricane-documents/5312_noaa_nhc-al042024-debby_p19_2550x3300.sdr.png	t3	8	44	6047	297.87056701024994	53.90800000013485	74.715	
5300-noaa-hurricane-documents	imazen-26-png-v3/png-v3/5300-noaa-hurricane-documents/5312_noaa_nhc-al042024-debby_p19_2550x3300.sdr.png	t3	10	20	14020	365.28038600226864	3276.8829999998134	88.601	
5300-noaa-hurricane-documents	imazen-26-png-v3/png-v3/5300-noaa-hurricane-documents/5312_noaa_nhc-al042024-debby_p19_2550x3300.sdr.png	t3	10	32	11273	360.0666940037627	3362.055999999754	80.955	
5300-noaa-hurricane-documents	imazen-26-png-v3/png-v3/5300-noaa-hurricane-documents/5312_noaa_nhc-al042024-debby_p19_2550x3300.sdr.png	t3	10	44	7857	334.25210900895763	3313.164999999785	72.814	
5300-noaa-hurricane-documents	imazen-26-png-v3/png-v3/5300-noaa-hurricane-documents/5312_noaa_nhc-al042024-debby_p19_2550x3300.sdr.png	t3	12	20	14020	270.79050899192225	116.05900000039071	88.601	
5300-noaa-hurricane-documents	imazen-26-png-v3/png-v3/5300-noaa-hurricane-documents/5312_noaa_nhc-al042024-debby_p19_2550x3300.sdr.png	t3	12	32	11273	316.5499419992557	180.34100000019748	80.955	
5300-noaa-hurricane-documents	imazen-26-png-v3/png-v3/5300-noaa-hurricane-documents/5312_noaa_nhc-al042024-debby_p19_2550x3300.sdr.png	t3	12	44	7857	387.2948839998571	125.18399999967755	72.814	
5300-noaa-hurricane-documents	imazen-26-png-v3/png-v3/5300-noaa-hurricane-documents/5312_noaa_nhc-al042024-debby_p19_2550x3300.sdr.png	t4	-1	20	4873	3585.5367399926763	14146.207000000104	DEC-ERR	
5300-noaa-hurricane-documents	imazen-26-png-v3/png-v3/5300-noaa-hurricane-documents/5312_noaa_nhc-al042024-debby_p19_2550x3300.sdr.png	t4	-1	32	3669	4495.308516998193	19934.548999999875	DEC-ERR	
5300-noaa-hurricane-documents	imazen-26-png-v3/png-v3/5300-noaa-hurricane-documents/5312_noaa_nhc-al042024-debby_p19_2550x3300.sdr.png	t4	-1	44	2719	4838.421123000444	25078.551999999945	DEC-ERR	
5300-noaa-hurricane-documents	imazen-26-png-v3/png-v3/5300-noaa-hurricane-documents/5312_noaa_nhc-al042024-debby_p19_2550x3300.sdr.png	t4	2	20	5152	333.48385100543965	450.2000000000237	89.093	
5300-noaa-hurricane-documents	imazen-26-png-v3/png-v3/5300-noaa-hurricane-documents/5312_noaa_nhc-al042024-debby_p19_2550x3300.sdr.png	t4	2	32	3836	364.5921989955241	737.4489999999696	83.453	
5300-noaa-hurricane-documents	imazen-26-png-v3/png-v3/5300-noaa-hurricane-documents/5312_noaa_nhc-al042024-debby_p19_2550x3300.sdr.png	t4	2	44	2670	576.9572930003051	5212.9160000001775	69.727	
5300-noaa-hurricane-documents	imazen-26-png-v3/png-v3/5300-noaa-hurricane-documents/5312_noaa_nhc-al042024-debby_p19_2550x3300.sdr.png	t4	4	20	5626	185.7043220079504	128.38100000014663	88.560	
5300-noaa-hurricane-documents	imazen-26-png-v3/png-v3/5300-noaa-hurricane-documents/5312_noaa_nhc-al042024-debby_p19_2550x3300.sdr.png	t4	4	32	4002	268.49307600059547	4765.901000000042	84.413	
5300-noaa-hurricane-documents	imazen-26-png-v3/png-v3/5300-noaa-hurricane-documents/5312_noaa_nhc-al042024-debby_p19_2550x3300.sdr.png	t4	4	44	2826	205.9595990140224	3958.858000000333	75.314	
5300-noaa-hurricane-documents	imazen-26-png-v3/png-v3/5300-noaa-hurricane-documents/5312_noaa_nhc-al042024-debby_p19_2550x3300.sdr.png	t4	6	20	10098	88.28628499759361	3969.3429999994264	88.782	
5300-noaa-hurricane-documents	imazen-26-png-v3/png-v3/5300-noaa-hurricane-documents/5312_noaa_nhc-al042024-debby_p19_2550x3300.sdr.png	t4	6	32	7650	92.28360599081498	95.88700000018946	83.503	
5300-noaa-hurricane-documents	imazen-26-png-v3/png-v3/5300-noaa-hurricane-documents/5312_noaa_nhc-al042024-debby_p19_2550x3300.sdr.png	t4	6	44	6004	361.8200950004393	588.7579999996149	77.412	
5300-noaa-hurricane-documents	imazen-26-png-v3/png-v3/5300-noaa-hurricane-documents/5312_noaa_nhc-al042024-debby_p19_2550x3300.sdr.png	t4	8	20	15700	190.43061799311545	223.47700000004522	85.746	
5300-noaa-hurricane-documents	imazen-26-png-v3/png-v3/5300-noaa-hurricane-documents/5312_noaa_nhc-al042024-debby_p19_2550x3300.sdr.png	t4	8	32	11486	164.86465600610245	191.73199999977442	78.662	
5300-noaa-hurricane-documents	imazen-26-png-v3/png-v3/5300-noaa-hurricane-documents/5312_noaa_nhc-al042024-debby_p19_2550x3300.sdr.png	t4	8	44	7416	123.80959700385574	76.40000000033353	63.042	
5300-noaa-hurricane-documents	imazen-26-png-v3/png-v3/5300-noaa-hurricane-documents/5312_noaa_nhc-al042024-debby_p19_2550x3300.sdr.png	t4	10	20	22707	159.65584300283808	229.974999999925	81.131	
5300-noaa-hurricane-documents	imazen-26-png-v3/png-v3/5300-noaa-hurricane-documents/5312_noaa_nhc-al042024-debby_p19_2550x3300.sdr.png	t4	10	32	16280	129.8440670070704	245.62600000011514	75.927	
5300-noaa-hurricane-documents	imazen-26-png-v3/png-v3/5300-noaa-hurricane-documents/5312_noaa_nhc-al042024-debby_p19_2550x3300.sdr.png	t4	10	44	9860	63.5537350026425	121.83500000048753	60.944	
5300-noaa-hurricane-documents	imazen-26-png-v3/png-v3/5300-noaa-hurricane-documents/5312_noaa_nhc-al042024-debby_p19_2550x3300.sdr.png	t4	12	20	22707	253.93948800046928	76.80400000003829	81.131	
5300-noaa-hurricane-documents	imazen-26-png-v3/png-v3/5300-noaa-hurricane-documents/5312_noaa_nhc-al042024-debby_p19_2550x3300.sdr.png	t4	12	32	16280	425.33518599520903	98.41699999995512	75.927	
5300-noaa-hurricane-documents	imazen-26-png-v3/png-v3/5300-noaa-hurricane-documents/5312_noaa_nhc-al042024-debby_p19_2550x3300.sdr.png	t4	12	44	9860	258.3966730016982	38.5149999998049	60.944	
5300-noaa-hurricane-documents	imazen-26-png-v3/png-v3/5300-noaa-hurricane-documents/5312_noaa_nhc-al042024-debby_p19_2550x3300.sdr.png	st	-1	20	4186	3151.8374730076175	18114.162999999622	DEC-ERR	
5300-noaa-hurricane-documents	imazen-26-png-v3/png-v3/5300-noaa-hurricane-documents/5312_noaa_nhc-al042024-debby_p19_2550x3300.sdr.png	st	-1	32	2909	3832.0420539967017	19503.788999999713	DEC-ERR	
5300-noaa-hurricane-documents	imazen-26-png-v3/png-v3/5300-noaa-hurricane-documents/5312_noaa_nhc-al042024-debby_p19_2550x3300.sdr.png	st	-1	44	1959	4456.113861000631	27044.873999999938	DEC-ERR	
5300-noaa-hurricane-documents	imazen-26-png-v3/png-v3/5300-noaa-hurricane-documents/5312_noaa_nhc-al042024-debby_p19_2550x3300.sdr.png	st	2	20	4869	310.90351899911184	415.82499999994127	88.566	
5300-noaa-hurricane-documents	imazen-26-png-v3/png-v3/5300-noaa-hurricane-documents/5312_noaa_nhc-al042024-debby_p19_2550x3300.sdr.png	st	2	32	3473	434.0032500040252	1069.7699999999627	83.084	
5300-noaa-hurricane-documents	imazen-26-png-v3/png-v3/5300-noaa-hurricane-documents/5312_noaa_nhc-al042024-debby_p19_2550x3300.sdr.png	st	2	44	2400	372.62611799815204	1359.521000000143	71.684	
5300-noaa-hurricane-documents	imazen-26-png-v3/png-v3/5300-noaa-hurricane-documents/5312_noaa_nhc-al042024-debby_p19_2550x3300.sdr.png	st	4	20	5237	137.10146100493148	470.25100000000464	88.840	
5300-noaa-hurricane-documents	imazen-26-png-v3/png-v3/5300-noaa-hurricane-documents/5312_noaa_nhc-al042024-debby_p19_2550x3300.sdr.png	st	4	32	3512	142.14489900041372	595.3959999999796	82.556	
5300-noaa-hurricane-documents	imazen-26-png-v3/png-v3/5300-noaa-hurricane-documents/5312_noaa_nhc-al042024-debby_p19_2550x3300.sdr.png	st	4	44	2496	141.2796980002895	682.7790000000817	72.295	
5300-noaa-hurricane-documents	imazen-26-png-v3/png-v3/5300-noaa-hurricane-documents/5312_noaa_nhc-al042024-debby_p19_2550x3300.sdr.png	st	6	20	9124	83.66566100448836	282.95499999968854	88.746	
5300-noaa-hurricane-documents	imazen-26-png-v3/png-v3/5300-noaa-hurricane-documents/5312_noaa_nhc-al042024-debby_p19_2550x3300.sdr.png	st	6	32	7090	317.3457019875059	123.83900000016013	82.583	
5300-noaa-hurricane-documents	imazen-26-png-v3/png-v3/5300-noaa-hurricane-documents/5312_noaa_nhc-al042024-debby_p19_2550x3300.sdr.png	st	6	44	5632	325.8591699996032	215.65799999979163	70.569	
5300-noaa-hurricane-documents	imazen-26-png-v3/png-v3/5300-noaa-hurricane-documents/5312_noaa_nhc-al042024-debby_p19_2550x3300.sdr.png	st	8	20	9645	171.578726003645	171.15899999974715	87.296	
5300-noaa-hurricane-documents	imazen-26-png-v3/png-v3/5300-noaa-hurricane-documents/5312_noaa_nhc-al042024-debby_p19_2550x3300.sdr.png	st	8	32	8081	124.6121210133424	191.1620000002756	78.813	
5300-noaa-hurricane-documents	imazen-26-png-v3/png-v3/5300-noaa-hurricane-documents/5312_noaa_nhc-al042024-debby_p19_2550x3300.sdr.png	st	8	44	5099	112.46434200438671	83.37400000006312	67.339	
5300-noaa-hurricane-documents	imazen-26-png-v3/png-v3/5300-noaa-hurricane-documents/5312_noaa_nhc-al042024-debby_p19_2550x3300.sdr.png	st	10	20	12535	308.6999640072463	4954.033999999993	87.743	
5300-noaa-hurricane-documents	imazen-26-png-v3/png-v3/5300-noaa-hurricane-documents/5312_noaa_nhc-al042024-debby_p19_2550x3300.sdr.png	st	10	32	9943	170.47735399683006	95.90400000027444	78.613	
5300-noaa-hurricane-documents	imazen-26-png-v3/png-v3/5300-noaa-hurricane-documents/5312_noaa_nhc-al042024-debby_p19_2550x3300.sdr.png	st	10	44	6143	496.5808490087511	191.99000000030253	67.650	
5300-noaa-hurricane-documents	imazen-26-png-v3/png-v3/5300-noaa-hurricane-documents/5312_noaa_nhc-al042024-debby_p19_2550x3300.sdr.png	st	12	20	12535	331.6094920010073	131.73100000010152	87.743	
5300-noaa-hurricane-documents	imazen-26-png-v3/png-v3/5300-noaa-hurricane-documents/5312_noaa_nhc-al042024-debby_p19_2550x3300.sdr.png	st	12	32	9943	199.76392299577128	40.47800000030577	78.613	
5300-noaa-hurricane-documents	imazen-26-png-v3/png-v3/5300-noaa-hurricane-documents/5312_noaa_nhc-al042024-debby_p19_2550x3300.sdr.png	st	12	44	6143	293.7284810031997	3235.1990000001224	67.650	
6000-lilith-scans-public-patents	imazen-26-png-v3/png-v3/6000-lilith-scans-public-patents/lynn_conway_us5046022_printrescangray300/6069_scans-patents_lynn-conway-us5046022-rescan-gray_p011_2479x3230.sdr.png	t1	-1	20	36107	17027.5267209945	43867.86700000043	88.432	
6000-lilith-scans-public-patents	imazen-26-png-v3/png-v3/6000-lilith-scans-public-patents/lynn_conway_us5046022_printrescangray300/6069_scans-patents_lynn-conway-us5046022-rescan-gray_p011_2479x3230.sdr.png	t1	-1	32	23763	18595.572343998356	63381.292000000074	84.709	
6000-lilith-scans-public-patents	imazen-26-png-v3/png-v3/6000-lilith-scans-public-patents/lynn_conway_us5046022_printrescangray300/6069_scans-patents_lynn-conway-us5046022-rescan-gray_p011_2479x3230.sdr.png	t1	-1	44	13311	19976.00421900279	101376.59800000011	76.930	
6000-lilith-scans-public-patents	imazen-26-png-v3/png-v3/6000-lilith-scans-public-patents/lynn_conway_us5046022_printrescangray300/6069_scans-patents_lynn-conway-us5046022-rescan-gray_p011_2479x3230.sdr.png	t1	2	20	36842	904.6283939969726	5685.471999999805	88.165	
6000-lilith-scans-public-patents	imazen-26-png-v3/png-v3/6000-lilith-scans-public-patents/lynn_conway_us5046022_printrescangray300/6069_scans-patents_lynn-conway-us5046022-rescan-gray_p011_2479x3230.sdr.png	t1	2	32	24598	1004.2085079912795	6605.669999999719	84.038	
6000-lilith-scans-public-patents	imazen-26-png-v3/png-v3/6000-lilith-scans-public-patents/lynn_conway_us5046022_printrescangray300/6069_scans-patents_lynn-conway-us5046022-rescan-gray_p011_2479x3230.sdr.png	t1	2	44	13913	1144.9497299909126	7828.477999999705	75.052	
6000-lilith-scans-public-patents	imazen-26-png-v3/png-v3/6000-lilith-scans-public-patents/lynn_conway_us5046022_printrescangray300/6069_scans-patents_lynn-conway-us5046022-rescan-gray_p011_2479x3230.sdr.png	t1	4	20	37651	325.5002399964724	381.7359999998473	88.038	
6000-lilith-scans-public-patents	imazen-26-png-v3/png-v3/6000-lilith-scans-public-patents/lynn_conway_us5046022_printrescangray300/6069_scans-patents_lynn-conway-us5046022-rescan-gray_p011_2479x3230.sdr.png	t1	4	32	25123	337.8939870017348	754.5549999995274	83.775	
6000-lilith-scans-public-patents	imazen-26-png-v3/png-v3/6000-lilith-scans-public-patents/lynn_conway_us5046022_printrescangray300/6069_scans-patents_lynn-conway-us5046022-rescan-gray_p011_2479x3230.sdr.png	t1	4	44	14075	332.1650270081591	1024.3920000000771	70.535	
6000-lilith-scans-public-patents	imazen-26-png-v3/png-v3/6000-lilith-scans-public-patents/lynn_conway_us5046022_printrescangray300/6069_scans-patents_lynn-conway-us5046022-rescan-gray_p011_2479x3230.sdr.png	t1	6	20	39932	110.16367298725527	386.8099999997128	88.289	
6000-lilith-scans-public-patents	imazen-26-png-v3/png-v3/6000-lilith-scans-public-patents/lynn_conway_us5046022_printrescangray300/6069_scans-patents_lynn-conway-us5046022-rescan-gray_p011_2479x3230.sdr.png	t1	6	32	26573	126.89843299449421	918.7240000002106	84.560	
6000-lilith-scans-public-patents	imazen-26-png-v3/png-v3/6000-lilith-scans-public-patents/lynn_conway_us5046022_printrescangray300/6069_scans-patents_lynn-conway-us5046022-rescan-gray_p011_2479x3230.sdr.png	t1	6	44	14544	130.3799449960934	1079.5180000002347	72.212	
6000-lilith-scans-public-patents	imazen-26-png-v3/png-v3/6000-lilith-scans-public-patents/lynn_conway_us5046022_printrescangray300/6069_scans-patents_lynn-conway-us5046022-rescan-gray_p011_2479x3230.sdr.png	t1	8	20	42383	247.64279001101386	4469.771000000236	86.738	
6000-lilith-scans-public-patents	imazen-26-png-v3/png-v3/6000-lilith-scans-public-patents/lynn_conway_us5046022_printrescangray300/6069_scans-patents_lynn-conway-us5046022-rescan-gray_p011_2479x3230.sdr.png	t1	8	32	27959	344.1323029983323	4524.512000000158	83.256	
6000-lilith-scans-public-patents	imazen-26-png-v3/png-v3/6000-lilith-scans-public-patents/lynn_conway_us5046022_printrescangray300/6069_scans-patents_lynn-conway-us5046022-rescan-gray_p011_2479x3230.sdr.png	t1	8	44	15275	283.39281301305164	218.99700000000166	68.860	
6000-lilith-scans-public-patents	imazen-26-png-v3/png-v3/6000-lilith-scans-public-patents/lynn_conway_us5046022_printrescangray300/6069_scans-patents_lynn-conway-us5046022-rescan-gray_p011_2479x3230.sdr.png	t1	10	20	45625	111.46418200223707	55.70300000007933	86.554	
6000-lilith-scans-public-patents	imazen-26-png-v3/png-v3/6000-lilith-scans-public-patents/lynn_conway_us5046022_printrescangray300/6069_scans-patents_lynn-conway-us5046022-rescan-gray_p011_2479x3230.sdr.png	t1	10	32	29349	147.25406099751126	172.35899999977278	80.940	
6000-lilith-scans-public-patents	imazen-26-png-v3/png-v3/6000-lilith-scans-public-patents/lynn_conway_us5046022_printrescangray300/6069_scans-patents_lynn-conway-us5046022-rescan-gray_p011_2479x3230.sdr.png	t1	10	44	15237	247.29228399519343	65.14900000004786	66.751	
6000-lilith-scans-public-patents	imazen-26-png-v3/png-v3/6000-lilith-scans-public-patents/lynn_conway_us5046022_printrescangray300/6069_scans-patents_lynn-conway-us5046022-rescan-gray_p011_2479x3230.sdr.png	t1	12	20	45625	377.57894200331066	48.58399999996266	86.554	
6000-lilith-scans-public-patents	imazen-26-png-v3/png-v3/6000-lilith-scans-public-patents/lynn_conway_us5046022_printrescangray300/6069_scans-patents_lynn-conway-us5046022-rescan-gray_p011_2479x3230.sdr.png	t1	12	32	29349	396.8258739914745	154.879999999892	80.940	
6000-lilith-scans-public-patents	imazen-26-png-v3/png-v3/6000-lilith-scans-public-patents/lynn_conway_us5046022_printrescangray300/6069_scans-patents_lynn-conway-us5046022-rescan-gray_p011_2479x3230.sdr.png	t1	12	44	15237	209.89226699748542	134.47499999968215	66.751	
6000-lilith-scans-public-patents	imazen-26-png-v3/png-v3/6000-lilith-scans-public-patents/lynn_conway_us5046022_printrescangray300/6069_scans-patents_lynn-conway-us5046022-rescan-gray_p011_2479x3230.sdr.png	t2	-1	20	35824	17008.576902007917	65345.51699999997	88.420	
6000-lilith-scans-public-patents	imazen-26-png-v3/png-v3/6000-lilith-scans-public-patents/lynn_conway_us5046022_printrescangray300/6069_scans-patents_lynn-conway-us5046022-rescan-gray_p011_2479x3230.sdr.png	t2	-1	32	23506	18759.094369001104	106524.4540000001	84.701	
6000-lilith-scans-public-patents	imazen-26-png-v3/png-v3/6000-lilith-scans-public-patents/lynn_conway_us5046022_printrescangray300/6069_scans-patents_lynn-conway-us5046022-rescan-gray_p011_2479x3230.sdr.png	t2	-1	44	13086	20537.101871988853	144343.3259999998	76.408	
6000-lilith-scans-public-patents	imazen-26-png-v3/png-v3/6000-lilith-scans-public-patents/lynn_conway_us5046022_printrescangray300/6069_scans-patents_lynn-conway-us5046022-rescan-gray_p011_2479x3230.sdr.png	t2	2	20	36226	900.8836629946018	1889.8810000001447	88.051	
6000-lilith-scans-public-patents	imazen-26-png-v3/png-v3/6000-lilith-scans-public-patents/lynn_conway_us5046022_printrescangray300/6069_scans-patents_lynn-conway-us5046022-rescan-gray_p011_2479x3230.sdr.png	t2	2	32	23988	977.3613519937498	2873.6420000002595	83.688	
6000-lilith-scans-public-patents	imazen-26-png-v3/png-v3/6000-lilith-scans-public-patents/lynn_conway_us5046022_printrescangray300/6069_scans-patents_lynn-conway-us5046022-rescan-gray_p011_2479x3230.sdr.png	t2	2	44	13479	1195.6643119920045	4104.022000000299	71.303	
6000-lilith-scans-public-patents	imazen-26-png-v3/png-v3/6000-lilith-scans-public-patents/lynn_conway_us5046022_printrescangray300/6069_scans-patents_lynn-conway-us5046022-rescan-gray_p011_2479x3230.sdr.png	t2	4	20	37122	300.7084169948939	349.1619999999358	87.798	
6000-lilith-scans-public-patents	imazen-26-png-v3/png-v3/6000-lilith-scans-public-patents/lynn_conway_us5046022_printrescangray300/6069_scans-patents_lynn-conway-us5046022-rescan-gray_p011_2479x3230.sdr.png	t2	4	32	24468	324.22631900408305	630.8180000001187	83.425	
6000-lilith-scans-public-patents	imazen-26-png-v3/png-v3/6000-lilith-scans-public-patents/lynn_conway_us5046022_printrescangray300/6069_scans-patents_lynn-conway-us5046022-rescan-gray_p011_2479x3230.sdr.png	t2	4	44	13705	317.13041399780195	893.7809999998763	70.064	
6000-lilith-scans-public-patents	imazen-26-png-v3/png-v3/6000-lilith-scans-public-patents/lynn_conway_us5046022_printrescangray300/6069_scans-patents_lynn-conway-us5046022-rescan-gray_p011_2479x3230.sdr.png	t2	6	20	39551	178.42124099843204	1812.6650000003792	87.995	
6000-lilith-scans-public-patents	imazen-26-png-v3/png-v3/6000-lilith-scans-public-patents/lynn_conway_us5046022_printrescangray300/6069_scans-patents_lynn-conway-us5046022-rescan-gray_p011_2479x3230.sdr.png	t2	6	32	26114	138.9993350021541	135.6599999999588	84.323	
6000-lilith-scans-public-patents	imazen-26-png-v3/png-v3/6000-lilith-scans-public-patents/lynn_conway_us5046022_printrescangray300/6069_scans-patents_lynn-conway-us5046022-rescan-gray_p011_2479x3230.sdr.png	t2	6	44	14249	148.07327699963935	1216.153000000105	71.870	
6000-lilith-scans-public-patents	imazen-26-png-v3/png-v3/6000-lilith-scans-public-patents/lynn_conway_us5046022_printrescangray300/6069_scans-patents_lynn-conway-us5046022-rescan-gray_p011_2479x3230.sdr.png	t2	8	20	41845	370.10342499706894	53.686999999953855	88.146	
6000-lilith-scans-public-patents	imazen-26-png-v3/png-v3/6000-lilith-scans-public-patents/lynn_conway_us5046022_printrescangray300/6069_scans-patents_lynn-conway-us5046022-rescan-gray_p011_2479x3230.sdr.png	t2	8	32	27436	77.5763760029804	116.08000000006768	83.002	
6000-lilith-scans-public-patents	imazen-26-png-v3/png-v3/6000-lilith-scans-public-patents/lynn_conway_us5046022_printrescangray300/6069_scans-patents_lynn-conway-us5046022-rescan-gray_p011_2479x3230.sdr.png	t2	8	44	14926	111.10462898795959	159.79700000046648	68.723	
6000-lilith-scans-public-patents	imazen-26-png-v3/png-v3/6000-lilith-scans-public-patents/lynn_conway_us5046022_printrescangray300/6069_scans-patents_lynn-conway-us5046022-rescan-gray_p011_2479x3230.sdr.png	t2	10	20	45070	80.0464269996155	126.54400000033661	87.894	
6000-lilith-scans-public-patents	imazen-26-png-v3/png-v3/6000-lilith-scans-public-patents/lynn_conway_us5046022_printrescangray300/6069_scans-patents_lynn-conway-us5046022-rescan-gray_p011_2479x3230.sdr.png	t2	10	32	28670	200.88772600865923	99.18300000001068	80.612	
6000-lilith-scans-public-patents	imazen-26-png-v3/png-v3/6000-lilith-scans-public-patents/lynn_conway_us5046022_printrescangray300/6069_scans-patents_lynn-conway-us5046022-rescan-gray_p011_2479x3230.sdr.png	t2	10	44	14892	100.4787299898453	74.27199999987977	66.869	
6000-lilith-scans-public-patents	imazen-26-png-v3/png-v3/6000-lilith-scans-public-patents/lynn_conway_us5046022_printrescangray300/6069_scans-patents_lynn-conway-us5046022-rescan-gray_p011_2479x3230.sdr.png	t2	12	20	45070	153.071328997612	121.76399999960097	87.894	
6000-lilith-scans-public-patents	imazen-26-png-v3/png-v3/6000-lilith-scans-public-patents/lynn_conway_us5046022_printrescangray300/6069_scans-patents_lynn-conway-us5046022-rescan-gray_p011_2479x3230.sdr.png	t2	12	32	28670	121.95534599595703	41.18499999991343	80.612	
6000-lilith-scans-public-patents	imazen-26-png-v3/png-v3/6000-lilith-scans-public-patents/lynn_conway_us5046022_printrescangray300/6069_scans-patents_lynn-conway-us5046022-rescan-gray_p011_2479x3230.sdr.png	t2	12	44	14892	104.47489900980145	80.017999999626	66.869	
6000-lilith-scans-public-patents	imazen-26-png-v3/png-v3/6000-lilith-scans-public-patents/lynn_conway_us5046022_printrescangray300/6069_scans-patents_lynn-conway-us5046022-rescan-gray_p011_2479x3230.sdr.png	t3	-1	20	36702	16818.17294600478	118798.25600000039	DEC-ERR	
6000-lilith-scans-public-patents	imazen-26-png-v3/png-v3/6000-lilith-scans-public-patents/lynn_conway_us5046022_printrescangray300/6069_scans-patents_lynn-conway-us5046022-rescan-gray_p011_2479x3230.sdr.png	t3	-1	32	24107	18926.638253004057	162739.11100000003	DEC-ERR	
6000-lilith-scans-public-patents	imazen-26-png-v3/png-v3/6000-lilith-scans-public-patents/lynn_conway_us5046022_printrescangray300/6069_scans-patents_lynn-conway-us5046022-rescan-gray_p011_2479x3230.sdr.png	t3	-1	44	13621	20601.722132996656	200941.2989999998	DEC-ERR	
6000-lilith-scans-public-patents	imazen-26-png-v3/png-v3/6000-lilith-scans-public-patents/lynn_conway_us5046022_printrescangray300/6069_scans-patents_lynn-conway-us5046022-rescan-gray_p011_2479x3230.sdr.png	t3	2	20	36702	869.0979679959128	935.5780000001204	88.309	
6000-lilith-scans-public-patents	imazen-26-png-v3/png-v3/6000-lilith-scans-public-patents/lynn_conway_us5046022_printrescangray300/6069_scans-patents_lynn-conway-us5046022-rescan-gray_p011_2479x3230.sdr.png	t3	2	32	24247	968.922255007783	1860.4040000000452	83.847	
6000-lilith-scans-public-patents	imazen-26-png-v3/png-v3/6000-lilith-scans-public-patents/lynn_conway_us5046022_printrescangray300/6069_scans-patents_lynn-conway-us5046022-rescan-gray_p011_2479x3230.sdr.png	t3	2	44	13771	1256.0308240063023	3154.107000000195	70.963	
6000-lilith-scans-public-patents	imazen-26-png-v3/png-v3/6000-lilith-scans-public-patents/lynn_conway_us5046022_printrescangray300/6069_scans-patents_lynn-conway-us5046022-rescan-gray_p011_2479x3230.sdr.png	t3	4	20	37915	314.55471301160287	1598.008000000334	88.107	
6000-lilith-scans-public-patents	imazen-26-png-v3/png-v3/6000-lilith-scans-public-patents/lynn_conway_us5046022_printrescangray300/6069_scans-patents_lynn-conway-us5046022-rescan-gray_p011_2479x3230.sdr.png	t3	4	32	24629	335.39331700012553	1930.344000000005	83.466	
6000-lilith-scans-public-patents	imazen-26-png-v3/png-v3/6000-lilith-scans-public-patents/lynn_conway_us5046022_printrescangray300/6069_scans-patents_lynn-conway-us5046022-rescan-gray_p011_2479x3230.sdr.png	t3	4	44	14078	321.3934399973368	664.4129999999393	70.032	
6000-lilith-scans-public-patents	imazen-26-png-v3/png-v3/6000-lilith-scans-public-patents/lynn_conway_us5046022_printrescangray300/6069_scans-patents_lynn-conway-us5046022-rescan-gray_p011_2479x3230.sdr.png	t3	6	20	38753	141.83048100676388	436.099999999783	88.007	
6000-lilith-scans-public-patents	imazen-26-png-v3/png-v3/6000-lilith-scans-public-patents/lynn_conway_us5046022_printrescangray300/6069_scans-patents_lynn-conway-us5046022-rescan-gray_p011_2479x3230.sdr.png	t3	6	32	25277	126.80517599801533	198.4560000002773	83.978	
6000-lilith-scans-public-patents	imazen-26-png-v3/png-v3/6000-lilith-scans-public-patents/lynn_conway_us5046022_printrescangray300/6069_scans-patents_lynn-conway-us5046022-rescan-gray_p011_2479x3230.sdr.png	t3	6	44	14419	123.55441199906636	82.32200000006173	71.458	
6000-lilith-scans-public-patents	imazen-26-png-v3/png-v3/6000-lilith-scans-public-patents/lynn_conway_us5046022_printrescangray300/6069_scans-patents_lynn-conway-us5046022-rescan-gray_p011_2479x3230.sdr.png	t3	8	20	41237	80.0557740003569	64.35100000001626	87.687	
6000-lilith-scans-public-patents	imazen-26-png-v3/png-v3/6000-lilith-scans-public-patents/lynn_conway_us5046022_printrescangray300/6069_scans-patents_lynn-conway-us5046022-rescan-gray_p011_2479x3230.sdr.png	t3	8	32	26913	113.56679500022437	65.87700000015673	81.826	
6000-lilith-scans-public-patents	imazen-26-png-v3/png-v3/6000-lilith-scans-public-patents/lynn_conway_us5046022_printrescangray300/6069_scans-patents_lynn-conway-us5046022-rescan-gray_p011_2479x3230.sdr.png	t3	8	44	15448	91.25843000947498	61.336999999653585	69.026	
6000-lilith-scans-public-patents	imazen-26-png-v3/png-v3/6000-lilith-scans-public-patents/lynn_conway_us5046022_printrescangray300/6069_scans-patents_lynn-conway-us5046022-rescan-gray_p011_2479x3230.sdr.png	t3	10	20	42097	97.3295089934254	50.787999999784006	87.430	
6000-lilith-scans-public-patents	imazen-26-png-v3/png-v3/6000-lilith-scans-public-patents/lynn_conway_us5046022_printrescangray300/6069_scans-patents_lynn-conway-us5046022-rescan-gray_p011_2479x3230.sdr.png	t3	10	32	26980	107.28052699414548	50.587999999905264	81.299	
6000-lilith-scans-public-patents	imazen-26-png-v3/png-v3/6000-lilith-scans-public-patents/lynn_conway_us5046022_printrescangray300/6069_scans-patents_lynn-conway-us5046022-rescan-gray_p011_2479x3230.sdr.png	t3	10	44	15172	79.2002600064734	55.844000000192295	68.575	
6000-lilith-scans-public-patents	imazen-26-png-v3/png-v3/6000-lilith-scans-public-patents/lynn_conway_us5046022_printrescangray300/6069_scans-patents_lynn-conway-us5046022-rescan-gray_p011_2479x3230.sdr.png	t3	12	20	42097	66.80190400220454	50.55800000003785	87.430	
6000-lilith-scans-public-patents	imazen-26-png-v3/png-v3/6000-lilith-scans-public-patents/lynn_conway_us5046022_printrescangray300/6069_scans-patents_lynn-conway-us5046022-rescan-gray_p011_2479x3230.sdr.png	t3	12	32	26980	75.10109500435647	49.7760000000369	81.299	
6000-lilith-scans-public-patents	imazen-26-png-v3/png-v3/6000-lilith-scans-public-patents/lynn_conway_us5046022_printrescangray300/6069_scans-patents_lynn-conway-us5046022-rescan-gray_p011_2479x3230.sdr.png	t3	12	44	15172	87.72927700192668	49.602999999819986	68.575	
6000-lilith-scans-public-patents	imazen-26-png-v3/png-v3/6000-lilith-scans-public-patents/lynn_conway_us5046022_printrescangray300/6069_scans-patents_lynn-conway-us5046022-rescan-gray_p011_2479x3230.sdr.png	t4	-1	20	38205	16751.293624998652	174868.25700000022	DEC-ERR	
6000-lilith-scans-public-patents	imazen-26-png-v3/png-v3/6000-lilith-scans-public-patents/lynn_conway_us5046022_printrescangray300/6069_scans-patents_lynn-conway-us5046022-rescan-gray_p011_2479x3230.sdr.png	t4	-1	32	25426	19816.92014199507	220310.4530000002	DEC-ERR	
6000-lilith-scans-public-patents	imazen-26-png-v3/png-v3/6000-lilith-scans-public-patents/lynn_conway_us5046022_printrescangray300/6069_scans-patents_lynn-conway-us5046022-rescan-gray_p011_2479x3230.sdr.png	t4	-1	44	14437	21505.90303700301	244013.81199999992	DEC-ERR	
6000-lilith-scans-public-patents	imazen-26-png-v3/png-v3/6000-lilith-scans-public-patents/lynn_conway_us5046022_printrescangray300/6069_scans-patents_lynn-conway-us5046022-rescan-gray_p011_2479x3230.sdr.png	t4	2	20	37594	867.4124469980597	867.161999999837	88.411	
6000-lilith-scans-public-patents	imazen-26-png-v3/png-v3/6000-lilith-scans-public-patents/lynn_conway_us5046022_printrescangray300/6069_scans-patents_lynn-conway-us5046022-rescan-gray_p011_2479x3230.sdr.png	t4	2	32	24986	944.9207139987266	19551.13299999975	84.319	
6000-lilith-scans-public-patents	imazen-26-png-v3/png-v3/6000-lilith-scans-public-patents/lynn_conway_us5046022_printrescangray300/6069_scans-patents_lynn-conway-us5046022-rescan-gray_p011_2479x3230.sdr.png	t4	2	44	14237	1249.1223149991129	39208.11299999979	71.467	
6000-lilith-scans-public-patents	imazen-26-png-v3/png-v3/6000-lilith-scans-public-patents/lynn_conway_us5046022_printrescangray300/6069_scans-patents_lynn-conway-us5046022-rescan-gray_p011_2479x3230.sdr.png	t4	4	20	38633	296.471430992824	296.27299999985723	88.438	
6000-lilith-scans-public-patents	imazen-26-png-v3/png-v3/6000-lilith-scans-public-patents/lynn_conway_us5046022_printrescangray300/6069_scans-patents_lynn-conway-us5046022-rescan-gray_p011_2479x3230.sdr.png	t4	4	32	25476	357.200340993586	442.4979999999721	83.696	
6000-lilith-scans-public-patents	imazen-26-png-v3/png-v3/6000-lilith-scans-public-patents/lynn_conway_us5046022_printrescangray300/6069_scans-patents_lynn-conway-us5046022-rescan-gray_p011_2479x3230.sdr.png	t4	4	44	14341	359.13715900096577	869.9179999997426	70.442	
6000-lilith-scans-public-patents	imazen-26-png-v3/png-v3/6000-lilith-scans-public-patents/lynn_conway_us5046022_printrescangray300/6069_scans-patents_lynn-conway-us5046022-rescan-gray_p011_2479x3230.sdr.png	t4	6	20	39281	154.87540399772115	502.41900000010276	88.217	
6000-lilith-scans-public-patents	imazen-26-png-v3/png-v3/6000-lilith-scans-public-patents/lynn_conway_us5046022_printrescangray300/6069_scans-patents_lynn-conway-us5046022-rescan-gray_p011_2479x3230.sdr.png	t4	6	32	25806	114.68894699646626	520.0199999997182	84.357	
6000-lilith-scans-public-patents	imazen-26-png-v3/png-v3/6000-lilith-scans-public-patents/lynn_conway_us5046022_printrescangray300/6069_scans-patents_lynn-conway-us5046022-rescan-gray_p011_2479x3230.sdr.png	t4	6	44	14724	293.1405050039757	182.7309999998903	71.896	
6000-lilith-scans-public-patents	imazen-26-png-v3/png-v3/6000-lilith-scans-public-patents/lynn_conway_us5046022_printrescangray300/6069_scans-patents_lynn-conway-us5046022-rescan-gray_p011_2479x3230.sdr.png	t4	8	20	41357	57.28471999464091	252.48200000024212	87.854	
6000-lilith-scans-public-patents	imazen-26-png-v3/png-v3/6000-lilith-scans-public-patents/lynn_conway_us5046022_printrescangray300/6069_scans-patents_lynn-conway-us5046022-rescan-gray_p011_2479x3230.sdr.png	t4	8	32	27076	56.952538987388834	170.07300000024372	82.087	
6000-lilith-scans-public-patents	imazen-26-png-v3/png-v3/6000-lilith-scans-public-patents/lynn_conway_us5046022_printrescangray300/6069_scans-patents_lynn-conway-us5046022-rescan-gray_p011_2479x3230.sdr.png	t4	8	44	15463	50.8909769996535	230.36399999969603	68.668	
6000-lilith-scans-public-patents	imazen-26-png-v3/png-v3/6000-lilith-scans-public-patents/lynn_conway_us5046022_printrescangray300/6069_scans-patents_lynn-conway-us5046022-rescan-gray_p011_2479x3230.sdr.png	t4	10	20	43196	271.0446220007725	43.77599999985193	87.286	
6000-lilith-scans-public-patents	imazen-26-png-v3/png-v3/6000-lilith-scans-public-patents/lynn_conway_us5046022_printrescangray300/6069_scans-patents_lynn-conway-us5046022-rescan-gray_p011_2479x3230.sdr.png	t4	10	32	27611	102.49597999791149	117.11699999959535	80.510	
6000-lilith-scans-public-patents	imazen-26-png-v3/png-v3/6000-lilith-scans-public-patents/lynn_conway_us5046022_printrescangray300/6069_scans-patents_lynn-conway-us5046022-rescan-gray_p011_2479x3230.sdr.png	t4	10	44	15317	87.04194199526682	117.11699999959535	68.587	
6000-lilith-scans-public-patents	imazen-26-png-v3/png-v3/6000-lilith-scans-public-patents/lynn_conway_us5046022_printrescangray300/6069_scans-patents_lynn-conway-us5046022-rescan-gray_p011_2479x3230.sdr.png	t4	12	20	43196	88.5713570023654	174.89199999963034	87.286	
6000-lilith-scans-public-patents	imazen-26-png-v3/png-v3/6000-lilith-scans-public-patents/lynn_conway_us5046022_printrescangray300/6069_scans-patents_lynn-conway-us5046022-rescan-gray_p011_2479x3230.sdr.png	t4	12	32	27611	173.3791860024212	50.9029999998063	80.510	
6000-lilith-scans-public-patents	imazen-26-png-v3/png-v3/6000-lilith-scans-public-patents/lynn_conway_us5046022_printrescangray300/6069_scans-patents_lynn-conway-us5046022-rescan-gray_p011_2479x3230.sdr.png	t4	12	44	15317	111.88718600897118	40.80399999999429	68.587	
6000-lilith-scans-public-patents	imazen-26-png-v3/png-v3/6000-lilith-scans-public-patents/lynn_conway_us5046022_printrescangray300/6069_scans-patents_lynn-conway-us5046022-rescan-gray_p011_2479x3230.sdr.png	st	-1	20	35210	16348.740044995793	167546.10199999964	DEC-ERR	
6000-lilith-scans-public-patents	imazen-26-png-v3/png-v3/6000-lilith-scans-public-patents/lynn_conway_us5046022_printrescangray300/6069_scans-patents_lynn-conway-us5046022-rescan-gray_p011_2479x3230.sdr.png	st	-1	32	22739	18516.286944010062	187976.05599999984	DEC-ERR	
6000-lilith-scans-public-patents	imazen-26-png-v3/png-v3/6000-lilith-scans-public-patents/lynn_conway_us5046022_printrescangray300/6069_scans-patents_lynn-conway-us5046022-rescan-gray_p011_2479x3230.sdr.png	st	-1	44	12479	19730.460478007444	208437.95200000005	DEC-ERR	
6000-lilith-scans-public-patents	imazen-26-png-v3/png-v3/6000-lilith-scans-public-patents/lynn_conway_us5046022_printrescangray300/6069_scans-patents_lynn-conway-us5046022-rescan-gray_p011_2479x3230.sdr.png	st	2	20	35993	853.6991449946072	21416.784999999734	88.145	
6000-lilith-scans-public-patents	imazen-26-png-v3/png-v3/6000-lilith-scans-public-patents/lynn_conway_us5046022_printrescangray300/6069_scans-patents_lynn-conway-us5046022-rescan-gray_p011_2479x3230.sdr.png	st	2	32	23585	955.0135309982579	22383.491999999875	83.559	
6000-lilith-scans-public-patents	imazen-26-png-v3/png-v3/6000-lilith-scans-public-patents/lynn_conway_us5046022_printrescangray300/6069_scans-patents_lynn-conway-us5046022-rescan-gray_p011_2479x3230.sdr.png	st	2	44	13262	1231.4874940057052	23949.409999999858	70.581	
6000-lilith-scans-public-patents	imazen-26-png-v3/png-v3/6000-lilith-scans-public-patents/lynn_conway_us5046022_printrescangray300/6069_scans-patents_lynn-conway-us5046022-rescan-gray_p011_2479x3230.sdr.png	st	4	20	37127	324.7740899969358	1277.0900000000865	87.910	
6000-lilith-scans-public-patents	imazen-26-png-v3/png-v3/6000-lilith-scans-public-patents/lynn_conway_us5046022_printrescangray300/6069_scans-patents_lynn-conway-us5046022-rescan-gray_p011_2479x3230.sdr.png	st	4	32	24030	376.4479039964499	1893.7259999999583	83.022	
6000-lilith-scans-public-patents	imazen-26-png-v3/png-v3/6000-lilith-scans-public-patents/lynn_conway_us5046022_printrescangray300/6069_scans-patents_lynn-conway-us5046022-rescan-gray_p011_2479x3230.sdr.png	st	4	44	13603	317.92415100790095	1853.9219999997981	69.310	
6000-lilith-scans-public-patents	imazen-26-png-v3/png-v3/6000-lilith-scans-public-patents/lynn_conway_us5046022_printrescangray300/6069_scans-patents_lynn-conway-us5046022-rescan-gray_p011_2479x3230.sdr.png	st	6	20	37933	279.76811899861787	144.5439999998257	87.851	
6000-lilith-scans-public-patents	imazen-26-png-v3/png-v3/6000-lilith-scans-public-patents/lynn_conway_us5046022_printrescangray300/6069_scans-patents_lynn-conway-us5046022-rescan-gray_p011_2479x3230.sdr.png	st	6	32	24573	134.56146699900273	138.34299999943767	83.765	
6000-lilith-scans-public-patents	imazen-26-png-v3/png-v3/6000-lilith-scans-public-patents/lynn_conway_us5046022_printrescangray300/6069_scans-patents_lynn-conway-us5046022-rescan-gray_p011_2479x3230.sdr.png	st	6	44	13850	124.8746810015291	216.9999999996577	71.360	
6000-lilith-scans-public-patents	imazen-26-png-v3/png-v3/6000-lilith-scans-public-patents/lynn_conway_us5046022_printrescangray300/6069_scans-patents_lynn-conway-us5046022-rescan-gray_p011_2479x3230.sdr.png	st	8	20	40357	109.48763799387962	19018.663000000073	87.579	
6000-lilith-scans-public-patents	imazen-26-png-v3/png-v3/6000-lilith-scans-public-patents/lynn_conway_us5046022_printrescangray300/6069_scans-patents_lynn-conway-us5046022-rescan-gray_p011_2479x3230.sdr.png	st	8	32	26092	82.20166899263859	95.49700000003725	81.414	
6000-lilith-scans-public-patents	imazen-26-png-v3/png-v3/6000-lilith-scans-public-patents/lynn_conway_us5046022_printrescangray300/6069_scans-patents_lynn-conway-us5046022-rescan-gray_p011_2479x3230.sdr.png	st	8	44	14748	204.7125609969953	145.5079999998361	68.258	
6000-lilith-scans-public-patents	imazen-26-png-v3/png-v3/6000-lilith-scans-public-patents/lynn_conway_us5046022_printrescangray300/6069_scans-patents_lynn-conway-us5046022-rescan-gray_p011_2479x3230.sdr.png	st	10	20	41171	265.6867979967501	141.46900000055496	87.273	
6000-lilith-scans-public-patents	imazen-26-png-v3/png-v3/6000-lilith-scans-public-patents/lynn_conway_us5046022_printrescangray300/6069_scans-patents_lynn-conway-us5046022-rescan-gray_p011_2479x3230.sdr.png	st	10	32	25990	122.40021099569276	101.20800000029817	80.747	
6000-lilith-scans-public-patents	imazen-26-png-v3/png-v3/6000-lilith-scans-public-patents/lynn_conway_us5046022_printrescangray300/6069_scans-patents_lynn-conway-us5046022-rescan-gray_p011_2479x3230.sdr.png	st	10	44	14426	110.94617799972184	91.36099999993519	67.562	
6000-lilith-scans-public-patents	imazen-26-png-v3/png-v3/6000-lilith-scans-public-patents/lynn_conway_us5046022_printrescangray300/6069_scans-patents_lynn-conway-us5046022-rescan-gray_p011_2479x3230.sdr.png	st	12	20	41171	258.6005689954618	99.93400000003305	87.273	
6000-lilith-scans-public-patents	imazen-26-png-v3/png-v3/6000-lilith-scans-public-patents/lynn_conway_us5046022_printrescangray300/6069_scans-patents_lynn-conway-us5046022-rescan-gray_p011_2479x3230.sdr.png	st	12	32	25990	241.65817500033882	138.95600000043373	80.747	
6000-lilith-scans-public-patents	imazen-26-png-v3/png-v3/6000-lilith-scans-public-patents/lynn_conway_us5046022_printrescangray300/6069_scans-patents_lynn-conway-us5046022-rescan-gray_p011_2479x3230.sdr.png	st	12	44	14426	186.7419019981753	97.64300000028925	67.562	
6000-lilith-scans-public-patents	imazen-26-png-v3/png-v3/6000-lilith-scans-public-patents/martha_jones_us77494_printrescancolor300/6093_scans-patents_martha-jones-us77494-rescan-color_p002_2479x3230.sdr.png	t1	-1	20	34658	16411.599180995836	164908.22799999994	84.076	
6000-lilith-scans-public-patents	imazen-26-png-v3/png-v3/6000-lilith-scans-public-patents/martha_jones_us77494_printrescancolor300/6093_scans-patents_martha-jones-us77494-rescan-color_p002_2479x3230.sdr.png	t1	-1	32	22995	18976.396008991287	185157.97699999996	80.608	
6000-lilith-scans-public-patents	imazen-26-png-v3/png-v3/6000-lilith-scans-public-patents/martha_jones_us77494_printrescancolor300/6093_scans-patents_martha-jones-us77494-rescan-color_p002_2479x3230.sdr.png	t1	-1	44	13998	21821.78419000411	228338.70199999984	73.973	
6000-lilith-scans-public-patents	imazen-26-png-v3/png-v3/6000-lilith-scans-public-patents/martha_jones_us77494_printrescancolor300/6093_scans-patents_martha-jones-us77494-rescan-color_p002_2479x3230.sdr.png	t1	2	20	34943	876.3763710012427	38579.12000000024	83.334	
6000-lilith-scans-public-patents	imazen-26-png-v3/png-v3/6000-lilith-scans-public-patents/martha_jones_us77494_printrescancolor300/6093_scans-patents_martha-jones-us77494-rescan-color_p002_2479x3230.sdr.png	t1	2	32	23609	980.8031080028741	39515.778000000086	79.973	
6000-lilith-scans-public-patents	imazen-26-png-v3/png-v3/6000-lilith-scans-public-patents/martha_jones_us77494_printrescancolor300/6093_scans-patents_martha-jones-us77494-rescan-color_p002_2479x3230.sdr.png	t1	2	44	14363	1275.078057005885	24504.689999999813	73.309	
6000-lilith-scans-public-patents	imazen-26-png-v3/png-v3/6000-lilith-scans-public-patents/martha_jones_us77494_printrescancolor300/6093_scans-patents_martha-jones-us77494-rescan-color_p002_2479x3230.sdr.png	t1	4	20	36304	312.9986770072719	312.699999999964	83.266	
6000-lilith-scans-public-patents	imazen-26-png-v3/png-v3/6000-lilith-scans-public-patents/martha_jones_us77494_printrescancolor300/6093_scans-patents_martha-jones-us77494-rescan-color_p002_2479x3230.sdr.png	t1	4	32	24487	355.57007500028703	2181.1780000001872	79.644	
6000-lilith-scans-public-patents	imazen-26-png-v3/png-v3/6000-lilith-scans-public-patents/martha_jones_us77494_printrescancolor300/6093_scans-patents_martha-jones-us77494-rescan-color_p002_2479x3230.sdr.png	t1	4	44	14696	329.7382479941007	1776.268000000215	70.882	
6000-lilith-scans-public-patents	imazen-26-png-v3/png-v3/6000-lilith-scans-public-patents/martha_jones_us77494_printrescancolor300/6093_scans-patents_martha-jones-us77494-rescan-color_p002_2479x3230.sdr.png	t1	6	20	38747	159.72741899895482	1433.306999999843	82.823	
6000-lilith-scans-public-patents	imazen-26-png-v3/png-v3/6000-lilith-scans-public-patents/martha_jones_us77494_printrescancolor300/6093_scans-patents_martha-jones-us77494-rescan-color_p002_2479x3230.sdr.png	t1	6	32	26103	139.2179389949888	1825.0490000001919	80.441	
6000-lilith-scans-public-patents	imazen-26-png-v3/png-v3/6000-lilith-scans-public-patents/martha_jones_us77494_printrescancolor300/6093_scans-patents_martha-jones-us77494-rescan-color_p002_2479x3230.sdr.png	t1	6	44	15443	154.7573400021065	404.4450000000097	73.267	
6000-lilith-scans-public-patents	imazen-26-png-v3/png-v3/6000-lilith-scans-public-patents/martha_jones_us77494_printrescancolor300/6093_scans-patents_martha-jones-us77494-rescan-color_p002_2479x3230.sdr.png	t1	8	20	42939	66.10547100717667	133.24200000022302	83.904	
6000-lilith-scans-public-patents	imazen-26-png-v3/png-v3/6000-lilith-scans-public-patents/martha_jones_us77494_printrescancolor300/6093_scans-patents_martha-jones-us77494-rescan-color_p002_2479x3230.sdr.png	t1	8	32	28366	100.1008820021525	234.86299999997584	78.443	
6000-lilith-scans-public-patents	imazen-26-png-v3/png-v3/6000-lilith-scans-public-patents/martha_jones_us77494_printrescancolor300/6093_scans-patents_martha-jones-us77494-rescan-color_p002_2479x3230.sdr.png	t1	8	44	16016	81.32578599906992	201.05000000013717	67.755	
6000-lilith-scans-public-patents	imazen-26-png-v3/png-v3/6000-lilith-scans-public-patents/martha_jones_us77494_printrescancolor300/6093_scans-patents_martha-jones-us77494-rescan-color_p002_2479x3230.sdr.png	t1	10	20	47609	76.96808100445196	186.105000000083	83.668	
6000-lilith-scans-public-patents	imazen-26-png-v3/png-v3/6000-lilith-scans-public-patents/martha_jones_us77494_printrescancolor300/6093_scans-patents_martha-jones-us77494-rescan-color_p002_2479x3230.sdr.png	t1	10	32	30814	78.08419999491889	246.4949999997259	77.620	
6000-lilith-scans-public-patents	imazen-26-png-v3/png-v3/6000-lilith-scans-public-patents/martha_jones_us77494_printrescancolor300/6093_scans-patents_martha-jones-us77494-rescan-color_p002_2479x3230.sdr.png	t1	10	44	16348	58.81699899327941	92.350999999951	66.271	
6000-lilith-scans-public-patents	imazen-26-png-v3/png-v3/6000-lilith-scans-public-patents/martha_jones_us77494_printrescancolor300/6093_scans-patents_martha-jones-us77494-rescan-color_p002_2479x3230.sdr.png	t1	12	20	47609	131.22469899826683	277.6850000000479	83.668	
6000-lilith-scans-public-patents	imazen-26-png-v3/png-v3/6000-lilith-scans-public-patents/martha_jones_us77494_printrescancolor300/6093_scans-patents_martha-jones-us77494-rescan-color_p002_2479x3230.sdr.png	t1	12	32	30814	108.34167199209332	160.63500000004183	77.620	
6000-lilith-scans-public-patents	imazen-26-png-v3/png-v3/6000-lilith-scans-public-patents/martha_jones_us77494_printrescancolor300/6093_scans-patents_martha-jones-us77494-rescan-color_p002_2479x3230.sdr.png	t1	12	44	16348	101.17193599580787	193.43000000020538	66.271	
6000-lilith-scans-public-patents	imazen-26-png-v3/png-v3/6000-lilith-scans-public-patents/martha_jones_us77494_printrescancolor300/6093_scans-patents_martha-jones-us77494-rescan-color_p002_2479x3230.sdr.png	t2	-1	20	34400	16582.538982998813	141343.47300000003	83.978	
6000-lilith-scans-public-patents	imazen-26-png-v3/png-v3/6000-lilith-scans-public-patents/martha_jones_us77494_printrescancolor300/6093_scans-patents_martha-jones-us77494-rescan-color_p002_2479x3230.sdr.png	t2	-1	32	22860	19309.38538099872	185830.0249999997	80.426	
6000-lilith-scans-public-patents	imazen-26-png-v3/png-v3/6000-lilith-scans-public-patents/martha_jones_us77494_printrescancolor300/6093_scans-patents_martha-jones-us77494-rescan-color_p002_2479x3230.sdr.png	t2	-1	44	13920	21199.553698999807	225681.93199999997	74.226	
6000-lilith-scans-public-patents	imazen-26-png-v3/png-v3/6000-lilith-scans-public-patents/martha_jones_us77494_printrescancolor300/6093_scans-patents_martha-jones-us77494-rescan-color_p002_2479x3230.sdr.png	t2	2	20	34556	865.741072993842	898.3979999996023	83.248	
6000-lilith-scans-public-patents	imazen-26-png-v3/png-v3/6000-lilith-scans-public-patents/martha_jones_us77494_printrescancolor300/6093_scans-patents_martha-jones-us77494-rescan-color_p002_2479x3230.sdr.png	t2	2	32	23359	962.3407159961062	1822.4580000000828	80.079	
6000-lilith-scans-public-patents	imazen-26-png-v3/png-v3/6000-lilith-scans-public-patents/martha_jones_us77494_printrescancolor300/6093_scans-patents_martha-jones-us77494-rescan-color_p002_2479x3230.sdr.png	t2	2	44	14137	1158.2439159974456	23824.958999999908	72.071	
6000-lilith-scans-public-patents	imazen-26-png-v3/png-v3/6000-lilith-scans-public-patents/martha_jones_us77494_printrescancolor300/6093_scans-patents_martha-jones-us77494-rescan-color_p002_2479x3230.sdr.png	t2	4	20	35943	315.38713299960364	21821.22099999981	82.944	
6000-lilith-scans-public-patents	imazen-26-png-v3/png-v3/6000-lilith-scans-public-patents/martha_jones_us77494_printrescancolor300/6093_scans-patents_martha-jones-us77494-rescan-color_p002_2479x3230.sdr.png	t2	4	32	24146	333.90158400288783	643.0690000004233	79.385	
6000-lilith-scans-public-patents	imazen-26-png-v3/png-v3/6000-lilith-scans-public-patents/martha_jones_us77494_printrescancolor300/6093_scans-patents_martha-jones-us77494-rescan-color_p002_2479x3230.sdr.png	t2	4	44	14425	356.8765960080782	474.95899999975677	70.488	
6000-lilith-scans-public-patents	imazen-26-png-v3/png-v3/6000-lilith-scans-public-patents/martha_jones_us77494_printrescancolor300/6093_scans-patents_martha-jones-us77494-rescan-color_p002_2479x3230.sdr.png	t2	6	20	38444	118.17173099552747	117.9820000002394	82.675	
6000-lilith-scans-public-patents	imazen-26-png-v3/png-v3/6000-lilith-scans-public-patents/martha_jones_us77494_printrescancolor300/6093_scans-patents_martha-jones-us77494-rescan-color_p002_2479x3230.sdr.png	t2	6	32	25839	174.13068300811574	152.16599999985192	80.292	
6000-lilith-scans-public-patents	imazen-26-png-v3/png-v3/6000-lilith-scans-public-patents/martha_jones_us77494_printrescancolor300/6093_scans-patents_martha-jones-us77494-rescan-color_p002_2479x3230.sdr.png	t2	6	44	15161	146.27961000951473	142.99800000040364	72.681	
6000-lilith-scans-public-patents	imazen-26-png-v3/png-v3/6000-lilith-scans-public-patents/martha_jones_us77494_printrescancolor300/6093_scans-patents_martha-jones-us77494-rescan-color_p002_2479x3230.sdr.png	t2	8	20	42612	126.82622599822935	175.59500000024286	83.729	
6000-lilith-scans-public-patents	imazen-26-png-v3/png-v3/6000-lilith-scans-public-patents/martha_jones_us77494_printrescancolor300/6093_scans-patents_martha-jones-us77494-rescan-color_p002_2479x3230.sdr.png	t2	8	32	28056	96.42078301112633	100.3579999999289	78.152	
6000-lilith-scans-public-patents	imazen-26-png-v3/png-v3/6000-lilith-scans-public-patents/martha_jones_us77494_printrescancolor300/6093_scans-patents_martha-jones-us77494-rescan-color_p002_2479x3230.sdr.png	t2	8	44	15794	98.16838199913036	70.00600000037593	67.510	
6000-lilith-scans-public-patents	imazen-26-png-v3/png-v3/6000-lilith-scans-public-patents/martha_jones_us77494_printrescancolor300/6093_scans-patents_martha-jones-us77494-rescan-color_p002_2479x3230.sdr.png	t2	10	20	47244	97.36931399675086	60.235999999818546	83.514	
6000-lilith-scans-public-patents	imazen-26-png-v3/png-v3/6000-lilith-scans-public-patents/martha_jones_us77494_printrescancolor300/6093_scans-patents_martha-jones-us77494-rescan-color_p002_2479x3230.sdr.png	t2	10	32	30483	83.55852599197533	67.78399999970475	77.364	
6000-lilith-scans-public-patents	imazen-26-png-v3/png-v3/6000-lilith-scans-public-patents/martha_jones_us77494_printrescancolor300/6093_scans-patents_martha-jones-us77494-rescan-color_p002_2479x3230.sdr.png	t2	10	44	16065	116.39227101113647	58.244999999999436	66.108	
6000-lilith-scans-public-patents	imazen-26-png-v3/png-v3/6000-lilith-scans-public-patents/martha_jones_us77494_printrescancolor300/6093_scans-patents_martha-jones-us77494-rescan-color_p002_2479x3230.sdr.png	t2	12	20	47244	91.87406899582129	60.25900000001627	83.514	
6000-lilith-scans-public-patents	imazen-26-png-v3/png-v3/6000-lilith-scans-public-patents/martha_jones_us77494_printrescancolor300/6093_scans-patents_martha-jones-us77494-rescan-color_p002_2479x3230.sdr.png	t2	12	32	30483	97.46025699132588	59.705999999934534	77.364	
6000-lilith-scans-public-patents	imazen-26-png-v3/png-v3/6000-lilith-scans-public-patents/martha_jones_us77494_printrescancolor300/6093_scans-patents_martha-jones-us77494-rescan-color_p002_2479x3230.sdr.png	t2	12	44	16065	96.6239990084432	65.70800000007182	66.108	
6000-lilith-scans-public-patents	imazen-26-png-v3/png-v3/6000-lilith-scans-public-patents/martha_jones_us77494_printrescancolor300/6093_scans-patents_martha-jones-us77494-rescan-color_p002_2479x3230.sdr.png	t3	-1	20	34740	16489.457350995508	175576.12200000024	DEC-ERR	
6000-lilith-scans-public-patents	imazen-26-png-v3/png-v3/6000-lilith-scans-public-patents/martha_jones_us77494_printrescancolor300/6093_scans-patents_martha-jones-us77494-rescan-color_p002_2479x3230.sdr.png	t3	-1	32	22521	18904.444725005305	221001.6579999999	DEC-ERR	
6000-lilith-scans-public-patents	imazen-26-png-v3/png-v3/6000-lilith-scans-public-patents/martha_jones_us77494_printrescancolor300/6093_scans-patents_martha-jones-us77494-rescan-color_p002_2479x3230.sdr.png	t3	-1	44	13319	21077.088002988603	244190.38200000004	DEC-ERR	
6000-lilith-scans-public-patents	imazen-26-png-v3/png-v3/6000-lilith-scans-public-patents/martha_jones_us77494_printrescancolor300/6093_scans-patents_martha-jones-us77494-rescan-color_p002_2479x3230.sdr.png	t3	2	20	36829	915.6295669963583	915.3320000000065	84.363	
6000-lilith-scans-public-patents	imazen-26-png-v3/png-v3/6000-lilith-scans-public-patents/martha_jones_us77494_printrescancolor300/6093_scans-patents_martha-jones-us77494-rescan-color_p002_2479x3230.sdr.png	t3	2	32	24206	1000.5070680053905	1000.262000000248	79.542	
6000-lilith-scans-public-patents	imazen-26-png-v3/png-v3/6000-lilith-scans-public-patents/martha_jones_us77494_printrescancolor300/6093_scans-patents_martha-jones-us77494-rescan-color_p002_2479x3230.sdr.png	t3	2	44	14254	1300.1100149995182	21763.445000000145	71.711	
6000-lilith-scans-public-patents	imazen-26-png-v3/png-v3/6000-lilith-scans-public-patents/martha_jones_us77494_printrescancolor300/6093_scans-patents_martha-jones-us77494-rescan-color_p002_2479x3230.sdr.png	t3	4	20	38268	334.11394800350536	333.89800000003333	84.115	
6000-lilith-scans-public-patents	imazen-26-png-v3/png-v3/6000-lilith-scans-public-patents/martha_jones_us77494_printrescancolor300/6093_scans-patents_martha-jones-us77494-rescan-color_p002_2479x3230.sdr.png	t3	4	32	24838	343.8060430053156	343.5920000000863	78.228	
6000-lilith-scans-public-patents	imazen-26-png-v3/png-v3/6000-lilith-scans-public-patents/martha_jones_us77494_printrescancolor300/6093_scans-patents_martha-jones-us77494-rescan-color_p002_2479x3230.sdr.png	t3	4	44	14646	365.83431699546054	21438.53100000001	69.859	
6000-lilith-scans-public-patents	imazen-26-png-v3/png-v3/6000-lilith-scans-public-patents/martha_jones_us77494_printrescancolor300/6093_scans-patents_martha-jones-us77494-rescan-color_p002_2479x3230.sdr.png	t3	6	20	39668	143.42830498935655	1389.6170000004277	84.515	
6000-lilith-scans-public-patents	imazen-26-png-v3/png-v3/6000-lilith-scans-public-patents/martha_jones_us77494_printrescancolor300/6093_scans-patents_martha-jones-us77494-rescan-color_p002_2479x3230.sdr.png	t3	6	32	25881	280.9839469991857	123.31499999979201	79.469	
6000-lilith-scans-public-patents	imazen-26-png-v3/png-v3/6000-lilith-scans-public-patents/martha_jones_us77494_printrescancolor300/6093_scans-patents_martha-jones-us77494-rescan-color_p002_2479x3230.sdr.png	t3	6	44	15132	129.5285379892448	146.0010000005525	71.091	
6000-lilith-scans-public-patents	imazen-26-png-v3/png-v3/6000-lilith-scans-public-patents/martha_jones_us77494_printrescancolor300/6093_scans-patents_martha-jones-us77494-rescan-color_p002_2479x3230.sdr.png	t3	8	20	42686	84.5037510007387	217.8899999998407	84.253	
6000-lilith-scans-public-patents	imazen-26-png-v3/png-v3/6000-lilith-scans-public-patents/martha_jones_us77494_printrescancolor300/6093_scans-patents_martha-jones-us77494-rescan-color_p002_2479x3230.sdr.png	t3	8	32	27739	272.0409839967033	172.85300000011716	78.125	
6000-lilith-scans-public-patents	imazen-26-png-v3/png-v3/6000-lilith-scans-public-patents/martha_jones_us77494_printrescancolor300/6093_scans-patents_martha-jones-us77494-rescan-color_p002_2479x3230.sdr.png	t3	8	44	15878	99.56160699948668	104.98499999953026	66.538	
6000-lilith-scans-public-patents	imazen-26-png-v3/png-v3/6000-lilith-scans-public-patents/martha_jones_us77494_printrescancolor300/6093_scans-patents_martha-jones-us77494-rescan-color_p002_2479x3230.sdr.png	t3	10	20	44386	103.21108899370302	185.72399999975175	83.782	
6000-lilith-scans-public-patents	imazen-26-png-v3/png-v3/6000-lilith-scans-public-patents/martha_jones_us77494_printrescancolor300/6093_scans-patents_martha-jones-us77494-rescan-color_p002_2479x3230.sdr.png	t3	10	32	27752	92.18164299090859	79.25400000004856	77.325	
6000-lilith-scans-public-patents	imazen-26-png-v3/png-v3/6000-lilith-scans-public-patents/martha_jones_us77494_printrescancolor300/6093_scans-patents_martha-jones-us77494-rescan-color_p002_2479x3230.sdr.png	t3	10	44	15673	138.13689599919599	121.22099999962188	65.551	
6000-lilith-scans-public-patents	imazen-26-png-v3/png-v3/6000-lilith-scans-public-patents/martha_jones_us77494_printrescancolor300/6093_scans-patents_martha-jones-us77494-rescan-color_p002_2479x3230.sdr.png	t3	12	20	44386	106.10302099667024	190.8580000002189	83.782	
6000-lilith-scans-public-patents	imazen-26-png-v3/png-v3/6000-lilith-scans-public-patents/martha_jones_us77494_printrescancolor300/6093_scans-patents_martha-jones-us77494-rescan-color_p002_2479x3230.sdr.png	t3	12	32	27752	97.44690200022887	81.71700000019655	77.325	
6000-lilith-scans-public-patents	imazen-26-png-v3/png-v3/6000-lilith-scans-public-patents/martha_jones_us77494_printrescancolor300/6093_scans-patents_martha-jones-us77494-rescan-color_p002_2479x3230.sdr.png	t3	12	44	15673	142.51442000386305	68.31099999992318	65.551	
6000-lilith-scans-public-patents	imazen-26-png-v3/png-v3/6000-lilith-scans-public-patents/martha_jones_us77494_printrescancolor300/6093_scans-patents_martha-jones-us77494-rescan-color_p002_2479x3230.sdr.png	t4	-1	20	36132	15636.063746002037	201246.22300000035	DEC-ERR	
6000-lilith-scans-public-patents	imazen-26-png-v3/png-v3/6000-lilith-scans-public-patents/martha_jones_us77494_printrescancolor300/6093_scans-patents_martha-jones-us77494-rescan-color_p002_2479x3230.sdr.png	t4	-1	32	23725	19122.889264006517	234186.04099999994	DEC-ERR	
6000-lilith-scans-public-patents	imazen-26-png-v3/png-v3/6000-lilith-scans-public-patents/martha_jones_us77494_printrescancolor300/6093_scans-patents_martha-jones-us77494-rescan-color_p002_2479x3230.sdr.png	t4	-1	44	14258	21800.706459995126	281887.0130000002	DEC-ERR	
6000-lilith-scans-public-patents	imazen-26-png-v3/png-v3/6000-lilith-scans-public-patents/martha_jones_us77494_printrescancolor300/6093_scans-patents_martha-jones-us77494-rescan-color_p002_2479x3230.sdr.png	t4	2	20	37504	918.994477004162	19753.294000000024	84.527	
6000-lilith-scans-public-patents	imazen-26-png-v3/png-v3/6000-lilith-scans-public-patents/martha_jones_us77494_printrescancolor300/6093_scans-patents_martha-jones-us77494-rescan-color_p002_2479x3230.sdr.png	t4	2	32	24915	1006.8719950068044	1966.9310000000735	80.174	
6000-lilith-scans-public-patents	imazen-26-png-v3/png-v3/6000-lilith-scans-public-patents/martha_jones_us77494_printrescancolor300/6093_scans-patents_martha-jones-us77494-rescan-color_p002_2479x3230.sdr.png	t4	2	44	14908	1196.0833379998803	18831.733000000255	72.548	
6000-lilith-scans-public-patents	imazen-26-png-v3/png-v3/6000-lilith-scans-public-patents/martha_jones_us77494_printrescancolor300/6093_scans-patents_martha-jones-us77494-rescan-color_p002_2479x3230.sdr.png	t4	4	20	38978	372.685148002347	1574.3549999998834	84.408	
6000-lilith-scans-public-patents	imazen-26-png-v3/png-v3/6000-lilith-scans-public-patents/martha_jones_us77494_printrescancolor300/6093_scans-patents_martha-jones-us77494-rescan-color_p002_2479x3230.sdr.png	t4	4	32	25598	379.50816500233486	1894.770999999821	78.207	
6000-lilith-scans-public-patents	imazen-26-png-v3/png-v3/6000-lilith-scans-public-patents/martha_jones_us77494_printrescancolor300/6093_scans-patents_martha-jones-us77494-rescan-color_p002_2479x3230.sdr.png	t4	4	44	15228	413.19917899090797	650.3729999999308	70.866	
6000-lilith-scans-public-patents	imazen-26-png-v3/png-v3/6000-lilith-scans-public-patents/martha_jones_us77494_printrescancolor300/6093_scans-patents_martha-jones-us77494-rescan-color_p002_2479x3230.sdr.png	t4	6	20	40048	121.6847119940212	154.8710000002984	84.544	
6000-lilith-scans-public-patents	imazen-26-png-v3/png-v3/6000-lilith-scans-public-patents/martha_jones_us77494_printrescancolor300/6093_scans-patents_martha-jones-us77494-rescan-color_p002_2479x3230.sdr.png	t4	6	32	26404	115.64637400442734	236.89099999975838	78.776	
6000-lilith-scans-public-patents	imazen-26-png-v3/png-v3/6000-lilith-scans-public-patents/martha_jones_us77494_printrescancolor300/6093_scans-patents_martha-jones-us77494-rescan-color_p002_2479x3230.sdr.png	t4	6	44	15557	115.90236000483856	138.09799999998518	72.107	
6000-lilith-scans-public-patents	imazen-26-png-v3/png-v3/6000-lilith-scans-public-patents/martha_jones_us77494_printrescancolor300/6093_scans-patents_martha-jones-us77494-rescan-color_p002_2479x3230.sdr.png	t4	8	20	43006	96.63791600905824	22027.554000000095	83.986	
6000-lilith-scans-public-patents	imazen-26-png-v3/png-v3/6000-lilith-scans-public-patents/martha_jones_us77494_printrescancolor300/6093_scans-patents_martha-jones-us77494-rescan-color_p002_2479x3230.sdr.png	t4	8	32	27826	121.57315999502316	79.63499999988244	77.426	
6000-lilith-scans-public-patents	imazen-26-png-v3/png-v3/6000-lilith-scans-public-patents/martha_jones_us77494_printrescancolor300/6093_scans-patents_martha-jones-us77494-rescan-color_p002_2479x3230.sdr.png	t4	8	44	16011	92.3190929897828	128.0309999998792	65.853	
6000-lilith-scans-public-patents	imazen-26-png-v3/png-v3/6000-lilith-scans-public-patents/martha_jones_us77494_printrescancolor300/6093_scans-patents_martha-jones-us77494-rescan-color_p002_2479x3230.sdr.png	t4	10	20	45470	118.39210899779573	164.42500000010796	83.495	
6000-lilith-scans-public-patents	imazen-26-png-v3/png-v3/6000-lilith-scans-public-patents/martha_jones_us77494_printrescancolor300/6093_scans-patents_martha-jones-us77494-rescan-color_p002_2479x3230.sdr.png	t4	10	32	28597	99.95383299246896	128.59100000025592	76.332	
6000-lilith-scans-public-patents	imazen-26-png-v3/png-v3/6000-lilith-scans-public-patents/martha_jones_us77494_printrescancolor300/6093_scans-patents_martha-jones-us77494-rescan-color_p002_2479x3230.sdr.png	t4	10	44	15873	84.28374399954919	66.19199999975933	64.615	
6000-lilith-scans-public-patents	imazen-26-png-v3/png-v3/6000-lilith-scans-public-patents/martha_jones_us77494_printrescancolor300/6093_scans-patents_martha-jones-us77494-rescan-color_p002_2479x3230.sdr.png	t4	12	20	45470	136.83650699385908	19298.14599999979	83.495	
6000-lilith-scans-public-patents	imazen-26-png-v3/png-v3/6000-lilith-scans-public-patents/martha_jones_us77494_printrescancolor300/6093_scans-patents_martha-jones-us77494-rescan-color_p002_2479x3230.sdr.png	t4	12	32	28597	201.73332300328184	93.14500000002113	76.332	
6000-lilith-scans-public-patents	imazen-26-png-v3/png-v3/6000-lilith-scans-public-patents/martha_jones_us77494_printrescancolor300/6093_scans-patents_martha-jones-us77494-rescan-color_p002_2479x3230.sdr.png	t4	12	44	15873	130.01462099782657	98.51700000012897	64.615	
6000-lilith-scans-public-patents	imazen-26-png-v3/png-v3/6000-lilith-scans-public-patents/martha_jones_us77494_printrescancolor300/6093_scans-patents_martha-jones-us77494-rescan-color_p002_2479x3230.sdr.png	st	-1	20	34740	16403.10049999971	199675.64799999984	DEC-ERR	
6000-lilith-scans-public-patents	imazen-26-png-v3/png-v3/6000-lilith-scans-public-patents/martha_jones_us77494_printrescancolor300/6093_scans-patents_martha-jones-us77494-rescan-color_p002_2479x3230.sdr.png	st	-1	32	22521	19156.574505002936	234655.9360000001	DEC-ERR	
6000-lilith-scans-public-patents	imazen-26-png-v3/png-v3/6000-lilith-scans-public-patents/martha_jones_us77494_printrescancolor300/6093_scans-patents_martha-jones-us77494-rescan-color_p002_2479x3230.sdr.png	st	-1	44	13319	21122.922397000366	265674.8360000001	DEC-ERR	
6000-lilith-scans-public-patents	imazen-26-png-v3/png-v3/6000-lilith-scans-public-patents/martha_jones_us77494_printrescancolor300/6093_scans-patents_martha-jones-us77494-rescan-color_p002_2479x3230.sdr.png	st	2	20	35899	897.3655010049697	17404.289000000375	84.186	
6000-lilith-scans-public-patents	imazen-26-png-v3/png-v3/6000-lilith-scans-public-patents/martha_jones_us77494_printrescancolor300/6093_scans-patents_martha-jones-us77494-rescan-color_p002_2479x3230.sdr.png	st	2	32	23498	1015.0249490106944	18367.35800000004	79.206	
6000-lilith-scans-public-patents	imazen-26-png-v3/png-v3/6000-lilith-scans-public-patents/martha_jones_us77494_printrescancolor300/6093_scans-patents_martha-jones-us77494-rescan-color_p002_2479x3230.sdr.png	st	2	44	13882	1270.4059739917284	25638.804999999622	71.647	
6000-lilith-scans-public-patents	imazen-26-png-v3/png-v3/6000-lilith-scans-public-patents/martha_jones_us77494_printrescancolor300/6093_scans-patents_martha-jones-us77494-rescan-color_p002_2479x3230.sdr.png	st	4	20	37379	350.6005270028254	411.0040000001476	83.799	
6000-lilith-scans-public-patents	imazen-26-png-v3/png-v3/6000-lilith-scans-public-patents/martha_jones_us77494_printrescancolor300/6093_scans-patents_martha-jones-us77494-rescan-color_p002_2479x3230.sdr.png	st	4	32	24222	353.0359330034116	717.3520000001758	78.111	
6000-lilith-scans-public-patents	imazen-26-png-v3/png-v3/6000-lilith-scans-public-patents/martha_jones_us77494_printrescancolor300/6093_scans-patents_martha-jones-us77494-rescan-color_p002_2479x3230.sdr.png	st	4	44	14220	340.34023199637886	1013.7919999998815	69.604	
6000-lilith-scans-public-patents	imazen-26-png-v3/png-v3/6000-lilith-scans-public-patents/martha_jones_us77494_printrescancolor300/6093_scans-patents_martha-jones-us77494-rescan-color_p002_2479x3230.sdr.png	st	6	20	38759	171.21057699841913	128.51300000002652	84.086	
6000-lilith-scans-public-patents	imazen-26-png-v3/png-v3/6000-lilith-scans-public-patents/martha_jones_us77494_printrescancolor300/6093_scans-patents_martha-jones-us77494-rescan-color_p002_2479x3230.sdr.png	st	6	32	25112	162.6153039978817	1406.522000000109	79.344	
6000-lilith-scans-public-patents	imazen-26-png-v3/png-v3/6000-lilith-scans-public-patents/martha_jones_us77494_printrescancolor300/6093_scans-patents_martha-jones-us77494-rescan-color_p002_2479x3230.sdr.png	st	6	44	14664	306.36501900153235	150.44700000011346	71.281	
6000-lilith-scans-public-patents	imazen-26-png-v3/png-v3/6000-lilith-scans-public-patents/martha_jones_us77494_printrescancolor300/6093_scans-patents_martha-jones-us77494-rescan-color_p002_2479x3230.sdr.png	st	8	20	41675	116.96876598580275	122.56599999969353	83.885	
6000-lilith-scans-public-patents	imazen-26-png-v3/png-v3/6000-lilith-scans-public-patents/martha_jones_us77494_printrescancolor300/6093_scans-patents_martha-jones-us77494-rescan-color_p002_2479x3230.sdr.png	st	8	32	26869	121.37801900098566	199.16900000028193	77.888	
6000-lilith-scans-public-patents	imazen-26-png-v3/png-v3/6000-lilith-scans-public-patents/martha_jones_us77494_printrescancolor300/6093_scans-patents_martha-jones-us77494-rescan-color_p002_2479x3230.sdr.png	st	8	44	15180	121.33028901007492	167.77300000038053	66.025	
6000-lilith-scans-public-patents	imazen-26-png-v3/png-v3/6000-lilith-scans-public-patents/martha_jones_us77494_printrescancolor300/6093_scans-patents_martha-jones-us77494-rescan-color_p002_2479x3230.sdr.png	st	10	20	43234	185.89030500152148	78.7299999998794	83.421	
6000-lilith-scans-public-patents	imazen-26-png-v3/png-v3/6000-lilith-scans-public-patents/martha_jones_us77494_printrescancolor300/6093_scans-patents_martha-jones-us77494-rescan-color_p002_2479x3230.sdr.png	st	10	32	26745	111.9809429947054	80.51699999977302	76.913	
6000-lilith-scans-public-patents	imazen-26-png-v3/png-v3/6000-lilith-scans-public-patents/martha_jones_us77494_printrescancolor300/6093_scans-patents_martha-jones-us77494-rescan-color_p002_2479x3230.sdr.png	st	10	44	14918	231.76591799710877	18932.55899999964	64.951	
6000-lilith-scans-public-patents	imazen-26-png-v3/png-v3/6000-lilith-scans-public-patents/martha_jones_us77494_printrescancolor300/6093_scans-patents_martha-jones-us77494-rescan-color_p002_2479x3230.sdr.png	st	12	20	43234	199.65290201071184	18970.675999999712	83.421	
6000-lilith-scans-public-patents	imazen-26-png-v3/png-v3/6000-lilith-scans-public-patents/martha_jones_us77494_printrescancolor300/6093_scans-patents_martha-jones-us77494-rescan-color_p002_2479x3230.sdr.png	st	12	32	26745	306.1931529955473	197.78599999995095	76.913	
6000-lilith-scans-public-patents	imazen-26-png-v3/png-v3/6000-lilith-scans-public-patents/martha_jones_us77494_printrescancolor300/6093_scans-patents_martha-jones-us77494-rescan-color_p002_2479x3230.sdr.png	st	12	44	14918	163.00685799797066	211.99200000044982	64.951	
6600-ia-scans-manuscript-illustrations	imazen-26-png-v3/png-v3/6600-ia-scans-manuscript-illustrations/6609_scans-illustrations_hokusai-insects-creatures_plate0019_6234x4925.sdr.png	t1	-1	20	18366	3919.951570002013	30392.265999999963	72.384	
6600-ia-scans-manuscript-illustrations	imazen-26-png-v3/png-v3/6600-ia-scans-manuscript-illustrations/6609_scans-illustrations_hokusai-insects-creatures_plate0019_6234x4925.sdr.png	t1	-1	32	7232	4141.1767290119315	34384.92699999982	44.215	
6600-ia-scans-manuscript-illustrations	imazen-26-png-v3/png-v3/6600-ia-scans-manuscript-illustrations/6609_scans-illustrations_hokusai-insects-creatures_plate0019_6234x4925.sdr.png	t1	-1	44	1716	4294.947827002034	38676.779999999824	-4.172	
6600-ia-scans-manuscript-illustrations	imazen-26-png-v3/png-v3/6600-ia-scans-manuscript-illustrations/6609_scans-illustrations_hokusai-insects-creatures_plate0019_6234x4925.sdr.png	t1	2	20	17322	663.6478470027214	688.2499999999538	70.457	
6600-ia-scans-manuscript-illustrations	imazen-26-png-v3/png-v3/6600-ia-scans-manuscript-illustrations/6609_scans-illustrations_hokusai-insects-creatures_plate0019_6234x4925.sdr.png	t1	2	32	6621	615.4847900033928	1271.494999999973	41.232	
6600-ia-scans-manuscript-illustrations	imazen-26-png-v3/png-v3/6600-ia-scans-manuscript-illustrations/6609_scans-illustrations_hokusai-insects-creatures_plate0019_6234x4925.sdr.png	t1	2	44	1616	571.6808720026165	22031.10200000006	-8.044	
6600-ia-scans-manuscript-illustrations	imazen-26-png-v3/png-v3/6600-ia-scans-manuscript-illustrations/6609_scans-illustrations_hokusai-insects-creatures_plate0019_6234x4925.sdr.png	t1	4	20	17146	364.07068799599074	363.8609999998863	69.426	
6600-ia-scans-manuscript-illustrations	imazen-26-png-v3/png-v3/6600-ia-scans-manuscript-illustrations/6609_scans-illustrations_hokusai-insects-creatures_plate0019_6234x4925.sdr.png	t1	4	32	6529	364.08998499973677	1007.6359999999767	39.739	
6600-ia-scans-manuscript-illustrations	imazen-26-png-v3/png-v3/6600-ia-scans-manuscript-illustrations/6609_scans-illustrations_hokusai-insects-creatures_plate0019_6234x4925.sdr.png	t1	4	44	1594	382.11564799712505	749.9099999994456	-7.225	
6600-ia-scans-manuscript-illustrations	imazen-26-png-v3/png-v3/6600-ia-scans-manuscript-illustrations/6609_scans-illustrations_hokusai-insects-creatures_plate0019_6234x4925.sdr.png	t1	6	20	17458	287.2788320091786	1003.036000000094	69.583	
6600-ia-scans-manuscript-illustrations	imazen-26-png-v3/png-v3/6600-ia-scans-manuscript-illustrations/6609_scans-illustrations_hokusai-insects-creatures_plate0019_6234x4925.sdr.png	t1	6	32	6755	303.0637600022601	343.65999999997143	40.020	
6600-ia-scans-manuscript-illustrations	imazen-26-png-v3/png-v3/6600-ia-scans-manuscript-illustrations/6609_scans-illustrations_hokusai-insects-creatures_plate0019_6234x4925.sdr.png	t1	6	44	1747	286.91925000748597	857.0459999997979	-7.982	
6600-ia-scans-manuscript-illustrations	imazen-26-png-v3/png-v3/6600-ia-scans-manuscript-illustrations/6609_scans-illustrations_hokusai-insects-creatures_plate0019_6234x4925.sdr.png	t1	8	20	17117	266.3989390130155	824.1630000001976	68.440	
6600-ia-scans-manuscript-illustrations	imazen-26-png-v3/png-v3/6600-ia-scans-manuscript-illustrations/6609_scans-illustrations_hokusai-insects-creatures_plate0019_6234x4925.sdr.png	t1	8	32	6670	286.20906099968124	342.77999999987685	38.074	
6600-ia-scans-manuscript-illustrations	imazen-26-png-v3/png-v3/6600-ia-scans-manuscript-illustrations/6609_scans-illustrations_hokusai-insects-creatures_plate0019_6234x4925.sdr.png	t1	8	44	1760	268.5974839987466	579.1139999998194	-8.816	
6600-ia-scans-manuscript-illustrations	imazen-26-png-v3/png-v3/6600-ia-scans-manuscript-illustrations/6609_scans-illustrations_hokusai-insects-creatures_plate0019_6234x4925.sdr.png	t1	10	20	17392	292.9031530075008	807.8939999996777	68.657	
6600-ia-scans-manuscript-illustrations	imazen-26-png-v3/png-v3/6600-ia-scans-manuscript-illustrations/6609_scans-illustrations_hokusai-insects-creatures_plate0019_6234x4925.sdr.png	t1	10	32	6763	310.8057519857539	4628.6829999999245	38.441	
6600-ia-scans-manuscript-illustrations	imazen-26-png-v3/png-v3/6600-ia-scans-manuscript-illustrations/6609_scans-illustrations_hokusai-insects-creatures_plate0019_6234x4925.sdr.png	t1	10	44	1826	289.9275529925944	4854.907000000026	-8.566	
6600-ia-scans-manuscript-illustrations	imazen-26-png-v3/png-v3/6600-ia-scans-manuscript-illustrations/6609_scans-illustrations_hokusai-insects-creatures_plate0019_6234x4925.sdr.png	t1	12	20	17392	305.3567850001855	5124.597000000108	68.657	
6600-ia-scans-manuscript-illustrations	imazen-26-png-v3/png-v3/6600-ia-scans-manuscript-illustrations/6609_scans-illustrations_hokusai-insects-creatures_plate0019_6234x4925.sdr.png	t1	12	32	6763	388.65224199253134	1108.9589999995583	38.441	
6600-ia-scans-manuscript-illustrations	imazen-26-png-v3/png-v3/6600-ia-scans-manuscript-illustrations/6609_scans-illustrations_hokusai-insects-creatures_plate0019_6234x4925.sdr.png	t1	12	44	1826	467.7615580003476	852.473000000117	-8.566	
6600-ia-scans-manuscript-illustrations	imazen-26-png-v3/png-v3/6600-ia-scans-manuscript-illustrations/6609_scans-illustrations_hokusai-insects-creatures_plate0019_6234x4925.sdr.png	t2	-1	20	18272	3926.441884992528	26048.95899999991	72.813	
6600-ia-scans-manuscript-illustrations	imazen-26-png-v3/png-v3/6600-ia-scans-manuscript-illustrations/6609_scans-illustrations_hokusai-insects-creatures_plate0019_6234x4925.sdr.png	t2	-1	32	7146	4488.975365005899	53823.33500000004	44.246	
6600-ia-scans-manuscript-illustrations	imazen-26-png-v3/png-v3/6600-ia-scans-manuscript-illustrations/6609_scans-illustrations_hokusai-insects-creatures_plate0019_6234x4925.sdr.png	t2	-1	44	1654	4281.148449998	30142.44000000008	-2.481	
6600-ia-scans-manuscript-illustrations	imazen-26-png-v3/png-v3/6600-ia-scans-manuscript-illustrations/6609_scans-illustrations_hokusai-insects-creatures_plate0019_6234x4925.sdr.png	t2	2	20	17220	663.9764810097404	685.1979999999855	70.721	
6600-ia-scans-manuscript-illustrations	imazen-26-png-v3/png-v3/6600-ia-scans-manuscript-illustrations/6609_scans-illustrations_hokusai-insects-creatures_plate0019_6234x4925.sdr.png	t2	2	32	6410	646.7727690032916	16864.455999999762	41.368	
6600-ia-scans-manuscript-illustrations	imazen-26-png-v3/png-v3/6600-ia-scans-manuscript-illustrations/6609_scans-illustrations_hokusai-insects-creatures_plate0019_6234x4925.sdr.png	t2	2	44	1464	613.484030996915	17395.68199999991	-7.241	
6600-ia-scans-manuscript-illustrations	imazen-26-png-v3/png-v3/6600-ia-scans-manuscript-illustrations/6609_scans-illustrations_hokusai-insects-creatures_plate0019_6234x4925.sdr.png	t2	4	20	16913	407.9873410082655	1612.5710000001447	69.574	
6600-ia-scans-manuscript-illustrations	imazen-26-png-v3/png-v3/6600-ia-scans-manuscript-illustrations/6609_scans-illustrations_hokusai-insects-creatures_plate0019_6234x4925.sdr.png	t2	4	32	6403	409.60071500740014	833.6449999999047	40.742	
6600-ia-scans-manuscript-illustrations	imazen-26-png-v3/png-v3/6600-ia-scans-manuscript-illustrations/6609_scans-illustrations_hokusai-insects-creatures_plate0019_6234x4925.sdr.png	t2	4	44	1491	373.0685870104935	1154.5520000002227	-6.399	
6600-ia-scans-manuscript-illustrations	imazen-26-png-v3/png-v3/6600-ia-scans-manuscript-illustrations/6609_scans-illustrations_hokusai-insects-creatures_plate0019_6234x4925.sdr.png	t2	6	20	17241	342.3048129916424	1030.4870000003916	69.549	
6600-ia-scans-manuscript-illustrations	imazen-26-png-v3/png-v3/6600-ia-scans-manuscript-illustrations/6609_scans-illustrations_hokusai-insects-creatures_plate0019_6234x4925.sdr.png	t2	6	32	6650	320.891968003707	1290.3609999999048	40.496	
6600-ia-scans-manuscript-illustrations	imazen-26-png-v3/png-v3/6600-ia-scans-manuscript-illustrations/6609_scans-illustrations_hokusai-insects-creatures_plate0019_6234x4925.sdr.png	t2	6	44	1628	286.4516120025655	346.1759999997298	-7.596	
6600-ia-scans-manuscript-illustrations	imazen-26-png-v3/png-v3/6600-ia-scans-manuscript-illustrations/6609_scans-illustrations_hokusai-insects-creatures_plate0019_6234x4925.sdr.png	t2	8	20	16956	333.9923759922385	629.5989999995868	68.689	
6600-ia-scans-manuscript-illustrations	imazen-26-png-v3/png-v3/6600-ia-scans-manuscript-illustrations/6609_scans-illustrations_hokusai-insects-creatures_plate0019_6234x4925.sdr.png	t2	8	32	6590	316.050572990207	870.6960000001516	38.979	
6600-ia-scans-manuscript-illustrations	imazen-26-png-v3/png-v3/6600-ia-scans-manuscript-illustrations/6609_scans-illustrations_hokusai-insects-creatures_plate0019_6234x4925.sdr.png	t2	8	44	1668	281.31912399840076	1104.2989999998554	-8.108	
6600-ia-scans-manuscript-illustrations	imazen-26-png-v3/png-v3/6600-ia-scans-manuscript-illustrations/6609_scans-illustrations_hokusai-insects-creatures_plate0019_6234x4925.sdr.png	t2	10	20	17236	290.70300499734003	386.6030000002638	68.837	
6600-ia-scans-manuscript-illustrations	imazen-26-png-v3/png-v3/6600-ia-scans-manuscript-illustrations/6609_scans-illustrations_hokusai-insects-creatures_plate0019_6234x4925.sdr.png	t2	10	32	6692	270.6835770077305	893.835000000422	39.312	
6600-ia-scans-manuscript-illustrations	imazen-26-png-v3/png-v3/6600-ia-scans-manuscript-illustrations/6609_scans-illustrations_hokusai-insects-creatures_plate0019_6234x4925.sdr.png	t2	10	44	1752	266.6803339961916	623.5400000001619	-7.844	
6600-ia-scans-manuscript-illustrations	imazen-26-png-v3/png-v3/6600-ia-scans-manuscript-illustrations/6609_scans-illustrations_hokusai-insects-creatures_plate0019_6234x4925.sdr.png	t2	12	20	17236	295.07916599686723	1136.1700000001633	68.837	
6600-ia-scans-manuscript-illustrations	imazen-26-png-v3/png-v3/6600-ia-scans-manuscript-illustrations/6609_scans-illustrations_hokusai-insects-creatures_plate0019_6234x4925.sdr.png	t2	12	32	6692	350.9951060113963	4937.879000000208	39.312	
6600-ia-scans-manuscript-illustrations	imazen-26-png-v3/png-v3/6600-ia-scans-manuscript-illustrations/6609_scans-illustrations_hokusai-insects-creatures_plate0019_6234x4925.sdr.png	t2	12	44	1752	291.29151300003286	23987.411000000237	-7.844	
6600-ia-scans-manuscript-illustrations	imazen-26-png-v3/png-v3/6600-ia-scans-manuscript-illustrations/6609_scans-illustrations_hokusai-insects-creatures_plate0019_6234x4925.sdr.png	t3	-1	20	26302	5317.816060996847	63402.35000000021	DEC-ERR	
6600-ia-scans-manuscript-illustrations	imazen-26-png-v3/png-v3/6600-ia-scans-manuscript-illustrations/6609_scans-illustrations_hokusai-insects-creatures_plate0019_6234x4925.sdr.png	t3	-1	32	16320	6301.214958992205	90698.41800000031	DEC-ERR	
6600-ia-scans-manuscript-illustrations	imazen-26-png-v3/png-v3/6600-ia-scans-manuscript-illustrations/6609_scans-illustrations_hokusai-insects-creatures_plate0019_6234x4925.sdr.png	t3	-1	44	6005	4866.994893993251	55215.49099999993	DEC-ERR	
6600-ia-scans-manuscript-illustrations	imazen-26-png-v3/png-v3/6600-ia-scans-manuscript-illustrations/6609_scans-illustrations_hokusai-insects-creatures_plate0019_6234x4925.sdr.png	t3	2	20	26488	810.1450800022576	6038.8430000003555	80.202	
6600-ia-scans-manuscript-illustrations	imazen-26-png-v3/png-v3/6600-ia-scans-manuscript-illustrations/6609_scans-illustrations_hokusai-insects-creatures_plate0019_6234x4925.sdr.png	t3	2	32	16225	874.6647910011234	7277.840000000282	68.741	
6600-ia-scans-manuscript-illustrations	imazen-26-png-v3/png-v3/6600-ia-scans-manuscript-illustrations/6609_scans-illustrations_hokusai-insects-creatures_plate0019_6234x4925.sdr.png	t3	2	44	5863	892.8537430037977	3347.7730000001316	36.937	
6600-ia-scans-manuscript-illustrations	imazen-26-png-v3/png-v3/6600-ia-scans-manuscript-illustrations/6609_scans-illustrations_hokusai-insects-creatures_plate0019_6234x4925.sdr.png	t3	4	20	27077	439.41512500168756	451.64999999997235	79.881	
6600-ia-scans-manuscript-illustrations	imazen-26-png-v3/png-v3/6600-ia-scans-manuscript-illustrations/6609_scans-illustrations_hokusai-insects-creatures_plate0019_6234x4925.sdr.png	t3	4	32	16539	427.80401499476284	2444.086999999854	69.423	
6600-ia-scans-manuscript-illustrations	imazen-26-png-v3/png-v3/6600-ia-scans-manuscript-illustrations/6609_scans-illustrations_hokusai-insects-creatures_plate0019_6234x4925.sdr.png	t3	4	44	6157	368.7529909948353	491.32299999968154	38.280	
6600-ia-scans-manuscript-illustrations	imazen-26-png-v3/png-v3/6600-ia-scans-manuscript-illustrations/6609_scans-illustrations_hokusai-insects-creatures_plate0019_6234x4925.sdr.png	t3	6	20	27836	357.92370499984827	1574.9630000000252	80.156	
6600-ia-scans-manuscript-illustrations	imazen-26-png-v3/png-v3/6600-ia-scans-manuscript-illustrations/6609_scans-illustrations_hokusai-insects-creatures_plate0019_6234x4925.sdr.png	t3	6	32	17200	347.4990370013984	1000.7879999998295	69.275	
6600-ia-scans-manuscript-illustrations	imazen-26-png-v3/png-v3/6600-ia-scans-manuscript-illustrations/6609_scans-illustrations_hokusai-insects-creatures_plate0019_6234x4925.sdr.png	t3	6	44	6597	314.38924800022505	676.8050000000301	39.518	
6600-ia-scans-manuscript-illustrations	imazen-26-png-v3/png-v3/6600-ia-scans-manuscript-illustrations/6609_scans-illustrations_hokusai-insects-creatures_plate0019_6234x4925.sdr.png	t3	8	20	29087	294.89390399248805	1508.214999999808	80.058	
6600-ia-scans-manuscript-illustrations	imazen-26-png-v3/png-v3/6600-ia-scans-manuscript-illustrations/6609_scans-illustrations_hokusai-insects-creatures_plate0019_6234x4925.sdr.png	t3	8	32	17893	279.11445799691137	697.2479999998313	69.453	
6600-ia-scans-manuscript-illustrations	imazen-26-png-v3/png-v3/6600-ia-scans-manuscript-illustrations/6609_scans-illustrations_hokusai-insects-creatures_plate0019_6234x4925.sdr.png	t3	8	44	6877	274.02224799152464	414.27699999997003	40.523	
6600-ia-scans-manuscript-illustrations	imazen-26-png-v3/png-v3/6600-ia-scans-manuscript-illustrations/6609_scans-illustrations_hokusai-insects-creatures_plate0019_6234x4925.sdr.png	t3	10	20	29360	275.1347900048131	963.9690000003043	79.930	
6600-ia-scans-manuscript-illustrations	imazen-26-png-v3/png-v3/6600-ia-scans-manuscript-illustrations/6609_scans-illustrations_hokusai-insects-creatures_plate0019_6234x4925.sdr.png	t3	10	32	18022	293.2791379862465	1495.0209999998663	69.304	
6600-ia-scans-manuscript-illustrations	imazen-26-png-v3/png-v3/6600-ia-scans-manuscript-illustrations/6609_scans-illustrations_hokusai-insects-creatures_plate0019_6234x4925.sdr.png	t3	10	44	6999	297.9233179939911	1732.3639999996487	40.538	
6600-ia-scans-manuscript-illustrations	imazen-26-png-v3/png-v3/6600-ia-scans-manuscript-illustrations/6609_scans-illustrations_hokusai-insects-creatures_plate0019_6234x4925.sdr.png	t3	12	20	29360	286.1734829930356	1425.9389999996586	79.930	
6600-ia-scans-manuscript-illustrations	imazen-26-png-v3/png-v3/6600-ia-scans-manuscript-illustrations/6609_scans-illustrations_hokusai-insects-creatures_plate0019_6234x4925.sdr.png	t3	12	32	18022	280.9494620014448	1931.2989999997967	69.304	
6600-ia-scans-manuscript-illustrations	imazen-26-png-v3/png-v3/6600-ia-scans-manuscript-illustrations/6609_scans-illustrations_hokusai-insects-creatures_plate0019_6234x4925.sdr.png	t3	12	44	6999	408.0038219981361	473.9460000001543	40.538	
6600-ia-scans-manuscript-illustrations	imazen-26-png-v3/png-v3/6600-ia-scans-manuscript-illustrations/6609_scans-illustrations_hokusai-insects-creatures_plate0019_6234x4925.sdr.png	t4	-1	20	26172	5220.628601993667	73092.38799999977	DEC-ERR	
6600-ia-scans-manuscript-illustrations	imazen-26-png-v3/png-v3/6600-ia-scans-manuscript-illustrations/6609_scans-illustrations_hokusai-insects-creatures_plate0019_6234x4925.sdr.png	t4	-1	32	12461	5946.184559012181	81054.51599999986	DEC-ERR	
6600-ia-scans-manuscript-illustrations	imazen-26-png-v3/png-v3/6600-ia-scans-manuscript-illustrations/6609_scans-illustrations_hokusai-insects-creatures_plate0019_6234x4925.sdr.png	t4	-1	44	4908	6288.170326006366	87449.18400000023	DEC-ERR	
6600-ia-scans-manuscript-illustrations	imazen-26-png-v3/png-v3/6600-ia-scans-manuscript-illustrations/6609_scans-illustrations_hokusai-insects-creatures_plate0019_6234x4925.sdr.png	t4	2	20	25917	806.5095660131192	6779.037999999872	79.649	
6600-ia-scans-manuscript-illustrations	imazen-26-png-v3/png-v3/6600-ia-scans-manuscript-illustrations/6609_scans-illustrations_hokusai-insects-creatures_plate0019_6234x4925.sdr.png	t4	2	32	13990	769.2252700071549	5953.472000000005	64.605	
6600-ia-scans-manuscript-illustrations	imazen-26-png-v3/png-v3/6600-ia-scans-manuscript-illustrations/6609_scans-illustrations_hokusai-insects-creatures_plate0019_6234x4925.sdr.png	t4	2	44	5297	917.8878550010268	8016.287000000233	34.894	
6600-ia-scans-manuscript-illustrations	imazen-26-png-v3/png-v3/6600-ia-scans-manuscript-illustrations/6609_scans-illustrations_hokusai-insects-creatures_plate0019_6234x4925.sdr.png	t4	4	20	26481	453.3878719958011	6821.765999999883	79.021	
6600-ia-scans-manuscript-illustrations	imazen-26-png-v3/png-v3/6600-ia-scans-manuscript-illustrations/6609_scans-illustrations_hokusai-insects-creatures_plate0019_6234x4925.sdr.png	t4	4	32	14204	389.3460389954271	8510.958999999644	64.361	
6600-ia-scans-manuscript-illustrations	imazen-26-png-v3/png-v3/6600-ia-scans-manuscript-illustrations/6609_scans-illustrations_hokusai-insects-creatures_plate0019_6234x4925.sdr.png	t4	4	44	5475	553.3374660008121	19445.332999999948	34.490	
6600-ia-scans-manuscript-illustrations	imazen-26-png-v3/png-v3/6600-ia-scans-manuscript-illustrations/6609_scans-illustrations_hokusai-insects-creatures_plate0019_6234x4925.sdr.png	t4	6	20	27231	377.23904600716196	1061.681999999763	79.803	
6600-ia-scans-manuscript-illustrations	imazen-26-png-v3/png-v3/6600-ia-scans-manuscript-illustrations/6609_scans-illustrations_hokusai-insects-creatures_plate0019_6234x4925.sdr.png	t4	6	32	14770	335.33154999895487	756.1220000004027	65.073	
6600-ia-scans-manuscript-illustrations	imazen-26-png-v3/png-v3/6600-ia-scans-manuscript-illustrations/6609_scans-illustrations_hokusai-insects-creatures_plate0019_6234x4925.sdr.png	t4	6	44	6171	346.46622600848787	1342.3510000001215	37.597	
6600-ia-scans-manuscript-illustrations	imazen-26-png-v3/png-v3/6600-ia-scans-manuscript-illustrations/6609_scans-illustrations_hokusai-insects-creatures_plate0019_6234x4925.sdr.png	t4	8	20	27584	311.4726089988835	1598.3440000002815	78.503	
6600-ia-scans-manuscript-illustrations	imazen-26-png-v3/png-v3/6600-ia-scans-manuscript-illustrations/6609_scans-illustrations_hokusai-insects-creatures_plate0019_6234x4925.sdr.png	t4	8	32	14814	355.4069050005637	7695.683999999488	64.230	
6600-ia-scans-manuscript-illustrations	imazen-26-png-v3/png-v3/6600-ia-scans-manuscript-illustrations/6609_scans-illustrations_hokusai-insects-creatures_plate0019_6234x4925.sdr.png	t4	8	44	6181	414.8830670019379	7062.0799999997525	37.013	
6600-ia-scans-manuscript-illustrations	imazen-26-png-v3/png-v3/6600-ia-scans-manuscript-illustrations/6609_scans-illustrations_hokusai-insects-creatures_plate0019_6234x4925.sdr.png	t4	10	20	29118	388.5681119863875	666.5550000002156	79.541	
6600-ia-scans-manuscript-illustrations	imazen-26-png-v3/png-v3/6600-ia-scans-manuscript-illustrations/6609_scans-illustrations_hokusai-insects-creatures_plate0019_6234x4925.sdr.png	t4	10	32	15666	367.8914139891276	303.4000000002095	65.077	
6600-ia-scans-manuscript-illustrations	imazen-26-png-v3/png-v3/6600-ia-scans-manuscript-illustrations/6609_scans-illustrations_hokusai-insects-creatures_plate0019_6234x4925.sdr.png	t4	10	44	6072	356.4116929919692	893.4109999998441	35.818	
6600-ia-scans-manuscript-illustrations	imazen-26-png-v3/png-v3/6600-ia-scans-manuscript-illustrations/6609_scans-illustrations_hokusai-insects-creatures_plate0019_6234x4925.sdr.png	t4	12	20	29118	316.24535300943535	646.762999999595	79.541	
6600-ia-scans-manuscript-illustrations	imazen-26-png-v3/png-v3/6600-ia-scans-manuscript-illustrations/6609_scans-illustrations_hokusai-insects-creatures_plate0019_6234x4925.sdr.png	t4	12	32	15666	537.0591709943255	22148.046000000362	65.077	
6600-ia-scans-manuscript-illustrations	imazen-26-png-v3/png-v3/6600-ia-scans-manuscript-illustrations/6609_scans-illustrations_hokusai-insects-creatures_plate0019_6234x4925.sdr.png	t4	12	44	6072	367.10440000751987	21561.862000000474	35.818	
6600-ia-scans-manuscript-illustrations	imazen-26-png-v3/png-v3/6600-ia-scans-manuscript-illustrations/6609_scans-illustrations_hokusai-insects-creatures_plate0019_6234x4925.sdr.png	st	-1	20	23961	5274.281664998853	58181.845999999896	DEC-ERR	
6600-ia-scans-manuscript-illustrations	imazen-26-png-v3/png-v3/6600-ia-scans-manuscript-illustrations/6609_scans-illustrations_hokusai-insects-creatures_plate0019_6234x4925.sdr.png	st	-1	32	13705	6112.7472079970175	45213.21299999957	DEC-ERR	
6600-ia-scans-manuscript-illustrations	imazen-26-png-v3/png-v3/6600-ia-scans-manuscript-illustrations/6609_scans-illustrations_hokusai-insects-creatures_plate0019_6234x4925.sdr.png	st	-1	44	4386	4480.548121005995	30933.122999999996	DEC-ERR	
6600-ia-scans-manuscript-illustrations	imazen-26-png-v3/png-v3/6600-ia-scans-manuscript-illustrations/6609_scans-illustrations_hokusai-insects-creatures_plate0019_6234x4925.sdr.png	st	2	20	22748	1048.7490139930742	3516.367000000201	77.410	
6600-ia-scans-manuscript-illustrations	imazen-26-png-v3/png-v3/6600-ia-scans-manuscript-illustrations/6609_scans-illustrations_hokusai-insects-creatures_plate0019_6234x4925.sdr.png	st	2	32	11964	865.4732949944446	3483.0780000000345	59.704	
6600-ia-scans-manuscript-illustrations	imazen-26-png-v3/png-v3/6600-ia-scans-manuscript-illustrations/6609_scans-illustrations_hokusai-insects-creatures_plate0019_6234x4925.sdr.png	st	2	44	3583	820.8891340036644	1920.806999999769	21.202	
6600-ia-scans-manuscript-illustrations	imazen-26-png-v3/png-v3/6600-ia-scans-manuscript-illustrations/6609_scans-illustrations_hokusai-insects-creatures_plate0019_6234x4925.sdr.png	st	4	20	23087	410.8404190046713	1186.7760000001226	77.184	
6600-ia-scans-manuscript-illustrations	imazen-26-png-v3/png-v3/6600-ia-scans-manuscript-illustrations/6609_scans-illustrations_hokusai-insects-creatures_plate0019_6234x4925.sdr.png	st	4	32	12168	401.81118198961485	1152.66000000031	60.572	
6600-ia-scans-manuscript-illustrations	imazen-26-png-v3/png-v3/6600-ia-scans-manuscript-illustrations/6609_scans-illustrations_hokusai-insects-creatures_plate0019_6234x4925.sdr.png	st	4	44	3795	339.12362199043855	338.92400000007683	21.304	
6600-ia-scans-manuscript-illustrations	imazen-26-png-v3/png-v3/6600-ia-scans-manuscript-illustrations/6609_scans-illustrations_hokusai-insects-creatures_plate0019_6234x4925.sdr.png	st	6	20	23667	411.3264220068231	5816.4780000003875	77.000	
6600-ia-scans-manuscript-illustrations	imazen-26-png-v3/png-v3/6600-ia-scans-manuscript-illustrations/6609_scans-illustrations_hokusai-insects-creatures_plate0019_6234x4925.sdr.png	st	6	32	12734	336.38295700075105	5519.443000000337	60.613	
6600-ia-scans-manuscript-illustrations	imazen-26-png-v3/png-v3/6600-ia-scans-manuscript-illustrations/6609_scans-illustrations_hokusai-insects-creatures_plate0019_6234x4925.sdr.png	st	6	44	4098	376.76066799031105	6171.722999999702	22.494	
6600-ia-scans-manuscript-illustrations	imazen-26-png-v3/png-v3/6600-ia-scans-manuscript-illustrations/6609_scans-illustrations_hokusai-insects-creatures_plate0019_6234x4925.sdr.png	st	8	20	24640	323.71212299040053	659.49999999998	76.648	
6600-ia-scans-manuscript-illustrations	imazen-26-png-v3/png-v3/6600-ia-scans-manuscript-illustrations/6609_scans-illustrations_hokusai-insects-creatures_plate0019_6234x4925.sdr.png	st	8	32	13149	299.76491500565317	892.2390000001315	60.384	
6600-ia-scans-manuscript-illustrations	imazen-26-png-v3/png-v3/6600-ia-scans-manuscript-illustrations/6609_scans-illustrations_hokusai-insects-creatures_plate0019_6234x4925.sdr.png	st	8	44	4276	335.70448799582664	1159.1880000000572	23.083	
6600-ia-scans-manuscript-illustrations	imazen-26-png-v3/png-v3/6600-ia-scans-manuscript-illustrations/6609_scans-illustrations_hokusai-insects-creatures_plate0019_6234x4925.sdr.png	st	10	20	24826	397.45923699229024	1151.8910000002904	76.437	
6600-ia-scans-manuscript-illustrations	imazen-26-png-v3/png-v3/6600-ia-scans-manuscript-illustrations/6609_scans-illustrations_hokusai-insects-creatures_plate0019_6234x4925.sdr.png	st	10	32	13197	316.44005299312994	6746.291999999898	60.094	
6600-ia-scans-manuscript-illustrations	imazen-26-png-v3/png-v3/6600-ia-scans-manuscript-illustrations/6609_scans-illustrations_hokusai-insects-creatures_plate0019_6234x4925.sdr.png	st	10	44	4334	545.1358910067938	12841.937000000144	22.508	
6600-ia-scans-manuscript-illustrations	imazen-26-png-v3/png-v3/6600-ia-scans-manuscript-illustrations/6609_scans-illustrations_hokusai-insects-creatures_plate0019_6234x4925.sdr.png	st	12	20	24826	545.9651450073579	6995.558000000245	76.437	
6600-ia-scans-manuscript-illustrations	imazen-26-png-v3/png-v3/6600-ia-scans-manuscript-illustrations/6609_scans-illustrations_hokusai-insects-creatures_plate0019_6234x4925.sdr.png	st	12	32	13197	504.5929949992569	6705.755000000096	60.094	
6600-ia-scans-manuscript-illustrations	imazen-26-png-v3/png-v3/6600-ia-scans-manuscript-illustrations/6609_scans-illustrations_hokusai-insects-creatures_plate0019_6234x4925.sdr.png	st	12	44	4334	595.6910600070842	1003.184000000175	22.508	
6600-ia-scans-manuscript-illustrations	imazen-26-png-v3/png-v3/6600-ia-scans-manuscript-illustrations/6619_scans-illustrations_redoute-rose-pale-pink_plate0057_2912x4368.sdr.png	t1	-1	20	15368	2009.6239769918611	14940.000000000167	71.019	
6600-ia-scans-manuscript-illustrations	imazen-26-png-v3/png-v3/6600-ia-scans-manuscript-illustrations/6619_scans-illustrations_redoute-rose-pale-pink_plate0057_2912x4368.sdr.png	t1	-1	32	6428	3140.0275320047513	24844.549000000028	42.311	
6600-ia-scans-manuscript-illustrations	imazen-26-png-v3/png-v3/6600-ia-scans-manuscript-illustrations/6619_scans-illustrations_redoute-rose-pale-pink_plate0057_2912x4368.sdr.png	t1	-1	44	1366	3826.692090005963	28259.4509999999	-9.780	
6600-ia-scans-manuscript-illustrations	imazen-26-png-v3/png-v3/6600-ia-scans-manuscript-illustrations/6619_scans-illustrations_redoute-rose-pale-pink_plate0057_2912x4368.sdr.png	t1	2	20	14799	413.10291600530036	679.573999999775	70.038	
6600-ia-scans-manuscript-illustrations	imazen-26-png-v3/png-v3/6600-ia-scans-manuscript-illustrations/6619_scans-illustrations_redoute-rose-pale-pink_plate0057_2912x4368.sdr.png	t1	2	32	6129	478.5411900084	864.1040000003102	39.529	
6600-ia-scans-manuscript-illustrations	imazen-26-png-v3/png-v3/6600-ia-scans-manuscript-illustrations/6619_scans-illustrations_redoute-rose-pale-pink_plate0057_2912x4368.sdr.png	t1	2	44	1195	504.2424999992363	1284.0420000001131	-13.825	
6600-ia-scans-manuscript-illustrations	imazen-26-png-v3/png-v3/6600-ia-scans-manuscript-illustrations/6619_scans-illustrations_redoute-rose-pale-pink_plate0057_2912x4368.sdr.png	t1	4	20	14758	229.8450899979798	633.4880000000567	70.252	
6600-ia-scans-manuscript-illustrations	imazen-26-png-v3/png-v3/6600-ia-scans-manuscript-illustrations/6619_scans-illustrations_redoute-rose-pale-pink_plate0057_2912x4368.sdr.png	t1	4	32	6119	319.7674620023463	403.01300000018614	38.942	
6600-ia-scans-manuscript-illustrations	imazen-26-png-v3/png-v3/6600-ia-scans-manuscript-illustrations/6619_scans-illustrations_redoute-rose-pale-pink_plate0057_2912x4368.sdr.png	t1	4	44	1154	253.536621996318	819.2220000002521	-14.351	
6600-ia-scans-manuscript-illustrations	imazen-26-png-v3/png-v3/6600-ia-scans-manuscript-illustrations/6619_scans-illustrations_redoute-rose-pale-pink_plate0057_2912x4368.sdr.png	t1	6	20	14935	311.6226839920273	4817.222999999871	70.450	
6600-ia-scans-manuscript-illustrations	imazen-26-png-v3/png-v3/6600-ia-scans-manuscript-illustrations/6619_scans-illustrations_redoute-rose-pale-pink_plate0057_2912x4368.sdr.png	t1	6	32	6271	309.6902239922201	5478.981000000232	40.243	
6600-ia-scans-manuscript-illustrations	imazen-26-png-v3/png-v3/6600-ia-scans-manuscript-illustrations/6619_scans-illustrations_redoute-rose-pale-pink_plate0057_2912x4368.sdr.png	t1	6	44	1265	375.05473899364006	5345.166000000091	-13.371	
6600-ia-scans-manuscript-illustrations	imazen-26-png-v3/png-v3/6600-ia-scans-manuscript-illustrations/6619_scans-illustrations_redoute-rose-pale-pink_plate0057_2912x4368.sdr.png	t1	8	20	13910	192.880831004004	369.9530000004927	69.539	
6600-ia-scans-manuscript-illustrations	imazen-26-png-v3/png-v3/6600-ia-scans-manuscript-illustrations/6619_scans-illustrations_redoute-rose-pale-pink_plate0057_2912x4368.sdr.png	t1	8	32	5992	159.95667499373667	2021.8699999996375	37.869	
6600-ia-scans-manuscript-illustrations	imazen-26-png-v3/png-v3/6600-ia-scans-manuscript-illustrations/6619_scans-illustrations_redoute-rose-pale-pink_plate0057_2912x4368.sdr.png	t1	8	44	1206	183.0698889971245	145.97100000034402	-15.123	
6600-ia-scans-manuscript-illustrations	imazen-26-png-v3/png-v3/6600-ia-scans-manuscript-illustrations/6619_scans-illustrations_redoute-rose-pale-pink_plate0057_2912x4368.sdr.png	t1	10	20	14673	231.45364499941934	152.42300000019782	69.827	
6600-ia-scans-manuscript-illustrations	imazen-26-png-v3/png-v3/6600-ia-scans-manuscript-illustrations/6619_scans-illustrations_redoute-rose-pale-pink_plate0057_2912x4368.sdr.png	t1	10	32	5957	284.7895949962549	297.38800000035326	37.839	
6600-ia-scans-manuscript-illustrations	imazen-26-png-v3/png-v3/6600-ia-scans-manuscript-illustrations/6619_scans-illustrations_redoute-rose-pale-pink_plate0057_2912x4368.sdr.png	t1	10	44	1179	282.8445420018397	6339.70500000018	-15.211	
6600-ia-scans-manuscript-illustrations	imazen-26-png-v3/png-v3/6600-ia-scans-manuscript-illustrations/6619_scans-illustrations_redoute-rose-pale-pink_plate0057_2912x4368.sdr.png	t1	12	20	14673	203.53111800795887	6086.3380000000125	69.827	
6600-ia-scans-manuscript-illustrations	imazen-26-png-v3/png-v3/6600-ia-scans-manuscript-illustrations/6619_scans-illustrations_redoute-rose-pale-pink_plate0057_2912x4368.sdr.png	t1	12	32	5957	217.37875499820802	3221.447000000012	37.839	
6600-ia-scans-manuscript-illustrations	imazen-26-png-v3/png-v3/6600-ia-scans-manuscript-illustrations/6619_scans-illustrations_redoute-rose-pale-pink_plate0057_2912x4368.sdr.png	t1	12	44	1179	156.1747119994834	3290.4039999999386	-15.211	
6600-ia-scans-manuscript-illustrations	imazen-26-png-v3/png-v3/6600-ia-scans-manuscript-illustrations/6619_scans-illustrations_redoute-rose-pale-pink_plate0057_2912x4368.sdr.png	t2	-1	20	15394	2015.3763809939846	8233.765000000005	71.037	
6600-ia-scans-manuscript-illustrations	imazen-26-png-v3/png-v3/6600-ia-scans-manuscript-illustrations/6619_scans-illustrations_redoute-rose-pale-pink_plate0057_2912x4368.sdr.png	t2	-1	32	6445	3118.319224988227	12180.448000000099	42.939	
6600-ia-scans-manuscript-illustrations	imazen-26-png-v3/png-v3/6600-ia-scans-manuscript-illustrations/6619_scans-illustrations_redoute-rose-pale-pink_plate0057_2912x4368.sdr.png	t2	-1	44	1293	3987.3957130039344	16209.548000000126	-11.302	
6600-ia-scans-manuscript-illustrations	imazen-26-png-v3/png-v3/6600-ia-scans-manuscript-illustrations/6619_scans-illustrations_redoute-rose-pale-pink_plate0057_2912x4368.sdr.png	t2	2	20	14780	623.3394869923359	4284.371000000192	70.291	
6600-ia-scans-manuscript-illustrations	imazen-26-png-v3/png-v3/6600-ia-scans-manuscript-illustrations/6619_scans-illustrations_redoute-rose-pale-pink_plate0057_2912x4368.sdr.png	t2	2	32	6081	477.9496970004402	4839.672000000433	40.283	
6600-ia-scans-manuscript-illustrations	imazen-26-png-v3/png-v3/6600-ia-scans-manuscript-illustrations/6619_scans-illustrations_redoute-rose-pale-pink_plate0057_2912x4368.sdr.png	t2	2	44	1141	415.81904400663916	2212.302999999878	-14.729	
6600-ia-scans-manuscript-illustrations	imazen-26-png-v3/png-v3/6600-ia-scans-manuscript-illustrations/6619_scans-illustrations_redoute-rose-pale-pink_plate0057_2912x4368.sdr.png	t2	4	20	14761	220.44480800104793	1059.7140000004401	70.008	
6600-ia-scans-manuscript-illustrations	imazen-26-png-v3/png-v3/6600-ia-scans-manuscript-illustrations/6619_scans-illustrations_redoute-rose-pale-pink_plate0057_2912x4368.sdr.png	t2	4	32	6093	230.377280007815	1191.7880000000878	40.081	
6600-ia-scans-manuscript-illustrations	imazen-26-png-v3/png-v3/6600-ia-scans-manuscript-illustrations/6619_scans-illustrations_redoute-rose-pale-pink_plate0057_2912x4368.sdr.png	t2	4	44	1128	267.13461701001506	1575.343999999859	-14.811	
6600-ia-scans-manuscript-illustrations	imazen-26-png-v3/png-v3/6600-ia-scans-manuscript-illustrations/6619_scans-illustrations_redoute-rose-pale-pink_plate0057_2912x4368.sdr.png	t2	6	20	14878	195.25559000612702	1299.3340000004139	70.538	
6600-ia-scans-manuscript-illustrations	imazen-26-png-v3/png-v3/6600-ia-scans-manuscript-illustrations/6619_scans-illustrations_redoute-rose-pale-pink_plate0057_2912x4368.sdr.png	t2	6	32	6240	190.6560659990646	1300.612000000001	40.736	
6600-ia-scans-manuscript-illustrations	imazen-26-png-v3/png-v3/6600-ia-scans-manuscript-illustrations/6619_scans-illustrations_redoute-rose-pale-pink_plate0057_2912x4368.sdr.png	t2	6	44	1236	570.6049580039689	560.9310000001813	-13.407	
6600-ia-scans-manuscript-illustrations	imazen-26-png-v3/png-v3/6600-ia-scans-manuscript-illustrations/6619_scans-illustrations_redoute-rose-pale-pink_plate0057_2912x4368.sdr.png	t2	8	20	14077	339.05644400510937	1937.4719999998717	69.737	
6600-ia-scans-manuscript-illustrations	imazen-26-png-v3/png-v3/6600-ia-scans-manuscript-illustrations/6619_scans-illustrations_redoute-rose-pale-pink_plate0057_2912x4368.sdr.png	t2	8	32	5961	312.7744020021055	365.38699999962887	38.409	
6600-ia-scans-manuscript-illustrations	imazen-26-png-v3/png-v3/6600-ia-scans-manuscript-illustrations/6619_scans-illustrations_redoute-rose-pale-pink_plate0057_2912x4368.sdr.png	t2	8	44	1158	322.1866069943644	256.4870000000212	-15.702	
6600-ia-scans-manuscript-illustrations	imazen-26-png-v3/png-v3/6600-ia-scans-manuscript-illustrations/6619_scans-illustrations_redoute-rose-pale-pink_plate0057_2912x4368.sdr.png	t2	10	20	14757	291.44780000206083	143.91000000003373	70.215	
6600-ia-scans-manuscript-illustrations	imazen-26-png-v3/png-v3/6600-ia-scans-manuscript-illustrations/6619_scans-illustrations_redoute-rose-pale-pink_plate0057_2912x4368.sdr.png	t2	10	32	5923	302.95808899973053	445.78000000007023	38.429	
6600-ia-scans-manuscript-illustrations	imazen-26-png-v3/png-v3/6600-ia-scans-manuscript-illustrations/6619_scans-illustrations_redoute-rose-pale-pink_plate0057_2912x4368.sdr.png	t2	10	44	1125	291.3080949947471	213.66600000035874	-15.783	
6600-ia-scans-manuscript-illustrations	imazen-26-png-v3/png-v3/6600-ia-scans-manuscript-illustrations/6619_scans-illustrations_redoute-rose-pale-pink_plate0057_2912x4368.sdr.png	t2	12	20	14757	250.63203599711414	296.00899999999797	70.215	
6600-ia-scans-manuscript-illustrations	imazen-26-png-v3/png-v3/6600-ia-scans-manuscript-illustrations/6619_scans-illustrations_redoute-rose-pale-pink_plate0057_2912x4368.sdr.png	t2	12	32	5923	331.98919300048146	3361.3569999998845	38.429	
6600-ia-scans-manuscript-illustrations	imazen-26-png-v3/png-v3/6600-ia-scans-manuscript-illustrations/6619_scans-illustrations_redoute-rose-pale-pink_plate0057_2912x4368.sdr.png	t2	12	44	1125	225.49385599268135	3360.4049999996732	-15.783	
6600-ia-scans-manuscript-illustrations	imazen-26-png-v3/png-v3/6600-ia-scans-manuscript-illustrations/6619_scans-illustrations_redoute-rose-pale-pink_plate0057_2912x4368.sdr.png	t3	-1	20	23806	4071.0778440115973	12549.35599999996	DEC-ERR	
6600-ia-scans-manuscript-illustrations	imazen-26-png-v3/png-v3/6600-ia-scans-manuscript-illustrations/6619_scans-illustrations_redoute-rose-pale-pink_plate0057_2912x4368.sdr.png	t3	-1	32	14926	5270.397707994562	25170.4059999997	DEC-ERR	
6600-ia-scans-manuscript-illustrations	imazen-26-png-v3/png-v3/6600-ia-scans-manuscript-illustrations/6619_scans-illustrations_redoute-rose-pale-pink_plate0057_2912x4368.sdr.png	t3	-1	44	5922	4614.492444990901	19947.218999999648	DEC-ERR	
6600-ia-scans-manuscript-illustrations	imazen-26-png-v3/png-v3/6600-ia-scans-manuscript-illustrations/6619_scans-illustrations_redoute-rose-pale-pink_plate0057_2912x4368.sdr.png	t3	2	20	23964	1075.4676350043155	5704.411000000136	80.705	
6600-ia-scans-manuscript-illustrations	imazen-26-png-v3/png-v3/6600-ia-scans-manuscript-illustrations/6619_scans-illustrations_redoute-rose-pale-pink_plate0057_2912x4368.sdr.png	t3	2	32	15113	999.9071380007081	6430.332000000306	69.317	
6600-ia-scans-manuscript-illustrations	imazen-26-png-v3/png-v3/6600-ia-scans-manuscript-illustrations/6619_scans-illustrations_redoute-rose-pale-pink_plate0057_2912x4368.sdr.png	t3	2	44	5788	959.3837599968538	7055.107000000078	34.832	
6600-ia-scans-manuscript-illustrations	imazen-26-png-v3/png-v3/6600-ia-scans-manuscript-illustrations/6619_scans-illustrations_redoute-rose-pale-pink_plate0057_2912x4368.sdr.png	t3	4	20	24274	235.688567001489	351.0250000001349	80.489	
6600-ia-scans-manuscript-illustrations	imazen-26-png-v3/png-v3/6600-ia-scans-manuscript-illustrations/6619_scans-illustrations_redoute-rose-pale-pink_plate0057_2912x4368.sdr.png	t3	4	32	15309	290.9569780022139	910.1990000000058	69.547	
6600-ia-scans-manuscript-illustrations	imazen-26-png-v3/png-v3/6600-ia-scans-manuscript-illustrations/6619_scans-illustrations_redoute-rose-pale-pink_plate0057_2912x4368.sdr.png	t3	4	44	6080	227.72596499999054	645.2259999997523	35.873	
6600-ia-scans-manuscript-illustrations	imazen-26-png-v3/png-v3/6600-ia-scans-manuscript-illustrations/6619_scans-illustrations_redoute-rose-pale-pink_plate0057_2912x4368.sdr.png	t3	6	20	24541	165.94418601016514	612.3579999995457	80.624	
6600-ia-scans-manuscript-illustrations	imazen-26-png-v3/png-v3/6600-ia-scans-manuscript-illustrations/6619_scans-illustrations_redoute-rose-pale-pink_plate0057_2912x4368.sdr.png	t3	6	32	15724	142.50511200225446	948.7519999998142	70.287	
6600-ia-scans-manuscript-illustrations	imazen-26-png-v3/png-v3/6600-ia-scans-manuscript-illustrations/6619_scans-illustrations_redoute-rose-pale-pink_plate0057_2912x4368.sdr.png	t3	6	44	6418	311.8972450029105	508.8750000002449	37.122	
6600-ia-scans-manuscript-illustrations	imazen-26-png-v3/png-v3/6600-ia-scans-manuscript-illustrations/6619_scans-illustrations_redoute-rose-pale-pink_plate0057_2912x4368.sdr.png	t3	8	20	25047	244.00181500823237	188.7670000000412	80.470	
6600-ia-scans-manuscript-illustrations	imazen-26-png-v3/png-v3/6600-ia-scans-manuscript-illustrations/6619_scans-illustrations_redoute-rose-pale-pink_plate0057_2912x4368.sdr.png	t3	8	32	16097	407.27292399969883	537.3420000001659	70.120	
6600-ia-scans-manuscript-illustrations	imazen-26-png-v3/png-v3/6600-ia-scans-manuscript-illustrations/6619_scans-illustrations_redoute-rose-pale-pink_plate0057_2912x4368.sdr.png	t3	8	44	6590	228.82583500177134	146.8869999997935	37.647	
6600-ia-scans-manuscript-illustrations	imazen-26-png-v3/png-v3/6600-ia-scans-manuscript-illustrations/6619_scans-illustrations_redoute-rose-pale-pink_plate0057_2912x4368.sdr.png	t3	10	20	24732	152.8538260026835	234.87499999995975	80.401	
6600-ia-scans-manuscript-illustrations	imazen-26-png-v3/png-v3/6600-ia-scans-manuscript-illustrations/6619_scans-illustrations_redoute-rose-pale-pink_plate0057_2912x4368.sdr.png	t3	10	32	16025	327.2878340067109	320.5990000003851	70.031	
6600-ia-scans-manuscript-illustrations	imazen-26-png-v3/png-v3/6600-ia-scans-manuscript-illustrations/6619_scans-illustrations_redoute-rose-pale-pink_plate0057_2912x4368.sdr.png	t3	10	44	6566	261.0470159997931	287.37800000007496	37.523	
6600-ia-scans-manuscript-illustrations	imazen-26-png-v3/png-v3/6600-ia-scans-manuscript-illustrations/6619_scans-illustrations_redoute-rose-pale-pink_plate0057_2912x4368.sdr.png	t3	12	20	24732	267.47915100713726	367.39599999981465	80.401	
6600-ia-scans-manuscript-illustrations	imazen-26-png-v3/png-v3/6600-ia-scans-manuscript-illustrations/6619_scans-illustrations_redoute-rose-pale-pink_plate0057_2912x4368.sdr.png	t3	12	32	16025	186.00046500796452	566.1880000001815	70.031	
6600-ia-scans-manuscript-illustrations	imazen-26-png-v3/png-v3/6600-ia-scans-manuscript-illustrations/6619_scans-illustrations_redoute-rose-pale-pink_plate0057_2912x4368.sdr.png	t3	12	44	6566	180.60608000087086	601.3350000002333	37.523	
6600-ia-scans-manuscript-illustrations	imazen-26-png-v3/png-v3/6600-ia-scans-manuscript-illustrations/6619_scans-illustrations_redoute-rose-pale-pink_plate0057_2912x4368.sdr.png	t4	-1	20	18268	3275.154721995932	23888.75399999995	DEC-ERR	
6600-ia-scans-manuscript-illustrations	imazen-26-png-v3/png-v3/6600-ia-scans-manuscript-illustrations/6619_scans-illustrations_redoute-rose-pale-pink_plate0057_2912x4368.sdr.png	t4	-1	32	10473	3030.070300999796	20556.246000000214	DEC-ERR	
6600-ia-scans-manuscript-illustrations	imazen-26-png-v3/png-v3/6600-ia-scans-manuscript-illustrations/6619_scans-illustrations_redoute-rose-pale-pink_plate0057_2912x4368.sdr.png	t4	-1	44	4168	4562.133660001564	31547.37200000008	DEC-ERR	
6600-ia-scans-manuscript-illustrations	imazen-26-png-v3/png-v3/6600-ia-scans-manuscript-illustrations/6619_scans-illustrations_redoute-rose-pale-pink_plate0057_2912x4368.sdr.png	t4	2	20	19217	801.9180870032869	5215.281000000317	77.428	
6600-ia-scans-manuscript-illustrations	imazen-26-png-v3/png-v3/6600-ia-scans-manuscript-illustrations/6619_scans-illustrations_redoute-rose-pale-pink_plate0057_2912x4368.sdr.png	t4	2	32	10608	602.8879479999887	1904.9999999999443	63.596	
6600-ia-scans-manuscript-illustrations	imazen-26-png-v3/png-v3/6600-ia-scans-manuscript-illustrations/6619_scans-illustrations_redoute-rose-pale-pink_plate0057_2912x4368.sdr.png	t4	2	44	4171	876.4358639891725	2836.667999999946	27.754	
6600-ia-scans-manuscript-illustrations	imazen-26-png-v3/png-v3/6600-ia-scans-manuscript-illustrations/6619_scans-illustrations_redoute-rose-pale-pink_plate0057_2912x4368.sdr.png	t4	4	20	19272	237.06805698748212	579.3520000000854	77.415	
6600-ia-scans-manuscript-illustrations	imazen-26-png-v3/png-v3/6600-ia-scans-manuscript-illustrations/6619_scans-illustrations_redoute-rose-pale-pink_plate0057_2912x4368.sdr.png	t4	4	32	10632	211.1647540004924	384.6449999999777	63.620	
6600-ia-scans-manuscript-illustrations	imazen-26-png-v3/png-v3/6600-ia-scans-manuscript-illustrations/6619_scans-illustrations_redoute-rose-pale-pink_plate0057_2912x4368.sdr.png	t4	4	44	4201	211.44527700380422	742.1669999999096	27.552	
6600-ia-scans-manuscript-illustrations	imazen-26-png-v3/png-v3/6600-ia-scans-manuscript-illustrations/6619_scans-illustrations_redoute-rose-pale-pink_plate0057_2912x4368.sdr.png	t4	6	20	19206	123.1581100000767	122.95900000023607	77.418	
6600-ia-scans-manuscript-illustrations	imazen-26-png-v3/png-v3/6600-ia-scans-manuscript-illustrations/6619_scans-illustrations_redoute-rose-pale-pink_plate0057_2912x4368.sdr.png	t4	6	32	10670	230.58879299787804	932.138000000009	63.653	
6600-ia-scans-manuscript-illustrations	imazen-26-png-v3/png-v3/6600-ia-scans-manuscript-illustrations/6619_scans-illustrations_redoute-rose-pale-pink_plate0057_2912x4368.sdr.png	t4	6	44	4843	269.66444100253284	5346.19400000014	30.226	
6600-ia-scans-manuscript-illustrations	imazen-26-png-v3/png-v3/6600-ia-scans-manuscript-illustrations/6619_scans-illustrations_redoute-rose-pale-pink_plate0057_2912x4368.sdr.png	t4	8	20	19303	276.08333199168555	471.1009999998055	77.278	
6600-ia-scans-manuscript-illustrations	imazen-26-png-v3/png-v3/6600-ia-scans-manuscript-illustrations/6619_scans-illustrations_redoute-rose-pale-pink_plate0057_2912x4368.sdr.png	t4	8	32	10743	208.44743399356958	240.61199999977134	62.948	
6600-ia-scans-manuscript-illustrations	imazen-26-png-v3/png-v3/6600-ia-scans-manuscript-illustrations/6619_scans-illustrations_redoute-rose-pale-pink_plate0057_2912x4368.sdr.png	t4	8	44	4899	317.1849180071149	585.9939999997437	30.257	
6600-ia-scans-manuscript-illustrations	imazen-26-png-v3/png-v3/6600-ia-scans-manuscript-illustrations/6619_scans-illustrations_redoute-rose-pale-pink_plate0057_2912x4368.sdr.png	t4	10	20	22304	214.28513000137173	347.4189999999169	78.484	
6600-ia-scans-manuscript-illustrations	imazen-26-png-v3/png-v3/6600-ia-scans-manuscript-illustrations/6619_scans-illustrations_redoute-rose-pale-pink_plate0057_2912x4368.sdr.png	t4	10	32	12412	401.8069430021569	160.09400000004348	64.755	
6600-ia-scans-manuscript-illustrations	imazen-26-png-v3/png-v3/6600-ia-scans-manuscript-illustrations/6619_scans-illustrations_redoute-rose-pale-pink_plate0057_2912x4368.sdr.png	t4	10	44	4924	406.53480200853664	231.85099999994918	30.011	
6600-ia-scans-manuscript-illustrations	imazen-26-png-v3/png-v3/6600-ia-scans-manuscript-illustrations/6619_scans-illustrations_redoute-rose-pale-pink_plate0057_2912x4368.sdr.png	t4	12	20	22304	246.19368799903896	3103.5300000004327	78.484	
6600-ia-scans-manuscript-illustrations	imazen-26-png-v3/png-v3/6600-ia-scans-manuscript-illustrations/6619_scans-illustrations_redoute-rose-pale-pink_plate0057_2912x4368.sdr.png	t4	12	32	12412	334.6752929937793	6432.540999999787	64.755	
6600-ia-scans-manuscript-illustrations	imazen-26-png-v3/png-v3/6600-ia-scans-manuscript-illustrations/6619_scans-illustrations_redoute-rose-pale-pink_plate0057_2912x4368.sdr.png	t4	12	44	4924	176.74150099628605	353.5530000000904	30.011	
6600-ia-scans-manuscript-illustrations	imazen-26-png-v3/png-v3/6600-ia-scans-manuscript-illustrations/6619_scans-illustrations_redoute-rose-pale-pink_plate0057_2912x4368.sdr.png	st	-1	20	22057	3670.643748002476	13616.877999999531	DEC-ERR	
6600-ia-scans-manuscript-illustrations	imazen-26-png-v3/png-v3/6600-ia-scans-manuscript-illustrations/6619_scans-illustrations_redoute-rose-pale-pink_plate0057_2912x4368.sdr.png	st	-1	32	12940	4999.773414005176	25771.48799999961	DEC-ERR	
6600-ia-scans-manuscript-illustrations	imazen-26-png-v3/png-v3/6600-ia-scans-manuscript-illustrations/6619_scans-illustrations_redoute-rose-pale-pink_plate0057_2912x4368.sdr.png	st	-1	44	4352	4309.601305008982	18621.144000000244	DEC-ERR	
6600-ia-scans-manuscript-illustrations	imazen-26-png-v3/png-v3/6600-ia-scans-manuscript-illustrations/6619_scans-illustrations_redoute-rose-pale-pink_plate0057_2912x4368.sdr.png	st	2	20	22376	709.0255740040448	2064.2500000004134	79.302	
6600-ia-scans-manuscript-illustrations	imazen-26-png-v3/png-v3/6600-ia-scans-manuscript-illustrations/6619_scans-illustrations_redoute-rose-pale-pink_plate0057_2912x4368.sdr.png	st	2	32	13098	715.7842489978066	2716.1460000002935	64.711	
6600-ia-scans-manuscript-illustrations	imazen-26-png-v3/png-v3/6600-ia-scans-manuscript-illustrations/6619_scans-illustrations_redoute-rose-pale-pink_plate0057_2912x4368.sdr.png	st	2	44	4476	662.5897170015378	1221.33600000015	25.089	
6600-ia-scans-manuscript-illustrations	imazen-26-png-v3/png-v3/6600-ia-scans-manuscript-illustrations/6619_scans-illustrations_redoute-rose-pale-pink_plate0057_2912x4368.sdr.png	st	4	20	22645	270.6414760032203	292.42100000024607	79.218	
6600-ia-scans-manuscript-illustrations	imazen-26-png-v3/png-v3/6600-ia-scans-manuscript-illustrations/6619_scans-illustrations_redoute-rose-pale-pink_plate0057_2912x4368.sdr.png	st	4	32	13313	270.76846700219903	558.3369999999377	65.096	
6600-ia-scans-manuscript-illustrations	imazen-26-png-v3/png-v3/6600-ia-scans-manuscript-illustrations/6619_scans-illustrations_redoute-rose-pale-pink_plate0057_2912x4368.sdr.png	st	4	44	4725	277.25517700309865	2798.5150000002077	26.317	
6600-ia-scans-manuscript-illustrations	imazen-26-png-v3/png-v3/6600-ia-scans-manuscript-illustrations/6619_scans-illustrations_redoute-rose-pale-pink_plate0057_2912x4368.sdr.png	st	6	20	22939	161.92869999213144	1663.8290000002485	79.290	
6600-ia-scans-manuscript-illustrations	imazen-26-png-v3/png-v3/6600-ia-scans-manuscript-illustrations/6619_scans-illustrations_redoute-rose-pale-pink_plate0057_2912x4368.sdr.png	st	6	32	13691	294.2460240010405	1818.3959999999502	65.968	
6600-ia-scans-manuscript-illustrations	imazen-26-png-v3/png-v3/6600-ia-scans-manuscript-illustrations/6619_scans-illustrations_redoute-rose-pale-pink_plate0057_2912x4368.sdr.png	st	6	44	4934	544.1032289963914	4540.299999999689	26.878	
6600-ia-scans-manuscript-illustrations	imazen-26-png-v3/png-v3/6600-ia-scans-manuscript-illustrations/6619_scans-illustrations_redoute-rose-pale-pink_plate0057_2912x4368.sdr.png	st	8	20	23426	315.72764000156894	4373.38299999999	79.116	
6600-ia-scans-manuscript-illustrations	imazen-26-png-v3/png-v3/6600-ia-scans-manuscript-illustrations/6619_scans-illustrations_redoute-rose-pale-pink_plate0057_2912x4368.sdr.png	st	8	32	14034	405.05748700525146	456.9470000000422	65.857	
6600-ia-scans-manuscript-illustrations	imazen-26-png-v3/png-v3/6600-ia-scans-manuscript-illustrations/6619_scans-illustrations_redoute-rose-pale-pink_plate0057_2912x4368.sdr.png	st	8	44	5066	384.6779739978956	449.6329999998352	27.202	
6600-ia-scans-manuscript-illustrations	imazen-26-png-v3/png-v3/6600-ia-scans-manuscript-illustrations/6619_scans-illustrations_redoute-rose-pale-pink_plate0057_2912x4368.sdr.png	st	10	20	23145	244.80704400048126	300.0239999998655	79.101	
6600-ia-scans-manuscript-illustrations	imazen-26-png-v3/png-v3/6600-ia-scans-manuscript-illustrations/6619_scans-illustrations_redoute-rose-pale-pink_plate0057_2912x4368.sdr.png	st	10	32	13983	659.225648996653	575.5850000001885	65.711	
6600-ia-scans-manuscript-illustrations	imazen-26-png-v3/png-v3/6600-ia-scans-manuscript-illustrations/6619_scans-illustrations_redoute-rose-pale-pink_plate0057_2912x4368.sdr.png	st	10	44	5051	508.2460319972597	597.7500000003886	27.094	
6600-ia-scans-manuscript-illustrations	imazen-26-png-v3/png-v3/6600-ia-scans-manuscript-illustrations/6619_scans-illustrations_redoute-rose-pale-pink_plate0057_2912x4368.sdr.png	st	12	20	23145	335.90353600448	256.51499999986527	79.101	
6600-ia-scans-manuscript-illustrations	imazen-26-png-v3/png-v3/6600-ia-scans-manuscript-illustrations/6619_scans-illustrations_redoute-rose-pale-pink_plate0057_2912x4368.sdr.png	st	12	32	13983	733.7227469979553	532.0780000000127	65.711	
6600-ia-scans-manuscript-illustrations	imazen-26-png-v3/png-v3/6600-ia-scans-manuscript-illustrations/6619_scans-illustrations_redoute-rose-pale-pink_plate0057_2912x4368.sdr.png	st	12	44	5051	415.023913999903	456.5489999998533	27.094	
6800-ia-scans-manuscript-text	imazen-26-png-v3/png-v3/6800-ia-scans-manuscript-text/6825_scans-text_redoute-fr-description_p0060_2415x3528.sdr.png	t1	-1	20	8153	2725.6301779998466	20121.869000000173	68.620	
6800-ia-scans-manuscript-text	imazen-26-png-v3/png-v3/6800-ia-scans-manuscript-text/6825_scans-text_redoute-fr-description_p0060_2415x3528.sdr.png	t1	-1	32	1717	2652.455702002044	22490.51700000021	41.450	
6800-ia-scans-manuscript-text	imazen-26-png-v3/png-v3/6800-ia-scans-manuscript-text/6825_scans-text_redoute-fr-description_p0060_2415x3528.sdr.png	t1	-1	44	587	1857.8287419950357	11557.164000000314	24.069	
6800-ia-scans-manuscript-text	imazen-26-png-v3/png-v3/6800-ia-scans-manuscript-text/6825_scans-text_redoute-fr-description_p0060_2415x3528.sdr.png	t1	2	20	7294	403.88365800026804	608.5119999999051	66.527	
6800-ia-scans-manuscript-text	imazen-26-png-v3/png-v3/6800-ia-scans-manuscript-text/6825_scans-text_redoute-fr-description_p0060_2415x3528.sdr.png	t1	2	32	1581	351.749278997886	305.08900000006633	40.077	
6800-ia-scans-manuscript-text	imazen-26-png-v3/png-v3/6800-ia-scans-manuscript-text/6825_scans-text_redoute-fr-description_p0060_2415x3528.sdr.png	t1	2	44	562	398.89424199645873	4488.251999999931	23.159	
6800-ia-scans-manuscript-text	imazen-26-png-v3/png-v3/6800-ia-scans-manuscript-text/6825_scans-text_redoute-fr-description_p0060_2415x3528.sdr.png	t1	4	20	6937	200.9070630010683	199.64399999975058	65.241	
6800-ia-scans-manuscript-text	imazen-26-png-v3/png-v3/6800-ia-scans-manuscript-text/6825_scans-text_redoute-fr-description_p0060_2415x3528.sdr.png	t1	4	32	1543	216.99362399522215	489.35899999992216	38.772	
6800-ia-scans-manuscript-text	imazen-26-png-v3/png-v3/6800-ia-scans-manuscript-text/6825_scans-text_redoute-fr-description_p0060_2415x3528.sdr.png	t1	4	44	554	175.72734400164336	337.02000000016596	22.388	
6800-ia-scans-manuscript-text	imazen-26-png-v3/png-v3/6800-ia-scans-manuscript-text/6825_scans-text_redoute-fr-description_p0060_2415x3528.sdr.png	t1	6	20	7351	253.93802499456797	218.86299999994208	66.013	
6800-ia-scans-manuscript-text	imazen-26-png-v3/png-v3/6800-ia-scans-manuscript-text/6825_scans-text_redoute-fr-description_p0060_2415x3528.sdr.png	t1	6	32	1603	239.81037500198	213.5560000000396	38.506	
6800-ia-scans-manuscript-text	imazen-26-png-v3/png-v3/6800-ia-scans-manuscript-text/6825_scans-text_redoute-fr-description_p0060_2415x3528.sdr.png	t1	6	44	585	311.08559398853686	4274.829999999952	21.332	
6800-ia-scans-manuscript-text	imazen-26-png-v3/png-v3/6800-ia-scans-manuscript-text/6825_scans-text_redoute-fr-description_p0060_2415x3528.sdr.png	t1	8	20	7245	157.7579189906828	81.36800000008293	65.395	
6800-ia-scans-manuscript-text	imazen-26-png-v3/png-v3/6800-ia-scans-manuscript-text/6825_scans-text_redoute-fr-description_p0060_2415x3528.sdr.png	t1	8	32	1555	280.82489599182736	1973.752999999789	37.066	
6800-ia-scans-manuscript-text	imazen-26-png-v3/png-v3/6800-ia-scans-manuscript-text/6825_scans-text_redoute-fr-description_p0060_2415x3528.sdr.png	t1	8	44	566	131.7157919984311	6952.5329999996475	21.012	
6800-ia-scans-manuscript-text	imazen-26-png-v3/png-v3/6800-ia-scans-manuscript-text/6825_scans-text_redoute-fr-description_p0060_2415x3528.sdr.png	t1	10	20	7357	179.11152199667413	7047.690999999901	65.310	
6800-ia-scans-manuscript-text	imazen-26-png-v3/png-v3/6800-ia-scans-manuscript-text/6825_scans-text_redoute-fr-description_p0060_2415x3528.sdr.png	t1	10	32	1564	147.3827949957922	5257.745999999656	37.193	
6800-ia-scans-manuscript-text	imazen-26-png-v3/png-v3/6800-ia-scans-manuscript-text/6825_scans-text_redoute-fr-description_p0060_2415x3528.sdr.png	t1	10	44	578	164.6861969929887	192.14699999952245	20.899	
6800-ia-scans-manuscript-text	imazen-26-png-v3/png-v3/6800-ia-scans-manuscript-text/6825_scans-text_redoute-fr-description_p0060_2415x3528.sdr.png	t1	12	20	7357	398.2035100052599	2947.8859999999827	65.310	
6800-ia-scans-manuscript-text	imazen-26-png-v3/png-v3/6800-ia-scans-manuscript-text/6825_scans-text_redoute-fr-description_p0060_2415x3528.sdr.png	t1	12	32	1564	275.4012560035335	2731.657000000098	37.193	
6800-ia-scans-manuscript-text	imazen-26-png-v3/png-v3/6800-ia-scans-manuscript-text/6825_scans-text_redoute-fr-description_p0060_2415x3528.sdr.png	t1	12	44	578	397.74621100514196	2892.5480000000903	20.899	
6800-ia-scans-manuscript-text	imazen-26-png-v3/png-v3/6800-ia-scans-manuscript-text/6825_scans-text_redoute-fr-description_p0060_2415x3528.sdr.png	t2	-1	20	8159	2808.3431480044965	9588.616000000486	68.785	
6800-ia-scans-manuscript-text	imazen-26-png-v3/png-v3/6800-ia-scans-manuscript-text/6825_scans-text_redoute-fr-description_p0060_2415x3528.sdr.png	t2	-1	32	1700	2818.486592004774	9664.692000000316	41.652	
6800-ia-scans-manuscript-text	imazen-26-png-v3/png-v3/6800-ia-scans-manuscript-text/6825_scans-text_redoute-fr-description_p0060_2415x3528.sdr.png	t2	-1	44	575	1808.10432000726	3854.7150000001125	23.991	
6800-ia-scans-manuscript-text	imazen-26-png-v3/png-v3/6800-ia-scans-manuscript-text/6825_scans-text_redoute-fr-description_p0060_2415x3528.sdr.png	t2	2	20	7178	369.1403060074663	401.85499999978447	65.828	
6800-ia-scans-manuscript-text	imazen-26-png-v3/png-v3/6800-ia-scans-manuscript-text/6825_scans-text_redoute-fr-description_p0060_2415x3528.sdr.png	t2	2	32	1519	311.48633499105927	911.8829999997615	39.275	
6800-ia-scans-manuscript-text	imazen-26-png-v3/png-v3/6800-ia-scans-manuscript-text/6825_scans-text_redoute-fr-description_p0060_2415x3528.sdr.png	t2	2	44	525	290.4790000029607	610.7489999999416	22.235	
6800-ia-scans-manuscript-text	imazen-26-png-v3/png-v3/6800-ia-scans-manuscript-text/6825_scans-text_redoute-fr-description_p0060_2415x3528.sdr.png	t2	4	20	6943	349.0571069996804	1150.6079999999486	65.217	
6800-ia-scans-manuscript-text	imazen-26-png-v3/png-v3/6800-ia-scans-manuscript-text/6825_scans-text_redoute-fr-description_p0060_2415x3528.sdr.png	t2	4	32	1473	226.21623799204826	1141.0559999999634	38.919	
6800-ia-scans-manuscript-text	imazen-26-png-v3/png-v3/6800-ia-scans-manuscript-text/6825_scans-text_redoute-fr-description_p0060_2415x3528.sdr.png	t2	4	44	520	215.7618250057567	955.4790000003948	22.047	
6800-ia-scans-manuscript-text	imazen-26-png-v3/png-v3/6800-ia-scans-manuscript-text/6825_scans-text_redoute-fr-description_p0060_2415x3528.sdr.png	t2	6	20	7275	184.50091700651683	384.426999999846	65.790	
6800-ia-scans-manuscript-text	imazen-26-png-v3/png-v3/6800-ia-scans-manuscript-text/6825_scans-text_redoute-fr-description_p0060_2415x3528.sdr.png	t2	6	32	1543	153.30413001356646	250.8189999996091	38.264	
6800-ia-scans-manuscript-text	imazen-26-png-v3/png-v3/6800-ia-scans-manuscript-text/6825_scans-text_redoute-fr-description_p0060_2415x3528.sdr.png	t2	6	44	550	158.28563099785242	577.7250000002994	20.925	
6800-ia-scans-manuscript-text	imazen-26-png-v3/png-v3/6800-ia-scans-manuscript-text/6825_scans-text_redoute-fr-description_p0060_2415x3528.sdr.png	t2	8	20	7397	330.694472999312	144.91400000011367	65.909	
6800-ia-scans-manuscript-text	imazen-26-png-v3/png-v3/6800-ia-scans-manuscript-text/6825_scans-text_redoute-fr-description_p0060_2415x3528.sdr.png	t2	8	32	1488	312.25621700286865	1982.7119999996512	36.912	
6800-ia-scans-manuscript-text	imazen-26-png-v3/png-v3/6800-ia-scans-manuscript-text/6825_scans-text_redoute-fr-description_p0060_2415x3528.sdr.png	t2	8	44	538	224.4509659940377	175.37700000013956	20.943	
6800-ia-scans-manuscript-text	imazen-26-png-v3/png-v3/6800-ia-scans-manuscript-text/6825_scans-text_redoute-fr-description_p0060_2415x3528.sdr.png	t2	10	20	7477	199.40410899289418	1952.2099999994396	65.559	
6800-ia-scans-manuscript-text	imazen-26-png-v3/png-v3/6800-ia-scans-manuscript-text/6825_scans-text_redoute-fr-description_p0060_2415x3528.sdr.png	t2	10	32	1513	195.99275100335944	1994.570999999837	37.096	
6800-ia-scans-manuscript-text	imazen-26-png-v3/png-v3/6800-ia-scans-manuscript-text/6825_scans-text_redoute-fr-description_p0060_2415x3528.sdr.png	t2	10	44	547	124.89944700791966	306.7479999997431	20.740	
6800-ia-scans-manuscript-text	imazen-26-png-v3/png-v3/6800-ia-scans-manuscript-text/6825_scans-text_redoute-fr-description_p0060_2415x3528.sdr.png	t2	12	20	7477	159.66942900558934	125.6319999997686	65.559	
6800-ia-scans-manuscript-text	imazen-26-png-v3/png-v3/6800-ia-scans-manuscript-text/6825_scans-text_redoute-fr-description_p0060_2415x3528.sdr.png	t2	12	32	1513	358.3937180083012	197.7400000002092	37.096	
6800-ia-scans-manuscript-text	imazen-26-png-v3/png-v3/6800-ia-scans-manuscript-text/6825_scans-text_redoute-fr-description_p0060_2415x3528.sdr.png	t2	12	44	547	510.3099120024126	5238.25900000017	20.740	
6800-ia-scans-manuscript-text	imazen-26-png-v3/png-v3/6800-ia-scans-manuscript-text/6825_scans-text_redoute-fr-description_p0060_2415x3528.sdr.png	t3	-1	20	16320	4137.405837987899	12142.480000000261	DEC-ERR	
6800-ia-scans-manuscript-text	imazen-26-png-v3/png-v3/6800-ia-scans-manuscript-text/6825_scans-text_redoute-fr-description_p0060_2415x3528.sdr.png	t3	-1	32	8838	4073.310293999384	15138.556000000364	DEC-ERR	
6800-ia-scans-manuscript-text	imazen-26-png-v3/png-v3/6800-ia-scans-manuscript-text/6825_scans-text_redoute-fr-description_p0060_2415x3528.sdr.png	t3	-1	44	2238	2159.0859410061967	4648.50299999992	DEC-ERR	
6800-ia-scans-manuscript-text	imazen-26-png-v3/png-v3/6800-ia-scans-manuscript-text/6825_scans-text_redoute-fr-description_p0060_2415x3528.sdr.png	t3	2	20	16528	683.8026429904858	2141.986999999659	79.859	
6800-ia-scans-manuscript-text	imazen-26-png-v3/png-v3/6800-ia-scans-manuscript-text/6825_scans-text_redoute-fr-description_p0060_2415x3528.sdr.png	t3	2	32	8917	638.3847099932609	2109.9189999999053	68.700	
6800-ia-scans-manuscript-text	imazen-26-png-v3/png-v3/6800-ia-scans-manuscript-text/6825_scans-text_redoute-fr-description_p0060_2415x3528.sdr.png	t3	2	44	2264	342.52236600150354	1258.9830000000006	43.814	
6800-ia-scans-manuscript-text	imazen-26-png-v3/png-v3/6800-ia-scans-manuscript-text/6825_scans-text_redoute-fr-description_p0060_2415x3528.sdr.png	t3	4	20	16912	212.0039270084817	333.36200000013605	79.164	
6800-ia-scans-manuscript-text	imazen-26-png-v3/png-v3/6800-ia-scans-manuscript-text/6825_scans-text_redoute-fr-description_p0060_2415x3528.sdr.png	t3	4	32	9085	212.68973000405822	583.6970000003703	68.905	
6800-ia-scans-manuscript-text	imazen-26-png-v3/png-v3/6800-ia-scans-manuscript-text/6825_scans-text_redoute-fr-description_p0060_2415x3528.sdr.png	t3	4	44	2444	197.28550600120798	783.585999999616	47.009	
6800-ia-scans-manuscript-text	imazen-26-png-v3/png-v3/6800-ia-scans-manuscript-text/6825_scans-text_redoute-fr-description_p0060_2415x3528.sdr.png	t3	6	20	17401	138.62237900320906	619.989999999774	79.098	
6800-ia-scans-manuscript-text	imazen-26-png-v3/png-v3/6800-ia-scans-manuscript-text/6825_scans-text_redoute-fr-description_p0060_2415x3528.sdr.png	t3	6	32	9576	112.6319600007264	309.06900000013593	69.007	
6800-ia-scans-manuscript-text	imazen-26-png-v3/png-v3/6800-ia-scans-manuscript-text/6825_scans-text_redoute-fr-description_p0060_2415x3528.sdr.png	t3	6	44	2579	121.89940999087412	774.6669999999369	47.053	
6800-ia-scans-manuscript-text	imazen-26-png-v3/png-v3/6800-ia-scans-manuscript-text/6825_scans-text_redoute-fr-description_p0060_2415x3528.sdr.png	t3	8	20	18055	358.03840299195144	178.9210000003152	78.907	
6800-ia-scans-manuscript-text	imazen-26-png-v3/png-v3/6800-ia-scans-manuscript-text/6825_scans-text_redoute-fr-description_p0060_2415x3528.sdr.png	t3	8	32	10003	284.55449899774976	310.5000000000189	69.538	
6800-ia-scans-manuscript-text	imazen-26-png-v3/png-v3/6800-ia-scans-manuscript-text/6825_scans-text_redoute-fr-description_p0060_2415x3528.sdr.png	t3	8	44	2705	279.36053500161506	278.0420000003403	46.869	
6800-ia-scans-manuscript-text	imazen-26-png-v3/png-v3/6800-ia-scans-manuscript-text/6825_scans-text_redoute-fr-description_p0060_2415x3528.sdr.png	t3	10	20	18418	557.5771270086989	2321.1349999998274	79.112	
6800-ia-scans-manuscript-text	imazen-26-png-v3/png-v3/6800-ia-scans-manuscript-text/6825_scans-text_redoute-fr-description_p0060_2415x3528.sdr.png	t3	10	32	10214	427.76943900389597	2278.344000000374	68.920	
6800-ia-scans-manuscript-text	imazen-26-png-v3/png-v3/6800-ia-scans-manuscript-text/6825_scans-text_redoute-fr-description_p0060_2415x3528.sdr.png	t3	10	44	2765	341.039439997985	2094.35199999993	47.476	
6800-ia-scans-manuscript-text	imazen-26-png-v3/png-v3/6800-ia-scans-manuscript-text/6825_scans-text_redoute-fr-description_p0060_2415x3528.sdr.png	t3	12	20	18418	197.46857399877626	2363.398000000274	79.112	
6800-ia-scans-manuscript-text	imazen-26-png-v3/png-v3/6800-ia-scans-manuscript-text/6825_scans-text_redoute-fr-description_p0060_2415x3528.sdr.png	t3	12	32	10214	186.81102400296368	2252.1640000003063	68.920	
6800-ia-scans-manuscript-text	imazen-26-png-v3/png-v3/6800-ia-scans-manuscript-text/6825_scans-text_redoute-fr-description_p0060_2415x3528.sdr.png	t3	12	44	2765	255.28222699358594	522.7660000002459	47.476	
6800-ia-scans-manuscript-text	imazen-26-png-v3/png-v3/6800-ia-scans-manuscript-text/6825_scans-text_redoute-fr-description_p0060_2415x3528.sdr.png	t4	-1	20	13617	3497.5988469959702	17909.14899999973	DEC-ERR	
6800-ia-scans-manuscript-text	imazen-26-png-v3/png-v3/6800-ia-scans-manuscript-text/6825_scans-text_redoute-fr-description_p0060_2415x3528.sdr.png	t4	-1	32	6561	3845.2643799973885	21667.785000000265	DEC-ERR	
6800-ia-scans-manuscript-text	imazen-26-png-v3/png-v3/6800-ia-scans-manuscript-text/6825_scans-text_redoute-fr-description_p0060_2415x3528.sdr.png	t4	-1	44	1989	3205.191665998427	14348.641000000214	DEC-ERR	
6800-ia-scans-manuscript-text	imazen-26-png-v3/png-v3/6800-ia-scans-manuscript-text/6825_scans-text_redoute-fr-description_p0060_2415x3528.sdr.png	t4	2	20	13309	439.11205999029335	4748.203000000103	76.345	
6800-ia-scans-manuscript-text	imazen-26-png-v3/png-v3/6800-ia-scans-manuscript-text/6825_scans-text_redoute-fr-description_p0060_2415x3528.sdr.png	t4	2	32	7107	800.2568310039351	6103.076000000157	65.519	
6800-ia-scans-manuscript-text	imazen-26-png-v3/png-v3/6800-ia-scans-manuscript-text/6825_scans-text_redoute-fr-description_p0060_2415x3528.sdr.png	t4	2	44	2020	474.7356529987883	1631.3229999997247	43.505	
6800-ia-scans-manuscript-text	imazen-26-png-v3/png-v3/6800-ia-scans-manuscript-text/6825_scans-text_redoute-fr-description_p0060_2415x3528.sdr.png	t4	4	20	13692	214.7086449986091	1186.8590000000268	76.195	
6800-ia-scans-manuscript-text	imazen-26-png-v3/png-v3/6800-ia-scans-manuscript-text/6825_scans-text_redoute-fr-description_p0060_2415x3528.sdr.png	t4	4	32	7335	201.6809530032333	1123.3300000000952	65.453	
6800-ia-scans-manuscript-text	imazen-26-png-v3/png-v3/6800-ia-scans-manuscript-text/6825_scans-text_redoute-fr-description_p0060_2415x3528.sdr.png	t4	4	44	2135	160.00244099996053	806.2580000002697	44.233	
6800-ia-scans-manuscript-text	imazen-26-png-v3/png-v3/6800-ia-scans-manuscript-text/6825_scans-text_redoute-fr-description_p0060_2415x3528.sdr.png	t4	6	20	14105	95.36804399976972	127.89300000008552	76.444	
6800-ia-scans-manuscript-text	imazen-26-png-v3/png-v3/6800-ia-scans-manuscript-text/6825_scans-text_redoute-fr-description_p0060_2415x3528.sdr.png	t4	6	32	7649	98.28561400354374	592.6840000001334	65.963	
6800-ia-scans-manuscript-text	imazen-26-png-v3/png-v3/6800-ia-scans-manuscript-text/6825_scans-text_redoute-fr-description_p0060_2415x3528.sdr.png	t4	6	44	2352	226.92206900683232	128.32300000010832	44.289	
6800-ia-scans-manuscript-text	imazen-26-png-v3/png-v3/6800-ia-scans-manuscript-text/6825_scans-text_redoute-fr-description_p0060_2415x3528.sdr.png	t4	8	20	14481	160.64860799815506	242.14200000008645	76.602	
6800-ia-scans-manuscript-text	imazen-26-png-v3/png-v3/6800-ia-scans-manuscript-text/6825_scans-text_redoute-fr-description_p0060_2415x3528.sdr.png	t4	8	32	7913	262.4329980026232	292.728000000011	66.463	
6800-ia-scans-manuscript-text	imazen-26-png-v3/png-v3/6800-ia-scans-manuscript-text/6825_scans-text_redoute-fr-description_p0060_2415x3528.sdr.png	t4	8	44	2317	205.02698799828067	384.9369999998373	44.442	
6800-ia-scans-manuscript-text	imazen-26-png-v3/png-v3/6800-ia-scans-manuscript-text/6825_scans-text_redoute-fr-description_p0060_2415x3528.sdr.png	t4	10	20	15063	190.05043600918725	300.5219999995745	76.663	
6800-ia-scans-manuscript-text	imazen-26-png-v3/png-v3/6800-ia-scans-manuscript-text/6825_scans-text_redoute-fr-description_p0060_2415x3528.sdr.png	t4	10	32	8240	169.71069799910765	361.04899999966733	65.796	
6800-ia-scans-manuscript-text	imazen-26-png-v3/png-v3/6800-ia-scans-manuscript-text/6825_scans-text_redoute-fr-description_p0060_2415x3528.sdr.png	t4	10	44	2483	121.56301099457778	443.81700000019464	45.552	
6800-ia-scans-manuscript-text	imazen-26-png-v3/png-v3/6800-ia-scans-manuscript-text/6825_scans-text_redoute-fr-description_p0060_2415x3528.sdr.png	t4	12	20	15063	168.8276110071456	115.05299999996055	76.663	
6800-ia-scans-manuscript-text	imazen-26-png-v3/png-v3/6800-ia-scans-manuscript-text/6825_scans-text_redoute-fr-description_p0060_2415x3528.sdr.png	t4	12	32	8240	331.5479239972774	201.21200000011186	65.796	
6800-ia-scans-manuscript-text	imazen-26-png-v3/png-v3/6800-ia-scans-manuscript-text/6825_scans-text_redoute-fr-description_p0060_2415x3528.sdr.png	t4	12	44	2483	260.1041349989828	6457.238000000103	45.552	
6800-ia-scans-manuscript-text	imazen-26-png-v3/png-v3/6800-ia-scans-manuscript-text/6825_scans-text_redoute-fr-description_p0060_2415x3528.sdr.png	st	-1	20	14737	3905.509014002746	13494.266000000123	DEC-ERR	
6800-ia-scans-manuscript-text	imazen-26-png-v3/png-v3/6800-ia-scans-manuscript-text/6825_scans-text_redoute-fr-description_p0060_2415x3528.sdr.png	st	-1	32	7266	3894.8963199945865	17431.318000000003	DEC-ERR	
6800-ia-scans-manuscript-text	imazen-26-png-v3/png-v3/6800-ia-scans-manuscript-text/6825_scans-text_redoute-fr-description_p0060_2415x3528.sdr.png	st	-1	44	1550	1652.6040820026537	7329.2209999999895	DEC-ERR	
6800-ia-scans-manuscript-text	imazen-26-png-v3/png-v3/6800-ia-scans-manuscript-text/6825_scans-text_redoute-fr-description_p0060_2415x3528.sdr.png	st	2	20	14840	436.7579500103602	5102.444000000247	77.969	
6800-ia-scans-manuscript-text	imazen-26-png-v3/png-v3/6800-ia-scans-manuscript-text/6825_scans-text_redoute-fr-description_p0060_2415x3528.sdr.png	st	2	32	7326	735.4879009944852	5671.134000000421	63.903	
6800-ia-scans-manuscript-text	imazen-26-png-v3/png-v3/6800-ia-scans-manuscript-text/6825_scans-text_redoute-fr-description_p0060_2415x3528.sdr.png	st	2	44	1452	279.41045998886693	4072.1760000003824	37.929	
6800-ia-scans-manuscript-text	imazen-26-png-v3/png-v3/6800-ia-scans-manuscript-text/6825_scans-text_redoute-fr-description_p0060_2415x3528.sdr.png	st	4	20	15164	251.13559199962765	1305.8570000001737	77.578	
6800-ia-scans-manuscript-text	imazen-26-png-v3/png-v3/6800-ia-scans-manuscript-text/6825_scans-text_redoute-fr-description_p0060_2415x3528.sdr.png	st	4	32	7593	223.38452099938877	1447.7959999998689	64.642	
6800-ia-scans-manuscript-text	imazen-26-png-v3/png-v3/6800-ia-scans-manuscript-text/6825_scans-text_redoute-fr-description_p0060_2415x3528.sdr.png	st	4	44	1532	181.33118700643536	552.5210000000129	37.837	
6800-ia-scans-manuscript-text	imazen-26-png-v3/png-v3/6800-ia-scans-manuscript-text/6825_scans-text_redoute-fr-description_p0060_2415x3528.sdr.png	st	6	20	15562	100.87072399619501	373.16100000020924	77.426	
6800-ia-scans-manuscript-text	imazen-26-png-v3/png-v3/6800-ia-scans-manuscript-text/6825_scans-text_redoute-fr-description_p0060_2415x3528.sdr.png	st	6	32	7961	128.95185301022138	1204.874000000217	64.459	
6800-ia-scans-manuscript-text	imazen-26-png-v3/png-v3/6800-ia-scans-manuscript-text/6825_scans-text_redoute-fr-description_p0060_2415x3528.sdr.png	st	6	44	1631	113.99464699206874	1172.1470000004786	38.541	
6800-ia-scans-manuscript-text	imazen-26-png-v3/png-v3/6800-ia-scans-manuscript-text/6825_scans-text_redoute-fr-description_p0060_2415x3528.sdr.png	st	8	20	16199	387.84788400516845	1600.6489999998337	76.949	
6800-ia-scans-manuscript-text	imazen-26-png-v3/png-v3/6800-ia-scans-manuscript-text/6825_scans-text_redoute-fr-description_p0060_2415x3528.sdr.png	st	8	32	8260	282.87962698959745	1683.02800000032	65.142	
6800-ia-scans-manuscript-text	imazen-26-png-v3/png-v3/6800-ia-scans-manuscript-text/6825_scans-text_redoute-fr-description_p0060_2415x3528.sdr.png	st	8	44	1643	191.3705530023435	232.79600000003597	37.821	
6800-ia-scans-manuscript-text	imazen-26-png-v3/png-v3/6800-ia-scans-manuscript-text/6825_scans-text_redoute-fr-description_p0060_2415x3528.sdr.png	st	10	20	16587	136.04799899621867	396.7430000001002	77.106	
6800-ia-scans-manuscript-text	imazen-26-png-v3/png-v3/6800-ia-scans-manuscript-text/6825_scans-text_redoute-fr-description_p0060_2415x3528.sdr.png	st	10	32	8370	114.30143100733403	364.54300000028184	64.334	
6800-ia-scans-manuscript-text	imazen-26-png-v3/png-v3/6800-ia-scans-manuscript-text/6825_scans-text_redoute-fr-description_p0060_2415x3528.sdr.png	st	10	44	1664	114.12540599121712	242.61299999972152	38.035	
6800-ia-scans-manuscript-text	imazen-26-png-v3/png-v3/6800-ia-scans-manuscript-text/6825_scans-text_redoute-fr-description_p0060_2415x3528.sdr.png	st	12	20	16587	177.66802999540232	236.78700000044728	77.106	
6800-ia-scans-manuscript-text	imazen-26-png-v3/png-v3/6800-ia-scans-manuscript-text/6825_scans-text_redoute-fr-description_p0060_2415x3528.sdr.png	st	12	32	8370	172.22111498995218	236.78700000044728	64.334	
6800-ia-scans-manuscript-text	imazen-26-png-v3/png-v3/6800-ia-scans-manuscript-text/6825_scans-text_redoute-fr-description_p0060_2415x3528.sdr.png	st	12	44	1664	227.79980600171257	270.74200000009796	38.035	
6800-ia-scans-manuscript-text	imazen-26-png-v3/png-v3/6800-ia-scans-manuscript-text/6833_scans-text_redoute-fr-description_p0146_2415x3528.sdr.png	t1	-1	20	9878	2674.831545999041	12356.860999999895	72.313	
6800-ia-scans-manuscript-text	imazen-26-png-v3/png-v3/6800-ia-scans-manuscript-text/6833_scans-text_redoute-fr-description_p0146_2415x3528.sdr.png	t1	-1	32	5516	2736.827393004205	15338.803999999896	58.721	
6800-ia-scans-manuscript-text	imazen-26-png-v3/png-v3/6800-ia-scans-manuscript-text/6833_scans-text_redoute-fr-description_p0146_2415x3528.sdr.png	t1	-1	44	3066	2469.5517380023375	17556.648999999994	47.742	
6800-ia-scans-manuscript-text	imazen-26-png-v3/png-v3/6800-ia-scans-manuscript-text/6833_scans-text_redoute-fr-description_p0146_2415x3528.sdr.png	t1	2	20	9643	318.72270799067337	1039.8790000002691	70.294	
6800-ia-scans-manuscript-text	imazen-26-png-v3/png-v3/6800-ia-scans-manuscript-text/6833_scans-text_redoute-fr-description_p0146_2415x3528.sdr.png	t1	2	32	5440	522.8159019898158	8989.366000000302	57.854	
6800-ia-scans-manuscript-text	imazen-26-png-v3/png-v3/6800-ia-scans-manuscript-text/6833_scans-text_redoute-fr-description_p0146_2415x3528.sdr.png	t1	2	44	2997	292.880149994744	1261.5950000004545	47.037	
6800-ia-scans-manuscript-text	imazen-26-png-v3/png-v3/6800-ia-scans-manuscript-text/6833_scans-text_redoute-fr-description_p0146_2415x3528.sdr.png	t1	4	20	9881	164.73528899950907	344.6859999996832	69.624	
6800-ia-scans-manuscript-text	imazen-26-png-v3/png-v3/6800-ia-scans-manuscript-text/6833_scans-text_redoute-fr-description_p0146_2415x3528.sdr.png	t1	4	32	5586	182.66431799565908	465.2810000002887	56.918	
6800-ia-scans-manuscript-text	imazen-26-png-v3/png-v3/6800-ia-scans-manuscript-text/6833_scans-text_redoute-fr-description_p0146_2415x3528.sdr.png	t1	4	44	3111	172.51937199034728	567.1890000001838	45.197	
6800-ia-scans-manuscript-text	imazen-26-png-v3/png-v3/6800-ia-scans-manuscript-text/6833_scans-text_redoute-fr-description_p0146_2415x3528.sdr.png	t1	6	20	10115	86.3397680077469	86.15000000003192	69.750	
6800-ia-scans-manuscript-text	imazen-26-png-v3/png-v3/6800-ia-scans-manuscript-text/6833_scans-text_redoute-fr-description_p0146_2415x3528.sdr.png	t1	6	32	5836	245.86023400479462	211.291000000017	56.660	
6800-ia-scans-manuscript-text	imazen-26-png-v3/png-v3/6800-ia-scans-manuscript-text/6833_scans-text_redoute-fr-description_p0146_2415x3528.sdr.png	t1	6	44	3217	143.30160499957856	122.15800000001309	43.935	
6800-ia-scans-manuscript-text	imazen-26-png-v3/png-v3/6800-ia-scans-manuscript-text/6833_scans-text_redoute-fr-description_p0146_2415x3528.sdr.png	t1	8	20	10660	269.85003298614174	169.07899999972642	69.386	
6800-ia-scans-manuscript-text	imazen-26-png-v3/png-v3/6800-ia-scans-manuscript-text/6833_scans-text_redoute-fr-description_p0146_2415x3528.sdr.png	t1	8	32	6092	309.39401099749375	2691.208999999986	53.876	
6800-ia-scans-manuscript-text	imazen-26-png-v3/png-v3/6800-ia-scans-manuscript-text/6833_scans-text_redoute-fr-description_p0146_2415x3528.sdr.png	t1	8	44	3389	334.02196200040635	2759.8809999998934	40.731	
6800-ia-scans-manuscript-text	imazen-26-png-v3/png-v3/6800-ia-scans-manuscript-text/6833_scans-text_redoute-fr-description_p0146_2415x3528.sdr.png	t1	10	20	10963	340.18972600460984	2847.0900000001507	68.076	
6800-ia-scans-manuscript-text	imazen-26-png-v3/png-v3/6800-ia-scans-manuscript-text/6833_scans-text_redoute-fr-description_p0146_2415x3528.sdr.png	t1	10	32	6364	173.93621300288942	268.4299999998814	54.230	
6800-ia-scans-manuscript-text	imazen-26-png-v3/png-v3/6800-ia-scans-manuscript-text/6833_scans-text_redoute-fr-description_p0146_2415x3528.sdr.png	t1	10	44	3442	122.44702999305446	306.09299999960626	41.785	
6800-ia-scans-manuscript-text	imazen-26-png-v3/png-v3/6800-ia-scans-manuscript-text/6833_scans-text_redoute-fr-description_p0146_2415x3528.sdr.png	t1	12	20	10963	152.5220359908417	262.91699999990215	68.076	
6800-ia-scans-manuscript-text	imazen-26-png-v3/png-v3/6800-ia-scans-manuscript-text/6833_scans-text_redoute-fr-description_p0146_2415x3528.sdr.png	t1	12	32	6364	116.52339999272954	154.23600000019633	54.230	
6800-ia-scans-manuscript-text	imazen-26-png-v3/png-v3/6800-ia-scans-manuscript-text/6833_scans-text_redoute-fr-description_p0146_2415x3528.sdr.png	t1	12	44	3442	314.4357559940545	2509.670999999713	41.785	
6800-ia-scans-manuscript-text	imazen-26-png-v3/png-v3/6800-ia-scans-manuscript-text/6833_scans-text_redoute-fr-description_p0146_2415x3528.sdr.png	t2	-1	20	9422	2698.5136610019254	9180.083999999993	72.609	
6800-ia-scans-manuscript-text	imazen-26-png-v3/png-v3/6800-ia-scans-manuscript-text/6833_scans-text_redoute-fr-description_p0146_2415x3528.sdr.png	t2	-1	32	5103	2502.836218001903	7697.865000000121	58.805	
6800-ia-scans-manuscript-text	imazen-26-png-v3/png-v3/6800-ia-scans-manuscript-text/6833_scans-text_redoute-fr-description_p0146_2415x3528.sdr.png	t2	-1	44	2826	2461.3922020071186	9959.607999999975	48.636	
6800-ia-scans-manuscript-text	imazen-26-png-v3/png-v3/6800-ia-scans-manuscript-text/6833_scans-text_redoute-fr-description_p0146_2415x3528.sdr.png	t2	2	20	9205	375.70393198984675	1236.5839999997092	70.563	
6800-ia-scans-manuscript-text	imazen-26-png-v3/png-v3/6800-ia-scans-manuscript-text/6833_scans-text_redoute-fr-description_p0146_2415x3528.sdr.png	t2	2	32	5074	379.91578999208286	1802.209999999775	58.111	
6800-ia-scans-manuscript-text	imazen-26-png-v3/png-v3/6800-ia-scans-manuscript-text/6833_scans-text_redoute-fr-description_p0146_2415x3528.sdr.png	t2	2	44	2787	351.1214260070119	1500.8009999996261	46.625	
6800-ia-scans-manuscript-text	imazen-26-png-v3/png-v3/6800-ia-scans-manuscript-text/6833_scans-text_redoute-fr-description_p0146_2415x3528.sdr.png	t2	4	20	9438	231.31518199807033	837.9669999999351	70.556	
6800-ia-scans-manuscript-text	imazen-26-png-v3/png-v3/6800-ia-scans-manuscript-text/6833_scans-text_redoute-fr-description_p0146_2415x3528.sdr.png	t2	4	32	5186	187.78229800227564	837.9669999999351	56.812	
6800-ia-scans-manuscript-text	imazen-26-png-v3/png-v3/6800-ia-scans-manuscript-text/6833_scans-text_redoute-fr-description_p0146_2415x3528.sdr.png	t2	4	44	2900	177.29829900781624	771.8779999999299	45.211	
6800-ia-scans-manuscript-text	imazen-26-png-v3/png-v3/6800-ia-scans-manuscript-text/6833_scans-text_redoute-fr-description_p0146_2415x3528.sdr.png	t2	6	20	9665	89.6039670042228	153.31000000006156	69.835	
6800-ia-scans-manuscript-text	imazen-26-png-v3/png-v3/6800-ia-scans-manuscript-text/6833_scans-text_redoute-fr-description_p0146_2415x3528.sdr.png	t2	6	32	5446	110.62332500296179	291.6430000000787	56.587	
6800-ia-scans-manuscript-text	imazen-26-png-v3/png-v3/6800-ia-scans-manuscript-text/6833_scans-text_redoute-fr-description_p0146_2415x3528.sdr.png	t2	6	44	3025	104.26382800505962	174.64100000023564	43.549	
6800-ia-scans-manuscript-text	imazen-26-png-v3/png-v3/6800-ia-scans-manuscript-text/6833_scans-text_redoute-fr-description_p0146_2415x3528.sdr.png	t2	8	20	10227	162.3448489990551	143.8960000000975	69.787	
6800-ia-scans-manuscript-text	imazen-26-png-v3/png-v3/6800-ia-scans-manuscript-text/6833_scans-text_redoute-fr-description_p0146_2415x3528.sdr.png	t2	8	32	5797	167.52767299476545	338.5670000002392	54.226	
6800-ia-scans-manuscript-text	imazen-26-png-v3/png-v3/6800-ia-scans-manuscript-text/6833_scans-text_redoute-fr-description_p0146_2415x3528.sdr.png	t2	8	44	3192	180.06215700006578	376.8809999999121	41.086	
6800-ia-scans-manuscript-text	imazen-26-png-v3/png-v3/6800-ia-scans-manuscript-text/6833_scans-text_redoute-fr-description_p0146_2415x3528.sdr.png	t2	10	20	10585	149.09264200832695	349.8369999996953	69.018	
6800-ia-scans-manuscript-text	imazen-26-png-v3/png-v3/6800-ia-scans-manuscript-text/6833_scans-text_redoute-fr-description_p0146_2415x3528.sdr.png	t2	10	32	6020	139.12486199114937	330.0049999997441	54.488	
6800-ia-scans-manuscript-text	imazen-26-png-v3/png-v3/6800-ia-scans-manuscript-text/6833_scans-text_redoute-fr-description_p0146_2415x3528.sdr.png	t2	10	44	3226	139.09776099899318	440.9970000000385	41.933	
6800-ia-scans-manuscript-text	imazen-26-png-v3/png-v3/6800-ia-scans-manuscript-text/6833_scans-text_redoute-fr-description_p0146_2415x3528.sdr.png	t2	12	20	10585	109.29338900314178	368.8330000001656	69.018	
6800-ia-scans-manuscript-text	imazen-26-png-v3/png-v3/6800-ia-scans-manuscript-text/6833_scans-text_redoute-fr-description_p0146_2415x3528.sdr.png	t2	12	32	6020	124.89922699751332	450.78000000029306	54.488	
6800-ia-scans-manuscript-text	imazen-26-png-v3/png-v3/6800-ia-scans-manuscript-text/6833_scans-text_redoute-fr-description_p0146_2415x3528.sdr.png	t2	12	44	3226	295.02169699117076	83.32199999989598	41.933	
6800-ia-scans-manuscript-text	imazen-26-png-v3/png-v3/6800-ia-scans-manuscript-text/6833_scans-text_redoute-fr-description_p0146_2415x3528.sdr.png	t3	-1	20	11826	2545.4542049992597	6902.019000000223	DEC-ERR	
6800-ia-scans-manuscript-text	imazen-26-png-v3/png-v3/6800-ia-scans-manuscript-text/6833_scans-text_redoute-fr-description_p0146_2415x3528.sdr.png	t3	-1	32	6155	2199.137432995485	8779.352999999559	DEC-ERR	
6800-ia-scans-manuscript-text	imazen-26-png-v3/png-v3/6800-ia-scans-manuscript-text/6833_scans-text_redoute-fr-description_p0146_2415x3528.sdr.png	t3	-1	44	3127	2037.1896970027592	6458.728000000178	DEC-ERR	
6800-ia-scans-manuscript-text	imazen-26-png-v3/png-v3/6800-ia-scans-manuscript-text/6833_scans-text_redoute-fr-description_p0146_2415x3528.sdr.png	t3	2	20	14498	583.1647910090396	942.042999999785	81.347	
6800-ia-scans-manuscript-text	imazen-26-png-v3/png-v3/6800-ia-scans-manuscript-text/6833_scans-text_redoute-fr-description_p0146_2415x3528.sdr.png	t3	2	32	8338	533.3615190029377	590.4819999998381	72.074	
6800-ia-scans-manuscript-text	imazen-26-png-v3/png-v3/6800-ia-scans-manuscript-text/6833_scans-text_redoute-fr-description_p0146_2415x3528.sdr.png	t3	2	44	3940	584.7325579961762	2024.615000000182	57.440	
6800-ia-scans-manuscript-text	imazen-26-png-v3/png-v3/6800-ia-scans-manuscript-text/6833_scans-text_redoute-fr-description_p0146_2415x3528.sdr.png	t3	4	20	14973	195.315955003025	1637.423000000041	81.203	
6800-ia-scans-manuscript-text	imazen-26-png-v3/png-v3/6800-ia-scans-manuscript-text/6833_scans-text_redoute-fr-description_p0146_2415x3528.sdr.png	t3	4	32	8633	185.56904500292148	1395.0139999998328	72.329	
6800-ia-scans-manuscript-text	imazen-26-png-v3/png-v3/6800-ia-scans-manuscript-text/6833_scans-text_redoute-fr-description_p0146_2415x3528.sdr.png	t3	4	44	4125	170.04685699066613	1234.3910000000733	57.731	
6800-ia-scans-manuscript-text	imazen-26-png-v3/png-v3/6800-ia-scans-manuscript-text/6833_scans-text_redoute-fr-description_p0146_2415x3528.sdr.png	t3	6	20	15272	138.64682499843184	1038.4339999999384	81.292	
6800-ia-scans-manuscript-text	imazen-26-png-v3/png-v3/6800-ia-scans-manuscript-text/6833_scans-text_redoute-fr-description_p0146_2415x3528.sdr.png	t3	6	32	8956	117.32578399823979	816.9859999999574	72.902	
6800-ia-scans-manuscript-text	imazen-26-png-v3/png-v3/6800-ia-scans-manuscript-text/6833_scans-text_redoute-fr-description_p0146_2415x3528.sdr.png	t3	6	44	4287	136.79884500743356	967.8189999999063	57.603	
6800-ia-scans-manuscript-text	imazen-26-png-v3/png-v3/6800-ia-scans-manuscript-text/6833_scans-text_redoute-fr-description_p0146_2415x3528.sdr.png	t3	8	20	16088	120.39019299845677	146.34899999978757	81.249	
6800-ia-scans-manuscript-text	imazen-26-png-v3/png-v3/6800-ia-scans-manuscript-text/6833_scans-text_redoute-fr-description_p0146_2415x3528.sdr.png	t3	8	32	9425	149.4072799978312	2586.22000000031	72.689	
6800-ia-scans-manuscript-text	imazen-26-png-v3/png-v3/6800-ia-scans-manuscript-text/6833_scans-text_redoute-fr-description_p0146_2415x3528.sdr.png	t3	8	44	4567	142.0665299956454	2506.576999999936	57.208	
6800-ia-scans-manuscript-text	imazen-26-png-v3/png-v3/6800-ia-scans-manuscript-text/6833_scans-text_redoute-fr-description_p0146_2415x3528.sdr.png	t3	10	20	16594	115.96114200074226	2425.747999999942	81.064	
6800-ia-scans-manuscript-text	imazen-26-png-v3/png-v3/6800-ia-scans-manuscript-text/6833_scans-text_redoute-fr-description_p0146_2415x3528.sdr.png	t3	10	32	9613	107.60597600892652	426.67000000017197	72.677	
6800-ia-scans-manuscript-text	imazen-26-png-v3/png-v3/6800-ia-scans-manuscript-text/6833_scans-text_redoute-fr-description_p0146_2415x3528.sdr.png	t3	10	44	4641	102.09315500105731	434.72499999973024	57.895	
6800-ia-scans-manuscript-text	imazen-26-png-v3/png-v3/6800-ia-scans-manuscript-text/6833_scans-text_redoute-fr-description_p0146_2415x3528.sdr.png	t3	12	20	16594	117.51153599470854	513.465999999994	81.064	
6800-ia-scans-manuscript-text	imazen-26-png-v3/png-v3/6800-ia-scans-manuscript-text/6833_scans-text_redoute-fr-description_p0146_2415x3528.sdr.png	t3	12	32	9613	199.28254799742717	513.8170000000173	72.677	
6800-ia-scans-manuscript-text	imazen-26-png-v3/png-v3/6800-ia-scans-manuscript-text/6833_scans-text_redoute-fr-description_p0146_2415x3528.sdr.png	t3	12	44	4641	219.7598370112246	589.4269999998869	57.895	
6800-ia-scans-manuscript-text	imazen-26-png-v3/png-v3/6800-ia-scans-manuscript-text/6833_scans-text_redoute-fr-description_p0146_2415x3528.sdr.png	t4	-1	20	11923	2845.705674000783	5577.164000000095	DEC-ERR	
6800-ia-scans-manuscript-text	imazen-26-png-v3/png-v3/6800-ia-scans-manuscript-text/6833_scans-text_redoute-fr-description_p0146_2415x3528.sdr.png	t4	-1	32	6159	2973.4247760061407	10941.602000000188	DEC-ERR	
6800-ia-scans-manuscript-text	imazen-26-png-v3/png-v3/6800-ia-scans-manuscript-text/6833_scans-text_redoute-fr-description_p0146_2415x3528.sdr.png	t4	-1	44	3154	2736.5256199991563	7819.448999999821	DEC-ERR	
6800-ia-scans-manuscript-text	imazen-26-png-v3/png-v3/6800-ia-scans-manuscript-text/6833_scans-text_redoute-fr-description_p0146_2415x3528.sdr.png	t4	2	20	14382	395.879645991954	611.1159999998677	80.781	
6800-ia-scans-manuscript-text	imazen-26-png-v3/png-v3/6800-ia-scans-manuscript-text/6833_scans-text_redoute-fr-description_p0146_2415x3528.sdr.png	t4	2	32	8227	437.3730570077896	2056.219999999769	71.892	
6800-ia-scans-manuscript-text	imazen-26-png-v3/png-v3/6800-ia-scans-manuscript-text/6833_scans-text_redoute-fr-description_p0146_2415x3528.sdr.png	t4	2	44	3861	426.6994270001305	2015.8279999999706	57.751	
6800-ia-scans-manuscript-text	imazen-26-png-v3/png-v3/6800-ia-scans-manuscript-text/6833_scans-text_redoute-fr-description_p0146_2415x3528.sdr.png	t4	4	20	14788	197.63335600146092	779.2479999997397	80.770	
6800-ia-scans-manuscript-text	imazen-26-png-v3/png-v3/6800-ia-scans-manuscript-text/6833_scans-text_redoute-fr-description_p0146_2415x3528.sdr.png	t4	4	32	8593	189.55809099134058	1202.179000000342	72.029	
6800-ia-scans-manuscript-text	imazen-26-png-v3/png-v3/6800-ia-scans-manuscript-text/6833_scans-text_redoute-fr-description_p0146_2415x3528.sdr.png	t4	4	44	4012	199.8029870010214	1208.4219999997003	58.097	
6800-ia-scans-manuscript-text	imazen-26-png-v3/png-v3/6800-ia-scans-manuscript-text/6833_scans-text_redoute-fr-description_p0146_2415x3528.sdr.png	t4	6	20	15068	121.21179400128312	511.0020000001043	80.919	
6800-ia-scans-manuscript-text	imazen-26-png-v3/png-v3/6800-ia-scans-manuscript-text/6833_scans-text_redoute-fr-description_p0146_2415x3528.sdr.png	t4	6	32	8945	112.90755300433375	734.6910000000264	72.558	
6800-ia-scans-manuscript-text	imazen-26-png-v3/png-v3/6800-ia-scans-manuscript-text/6833_scans-text_redoute-fr-description_p0146_2415x3528.sdr.png	t4	6	44	4220	103.84170600445941	793.5390000000666	57.717	
6800-ia-scans-manuscript-text	imazen-26-png-v3/png-v3/6800-ia-scans-manuscript-text/6833_scans-text_redoute-fr-description_p0146_2415x3528.sdr.png	t4	8	20	15875	352.9105040070135	8335.510000000397	80.862	
6800-ia-scans-manuscript-text	imazen-26-png-v3/png-v3/6800-ia-scans-manuscript-text/6833_scans-text_redoute-fr-description_p0146_2415x3528.sdr.png	t4	8	32	9372	236.15847999462858	2959.6059999997524	72.221	
6800-ia-scans-manuscript-text	imazen-26-png-v3/png-v3/6800-ia-scans-manuscript-text/6833_scans-text_redoute-fr-description_p0146_2415x3528.sdr.png	t4	8	44	4393	143.21938900684472	2885.446999999971	57.223	
6800-ia-scans-manuscript-text	imazen-26-png-v3/png-v3/6800-ia-scans-manuscript-text/6833_scans-text_redoute-fr-description_p0146_2415x3528.sdr.png	t4	10	20	15896	106.16242300602607	2964.1780000002313	80.457	
6800-ia-scans-manuscript-text	imazen-26-png-v3/png-v3/6800-ia-scans-manuscript-text/6833_scans-text_redoute-fr-description_p0146_2415x3528.sdr.png	t4	10	32	9437	113.05785899457987	271.66700000012156	71.510	
6800-ia-scans-manuscript-text	imazen-26-png-v3/png-v3/6800-ia-scans-manuscript-text/6833_scans-text_redoute-fr-description_p0146_2415x3528.sdr.png	t4	10	44	4486	97.71242599526886	199.5330000001161	57.084	
6800-ia-scans-manuscript-text	imazen-26-png-v3/png-v3/6800-ia-scans-manuscript-text/6833_scans-text_redoute-fr-description_p0146_2415x3528.sdr.png	t4	12	20	15896	93.65973999956623	396.3560000003099	80.457	
6800-ia-scans-manuscript-text	imazen-26-png-v3/png-v3/6800-ia-scans-manuscript-text/6833_scans-text_redoute-fr-description_p0146_2415x3528.sdr.png	t4	12	32	9437	195.96464700589422	402.8840000000571	71.510	
6800-ia-scans-manuscript-text	imazen-26-png-v3/png-v3/6800-ia-scans-manuscript-text/6833_scans-text_redoute-fr-description_p0146_2415x3528.sdr.png	t4	12	44	4486	144.5625289925374	319.2739999999219	57.084	
6800-ia-scans-manuscript-text	imazen-26-png-v3/png-v3/6800-ia-scans-manuscript-text/6833_scans-text_redoute-fr-description_p0146_2415x3528.sdr.png	st	-1	20	10923	2409.1929310088744	8735.591999999911	DEC-ERR	
6800-ia-scans-manuscript-text	imazen-26-png-v3/png-v3/6800-ia-scans-manuscript-text/6833_scans-text_redoute-fr-description_p0146_2415x3528.sdr.png	st	-1	32	5609	2254.0972879942274	6172.256999999917	DEC-ERR	
6800-ia-scans-manuscript-text	imazen-26-png-v3/png-v3/6800-ia-scans-manuscript-text/6833_scans-text_redoute-fr-description_p0146_2415x3528.sdr.png	st	-1	44	2944	2161.5786850015866	4054.369000000037	DEC-ERR	
6800-ia-scans-manuscript-text	imazen-26-png-v3/png-v3/6800-ia-scans-manuscript-text/6833_scans-text_redoute-fr-description_p0146_2415x3528.sdr.png	st	2	20	12989	453.232937012217	406.1519999995369	80.012	
6800-ia-scans-manuscript-text	imazen-26-png-v3/png-v3/6800-ia-scans-manuscript-text/6833_scans-text_redoute-fr-description_p0146_2415x3528.sdr.png	st	2	32	7031	663.8319260091521	1491.7430000002696	68.676	
6800-ia-scans-manuscript-text	imazen-26-png-v3/png-v3/6800-ia-scans-manuscript-text/6833_scans-text_redoute-fr-description_p0146_2415x3528.sdr.png	st	2	44	3242	601.3810050062602	828.1630000000177	51.843	
6800-ia-scans-manuscript-text	imazen-26-png-v3/png-v3/6800-ia-scans-manuscript-text/6833_scans-text_redoute-fr-description_p0146_2415x3528.sdr.png	st	4	20	13349	201.5034070063848	381.57800000013253	79.838	
6800-ia-scans-manuscript-text	imazen-26-png-v3/png-v3/6800-ia-scans-manuscript-text/6833_scans-text_redoute-fr-description_p0146_2415x3528.sdr.png	st	4	32	7261	185.7722810091218	381.57800000013253	69.151	
6800-ia-scans-manuscript-text	imazen-26-png-v3/png-v3/6800-ia-scans-manuscript-text/6833_scans-text_redoute-fr-description_p0146_2415x3528.sdr.png	st	4	44	3348	464.05035100178793	1363.5240000000408	51.846	
6800-ia-scans-manuscript-text	imazen-26-png-v3/png-v3/6800-ia-scans-manuscript-text/6833_scans-text_redoute-fr-description_p0146_2415x3528.sdr.png	st	6	20	13628	392.06015299714636	1020.1280000002555	79.969	
6800-ia-scans-manuscript-text	imazen-26-png-v3/png-v3/6800-ia-scans-manuscript-text/6833_scans-text_redoute-fr-description_p0146_2415x3528.sdr.png	st	6	32	7576	370.2964819967747	982.770999999957	69.788	
6800-ia-scans-manuscript-text	imazen-26-png-v3/png-v3/6800-ia-scans-manuscript-text/6833_scans-text_redoute-fr-description_p0146_2415x3528.sdr.png	st	6	44	3496	399.1245990036987	462.378999999828	51.248	
6800-ia-scans-manuscript-text	imazen-26-png-v3/png-v3/6800-ia-scans-manuscript-text/6833_scans-text_redoute-fr-description_p0146_2415x3528.sdr.png	st	8	20	14374	525.6830169964815	6490.756999999661	79.606	
6800-ia-scans-manuscript-text	imazen-26-png-v3/png-v3/6800-ia-scans-manuscript-text/6833_scans-text_redoute-fr-description_p0146_2415x3528.sdr.png	st	8	32	7884	103.82677800953388	3952.533000000102	69.215	
6800-ia-scans-manuscript-text	imazen-26-png-v3/png-v3/6800-ia-scans-manuscript-text/6833_scans-text_redoute-fr-description_p0146_2415x3528.sdr.png	st	8	44	3674	234.68130399123766	102.10100000023203	50.227	
6800-ia-scans-manuscript-text	imazen-26-png-v3/png-v3/6800-ia-scans-manuscript-text/6833_scans-text_redoute-fr-description_p0146_2415x3528.sdr.png	st	10	20	14742	280.0220119970618	222.82100000052196	79.501	
6800-ia-scans-manuscript-text	imazen-26-png-v3/png-v3/6800-ia-scans-manuscript-text/6833_scans-text_redoute-fr-description_p0146_2415x3528.sdr.png	st	10	32	8065	274.59463400009554	290.09100000013177	69.226	
6800-ia-scans-manuscript-text	imazen-26-png-v3/png-v3/6800-ia-scans-manuscript-text/6833_scans-text_redoute-fr-description_p0146_2415x3528.sdr.png	st	10	44	3711	322.4884000082966	317.3929999999814	50.663	
6800-ia-scans-manuscript-text	imazen-26-png-v3/png-v3/6800-ia-scans-manuscript-text/6833_scans-text_redoute-fr-description_p0146_2415x3528.sdr.png	st	12	20	14742	314.0283019893104	355.38300000030176	79.501	
6800-ia-scans-manuscript-text	imazen-26-png-v3/png-v3/6800-ia-scans-manuscript-text/6833_scans-text_redoute-fr-description_p0146_2415x3528.sdr.png	st	12	32	8065	127.83386999217328	304.319000000163	69.226	
6800-ia-scans-manuscript-text	imazen-26-png-v3/png-v3/6800-ia-scans-manuscript-text/6833_scans-text_redoute-fr-description_p0146_2415x3528.sdr.png	st	12	44	3711	96.344849007437	226.39399999997067	50.663	
7000-lilith-plots	imazen-26-png-v3/png-v3/7000-lilith-plots/lines/7070_plots_line-voronoi-00012-s2be0c08d_1024x1024.sdr.png	t1	-1	20	35630	16925.53385499923	33557.575999999615	86.219	
7000-lilith-plots	imazen-26-png-v3/png-v3/7000-lilith-plots/lines/7070_plots_line-voronoi-00012-s2be0c08d_1024x1024.sdr.png	t1	-1	32	25980	19129.067877991474	53608.21600000011	82.749	
7000-lilith-plots	imazen-26-png-v3/png-v3/7000-lilith-plots/lines/7070_plots_line-voronoi-00012-s2be0c08d_1024x1024.sdr.png	t1	-1	44	17763	24426.028443005634	135272.41899999994	68.842	
7000-lilith-plots	imazen-26-png-v3/png-v3/7000-lilith-plots/lines/7070_plots_line-voronoi-00012-s2be0c08d_1024x1024.sdr.png	t1	2	20	41227	1186.062597000273	2311.8580000002285	85.220	
7000-lilith-plots	imazen-26-png-v3/png-v3/7000-lilith-plots/lines/7070_plots_line-voronoi-00012-s2be0c08d_1024x1024.sdr.png	t1	2	32	29873	1368.5927009937586	3341.8459999995493	81.369	
7000-lilith-plots	imazen-26-png-v3/png-v3/7000-lilith-plots/lines/7070_plots_line-voronoi-00012-s2be0c08d_1024x1024.sdr.png	t1	2	44	19646	1348.409180995077	4785.692999999896	65.468	
7000-lilith-plots	imazen-26-png-v3/png-v3/7000-lilith-plots/lines/7070_plots_line-voronoi-00012-s2be0c08d_1024x1024.sdr.png	t1	4	20	45343	631.6590170026757	721.0540000000094	86.817	
7000-lilith-plots	imazen-26-png-v3/png-v3/7000-lilith-plots/lines/7070_plots_line-voronoi-00012-s2be0c08d_1024x1024.sdr.png	t1	4	32	33520	598.8194410019787	2178.4239999999218	81.162	
7000-lilith-plots	imazen-26-png-v3/png-v3/7000-lilith-plots/lines/7070_plots_line-voronoi-00012-s2be0c08d_1024x1024.sdr.png	t1	4	44	22235	598.5032309981762	2145.618000000155	63.243	
7000-lilith-plots	imazen-26-png-v3/png-v3/7000-lilith-plots/lines/7070_plots_line-voronoi-00012-s2be0c08d_1024x1024.sdr.png	t1	6	20	56379	82.78329399763606	287.1959999997955	84.635	
7000-lilith-plots	imazen-26-png-v3/png-v3/7000-lilith-plots/lines/7070_plots_line-voronoi-00012-s2be0c08d_1024x1024.sdr.png	t1	6	32	41658	74.5552579901414	171.385000000015	82.266	
7000-lilith-plots	imazen-26-png-v3/png-v3/7000-lilith-plots/lines/7070_plots_line-voronoi-00012-s2be0c08d_1024x1024.sdr.png	t1	6	44	29464	65.91325599583797	65.71800000017447	66.489	
7000-lilith-plots	imazen-26-png-v3/png-v3/7000-lilith-plots/lines/7070_plots_line-voronoi-00012-s2be0c08d_1024x1024.sdr.png	t1	8	20	68245	305.70135900052264	129.35900000016431	84.157	
7000-lilith-plots	imazen-26-png-v3/png-v3/7000-lilith-plots/lines/7070_plots_line-voronoi-00012-s2be0c08d_1024x1024.sdr.png	t1	8	32	49390	274.577632008004	97.58100000016157	76.093	
7000-lilith-plots	imazen-26-png-v3/png-v3/7000-lilith-plots/lines/7070_plots_line-voronoi-00012-s2be0c08d_1024x1024.sdr.png	t1	8	44	30528	117.57738099549897	1395.7230000002312	54.059	
7000-lilith-plots	imazen-26-png-v3/png-v3/7000-lilith-plots/lines/7070_plots_line-voronoi-00012-s2be0c08d_1024x1024.sdr.png	t1	10	20	76282	67.00306599668693	1425.2509999996903	84.099	
7000-lilith-plots	imazen-26-png-v3/png-v3/7000-lilith-plots/lines/7070_plots_line-voronoi-00012-s2be0c08d_1024x1024.sdr.png	t1	10	32	53775	92.64960199652705	73.10500000028242	76.492	
7000-lilith-plots	imazen-26-png-v3/png-v3/7000-lilith-plots/lines/7070_plots_line-voronoi-00012-s2be0c08d_1024x1024.sdr.png	t1	10	44	32291	123.26257899985649	70.00899999982835	55.620	
7000-lilith-plots	imazen-26-png-v3/png-v3/7000-lilith-plots/lines/7070_plots_line-voronoi-00012-s2be0c08d_1024x1024.sdr.png	t1	12	20	76282	498.8082490017405	34.40200000005689	84.099	
7000-lilith-plots	imazen-26-png-v3/png-v3/7000-lilith-plots/lines/7070_plots_line-voronoi-00012-s2be0c08d_1024x1024.sdr.png	t1	12	32	53775	177.45239099895116	54.12200000009193	76.492	
7000-lilith-plots	imazen-26-png-v3/png-v3/7000-lilith-plots/lines/7070_plots_line-voronoi-00012-s2be0c08d_1024x1024.sdr.png	t1	12	44	32291	260.04951099457685	116.4770000000317	55.620	
7000-lilith-plots	imazen-26-png-v3/png-v3/7000-lilith-plots/lines/7070_plots_line-voronoi-00012-s2be0c08d_1024x1024.sdr.png	t2	-1	20	35671	16358.186564000789	65918.7310000002	86.280	
7000-lilith-plots	imazen-26-png-v3/png-v3/7000-lilith-plots/lines/7070_plots_line-voronoi-00012-s2be0c08d_1024x1024.sdr.png	t2	-1	32	25990	18972.4732189934	87804.28499999971	82.660	
7000-lilith-plots	imazen-26-png-v3/png-v3/7000-lilith-plots/lines/7070_plots_line-voronoi-00012-s2be0c08d_1024x1024.sdr.png	t2	-1	44	17594	24356.19422000309	194847.83600000062	67.334	
7000-lilith-plots	imazen-26-png-v3/png-v3/7000-lilith-plots/lines/7070_plots_line-voronoi-00012-s2be0c08d_1024x1024.sdr.png	t2	2	20	40704	1023.4252820082474	1943.7630000000183	85.630	
7000-lilith-plots	imazen-26-png-v3/png-v3/7000-lilith-plots/lines/7070_plots_line-voronoi-00012-s2be0c08d_1024x1024.sdr.png	t2	2	32	29591	1158.4411520016147	3059.2739999996184	80.654	
7000-lilith-plots	imazen-26-png-v3/png-v3/7000-lilith-plots/lines/7070_plots_line-voronoi-00012-s2be0c08d_1024x1024.sdr.png	t2	2	44	19610	1359.340561000863	4603.6229999997995	66.156	
7000-lilith-plots	imazen-26-png-v3/png-v3/7000-lilith-plots/lines/7070_plots_line-voronoi-00012-s2be0c08d_1024x1024.sdr.png	t2	4	20	44953	307.3894749977626	365.2899999999022	85.932	
7000-lilith-plots	imazen-26-png-v3/png-v3/7000-lilith-plots/lines/7070_plots_line-voronoi-00012-s2be0c08d_1024x1024.sdr.png	t2	4	32	33274	325.68997899943497	648.7160000001495	80.593	
7000-lilith-plots	imazen-26-png-v3/png-v3/7000-lilith-plots/lines/7070_plots_line-voronoi-00012-s2be0c08d_1024x1024.sdr.png	t2	4	44	21766	318.4073189913761	911.6990000001977	62.789	
7000-lilith-plots	imazen-26-png-v3/png-v3/7000-lilith-plots/lines/7070_plots_line-voronoi-00012-s2be0c08d_1024x1024.sdr.png	t2	6	20	55753	103.42694899009075	1167.4809999998672	85.493	
7000-lilith-plots	imazen-26-png-v3/png-v3/7000-lilith-plots/lines/7070_plots_line-voronoi-00012-s2be0c08d_1024x1024.sdr.png	t2	6	32	41409	327.60200000484474	1302.8889999999365	82.261	
7000-lilith-plots	imazen-26-png-v3/png-v3/7000-lilith-plots/lines/7070_plots_line-voronoi-00012-s2be0c08d_1024x1024.sdr.png	t2	6	44	29208	179.7919739910867	1190.7990000003963	65.610	
7000-lilith-plots	imazen-26-png-v3/png-v3/7000-lilith-plots/lines/7070_plots_line-voronoi-00012-s2be0c08d_1024x1024.sdr.png	t2	8	20	68071	149.06349701050203	37.620000000032405	84.113	
7000-lilith-plots	imazen-26-png-v3/png-v3/7000-lilith-plots/lines/7070_plots_line-voronoi-00012-s2be0c08d_1024x1024.sdr.png	t2	8	32	49195	158.82209900883026	57.71900000013375	76.163	
7000-lilith-plots	imazen-26-png-v3/png-v3/7000-lilith-plots/lines/7070_plots_line-voronoi-00012-s2be0c08d_1024x1024.sdr.png	t2	8	44	30319	50.280116993235424	75.36600000034355	53.859	
7000-lilith-plots	imazen-26-png-v3/png-v3/7000-lilith-plots/lines/7070_plots_line-voronoi-00012-s2be0c08d_1024x1024.sdr.png	t2	10	20	76172	58.8246740080649	23.178999999430516	84.138	
7000-lilith-plots	imazen-26-png-v3/png-v3/7000-lilith-plots/lines/7070_plots_line-voronoi-00012-s2be0c08d_1024x1024.sdr.png	t2	10	32	53596	269.646417000331	85.85299999984386	76.209	
7000-lilith-plots	imazen-26-png-v3/png-v3/7000-lilith-plots/lines/7070_plots_line-voronoi-00012-s2be0c08d_1024x1024.sdr.png	t2	10	44	32056	167.51735299476422	21.01099999990197	55.222	
7000-lilith-plots	imazen-26-png-v3/png-v3/7000-lilith-plots/lines/7070_plots_line-voronoi-00012-s2be0c08d_1024x1024.sdr.png	t2	12	20	76172	96.89321099722292	55.019000000527285	84.138	
7000-lilith-plots	imazen-26-png-v3/png-v3/7000-lilith-plots/lines/7070_plots_line-voronoi-00012-s2be0c08d_1024x1024.sdr.png	t2	12	32	53596	70.180178998271	44.38699999991513	76.209	
7000-lilith-plots	imazen-26-png-v3/png-v3/7000-lilith-plots/lines/7070_plots_line-voronoi-00012-s2be0c08d_1024x1024.sdr.png	t2	12	44	32056	266.65140899422113	53.41099999981225	55.222	
7000-lilith-plots	imazen-26-png-v3/png-v3/7000-lilith-plots/lines/7070_plots_line-voronoi-00012-s2be0c08d_1024x1024.sdr.png	t3	-1	20	36732	16775.6762909994	99298.28399999971	DEC-ERR	
7000-lilith-plots	imazen-26-png-v3/png-v3/7000-lilith-plots/lines/7070_plots_line-voronoi-00012-s2be0c08d_1024x1024.sdr.png	t3	-1	32	26149	19143.327609999687	147261.1580000003	DEC-ERR	
7000-lilith-plots	imazen-26-png-v3/png-v3/7000-lilith-plots/lines/7070_plots_line-voronoi-00012-s2be0c08d_1024x1024.sdr.png	t3	-1	44	17575	24464.57186000771	236512.18700000015	DEC-ERR	
7000-lilith-plots	imazen-26-png-v3/png-v3/7000-lilith-plots/lines/7070_plots_line-voronoi-00012-s2be0c08d_1024x1024.sdr.png	t3	2	20	42512	962.4224209983367	1005.6220000000167	86.401	
7000-lilith-plots	imazen-26-png-v3/png-v3/7000-lilith-plots/lines/7070_plots_line-voronoi-00012-s2be0c08d_1024x1024.sdr.png	t3	2	32	30728	1087.3371680063428	2102.480999999784	78.501	
7000-lilith-plots	imazen-26-png-v3/png-v3/7000-lilith-plots/lines/7070_plots_line-voronoi-00012-s2be0c08d_1024x1024.sdr.png	t3	2	44	20125	1242.6423889992293	3322.0779999995784	64.610	
7000-lilith-plots	imazen-26-png-v3/png-v3/7000-lilith-plots/lines/7070_plots_line-voronoi-00012-s2be0c08d_1024x1024.sdr.png	t3	4	20	46948	341.65306499926373	2700.141999999886	84.956	
7000-lilith-plots	imazen-26-png-v3/png-v3/7000-lilith-plots/lines/7070_plots_line-voronoi-00012-s2be0c08d_1024x1024.sdr.png	t3	4	32	34095	349.87336600897834	720.9699999999089	76.566	
7000-lilith-plots	imazen-26-png-v3/png-v3/7000-lilith-plots/lines/7070_plots_line-voronoi-00012-s2be0c08d_1024x1024.sdr.png	t3	4	44	22526	349.3224499979988	772.1980000002304	60.646	
7000-lilith-plots	imazen-26-png-v3/png-v3/7000-lilith-plots/lines/7070_plots_line-voronoi-00012-s2be0c08d_1024x1024.sdr.png	t3	6	20	56065	105.62004400708247	419.19399999994766	84.507	
7000-lilith-plots	imazen-26-png-v3/png-v3/7000-lilith-plots/lines/7070_plots_line-voronoi-00012-s2be0c08d_1024x1024.sdr.png	t3	6	32	40753	114.27878800895996	76.84099999997329	76.368	
7000-lilith-plots	imazen-26-png-v3/png-v3/7000-lilith-plots/lines/7070_plots_line-voronoi-00012-s2be0c08d_1024x1024.sdr.png	t3	6	44	28335	107.37094900105149	81.27000000044404	58.248	
7000-lilith-plots	imazen-26-png-v3/png-v3/7000-lilith-plots/lines/7070_plots_line-voronoi-00012-s2be0c08d_1024x1024.sdr.png	t3	8	20	56458	69.82949400844518	49.63499999996657	83.340	
7000-lilith-plots	imazen-26-png-v3/png-v3/7000-lilith-plots/lines/7070_plots_line-voronoi-00012-s2be0c08d_1024x1024.sdr.png	t3	8	32	41575	81.52369198796805	37.36000000046147	71.726	
7000-lilith-plots	imazen-26-png-v3/png-v3/7000-lilith-plots/lines/7070_plots_line-voronoi-00012-s2be0c08d_1024x1024.sdr.png	t3	8	44	24068	57.55324999336153	32.59599999992702	50.679	
7000-lilith-plots	imazen-26-png-v3/png-v3/7000-lilith-plots/lines/7070_plots_line-voronoi-00012-s2be0c08d_1024x1024.sdr.png	t3	10	20	58664	67.97948000894394	33.186999999941236	83.257	
7000-lilith-plots	imazen-26-png-v3/png-v3/7000-lilith-plots/lines/7070_plots_line-voronoi-00012-s2be0c08d_1024x1024.sdr.png	t3	10	32	41407	54.1107210010523	32.06799999992427	71.790	
7000-lilith-plots	imazen-26-png-v3/png-v3/7000-lilith-plots/lines/7070_plots_line-voronoi-00012-s2be0c08d_1024x1024.sdr.png	t3	10	44	24018	54.2471509979805	28.98400000023571	49.931	
7000-lilith-plots	imazen-26-png-v3/png-v3/7000-lilith-plots/lines/7070_plots_line-voronoi-00012-s2be0c08d_1024x1024.sdr.png	t3	12	20	58664	71.45908899838105	33.61199999969244	83.257	
7000-lilith-plots	imazen-26-png-v3/png-v3/7000-lilith-plots/lines/7070_plots_line-voronoi-00012-s2be0c08d_1024x1024.sdr.png	t3	12	32	41407	54.185943998163566	31.669999999991205	71.790	
7000-lilith-plots	imazen-26-png-v3/png-v3/7000-lilith-plots/lines/7070_plots_line-voronoi-00012-s2be0c08d_1024x1024.sdr.png	t3	12	44	24018	72.55358700058423	29.00699999980816	49.931	
7000-lilith-plots	imazen-26-png-v3/png-v3/7000-lilith-plots/lines/7070_plots_line-voronoi-00012-s2be0c08d_1024x1024.sdr.png	t4	-1	20	37481	16916.81492800126	159394.9089999999	DEC-ERR	
7000-lilith-plots	imazen-26-png-v3/png-v3/7000-lilith-plots/lines/7070_plots_line-voronoi-00012-s2be0c08d_1024x1024.sdr.png	t4	-1	32	27004	19182.204509997973	206226.0960000003	DEC-ERR	
7000-lilith-plots	imazen-26-png-v3/png-v3/7000-lilith-plots/lines/7070_plots_line-voronoi-00012-s2be0c08d_1024x1024.sdr.png	t4	-1	44	18393	24648.72107899282	262019.6959999995	DEC-ERR	
7000-lilith-plots	imazen-26-png-v3/png-v3/7000-lilith-plots/lines/7070_plots_line-voronoi-00012-s2be0c08d_1024x1024.sdr.png	t4	2	20	42873	924.7144300024956	924.4550000001084	86.528	
7000-lilith-plots	imazen-26-png-v3/png-v3/7000-lilith-plots/lines/7070_plots_line-voronoi-00012-s2be0c08d_1024x1024.sdr.png	t4	2	32	31176	1078.359849008848	20190.933	82.140	
7000-lilith-plots	imazen-26-png-v3/png-v3/7000-lilith-plots/lines/7070_plots_line-voronoi-00012-s2be0c08d_1024x1024.sdr.png	t4	2	44	20524	1297.7456350054126	19460.52499999999	67.100	
7000-lilith-plots	imazen-26-png-v3/png-v3/7000-lilith-plots/lines/7070_plots_line-voronoi-00012-s2be0c08d_1024x1024.sdr.png	t4	4	20	47414	308.15166200045496	307.96900000015626	86.089	
7000-lilith-plots	imazen-26-png-v3/png-v3/7000-lilith-plots/lines/7070_plots_line-voronoi-00012-s2be0c08d_1024x1024.sdr.png	t4	4	32	35084	320.3950739989523	16686.6840000001	79.976	
7000-lilith-plots	imazen-26-png-v3/png-v3/7000-lilith-plots/lines/7070_plots_line-voronoi-00012-s2be0c08d_1024x1024.sdr.png	t4	4	44	23347	311.5797729988117	1953.4000000004426	63.053	
7000-lilith-plots	imazen-26-png-v3/png-v3/7000-lilith-plots/lines/7070_plots_line-voronoi-00012-s2be0c08d_1024x1024.sdr.png	t4	6	20	57263	126.18964799912646	374.2009999999709	84.905	
7000-lilith-plots	imazen-26-png-v3/png-v3/7000-lilith-plots/lines/7070_plots_line-voronoi-00012-s2be0c08d_1024x1024.sdr.png	t4	6	32	41198	89.55609699478373	79.24999999966076	79.005	
7000-lilith-plots	imazen-26-png-v3/png-v3/7000-lilith-plots/lines/7070_plots_line-voronoi-00012-s2be0c08d_1024x1024.sdr.png	t4	6	44	29291	90.693846999784	82.14999999981387	60.335	
7000-lilith-plots	imazen-26-png-v3/png-v3/7000-lilith-plots/lines/7070_plots_line-voronoi-00012-s2be0c08d_1024x1024.sdr.png	t4	8	20	64551	67.10018099693116	38.92399999992335	82.021	
7000-lilith-plots	imazen-26-png-v3/png-v3/7000-lilith-plots/lines/7070_plots_line-voronoi-00012-s2be0c08d_1024x1024.sdr.png	t4	8	32	45000	74.27708999603055	27.344999999968422	69.608	
7000-lilith-plots	imazen-26-png-v3/png-v3/7000-lilith-plots/lines/7070_plots_line-voronoi-00012-s2be0c08d_1024x1024.sdr.png	t4	8	44	26515	41.03765499894507	25.988000000012335	41.599	
7000-lilith-plots	imazen-26-png-v3/png-v3/7000-lilith-plots/lines/7070_plots_line-voronoi-00012-s2be0c08d_1024x1024.sdr.png	t4	10	20	69190	66.6357479931321	23.96500000000401	81.679	
7000-lilith-plots	imazen-26-png-v3/png-v3/7000-lilith-plots/lines/7070_plots_line-voronoi-00012-s2be0c08d_1024x1024.sdr.png	t4	10	32	45922	71.51391200022772	22.982000000126845	68.737	
7000-lilith-plots	imazen-26-png-v3/png-v3/7000-lilith-plots/lines/7070_plots_line-voronoi-00012-s2be0c08d_1024x1024.sdr.png	t4	10	44	25400	43.6420710029779	21.266000000053964	41.310	
7000-lilith-plots	imazen-26-png-v3/png-v3/7000-lilith-plots/lines/7070_plots_line-voronoi-00012-s2be0c08d_1024x1024.sdr.png	t4	12	20	69190	66.78403000114486	24.417999999826634	81.679	
7000-lilith-plots	imazen-26-png-v3/png-v3/7000-lilith-plots/lines/7070_plots_line-voronoi-00012-s2be0c08d_1024x1024.sdr.png	t4	12	32	45922	64.16281200654339	34.742999999679114	68.737	
7000-lilith-plots	imazen-26-png-v3/png-v3/7000-lilith-plots/lines/7070_plots_line-voronoi-00012-s2be0c08d_1024x1024.sdr.png	t4	12	44	25400	87.12000999366865	21.293999999898006	41.310	
7000-lilith-plots	imazen-26-png-v3/png-v3/7000-lilith-plots/lines/7070_plots_line-voronoi-00012-s2be0c08d_1024x1024.sdr.png	st	-1	20	36732	16714.39279599872	225121.85000000006	DEC-ERR	
7000-lilith-plots	imazen-26-png-v3/png-v3/7000-lilith-plots/lines/7070_plots_line-voronoi-00012-s2be0c08d_1024x1024.sdr.png	st	-1	32	26149	19023.297007996007	228440.32400000034	DEC-ERR	
7000-lilith-plots	imazen-26-png-v3/png-v3/7000-lilith-plots/lines/7070_plots_line-voronoi-00012-s2be0c08d_1024x1024.sdr.png	st	-1	44	17575	24242.633515998023	256214.7710000002	DEC-ERR	
7000-lilith-plots	imazen-26-png-v3/png-v3/7000-lilith-plots/lines/7070_plots_line-voronoi-00012-s2be0c08d_1024x1024.sdr.png	st	2	20	42386	920.5942550033797	17681.605000000218	86.387	
7000-lilith-plots	imazen-26-png-v3/png-v3/7000-lilith-plots/lines/7070_plots_line-voronoi-00012-s2be0c08d_1024x1024.sdr.png	st	2	32	30650	1074.196290996042	26333.8490000001	78.471	
7000-lilith-plots	imazen-26-png-v3/png-v3/7000-lilith-plots/lines/7070_plots_line-voronoi-00012-s2be0c08d_1024x1024.sdr.png	st	2	44	20051	1242.8454940090887	27322.800999999487	64.256	
7000-lilith-plots	imazen-26-png-v3/png-v3/7000-lilith-plots/lines/7070_plots_line-voronoi-00012-s2be0c08d_1024x1024.sdr.png	st	4	20	46812	340.4037220025202	352.0839999996497	84.919	
7000-lilith-plots	imazen-26-png-v3/png-v3/7000-lilith-plots/lines/7070_plots_line-voronoi-00012-s2be0c08d_1024x1024.sdr.png	st	4	32	34016	338.33020499150734	653.249000000443	76.488	
7000-lilith-plots	imazen-26-png-v3/png-v3/7000-lilith-plots/lines/7070_plots_line-voronoi-00012-s2be0c08d_1024x1024.sdr.png	st	4	44	22481	362.3792569997022	545.0680000002137	60.437	
7000-lilith-plots	imazen-26-png-v3/png-v3/7000-lilith-plots/lines/7070_plots_line-voronoi-00012-s2be0c08d_1024x1024.sdr.png	st	6	20	55934	87.12460899550933	117.04799999981219	84.467	
7000-lilith-plots	imazen-26-png-v3/png-v3/7000-lilith-plots/lines/7070_plots_line-voronoi-00012-s2be0c08d_1024x1024.sdr.png	st	6	32	40666	95.65436800767202	173.43200000013326	76.332	
7000-lilith-plots	imazen-26-png-v3/png-v3/7000-lilith-plots/lines/7070_plots_line-voronoi-00012-s2be0c08d_1024x1024.sdr.png	st	6	44	28275	127.50985501043033	19185.350999999882	58.212	
7000-lilith-plots	imazen-26-png-v3/png-v3/7000-lilith-plots/lines/7070_plots_line-voronoi-00012-s2be0c08d_1024x1024.sdr.png	st	8	20	56300	81.09380600217264	152.90899999968133	83.311	
7000-lilith-plots	imazen-26-png-v3/png-v3/7000-lilith-plots/lines/7070_plots_line-voronoi-00012-s2be0c08d_1024x1024.sdr.png	st	8	32	41487	53.38438200124074	87.65800000020363	71.699	
7000-lilith-plots	imazen-26-png-v3/png-v3/7000-lilith-plots/lines/7070_plots_line-voronoi-00012-s2be0c08d_1024x1024.sdr.png	st	8	44	23936	124.51955598953646	32.1970000000249	50.617	
7000-lilith-plots	imazen-26-png-v3/png-v3/7000-lilith-plots/lines/7070_plots_line-voronoi-00012-s2be0c08d_1024x1024.sdr.png	st	10	20	58493	83.33186600066256	33.558000000226684	83.248	
7000-lilith-plots	imazen-26-png-v3/png-v3/7000-lilith-plots/lines/7070_plots_line-voronoi-00012-s2be0c08d_1024x1024.sdr.png	st	10	32	41307	76.23742299620062	38.5219999998867	71.769	
7000-lilith-plots	imazen-26-png-v3/png-v3/7000-lilith-plots/lines/7070_plots_line-voronoi-00012-s2be0c08d_1024x1024.sdr.png	st	10	44	23875	122.47878999914974	62.54099999998175	49.950	
7000-lilith-plots	imazen-26-png-v3/png-v3/7000-lilith-plots/lines/7070_plots_line-voronoi-00012-s2be0c08d_1024x1024.sdr.png	st	12	20	58493	67.06830000621267	42.914000000024544	83.248	
7000-lilith-plots	imazen-26-png-v3/png-v3/7000-lilith-plots/lines/7070_plots_line-voronoi-00012-s2be0c08d_1024x1024.sdr.png	st	12	32	41307	86.9039000099292	43.566999999683276	71.769	
7000-lilith-plots	imazen-26-png-v3/png-v3/7000-lilith-plots/lines/7070_plots_line-voronoi-00012-s2be0c08d_1024x1024.sdr.png	st	12	44	23875	91.46492100262549	40.28699999986429	49.950	
7000-lilith-plots	imazen-26-png-v3/png-v3/7000-lilith-plots/real-charts/7125_plots_chart-violin-16-forest_1024x1024.sdr.png	t1	-1	20	1969	805.1746010023635	42178.86000000024	89.691	
7000-lilith-plots	imazen-26-png-v3/png-v3/7000-lilith-plots/real-charts/7125_plots_chart-violin-16-forest_1024x1024.sdr.png	t1	-1	32	1275	788.7828609964345	42977.96600000026	82.317	
7000-lilith-plots	imazen-26-png-v3/png-v3/7000-lilith-plots/real-charts/7125_plots_chart-violin-16-forest_1024x1024.sdr.png	t1	-1	44	670	945.2904659992782	27210.461999999694	57.553	
7000-lilith-plots	imazen-26-png-v3/png-v3/7000-lilith-plots/real-charts/7125_plots_chart-violin-16-forest_1024x1024.sdr.png	t1	2	20	2003	98.06227100489195	130.68400000028646	87.936	
7000-lilith-plots	imazen-26-png-v3/png-v3/7000-lilith-plots/real-charts/7125_plots_chart-violin-16-forest_1024x1024.sdr.png	t1	2	32	1322	125.20887400023639	24494.121000000632	77.644	
7000-lilith-plots	imazen-26-png-v3/png-v3/7000-lilith-plots/real-charts/7125_plots_chart-violin-16-forest_1024x1024.sdr.png	t1	2	44	581	129.89096700039227	951.6719999999452	50.918	
7000-lilith-plots	imazen-26-png-v3/png-v3/7000-lilith-plots/real-charts/7125_plots_chart-violin-16-forest_1024x1024.sdr.png	t1	4	20	2105	83.96995801012963	847.964000000303	86.439	
7000-lilith-plots	imazen-26-png-v3/png-v3/7000-lilith-plots/real-charts/7125_plots_chart-violin-16-forest_1024x1024.sdr.png	t1	4	32	1352	190.31858400558122	249.18900000031385	73.676	
7000-lilith-plots	imazen-26-png-v3/png-v3/7000-lilith-plots/real-charts/7125_plots_chart-violin-16-forest_1024x1024.sdr.png	t1	4	44	620	223.4044890064979	1004.2899999999406	50.165	
7000-lilith-plots	imazen-26-png-v3/png-v3/7000-lilith-plots/real-charts/7125_plots_chart-violin-16-forest_1024x1024.sdr.png	t1	6	20	3144	162.1827119961381	53.13399999943158	85.227	
7000-lilith-plots	imazen-26-png-v3/png-v3/7000-lilith-plots/real-charts/7125_plots_chart-violin-16-forest_1024x1024.sdr.png	t1	6	32	2140	118.39717900147662	24.64300000002595	70.931	
7000-lilith-plots	imazen-26-png-v3/png-v3/7000-lilith-plots/real-charts/7125_plots_chart-violin-16-forest_1024x1024.sdr.png	t1	6	44	1254	117.38875400624238	41.665000000023156	49.549	
7000-lilith-plots	imazen-26-png-v3/png-v3/7000-lilith-plots/real-charts/7125_plots_chart-violin-16-forest_1024x1024.sdr.png	t1	8	20	3693	100.90939799556509	21.388000000428065	85.385	
7000-lilith-plots	imazen-26-png-v3/png-v3/7000-lilith-plots/real-charts/7125_plots_chart-violin-16-forest_1024x1024.sdr.png	t1	8	32	2378	304.15332899428904	42.67700000005448	70.610	
7000-lilith-plots	imazen-26-png-v3/png-v3/7000-lilith-plots/real-charts/7125_plots_chart-violin-16-forest_1024x1024.sdr.png	t1	8	44	1273	147.57570199435577	54.83999999967182	48.486	
7000-lilith-plots	imazen-26-png-v3/png-v3/7000-lilith-plots/real-charts/7125_plots_chart-violin-16-forest_1024x1024.sdr.png	t1	10	20	4880	70.76886799768545	53.11100000020019	83.907	
7000-lilith-plots	imazen-26-png-v3/png-v3/7000-lilith-plots/real-charts/7125_plots_chart-violin-16-forest_1024x1024.sdr.png	t1	10	32	2651	51.58325300726574	19173.50000000036	63.618	
7000-lilith-plots	imazen-26-png-v3/png-v3/7000-lilith-plots/real-charts/7125_plots_chart-violin-16-forest_1024x1024.sdr.png	t1	10	44	1403	279.619006003486	59.41700000008154	48.168	
7000-lilith-plots	imazen-26-png-v3/png-v3/7000-lilith-plots/real-charts/7125_plots_chart-violin-16-forest_1024x1024.sdr.png	t1	12	20	4880	147.9315369942924	25.80200000031141	83.907	
7000-lilith-plots	imazen-26-png-v3/png-v3/7000-lilith-plots/real-charts/7125_plots_chart-violin-16-forest_1024x1024.sdr.png	t1	12	32	2651	344.23327499825973	33.02300000027003	63.618	
7000-lilith-plots	imazen-26-png-v3/png-v3/7000-lilith-plots/real-charts/7125_plots_chart-violin-16-forest_1024x1024.sdr.png	t1	12	44	1403	178.56414199923165	10.02999999988674	48.168	
7000-lilith-plots	imazen-26-png-v3/png-v3/7000-lilith-plots/real-charts/7125_plots_chart-violin-16-forest_1024x1024.sdr.png	t2	-1	20	1950	746.5453280019574	25600.081000000017	89.572	
7000-lilith-plots	imazen-26-png-v3/png-v3/7000-lilith-plots/real-charts/7125_plots_chart-violin-16-forest_1024x1024.sdr.png	t2	-1	32	1278	898.5687859967584	26486.455000000176	83.211	
7000-lilith-plots	imazen-26-png-v3/png-v3/7000-lilith-plots/real-charts/7125_plots_chart-violin-16-forest_1024x1024.sdr.png	t2	-1	44	666	1023.6737739905948	27318.726999999937	57.332	
7000-lilith-plots	imazen-26-png-v3/png-v3/7000-lilith-plots/real-charts/7125_plots_chart-violin-16-forest_1024x1024.sdr.png	t2	2	20	1974	148.6947270022938	24508.313999999616	87.788	
7000-lilith-plots	imazen-26-png-v3/png-v3/7000-lilith-plots/real-charts/7125_plots_chart-violin-16-forest_1024x1024.sdr.png	t2	2	32	1267	144.9647129920777	24588.280999999995	76.834	
7000-lilith-plots	imazen-26-png-v3/png-v3/7000-lilith-plots/real-charts/7125_plots_chart-violin-16-forest_1024x1024.sdr.png	t2	2	44	555	144.9335439974675	276.52199999977256	49.940	
7000-lilith-plots	imazen-26-png-v3/png-v3/7000-lilith-plots/real-charts/7125_plots_chart-violin-16-forest_1024x1024.sdr.png	t2	4	20	2046	107.76779199659359	188.44100000004005	85.749	
7000-lilith-plots	imazen-26-png-v3/png-v3/7000-lilith-plots/real-charts/7125_plots_chart-violin-16-forest_1024x1024.sdr.png	t2	4	32	1290	182.6418660057243	900.7459999998275	72.174	
7000-lilith-plots	imazen-26-png-v3/png-v3/7000-lilith-plots/real-charts/7125_plots_chart-violin-16-forest_1024x1024.sdr.png	t2	4	44	543	575.9641559998272	933.3880000001216	49.935	
7000-lilith-plots	imazen-26-png-v3/png-v3/7000-lilith-plots/real-charts/7125_plots_chart-violin-16-forest_1024x1024.sdr.png	t2	6	20	3115	131.30672500119545	94.13699999990399	85.835	
7000-lilith-plots	imazen-26-png-v3/png-v3/7000-lilith-plots/real-charts/7125_plots_chart-violin-16-forest_1024x1024.sdr.png	t2	6	32	2099	270.8300949889235	110.60599999976262	68.861	
7000-lilith-plots	imazen-26-png-v3/png-v3/7000-lilith-plots/real-charts/7125_plots_chart-violin-16-forest_1024x1024.sdr.png	t2	6	44	1216	76.91627199528739	89.98500000009813	48.800	
7000-lilith-plots	imazen-26-png-v3/png-v3/7000-lilith-plots/real-charts/7125_plots_chart-violin-16-forest_1024x1024.sdr.png	t2	8	20	3624	130.65725201158784	96.55599999990727	84.373	
7000-lilith-plots	imazen-26-png-v3/png-v3/7000-lilith-plots/real-charts/7125_plots_chart-violin-16-forest_1024x1024.sdr.png	t2	8	32	2363	89.1620780021185	32.91600000019912	71.365	
7000-lilith-plots	imazen-26-png-v3/png-v3/7000-lilith-plots/real-charts/7125_plots_chart-violin-16-forest_1024x1024.sdr.png	t2	8	44	1254	195.4724730021553	51.8639999995969	48.214	
7000-lilith-plots	imazen-26-png-v3/png-v3/7000-lilith-plots/real-charts/7125_plots_chart-violin-16-forest_1024x1024.sdr.png	t2	10	20	4783	416.4792980009224	49.081000000086306	83.291	
7000-lilith-plots	imazen-26-png-v3/png-v3/7000-lilith-plots/real-charts/7125_plots_chart-violin-16-forest_1024x1024.sdr.png	t2	10	32	2649	117.78616899391636	28.978000000364545	64.102	
7000-lilith-plots	imazen-26-png-v3/png-v3/7000-lilith-plots/real-charts/7125_plots_chart-violin-16-forest_1024x1024.sdr.png	t2	10	44	1373	141.47573699301574	54.63900000009403	48.148	
7000-lilith-plots	imazen-26-png-v3/png-v3/7000-lilith-plots/real-charts/7125_plots_chart-violin-16-forest_1024x1024.sdr.png	t2	12	20	4783	171.84473099769093	95.85199999983729	83.291	
7000-lilith-plots	imazen-26-png-v3/png-v3/7000-lilith-plots/real-charts/7125_plots_chart-violin-16-forest_1024x1024.sdr.png	t2	12	32	2649	99.91504899517167	15.736000000202921	64.102	
7000-lilith-plots	imazen-26-png-v3/png-v3/7000-lilith-plots/real-charts/7125_plots_chart-violin-16-forest_1024x1024.sdr.png	t2	12	44	1373	318.7934320012573	70.3869999998119	48.148	
7000-lilith-plots	imazen-26-png-v3/png-v3/7000-lilith-plots/real-charts/7125_plots_chart-violin-16-forest_1024x1024.sdr.png	t3	-1	20	2450	756.229599006474	792.64500000005	DEC-ERR	
7000-lilith-plots	imazen-26-png-v3/png-v3/7000-lilith-plots/real-charts/7125_plots_chart-violin-16-forest_1024x1024.sdr.png	t3	-1	32	1790	1012.5358420045814	1981.2550000000897	DEC-ERR	
7000-lilith-plots	imazen-26-png-v3/png-v3/7000-lilith-plots/real-charts/7125_plots_chart-violin-16-forest_1024x1024.sdr.png	t3	-1	44	1181	737.6480509992689	2638.502999999815	DEC-ERR	
7000-lilith-plots	imazen-26-png-v3/png-v3/7000-lilith-plots/real-charts/7125_plots_chart-violin-16-forest_1024x1024.sdr.png	t3	2	20	2684	143.3430039905943	714.1460000001416	89.196	
7000-lilith-plots	imazen-26-png-v3/png-v3/7000-lilith-plots/real-charts/7125_plots_chart-violin-16-forest_1024x1024.sdr.png	t3	2	32	1931	189.97722600761335	851.5340000002425	86.833	
7000-lilith-plots	imazen-26-png-v3/png-v3/7000-lilith-plots/real-charts/7125_plots_chart-violin-16-forest_1024x1024.sdr.png	t3	2	44	1258	463.11172799323685	559.1649999995809	75.587	
7000-lilith-plots	imazen-26-png-v3/png-v3/7000-lilith-plots/real-charts/7125_plots_chart-violin-16-forest_1024x1024.sdr.png	t3	4	20	2947	83.4938339976361	167.9380000001629	89.467	
7000-lilith-plots	imazen-26-png-v3/png-v3/7000-lilith-plots/real-charts/7125_plots_chart-violin-16-forest_1024x1024.sdr.png	t3	4	32	2086	133.03854400874116	96.80599999987294	87.033	
7000-lilith-plots	imazen-26-png-v3/png-v3/7000-lilith-plots/real-charts/7125_plots_chart-violin-16-forest_1024x1024.sdr.png	t3	4	44	1394	469.59015099855606	1697.7810000001625	73.713	
7000-lilith-plots	imazen-26-png-v3/png-v3/7000-lilith-plots/real-charts/7125_plots_chart-violin-16-forest_1024x1024.sdr.png	t3	6	20	4212	162.79870200378355	27.130000000056498	89.428	
7000-lilith-plots	imazen-26-png-v3/png-v3/7000-lilith-plots/real-charts/7125_plots_chart-violin-16-forest_1024x1024.sdr.png	t3	6	32	3181	85.3842939977767	24693.6409999999	86.497	
7000-lilith-plots	imazen-26-png-v3/png-v3/7000-lilith-plots/real-charts/7125_plots_chart-violin-16-forest_1024x1024.sdr.png	t3	6	44	2304	106.01314000086859	24724.172999999668	77.623	
7000-lilith-plots	imazen-26-png-v3/png-v3/7000-lilith-plots/real-charts/7125_plots_chart-violin-16-forest_1024x1024.sdr.png	t3	8	20	5196	128.25295599759556	24737.07299999984	88.587	
7000-lilith-plots	imazen-26-png-v3/png-v3/7000-lilith-plots/real-charts/7125_plots_chart-violin-16-forest_1024x1024.sdr.png	t3	8	32	3926	84.7967480076477	54.17600000006928	86.400	
7000-lilith-plots	imazen-26-png-v3/png-v3/7000-lilith-plots/real-charts/7125_plots_chart-violin-16-forest_1024x1024.sdr.png	t3	8	44	2908	59.00834299973212	35.86300000006304	78.492	
7000-lilith-plots	imazen-26-png-v3/png-v3/7000-lilith-plots/real-charts/7125_plots_chart-violin-16-forest_1024x1024.sdr.png	t3	10	20	6369	597.9975299997022	34.205999999983305	88.205	
7000-lilith-plots	imazen-26-png-v3/png-v3/7000-lilith-plots/real-charts/7125_plots_chart-violin-16-forest_1024x1024.sdr.png	t3	10	32	4848	597.9494580096798	34.205999999983305	85.195	
7000-lilith-plots	imazen-26-png-v3/png-v3/7000-lilith-plots/real-charts/7125_plots_chart-violin-16-forest_1024x1024.sdr.png	t3	10	44	3099	205.10120900871698	44.806999999678965	76.625	
7000-lilith-plots	imazen-26-png-v3/png-v3/7000-lilith-plots/real-charts/7125_plots_chart-violin-16-forest_1024x1024.sdr.png	t3	12	20	6369	281.6489409888163	88.52299999981028	88.205	
7000-lilith-plots	imazen-26-png-v3/png-v3/7000-lilith-plots/real-charts/7125_plots_chart-violin-16-forest_1024x1024.sdr.png	t3	12	32	4848	260.2588290028507	107.08000000010998	85.195	
7000-lilith-plots	imazen-26-png-v3/png-v3/7000-lilith-plots/real-charts/7125_plots_chart-violin-16-forest_1024x1024.sdr.png	t3	12	44	3099	94.54130299855024	97.55300000006173	76.625	
7000-lilith-plots	imazen-26-png-v3/png-v3/7000-lilith-plots/real-charts/7125_plots_chart-violin-16-forest_1024x1024.sdr.png	t4	-1	20	2440	948.7020349915838	2174.2700000000355	DEC-ERR	
7000-lilith-plots	imazen-26-png-v3/png-v3/7000-lilith-plots/real-charts/7125_plots_chart-violin-16-forest_1024x1024.sdr.png	t4	-1	32	1786	928.0928249936551	2174.2700000000355	DEC-ERR	
7000-lilith-plots	imazen-26-png-v3/png-v3/7000-lilith-plots/real-charts/7125_plots_chart-violin-16-forest_1024x1024.sdr.png	t4	-1	44	1143	1175.5283219972625	3506.6059999999766	DEC-ERR	
7000-lilith-plots	imazen-26-png-v3/png-v3/7000-lilith-plots/real-charts/7125_plots_chart-violin-16-forest_1024x1024.sdr.png	t4	2	20	2595	386.79472300282214	157.27299999988986	89.882	
7000-lilith-plots	imazen-26-png-v3/png-v3/7000-lilith-plots/real-charts/7125_plots_chart-violin-16-forest_1024x1024.sdr.png	t4	2	32	1893	263.90666599036194	309.17100000021946	86.267	
7000-lilith-plots	imazen-26-png-v3/png-v3/7000-lilith-plots/real-charts/7125_plots_chart-violin-16-forest_1024x1024.sdr.png	t4	2	44	1232	282.416900008684	2072.098999999952	78.215	
7000-lilith-plots	imazen-26-png-v3/png-v3/7000-lilith-plots/real-charts/7125_plots_chart-violin-16-forest_1024x1024.sdr.png	t4	4	20	2824	134.0235250099795	100.24399999994671	89.781	
7000-lilith-plots	imazen-26-png-v3/png-v3/7000-lilith-plots/real-charts/7125_plots_chart-violin-16-forest_1024x1024.sdr.png	t4	4	32	2103	204.85985999403056	1985.535999999911	86.535	
7000-lilith-plots	imazen-26-png-v3/png-v3/7000-lilith-plots/real-charts/7125_plots_chart-violin-16-forest_1024x1024.sdr.png	t4	4	44	1386	190.83254199358635	1229.8499999997148	74.569	
7000-lilith-plots	imazen-26-png-v3/png-v3/7000-lilith-plots/real-charts/7125_plots_chart-violin-16-forest_1024x1024.sdr.png	t4	6	20	3976	112.77960998995695	1100.1290000000097	89.715	
7000-lilith-plots	imazen-26-png-v3/png-v3/7000-lilith-plots/real-charts/7125_plots_chart-violin-16-forest_1024x1024.sdr.png	t4	6	32	3146	77.1944110019831	1126.348999999749	86.104	
7000-lilith-plots	imazen-26-png-v3/png-v3/7000-lilith-plots/real-charts/7125_plots_chart-violin-16-forest_1024x1024.sdr.png	t4	6	44	2298	50.16934699960984	99.3880000004026	75.756	
7000-lilith-plots	imazen-26-png-v3/png-v3/7000-lilith-plots/real-charts/7125_plots_chart-violin-16-forest_1024x1024.sdr.png	t4	8	20	4908	430.6260739977006	12.672999999807644	88.875	
7000-lilith-plots	imazen-26-png-v3/png-v3/7000-lilith-plots/real-charts/7125_plots_chart-violin-16-forest_1024x1024.sdr.png	t4	8	32	3850	106.92615401057992	13.480999999870846	86.373	
7000-lilith-plots	imazen-26-png-v3/png-v3/7000-lilith-plots/real-charts/7125_plots_chart-violin-16-forest_1024x1024.sdr.png	t4	8	44	2660	116.57497899432201	16639.530000000294	75.954	
7000-lilith-plots	imazen-26-png-v3/png-v3/7000-lilith-plots/real-charts/7125_plots_chart-violin-16-forest_1024x1024.sdr.png	t4	10	20	6078	116.73198599601164	28.725999999977603	88.456	
7000-lilith-plots	imazen-26-png-v3/png-v3/7000-lilith-plots/real-charts/7125_plots_chart-violin-16-forest_1024x1024.sdr.png	t4	10	32	4565	125.59167201106902	61.976999999956206	85.101	
7000-lilith-plots	imazen-26-png-v3/png-v3/7000-lilith-plots/real-charts/7125_plots_chart-violin-16-forest_1024x1024.sdr.png	t4	10	44	2893	307.21806999645196	72.2499999999684	70.690	
7000-lilith-plots	imazen-26-png-v3/png-v3/7000-lilith-plots/real-charts/7125_plots_chart-violin-16-forest_1024x1024.sdr.png	t4	12	20	6078	201.30019000498578	138.27300000011178	88.456	
7000-lilith-plots	imazen-26-png-v3/png-v3/7000-lilith-plots/real-charts/7125_plots_chart-violin-16-forest_1024x1024.sdr.png	t4	12	32	4565	117.40191900753416	62.372999999666945	85.101	
7000-lilith-plots	imazen-26-png-v3/png-v3/7000-lilith-plots/real-charts/7125_plots_chart-violin-16-forest_1024x1024.sdr.png	t4	12	44	2893	148.27260600577574	73.71699999967518	70.690	
7000-lilith-plots	imazen-26-png-v3/png-v3/7000-lilith-plots/real-charts/7125_plots_chart-violin-16-forest_1024x1024.sdr.png	st	-1	20	2319	849.3068529933225	761.7809999997576	DEC-ERR	
7000-lilith-plots	imazen-26-png-v3/png-v3/7000-lilith-plots/real-charts/7125_plots_chart-violin-16-forest_1024x1024.sdr.png	st	-1	32	1652	731.427848993917	1590.6430000002274	DEC-ERR	
7000-lilith-plots	imazen-26-png-v3/png-v3/7000-lilith-plots/real-charts/7125_plots_chart-violin-16-forest_1024x1024.sdr.png	st	-1	44	955	964.2716829985147	2745.701000000224	DEC-ERR	
7000-lilith-plots	imazen-26-png-v3/png-v3/7000-lilith-plots/real-charts/7125_plots_chart-violin-16-forest_1024x1024.sdr.png	st	2	20	2212	427.4722150003072	790.2210000001446	88.669	
7000-lilith-plots	imazen-26-png-v3/png-v3/7000-lilith-plots/real-charts/7125_plots_chart-violin-16-forest_1024x1024.sdr.png	st	2	32	1457	156.79593199456576	1271.084000000343	83.690	
7000-lilith-plots	imazen-26-png-v3/png-v3/7000-lilith-plots/real-charts/7125_plots_chart-violin-16-forest_1024x1024.sdr.png	st	2	44	692	141.70835899130907	1265.897000000166	57.984	
7000-lilith-plots	imazen-26-png-v3/png-v3/7000-lilith-plots/real-charts/7125_plots_chart-violin-16-forest_1024x1024.sdr.png	st	4	20	2457	65.36435399902984	951.3609999998494	87.739	
7000-lilith-plots	imazen-26-png-v3/png-v3/7000-lilith-plots/real-charts/7125_plots_chart-violin-16-forest_1024x1024.sdr.png	st	4	32	1625	64.04184199345764	919.4329999996853	83.179	
7000-lilith-plots	imazen-26-png-v3/png-v3/7000-lilith-plots/real-charts/7125_plots_chart-violin-16-forest_1024x1024.sdr.png	st	4	44	777	81.80932499817573	501.9820000001971	57.233	
7000-lilith-plots	imazen-26-png-v3/png-v3/7000-lilith-plots/real-charts/7125_plots_chart-violin-16-forest_1024x1024.sdr.png	st	6	20	3564	66.20239499898162	334.65000000029477	87.777	
7000-lilith-plots	imazen-26-png-v3/png-v3/7000-lilith-plots/real-charts/7125_plots_chart-violin-16-forest_1024x1024.sdr.png	st	6	32	2521	55.74969500594307	280.64300000011144	80.999	
7000-lilith-plots	imazen-26-png-v3/png-v3/7000-lilith-plots/real-charts/7125_plots_chart-violin-16-forest_1024x1024.sdr.png	st	6	44	1491	436.5458769898396	1005.5559999998707	56.577	
7000-lilith-plots	imazen-26-png-v3/png-v3/7000-lilith-plots/real-charts/7125_plots_chart-violin-16-forest_1024x1024.sdr.png	st	8	20	4266	112.39616200327873	80.56199999987257	85.270	
7000-lilith-plots	imazen-26-png-v3/png-v3/7000-lilith-plots/real-charts/7125_plots_chart-violin-16-forest_1024x1024.sdr.png	st	8	32	2821	212.4597630026983	19014.762000000104	78.746	
7000-lilith-plots	imazen-26-png-v3/png-v3/7000-lilith-plots/real-charts/7125_plots_chart-violin-16-forest_1024x1024.sdr.png	st	8	44	1638	191.73016599961556	18987.345999999747	54.907	
7000-lilith-plots	imazen-26-png-v3/png-v3/7000-lilith-plots/real-charts/7125_plots_chart-violin-16-forest_1024x1024.sdr.png	st	10	20	5284	653.3840449992567	89.419999999933	84.907	
7000-lilith-plots	imazen-26-png-v3/png-v3/7000-lilith-plots/real-charts/7125_plots_chart-violin-16-forest_1024x1024.sdr.png	st	10	32	3445	598.0297209898708	107.74600000013379	76.983	
7000-lilith-plots	imazen-26-png-v3/png-v3/7000-lilith-plots/real-charts/7125_plots_chart-violin-16-forest_1024x1024.sdr.png	st	10	44	1709	101.36716699344106	23.525999999890246	53.956	
7000-lilith-plots	imazen-26-png-v3/png-v3/7000-lilith-plots/real-charts/7125_plots_chart-violin-16-forest_1024x1024.sdr.png	st	12	20	5284	237.7847889874829	82.67300000036926	84.907	
7000-lilith-plots	imazen-26-png-v3/png-v3/7000-lilith-plots/real-charts/7125_plots_chart-violin-16-forest_1024x1024.sdr.png	st	12	32	3445	143.55685899499804	156.27399999971203	76.983	
7000-lilith-plots	imazen-26-png-v3/png-v3/7000-lilith-plots/real-charts/7125_plots_chart-violin-16-forest_1024x1024.sdr.png	st	12	44	1709	356.46034599631093	167.93900000016038	53.956	
8000-lilith-mobile-screenshots	imazen-26-png-v3/png-v3/8000-lilith-mobile-screenshots/8000_mobile-screenshots_imageflow-server_screenshot-20260526-065435-brave_1968x2184.sdr.png	t1	-1	20	8336	5555.934351999895	34712.48100000031	85.666	
8000-lilith-mobile-screenshots	imazen-26-png-v3/png-v3/8000-lilith-mobile-screenshots/8000_mobile-screenshots_imageflow-server_screenshot-20260526-065435-brave_1968x2184.sdr.png	t1	-1	32	6281	5978.007693993277	40580.86999999989	73.369	
8000-lilith-mobile-screenshots	imazen-26-png-v3/png-v3/8000-lilith-mobile-screenshots/8000_mobile-screenshots_imageflow-server_screenshot-20260526-065435-brave_1968x2184.sdr.png	t1	-1	44	4217	7421.916417995817	48699.240999999914	62.007	
8000-lilith-mobile-screenshots	imazen-26-png-v3/png-v3/8000-lilith-mobile-screenshots/8000_mobile-screenshots_imageflow-server_screenshot-20260526-065435-brave_1968x2184.sdr.png	t1	2	20	9649	390.6146380031714	298.2220000001803	85.159	
8000-lilith-mobile-screenshots	imazen-26-png-v3/png-v3/8000-lilith-mobile-screenshots/8000_mobile-screenshots_imageflow-server_screenshot-20260526-065435-brave_1968x2184.sdr.png	t1	2	32	7283	419.120043006842	510.79799999982356	71.864	
8000-lilith-mobile-screenshots	imazen-26-png-v3/png-v3/8000-lilith-mobile-screenshots/8000_mobile-screenshots_imageflow-server_screenshot-20260526-065435-brave_1968x2184.sdr.png	t1	2	44	4737	744.7229870012961	1417.6010000000758	59.379	
8000-lilith-mobile-screenshots	imazen-26-png-v3/png-v3/8000-lilith-mobile-screenshots/8000_mobile-screenshots_imageflow-server_screenshot-20260526-065435-brave_1968x2184.sdr.png	t1	4	20	9867	168.1089769990649	129.4229999997185	83.746	
8000-lilith-mobile-screenshots	imazen-26-png-v3/png-v3/8000-lilith-mobile-screenshots/8000_mobile-screenshots_imageflow-server_screenshot-20260526-065435-brave_1968x2184.sdr.png	t1	4	32	7510	253.73029099137057	185.7039999998733	70.612	
8000-lilith-mobile-screenshots	imazen-26-png-v3/png-v3/8000-lilith-mobile-screenshots/8000_mobile-screenshots_imageflow-server_screenshot-20260526-065435-brave_1968x2184.sdr.png	t1	4	44	5425	263.9800660108449	873.5550000000103	58.970	
8000-lilith-mobile-screenshots	imazen-26-png-v3/png-v3/8000-lilith-mobile-screenshots/8000_mobile-screenshots_imageflow-server_screenshot-20260526-065435-brave_1968x2184.sdr.png	t1	6	20	12106	215.0798889924772	830.1940000003185	83.239	
8000-lilith-mobile-screenshots	imazen-26-png-v3/png-v3/8000-lilith-mobile-screenshots/8000_mobile-screenshots_imageflow-server_screenshot-20260526-065435-brave_1968x2184.sdr.png	t1	6	32	9592	503.0645819933852	212.5949999997374	69.582	
8000-lilith-mobile-screenshots	imazen-26-png-v3/png-v3/8000-lilith-mobile-screenshots/8000_mobile-screenshots_imageflow-server_screenshot-20260526-065435-brave_1968x2184.sdr.png	t1	6	44	7641	399.19554500374943	114.85899999965454	58.926	
8000-lilith-mobile-screenshots	imazen-26-png-v3/png-v3/8000-lilith-mobile-screenshots/8000_mobile-screenshots_imageflow-server_screenshot-20260526-065435-brave_1968x2184.sdr.png	t1	8	20	21515	88.27185799600556	168.34899999983577	80.000	
8000-lilith-mobile-screenshots	imazen-26-png-v3/png-v3/8000-lilith-mobile-screenshots/8000_mobile-screenshots_imageflow-server_screenshot-20260526-065435-brave_1968x2184.sdr.png	t1	8	32	14844	124.45017400023062	166.5800000000388	69.821	
8000-lilith-mobile-screenshots	imazen-26-png-v3/png-v3/8000-lilith-mobile-screenshots/8000_mobile-screenshots_imageflow-server_screenshot-20260526-065435-brave_1968x2184.sdr.png	t1	8	44	8774	351.9160159921739	91.82300000006194	51.216	
8000-lilith-mobile-screenshots	imazen-26-png-v3/png-v3/8000-lilith-mobile-screenshots/8000_mobile-screenshots_imageflow-server_screenshot-20260526-065435-brave_1968x2184.sdr.png	t1	10	20	27217	295.69077701307833	87.99700000039934	80.747	
8000-lilith-mobile-screenshots	imazen-26-png-v3/png-v3/8000-lilith-mobile-screenshots/8000_mobile-screenshots_imageflow-server_screenshot-20260526-065435-brave_1968x2184.sdr.png	t1	10	32	17716	94.2057259962894	103.74500000000353	68.493	
8000-lilith-mobile-screenshots	imazen-26-png-v3/png-v3/8000-lilith-mobile-screenshots/8000_mobile-screenshots_imageflow-server_screenshot-20260526-065435-brave_1968x2184.sdr.png	t1	10	44	9566	195.8279179962119	93.02299999995967	49.330	
8000-lilith-mobile-screenshots	imazen-26-png-v3/png-v3/8000-lilith-mobile-screenshots/8000_mobile-screenshots_imageflow-server_screenshot-20260526-065435-brave_1968x2184.sdr.png	t1	12	20	27217	231.63958800432738	92.5980000002653	80.747	
8000-lilith-mobile-screenshots	imazen-26-png-v3/png-v3/8000-lilith-mobile-screenshots/8000_mobile-screenshots_imageflow-server_screenshot-20260526-065435-brave_1968x2184.sdr.png	t1	12	32	17716	112.67073299677577	85.5189999996071	68.493	
8000-lilith-mobile-screenshots	imazen-26-png-v3/png-v3/8000-lilith-mobile-screenshots/8000_mobile-screenshots_imageflow-server_screenshot-20260526-065435-brave_1968x2184.sdr.png	t1	12	44	9566	478.09935100667644	34.521999999896025	49.330	
8000-lilith-mobile-screenshots	imazen-26-png-v3/png-v3/8000-lilith-mobile-screenshots/8000_mobile-screenshots_imageflow-server_screenshot-20260526-065435-brave_1968x2184.sdr.png	t2	-1	20	8265	5954.707694996614	59631.225000000115	86.314	
8000-lilith-mobile-screenshots	imazen-26-png-v3/png-v3/8000-lilith-mobile-screenshots/8000_mobile-screenshots_imageflow-server_screenshot-20260526-065435-brave_1968x2184.sdr.png	t2	-1	32	6133	5903.658196999459	53743.19500000033	72.188	
8000-lilith-mobile-screenshots	imazen-26-png-v3/png-v3/8000-lilith-mobile-screenshots/8000_mobile-screenshots_imageflow-server_screenshot-20260526-065435-brave_1968x2184.sdr.png	t2	-1	44	4138	7430.157889000839	67610.7579999997	60.652	
8000-lilith-mobile-screenshots	imazen-26-png-v3/png-v3/8000-lilith-mobile-screenshots/8000_mobile-screenshots_imageflow-server_screenshot-20260526-065435-brave_1968x2184.sdr.png	t2	2	20	9107	351.8735849938821	504.9519999997756	83.814	
8000-lilith-mobile-screenshots	imazen-26-png-v3/png-v3/8000-lilith-mobile-screenshots/8000_mobile-screenshots_imageflow-server_screenshot-20260526-065435-brave_1968x2184.sdr.png	t2	2	32	7092	386.59182901028544	25144.978000000236	71.117	
8000-lilith-mobile-screenshots	imazen-26-png-v3/png-v3/8000-lilith-mobile-screenshots/8000_mobile-screenshots_imageflow-server_screenshot-20260526-065435-brave_1968x2184.sdr.png	t2	2	44	4459	524.4078050018288	25646.570000000254	57.157	
8000-lilith-mobile-screenshots	imazen-26-png-v3/png-v3/8000-lilith-mobile-screenshots/8000_mobile-screenshots_imageflow-server_screenshot-20260526-065435-brave_1968x2184.sdr.png	t2	4	20	9355	124.95753700204659	156.0360000002845	82.927	
8000-lilith-mobile-screenshots	imazen-26-png-v3/png-v3/8000-lilith-mobile-screenshots/8000_mobile-screenshots_imageflow-server_screenshot-20260526-065435-brave_1968x2184.sdr.png	t2	4	32	7410	197.40198699582834	24713.36299999976	70.564	
8000-lilith-mobile-screenshots	imazen-26-png-v3/png-v3/8000-lilith-mobile-screenshots/8000_mobile-screenshots_imageflow-server_screenshot-20260526-065435-brave_1968x2184.sdr.png	t2	4	44	5212	299.26727000565734	1008.3329999997659	57.886	
8000-lilith-mobile-screenshots	imazen-26-png-v3/png-v3/8000-lilith-mobile-screenshots/8000_mobile-screenshots_imageflow-server_screenshot-20260526-065435-brave_1968x2184.sdr.png	t2	6	20	11784	127.69451500207651	701.3649999999529	86.960	
8000-lilith-mobile-screenshots	imazen-26-png-v3/png-v3/8000-lilith-mobile-screenshots/8000_mobile-screenshots_imageflow-server_screenshot-20260526-065435-brave_1968x2184.sdr.png	t2	6	32	9410	266.4474620105466	91.9139999997185	70.376	
8000-lilith-mobile-screenshots	imazen-26-png-v3/png-v3/8000-lilith-mobile-screenshots/8000_mobile-screenshots_imageflow-server_screenshot-20260526-065435-brave_1968x2184.sdr.png	t2	6	44	7657	95.69688800547738	49.45799999993028	59.219	
8000-lilith-mobile-screenshots	imazen-26-png-v3/png-v3/8000-lilith-mobile-screenshots/8000_mobile-screenshots_imageflow-server_screenshot-20260526-065435-brave_1968x2184.sdr.png	t2	8	20	21286	128.22009398951195	62.61299999948733	80.872	
8000-lilith-mobile-screenshots	imazen-26-png-v3/png-v3/8000-lilith-mobile-screenshots/8000_mobile-screenshots_imageflow-server_screenshot-20260526-065435-brave_1968x2184.sdr.png	t2	8	32	14627	106.11984299612232	161.90499999976282	69.943	
8000-lilith-mobile-screenshots	imazen-26-png-v3/png-v3/8000-lilith-mobile-screenshots/8000_mobile-screenshots_imageflow-server_screenshot-20260526-065435-brave_1968x2184.sdr.png	t2	8	44	8489	59.89088899514172	70.20600000021204	50.941	
8000-lilith-mobile-screenshots	imazen-26-png-v3/png-v3/8000-lilith-mobile-screenshots/8000_mobile-screenshots_imageflow-server_screenshot-20260526-065435-brave_1968x2184.sdr.png	t2	10	20	26852	51.72286700690165	97.4299999994912	80.998	
8000-lilith-mobile-screenshots	imazen-26-png-v3/png-v3/8000-lilith-mobile-screenshots/8000_mobile-screenshots_imageflow-server_screenshot-20260526-065435-brave_1968x2184.sdr.png	t2	10	32	17322	280.7367079949472	46.35499999980652	68.311	
8000-lilith-mobile-screenshots	imazen-26-png-v3/png-v3/8000-lilith-mobile-screenshots/8000_mobile-screenshots_imageflow-server_screenshot-20260526-065435-brave_1968x2184.sdr.png	t2	10	44	9135	133.07303898909595	72.13699999994105	48.128	
8000-lilith-mobile-screenshots	imazen-26-png-v3/png-v3/8000-lilith-mobile-screenshots/8000_mobile-screenshots_imageflow-server_screenshot-20260526-065435-brave_1968x2184.sdr.png	t2	12	20	26852	390.6064030015841	98.92599999986373	80.998	
8000-lilith-mobile-screenshots	imazen-26-png-v3/png-v3/8000-lilith-mobile-screenshots/8000_mobile-screenshots_imageflow-server_screenshot-20260526-065435-brave_1968x2184.sdr.png	t2	12	32	17322	322.78571400092915	63.07399999991503	68.311	
8000-lilith-mobile-screenshots	imazen-26-png-v3/png-v3/8000-lilith-mobile-screenshots/8000_mobile-screenshots_imageflow-server_screenshot-20260526-065435-brave_1968x2184.sdr.png	t2	12	44	9135	88.62231300736312	167.51900000005548	48.128	
8000-lilith-mobile-screenshots	imazen-26-png-v3/png-v3/8000-lilith-mobile-screenshots/8000_mobile-screenshots_imageflow-server_screenshot-20260526-065435-brave_1968x2184.sdr.png	t3	-1	20	9104	6115.651633008383	37890.77899999981	DEC-ERR	
8000-lilith-mobile-screenshots	imazen-26-png-v3/png-v3/8000-lilith-mobile-screenshots/8000_mobile-screenshots_imageflow-server_screenshot-20260526-065435-brave_1968x2184.sdr.png	t3	-1	32	6881	6304.631265011267	44091.76000000013	DEC-ERR	
8000-lilith-mobile-screenshots	imazen-26-png-v3/png-v3/8000-lilith-mobile-screenshots/8000_mobile-screenshots_imageflow-server_screenshot-20260526-065435-brave_1968x2184.sdr.png	t3	-1	44	4590	7821.99282401416	53261.08799999966	DEC-ERR	
8000-lilith-mobile-screenshots	imazen-26-png-v3/png-v3/8000-lilith-mobile-screenshots/8000_mobile-screenshots_imageflow-server_screenshot-20260526-065435-brave_1968x2184.sdr.png	t3	2	20	10391	363.89140799292363	336.73999999962234	88.586	
8000-lilith-mobile-screenshots	imazen-26-png-v3/png-v3/8000-lilith-mobile-screenshots/8000_mobile-screenshots_imageflow-server_screenshot-20260526-065435-brave_1968x2184.sdr.png	t3	2	32	7893	427.78033899958245	7974.750000000057	78.516	
8000-lilith-mobile-screenshots	imazen-26-png-v3/png-v3/8000-lilith-mobile-screenshots/8000_mobile-screenshots_imageflow-server_screenshot-20260526-065435-brave_1968x2184.sdr.png	t3	2	44	5218	724.6318120014621	8913.848000000058	64.865	
8000-lilith-mobile-screenshots	imazen-26-png-v3/png-v3/8000-lilith-mobile-screenshots/8000_mobile-screenshots_imageflow-server_screenshot-20260526-065435-brave_1968x2184.sdr.png	t3	4	20	10712	185.9678930049995	7516.4469999998855	86.811	
8000-lilith-mobile-screenshots	imazen-26-png-v3/png-v3/8000-lilith-mobile-screenshots/8000_mobile-screenshots_imageflow-server_screenshot-20260526-065435-brave_1968x2184.sdr.png	t3	4	32	8398	238.03633599891327	707.7370000005203	77.980	
8000-lilith-mobile-screenshots	imazen-26-png-v3/png-v3/8000-lilith-mobile-screenshots/8000_mobile-screenshots_imageflow-server_screenshot-20260526-065435-brave_1968x2184.sdr.png	t3	4	44	5971	201.3892590039177	694.7959999998545	63.827	
8000-lilith-mobile-screenshots	imazen-26-png-v3/png-v3/8000-lilith-mobile-screenshots/8000_mobile-screenshots_imageflow-server_screenshot-20260526-065435-brave_1968x2184.sdr.png	t3	6	20	13287	213.2478900020942	59.78700000014214	88.798	
8000-lilith-mobile-screenshots	imazen-26-png-v3/png-v3/8000-lilith-mobile-screenshots/8000_mobile-screenshots_imageflow-server_screenshot-20260526-065435-brave_1968x2184.sdr.png	t3	6	32	10571	134.56984200456645	88.72200000018893	80.233	
8000-lilith-mobile-screenshots	imazen-26-png-v3/png-v3/8000-lilith-mobile-screenshots/8000_mobile-screenshots_imageflow-server_screenshot-20260526-065435-brave_1968x2184.sdr.png	t3	6	44	8326	108.01192600047216	121.43900000006624	67.387	
8000-lilith-mobile-screenshots	imazen-26-png-v3/png-v3/8000-lilith-mobile-screenshots/8000_mobile-screenshots_imageflow-server_screenshot-20260526-065435-brave_1968x2184.sdr.png	t3	8	20	14898	129.75533900316805	184.06100000026981	87.428	
8000-lilith-mobile-screenshots	imazen-26-png-v3/png-v3/8000-lilith-mobile-screenshots/8000_mobile-screenshots_imageflow-server_screenshot-20260526-065435-brave_1968x2184.sdr.png	t3	8	32	12078	72.78681999014225	50.24000000008755	77.598	
8000-lilith-mobile-screenshots	imazen-26-png-v3/png-v3/8000-lilith-mobile-screenshots/8000_mobile-screenshots_imageflow-server_screenshot-20260526-065435-brave_1968x2184.sdr.png	t3	8	44	7955	76.73191199137364	33.55799999977194	64.192	
8000-lilith-mobile-screenshots	imazen-26-png-v3/png-v3/8000-lilith-mobile-screenshots/8000_mobile-screenshots_imageflow-server_screenshot-20260526-065435-brave_1968x2184.sdr.png	t3	10	20	14676	359.1086649976205	11586.989999999758	87.366	
8000-lilith-mobile-screenshots	imazen-26-png-v3/png-v3/8000-lilith-mobile-screenshots/8000_mobile-screenshots_imageflow-server_screenshot-20260526-065435-brave_1968x2184.sdr.png	t3	10	32	12169	73.25911600491963	38.981999999919026	78.112	
8000-lilith-mobile-screenshots	imazen-26-png-v3/png-v3/8000-lilith-mobile-screenshots/8000_mobile-screenshots_imageflow-server_screenshot-20260526-065435-brave_1968x2184.sdr.png	t3	10	44	7823	188.1147090025479	172.49199999994858	66.213	
8000-lilith-mobile-screenshots	imazen-26-png-v3/png-v3/8000-lilith-mobile-screenshots/8000_mobile-screenshots_imageflow-server_screenshot-20260526-065435-brave_1968x2184.sdr.png	t3	12	20	14676	111.09323700657114	41.81299999996213	87.366	
8000-lilith-mobile-screenshots	imazen-26-png-v3/png-v3/8000-lilith-mobile-screenshots/8000_mobile-screenshots_imageflow-server_screenshot-20260526-065435-brave_1968x2184.sdr.png	t3	12	32	12169	102.27013200346846	75.66199999988044	78.112	
8000-lilith-mobile-screenshots	imazen-26-png-v3/png-v3/8000-lilith-mobile-screenshots/8000_mobile-screenshots_imageflow-server_screenshot-20260526-065435-brave_1968x2184.sdr.png	t3	12	44	7823	538.3030840021092	104.0949999996883	66.213	
8000-lilith-mobile-screenshots	imazen-26-png-v3/png-v3/8000-lilith-mobile-screenshots/8000_mobile-screenshots_imageflow-server_screenshot-20260526-065435-brave_1968x2184.sdr.png	t4	-1	20	9175	6262.043185997754	38935.126999999964	DEC-ERR	
8000-lilith-mobile-screenshots	imazen-26-png-v3/png-v3/8000-lilith-mobile-screenshots/8000_mobile-screenshots_imageflow-server_screenshot-20260526-065435-brave_1968x2184.sdr.png	t4	-1	32	7101	6146.065852997708	45073.18500000011	DEC-ERR	
8000-lilith-mobile-screenshots	imazen-26-png-v3/png-v3/8000-lilith-mobile-screenshots/8000_mobile-screenshots_imageflow-server_screenshot-20260526-065435-brave_1968x2184.sdr.png	t4	-1	44	4820	7887.061355999322	54195.671	DEC-ERR	
8000-lilith-mobile-screenshots	imazen-26-png-v3/png-v3/8000-lilith-mobile-screenshots/8000_mobile-screenshots_imageflow-server_screenshot-20260526-065435-brave_1968x2184.sdr.png	t4	2	20	10449	357.11823499877937	7994.976000000065	87.741	
8000-lilith-mobile-screenshots	imazen-26-png-v3/png-v3/8000-lilith-mobile-screenshots/8000_mobile-screenshots_imageflow-server_screenshot-20260526-065435-brave_1968x2184.sdr.png	t4	2	32	8086	525.8489510015352	8480.625999999973	78.690	
8000-lilith-mobile-screenshots	imazen-26-png-v3/png-v3/8000-lilith-mobile-screenshots/8000_mobile-screenshots_imageflow-server_screenshot-20260526-065435-brave_1968x2184.sdr.png	t4	2	44	5344	885.0830239971401	9080.73300000018	65.489	
8000-lilith-mobile-screenshots	imazen-26-png-v3/png-v3/8000-lilith-mobile-screenshots/8000_mobile-screenshots_imageflow-server_screenshot-20260526-065435-brave_1968x2184.sdr.png	t4	4	20	10592	202.60062901070341	7897.014000000326	85.764	
8000-lilith-mobile-screenshots	imazen-26-png-v3/png-v3/8000-lilith-mobile-screenshots/8000_mobile-screenshots_imageflow-server_screenshot-20260526-065435-brave_1968x2184.sdr.png	t4	4	32	8329	193.58235299296211	8027.388000000485	77.516	
8000-lilith-mobile-screenshots	imazen-26-png-v3/png-v3/8000-lilith-mobile-screenshots/8000_mobile-screenshots_imageflow-server_screenshot-20260526-065435-brave_1968x2184.sdr.png	t4	4	44	5960	179.29036098939832	274.6600000002104	63.740	
8000-lilith-mobile-screenshots	imazen-26-png-v3/png-v3/8000-lilith-mobile-screenshots/8000_mobile-screenshots_imageflow-server_screenshot-20260526-065435-brave_1968x2184.sdr.png	t4	6	20	13190	103.26745599741116	296.8959999999754	88.524	
8000-lilith-mobile-screenshots	imazen-26-png-v3/png-v3/8000-lilith-mobile-screenshots/8000_mobile-screenshots_imageflow-server_screenshot-20260526-065435-brave_1968x2184.sdr.png	t4	6	32	10413	113.3577879954828	321.32299999972247	79.603	
8000-lilith-mobile-screenshots	imazen-26-png-v3/png-v3/8000-lilith-mobile-screenshots/8000_mobile-screenshots_imageflow-server_screenshot-20260526-065435-brave_1968x2184.sdr.png	t4	6	44	8375	121.20437000703532	382.636999999761	65.812	
8000-lilith-mobile-screenshots	imazen-26-png-v3/png-v3/8000-lilith-mobile-screenshots/8000_mobile-screenshots_imageflow-server_screenshot-20260526-065435-brave_1968x2184.sdr.png	t4	8	20	22439	138.07652199466247	44.79799999973011	83.759	
8000-lilith-mobile-screenshots	imazen-26-png-v3/png-v3/8000-lilith-mobile-screenshots/8000_mobile-screenshots_imageflow-server_screenshot-20260526-065435-brave_1968x2184.sdr.png	t4	8	32	16311	66.73034800041933	38.49700000026246	75.066	
8000-lilith-mobile-screenshots	imazen-26-png-v3/png-v3/8000-lilith-mobile-screenshots/8000_mobile-screenshots_imageflow-server_screenshot-20260526-065435-brave_1968x2184.sdr.png	t4	8	44	10096	125.28455900610425	69.76299999968205	58.394	
8000-lilith-mobile-screenshots	imazen-26-png-v3/png-v3/8000-lilith-mobile-screenshots/8000_mobile-screenshots_imageflow-server_screenshot-20260526-065435-brave_1968x2184.sdr.png	t4	10	20	27626	129.781498995726	6158.947000000069	82.943	
8000-lilith-mobile-screenshots	imazen-26-png-v3/png-v3/8000-lilith-mobile-screenshots/8000_mobile-screenshots_imageflow-server_screenshot-20260526-065435-brave_1968x2184.sdr.png	t4	10	32	18806	70.05494199984241	59.02700000009986	73.279	
8000-lilith-mobile-screenshots	imazen-26-png-v3/png-v3/8000-lilith-mobile-screenshots/8000_mobile-screenshots_imageflow-server_screenshot-20260526-065435-brave_1968x2184.sdr.png	t4	10	44	10999	153.10616399801802	6192.494999999866	56.470	
8000-lilith-mobile-screenshots	imazen-26-png-v3/png-v3/8000-lilith-mobile-screenshots/8000_mobile-screenshots_imageflow-server_screenshot-20260526-065435-brave_1968x2184.sdr.png	t4	12	20	27626	147.95499200408813	6221.251000000024	82.943	
8000-lilith-mobile-screenshots	imazen-26-png-v3/png-v3/8000-lilith-mobile-screenshots/8000_mobile-screenshots_imageflow-server_screenshot-20260526-065435-brave_1968x2184.sdr.png	t4	12	32	18806	199.91853699320927	89.90899999997737	73.279	
8000-lilith-mobile-screenshots	imazen-26-png-v3/png-v3/8000-lilith-mobile-screenshots/8000_mobile-screenshots_imageflow-server_screenshot-20260526-065435-brave_1968x2184.sdr.png	t4	12	44	10999	85.04623199405614	71.4890000000139	56.470	
8000-lilith-mobile-screenshots	imazen-26-png-v3/png-v3/8000-lilith-mobile-screenshots/8000_mobile-screenshots_imageflow-server_screenshot-20260526-065435-brave_1968x2184.sdr.png	st	-1	20	8423	5672.2372739895945	37566.546999999984	DEC-ERR	
8000-lilith-mobile-screenshots	imazen-26-png-v3/png-v3/8000-lilith-mobile-screenshots/8000_mobile-screenshots_imageflow-server_screenshot-20260526-065435-brave_1968x2184.sdr.png	st	-1	32	6192	6361.768185000983	43885.774999999994	DEC-ERR	
8000-lilith-mobile-screenshots	imazen-26-png-v3/png-v3/8000-lilith-mobile-screenshots/8000_mobile-screenshots_imageflow-server_screenshot-20260526-065435-brave_1968x2184.sdr.png	st	-1	44	3984	7305.727774000843	64539.010000000046	DEC-ERR	
8000-lilith-mobile-screenshots	imazen-26-png-v3/png-v3/8000-lilith-mobile-screenshots/8000_mobile-screenshots_imageflow-server_screenshot-20260526-065435-brave_1968x2184.sdr.png	st	2	20	9766	295.8724420022918	693.5830000002454	86.326	
8000-lilith-mobile-screenshots	imazen-26-png-v3/png-v3/8000-lilith-mobile-screenshots/8000_mobile-screenshots_imageflow-server_screenshot-20260526-065435-brave_1968x2184.sdr.png	st	2	32	7393	419.18355399684515	8803.332999999697	73.354	
8000-lilith-mobile-screenshots	imazen-26-png-v3/png-v3/8000-lilith-mobile-screenshots/8000_mobile-screenshots_imageflow-server_screenshot-20260526-065435-brave_1968x2184.sdr.png	st	2	44	4671	723.1836110004224	9277.445000000256	59.804	
8000-lilith-mobile-screenshots	imazen-26-png-v3/png-v3/8000-lilith-mobile-screenshots/8000_mobile-screenshots_imageflow-server_screenshot-20260526-065435-brave_1968x2184.sdr.png	st	4	20	9984	133.78526200540364	166.4640000003601	85.204	
8000-lilith-mobile-screenshots	imazen-26-png-v3/png-v3/8000-lilith-mobile-screenshots/8000_mobile-screenshots_imageflow-server_screenshot-20260526-065435-brave_1968x2184.sdr.png	st	4	32	7861	179.91720099234954	564.5480000001726	73.575	
8000-lilith-mobile-screenshots	imazen-26-png-v3/png-v3/8000-lilith-mobile-screenshots/8000_mobile-screenshots_imageflow-server_screenshot-20260526-065435-brave_1968x2184.sdr.png	st	4	44	5621	413.9781679987209	730.5209999999249	59.227	
8000-lilith-mobile-screenshots	imazen-26-png-v3/png-v3/8000-lilith-mobile-screenshots/8000_mobile-screenshots_imageflow-server_screenshot-20260526-065435-brave_1968x2184.sdr.png	st	6	20	12521	143.21999899402726	329.68499999992673	87.026	
8000-lilith-mobile-screenshots	imazen-26-png-v3/png-v3/8000-lilith-mobile-screenshots/8000_mobile-screenshots_imageflow-server_screenshot-20260526-065435-brave_1968x2184.sdr.png	st	6	32	9718	143.113568003173	298.5360000001549	76.209	
8000-lilith-mobile-screenshots	imazen-26-png-v3/png-v3/8000-lilith-mobile-screenshots/8000_mobile-screenshots_imageflow-server_screenshot-20260526-065435-brave_1968x2184.sdr.png	st	6	44	7541	127.26407799345907	178.67499999994152	62.019	
8000-lilith-mobile-screenshots	imazen-26-png-v3/png-v3/8000-lilith-mobile-screenshots/8000_mobile-screenshots_imageflow-server_screenshot-20260526-065435-brave_1968x2184.sdr.png	st	8	20	13640	179.4153780065244	73.82200000014905	85.659	
8000-lilith-mobile-screenshots	imazen-26-png-v3/png-v3/8000-lilith-mobile-screenshots/8000_mobile-screenshots_imageflow-server_screenshot-20260526-065435-brave_1968x2184.sdr.png	st	8	32	10748	97.07891300786287	137.26800000023331	74.573	
8000-lilith-mobile-screenshots	imazen-26-png-v3/png-v3/8000-lilith-mobile-screenshots/8000_mobile-screenshots_imageflow-server_screenshot-20260526-065435-brave_1968x2184.sdr.png	st	8	44	6761	87.74006699968595	149.75999999987266	58.212	
8000-lilith-mobile-screenshots	imazen-26-png-v3/png-v3/8000-lilith-mobile-screenshots/8000_mobile-screenshots_imageflow-server_screenshot-20260526-065435-brave_1968x2184.sdr.png	st	10	20	13356	87.83881599083543	151.8389999999954	85.599	
8000-lilith-mobile-screenshots	imazen-26-png-v3/png-v3/8000-lilith-mobile-screenshots/8000_mobile-screenshots_imageflow-server_screenshot-20260526-065435-brave_1968x2184.sdr.png	st	10	32	10771	83.71859000180848	111.05199999994397	74.327	
8000-lilith-mobile-screenshots	imazen-26-png-v3/png-v3/8000-lilith-mobile-screenshots/8000_mobile-screenshots_imageflow-server_screenshot-20260526-065435-brave_1968x2184.sdr.png	st	10	44	6610	361.74240699619986	6138.527000000238	58.691	
8000-lilith-mobile-screenshots	imazen-26-png-v3/png-v3/8000-lilith-mobile-screenshots/8000_mobile-screenshots_imageflow-server_screenshot-20260526-065435-brave_1968x2184.sdr.png	st	12	20	13356	94.4176589982817	6170.284999999922	85.599	
8000-lilith-mobile-screenshots	imazen-26-png-v3/png-v3/8000-lilith-mobile-screenshots/8000_mobile-screenshots_imageflow-server_screenshot-20260526-065435-brave_1968x2184.sdr.png	st	12	32	10771	112.25006499444135	6183.442999999869	74.327	
8000-lilith-mobile-screenshots	imazen-26-png-v3/png-v3/8000-lilith-mobile-screenshots/8000_mobile-screenshots_imageflow-server_screenshot-20260526-065435-brave_1968x2184.sdr.png	st	12	44	6610	60.75710400182288	81.50099999991767	58.691	
8000-lilith-mobile-screenshots	imazen-26-png-v3/png-v3/8000-lilith-mobile-screenshots/8012_mobile-screenshots_on-screen-keyboard_screenshot-20260526-070935-calculator_1080x2520.sdr.png	t1	-1	20	2016	3998.4330940060318	26008.955999999842	89.024	
8000-lilith-mobile-screenshots	imazen-26-png-v3/png-v3/8000-lilith-mobile-screenshots/8012_mobile-screenshots_on-screen-keyboard_screenshot-20260526-070935-calculator_1080x2520.sdr.png	t1	-1	32	1408	4219.772219992592	30438.227000000155	82.598	
8000-lilith-mobile-screenshots	imazen-26-png-v3/png-v3/8000-lilith-mobile-screenshots/8012_mobile-screenshots_on-screen-keyboard_screenshot-20260526-070935-calculator_1080x2520.sdr.png	t1	-1	44	890	4339.630283007864	34623.49599999968	72.178	
8000-lilith-mobile-screenshots	imazen-26-png-v3/png-v3/8000-lilith-mobile-screenshots/8012_mobile-screenshots_on-screen-keyboard_screenshot-20260526-070935-calculator_1080x2520.sdr.png	t1	2	20	2241	516.8326499988325	172.92999999995118	87.556	
8000-lilith-mobile-screenshots	imazen-26-png-v3/png-v3/8000-lilith-mobile-screenshots/8012_mobile-screenshots_on-screen-keyboard_screenshot-20260526-070935-calculator_1080x2520.sdr.png	t1	2	32	1534	224.401201994624	305.05099999962226	81.650	
8000-lilith-mobile-screenshots	imazen-26-png-v3/png-v3/8000-lilith-mobile-screenshots/8012_mobile-screenshots_on-screen-keyboard_screenshot-20260526-070935-calculator_1080x2520.sdr.png	t1	2	44	898	327.5045059999684	793.3999999998491	64.756	
8000-lilith-mobile-screenshots	imazen-26-png-v3/png-v3/8000-lilith-mobile-screenshots/8012_mobile-screenshots_on-screen-keyboard_screenshot-20260526-070935-calculator_1080x2520.sdr.png	t1	4	20	2232	126.85726500058081	356.8440000001942	87.696	
8000-lilith-mobile-screenshots	imazen-26-png-v3/png-v3/8000-lilith-mobile-screenshots/8012_mobile-screenshots_on-screen-keyboard_screenshot-20260526-070935-calculator_1080x2520.sdr.png	t1	4	32	1556	106.62091498670634	216.15999999974633	81.703	
8000-lilith-mobile-screenshots	imazen-26-png-v3/png-v3/8000-lilith-mobile-screenshots/8012_mobile-screenshots_on-screen-keyboard_screenshot-20260526-070935-calculator_1080x2520.sdr.png	t1	4	44	970	154.2422920028912	190.27000000019711	63.832	
8000-lilith-mobile-screenshots	imazen-26-png-v3/png-v3/8000-lilith-mobile-screenshots/8012_mobile-screenshots_on-screen-keyboard_screenshot-20260526-070935-calculator_1080x2520.sdr.png	t1	6	20	3440	86.9740230118623	28.314999999622614	89.033	
8000-lilith-mobile-screenshots	imazen-26-png-v3/png-v3/8000-lilith-mobile-screenshots/8012_mobile-screenshots_on-screen-keyboard_screenshot-20260526-070935-calculator_1080x2520.sdr.png	t1	6	32	2358	79.95378099440131	7888.784999999927	83.273	
8000-lilith-mobile-screenshots	imazen-26-png-v3/png-v3/8000-lilith-mobile-screenshots/8012_mobile-screenshots_on-screen-keyboard_screenshot-20260526-070935-calculator_1080x2520.sdr.png	t1	6	44	1713	57.0408560015494	122.56799999966006	67.941	
8000-lilith-mobile-screenshots	imazen-26-png-v3/png-v3/8000-lilith-mobile-screenshots/8012_mobile-screenshots_on-screen-keyboard_screenshot-20260526-070935-calculator_1080x2520.sdr.png	t1	8	20	4607	138.59518700337503	170.28199999987237	86.672	
8000-lilith-mobile-screenshots	imazen-26-png-v3/png-v3/8000-lilith-mobile-screenshots/8012_mobile-screenshots_on-screen-keyboard_screenshot-20260526-070935-calculator_1080x2520.sdr.png	t1	8	32	2996	102.83020501083229	58.209000000545075	78.461	
8000-lilith-mobile-screenshots	imazen-26-png-v3/png-v3/8000-lilith-mobile-screenshots/8012_mobile-screenshots_on-screen-keyboard_screenshot-20260526-070935-calculator_1080x2520.sdr.png	t1	8	44	1700	168.85639500105754	124.10600000049499	55.872	
8000-lilith-mobile-screenshots	imazen-26-png-v3/png-v3/8000-lilith-mobile-screenshots/8012_mobile-screenshots_on-screen-keyboard_screenshot-20260526-070935-calculator_1080x2520.sdr.png	t1	10	20	5502	82.3820719961077	26.01499999965995	85.031	
8000-lilith-mobile-screenshots	imazen-26-png-v3/png-v3/8000-lilith-mobile-screenshots/8012_mobile-screenshots_on-screen-keyboard_screenshot-20260526-070935-calculator_1080x2520.sdr.png	t1	10	32	3413	163.0875100090634	5513.303999999948	76.877	
8000-lilith-mobile-screenshots	imazen-26-png-v3/png-v3/8000-lilith-mobile-screenshots/8012_mobile-screenshots_on-screen-keyboard_screenshot-20260526-070935-calculator_1080x2520.sdr.png	t1	10	44	1803	62.82844800443854	49.313000000068996	52.158	
8000-lilith-mobile-screenshots	imazen-26-png-v3/png-v3/8000-lilith-mobile-screenshots/8012_mobile-screenshots_on-screen-keyboard_screenshot-20260526-070935-calculator_1080x2520.sdr.png	t1	12	20	5502	87.86827100266237	128.69400000013798	85.031	
8000-lilith-mobile-screenshots	imazen-26-png-v3/png-v3/8000-lilith-mobile-screenshots/8012_mobile-screenshots_on-screen-keyboard_screenshot-20260526-070935-calculator_1080x2520.sdr.png	t1	12	32	3413	65.24072900356259	72.58900000005042	76.877	
8000-lilith-mobile-screenshots	imazen-26-png-v3/png-v3/8000-lilith-mobile-screenshots/8012_mobile-screenshots_on-screen-keyboard_screenshot-20260526-070935-calculator_1080x2520.sdr.png	t1	12	44	1803	70.57003999943845	61.02899999979172	52.158	
8000-lilith-mobile-screenshots	imazen-26-png-v3/png-v3/8000-lilith-mobile-screenshots/8012_mobile-screenshots_on-screen-keyboard_screenshot-20260526-070935-calculator_1080x2520.sdr.png	t2	-1	20	2005	4271.157957991818	31786.515999999523	89.011	
8000-lilith-mobile-screenshots	imazen-26-png-v3/png-v3/8000-lilith-mobile-screenshots/8012_mobile-screenshots_on-screen-keyboard_screenshot-20260526-070935-calculator_1080x2520.sdr.png	t2	-1	32	1406	4206.1791559972335	30024.936999999794	82.924	
8000-lilith-mobile-screenshots	imazen-26-png-v3/png-v3/8000-lilith-mobile-screenshots/8012_mobile-screenshots_on-screen-keyboard_screenshot-20260526-070935-calculator_1080x2520.sdr.png	t2	-1	44	894	4242.535030003637	34572.07300000008	72.346	
8000-lilith-mobile-screenshots	imazen-26-png-v3/png-v3/8000-lilith-mobile-screenshots/8012_mobile-screenshots_on-screen-keyboard_screenshot-20260526-070935-calculator_1080x2520.sdr.png	t2	2	20	2187	395.11853200383484	477.7060000004667	88.489	
8000-lilith-mobile-screenshots	imazen-26-png-v3/png-v3/8000-lilith-mobile-screenshots/8012_mobile-screenshots_on-screen-keyboard_screenshot-20260526-070935-calculator_1080x2520.sdr.png	t2	2	32	1450	257.9935569956433	665.3390000000456	81.782	
8000-lilith-mobile-screenshots	imazen-26-png-v3/png-v3/8000-lilith-mobile-screenshots/8012_mobile-screenshots_on-screen-keyboard_screenshot-20260526-070935-calculator_1080x2520.sdr.png	t2	2	44	892	283.85314700426534	4839.6769999997105	67.305	
8000-lilith-mobile-screenshots	imazen-26-png-v3/png-v3/8000-lilith-mobile-screenshots/8012_mobile-screenshots_on-screen-keyboard_screenshot-20260526-070935-calculator_1080x2520.sdr.png	t2	4	20	2146	83.14451000478584	116.8339999995851	88.459	
8000-lilith-mobile-screenshots	imazen-26-png-v3/png-v3/8000-lilith-mobile-screenshots/8012_mobile-screenshots_on-screen-keyboard_screenshot-20260526-070935-calculator_1080x2520.sdr.png	t2	4	32	1503	110.15595700882841	177.73100000027853	81.607	
8000-lilith-mobile-screenshots	imazen-26-png-v3/png-v3/8000-lilith-mobile-screenshots/8012_mobile-screenshots_on-screen-keyboard_screenshot-20260526-070935-calculator_1080x2520.sdr.png	t2	4	44	942	305.1509640063159	8443.966999999788	65.716	
8000-lilith-mobile-screenshots	imazen-26-png-v3/png-v3/8000-lilith-mobile-screenshots/8012_mobile-screenshots_on-screen-keyboard_screenshot-20260526-070935-calculator_1080x2520.sdr.png	t2	6	20	3387	290.78086400113534	7288.1539999998495	89.043	
8000-lilith-mobile-screenshots	imazen-26-png-v3/png-v3/8000-lilith-mobile-screenshots/8012_mobile-screenshots_on-screen-keyboard_screenshot-20260526-070935-calculator_1080x2520.sdr.png	t2	6	32	2352	353.0194710037904	150.68000000007942	83.628	
8000-lilith-mobile-screenshots	imazen-26-png-v3/png-v3/8000-lilith-mobile-screenshots/8012_mobile-screenshots_on-screen-keyboard_screenshot-20260526-070935-calculator_1080x2520.sdr.png	t2	6	44	1704	163.6255519988481	28.955000000081554	68.686	
8000-lilith-mobile-screenshots	imazen-26-png-v3/png-v3/8000-lilith-mobile-screenshots/8012_mobile-screenshots_on-screen-keyboard_screenshot-20260526-070935-calculator_1080x2520.sdr.png	t2	8	20	4572	58.97561099845916	113.48400000028391	86.488	
8000-lilith-mobile-screenshots	imazen-26-png-v3/png-v3/8000-lilith-mobile-screenshots/8012_mobile-screenshots_on-screen-keyboard_screenshot-20260526-070935-calculator_1080x2520.sdr.png	t2	8	32	2968	83.10042599623557	123.6159999999984	78.454	
8000-lilith-mobile-screenshots	imazen-26-png-v3/png-v3/8000-lilith-mobile-screenshots/8012_mobile-screenshots_on-screen-keyboard_screenshot-20260526-070935-calculator_1080x2520.sdr.png	t2	8	44	1655	78.29260600556154	41.98899999983041	55.736	
8000-lilith-mobile-screenshots	imazen-26-png-v3/png-v3/8000-lilith-mobile-screenshots/8012_mobile-screenshots_on-screen-keyboard_screenshot-20260526-070935-calculator_1080x2520.sdr.png	t2	10	20	5428	78.35382199846208	41.98899999983041	85.126	
8000-lilith-mobile-screenshots	imazen-26-png-v3/png-v3/8000-lilith-mobile-screenshots/8012_mobile-screenshots_on-screen-keyboard_screenshot-20260526-070935-calculator_1080x2520.sdr.png	t2	10	32	3370	108.82171400589868	81.10099999984755	76.957	
8000-lilith-mobile-screenshots	imazen-26-png-v3/png-v3/8000-lilith-mobile-screenshots/8012_mobile-screenshots_on-screen-keyboard_screenshot-20260526-070935-calculator_1080x2520.sdr.png	t2	10	44	1765	219.3937220145017	25.97299999976599	52.440	
8000-lilith-mobile-screenshots	imazen-26-png-v3/png-v3/8000-lilith-mobile-screenshots/8012_mobile-screenshots_on-screen-keyboard_screenshot-20260526-070935-calculator_1080x2520.sdr.png	t2	12	20	5428	246.9237439945573	83.28000000017255	85.126	
8000-lilith-mobile-screenshots	imazen-26-png-v3/png-v3/8000-lilith-mobile-screenshots/8012_mobile-screenshots_on-screen-keyboard_screenshot-20260526-070935-calculator_1080x2520.sdr.png	t2	12	32	3370	176.2957940081833	82.13499999970963	76.957	
8000-lilith-mobile-screenshots	imazen-26-png-v3/png-v3/8000-lilith-mobile-screenshots/8012_mobile-screenshots_on-screen-keyboard_screenshot-20260526-070935-calculator_1080x2520.sdr.png	t2	12	44	1765	191.2585499958368	33.37400000015123	52.440	
8000-lilith-mobile-screenshots	imazen-26-png-v3/png-v3/8000-lilith-mobile-screenshots/8012_mobile-screenshots_on-screen-keyboard_screenshot-20260526-070935-calculator_1080x2520.sdr.png	t3	-1	20	2531	3983.6680029984564	24770.44899999987	DEC-ERR	
8000-lilith-mobile-screenshots	imazen-26-png-v3/png-v3/8000-lilith-mobile-screenshots/8012_mobile-screenshots_on-screen-keyboard_screenshot-20260526-070935-calculator_1080x2520.sdr.png	t3	-1	32	1765	3490.9771219972754	20675.27200000018	DEC-ERR	
8000-lilith-mobile-screenshots	imazen-26-png-v3/png-v3/8000-lilith-mobile-screenshots/8012_mobile-screenshots_on-screen-keyboard_screenshot-20260526-070935-calculator_1080x2520.sdr.png	t3	-1	44	1196	3424.43207600445	17217.000000000127	DEC-ERR	
8000-lilith-mobile-screenshots	imazen-26-png-v3/png-v3/8000-lilith-mobile-screenshots/8012_mobile-screenshots_on-screen-keyboard_screenshot-20260526-070935-calculator_1080x2520.sdr.png	t3	2	20	2769	418.38678100612015	4179.283999999853	91.570	
8000-lilith-mobile-screenshots	imazen-26-png-v3/png-v3/8000-lilith-mobile-screenshots/8012_mobile-screenshots_on-screen-keyboard_screenshot-20260526-070935-calculator_1080x2520.sdr.png	t3	2	32	2016	564.3631050043041	4460.1089999994765	87.951	
8000-lilith-mobile-screenshots	imazen-26-png-v3/png-v3/8000-lilith-mobile-screenshots/8012_mobile-screenshots_on-screen-keyboard_screenshot-20260526-070935-calculator_1080x2520.sdr.png	t3	2	44	1390	272.3243420041399	4677.119999999661	80.713	
8000-lilith-mobile-screenshots	imazen-26-png-v3/png-v3/8000-lilith-mobile-screenshots/8012_mobile-screenshots_on-screen-keyboard_screenshot-20260526-070935-calculator_1080x2520.sdr.png	t3	4	20	2850	220.69076499610674	4637.316999999626	91.087	
8000-lilith-mobile-screenshots	imazen-26-png-v3/png-v3/8000-lilith-mobile-screenshots/8012_mobile-screenshots_on-screen-keyboard_screenshot-20260526-070935-calculator_1080x2520.sdr.png	t3	4	32	2100	252.3006359988358	8640.267000000023	88.675	
8000-lilith-mobile-screenshots	imazen-26-png-v3/png-v3/8000-lilith-mobile-screenshots/8012_mobile-screenshots_on-screen-keyboard_screenshot-20260526-070935-calculator_1080x2520.sdr.png	t3	4	44	1488	421.44746299891267	170.7709999998599	79.551	
8000-lilith-mobile-screenshots	imazen-26-png-v3/png-v3/8000-lilith-mobile-screenshots/8012_mobile-screenshots_on-screen-keyboard_screenshot-20260526-070935-calculator_1080x2520.sdr.png	t3	6	20	3912	132.85621799877845	29.231000000066842	92.425	
8000-lilith-mobile-screenshots	imazen-26-png-v3/png-v3/8000-lilith-mobile-screenshots/8012_mobile-screenshots_on-screen-keyboard_screenshot-20260526-070935-calculator_1080x2520.sdr.png	t3	6	32	3110	59.05036300828215	29.164999999863994	88.891	
8000-lilith-mobile-screenshots	imazen-26-png-v3/png-v3/8000-lilith-mobile-screenshots/8012_mobile-screenshots_on-screen-keyboard_screenshot-20260526-070935-calculator_1080x2520.sdr.png	t3	6	44	2351	146.12921500520315	124.22999999984086	80.237	
8000-lilith-mobile-screenshots	imazen-26-png-v3/png-v3/8000-lilith-mobile-screenshots/8012_mobile-screenshots_on-screen-keyboard_screenshot-20260526-070935-calculator_1080x2520.sdr.png	t3	8	20	4055	110.03571900073439	226.53299999990395	92.669	
8000-lilith-mobile-screenshots	imazen-26-png-v3/png-v3/8000-lilith-mobile-screenshots/8012_mobile-screenshots_on-screen-keyboard_screenshot-20260526-070935-calculator_1080x2520.sdr.png	t3	8	32	3520	62.90959200123325	111.82499999983975	87.564	
8000-lilith-mobile-screenshots	imazen-26-png-v3/png-v3/8000-lilith-mobile-screenshots/8012_mobile-screenshots_on-screen-keyboard_screenshot-20260526-070935-calculator_1080x2520.sdr.png	t3	8	44	2558	37.277854993590154	99.66600000004178	79.673	
8000-lilith-mobile-screenshots	imazen-26-png-v3/png-v3/8000-lilith-mobile-screenshots/8012_mobile-screenshots_on-screen-keyboard_screenshot-20260526-070935-calculator_1080x2520.sdr.png	t3	10	20	4096	63.16083901037928	84.81599999998934	92.522	
8000-lilith-mobile-screenshots	imazen-26-png-v3/png-v3/8000-lilith-mobile-screenshots/8012_mobile-screenshots_on-screen-keyboard_screenshot-20260526-070935-calculator_1080x2520.sdr.png	t3	10	32	3628	44.10783600178547	102.72300000016799	87.280	
8000-lilith-mobile-screenshots	imazen-26-png-v3/png-v3/8000-lilith-mobile-screenshots/8012_mobile-screenshots_on-screen-keyboard_screenshot-20260526-070935-calculator_1080x2520.sdr.png	t3	10	44	2623	203.53130699368194	51.80200000017976	78.717	
8000-lilith-mobile-screenshots	imazen-26-png-v3/png-v3/8000-lilith-mobile-screenshots/8012_mobile-screenshots_on-screen-keyboard_screenshot-20260526-070935-calculator_1080x2520.sdr.png	t3	12	20	4096	199.10218600125518	56.25299999994127	92.522	
8000-lilith-mobile-screenshots	imazen-26-png-v3/png-v3/8000-lilith-mobile-screenshots/8012_mobile-screenshots_on-screen-keyboard_screenshot-20260526-070935-calculator_1080x2520.sdr.png	t3	12	32	3628	213.05210900027305	77.4349999999231	87.280	
8000-lilith-mobile-screenshots	imazen-26-png-v3/png-v3/8000-lilith-mobile-screenshots/8012_mobile-screenshots_on-screen-keyboard_screenshot-20260526-070935-calculator_1080x2520.sdr.png	t3	12	44	2623	105.89178900409024	77.98399999978756	78.717	
8000-lilith-mobile-screenshots	imazen-26-png-v3/png-v3/8000-lilith-mobile-screenshots/8012_mobile-screenshots_on-screen-keyboard_screenshot-20260526-070935-calculator_1080x2520.sdr.png	t4	-1	20	2614	4546.50823600241	21847.08000000026	DEC-ERR	
8000-lilith-mobile-screenshots	imazen-26-png-v3/png-v3/8000-lilith-mobile-screenshots/8012_mobile-screenshots_on-screen-keyboard_screenshot-20260526-070935-calculator_1080x2520.sdr.png	t4	-1	32	1808	4154.683910994208	14202.929999999953	DEC-ERR	
8000-lilith-mobile-screenshots	imazen-26-png-v3/png-v3/8000-lilith-mobile-screenshots/8012_mobile-screenshots_on-screen-keyboard_screenshot-20260526-070935-calculator_1080x2520.sdr.png	t4	-1	44	1241	4845.168302999809	20265.11700000006	DEC-ERR	
8000-lilith-mobile-screenshots	imazen-26-png-v3/png-v3/8000-lilith-mobile-screenshots/8012_mobile-screenshots_on-screen-keyboard_screenshot-20260526-070935-calculator_1080x2520.sdr.png	t4	2	20	2829	261.1311759974342	4414.64899999994	91.506	
8000-lilith-mobile-screenshots	imazen-26-png-v3/png-v3/8000-lilith-mobile-screenshots/8012_mobile-screenshots_on-screen-keyboard_screenshot-20260526-070935-calculator_1080x2520.sdr.png	t4	2	32	1995	229.6418539917795	4223.038999999915	88.564	
8000-lilith-mobile-screenshots	imazen-26-png-v3/png-v3/8000-lilith-mobile-screenshots/8012_mobile-screenshots_on-screen-keyboard_screenshot-20260526-070935-calculator_1080x2520.sdr.png	t4	2	44	1356	434.81076099851634	4874.179999999711	77.485	
8000-lilith-mobile-screenshots	imazen-26-png-v3/png-v3/8000-lilith-mobile-screenshots/8012_mobile-screenshots_on-screen-keyboard_screenshot-20260526-070935-calculator_1080x2520.sdr.png	t4	4	20	3034	141.8533039977774	4219.130999999748	91.273	
8000-lilith-mobile-screenshots	imazen-26-png-v3/png-v3/8000-lilith-mobile-screenshots/8012_mobile-screenshots_on-screen-keyboard_screenshot-20260526-070935-calculator_1080x2520.sdr.png	t4	4	32	2105	171.12269999051932	696.4609999998856	88.094	
8000-lilith-mobile-screenshots	imazen-26-png-v3/png-v3/8000-lilith-mobile-screenshots/8012_mobile-screenshots_on-screen-keyboard_screenshot-20260526-070935-calculator_1080x2520.sdr.png	t4	4	44	1457	287.2548169980291	749.4250000005991	80.113	
8000-lilith-mobile-screenshots	imazen-26-png-v3/png-v3/8000-lilith-mobile-screenshots/8012_mobile-screenshots_on-screen-keyboard_screenshot-20260526-070935-calculator_1080x2520.sdr.png	t4	6	20	3940	72.3206550028408	71.80299999981798	92.192	
8000-lilith-mobile-screenshots	imazen-26-png-v3/png-v3/8000-lilith-mobile-screenshots/8012_mobile-screenshots_on-screen-keyboard_screenshot-20260526-070935-calculator_1080x2520.sdr.png	t4	6	32	3154	301.4447050081799	419.1410000001383	88.894	
8000-lilith-mobile-screenshots	imazen-26-png-v3/png-v3/8000-lilith-mobile-screenshots/8012_mobile-screenshots_on-screen-keyboard_screenshot-20260526-070935-calculator_1080x2520.sdr.png	t4	6	44	2375	61.743968006339855	77.94999999990182	78.933	
8000-lilith-mobile-screenshots	imazen-26-png-v3/png-v3/8000-lilith-mobile-screenshots/8012_mobile-screenshots_on-screen-keyboard_screenshot-20260526-070935-calculator_1080x2520.sdr.png	t4	8	20	5908	384.88164999580476	55.05700000003344	90.707	
8000-lilith-mobile-screenshots	imazen-26-png-v3/png-v3/8000-lilith-mobile-screenshots/8012_mobile-screenshots_on-screen-keyboard_screenshot-20260526-070935-calculator_1080x2520.sdr.png	t4	8	32	4555	476.99785900476854	36.18799999958355	86.273	
8000-lilith-mobile-screenshots	imazen-26-png-v3/png-v3/8000-lilith-mobile-screenshots/8012_mobile-screenshots_on-screen-keyboard_screenshot-20260526-070935-calculator_1080x2520.sdr.png	t4	8	44	3087	87.06898300442845	23.116000000442227	76.656	
8000-lilith-mobile-screenshots	imazen-26-png-v3/png-v3/8000-lilith-mobile-screenshots/8012_mobile-screenshots_on-screen-keyboard_screenshot-20260526-070935-calculator_1080x2520.sdr.png	t4	10	20	7008	153.40696599741932	84.36900000020842	89.258	
8000-lilith-mobile-screenshots	imazen-26-png-v3/png-v3/8000-lilith-mobile-screenshots/8012_mobile-screenshots_on-screen-keyboard_screenshot-20260526-070935-calculator_1080x2520.sdr.png	t4	10	32	5240	172.9337089927867	97.77199999996355	85.008	
8000-lilith-mobile-screenshots	imazen-26-png-v3/png-v3/8000-lilith-mobile-screenshots/8012_mobile-screenshots_on-screen-keyboard_screenshot-20260526-070935-calculator_1080x2520.sdr.png	t4	10	44	3419	152.43328700307757	98.17299999937745	75.947	
8000-lilith-mobile-screenshots	imazen-26-png-v3/png-v3/8000-lilith-mobile-screenshots/8012_mobile-screenshots_on-screen-keyboard_screenshot-20260526-070935-calculator_1080x2520.sdr.png	t4	12	20	7008	62.82781600020826	93.9970000000585	89.258	
8000-lilith-mobile-screenshots	imazen-26-png-v3/png-v3/8000-lilith-mobile-screenshots/8012_mobile-screenshots_on-screen-keyboard_screenshot-20260526-070935-calculator_1080x2520.sdr.png	t4	12	32	5240	42.28173701267224	80.9150000002603	85.008	
8000-lilith-mobile-screenshots	imazen-26-png-v3/png-v3/8000-lilith-mobile-screenshots/8012_mobile-screenshots_on-screen-keyboard_screenshot-20260526-070935-calculator_1080x2520.sdr.png	t4	12	44	3419	287.05372600234114	90.5159999996954	75.947	
8000-lilith-mobile-screenshots	imazen-26-png-v3/png-v3/8000-lilith-mobile-screenshots/8012_mobile-screenshots_on-screen-keyboard_screenshot-20260526-070935-calculator_1080x2520.sdr.png	st	-1	20	2413	3850.511024997104	25255.968999999994	DEC-ERR	
8000-lilith-mobile-screenshots	imazen-26-png-v3/png-v3/8000-lilith-mobile-screenshots/8012_mobile-screenshots_on-screen-keyboard_screenshot-20260526-070935-calculator_1080x2520.sdr.png	st	-1	32	1679	3634.5767629973125	18247.424999999992	DEC-ERR	
8000-lilith-mobile-screenshots	imazen-26-png-v3/png-v3/8000-lilith-mobile-screenshots/8012_mobile-screenshots_on-screen-keyboard_screenshot-20260526-070935-calculator_1080x2520.sdr.png	st	-1	44	1131	3372.8627509990474	25197.961000000418	DEC-ERR	
8000-lilith-mobile-screenshots	imazen-26-png-v3/png-v3/8000-lilith-mobile-screenshots/8012_mobile-screenshots_on-screen-keyboard_screenshot-20260526-070935-calculator_1080x2520.sdr.png	st	2	20	2390	347.0576490071835	407.96899999983793	90.816	
8000-lilith-mobile-screenshots	imazen-26-png-v3/png-v3/8000-lilith-mobile-screenshots/8012_mobile-screenshots_on-screen-keyboard_screenshot-20260526-070935-calculator_1080x2520.sdr.png	st	2	32	1743	336.7270900052972	531.582999999813	85.507	
8000-lilith-mobile-screenshots	imazen-26-png-v3/png-v3/8000-lilith-mobile-screenshots/8012_mobile-screenshots_on-screen-keyboard_screenshot-20260526-070935-calculator_1080x2520.sdr.png	st	2	44	1096	305.59760201140307	345.7979999996894	71.756	
8000-lilith-mobile-screenshots	imazen-26-png-v3/png-v3/8000-lilith-mobile-screenshots/8012_mobile-screenshots_on-screen-keyboard_screenshot-20260526-070935-calculator_1080x2520.sdr.png	st	4	20	2493	306.38095999893267	204.60600000023987	90.482	
8000-lilith-mobile-screenshots	imazen-26-png-v3/png-v3/8000-lilith-mobile-screenshots/8012_mobile-screenshots_on-screen-keyboard_screenshot-20260526-070935-calculator_1080x2520.sdr.png	st	4	32	1781	416.04809899581596	295.2620000000934	85.492	
8000-lilith-mobile-screenshots	imazen-26-png-v3/png-v3/8000-lilith-mobile-screenshots/8012_mobile-screenshots_on-screen-keyboard_screenshot-20260526-070935-calculator_1080x2520.sdr.png	st	4	44	1183	208.93766499648336	172.1280000002139	69.600	
8000-lilith-mobile-screenshots	imazen-26-png-v3/png-v3/8000-lilith-mobile-screenshots/8012_mobile-screenshots_on-screen-keyboard_screenshot-20260526-070935-calculator_1080x2520.sdr.png	st	6	20	3601	92.42815099423751	4523.058999999904	91.533	
8000-lilith-mobile-screenshots	imazen-26-png-v3/png-v3/8000-lilith-mobile-screenshots/8012_mobile-screenshots_on-screen-keyboard_screenshot-20260526-070935-calculator_1080x2520.sdr.png	st	6	32	2595	75.890674997936	99.72499999980755	87.061	
8000-lilith-mobile-screenshots	imazen-26-png-v3/png-v3/8000-lilith-mobile-screenshots/8012_mobile-screenshots_on-screen-keyboard_screenshot-20260526-070935-calculator_1080x2520.sdr.png	st	6	44	1865	62.65501798770856	121.5300000002344	75.170	
8000-lilith-mobile-screenshots	imazen-26-png-v3/png-v3/8000-lilith-mobile-screenshots/8012_mobile-screenshots_on-screen-keyboard_screenshot-20260526-070935-calculator_1080x2520.sdr.png	st	8	20	3701	41.35265298828017	57.21399999976029	90.790	
8000-lilith-mobile-screenshots	imazen-26-png-v3/png-v3/8000-lilith-mobile-screenshots/8012_mobile-screenshots_on-screen-keyboard_screenshot-20260526-070935-calculator_1080x2520.sdr.png	st	8	32	2855	41.56892400351353	109.65299999980971	84.550	
8000-lilith-mobile-screenshots	imazen-26-png-v3/png-v3/8000-lilith-mobile-screenshots/8012_mobile-screenshots_on-screen-keyboard_screenshot-20260526-070935-calculator_1080x2520.sdr.png	st	8	44	1855	92.81866200035438	108.1860000000745	69.974	
8000-lilith-mobile-screenshots	imazen-26-png-v3/png-v3/8000-lilith-mobile-screenshots/8012_mobile-screenshots_on-screen-keyboard_screenshot-20260526-070935-calculator_1080x2520.sdr.png	st	10	20	3670	305.7309050054755	81.32400000033613	91.252	
8000-lilith-mobile-screenshots	imazen-26-png-v3/png-v3/8000-lilith-mobile-screenshots/8012_mobile-screenshots_on-screen-keyboard_screenshot-20260526-070935-calculator_1080x2520.sdr.png	st	10	32	2843	281.46538299915846	4726.7159999998685	84.650	
8000-lilith-mobile-screenshots	imazen-26-png-v3/png-v3/8000-lilith-mobile-screenshots/8012_mobile-screenshots_on-screen-keyboard_screenshot-20260526-070935-calculator_1080x2520.sdr.png	st	10	44	1938	283.351132995449	95.11299999977041	69.139	
8000-lilith-mobile-screenshots	imazen-26-png-v3/png-v3/8000-lilith-mobile-screenshots/8012_mobile-screenshots_on-screen-keyboard_screenshot-20260526-070935-calculator_1080x2520.sdr.png	st	12	20	3670	160.89277299761306	19.72000000014873	91.252	
8000-lilith-mobile-screenshots	imazen-26-png-v3/png-v3/8000-lilith-mobile-screenshots/8012_mobile-screenshots_on-screen-keyboard_screenshot-20260526-070935-calculator_1080x2520.sdr.png	st	12	32	2843	219.5278160070302	141.50699999987637	84.650	
8000-lilith-mobile-screenshots	imazen-26-png-v3/png-v3/8000-lilith-mobile-screenshots/8012_mobile-screenshots_on-screen-keyboard_screenshot-20260526-070935-calculator_1080x2520.sdr.png	st	12	44	1938	111.95487400982529	88.94199999983243	69.139	
8100-lilith-web-screenshots	imazen-26-png-v3/png-v3/8100-lilith-web-screenshots/1440x900/8106_web-screenshots_climate-news_dpr1_page1_1440x900.sdr.png	t1	-1	20	14874	8258.546457000193	27056.993999999548	83.899	
8100-lilith-web-screenshots	imazen-26-png-v3/png-v3/8100-lilith-web-screenshots/1440x900/8106_web-screenshots_climate-news_dpr1_page1_1440x900.sdr.png	t1	-1	32	9686	8904.260394992889	36158.078000000016	72.803	
8100-lilith-web-screenshots	imazen-26-png-v3/png-v3/8100-lilith-web-screenshots/1440x900/8106_web-screenshots_climate-news_dpr1_page1_1440x900.sdr.png	t1	-1	44	5839	10884.35114499589	47638.92099999992	48.489	
8100-lilith-web-screenshots	imazen-26-png-v3/png-v3/8100-lilith-web-screenshots/1440x900/8106_web-screenshots_climate-news_dpr1_page1_1440x900.sdr.png	t1	2	20	15318	403.9329410006758	10731.737999999865	82.539	
8100-lilith-web-screenshots	imazen-26-png-v3/png-v3/8100-lilith-web-screenshots/1440x900/8106_web-screenshots_climate-news_dpr1_page1_1440x900.sdr.png	t1	2	32	10000	489.8844720009947	11426.243000000028	70.048	
8100-lilith-web-screenshots	imazen-26-png-v3/png-v3/8100-lilith-web-screenshots/1440x900/8106_web-screenshots_climate-news_dpr1_page1_1440x900.sdr.png	t1	2	44	5774	939.838652004255	9178.966999999886	43.236	
8100-lilith-web-screenshots	imazen-26-png-v3/png-v3/8100-lilith-web-screenshots/1440x900/8106_web-screenshots_climate-news_dpr1_page1_1440x900.sdr.png	t1	4	20	16091	187.93246400309727	570.7109999999602	82.668	
8100-lilith-web-screenshots	imazen-26-png-v3/png-v3/8100-lilith-web-screenshots/1440x900/8106_web-screenshots_climate-news_dpr1_page1_1440x900.sdr.png	t1	4	32	10646	228.87810399697628	1296.0730000002627	70.010	
8100-lilith-web-screenshots	imazen-26-png-v3/png-v3/8100-lilith-web-screenshots/1440x900/8106_web-screenshots_climate-news_dpr1_page1_1440x900.sdr.png	t1	4	44	6698	168.1766149995383	1477.492000000126	44.383	
8100-lilith-web-screenshots	imazen-26-png-v3/png-v3/8100-lilith-web-screenshots/1440x900/8106_web-screenshots_climate-news_dpr1_page1_1440x900.sdr.png	t1	6	20	17845	126.15336799353827	1128.7239999998917	82.344	
8100-lilith-web-screenshots	imazen-26-png-v3/png-v3/8100-lilith-web-screenshots/1440x900/8106_web-screenshots_climate-news_dpr1_page1_1440x900.sdr.png	t1	6	32	12287	57.590411001001485	850.2040000003888	70.102	
8100-lilith-web-screenshots	imazen-26-png-v3/png-v3/8100-lilith-web-screenshots/1440x900/8106_web-screenshots_climate-news_dpr1_page1_1440x900.sdr.png	t1	6	44	7616	149.65376899635885	396.7030000000591	42.344	
8100-lilith-web-screenshots	imazen-26-png-v3/png-v3/8100-lilith-web-screenshots/1440x900/8106_web-screenshots_climate-news_dpr1_page1_1440x900.sdr.png	t1	8	20	25733	118.77474600623827	20.553000000148813	81.725	
8100-lilith-web-screenshots	imazen-26-png-v3/png-v3/8100-lilith-web-screenshots/1440x900/8106_web-screenshots_climate-news_dpr1_page1_1440x900.sdr.png	t1	8	32	15930	147.85211699199863	52.10100000007856	66.793	
8100-lilith-web-screenshots	imazen-26-png-v3/png-v3/8100-lilith-web-screenshots/1440x900/8106_web-screenshots_climate-news_dpr1_page1_1440x900.sdr.png	t1	8	44	8089	159.9066490016412	110.11399999992477	36.002	
8100-lilith-web-screenshots	imazen-26-png-v3/png-v3/8100-lilith-web-screenshots/1440x900/8106_web-screenshots_climate-news_dpr1_page1_1440x900.sdr.png	t1	10	20	29384	109.46050701022614	74.71099999980879	81.166	
8100-lilith-web-screenshots	imazen-26-png-v3/png-v3/8100-lilith-web-screenshots/1440x900/8106_web-screenshots_climate-news_dpr1_page1_1440x900.sdr.png	t1	10	32	18139	107.64067100535613	64.90199999959145	65.546	
8100-lilith-web-screenshots	imazen-26-png-v3/png-v3/8100-lilith-web-screenshots/1440x900/8106_web-screenshots_climate-news_dpr1_page1_1440x900.sdr.png	t1	10	44	8522	151.65000900742598	89.8359999999343	32.974	
8100-lilith-web-screenshots	imazen-26-png-v3/png-v3/8100-lilith-web-screenshots/1440x900/8106_web-screenshots_climate-news_dpr1_page1_1440x900.sdr.png	t1	12	20	29384	97.2226559970295	29.51899999999341	81.166	
8100-lilith-web-screenshots	imazen-26-png-v3/png-v3/8100-lilith-web-screenshots/1440x900/8106_web-screenshots_climate-news_dpr1_page1_1440x900.sdr.png	t1	12	32	18139	386.531123003806	48.74699999973586	65.546	
8100-lilith-web-screenshots	imazen-26-png-v3/png-v3/8100-lilith-web-screenshots/1440x900/8106_web-screenshots_climate-news_dpr1_page1_1440x900.sdr.png	t1	12	44	8522	156.49316700000782	87.76200000014	32.974	
8100-lilith-web-screenshots	imazen-26-png-v3/png-v3/8100-lilith-web-screenshots/1440x900/8106_web-screenshots_climate-news_dpr1_page1_1440x900.sdr.png	t2	-1	20	14100	8292.953419004334	43906.27699999988	83.466	
8100-lilith-web-screenshots	imazen-26-png-v3/png-v3/8100-lilith-web-screenshots/1440x900/8106_web-screenshots_climate-news_dpr1_page1_1440x900.sdr.png	t2	-1	32	9484	8627.151806998882	53679.84499999994	71.272	
8100-lilith-web-screenshots	imazen-26-png-v3/png-v3/8100-lilith-web-screenshots/1440x900/8106_web-screenshots_climate-news_dpr1_page1_1440x900.sdr.png	t2	-1	44	5494	11006.915297999512	65560.40899999959	46.502	
8100-lilith-web-screenshots	imazen-26-png-v3/png-v3/8100-lilith-web-screenshots/1440x900/8106_web-screenshots_climate-news_dpr1_page1_1440x900.sdr.png	t2	2	20	14554	404.4748000014806	540.9160000003226	81.857	
8100-lilith-web-screenshots	imazen-26-png-v3/png-v3/8100-lilith-web-screenshots/1440x900/8106_web-screenshots_climate-news_dpr1_page1_1440x900.sdr.png	t2	2	32	9328	580.31832499546	1461.5239999999972	69.024	
8100-lilith-web-screenshots	imazen-26-png-v3/png-v3/8100-lilith-web-screenshots/1440x900/8106_web-screenshots_climate-news_dpr1_page1_1440x900.sdr.png	t2	2	44	5205	650.4138940072153	2031.1939999999993	40.662	
8100-lilith-web-screenshots	imazen-26-png-v3/png-v3/8100-lilith-web-screenshots/1440x900/8106_web-screenshots_climate-news_dpr1_page1_1440x900.sdr.png	t2	4	20	15055	180.52802099555265	589.7579999995628	81.596	
8100-lilith-web-screenshots	imazen-26-png-v3/png-v3/8100-lilith-web-screenshots/1440x900/8106_web-screenshots_climate-news_dpr1_page1_1440x900.sdr.png	t2	4	32	10120	186.7241589934565	736.0640000000558	69.176	
8100-lilith-web-screenshots	imazen-26-png-v3/png-v3/8100-lilith-web-screenshots/1440x900/8106_web-screenshots_climate-news_dpr1_page1_1440x900.sdr.png	t2	4	44	5736	184.43974100227933	846.9060000004731	40.178	
8100-lilith-web-screenshots	imazen-26-png-v3/png-v3/8100-lilith-web-screenshots/1440x900/8106_web-screenshots_climate-news_dpr1_page1_1440x900.sdr.png	t2	6	20	17280	390.3409089980414	80.00299999986282	81.416	
8100-lilith-web-screenshots	imazen-26-png-v3/png-v3/8100-lilith-web-screenshots/1440x900/8106_web-screenshots_climate-news_dpr1_page1_1440x900.sdr.png	t2	6	32	11629	308.5283879918279	230.1850000000627	68.642	
8100-lilith-web-screenshots	imazen-26-png-v3/png-v3/8100-lilith-web-screenshots/1440x900/8106_web-screenshots_climate-news_dpr1_page1_1440x900.sdr.png	t2	6	44	6569	79.76857900212053	217.27300000031846	39.343	
8100-lilith-web-screenshots	imazen-26-png-v3/png-v3/8100-lilith-web-screenshots/1440x900/8106_web-screenshots_climate-news_dpr1_page1_1440x900.sdr.png	t2	8	20	25070	41.97548600495793	67.05100000010589	81.067	
8100-lilith-web-screenshots	imazen-26-png-v3/png-v3/8100-lilith-web-screenshots/1440x900/8106_web-screenshots_climate-news_dpr1_page1_1440x900.sdr.png	t2	8	32	15229	82.80613798706327	102.17800000020816	65.955	
8100-lilith-web-screenshots	imazen-26-png-v3/png-v3/8100-lilith-web-screenshots/1440x900/8106_web-screenshots_climate-news_dpr1_page1_1440x900.sdr.png	t2	8	44	7464	72.32627501070965	102.17800000020816	34.650	
8100-lilith-web-screenshots	imazen-26-png-v3/png-v3/8100-lilith-web-screenshots/1440x900/8106_web-screenshots_climate-news_dpr1_page1_1440x900.sdr.png	t2	10	20	28551	163.08943400508724	16.42599999996719	80.265	
8100-lilith-web-screenshots	imazen-26-png-v3/png-v3/8100-lilith-web-screenshots/1440x900/8106_web-screenshots_climate-news_dpr1_page1_1440x900.sdr.png	t2	10	32	17125	46.724504994926974	48.15200000012965	64.722	
8100-lilith-web-screenshots	imazen-26-png-v3/png-v3/8100-lilith-web-screenshots/1440x900/8106_web-screenshots_climate-news_dpr1_page1_1440x900.sdr.png	t2	10	44	7665	57.19594100082759	63.486999999668114	31.750	
8100-lilith-web-screenshots	imazen-26-png-v3/png-v3/8100-lilith-web-screenshots/1440x900/8106_web-screenshots_climate-news_dpr1_page1_1440x900.sdr.png	t2	12	20	28551	57.06341000040993	113.6180000000877	80.265	
8100-lilith-web-screenshots	imazen-26-png-v3/png-v3/8100-lilith-web-screenshots/1440x900/8106_web-screenshots_climate-news_dpr1_page1_1440x900.sdr.png	t2	12	32	17125	58.10690100770444	101.73800000055166	64.722	
8100-lilith-web-screenshots	imazen-26-png-v3/png-v3/8100-lilith-web-screenshots/1440x900/8106_web-screenshots_climate-news_dpr1_page1_1440x900.sdr.png	t2	12	44	7665	69.07004200911615	51.60700000052998	31.750	
8100-lilith-web-screenshots	imazen-26-png-v3/png-v3/8100-lilith-web-screenshots/1440x900/8106_web-screenshots_climate-news_dpr1_page1_1440x900.sdr.png	t3	-1	20	16103	8608.124483012944	71372.44100000004	DEC-ERR	
8100-lilith-web-screenshots	imazen-26-png-v3/png-v3/8100-lilith-web-screenshots/1440x900/8106_web-screenshots_climate-news_dpr1_page1_1440x900.sdr.png	t3	-1	32	11299	9746.287814996322	83085.66100000039	DEC-ERR	
8100-lilith-web-screenshots	imazen-26-png-v3/png-v3/8100-lilith-web-screenshots/1440x900/8106_web-screenshots_climate-news_dpr1_page1_1440x900.sdr.png	t3	-1	44	6371	11404.074987003696	95228.82999999981	DEC-ERR	
8100-lilith-web-screenshots	imazen-26-png-v3/png-v3/8100-lilith-web-screenshots/1440x900/8106_web-screenshots_climate-news_dpr1_page1_1440x900.sdr.png	t3	2	20	17213	477.79211700253654	510.7560000002138	85.894	
8100-lilith-web-screenshots	imazen-26-png-v3/png-v3/8100-lilith-web-screenshots/1440x900/8106_web-screenshots_climate-news_dpr1_page1_1440x900.sdr.png	t3	2	32	12084	591.8909929896472	1085.0790000000359	77.603	
8100-lilith-web-screenshots	imazen-26-png-v3/png-v3/8100-lilith-web-screenshots/1440x900/8106_web-screenshots_climate-news_dpr1_page1_1440x900.sdr.png	t3	2	44	6909	770.8824169967556	1834.638000000183	57.872	
8100-lilith-web-screenshots	imazen-26-png-v3/png-v3/8100-lilith-web-screenshots/1440x900/8106_web-screenshots_climate-news_dpr1_page1_1440x900.sdr.png	t3	4	20	17877	209.62997899914626	958.4789999999259	85.463	
8100-lilith-web-screenshots	imazen-26-png-v3/png-v3/8100-lilith-web-screenshots/1440x900/8106_web-screenshots_climate-news_dpr1_page1_1440x900.sdr.png	t3	4	32	12689	221.13966799224727	405.85100000024	78.085	
8100-lilith-web-screenshots	imazen-26-png-v3/png-v3/8100-lilith-web-screenshots/1440x900/8106_web-screenshots_climate-news_dpr1_page1_1440x900.sdr.png	t3	4	44	7409	223.1233149941545	392.82200000027956	57.690	
8100-lilith-web-screenshots	imazen-26-png-v3/png-v3/8100-lilith-web-screenshots/1440x900/8106_web-screenshots_climate-news_dpr1_page1_1440x900.sdr.png	t3	6	20	20228	303.5544320009649	8308.929000000233	85.278	
8100-lilith-web-screenshots	imazen-26-png-v3/png-v3/8100-lilith-web-screenshots/1440x900/8106_web-screenshots_climate-news_dpr1_page1_1440x900.sdr.png	t3	6	32	14366	288.18320999562275	109.22600000029092	78.226	
8100-lilith-web-screenshots	imazen-26-png-v3/png-v3/8100-lilith-web-screenshots/1440x900/8106_web-screenshots_climate-news_dpr1_page1_1440x900.sdr.png	t3	6	44	8375	204.9795779894339	83.12799999984577	57.437	
8100-lilith-web-screenshots	imazen-26-png-v3/png-v3/8100-lilith-web-screenshots/1440x900/8106_web-screenshots_climate-news_dpr1_page1_1440x900.sdr.png	t3	8	20	21877	61.420633996021934	32.28100000009704	85.255	
8100-lilith-web-screenshots	imazen-26-png-v3/png-v3/8100-lilith-web-screenshots/1440x900/8106_web-screenshots_climate-news_dpr1_page1_1440x900.sdr.png	t3	8	32	15268	200.04269199853297	56.730999999786036	76.425	
8100-lilith-web-screenshots	imazen-26-png-v3/png-v3/8100-lilith-web-screenshots/1440x900/8106_web-screenshots_climate-news_dpr1_page1_1440x900.sdr.png	t3	8	44	8885	103.74783800216392	47.88899999994101	58.565	
8100-lilith-web-screenshots	imazen-26-png-v3/png-v3/8100-lilith-web-screenshots/1440x900/8106_web-screenshots_climate-news_dpr1_page1_1440x900.sdr.png	t3	10	20	22297	325.7736079976894	83.48199999997519	85.280	
8100-lilith-web-screenshots	imazen-26-png-v3/png-v3/8100-lilith-web-screenshots/1440x900/8106_web-screenshots_climate-news_dpr1_page1_1440x900.sdr.png	t3	10	32	15945	167.0274419884663	21.46900000022356	76.125	
8100-lilith-web-screenshots	imazen-26-png-v3/png-v3/8100-lilith-web-screenshots/1440x900/8106_web-screenshots_climate-news_dpr1_page1_1440x900.sdr.png	t3	10	44	9109	95.22842800652143	42.54900000009343	54.375	
8100-lilith-web-screenshots	imazen-26-png-v3/png-v3/8100-lilith-web-screenshots/1440x900/8106_web-screenshots_climate-news_dpr1_page1_1440x900.sdr.png	t3	12	20	22297	86.82380800019018	54.54199999996945	85.280	
8100-lilith-web-screenshots	imazen-26-png-v3/png-v3/8100-lilith-web-screenshots/1440x900/8106_web-screenshots_climate-news_dpr1_page1_1440x900.sdr.png	t3	12	32	15945	76.64665998890996	20.951999999965665	76.125	
8100-lilith-web-screenshots	imazen-26-png-v3/png-v3/8100-lilith-web-screenshots/1440x900/8106_web-screenshots_climate-news_dpr1_page1_1440x900.sdr.png	t3	12	44	9109	197.0744249993004	52.140000000065356	54.375	
8100-lilith-web-screenshots	imazen-26-png-v3/png-v3/8100-lilith-web-screenshots/1440x900/8106_web-screenshots_climate-news_dpr1_page1_1440x900.sdr.png	t4	-1	20	16208	8696.916739005246	85705.57400000024	DEC-ERR	
8100-lilith-web-screenshots	imazen-26-png-v3/png-v3/8100-lilith-web-screenshots/1440x900/8106_web-screenshots_climate-news_dpr1_page1_1440x900.sdr.png	t4	-1	32	11391	9551.262731998577	96099.78200000004	DEC-ERR	
8100-lilith-web-screenshots	imazen-26-png-v3/png-v3/8100-lilith-web-screenshots/1440x900/8106_web-screenshots_climate-news_dpr1_page1_1440x900.sdr.png	t4	-1	44	6618	11657.706179001252	108967.49999999967	DEC-ERR	
8100-lilith-web-screenshots	imazen-26-png-v3/png-v3/8100-lilith-web-screenshots/1440x900/8106_web-screenshots_climate-news_dpr1_page1_1440x900.sdr.png	t4	2	20	17015	475.6612299970584	11391.859000000295	85.051	
8100-lilith-web-screenshots	imazen-26-png-v3/png-v3/8100-lilith-web-screenshots/1440x900/8106_web-screenshots_climate-news_dpr1_page1_1440x900.sdr.png	t4	2	32	12020	581.2237749923952	11923.14400000015	77.670	
8100-lilith-web-screenshots	imazen-26-png-v3/png-v3/8100-lilith-web-screenshots/1440x900/8106_web-screenshots_climate-news_dpr1_page1_1440x900.sdr.png	t4	2	44	6893	776.77720200154	10531.52300000005	57.209	
8100-lilith-web-screenshots	imazen-26-png-v3/png-v3/8100-lilith-web-screenshots/1440x900/8106_web-screenshots_climate-news_dpr1_page1_1440x900.sdr.png	t4	4	20	17802	216.67064999928698	8469.722000000076	84.928	
8100-lilith-web-screenshots	imazen-26-png-v3/png-v3/8100-lilith-web-screenshots/1440x900/8106_web-screenshots_climate-news_dpr1_page1_1440x900.sdr.png	t4	4	32	12628	302.2229430061998	8654.05999999993	77.579	
8100-lilith-web-screenshots	imazen-26-png-v3/png-v3/8100-lilith-web-screenshots/1440x900/8106_web-screenshots_climate-news_dpr1_page1_1440x900.sdr.png	t4	4	44	7509	217.58802198746707	197.17899999997712	56.386	
8100-lilith-web-screenshots	imazen-26-png-v3/png-v3/8100-lilith-web-screenshots/1440x900/8106_web-screenshots_climate-news_dpr1_page1_1440x900.sdr.png	t4	6	20	19932	122.98836799163837	225.74499999979025	85.449	
8100-lilith-web-screenshots	imazen-26-png-v3/png-v3/8100-lilith-web-screenshots/1440x900/8106_web-screenshots_climate-news_dpr1_page1_1440x900.sdr.png	t4	6	32	14239	163.46834400610533	82.16500000023075	77.602	
8100-lilith-web-screenshots	imazen-26-png-v3/png-v3/8100-lilith-web-screenshots/1440x900/8106_web-screenshots_climate-news_dpr1_page1_1440x900.sdr.png	t4	6	44	8501	84.62233599857427	83.91399999976557	54.871	
8100-lilith-web-screenshots	imazen-26-png-v3/png-v3/8100-lilith-web-screenshots/1440x900/8106_web-screenshots_climate-news_dpr1_page1_1440x900.sdr.png	t4	8	20	27391	34.08756499993615	69.5030000002248	83.721	
8100-lilith-web-screenshots	imazen-26-png-v3/png-v3/8100-lilith-web-screenshots/1440x900/8106_web-screenshots_climate-news_dpr1_page1_1440x900.sdr.png	t4	8	32	18727	76.63929599220864	64.28399999987278	74.899	
8100-lilith-web-screenshots	imazen-26-png-v3/png-v3/8100-lilith-web-screenshots/1440x900/8106_web-screenshots_climate-news_dpr1_page1_1440x900.sdr.png	t4	8	44	9975	122.14053800562397	18.209000000126707	52.676	
8100-lilith-web-screenshots	imazen-26-png-v3/png-v3/8100-lilith-web-screenshots/1440x900/8106_web-screenshots_climate-news_dpr1_page1_1440x900.sdr.png	t4	10	20	30313	153.14178200787865	34.278000000341535	83.235	
8100-lilith-web-screenshots	imazen-26-png-v3/png-v3/8100-lilith-web-screenshots/1440x900/8106_web-screenshots_climate-news_dpr1_page1_1440x900.sdr.png	t4	10	32	20181	158.2107790018199	34.278000000341535	72.474	
8100-lilith-web-screenshots	imazen-26-png-v3/png-v3/8100-lilith-web-screenshots/1440x900/8106_web-screenshots_climate-news_dpr1_page1_1440x900.sdr.png	t4	10	44	10211	87.5471320032375	61.2810000000934	49.871	
8100-lilith-web-screenshots	imazen-26-png-v3/png-v3/8100-lilith-web-screenshots/1440x900/8106_web-screenshots_climate-news_dpr1_page1_1440x900.sdr.png	t4	12	20	30313	52.651670994237065	23.79800000014143	83.235	
8100-lilith-web-screenshots	imazen-26-png-v3/png-v3/8100-lilith-web-screenshots/1440x900/8106_web-screenshots_climate-news_dpr1_page1_1440x900.sdr.png	t4	12	32	20181	86.82924800086766	56.43899999995483	72.474	
8100-lilith-web-screenshots	imazen-26-png-v3/png-v3/8100-lilith-web-screenshots/1440x900/8106_web-screenshots_climate-news_dpr1_page1_1440x900.sdr.png	t4	12	44	10211	107.23848699126393	72.39699999985305	49.871	
8100-lilith-web-screenshots	imazen-26-png-v3/png-v3/8100-lilith-web-screenshots/1440x900/8106_web-screenshots_climate-news_dpr1_page1_1440x900.sdr.png	st	-1	20	14257	8463.116276994697	87005.37499999996	DEC-ERR	
8100-lilith-web-screenshots	imazen-26-png-v3/png-v3/8100-lilith-web-screenshots/1440x900/8106_web-screenshots_climate-news_dpr1_page1_1440x900.sdr.png	st	-1	32	9430	8657.767540993518	96204.53899999984	DEC-ERR	
8100-lilith-web-screenshots	imazen-26-png-v3/png-v3/8100-lilith-web-screenshots/1440x900/8106_web-screenshots_climate-news_dpr1_page1_1440x900.sdr.png	st	-1	44	5316	10224.532462001662	97037.4789999997	DEC-ERR	
8100-lilith-web-screenshots	imazen-26-png-v3/png-v3/8100-lilith-web-screenshots/1440x900/8106_web-screenshots_climate-news_dpr1_page1_1440x900.sdr.png	st	2	20	15611	489.28527400130406	9117.445999999716	84.289	
8100-lilith-web-screenshots	imazen-26-png-v3/png-v3/8100-lilith-web-screenshots/1440x900/8106_web-screenshots_climate-news_dpr1_page1_1440x900.sdr.png	st	2	32	10346	552.8095839981688	9792.908000000154	73.357	
8100-lilith-web-screenshots	imazen-26-png-v3/png-v3/8100-lilith-web-screenshots/1440x900/8106_web-screenshots_climate-news_dpr1_page1_1440x900.sdr.png	st	2	44	5878	808.7925010040635	10516.66599999973	50.117	
8100-lilith-web-screenshots	imazen-26-png-v3/png-v3/8100-lilith-web-screenshots/1440x900/8106_web-screenshots_climate-news_dpr1_page1_1440x900.sdr.png	st	4	20	16210	189.28537299507298	629.9199999997711	83.966	
8100-lilith-web-screenshots	imazen-26-png-v3/png-v3/8100-lilith-web-screenshots/1440x900/8106_web-screenshots_climate-news_dpr1_page1_1440x900.sdr.png	st	4	32	10930	299.69623500073794	955.619999999783	73.097	
8100-lilith-web-screenshots	imazen-26-png-v3/png-v3/8100-lilith-web-screenshots/1440x900/8106_web-screenshots_climate-news_dpr1_page1_1440x900.sdr.png	st	4	44	6289	224.14799001126084	430.5230000001927	48.090	
8100-lilith-web-screenshots	imazen-26-png-v3/png-v3/8100-lilith-web-screenshots/1440x900/8106_web-screenshots_climate-news_dpr1_page1_1440x900.sdr.png	st	6	20	18418	78.75391199195292	225.49700000010375	83.876	
8100-lilith-web-screenshots	imazen-26-png-v3/png-v3/8100-lilith-web-screenshots/1440x900/8106_web-screenshots_climate-news_dpr1_page1_1440x900.sdr.png	st	6	32	12584	112.05127699940931	205.99200000037854	73.354	
8100-lilith-web-screenshots	imazen-26-png-v3/png-v3/8100-lilith-web-screenshots/1440x900/8106_web-screenshots_climate-news_dpr1_page1_1440x900.sdr.png	st	6	44	7099	73.3576839993475	208.79799999966053	49.517	
8100-lilith-web-screenshots	imazen-26-png-v3/png-v3/8100-lilith-web-screenshots/1440x900/8106_web-screenshots_climate-news_dpr1_page1_1440x900.sdr.png	st	8	20	19754	26.86257500317879	26.5899999996293	83.503	
8100-lilith-web-screenshots	imazen-26-png-v3/png-v3/8100-lilith-web-screenshots/1440x900/8106_web-screenshots_climate-news_dpr1_page1_1440x900.sdr.png	st	8	32	13013	49.01032599445898	132.34799999963798	71.895	
8100-lilith-web-screenshots	imazen-26-png-v3/png-v3/8100-lilith-web-screenshots/1440x900/8106_web-screenshots_climate-news_dpr1_page1_1440x900.sdr.png	st	8	44	7414	38.46515899931546	107.8719999995883	46.241	
8100-lilith-web-screenshots	imazen-26-png-v3/png-v3/8100-lilith-web-screenshots/1440x900/8106_web-screenshots_climate-news_dpr1_page1_1440x900.sdr.png	st	10	20	19865	58.78354598826263	120.94700000037051	83.172	
8100-lilith-web-screenshots	imazen-26-png-v3/png-v3/8100-lilith-web-screenshots/1440x900/8106_web-screenshots_climate-news_dpr1_page1_1440x900.sdr.png	st	10	32	13388	104.03796899481677	20.8049999999389	70.457	
8100-lilith-web-screenshots	imazen-26-png-v3/png-v3/8100-lilith-web-screenshots/1440x900/8106_web-screenshots_climate-news_dpr1_page1_1440x900.sdr.png	st	10	44	7412	90.8651220088359	73.99400000031164	47.455	
8100-lilith-web-screenshots	imazen-26-png-v3/png-v3/8100-lilith-web-screenshots/1440x900/8106_web-screenshots_climate-news_dpr1_page1_1440x900.sdr.png	st	12	20	19865	55.20318599883467	41.35900000008519	83.172	
8100-lilith-web-screenshots	imazen-26-png-v3/png-v3/8100-lilith-web-screenshots/1440x900/8106_web-screenshots_climate-news_dpr1_page1_1440x900.sdr.png	st	12	32	13388	88.86621599958744	76.72399999981394	70.457	
8100-lilith-web-screenshots	imazen-26-png-v3/png-v3/8100-lilith-web-screenshots/1440x900/8106_web-screenshots_climate-news_dpr1_page1_1440x900.sdr.png	st	12	44	7412	117.96756299736444	26.76499999958537	47.455	
8100-lilith-web-screenshots	imazen-26-png-v3/png-v3/8100-lilith-web-screenshots/2880x1800/8267_web-screenshots_usgs-topoview_dpr2_page1_2880x1800.sdr.png	t1	-1	20	18983	12080.31439500337	92654.9249999998	82.648	
8100-lilith-web-screenshots	imazen-26-png-v3/png-v3/8100-lilith-web-screenshots/2880x1800/8267_web-screenshots_usgs-topoview_dpr2_page1_2880x1800.sdr.png	t1	-1	32	11773	14447.843800997362	108536.21100000037	67.514	
8100-lilith-web-screenshots	imazen-26-png-v3/png-v3/8100-lilith-web-screenshots/2880x1800/8267_web-screenshots_usgs-topoview_dpr2_page1_2880x1800.sdr.png	t1	-1	44	6790	17206.93803099857	140450.7809999998	39.791	
8100-lilith-web-screenshots	imazen-26-png-v3/png-v3/8100-lilith-web-screenshots/2880x1800/8267_web-screenshots_usgs-topoview_dpr2_page1_2880x1800.sdr.png	t1	2	20	20057	559.0109199983999	11989.718999999866	81.531	
8100-lilith-web-screenshots	imazen-26-png-v3/png-v3/8100-lilith-web-screenshots/2880x1800/8267_web-screenshots_usgs-topoview_dpr2_page1_2880x1800.sdr.png	t1	2	32	12593	704.5528390008258	12654.741999999886	66.252	
8100-lilith-web-screenshots	imazen-26-png-v3/png-v3/8100-lilith-web-screenshots/2880x1800/8267_web-screenshots_usgs-topoview_dpr2_page1_2880x1800.sdr.png	t1	2	44	6889	770.9711549978238	2098.7329999999247	36.257	
8100-lilith-web-screenshots	imazen-26-png-v3/png-v3/8100-lilith-web-screenshots/2880x1800/8267_web-screenshots_usgs-topoview_dpr2_page1_2880x1800.sdr.png	t1	4	20	21213	245.41752399818506	1019.5220000001939	80.977	
8100-lilith-web-screenshots	imazen-26-png-v3/png-v3/8100-lilith-web-screenshots/2880x1800/8267_web-screenshots_usgs-topoview_dpr2_page1_2880x1800.sdr.png	t1	4	32	12731	274.9165260029258	9864.902999999573	63.605	
8100-lilith-web-screenshots	imazen-26-png-v3/png-v3/8100-lilith-web-screenshots/2880x1800/8267_web-screenshots_usgs-topoview_dpr2_page1_2880x1800.sdr.png	t1	4	44	7129	271.5773939999053	357.66000000000986	34.495	
8100-lilith-web-screenshots	imazen-26-png-v3/png-v3/8100-lilith-web-screenshots/2880x1800/8267_web-screenshots_usgs-topoview_dpr2_page1_2880x1800.sdr.png	t1	6	20	24936	121.97657699289266	84.22900000041977	81.085	
8100-lilith-web-screenshots	imazen-26-png-v3/png-v3/8100-lilith-web-screenshots/2880x1800/8267_web-screenshots_usgs-topoview_dpr2_page1_2880x1800.sdr.png	t1	6	32	14744	127.6674440014176	82.66399999968144	62.950	
8100-lilith-web-screenshots	imazen-26-png-v3/png-v3/8100-lilith-web-screenshots/2880x1800/8267_web-screenshots_usgs-topoview_dpr2_page1_2880x1800.sdr.png	t1	6	44	7961	109.76609800127335	73.6180000001525	35.114	
8100-lilith-web-screenshots	imazen-26-png-v3/png-v3/8100-lilith-web-screenshots/2880x1800/8267_web-screenshots_usgs-topoview_dpr2_page1_2880x1800.sdr.png	t1	8	20	27583	132.5572799978545	44.024000000433716	79.734	
8100-lilith-web-screenshots	imazen-26-png-v3/png-v3/8100-lilith-web-screenshots/2880x1800/8267_web-screenshots_usgs-topoview_dpr2_page1_2880x1800.sdr.png	t1	8	32	15976	102.45786799350753	9541.93000000015	63.272	
8100-lilith-web-screenshots	imazen-26-png-v3/png-v3/8100-lilith-web-screenshots/2880x1800/8267_web-screenshots_usgs-topoview_dpr2_page1_2880x1800.sdr.png	t1	8	44	7928	87.57735900871921	73.82599999991157	32.518	
8100-lilith-web-screenshots	imazen-26-png-v3/png-v3/8100-lilith-web-screenshots/2880x1800/8267_web-screenshots_usgs-topoview_dpr2_page1_2880x1800.sdr.png	t1	10	20	29787	82.21058698836714	79.39800000016817	78.349	
8100-lilith-web-screenshots	imazen-26-png-v3/png-v3/8100-lilith-web-screenshots/2880x1800/8267_web-screenshots_usgs-topoview_dpr2_page1_2880x1800.sdr.png	t1	10	32	16802	98.00892999919597	40.68400000033989	63.026	
8100-lilith-web-screenshots	imazen-26-png-v3/png-v3/8100-lilith-web-screenshots/2880x1800/8267_web-screenshots_usgs-topoview_dpr2_page1_2880x1800.sdr.png	t1	10	44	8172	158.62056698824745	138.6769999997739	32.275	
8100-lilith-web-screenshots	imazen-26-png-v3/png-v3/8100-lilith-web-screenshots/2880x1800/8267_web-screenshots_usgs-topoview_dpr2_page1_2880x1800.sdr.png	t1	12	20	29787	76.59409000189044	37.068999999888774	78.349	
8100-lilith-web-screenshots	imazen-26-png-v3/png-v3/8100-lilith-web-screenshots/2880x1800/8267_web-screenshots_usgs-topoview_dpr2_page1_2880x1800.sdr.png	t1	12	32	16802	55.36329100141302	47.45500000029779	63.026	
8100-lilith-web-screenshots	imazen-26-png-v3/png-v3/8100-lilith-web-screenshots/2880x1800/8267_web-screenshots_usgs-topoview_dpr2_page1_2880x1800.sdr.png	t1	12	44	8172	61.86684100248385	33.158000000014454	32.275	
8100-lilith-web-screenshots	imazen-26-png-v3/png-v3/8100-lilith-web-screenshots/2880x1800/8267_web-screenshots_usgs-topoview_dpr2_page1_2880x1800.sdr.png	t2	-1	20	18598	12209.553303997382	89171.44899999988	82.449	
8100-lilith-web-screenshots	imazen-26-png-v3/png-v3/8100-lilith-web-screenshots/2880x1800/8267_web-screenshots_usgs-topoview_dpr2_page1_2880x1800.sdr.png	t2	-1	32	11692	14623.907956003677	121914.97600000029	67.463	
8100-lilith-web-screenshots	imazen-26-png-v3/png-v3/8100-lilith-web-screenshots/2880x1800/8267_web-screenshots_usgs-topoview_dpr2_page1_2880x1800.sdr.png	t2	-1	44	6690	17625.292461001663	156746.09199999965	38.679	
8100-lilith-web-screenshots	imazen-26-png-v3/png-v3/8100-lilith-web-screenshots/2880x1800/8267_web-screenshots_usgs-topoview_dpr2_page1_2880x1800.sdr.png	t2	2	20	19574	564.438939007232	596.5169999997784	80.218	
8100-lilith-web-screenshots	imazen-26-png-v3/png-v3/8100-lilith-web-screenshots/2880x1800/8267_web-screenshots_usgs-topoview_dpr2_page1_2880x1800.sdr.png	t2	2	32	12258	689.1482739883941	12880.105000000241	65.215	
8100-lilith-web-screenshots	imazen-26-png-v3/png-v3/8100-lilith-web-screenshots/2880x1800/8267_web-screenshots_usgs-topoview_dpr2_page1_2880x1800.sdr.png	t2	2	44	6585	827.9127029964002	19125.730000000203	36.789	
8100-lilith-web-screenshots	imazen-26-png-v3/png-v3/8100-lilith-web-screenshots/2880x1800/8267_web-screenshots_usgs-topoview_dpr2_page1_2880x1800.sdr.png	t2	4	20	20600	212.5850820011692	8647.042000000369	79.565	
8100-lilith-web-screenshots	imazen-26-png-v3/png-v3/8100-lilith-web-screenshots/2880x1800/8267_web-screenshots_usgs-topoview_dpr2_page1_2880x1800.sdr.png	t2	4	32	12594	263.05404800223187	482.0040000002166	64.152	
8100-lilith-web-screenshots	imazen-26-png-v3/png-v3/8100-lilith-web-screenshots/2880x1800/8267_web-screenshots_usgs-topoview_dpr2_page1_2880x1800.sdr.png	t2	4	44	6751	233.56722900643945	657.9860000001077	33.727	
8100-lilith-web-screenshots	imazen-26-png-v3/png-v3/8100-lilith-web-screenshots/2880x1800/8267_web-screenshots_usgs-topoview_dpr2_page1_2880x1800.sdr.png	t2	6	20	24396	122.26596601249184	149.67799999951126	80.652	
8100-lilith-web-screenshots	imazen-26-png-v3/png-v3/8100-lilith-web-screenshots/2880x1800/8267_web-screenshots_usgs-topoview_dpr2_page1_2880x1800.sdr.png	t2	6	32	14567	128.4162770025432	206.49700000021198	64.211	
8100-lilith-web-screenshots	imazen-26-png-v3/png-v3/8100-lilith-web-screenshots/2880x1800/8267_web-screenshots_usgs-topoview_dpr2_page1_2880x1800.sdr.png	t2	6	44	7685	148.91700899170246	273.4360000000322	34.431	
8100-lilith-web-screenshots	imazen-26-png-v3/png-v3/8100-lilith-web-screenshots/2880x1800/8267_web-screenshots_usgs-topoview_dpr2_page1_2880x1800.sdr.png	t2	8	20	27056	123.17402099142782	56.7179999998757	79.370	
8100-lilith-web-screenshots	imazen-26-png-v3/png-v3/8100-lilith-web-screenshots/2880x1800/8267_web-screenshots_usgs-topoview_dpr2_page1_2880x1800.sdr.png	t2	8	32	15590	244.1237360035302	46.23399999999833	62.928	
8100-lilith-web-screenshots	imazen-26-png-v3/png-v3/8100-lilith-web-screenshots/2880x1800/8267_web-screenshots_usgs-topoview_dpr2_page1_2880x1800.sdr.png	t2	8	44	7658	191.80092999886256	101.14600000008522	32.321	
8100-lilith-web-screenshots	imazen-26-png-v3/png-v3/8100-lilith-web-screenshots/2880x1800/8267_web-screenshots_usgs-topoview_dpr2_page1_2880x1800.sdr.png	t2	10	20	29277	86.53758400760125	111.84300000036274	78.205	
8100-lilith-web-screenshots	imazen-26-png-v3/png-v3/8100-lilith-web-screenshots/2880x1800/8267_web-screenshots_usgs-topoview_dpr2_page1_2880x1800.sdr.png	t2	10	32	16392	65.81333599751815	41.25500000031934	62.845	
8100-lilith-web-screenshots	imazen-26-png-v3/png-v3/8100-lilith-web-screenshots/2880x1800/8267_web-screenshots_usgs-topoview_dpr2_page1_2880x1800.sdr.png	t2	10	44	7921	87.26406299683731	40.020999999967444	31.400	
8100-lilith-web-screenshots	imazen-26-png-v3/png-v3/8100-lilith-web-screenshots/2880x1800/8267_web-screenshots_usgs-topoview_dpr2_page1_2880x1800.sdr.png	t2	12	20	29277	66.67831000231672	39.33800000012866	78.205	
8100-lilith-web-screenshots	imazen-26-png-v3/png-v3/8100-lilith-web-screenshots/2880x1800/8267_web-screenshots_usgs-topoview_dpr2_page1_2880x1800.sdr.png	t2	12	32	16392	92.17483000247739	10140.83400000004	62.845	
8100-lilith-web-screenshots	imazen-26-png-v3/png-v3/8100-lilith-web-screenshots/2880x1800/8267_web-screenshots_usgs-topoview_dpr2_page1_2880x1800.sdr.png	t2	12	44	7921	70.14146499568596	40.33300000040185	31.400	
8100-lilith-web-screenshots	imazen-26-png-v3/png-v3/8100-lilith-web-screenshots/2880x1800/8267_web-screenshots_usgs-topoview_dpr2_page1_2880x1800.sdr.png	t3	-1	20	21374	13177.739780992852	94351.0520000001	DEC-ERR	
8100-lilith-web-screenshots	imazen-26-png-v3/png-v3/8100-lilith-web-screenshots/2880x1800/8267_web-screenshots_usgs-topoview_dpr2_page1_2880x1800.sdr.png	t3	-1	32	14276	17055.58724999719	132040.3469999998	DEC-ERR	
8100-lilith-web-screenshots	imazen-26-png-v3/png-v3/8100-lilith-web-screenshots/2880x1800/8267_web-screenshots_usgs-topoview_dpr2_page1_2880x1800.sdr.png	t3	-1	44	8197	19727.85936499713	173535.04199999975	DEC-ERR	
8100-lilith-web-screenshots	imazen-26-png-v3/png-v3/8100-lilith-web-screenshots/2880x1800/8267_web-screenshots_usgs-topoview_dpr2_page1_2880x1800.sdr.png	t3	2	20	22938	628.5437199985608	692.9409999997631	85.169	
8100-lilith-web-screenshots	imazen-26-png-v3/png-v3/8100-lilith-web-screenshots/2880x1800/8267_web-screenshots_usgs-topoview_dpr2_page1_2880x1800.sdr.png	t3	2	32	15214	766.8349100131309	1410.5490000000884	75.068	
8100-lilith-web-screenshots	imazen-26-png-v3/png-v3/8100-lilith-web-screenshots/2880x1800/8267_web-screenshots_usgs-topoview_dpr2_page1_2880x1800.sdr.png	t3	2	44	8375	893.886563993874	2261.839000000066	52.742	
8100-lilith-web-screenshots	imazen-26-png-v3/png-v3/8100-lilith-web-screenshots/2880x1800/8267_web-screenshots_usgs-topoview_dpr2_page1_2880x1800.sdr.png	t3	4	20	24228	254.93412700598128	308.7569999999005	84.738	
8100-lilith-web-screenshots	imazen-26-png-v3/png-v3/8100-lilith-web-screenshots/2880x1800/8267_web-screenshots_usgs-topoview_dpr2_page1_2880x1800.sdr.png	t3	4	32	15876	291.8716449930798	780.9359999995422	74.517	
8100-lilith-web-screenshots	imazen-26-png-v3/png-v3/8100-lilith-web-screenshots/2880x1800/8267_web-screenshots_usgs-topoview_dpr2_page1_2880x1800.sdr.png	t3	4	44	8833	225.7412960025249	473.4790000004523	51.321	
8100-lilith-web-screenshots	imazen-26-png-v3/png-v3/8100-lilith-web-screenshots/2880x1800/8267_web-screenshots_usgs-topoview_dpr2_page1_2880x1800.sdr.png	t3	6	20	27518	321.3448070018785	102.2900000000675	85.084	
8100-lilith-web-screenshots	imazen-26-png-v3/png-v3/8100-lilith-web-screenshots/2880x1800/8267_web-screenshots_usgs-topoview_dpr2_page1_2880x1800.sdr.png	t3	6	32	18198	110.47418200178072	115.66400000012322	74.868	
8100-lilith-web-screenshots	imazen-26-png-v3/png-v3/8100-lilith-web-screenshots/2880x1800/8267_web-screenshots_usgs-topoview_dpr2_page1_2880x1800.sdr.png	t3	6	44	9984	96.07492601207923	164.12399999987315	52.780	
8100-lilith-web-screenshots	imazen-26-png-v3/png-v3/8100-lilith-web-screenshots/2880x1800/8267_web-screenshots_usgs-topoview_dpr2_page1_2880x1800.sdr.png	t3	8	20	29017	95.56125098606572	60.6650000001423	84.982	
8100-lilith-web-screenshots	imazen-26-png-v3/png-v3/8100-lilith-web-screenshots/2880x1800/8267_web-screenshots_usgs-topoview_dpr2_page1_2880x1800.sdr.png	t3	8	32	19387	96.6032590076793	82.21300000036535	74.615	
8100-lilith-web-screenshots	imazen-26-png-v3/png-v3/8100-lilith-web-screenshots/2880x1800/8267_web-screenshots_usgs-topoview_dpr2_page1_2880x1800.sdr.png	t3	8	44	10483	67.53538698831107	103.82899999953565	51.907	
8100-lilith-web-screenshots	imazen-26-png-v3/png-v3/8100-lilith-web-screenshots/2880x1800/8267_web-screenshots_usgs-topoview_dpr2_page1_2880x1800.sdr.png	t3	10	20	30374	71.46939801168628	51.93799999975113	84.383	
8100-lilith-web-screenshots	imazen-26-png-v3/png-v3/8100-lilith-web-screenshots/2880x1800/8267_web-screenshots_usgs-topoview_dpr2_page1_2880x1800.sdr.png	t3	10	32	20004	74.56339399504941	44.87499999984834	73.981	
8100-lilith-web-screenshots	imazen-26-png-v3/png-v3/8100-lilith-web-screenshots/2880x1800/8267_web-screenshots_usgs-topoview_dpr2_page1_2880x1800.sdr.png	t3	10	44	10856	98.27113700157497	73.4910000000184	50.434	
8100-lilith-web-screenshots	imazen-26-png-v3/png-v3/8100-lilith-web-screenshots/2880x1800/8267_web-screenshots_usgs-topoview_dpr2_page1_2880x1800.sdr.png	t3	12	20	30374	97.04844500811305	93.65999999926089	84.383	
8100-lilith-web-screenshots	imazen-26-png-v3/png-v3/8100-lilith-web-screenshots/2880x1800/8267_web-screenshots_usgs-topoview_dpr2_page1_2880x1800.sdr.png	t3	12	32	20004	74.21779799915385	43.89599999953475	73.981	
8100-lilith-web-screenshots	imazen-26-png-v3/png-v3/8100-lilith-web-screenshots/2880x1800/8267_web-screenshots_usgs-topoview_dpr2_page1_2880x1800.sdr.png	t3	12	44	10856	96.79679699183907	42.17300000027535	50.434	
8100-lilith-web-screenshots	imazen-26-png-v3/png-v3/8100-lilith-web-screenshots/2880x1800/8267_web-screenshots_usgs-topoview_dpr2_page1_2880x1800.sdr.png	t4	-1	20	21957	13922.797944993363	142441.99000000028	DEC-ERR	
8100-lilith-web-screenshots	imazen-26-png-v3/png-v3/8100-lilith-web-screenshots/2880x1800/8267_web-screenshots_usgs-topoview_dpr2_page1_2880x1800.sdr.png	t4	-1	32	14780	16728.98566001095	185868.4339999996	DEC-ERR	
8100-lilith-web-screenshots	imazen-26-png-v3/png-v3/8100-lilith-web-screenshots/2880x1800/8267_web-screenshots_usgs-topoview_dpr2_page1_2880x1800.sdr.png	t4	-1	44	8422	20005.341632990167	215636.85499999995	DEC-ERR	
8100-lilith-web-screenshots	imazen-26-png-v3/png-v3/8100-lilith-web-screenshots/2880x1800/8267_web-screenshots_usgs-topoview_dpr2_page1_2880x1800.sdr.png	t4	2	20	23132	617.6867720059818	617.4339999999177	85.048	
8100-lilith-web-screenshots	imazen-26-png-v3/png-v3/8100-lilith-web-screenshots/2880x1800/8267_web-screenshots_usgs-topoview_dpr2_page1_2880x1800.sdr.png	t4	2	32	15408	764.9034009955358	764.6829999994793	75.407	
8100-lilith-web-screenshots	imazen-26-png-v3/png-v3/8100-lilith-web-screenshots/2880x1800/8267_web-screenshots_usgs-topoview_dpr2_page1_2880x1800.sdr.png	t4	2	44	8396	909.9265160039067	15353.6229999998	52.321	
8100-lilith-web-screenshots	imazen-26-png-v3/png-v3/8100-lilith-web-screenshots/2880x1800/8267_web-screenshots_usgs-topoview_dpr2_page1_2880x1800.sdr.png	t4	4	20	24327	240.26049999520183	273.0219999999406	84.687	
8100-lilith-web-screenshots	imazen-26-png-v3/png-v3/8100-lilith-web-screenshots/2880x1800/8267_web-screenshots_usgs-topoview_dpr2_page1_2880x1800.sdr.png	t4	4	32	16093	291.25979299715254	520.6230000004268	74.485	
8100-lilith-web-screenshots	imazen-26-png-v3/png-v3/8100-lilith-web-screenshots/2880x1800/8267_web-screenshots_usgs-topoview_dpr2_page1_2880x1800.sdr.png	t4	4	44	8746	267.4532620003447	397.07900000010454	50.580	
8100-lilith-web-screenshots	imazen-26-png-v3/png-v3/8100-lilith-web-screenshots/2880x1800/8267_web-screenshots_usgs-topoview_dpr2_page1_2880x1800.sdr.png	t4	6	20	27591	121.4852129924111	121.27099999980828	85.140	
8100-lilith-web-screenshots	imazen-26-png-v3/png-v3/8100-lilith-web-screenshots/2880x1800/8267_web-screenshots_usgs-topoview_dpr2_page1_2880x1800.sdr.png	t4	6	32	18309	110.47100600262638	84.97499999995739	74.629	
8100-lilith-web-screenshots	imazen-26-png-v3/png-v3/8100-lilith-web-screenshots/2880x1800/8267_web-screenshots_usgs-topoview_dpr2_page1_2880x1800.sdr.png	t4	6	44	9886	100.75593600049615	70.79000000004498	52.226	
8100-lilith-web-screenshots	imazen-26-png-v3/png-v3/8100-lilith-web-screenshots/2880x1800/8267_web-screenshots_usgs-topoview_dpr2_page1_2880x1800.sdr.png	t4	8	20	31580	74.41339899378363	114.5749999998884	84.021	
8100-lilith-web-screenshots	imazen-26-png-v3/png-v3/8100-lilith-web-screenshots/2880x1800/8267_web-screenshots_usgs-topoview_dpr2_page1_2880x1800.sdr.png	t4	8	32	20169	142.43873600207735	40.87099999983934	73.259	
8100-lilith-web-screenshots	imazen-26-png-v3/png-v3/8100-lilith-web-screenshots/2880x1800/8267_web-screenshots_usgs-topoview_dpr2_page1_2880x1800.sdr.png	t4	8	44	10341	87.9769380117068	70.30599999950482	50.102	
8100-lilith-web-screenshots	imazen-26-png-v3/png-v3/8100-lilith-web-screenshots/2880x1800/8267_web-screenshots_usgs-topoview_dpr2_page1_2880x1800.sdr.png	t4	10	20	34040	62.515302997780964	44.308000000029324	82.918	
8100-lilith-web-screenshots	imazen-26-png-v3/png-v3/8100-lilith-web-screenshots/2880x1800/8267_web-screenshots_usgs-topoview_dpr2_page1_2880x1800.sdr.png	t4	10	32	21408	60.562504004337825	36.61699999980783	72.495	
8100-lilith-web-screenshots	imazen-26-png-v3/png-v3/8100-lilith-web-screenshots/2880x1800/8267_web-screenshots_usgs-topoview_dpr2_page1_2880x1800.sdr.png	t4	10	44	10753	70.31460500729736	33.946999999756144	48.911	
8100-lilith-web-screenshots	imazen-26-png-v3/png-v3/8100-lilith-web-screenshots/2880x1800/8267_web-screenshots_usgs-topoview_dpr2_page1_2880x1800.sdr.png	t4	12	20	34040	66.67792799999006	43.462000000090484	82.918	
8100-lilith-web-screenshots	imazen-26-png-v3/png-v3/8100-lilith-web-screenshots/2880x1800/8267_web-screenshots_usgs-topoview_dpr2_page1_2880x1800.sdr.png	t4	12	32	21408	61.76020899147261	69.43299999994679	72.495	
8100-lilith-web-screenshots	imazen-26-png-v3/png-v3/8100-lilith-web-screenshots/2880x1800/8267_web-screenshots_usgs-topoview_dpr2_page1_2880x1800.sdr.png	t4	12	44	10753	56.97299799066968	78.02800000038701	48.911	
8100-lilith-web-screenshots	imazen-26-png-v3/png-v3/8100-lilith-web-screenshots/2880x1800/8267_web-screenshots_usgs-topoview_dpr2_page1_2880x1800.sdr.png	st	-1	20	19650	14596.901338998578	170298.41900000052	DEC-ERR	
8100-lilith-web-screenshots	imazen-26-png-v3/png-v3/8100-lilith-web-screenshots/2880x1800/8267_web-screenshots_usgs-topoview_dpr2_page1_2880x1800.sdr.png	st	-1	32	12336	17369.74171300244	195867.0739999998	DEC-ERR	
8100-lilith-web-screenshots	imazen-26-png-v3/png-v3/8100-lilith-web-screenshots/2880x1800/8267_web-screenshots_usgs-topoview_dpr2_page1_2880x1800.sdr.png	st	-1	44	7045	19383.10974999331	220735.82999999946	DEC-ERR	
8100-lilith-web-screenshots	imazen-26-png-v3/png-v3/8100-lilith-web-screenshots/2880x1800/8267_web-screenshots_usgs-topoview_dpr2_page1_2880x1800.sdr.png	st	2	20	20988	617.6467559998855	15244.755999999568	83.899	
8100-lilith-web-screenshots	imazen-26-png-v3/png-v3/8100-lilith-web-screenshots/2880x1800/8267_web-screenshots_usgs-topoview_dpr2_page1_2880x1800.sdr.png	st	2	32	13137	743.5057960101403	1400.6650000001457	70.559	
8100-lilith-web-screenshots	imazen-26-png-v3/png-v3/8100-lilith-web-screenshots/2880x1800/8267_web-screenshots_usgs-topoview_dpr2_page1_2880x1800.sdr.png	st	2	44	7251	1142.9595299996436	15396.587999999838	45.461	
8100-lilith-web-screenshots	imazen-26-png-v3/png-v3/8100-lilith-web-screenshots/2880x1800/8267_web-screenshots_usgs-topoview_dpr2_page1_2880x1800.sdr.png	st	4	20	22345	287.8388259996427	287.49100000027283	83.201	
8100-lilith-web-screenshots	imazen-26-png-v3/png-v3/8100-lilith-web-screenshots/2880x1800/8267_web-screenshots_usgs-topoview_dpr2_page1_2880x1800.sdr.png	st	4	32	13679	340.2064979891293	14621.311999999733	68.998	
8100-lilith-web-screenshots	imazen-26-png-v3/png-v3/8100-lilith-web-screenshots/2880x1800/8267_web-screenshots_usgs-topoview_dpr2_page1_2880x1800.sdr.png	st	4	44	7518	370.7778660027543	1805.7000000003995	43.113	
8100-lilith-web-screenshots	imazen-26-png-v3/png-v3/8100-lilith-web-screenshots/2880x1800/8267_web-screenshots_usgs-topoview_dpr2_page1_2880x1800.sdr.png	st	6	20	25577	140.68707000114955	108.35799999938445	84.310	
8100-lilith-web-screenshots	imazen-26-png-v3/png-v3/8100-lilith-web-screenshots/2880x1800/8267_web-screenshots_usgs-topoview_dpr2_page1_2880x1800.sdr.png	st	6	32	15441	151.44300600513816	161.88000000005331	70.076	
8100-lilith-web-screenshots	imazen-26-png-v3/png-v3/8100-lilith-web-screenshots/2880x1800/8267_web-screenshots_usgs-topoview_dpr2_page1_2880x1800.sdr.png	st	6	44	8391	122.66537400137167	217.6389999995081	45.242	
8100-lilith-web-screenshots	imazen-26-png-v3/png-v3/8100-lilith-web-screenshots/2880x1800/8267_web-screenshots_usgs-topoview_dpr2_page1_2880x1800.sdr.png	st	8	20	26605	382.28367699775845	74.81600000014055	82.789	
8100-lilith-web-screenshots	imazen-26-png-v3/png-v3/8100-lilith-web-screenshots/2880x1800/8267_web-screenshots_usgs-topoview_dpr2_page1_2880x1800.sdr.png	st	8	32	16682	116.01792099827435	109.55199999975207	69.877	
8100-lilith-web-screenshots	imazen-26-png-v3/png-v3/8100-lilith-web-screenshots/2880x1800/8267_web-screenshots_usgs-topoview_dpr2_page1_2880x1800.sdr.png	st	8	44	8528	126.46399800723884	173.85400000043205	42.679	
8100-lilith-web-screenshots	imazen-26-png-v3/png-v3/8100-lilith-web-screenshots/2880x1800/8267_web-screenshots_usgs-topoview_dpr2_page1_2880x1800.sdr.png	st	10	20	27541	67.24480399861932	189.45399999995516	82.227	
8100-lilith-web-screenshots	imazen-26-png-v3/png-v3/8100-lilith-web-screenshots/2880x1800/8267_web-screenshots_usgs-topoview_dpr2_page1_2880x1800.sdr.png	st	10	32	17058	178.34084799687844	49.556999999595064	69.120	
8100-lilith-web-screenshots	imazen-26-png-v3/png-v3/8100-lilith-web-screenshots/2880x1800/8267_web-screenshots_usgs-topoview_dpr2_page1_2880x1800.sdr.png	st	10	44	8776	94.11891199124511	129.37199999979043	41.114	
8100-lilith-web-screenshots	imazen-26-png-v3/png-v3/8100-lilith-web-screenshots/2880x1800/8267_web-screenshots_usgs-topoview_dpr2_page1_2880x1800.sdr.png	st	12	20	27541	106.3643170055002	153.61999999984732	82.227	
8100-lilith-web-screenshots	imazen-26-png-v3/png-v3/8100-lilith-web-screenshots/2880x1800/8267_web-screenshots_usgs-topoview_dpr2_page1_2880x1800.sdr.png	st	12	32	17058	95.5477859970415	135.14900000024	69.120	
8100-lilith-web-screenshots	imazen-26-png-v3/png-v3/8100-lilith-web-screenshots/2880x1800/8267_web-screenshots_usgs-topoview_dpr2_page1_2880x1800.sdr.png	st	12	44	8776	350.68239299289417	46.25999999990427	41.114	
9000-lilith-ai-clipart	imazen-26-png-v3/png-v3/9000-lilith-ai-clipart/9036_gen_clipart_laptop-coffee_1024x1024.sdr.png	t1	-1	20	11624	1802.9703799984418	33643.47700000019	87.271	
9000-lilith-ai-clipart	imazen-26-png-v3/png-v3/9000-lilith-ai-clipart/9036_gen_clipart_laptop-coffee_1024x1024.sdr.png	t1	-1	32	7774	2254.16814199707	35877.4889999996	81.777	
9000-lilith-ai-clipart	imazen-26-png-v3/png-v3/9000-lilith-ai-clipart/9036_gen_clipart_laptop-coffee_1024x1024.sdr.png	t1	-1	44	4495	2404.449752997607	38285.8189999996	68.852	
9000-lilith-ai-clipart	imazen-26-png-v3/png-v3/9000-lilith-ai-clipart/9036_gen_clipart_laptop-coffee_1024x1024.sdr.png	t1	2	20	11865	181.0077319969423	16915.492999999828	86.424	
9000-lilith-ai-clipart	imazen-26-png-v3/png-v3/9000-lilith-ai-clipart/9036_gen_clipart_laptop-coffee_1024x1024.sdr.png	t1	2	32	7881	243.31780699139927	429.5950000003188	80.288	
9000-lilith-ai-clipart	imazen-26-png-v3/png-v3/9000-lilith-ai-clipart/9036_gen_clipart_laptop-coffee_1024x1024.sdr.png	t1	2	44	4488	350.57835500629153	427.2130000003642	68.217	
9000-lilith-ai-clipart	imazen-26-png-v3/png-v3/9000-lilith-ai-clipart/9036_gen_clipart_laptop-coffee_1024x1024.sdr.png	t1	4	20	12747	84.48358300665859	84.3120000001818	86.119	
9000-lilith-ai-clipart	imazen-26-png-v3/png-v3/9000-lilith-ai-clipart/9036_gen_clipart_laptop-coffee_1024x1024.sdr.png	t1	4	32	8407	172.41712799295783	14166.79600000009	78.449	
9000-lilith-ai-clipart	imazen-26-png-v3/png-v3/9000-lilith-ai-clipart/9036_gen_clipart_laptop-coffee_1024x1024.sdr.png	t1	4	44	4902	117.71702699479647	263.1070000000193	64.531	
9000-lilith-ai-clipart	imazen-26-png-v3/png-v3/9000-lilith-ai-clipart/9036_gen_clipart_laptop-coffee_1024x1024.sdr.png	t1	6	20	16548	31.914638995658606	31.74400000025912	85.925	
9000-lilith-ai-clipart	imazen-26-png-v3/png-v3/9000-lilith-ai-clipart/9036_gen_clipart_laptop-coffee_1024x1024.sdr.png	t1	6	32	11612	63.81272700673435	84.2409999997642	77.825	
9000-lilith-ai-clipart	imazen-26-png-v3/png-v3/9000-lilith-ai-clipart/9036_gen_clipart_laptop-coffee_1024x1024.sdr.png	t1	6	44	7055	64.01899900811259	84.2409999997642	61.966	
9000-lilith-ai-clipart	imazen-26-png-v3/png-v3/9000-lilith-ai-clipart/9036_gen_clipart_laptop-coffee_1024x1024.sdr.png	t1	8	20	17515	58.49187199783046	20.46799999990867	85.836	
9000-lilith-ai-clipart	imazen-26-png-v3/png-v3/9000-lilith-ai-clipart/9036_gen_clipart_laptop-coffee_1024x1024.sdr.png	t1	8	32	12246	36.43682699475903	2419.9450000002116	77.690	
9000-lilith-ai-clipart	imazen-26-png-v3/png-v3/9000-lilith-ai-clipart/9036_gen_clipart_laptop-coffee_1024x1024.sdr.png	t1	8	44	7376	56.080674010445364	2441.5379999998377	59.395	
9000-lilith-ai-clipart	imazen-26-png-v3/png-v3/9000-lilith-ai-clipart/9036_gen_clipart_laptop-coffee_1024x1024.sdr.png	t1	10	20	19729	87.94433499861043	60.62199999962559	84.754	
9000-lilith-ai-clipart	imazen-26-png-v3/png-v3/9000-lilith-ai-clipart/9036_gen_clipart_laptop-coffee_1024x1024.sdr.png	t1	10	32	13381	405.6309559964575	63.35999999970454	77.042	
9000-lilith-ai-clipart	imazen-26-png-v3/png-v3/9000-lilith-ai-clipart/9036_gen_clipart_laptop-coffee_1024x1024.sdr.png	t1	10	44	7738	74.04099100676831	33.58700000035242	58.460	
9000-lilith-ai-clipart	imazen-26-png-v3/png-v3/9000-lilith-ai-clipart/9036_gen_clipart_laptop-coffee_1024x1024.sdr.png	t1	12	20	19729	87.52077199460473	108.1020000000592	84.754	
9000-lilith-ai-clipart	imazen-26-png-v3/png-v3/9000-lilith-ai-clipart/9036_gen_clipart_laptop-coffee_1024x1024.sdr.png	t1	12	32	13381	179.43902300612535	19681.217999999262	77.042	
9000-lilith-ai-clipart	imazen-26-png-v3/png-v3/9000-lilith-ai-clipart/9036_gen_clipart_laptop-coffee_1024x1024.sdr.png	t1	12	44	7738	194.32581501314417	40.47799999966628	58.460	
9000-lilith-ai-clipart	imazen-26-png-v3/png-v3/9000-lilith-ai-clipart/9036_gen_clipart_laptop-coffee_1024x1024.sdr.png	t2	-1	20	11122	2134.2438729916466	20460.57500000046	86.397	
9000-lilith-ai-clipart	imazen-26-png-v3/png-v3/9000-lilith-ai-clipart/9036_gen_clipart_laptop-coffee_1024x1024.sdr.png	t2	-1	32	7260	2829.0958199941088	23379.6889999999	78.956	
9000-lilith-ai-clipart	imazen-26-png-v3/png-v3/9000-lilith-ai-clipart/9036_gen_clipart_laptop-coffee_1024x1024.sdr.png	t2	-1	44	4047	3277.5392110052053	9747.062999999087	67.618	
9000-lilith-ai-clipart	imazen-26-png-v3/png-v3/9000-lilith-ai-clipart/9036_gen_clipart_laptop-coffee_1024x1024.sdr.png	t2	2	20	10739	304.3714139930671	615.9260000004281	83.288	
9000-lilith-ai-clipart	imazen-26-png-v3/png-v3/9000-lilith-ai-clipart/9036_gen_clipart_laptop-coffee_1024x1024.sdr.png	t2	2	32	6897	324.80346599186305	910.8420000002582	76.176	
9000-lilith-ai-clipart	imazen-26-png-v3/png-v3/9000-lilith-ai-clipart/9036_gen_clipart_laptop-coffee_1024x1024.sdr.png	t2	2	44	3778	710.8604279928841	1281.820000000181	63.436	
9000-lilith-ai-clipart	imazen-26-png-v3/png-v3/9000-lilith-ai-clipart/9036_gen_clipart_laptop-coffee_1024x1024.sdr.png	t2	4	20	11761	105.99104799621273	149.1029999995419	82.696	
9000-lilith-ai-clipart	imazen-26-png-v3/png-v3/9000-lilith-ai-clipart/9036_gen_clipart_laptop-coffee_1024x1024.sdr.png	t2	4	32	7462	144.00252599443775	238.33899999962682	74.971	
9000-lilith-ai-clipart	imazen-26-png-v3/png-v3/9000-lilith-ai-clipart/9036_gen_clipart_laptop-coffee_1024x1024.sdr.png	t2	4	44	4049	220.76885298884008	266.74799999904053	60.187	
9000-lilith-ai-clipart	imazen-26-png-v3/png-v3/9000-lilith-ai-clipart/9036_gen_clipart_laptop-coffee_1024x1024.sdr.png	t2	6	20	15801	148.6422370071523	223.81399999954965	82.640	
9000-lilith-ai-clipart	imazen-26-png-v3/png-v3/9000-lilith-ai-clipart/9036_gen_clipart_laptop-coffee_1024x1024.sdr.png	t2	6	32	10883	146.34360099444166	244.12499999948523	75.974	
9000-lilith-ai-clipart	imazen-26-png-v3/png-v3/9000-lilith-ai-clipart/9036_gen_clipart_laptop-coffee_1024x1024.sdr.png	t2	6	44	6296	143.24217099056114	76.01199999973574	58.648	
9000-lilith-ai-clipart	imazen-26-png-v3/png-v3/9000-lilith-ai-clipart/9036_gen_clipart_laptop-coffee_1024x1024.sdr.png	t2	8	20	16865	168.3049889979884	57.210000000026184	85.104	
9000-lilith-ai-clipart	imazen-26-png-v3/png-v3/9000-lilith-ai-clipart/9036_gen_clipart_laptop-coffee_1024x1024.sdr.png	t2	8	32	11543	82.15484999527689	25.932999999440653	76.373	
9000-lilith-ai-clipart	imazen-26-png-v3/png-v3/9000-lilith-ai-clipart/9036_gen_clipart_laptop-coffee_1024x1024.sdr.png	t2	8	44	6579	199.46113700279966	69.72799999942936	58.720	
9000-lilith-ai-clipart	imazen-26-png-v3/png-v3/9000-lilith-ai-clipart/9036_gen_clipart_laptop-coffee_1024x1024.sdr.png	t2	10	20	18872	143.60705499711912	2670.4650000008883	84.070	
9000-lilith-ai-clipart	imazen-26-png-v3/png-v3/9000-lilith-ai-clipart/9036_gen_clipart_laptop-coffee_1024x1024.sdr.png	t2	10	32	12568	146.96262800134718	49.78699999981018	76.032	
9000-lilith-ai-clipart	imazen-26-png-v3/png-v3/9000-lilith-ai-clipart/9036_gen_clipart_laptop-coffee_1024x1024.sdr.png	t2	10	44	6852	41.67548600526061	91.70499999993353	57.729	
9000-lilith-ai-clipart	imazen-26-png-v3/png-v3/9000-lilith-ai-clipart/9036_gen_clipart_laptop-coffee_1024x1024.sdr.png	t2	12	20	18872	67.37511299434118	55.11400000003164	84.070	
9000-lilith-ai-clipart	imazen-26-png-v3/png-v3/9000-lilith-ai-clipart/9036_gen_clipart_laptop-coffee_1024x1024.sdr.png	t2	12	32	12568	274.77484599512536	94.93200000022739	76.032	
9000-lilith-ai-clipart	imazen-26-png-v3/png-v3/9000-lilith-ai-clipart/9036_gen_clipart_laptop-coffee_1024x1024.sdr.png	t2	12	44	6852	274.3681939900853	84.58699999985697	57.729	
9000-lilith-ai-clipart	imazen-26-png-v3/png-v3/9000-lilith-ai-clipart/9036_gen_clipart_laptop-coffee_1024x1024.sdr.png	t3	-1	20	14530	1757.5775539880851	17628.913999999837	DEC-ERR	
9000-lilith-ai-clipart	imazen-26-png-v3/png-v3/9000-lilith-ai-clipart/9036_gen_clipart_laptop-coffee_1024x1024.sdr.png	t3	-1	32	10427	2239.427157997852	19961.259000001093	DEC-ERR	
9000-lilith-ai-clipart	imazen-26-png-v3/png-v3/9000-lilith-ai-clipart/9036_gen_clipart_laptop-coffee_1024x1024.sdr.png	t3	-1	44	6800	2695.3656129917363	22642.082999999984	DEC-ERR	
9000-lilith-ai-clipart	imazen-26-png-v3/png-v3/9000-lilith-ai-clipart/9036_gen_clipart_laptop-coffee_1024x1024.sdr.png	t3	2	20	12412	250.01748000795487	14706.542000000041	88.400	
9000-lilith-ai-clipart	imazen-26-png-v3/png-v3/9000-lilith-ai-clipart/9036_gen_clipart_laptop-coffee_1024x1024.sdr.png	t3	2	32	8252	270.8123319898732	14957.71100000016	82.537	
9000-lilith-ai-clipart	imazen-26-png-v3/png-v3/9000-lilith-ai-clipart/9036_gen_clipart_laptop-coffee_1024x1024.sdr.png	t3	2	44	4596	385.6508000026224	15669.582000000162	69.028	
9000-lilith-ai-clipart	imazen-26-png-v3/png-v3/9000-lilith-ai-clipart/9036_gen_clipart_laptop-coffee_1024x1024.sdr.png	t3	4	20	13395	106.32564399566036	410.04400000019814	88.085	
9000-lilith-ai-clipart	imazen-26-png-v3/png-v3/9000-lilith-ai-clipart/9036_gen_clipart_laptop-coffee_1024x1024.sdr.png	t3	4	32	8771	235.77229600050487	678.7929999998994	81.765	
9000-lilith-ai-clipart	imazen-26-png-v3/png-v3/9000-lilith-ai-clipart/9036_gen_clipart_laptop-coffee_1024x1024.sdr.png	t3	4	44	4986	204.85536100750323	678.7929999998994	67.669	
9000-lilith-ai-clipart	imazen-26-png-v3/png-v3/9000-lilith-ai-clipart/9036_gen_clipart_laptop-coffee_1024x1024.sdr.png	t3	6	20	17211	159.69453699653968	609.9099999998714	88.209	
9000-lilith-ai-clipart	imazen-26-png-v3/png-v3/9000-lilith-ai-clipart/9036_gen_clipart_laptop-coffee_1024x1024.sdr.png	t3	6	32	11870	473.92220799520146	1669.2930000003514	81.255	
9000-lilith-ai-clipart	imazen-26-png-v3/png-v3/9000-lilith-ai-clipart/9036_gen_clipart_laptop-coffee_1024x1024.sdr.png	t3	6	44	7073	273.0975309968926	131.2159999998812	66.315	
9000-lilith-ai-clipart	imazen-26-png-v3/png-v3/9000-lilith-ai-clipart/9036_gen_clipart_laptop-coffee_1024x1024.sdr.png	t3	8	20	18269	185.0488179916283	84.1950000004772	86.072	
9000-lilith-ai-clipart	imazen-26-png-v3/png-v3/9000-lilith-ai-clipart/9036_gen_clipart_laptop-coffee_1024x1024.sdr.png	t3	8	32	12548	139.03844899323303	68.51199999897517	78.402	
9000-lilith-ai-clipart	imazen-26-png-v3/png-v3/9000-lilith-ai-clipart/9036_gen_clipart_laptop-coffee_1024x1024.sdr.png	t3	8	44	7334	148.54541300155688	86.165000000193	63.268	
9000-lilith-ai-clipart	imazen-26-png-v3/png-v3/9000-lilith-ai-clipart/9036_gen_clipart_laptop-coffee_1024x1024.sdr.png	t3	10	20	19986	132.8710860107094	2168.9050000001944	85.220	
9000-lilith-ai-clipart	imazen-26-png-v3/png-v3/9000-lilith-ai-clipart/9036_gen_clipart_laptop-coffee_1024x1024.sdr.png	t3	10	32	13353	302.1819050045451	50.26599999945347	77.119	
9000-lilith-ai-clipart	imazen-26-png-v3/png-v3/9000-lilith-ai-clipart/9036_gen_clipart_laptop-coffee_1024x1024.sdr.png	t3	10	44	7654	140.5012169998372	39.507000000526205	61.512	
9000-lilith-ai-clipart	imazen-26-png-v3/png-v3/9000-lilith-ai-clipart/9036_gen_clipart_laptop-coffee_1024x1024.sdr.png	t3	12	20	19986	116.17678099719342	42.1939999996539	85.220	
9000-lilith-ai-clipart	imazen-26-png-v3/png-v3/9000-lilith-ai-clipart/9036_gen_clipart_laptop-coffee_1024x1024.sdr.png	t3	12	32	13353	63.12466099916492	38.74200000089445	77.119	
9000-lilith-ai-clipart	imazen-26-png-v3/png-v3/9000-lilith-ai-clipart/9036_gen_clipart_laptop-coffee_1024x1024.sdr.png	t3	12	44	7654	199.12756400299259	87.82699999963484	61.512	
9000-lilith-ai-clipart	imazen-26-png-v3/png-v3/9000-lilith-ai-clipart/9036_gen_clipart_laptop-coffee_1024x1024.sdr.png	t4	-1	20	14486	1693.7634450005135	20488.76699999923	DEC-ERR	
9000-lilith-ai-clipart	imazen-26-png-v3/png-v3/9000-lilith-ai-clipart/9036_gen_clipart_laptop-coffee_1024x1024.sdr.png	t4	-1	32	10609	2562.000428006286	22865.680999999655	DEC-ERR	
9000-lilith-ai-clipart	imazen-26-png-v3/png-v3/9000-lilith-ai-clipart/9036_gen_clipart_laptop-coffee_1024x1024.sdr.png	t4	-1	44	6824	2826.147330997628	45000.75199999935	DEC-ERR	
9000-lilith-ai-clipart	imazen-26-png-v3/png-v3/9000-lilith-ai-clipart/9036_gen_clipart_laptop-coffee_1024x1024.sdr.png	t4	2	20	12433	562.2116890008328	17525.18199999912	88.375	
9000-lilith-ai-clipart	imazen-26-png-v3/png-v3/9000-lilith-ai-clipart/9036_gen_clipart_laptop-coffee_1024x1024.sdr.png	t4	2	32	8286	277.2197390004294	17772.797000000253	82.410	
9000-lilith-ai-clipart	imazen-26-png-v3/png-v3/9000-lilith-ai-clipart/9036_gen_clipart_laptop-coffee_1024x1024.sdr.png	t4	2	44	4656	334.13394600211177	18120.023000000117	69.256	
9000-lilith-ai-clipart	imazen-26-png-v3/png-v3/9000-lilith-ai-clipart/9036_gen_clipart_laptop-coffee_1024x1024.sdr.png	t4	4	20	13331	278.867770000943	723.2480000000692	87.811	
9000-lilith-ai-clipart	imazen-26-png-v3/png-v3/9000-lilith-ai-clipart/9036_gen_clipart_laptop-coffee_1024x1024.sdr.png	t4	4	32	8868	284.886509005446	864.3850000005955	81.085	
9000-lilith-ai-clipart	imazen-26-png-v3/png-v3/9000-lilith-ai-clipart/9036_gen_clipart_laptop-coffee_1024x1024.sdr.png	t4	4	44	4986	131.6514299978735	973.919999999282	66.509	
9000-lilith-ai-clipart	imazen-26-png-v3/png-v3/9000-lilith-ai-clipart/9036_gen_clipart_laptop-coffee_1024x1024.sdr.png	t4	6	20	17156	54.188440000871196	693.5439999992639	87.526	
9000-lilith-ai-clipart	imazen-26-png-v3/png-v3/9000-lilith-ai-clipart/9036_gen_clipart_laptop-coffee_1024x1024.sdr.png	t4	6	32	11881	194.16367801022716	220.55500000010397	80.907	
9000-lilith-ai-clipart	imazen-26-png-v3/png-v3/9000-lilith-ai-clipart/9036_gen_clipart_laptop-coffee_1024x1024.sdr.png	t4	6	44	7079	142.82557100523263	36.181999999968184	65.789	
9000-lilith-ai-clipart	imazen-26-png-v3/png-v3/9000-lilith-ai-clipart/9036_gen_clipart_laptop-coffee_1024x1024.sdr.png	t4	8	20	18087	265.4684629960684	106.59800000021846	85.630	
9000-lilith-ai-clipart	imazen-26-png-v3/png-v3/9000-lilith-ai-clipart/9036_gen_clipart_laptop-coffee_1024x1024.sdr.png	t4	8	32	12436	208.9177070010919	72.08599999967191	77.107	
9000-lilith-ai-clipart	imazen-26-png-v3/png-v3/9000-lilith-ai-clipart/9036_gen_clipart_laptop-coffee_1024x1024.sdr.png	t4	8	44	7268	46.56453100324143	50.75700000026018	62.114	
9000-lilith-ai-clipart	imazen-26-png-v3/png-v3/9000-lilith-ai-clipart/9036_gen_clipart_laptop-coffee_1024x1024.sdr.png	t4	10	20	19635	103.25820799334906	66.62600000009888	84.418	
9000-lilith-ai-clipart	imazen-26-png-v3/png-v3/9000-lilith-ai-clipart/9036_gen_clipart_laptop-coffee_1024x1024.sdr.png	t4	10	32	13202	464.408840998658	2309.3489999996846	76.156	
9000-lilith-ai-clipart	imazen-26-png-v3/png-v3/9000-lilith-ai-clipart/9036_gen_clipart_laptop-coffee_1024x1024.sdr.png	t4	10	44	7573	288.55238200048916	48.352000000306816	60.747	
9000-lilith-ai-clipart	imazen-26-png-v3/png-v3/9000-lilith-ai-clipart/9036_gen_clipart_laptop-coffee_1024x1024.sdr.png	t4	12	20	19635	188.85791099455673	2248.5600000002532	84.418	
9000-lilith-ai-clipart	imazen-26-png-v3/png-v3/9000-lilith-ai-clipart/9036_gen_clipart_laptop-coffee_1024x1024.sdr.png	t4	12	32	13202	110.99300799833145	61.873000000645106	76.156	
9000-lilith-ai-clipart	imazen-26-png-v3/png-v3/9000-lilith-ai-clipart/9036_gen_clipart_laptop-coffee_1024x1024.sdr.png	t4	12	44	7573	101.89410799648613	2732.2599999999966	60.747	
9000-lilith-ai-clipart	imazen-26-png-v3/png-v3/9000-lilith-ai-clipart/9036_gen_clipart_laptop-coffee_1024x1024.sdr.png	st	-1	20	14309	1800.621880000108	3200.8490000004886	DEC-ERR	
9000-lilith-ai-clipart	imazen-26-png-v3/png-v3/9000-lilith-ai-clipart/9036_gen_clipart_laptop-coffee_1024x1024.sdr.png	st	-1	32	10388	2273.6468739894917	5383.516000000213	DEC-ERR	
9000-lilith-ai-clipart	imazen-26-png-v3/png-v3/9000-lilith-ai-clipart/9036_gen_clipart_laptop-coffee_1024x1024.sdr.png	st	-1	44	6713	2558.204016997479	8054.748000000586	DEC-ERR	
9000-lilith-ai-clipart	imazen-26-png-v3/png-v3/9000-lilith-ai-clipart/9036_gen_clipart_laptop-coffee_1024x1024.sdr.png	st	2	20	11892	513.2659059891012	251.0210000010602	88.174	
9000-lilith-ai-clipart	imazen-26-png-v3/png-v3/9000-lilith-ai-clipart/9036_gen_clipart_laptop-coffee_1024x1024.sdr.png	st	2	32	7748	527.4460149958031	518.4430000000475	81.897	
9000-lilith-ai-clipart	imazen-26-png-v3/png-v3/9000-lilith-ai-clipart/9036_gen_clipart_laptop-coffee_1024x1024.sdr.png	st	2	44	4290	325.675272004446	812.3469999994768	67.582	
9000-lilith-ai-clipart	imazen-26-png-v3/png-v3/9000-lilith-ai-clipart/9036_gen_clipart_laptop-coffee_1024x1024.sdr.png	st	4	20	12802	268.1249269953696	247.9119999999	87.759	
9000-lilith-ai-clipart	imazen-26-png-v3/png-v3/9000-lilith-ai-clipart/9036_gen_clipart_laptop-coffee_1024x1024.sdr.png	st	4	32	8267	196.89278000441846	843.9110000001904	80.464	
9000-lilith-ai-clipart	imazen-26-png-v3/png-v3/9000-lilith-ai-clipart/9036_gen_clipart_laptop-coffee_1024x1024.sdr.png	st	4	44	4579	130.31363900518045	599.7489999996333	65.553	
9000-lilith-ai-clipart	imazen-26-png-v3/png-v3/9000-lilith-ai-clipart/9036_gen_clipart_laptop-coffee_1024x1024.sdr.png	st	6	20	16523	57.6366280001821	372.4100000005137	87.448	
9000-lilith-ai-clipart	imazen-26-png-v3/png-v3/9000-lilith-ai-clipart/9036_gen_clipart_laptop-coffee_1024x1024.sdr.png	st	6	32	11143	88.84814201155677	406.22599999971953	79.822	
9000-lilith-ai-clipart	imazen-26-png-v3/png-v3/9000-lilith-ai-clipart/9036_gen_clipart_laptop-coffee_1024x1024.sdr.png	st	6	44	6504	118.60984200029634	308.1219999996563	63.851	
9000-lilith-ai-clipart	imazen-26-png-v3/png-v3/9000-lilith-ai-clipart/9036_gen_clipart_laptop-coffee_1024x1024.sdr.png	st	8	20	17444	128.24648300011177	30.407000000167272	85.132	
9000-lilith-ai-clipart	imazen-26-png-v3/png-v3/9000-lilith-ai-clipart/9036_gen_clipart_laptop-coffee_1024x1024.sdr.png	st	8	32	11709	301.2921159970574	52.62899999897286	76.740	
9000-lilith-ai-clipart	imazen-26-png-v3/png-v3/9000-lilith-ai-clipart/9036_gen_clipart_laptop-coffee_1024x1024.sdr.png	st	8	44	6612	227.67266401206143	134.95299999971166	58.769	
9000-lilith-ai-clipart	imazen-26-png-v3/png-v3/9000-lilith-ai-clipart/9036_gen_clipart_laptop-coffee_1024x1024.sdr.png	st	10	20	19008	272.7080210024724	2132.8500000002464	84.482	
9000-lilith-ai-clipart	imazen-26-png-v3/png-v3/9000-lilith-ai-clipart/9036_gen_clipart_laptop-coffee_1024x1024.sdr.png	st	10	32	12365	115.60078799084295	2096.0150000003637	75.724	
9000-lilith-ai-clipart	imazen-26-png-v3/png-v3/9000-lilith-ai-clipart/9036_gen_clipart_laptop-coffee_1024x1024.sdr.png	st	10	44	6845	221.20929999800865	2116.1350000004973	57.841	
9000-lilith-ai-clipart	imazen-26-png-v3/png-v3/9000-lilith-ai-clipart/9036_gen_clipart_laptop-coffee_1024x1024.sdr.png	st	12	20	19008	208.3452090009814	2684.9880000004023	84.482	
9000-lilith-ai-clipart	imazen-26-png-v3/png-v3/9000-lilith-ai-clipart/9036_gen_clipart_laptop-coffee_1024x1024.sdr.png	st	12	32	12365	118.5046919999877	85.58500000080471	75.724	
9000-lilith-ai-clipart	imazen-26-png-v3/png-v3/9000-lilith-ai-clipart/9036_gen_clipart_laptop-coffee_1024x1024.sdr.png	st	12	44	6845	120.53117201139685	104.07599999888362	57.841	
9000-lilith-ai-clipart	imazen-26-png-v3/png-v3/9000-lilith-ai-clipart/9070_gen_clipart_sunflower-cheerful_1024x1536.sdr.png	t1	-1	20	7892	7086.3027129962575	11958.32499999969	85.653	
9000-lilith-ai-clipart	imazen-26-png-v3/png-v3/9000-lilith-ai-clipart/9070_gen_clipart_sunflower-cheerful_1024x1536.sdr.png	t1	-1	32	4688	8520.011025000713	30615.95100000079	78.516	
9000-lilith-ai-clipart	imazen-26-png-v3/png-v3/9000-lilith-ai-clipart/9070_gen_clipart_sunflower-cheerful_1024x1536.sdr.png	t1	-1	44	2471	8323.04028699582	22227.581000001122	60.342	
9000-lilith-ai-clipart	imazen-26-png-v3/png-v3/9000-lilith-ai-clipart/9070_gen_clipart_sunflower-cheerful_1024x1536.sdr.png	t1	2	20	8195	631.8997940106783	695.4269999991993	84.884	
9000-lilith-ai-clipart	imazen-26-png-v3/png-v3/9000-lilith-ai-clipart/9070_gen_clipart_sunflower-cheerful_1024x1536.sdr.png	t1	2	32	4886	467.9968260024907	1104.9909999995862	75.799	
9000-lilith-ai-clipart	imazen-26-png-v3/png-v3/9000-lilith-ai-clipart/9070_gen_clipart_sunflower-cheerful_1024x1536.sdr.png	t1	2	44	2646	457.8863339993404	1404.1389999995317	56.718	
9000-lilith-ai-clipart	imazen-26-png-v3/png-v3/9000-lilith-ai-clipart/9070_gen_clipart_sunflower-cheerful_1024x1536.sdr.png	t1	4	20	8688	295.98835299839266	157.87899999963884	84.799	
9000-lilith-ai-clipart	imazen-26-png-v3/png-v3/9000-lilith-ai-clipart/9070_gen_clipart_sunflower-cheerful_1024x1536.sdr.png	t1	4	32	5259	173.9406720007537	1511.295000000075	75.539	
9000-lilith-ai-clipart	imazen-26-png-v3/png-v3/9000-lilith-ai-clipart/9070_gen_clipart_sunflower-cheerful_1024x1536.sdr.png	t1	4	44	2848	167.668901005527	1511.295000000075	55.724	
9000-lilith-ai-clipart	imazen-26-png-v3/png-v3/9000-lilith-ai-clipart/9070_gen_clipart_sunflower-cheerful_1024x1536.sdr.png	t1	6	20	13123	67.1182349906303	810.0479999991137	85.263	
9000-lilith-ai-clipart	imazen-26-png-v3/png-v3/9000-lilith-ai-clipart/9070_gen_clipart_sunflower-cheerful_1024x1536.sdr.png	t1	6	32	8154	79.95164699968882	1120.9629999998754	76.620	
9000-lilith-ai-clipart	imazen-26-png-v3/png-v3/9000-lilith-ai-clipart/9070_gen_clipart_sunflower-cheerful_1024x1536.sdr.png	t1	6	44	4840	67.7487319917418	55.44999999997913	57.461	
9000-lilith-ai-clipart	imazen-26-png-v3/png-v3/9000-lilith-ai-clipart/9070_gen_clipart_sunflower-cheerful_1024x1536.sdr.png	t1	8	20	15970	119.73299601231702	84.95999999877313	83.426	
9000-lilith-ai-clipart	imazen-26-png-v3/png-v3/9000-lilith-ai-clipart/9070_gen_clipart_sunflower-cheerful_1024x1536.sdr.png	t1	8	32	9914	71.2351530091837	138.15799999974843	72.589	
9000-lilith-ai-clipart	imazen-26-png-v3/png-v3/9000-lilith-ai-clipart/9070_gen_clipart_sunflower-cheerful_1024x1536.sdr.png	t1	8	44	5350	81.36812699376605	186.79400000019086	52.056	
9000-lilith-ai-clipart	imazen-26-png-v3/png-v3/9000-lilith-ai-clipart/9070_gen_clipart_sunflower-cheerful_1024x1536.sdr.png	t1	10	20	18277	40.71777701028623	78.45999999935316	82.488	
9000-lilith-ai-clipart	imazen-26-png-v3/png-v3/9000-lilith-ai-clipart/9070_gen_clipart_sunflower-cheerful_1024x1536.sdr.png	t1	10	32	11215	45.45072600012645	107.51999999976647	72.770	
9000-lilith-ai-clipart	imazen-26-png-v3/png-v3/9000-lilith-ai-clipart/9070_gen_clipart_sunflower-cheerful_1024x1536.sdr.png	t1	10	44	5992	50.74938799953088	117.45600000099898	53.001	
9000-lilith-ai-clipart	imazen-26-png-v3/png-v3/9000-lilith-ai-clipart/9070_gen_clipart_sunflower-cheerful_1024x1536.sdr.png	t1	12	20	18277	76.79952999751549	140.85400000035975	82.488	
9000-lilith-ai-clipart	imazen-26-png-v3/png-v3/9000-lilith-ai-clipart/9070_gen_clipart_sunflower-cheerful_1024x1536.sdr.png	t1	12	32	11215	67.33778199122753	39.81400000103008	72.770	
9000-lilith-ai-clipart	imazen-26-png-v3/png-v3/9000-lilith-ai-clipart/9070_gen_clipart_sunflower-cheerful_1024x1536.sdr.png	t1	12	44	5992	627.8422989998944	54.52000000025237	53.001	
9000-lilith-ai-clipart	imazen-26-png-v3/png-v3/9000-lilith-ai-clipart/9070_gen_clipart_sunflower-cheerful_1024x1536.sdr.png	t2	-1	20	7695	6896.0899590019835	35666.80300000019	85.088	
9000-lilith-ai-clipart	imazen-26-png-v3/png-v3/9000-lilith-ai-clipart/9070_gen_clipart_sunflower-cheerful_1024x1536.sdr.png	t2	-1	32	4568	8424.814778001746	54113.7989999994	77.610	
9000-lilith-ai-clipart	imazen-26-png-v3/png-v3/9000-lilith-ai-clipart/9070_gen_clipart_sunflower-cheerful_1024x1536.sdr.png	t2	-1	44	2476	8094.643257005373	45578.608000000204	61.257	
9000-lilith-ai-clipart	imazen-26-png-v3/png-v3/9000-lilith-ai-clipart/9070_gen_clipart_sunflower-cheerful_1024x1536.sdr.png	t2	2	20	7917	699.136413008091	834.0879999995536	84.255	
9000-lilith-ai-clipart	imazen-26-png-v3/png-v3/9000-lilith-ai-clipart/9070_gen_clipart_sunflower-cheerful_1024x1536.sdr.png	t2	2	32	4781	703.610149997985	1520.897000000275	76.416	
9000-lilith-ai-clipart	imazen-26-png-v3/png-v3/9000-lilith-ai-clipart/9070_gen_clipart_sunflower-cheerful_1024x1536.sdr.png	t2	2	44	2465	693.8668559887446	1173.0289999995307	55.410	
9000-lilith-ai-clipart	imazen-26-png-v3/png-v3/9000-lilith-ai-clipart/9070_gen_clipart_sunflower-cheerful_1024x1536.sdr.png	t2	4	20	8490	196.9553490052931	297.3229999999205	84.356	
9000-lilith-ai-clipart	imazen-26-png-v3/png-v3/9000-lilith-ai-clipart/9070_gen_clipart_sunflower-cheerful_1024x1536.sdr.png	t2	4	32	5086	159.3265980045544	159.3139999996822	74.846	
9000-lilith-ai-clipart	imazen-26-png-v3/png-v3/9000-lilith-ai-clipart/9070_gen_clipart_sunflower-cheerful_1024x1536.sdr.png	t2	4	44	2726	159.97138299280778	382.1400000007884	54.208	
9000-lilith-ai-clipart	imazen-26-png-v3/png-v3/9000-lilith-ai-clipart/9070_gen_clipart_sunflower-cheerful_1024x1536.sdr.png	t2	6	20	12878	178.41655199299566	112.726000000265	85.438	
9000-lilith-ai-clipart	imazen-26-png-v3/png-v3/9000-lilith-ai-clipart/9070_gen_clipart_sunflower-cheerful_1024x1536.sdr.png	t2	6	32	7988	320.86893400992267	123.32199999977433	76.086	
9000-lilith-ai-clipart	imazen-26-png-v3/png-v3/9000-lilith-ai-clipart/9070_gen_clipart_sunflower-cheerful_1024x1536.sdr.png	t2	6	44	4729	224.22420600196347	77.98899999983178	56.569	
9000-lilith-ai-clipart	imazen-26-png-v3/png-v3/9000-lilith-ai-clipart/9070_gen_clipart_sunflower-cheerful_1024x1536.sdr.png	t2	8	20	15817	327.22029599244706	80.2659999999662	83.414	
9000-lilith-ai-clipart	imazen-26-png-v3/png-v3/9000-lilith-ai-clipart/9070_gen_clipart_sunflower-cheerful_1024x1536.sdr.png	t2	8	32	9762	185.7994420133764	66.24399999947173	72.459	
9000-lilith-ai-clipart	imazen-26-png-v3/png-v3/9000-lilith-ai-clipart/9070_gen_clipart_sunflower-cheerful_1024x1536.sdr.png	t2	8	44	5216	42.27588599314913	45.54200000023911	53.079	
9000-lilith-ai-clipart	imazen-26-png-v3/png-v3/9000-lilith-ai-clipart/9070_gen_clipart_sunflower-cheerful_1024x1536.sdr.png	t2	10	20	18039	138.41478399990592	80.92099999976199	82.234	
9000-lilith-ai-clipart	imazen-26-png-v3/png-v3/9000-lilith-ai-clipart/9070_gen_clipart_sunflower-cheerful_1024x1536.sdr.png	t2	10	32	10990	112.5673570059007	65.14000000046849	72.583	
9000-lilith-ai-clipart	imazen-26-png-v3/png-v3/9000-lilith-ai-clipart/9070_gen_clipart_sunflower-cheerful_1024x1536.sdr.png	t2	10	44	5814	148.32801999000367	50.004999999316624	52.615	
9000-lilith-ai-clipart	imazen-26-png-v3/png-v3/9000-lilith-ai-clipart/9070_gen_clipart_sunflower-cheerful_1024x1536.sdr.png	t2	12	20	18039	181.89308400906157	22.38499999953092	82.234	
9000-lilith-ai-clipart	imazen-26-png-v3/png-v3/9000-lilith-ai-clipart/9070_gen_clipart_sunflower-cheerful_1024x1536.sdr.png	t2	12	32	10990	259.1820740053663	49.555000000282234	72.583	
9000-lilith-ai-clipart	imazen-26-png-v3/png-v3/9000-lilith-ai-clipart/9070_gen_clipart_sunflower-cheerful_1024x1536.sdr.png	t2	12	44	5814	50.00333099451382	86.50999999994724	52.615	
9000-lilith-ai-clipart	imazen-26-png-v3/png-v3/9000-lilith-ai-clipart/9070_gen_clipart_sunflower-cheerful_1024x1536.sdr.png	t3	-1	20	10101	7271.447681996506	59420.54600000026	DEC-ERR	
9000-lilith-ai-clipart	imazen-26-png-v3/png-v3/9000-lilith-ai-clipart/9070_gen_clipart_sunflower-cheerful_1024x1536.sdr.png	t3	-1	32	6551	8434.99499099562	77434.7900000003	DEC-ERR	
9000-lilith-ai-clipart	imazen-26-png-v3/png-v3/9000-lilith-ai-clipart/9070_gen_clipart_sunflower-cheerful_1024x1536.sdr.png	t3	-1	44	3499	7880.104996002046	67722.50399999993	DEC-ERR	
9000-lilith-ai-clipart	imazen-26-png-v3/png-v3/9000-lilith-ai-clipart/9070_gen_clipart_sunflower-cheerful_1024x1536.sdr.png	t3	2	20	10828	425.8980540034827	7316.000000000087	87.523	
9000-lilith-ai-clipart	imazen-26-png-v3/png-v3/9000-lilith-ai-clipart/9070_gen_clipart_sunflower-cheerful_1024x1536.sdr.png	t3	2	32	7038	452.14236600440927	7889.960000000855	82.398	
9000-lilith-ai-clipart	imazen-26-png-v3/png-v3/9000-lilith-ai-clipart/9070_gen_clipart_sunflower-cheerful_1024x1536.sdr.png	t3	2	44	3954	467.56111799913924	8313.213000000274	69.534	
9000-lilith-ai-clipart	imazen-26-png-v3/png-v3/9000-lilith-ai-clipart/9070_gen_clipart_sunflower-cheerful_1024x1536.sdr.png	t3	4	20	11478	183.54501099383924	579.9419999997326	87.369	
9000-lilith-ai-clipart	imazen-26-png-v3/png-v3/9000-lilith-ai-clipart/9070_gen_clipart_sunflower-cheerful_1024x1536.sdr.png	t3	4	32	7593	203.47087299160194	290.64700000037647	82.371	
9000-lilith-ai-clipart	imazen-26-png-v3/png-v3/9000-lilith-ai-clipart/9070_gen_clipart_sunflower-cheerful_1024x1536.sdr.png	t3	4	44	4334	193.2229109952459	430.17399999973804	68.288	
9000-lilith-ai-clipart	imazen-26-png-v3/png-v3/9000-lilith-ai-clipart/9070_gen_clipart_sunflower-cheerful_1024x1536.sdr.png	t3	6	20	16205	57.008364994544536	51.699000000212436	87.592	
9000-lilith-ai-clipart	imazen-26-png-v3/png-v3/9000-lilith-ai-clipart/9070_gen_clipart_sunflower-cheerful_1024x1536.sdr.png	t3	6	32	11061	115.90099798922893	338.90500000006796	83.162	
9000-lilith-ai-clipart	imazen-26-png-v3/png-v3/9000-lilith-ai-clipart/9070_gen_clipart_sunflower-cheerful_1024x1536.sdr.png	t3	6	44	6587	94.8019689967623	8266.899999999794	71.643	
9000-lilith-ai-clipart	imazen-26-png-v3/png-v3/9000-lilith-ai-clipart/9070_gen_clipart_sunflower-cheerful_1024x1536.sdr.png	t3	8	20	17845	72.00161799846683	29.256000000629	87.202	
9000-lilith-ai-clipart	imazen-26-png-v3/png-v3/9000-lilith-ai-clipart/9070_gen_clipart_sunflower-cheerful_1024x1536.sdr.png	t3	8	32	12182	254.9211320001632	63.42299999954548	82.309	
9000-lilith-ai-clipart	imazen-26-png-v3/png-v3/9000-lilith-ai-clipart/9070_gen_clipart_sunflower-cheerful_1024x1536.sdr.png	t3	8	44	7262	163.7393080018228	46.074999999660804	69.407	
9000-lilith-ai-clipart	imazen-26-png-v3/png-v3/9000-lilith-ai-clipart/9070_gen_clipart_sunflower-cheerful_1024x1536.sdr.png	t3	10	20	19601	154.2856949963607	89.83200000062652	87.071	
9000-lilith-ai-clipart	imazen-26-png-v3/png-v3/9000-lilith-ai-clipart/9070_gen_clipart_sunflower-cheerful_1024x1536.sdr.png	t3	10	32	13664	128.02310900588054	46.201000000507975	82.001	
9000-lilith-ai-clipart	imazen-26-png-v3/png-v3/9000-lilith-ai-clipart/9070_gen_clipart_sunflower-cheerful_1024x1536.sdr.png	t3	10	44	7954	117.77922499459237	46.201000000507975	69.259	
9000-lilith-ai-clipart	imazen-26-png-v3/png-v3/9000-lilith-ai-clipart/9070_gen_clipart_sunflower-cheerful_1024x1536.sdr.png	t3	12	20	19601	91.34984300180804	24.438999999176758	87.071	
9000-lilith-ai-clipart	imazen-26-png-v3/png-v3/9000-lilith-ai-clipart/9070_gen_clipart_sunflower-cheerful_1024x1536.sdr.png	t3	12	32	13664	36.69258298759814	54.675999999034275	82.001	
9000-lilith-ai-clipart	imazen-26-png-v3/png-v3/9000-lilith-ai-clipart/9070_gen_clipart_sunflower-cheerful_1024x1536.sdr.png	t3	12	44	7954	61.94024100841489	46.18100000053005	69.259	
9000-lilith-ai-clipart	imazen-26-png-v3/png-v3/9000-lilith-ai-clipart/9070_gen_clipart_sunflower-cheerful_1024x1536.sdr.png	t4	-1	20	10041	7588.584398996318	59640.383999999925	DEC-ERR	
9000-lilith-ai-clipart	imazen-26-png-v3/png-v3/9000-lilith-ai-clipart/9070_gen_clipart_sunflower-cheerful_1024x1536.sdr.png	t4	-1	32	6536	9187.86140299926	71181.26199999938	DEC-ERR	
9000-lilith-ai-clipart	imazen-26-png-v3/png-v3/9000-lilith-ai-clipart/9070_gen_clipart_sunflower-cheerful_1024x1536.sdr.png	t4	-1	44	3535	8949.884921006742	80054.35900000017	DEC-ERR	
9000-lilith-ai-clipart	imazen-26-png-v3/png-v3/9000-lilith-ai-clipart/9070_gen_clipart_sunflower-cheerful_1024x1536.sdr.png	t4	2	20	10563	454.8298400040949	629.901000000018	87.375	
9000-lilith-ai-clipart	imazen-26-png-v3/png-v3/9000-lilith-ai-clipart/9070_gen_clipart_sunflower-cheerful_1024x1536.sdr.png	t4	2	32	6949	479.21296500135213	1070.341999999755	82.557	
9000-lilith-ai-clipart	imazen-26-png-v3/png-v3/9000-lilith-ai-clipart/9070_gen_clipart_sunflower-cheerful_1024x1536.sdr.png	t4	2	44	3820	504.7948089923011	1522.2410000007187	68.778	
9000-lilith-ai-clipart	imazen-26-png-v3/png-v3/9000-lilith-ai-clipart/9070_gen_clipart_sunflower-cheerful_1024x1536.sdr.png	t4	4	20	11254	155.10175499366596	154.87499999952092	86.847	
9000-lilith-ai-clipart	imazen-26-png-v3/png-v3/9000-lilith-ai-clipart/9070_gen_clipart_sunflower-cheerful_1024x1536.sdr.png	t4	4	32	7458	402.0389839861309	617.0949999996935	81.575	
9000-lilith-ai-clipart	imazen-26-png-v3/png-v3/9000-lilith-ai-clipart/9070_gen_clipart_sunflower-cheerful_1024x1536.sdr.png	t4	4	44	4255	431.18681901250966	16608.75100000004	67.629	
9000-lilith-ai-clipart	imazen-26-png-v3/png-v3/9000-lilith-ai-clipart/9070_gen_clipart_sunflower-cheerful_1024x1536.sdr.png	t4	6	20	15615	86.59928099950776	8175.649999999251	87.636	
9000-lilith-ai-clipart	imazen-26-png-v3/png-v3/9000-lilith-ai-clipart/9070_gen_clipart_sunflower-cheerful_1024x1536.sdr.png	t4	6	32	10796	77.06326099287253	8125.141999999897	83.574	
9000-lilith-ai-clipart	imazen-26-png-v3/png-v3/9000-lilith-ai-clipart/9070_gen_clipart_sunflower-cheerful_1024x1536.sdr.png	t4	6	44	6420	423.4548749955138	8400.415000000265	70.555	
9000-lilith-ai-clipart	imazen-26-png-v3/png-v3/9000-lilith-ai-clipart/9070_gen_clipart_sunflower-cheerful_1024x1536.sdr.png	t4	8	20	18452	102.90659000747837	25.166999999783002	85.955	
9000-lilith-ai-clipart	imazen-26-png-v3/png-v3/9000-lilith-ai-clipart/9070_gen_clipart_sunflower-cheerful_1024x1536.sdr.png	t4	8	32	12935	96.98046599805821	74.05999999917867	80.279	
9000-lilith-ai-clipart	imazen-26-png-v3/png-v3/9000-lilith-ai-clipart/9070_gen_clipart_sunflower-cheerful_1024x1536.sdr.png	t4	8	44	7473	96.82856799918227	42.36099999917542	67.521	
9000-lilith-ai-clipart	imazen-26-png-v3/png-v3/9000-lilith-ai-clipart/9070_gen_clipart_sunflower-cheerful_1024x1536.sdr.png	t4	10	20	20826	175.00375999952666	85.67300000004252	85.874	
9000-lilith-ai-clipart	imazen-26-png-v3/png-v3/9000-lilith-ai-clipart/9070_gen_clipart_sunflower-cheerful_1024x1536.sdr.png	t4	10	32	14525	115.86284599616192	34.67199999994364	79.702	
9000-lilith-ai-clipart	imazen-26-png-v3/png-v3/9000-lilith-ai-clipart/9070_gen_clipart_sunflower-cheerful_1024x1536.sdr.png	t4	10	44	8269	100.7264999934705	50.760999999681644	66.270	
9000-lilith-ai-clipart	imazen-26-png-v3/png-v3/9000-lilith-ai-clipart/9070_gen_clipart_sunflower-cheerful_1024x1536.sdr.png	t4	12	20	20826	127.59122900024522	18.718000000376378	85.874	
9000-lilith-ai-clipart	imazen-26-png-v3/png-v3/9000-lilith-ai-clipart/9070_gen_clipart_sunflower-cheerful_1024x1536.sdr.png	t4	12	32	14525	201.39565199497156	24.457999999071944	79.702	
9000-lilith-ai-clipart	imazen-26-png-v3/png-v3/9000-lilith-ai-clipart/9070_gen_clipart_sunflower-cheerful_1024x1536.sdr.png	t4	12	44	8269	153.42840600351337	90.51900000011415	66.270	
9000-lilith-ai-clipart	imazen-26-png-v3/png-v3/9000-lilith-ai-clipart/9070_gen_clipart_sunflower-cheerful_1024x1536.sdr.png	st	-1	20	8295	6977.807668998139	54415.934000000365	DEC-ERR	
9000-lilith-ai-clipart	imazen-26-png-v3/png-v3/9000-lilith-ai-clipart/9070_gen_clipart_sunflower-cheerful_1024x1536.sdr.png	st	-1	32	4981	7725.85590100789	71183.92399999994	DEC-ERR	
9000-lilith-ai-clipart	imazen-26-png-v3/png-v3/9000-lilith-ai-clipart/9070_gen_clipart_sunflower-cheerful_1024x1536.sdr.png	st	-1	44	2658	6973.626217994024	61348.759000000595	DEC-ERR	
9000-lilith-ai-clipart	imazen-26-png-v3/png-v3/9000-lilith-ai-clipart/9070_gen_clipart_sunflower-cheerful_1024x1536.sdr.png	st	2	20	8908	385.82374999532476	470.399000000441	86.061	
9000-lilith-ai-clipart	imazen-26-png-v3/png-v3/9000-lilith-ai-clipart/9070_gen_clipart_sunflower-cheerful_1024x1536.sdr.png	st	2	32	5425	438.591671991162	8903.50499999991	79.138	
9000-lilith-ai-clipart	imazen-26-png-v3/png-v3/9000-lilith-ai-clipart/9070_gen_clipart_sunflower-cheerful_1024x1536.sdr.png	st	2	44	2931	421.5740629879292	9287.351000000057	63.311	
9000-lilith-ai-clipart	imazen-26-png-v3/png-v3/9000-lilith-ai-clipart/9070_gen_clipart_sunflower-cheerful_1024x1536.sdr.png	st	4	20	9646	162.12835900660139	8278.763000000283	85.787	
9000-lilith-ai-clipart	imazen-26-png-v3/png-v3/9000-lilith-ai-clipart/9070_gen_clipart_sunflower-cheerful_1024x1536.sdr.png	st	4	32	5917	176.22828599996865	177.38599999984217	78.104	
9000-lilith-ai-clipart	imazen-26-png-v3/png-v3/9000-lilith-ai-clipart/9070_gen_clipart_sunflower-cheerful_1024x1536.sdr.png	st	4	44	3248	220.20776799763553	9357.664000000312	61.653	
9000-lilith-ai-clipart	imazen-26-png-v3/png-v3/9000-lilith-ai-clipart/9070_gen_clipart_sunflower-cheerful_1024x1536.sdr.png	st	6	20	13746	164.894130997709	8572.220999999672	86.536	
9000-lilith-ai-clipart	imazen-26-png-v3/png-v3/9000-lilith-ai-clipart/9070_gen_clipart_sunflower-cheerful_1024x1536.sdr.png	st	6	32	8619	123.25115699786693	90.27500000038913	80.772	
9000-lilith-ai-clipart	imazen-26-png-v3/png-v3/9000-lilith-ai-clipart/9070_gen_clipart_sunflower-cheerful_1024x1536.sdr.png	st	6	44	5047	156.07021399773657	45.064000000735405	64.036	
9000-lilith-ai-clipart	imazen-26-png-v3/png-v3/9000-lilith-ai-clipart/9070_gen_clipart_sunflower-cheerful_1024x1536.sdr.png	st	8	20	15085	120.81146299897227	56.16500000027713	85.185	
9000-lilith-ai-clipart	imazen-26-png-v3/png-v3/9000-lilith-ai-clipart/9070_gen_clipart_sunflower-cheerful_1024x1536.sdr.png	st	8	32	9528	156.26283999881707	86.0640000000501	77.469	
9000-lilith-ai-clipart	imazen-26-png-v3/png-v3/9000-lilith-ai-clipart/9070_gen_clipart_sunflower-cheerful_1024x1536.sdr.png	st	8	44	5398	76.8460090039298	49.89400000010846	59.841	
9000-lilith-ai-clipart	imazen-26-png-v3/png-v3/9000-lilith-ai-clipart/9070_gen_clipart_sunflower-cheerful_1024x1536.sdr.png	st	10	20	16493	102.64058499888051	36.61899999906382	84.911	
9000-lilith-ai-clipart	imazen-26-png-v3/png-v3/9000-lilith-ai-clipart/9070_gen_clipart_sunflower-cheerful_1024x1536.sdr.png	st	10	32	10425	82.67652201175224	62.537999999989324	76.822	
9000-lilith-ai-clipart	imazen-26-png-v3/png-v3/9000-lilith-ai-clipart/9070_gen_clipart_sunflower-cheerful_1024x1536.sdr.png	st	10	44	5878	215.2499919902766	44.193000000035454	61.175	
9000-lilith-ai-clipart	imazen-26-png-v3/png-v3/9000-lilith-ai-clipart/9070_gen_clipart_sunflower-cheerful_1024x1536.sdr.png	st	12	20	16493	122.06299998797476	55.514999999275005	84.911	
9000-lilith-ai-clipart	imazen-26-png-v3/png-v3/9000-lilith-ai-clipart/9070_gen_clipart_sunflower-cheerful_1024x1536.sdr.png	st	12	32	10425	237.945963992388	83.99099999954274	76.822	
9000-lilith-ai-clipart	imazen-26-png-v3/png-v3/9000-lilith-ai-clipart/9070_gen_clipart_sunflower-cheerful_1024x1536.sdr.png	st	12	44	5878	87.35025799251162	52.35199999992801	61.175	
9094-lilith-ai-illustrations	imazen-26-png-v3/png-v3/9094-lilith-ai-illustrations/9100_gen_illustrations_bath-candles-evening_1024x1536.sdr.png	t1	-1	20	35806	5133.248047000961	57605.95600000079	71.325	
9094-lilith-ai-illustrations	imazen-26-png-v3/png-v3/9094-lilith-ai-illustrations/9100_gen_illustrations_bath-candles-evening_1024x1536.sdr.png	t1	-1	32	14318	6213.082285990822	69427.34000000042	46.590	
9094-lilith-ai-illustrations	imazen-26-png-v3/png-v3/9094-lilith-ai-illustrations/9100_gen_illustrations_bath-candles-evening_1024x1536.sdr.png	t1	-1	44	4022	5628.7577920011245	63314.08399999947	3.329	
9094-lilith-ai-illustrations	imazen-26-png-v3/png-v3/9094-lilith-ai-illustrations/9100_gen_illustrations_bath-candles-evening_1024x1536.sdr.png	t1	2	20	34532	565.2447689935798	8710.347000000354	69.744	
9094-lilith-ai-illustrations	imazen-26-png-v3/png-v3/9094-lilith-ai-illustrations/9100_gen_illustrations_bath-candles-evening_1024x1536.sdr.png	t1	2	32	13303	593.2610450108768	9200.112000000274	42.006	
9094-lilith-ai-illustrations	imazen-26-png-v3/png-v3/9094-lilith-ai-illustrations/9100_gen_illustrations_bath-candles-evening_1024x1536.sdr.png	t1	2	44	3671	430.08701100188773	8093.628999999793	-1.592	
9094-lilith-ai-illustrations	imazen-26-png-v3/png-v3/9094-lilith-ai-illustrations/9100_gen_illustrations_bath-candles-evening_1024x1536.sdr.png	t1	4	20	34691	151.2405410030624	151.03799999965872	69.176	
9094-lilith-ai-illustrations	imazen-26-png-v3/png-v3/9094-lilith-ai-illustrations/9100_gen_illustrations_bath-candles-evening_1024x1536.sdr.png	t1	4	32	13417	187.9701150028268	367.17700000022546	41.498	
9094-lilith-ai-illustrations	imazen-26-png-v3/png-v3/9094-lilith-ai-illustrations/9100_gen_illustrations_bath-candles-evening_1024x1536.sdr.png	t1	4	44	3634	146.8132630106993	425.9420000001626	-2.467	
9094-lilith-ai-illustrations	imazen-26-png-v3/png-v3/9094-lilith-ai-illustrations/9100_gen_illustrations_bath-candles-evening_1024x1536.sdr.png	t1	6	20	36003	51.13623299985193	86.19600000051264	69.922	
9094-lilith-ai-illustrations	imazen-26-png-v3/png-v3/9094-lilith-ai-illustrations/9100_gen_illustrations_bath-candles-evening_1024x1536.sdr.png	t1	6	32	14726	45.484290007152595	104.18400000008887	41.325	
9094-lilith-ai-illustrations	imazen-26-png-v3/png-v3/9094-lilith-ai-illustrations/9100_gen_illustrations_bath-candles-evening_1024x1536.sdr.png	t1	6	44	4021	49.097712006187066	38.5319999999183	-2.836	
9094-lilith-ai-illustrations	imazen-26-png-v3/png-v3/9094-lilith-ai-illustrations/9100_gen_illustrations_bath-candles-evening_1024x1536.sdr.png	t1	8	20	35912	82.8190220054239	8977.802999999569	68.830	
9094-lilith-ai-illustrations	imazen-26-png-v3/png-v3/9094-lilith-ai-illustrations/9100_gen_illustrations_bath-candles-evening_1024x1536.sdr.png	t1	8	32	14422	82.68542900623288	8977.802999999569	40.302	
9094-lilith-ai-illustrations	imazen-26-png-v3/png-v3/9094-lilith-ai-illustrations/9100_gen_illustrations_bath-candles-evening_1024x1536.sdr.png	t1	8	44	4045	51.48029699921608	8954.524999999905	-4.801	
9094-lilith-ai-illustrations	imazen-26-png-v3/png-v3/9094-lilith-ai-illustrations/9100_gen_illustrations_bath-candles-evening_1024x1536.sdr.png	t1	10	20	36541	169.7552529949462	122.45599999974388	69.222	
9094-lilith-ai-illustrations	imazen-26-png-v3/png-v3/9094-lilith-ai-illustrations/9100_gen_illustrations_bath-candles-evening_1024x1536.sdr.png	t1	10	32	13957	118.34629200166091	66.28899999955706	39.785	
9094-lilith-ai-illustrations	imazen-26-png-v3/png-v3/9094-lilith-ai-illustrations/9100_gen_illustrations_bath-candles-evening_1024x1536.sdr.png	t1	10	44	4039	168.2595830061473	19.87900000034415	-6.123	
9094-lilith-ai-illustrations	imazen-26-png-v3/png-v3/9094-lilith-ai-illustrations/9100_gen_illustrations_bath-candles-evening_1024x1536.sdr.png	t1	12	20	36541	61.81807900429703	59.825000000273576	69.222	
9094-lilith-ai-illustrations	imazen-26-png-v3/png-v3/9094-lilith-ai-illustrations/9100_gen_illustrations_bath-candles-evening_1024x1536.sdr.png	t1	12	32	13957	87.82969799358398	45.60899999970047	39.785	
9094-lilith-ai-illustrations	imazen-26-png-v3/png-v3/9094-lilith-ai-illustrations/9100_gen_illustrations_bath-candles-evening_1024x1536.sdr.png	t1	12	44	4039	46.6125520033529	59.44999999954348	-6.123	
9094-lilith-ai-illustrations	imazen-26-png-v3/png-v3/9094-lilith-ai-illustrations/9100_gen_illustrations_bath-candles-evening_1024x1536.sdr.png	t2	-1	20	35694	5395.8108209917555	50184.91800000001	71.757	
9094-lilith-ai-illustrations	imazen-26-png-v3/png-v3/9094-lilith-ai-illustrations/9100_gen_illustrations_bath-candles-evening_1024x1536.sdr.png	t2	-1	32	14018	5471.234217999154	60918.79800000007	47.637	
9094-lilith-ai-illustrations	imazen-26-png-v3/png-v3/9094-lilith-ai-illustrations/9100_gen_illustrations_bath-candles-evening_1024x1536.sdr.png	t2	-1	44	3791	5308.4150979993865	55432.05100000043	4.064	
9094-lilith-ai-illustrations	imazen-26-png-v3/png-v3/9094-lilith-ai-illustrations/9100_gen_illustrations_bath-candles-evening_1024x1536.sdr.png	t2	2	20	34306	536.2510169943562	15239.636999999988	70.482	
9094-lilith-ai-illustrations	imazen-26-png-v3/png-v3/9094-lilith-ai-illustrations/9100_gen_illustrations_bath-candles-evening_1024x1536.sdr.png	t2	2	32	12864	582.3309480038006	8892.672000000346	44.141	
9094-lilith-ai-illustrations	imazen-26-png-v3/png-v3/9094-lilith-ai-illustrations/9100_gen_illustrations_bath-candles-evening_1024x1536.sdr.png	t2	2	44	3349	432.8928690083558	7723.818000000449	-0.174	
9094-lilith-ai-illustrations	imazen-26-png-v3/png-v3/9094-lilith-ai-illustrations/9100_gen_illustrations_bath-candles-evening_1024x1536.sdr.png	t2	4	20	34549	156.3857330038445	7105.666999999585	70.000	
9094-lilith-ai-illustrations	imazen-26-png-v3/png-v3/9094-lilith-ai-illustrations/9100_gen_illustrations_bath-candles-evening_1024x1536.sdr.png	t2	4	32	12909	175.55584901128896	313.46099999970534	42.210	
9094-lilith-ai-illustrations	imazen-26-png-v3/png-v3/9094-lilith-ai-illustrations/9100_gen_illustrations_bath-candles-evening_1024x1536.sdr.png	t2	4	44	3348	201.81302500714082	1250.0639999992131	-1.732	
9094-lilith-ai-illustrations	imazen-26-png-v3/png-v3/9094-lilith-ai-illustrations/9100_gen_illustrations_bath-candles-evening_1024x1536.sdr.png	t2	6	20	35937	112.91903600795195	186.782000000278	70.535	
9094-lilith-ai-illustrations	imazen-26-png-v3/png-v3/9094-lilith-ai-illustrations/9100_gen_illustrations_bath-candles-evening_1024x1536.sdr.png	t2	6	32	14327	264.7235379990889	45.30799999957935	42.817	
9094-lilith-ai-illustrations	imazen-26-png-v3/png-v3/9094-lilith-ai-illustrations/9100_gen_illustrations_bath-candles-evening_1024x1536.sdr.png	t2	6	44	3837	154.40309800032992	207.4040000001105	-2.273	
9094-lilith-ai-illustrations	imazen-26-png-v3/png-v3/9094-lilith-ai-illustrations/9100_gen_illustrations_bath-candles-evening_1024x1536.sdr.png	t2	8	20	35612	155.27353099605534	121.63500000016825	69.451	
9094-lilith-ai-illustrations	imazen-26-png-v3/png-v3/9094-lilith-ai-illustrations/9100_gen_illustrations_bath-candles-evening_1024x1536.sdr.png	t2	8	32	13891	76.56562700867653	57.10899999914432	41.389	
9094-lilith-ai-illustrations	imazen-26-png-v3/png-v3/9094-lilith-ai-illustrations/9100_gen_illustrations_bath-candles-evening_1024x1536.sdr.png	t2	8	44	3814	119.40798899740912	20.93299999975784	-4.271	
9094-lilith-ai-illustrations	imazen-26-png-v3/png-v3/9094-lilith-ai-illustrations/9100_gen_illustrations_bath-candles-evening_1024x1536.sdr.png	t2	10	20	36261	51.75435698765796	6083.961999999957	69.664	
9094-lilith-ai-illustrations	imazen-26-png-v3/png-v3/9094-lilith-ai-illustrations/9100_gen_illustrations_bath-candles-evening_1024x1536.sdr.png	t2	10	32	13556	77.9596640059026	100.59699999990812	40.991	
9094-lilith-ai-illustrations	imazen-26-png-v3/png-v3/9094-lilith-ai-illustrations/9100_gen_illustrations_bath-candles-evening_1024x1536.sdr.png	t2	10	44	3811	93.1499019934563	85.43799999995372	-5.067	
9094-lilith-ai-illustrations	imazen-26-png-v3/png-v3/9094-lilith-ai-illustrations/9100_gen_illustrations_bath-candles-evening_1024x1536.sdr.png	t2	12	20	36261	82.85729399358388	137.3110000004374	69.664	
9094-lilith-ai-illustrations	imazen-26-png-v3/png-v3/9094-lilith-ai-illustrations/9100_gen_illustrations_bath-candles-evening_1024x1536.sdr.png	t2	12	32	13556	140.533427009359	80.5389999998738	40.991	
9094-lilith-ai-illustrations	imazen-26-png-v3/png-v3/9094-lilith-ai-illustrations/9100_gen_illustrations_bath-candles-evening_1024x1536.sdr.png	t2	12	44	3811	101.85706800257321	48.566999999309246	-5.067	
9094-lilith-ai-illustrations	imazen-26-png-v3/png-v3/9094-lilith-ai-illustrations/9100_gen_illustrations_bath-candles-evening_1024x1536.sdr.png	t3	-1	20	43958	6055.1970259984955	30244.31700000008	DEC-ERR	
9094-lilith-ai-illustrations	imazen-26-png-v3/png-v3/9094-lilith-ai-illustrations/9100_gen_illustrations_bath-candles-evening_1024x1536.sdr.png	t3	-1	32	24305	8024.82733000943	38806.813000000744	DEC-ERR	
9094-lilith-ai-illustrations	imazen-26-png-v3/png-v3/9094-lilith-ai-illustrations/9100_gen_illustrations_bath-candles-evening_1024x1536.sdr.png	t3	-1	44	8490	8349.484058009693	47206.327999999616	DEC-ERR	
9094-lilith-ai-illustrations	imazen-26-png-v3/png-v3/9094-lilith-ai-illustrations/9100_gen_illustrations_bath-candles-evening_1024x1536.sdr.png	t3	2	20	46234	902.9660669912118	1603.435000000104	78.718	
9094-lilith-ai-illustrations	imazen-26-png-v3/png-v3/9094-lilith-ai-illustrations/9100_gen_illustrations_bath-candles-evening_1024x1536.sdr.png	t3	2	32	25487	1238.648964004824	3681.3030000001563	66.270	
9094-lilith-ai-illustrations	imazen-26-png-v3/png-v3/9094-lilith-ai-illustrations/9100_gen_illustrations_bath-candles-evening_1024x1536.sdr.png	t3	2	44	8938	869.1798840009142	2597.5759999997194	34.354	
9094-lilith-ai-illustrations	imazen-26-png-v3/png-v3/9094-lilith-ai-illustrations/9100_gen_illustrations_bath-candles-evening_1024x1536.sdr.png	t3	4	20	46765	220.611734999693	454.4879999999125	78.543	
9094-lilith-ai-illustrations	imazen-26-png-v3/png-v3/9094-lilith-ai-illustrations/9100_gen_illustrations_bath-candles-evening_1024x1536.sdr.png	t3	4	32	26304	226.03138799604494	635.8910000001003	66.168	
9094-lilith-ai-illustrations	imazen-26-png-v3/png-v3/9094-lilith-ai-illustrations/9100_gen_illustrations_bath-candles-evening_1024x1536.sdr.png	t3	4	44	9337	165.46964399458375	165.29300000038916	34.948	
9094-lilith-ai-illustrations	imazen-26-png-v3/png-v3/9094-lilith-ai-illustrations/9100_gen_illustrations_bath-candles-evening_1024x1536.sdr.png	t3	6	20	48039	97.89191700110678	62.6440000003754	78.798	
9094-lilith-ai-illustrations	imazen-26-png-v3/png-v3/9094-lilith-ai-illustrations/9100_gen_illustrations_bath-candles-evening_1024x1536.sdr.png	t3	6	32	27682	113.12177000218071	152.2559999992268	66.821	
9094-lilith-ai-illustrations	imazen-26-png-v3/png-v3/9094-lilith-ai-illustrations/9100_gen_illustrations_bath-candles-evening_1024x1536.sdr.png	t3	6	44	10149	59.55991100927349	922.7340000003039	35.828	
9094-lilith-ai-illustrations	imazen-26-png-v3/png-v3/9094-lilith-ai-illustrations/9100_gen_illustrations_bath-candles-evening_1024x1536.sdr.png	t3	8	20	49655	58.59606000012718	5118.138000000158	78.759	
9094-lilith-ai-illustrations	imazen-26-png-v3/png-v3/9094-lilith-ai-illustrations/9100_gen_illustrations_bath-candles-evening_1024x1536.sdr.png	t3	8	32	28872	434.51851699501276	164.80699999945614	66.890	
9094-lilith-ai-illustrations	imazen-26-png-v3/png-v3/9094-lilith-ai-illustrations/9100_gen_illustrations_bath-candles-evening_1024x1536.sdr.png	t3	8	44	10823	321.1368729971582	106.25799999911578	36.883	
9094-lilith-ai-illustrations	imazen-26-png-v3/png-v3/9094-lilith-ai-illustrations/9100_gen_illustrations_bath-candles-evening_1024x1536.sdr.png	t3	10	20	49695	341.7765589983901	116.71799999993482	78.645	
9094-lilith-ai-illustrations	imazen-26-png-v3/png-v3/9094-lilith-ai-illustrations/9100_gen_illustrations_bath-candles-evening_1024x1536.sdr.png	t3	10	32	28976	115.6216579984175	76.18400000126258	67.079	
9094-lilith-ai-illustrations	imazen-26-png-v3/png-v3/9094-lilith-ai-illustrations/9100_gen_illustrations_bath-candles-evening_1024x1536.sdr.png	t3	10	44	10911	373.20667899621185	135.45699999957606	37.047	
9094-lilith-ai-illustrations	imazen-26-png-v3/png-v3/9094-lilith-ai-illustrations/9100_gen_illustrations_bath-candles-evening_1024x1536.sdr.png	t3	12	20	49695	136.105960002169	123.3420000000649	78.645	
9094-lilith-ai-illustrations	imazen-26-png-v3/png-v3/9094-lilith-ai-illustrations/9100_gen_illustrations_bath-candles-evening_1024x1536.sdr.png	t3	12	32	28976	105.61996301112231	113.85100000026682	67.079	
9094-lilith-ai-illustrations	imazen-26-png-v3/png-v3/9094-lilith-ai-illustrations/9100_gen_illustrations_bath-candles-evening_1024x1536.sdr.png	t3	12	44	10911	93.78090100653935	47.464000000104534	37.047	
9094-lilith-ai-illustrations	imazen-26-png-v3/png-v3/9094-lilith-ai-illustrations/9100_gen_illustrations_bath-candles-evening_1024x1536.sdr.png	t4	-1	20	44269	6218.578764004633	36305.658999999905	DEC-ERR	
9094-lilith-ai-illustrations	imazen-26-png-v3/png-v3/9094-lilith-ai-illustrations/9100_gen_illustrations_bath-candles-evening_1024x1536.sdr.png	t4	-1	32	23558	7402.3059559985995	43836.484999999644	DEC-ERR	
9094-lilith-ai-illustrations	imazen-26-png-v3/png-v3/9094-lilith-ai-illustrations/9100_gen_illustrations_bath-candles-evening_1024x1536.sdr.png	t4	-1	44	7063	7672.44588000176	51534.2949999997	DEC-ERR	
9094-lilith-ai-illustrations	imazen-26-png-v3/png-v3/9094-lilith-ai-illustrations/9100_gen_illustrations_bath-candles-evening_1024x1536.sdr.png	t4	2	20	45729	1084.2452659999253	2802.033000000449	78.313	
9094-lilith-ai-illustrations	imazen-26-png-v3/png-v3/9094-lilith-ai-illustrations/9100_gen_illustrations_bath-candles-evening_1024x1536.sdr.png	t4	2	32	24479	1088.9395710109966	3733.972000000392	63.449	
9094-lilith-ai-illustrations	imazen-26-png-v3/png-v3/9094-lilith-ai-illustrations/9100_gen_illustrations_bath-candles-evening_1024x1536.sdr.png	t4	2	44	7290	918.2209680002416	2732.1550000002617	29.223	
9094-lilith-ai-illustrations	imazen-26-png-v3/png-v3/9094-lilith-ai-illustrations/9100_gen_illustrations_bath-candles-evening_1024x1536.sdr.png	t4	4	20	46158	244.36587699165102	638.8530000000685	78.216	
9094-lilith-ai-illustrations	imazen-26-png-v3/png-v3/9094-lilith-ai-illustrations/9100_gen_illustrations_bath-candles-evening_1024x1536.sdr.png	t4	4	32	25083	213.9947779942304	384.7729999993419	63.608	
9094-lilith-ai-illustrations	imazen-26-png-v3/png-v3/9094-lilith-ai-illustrations/9100_gen_illustrations_bath-candles-evening_1024x1536.sdr.png	t4	4	44	7592	145.8076440030709	145.57499999966694	29.367	
9094-lilith-ai-illustrations	imazen-26-png-v3/png-v3/9094-lilith-ai-illustrations/9100_gen_illustrations_bath-candles-evening_1024x1536.sdr.png	t4	6	20	47212	63.624760005041026	133.1019999994396	78.062	
9094-lilith-ai-illustrations	imazen-26-png-v3/png-v3/9094-lilith-ai-illustrations/9100_gen_illustrations_bath-candles-evening_1024x1536.sdr.png	t4	6	32	26171	55.629555994528346	153.6930000000325	63.848	
9094-lilith-ai-illustrations	imazen-26-png-v3/png-v3/9094-lilith-ai-illustrations/9100_gen_illustrations_bath-candles-evening_1024x1536.sdr.png	t4	6	44	8236	52.535009002895094	186.05299999990166	29.442	
9094-lilith-ai-illustrations	imazen-26-png-v3/png-v3/9094-lilith-ai-illustrations/9100_gen_illustrations_bath-candles-evening_1024x1536.sdr.png	t4	8	20	48630	168.45972300507128	65.29499999942345	78.200	
9094-lilith-ai-illustrations	imazen-26-png-v3/png-v3/9094-lilith-ai-illustrations/9100_gen_illustrations_bath-candles-evening_1024x1536.sdr.png	t4	8	32	27084	187.99706600839272	106.29200000005312	63.335	
9094-lilith-ai-illustrations	imazen-26-png-v3/png-v3/9094-lilith-ai-illustrations/9100_gen_illustrations_bath-candles-evening_1024x1536.sdr.png	t4	8	44	8414	69.30803300929256	88.51400000037302	28.887	
9094-lilith-ai-illustrations	imazen-26-png-v3/png-v3/9094-lilith-ai-illustrations/9100_gen_illustrations_bath-candles-evening_1024x1536.sdr.png	t4	10	20	48667	33.78699500171933	55.206999999967366	78.152	
9094-lilith-ai-illustrations	imazen-26-png-v3/png-v3/9094-lilith-ai-illustrations/9100_gen_illustrations_bath-candles-evening_1024x1536.sdr.png	t4	10	32	27969	403.28349800256547	138.29999999992992	64.698	
9094-lilith-ai-illustrations	imazen-26-png-v3/png-v3/9094-lilith-ai-illustrations/9100_gen_illustrations_bath-candles-evening_1024x1536.sdr.png	t4	10	44	8847	122.18221600051038	81.32400000022244	30.185	
9094-lilith-ai-illustrations	imazen-26-png-v3/png-v3/9094-lilith-ai-illustrations/9100_gen_illustrations_bath-candles-evening_1024x1536.sdr.png	t4	12	20	48667	120.06003699207213	67.90099999972199	78.152	
9094-lilith-ai-illustrations	imazen-26-png-v3/png-v3/9094-lilith-ai-illustrations/9100_gen_illustrations_bath-candles-evening_1024x1536.sdr.png	t4	12	32	27969	228.0695280060172	91.62099999997508	64.698	
9094-lilith-ai-illustrations	imazen-26-png-v3/png-v3/9094-lilith-ai-illustrations/9100_gen_illustrations_bath-candles-evening_1024x1536.sdr.png	t4	12	44	8847	87.58737800235394	112.36200000018925	30.185	
9094-lilith-ai-illustrations	imazen-26-png-v3/png-v3/9094-lilith-ai-illustrations/9100_gen_illustrations_bath-candles-evening_1024x1536.sdr.png	st	-1	20	39057	5654.271014005644	49964.27800000009	DEC-ERR	
9094-lilith-ai-illustrations	imazen-26-png-v3/png-v3/9094-lilith-ai-illustrations/9100_gen_illustrations_bath-candles-evening_1024x1536.sdr.png	st	-1	32	18543	7554.615647997707	58180.29899999968	DEC-ERR	
9094-lilith-ai-illustrations	imazen-26-png-v3/png-v3/9094-lilith-ai-illustrations/9100_gen_illustrations_bath-candles-evening_1024x1536.sdr.png	st	-1	44	6083	6908.273355991696	57028.01399999987	DEC-ERR	
9094-lilith-ai-illustrations	imazen-26-png-v3/png-v3/9094-lilith-ai-illustrations/9100_gen_illustrations_bath-candles-evening_1024x1536.sdr.png	st	2	20	40534	810.8388480031863	9569.309000000772	75.904	
9094-lilith-ai-illustrations	imazen-26-png-v3/png-v3/9094-lilith-ai-illustrations/9100_gen_illustrations_bath-candles-evening_1024x1536.sdr.png	st	2	32	19686	887.2712810116354	11249.431000000726	58.388	
9094-lilith-ai-illustrations	imazen-26-png-v3/png-v3/9094-lilith-ai-illustrations/9100_gen_illustrations_bath-candles-evening_1024x1536.sdr.png	st	2	44	6260	878.5680830042111	11214.642000000338	21.425	
9094-lilith-ai-illustrations	imazen-26-png-v3/png-v3/9094-lilith-ai-illustrations/9100_gen_illustrations_bath-candles-evening_1024x1536.sdr.png	st	4	20	41001	208.02646399533842	441.7479999995635	75.842	
9094-lilith-ai-illustrations	imazen-26-png-v3/png-v3/9094-lilith-ai-illustrations/9100_gen_illustrations_bath-candles-evening_1024x1536.sdr.png	st	4	32	20280	198.92968800559174	198.70600000052718	58.277	
9094-lilith-ai-illustrations	imazen-26-png-v3/png-v3/9094-lilith-ai-illustrations/9100_gen_illustrations_bath-candles-evening_1024x1536.sdr.png	st	4	44	6484	182.2394320042804	341.4690000001883	22.043	
9094-lilith-ai-illustrations	imazen-26-png-v3/png-v3/9094-lilith-ai-illustrations/9100_gen_illustrations_bath-candles-evening_1024x1536.sdr.png	st	6	20	42168	57.73634699289687	91.17300000033879	75.878	
9094-lilith-ai-illustrations	imazen-26-png-v3/png-v3/9094-lilith-ai-illustrations/9100_gen_illustrations_bath-candles-evening_1024x1536.sdr.png	st	6	32	21435	67.02667100762483	118.29299999976683	59.018	
9094-lilith-ai-illustrations	imazen-26-png-v3/png-v3/9094-lilith-ai-illustrations/9100_gen_illustrations_bath-candles-evening_1024x1536.sdr.png	st	6	44	7103	119.8954340070486	78.68399999941289	21.986	
9094-lilith-ai-illustrations	imazen-26-png-v3/png-v3/9094-lilith-ai-illustrations/9100_gen_illustrations_bath-candles-evening_1024x1536.sdr.png	st	8	20	43303	123.96356000681408	106.60200000015152	75.727	
9094-lilith-ai-illustrations	imazen-26-png-v3/png-v3/9094-lilith-ai-illustrations/9100_gen_illustrations_bath-candles-evening_1024x1536.sdr.png	st	8	32	22462	39.26502900139894	70.24300000085759	59.249	
9094-lilith-ai-illustrations	imazen-26-png-v3/png-v3/9094-lilith-ai-illustrations/9100_gen_illustrations_bath-candles-evening_1024x1536.sdr.png	st	8	44	7544	66.80390700057615	58.15399999968918	23.105	
9094-lilith-ai-illustrations	imazen-26-png-v3/png-v3/9094-lilith-ai-illustrations/9100_gen_illustrations_bath-candles-evening_1024x1536.sdr.png	st	10	20	43412	140.5609799985541	90.08199999985322	75.550	
9094-lilith-ai-illustrations	imazen-26-png-v3/png-v3/9094-lilith-ai-illustrations/9100_gen_illustrations_bath-candles-evening_1024x1536.sdr.png	st	10	32	22479	292.33621701132506	6203.514000000496	58.761	
9094-lilith-ai-illustrations	imazen-26-png-v3/png-v3/9094-lilith-ai-illustrations/9100_gen_illustrations_bath-candles-evening_1024x1536.sdr.png	st	10	44	7571	241.57447599282023	46.959000000043716	22.908	
9094-lilith-ai-illustrations	imazen-26-png-v3/png-v3/9094-lilith-ai-illustrations/9100_gen_illustrations_bath-candles-evening_1024x1536.sdr.png	st	12	20	43412	226.0724859952461	24.948999999452326	75.550	
9094-lilith-ai-illustrations	imazen-26-png-v3/png-v3/9094-lilith-ai-illustrations/9100_gen_illustrations_bath-candles-evening_1024x1536.sdr.png	st	12	32	22479	103.3332109946059	72.34099999925547	58.761	
9094-lilith-ai-illustrations	imazen-26-png-v3/png-v3/9094-lilith-ai-illustrations/9100_gen_illustrations_bath-candles-evening_1024x1536.sdr.png	st	12	44	7571	271.4843169960659	114.18800000024021	22.908	
9094-lilith-ai-illustrations	imazen-26-png-v3/png-v3/9094-lilith-ai-illustrations/9135_gen_illustrations_old-fisherman-river_1024x1536.sdr.png	t1	-1	20	44467	5794.270558006247	48042.72600000061	73.103	
9094-lilith-ai-illustrations	imazen-26-png-v3/png-v3/9094-lilith-ai-illustrations/9135_gen_illustrations_old-fisherman-river_1024x1536.sdr.png	t1	-1	32	21180	7231.017041005543	55515.947000000524	48.785	
9094-lilith-ai-illustrations	imazen-26-png-v3/png-v3/9094-lilith-ai-illustrations/9135_gen_illustrations_old-fisherman-river_1024x1536.sdr.png	t1	-1	44	7411	7873.293600991019	64015.90999999993	2.147	
9094-lilith-ai-illustrations	imazen-26-png-v3/png-v3/9094-lilith-ai-illustrations/9135_gen_illustrations_old-fisherman-river_1024x1536.sdr.png	t1	2	20	43461	756.4998820016626	9911.294000000595	70.935	
9094-lilith-ai-illustrations	imazen-26-png-v3/png-v3/9094-lilith-ai-illustrations/9135_gen_illustrations_old-fisherman-river_1024x1536.sdr.png	t1	2	32	19916	752.9884440009482	10663.037999999717	44.454	
9094-lilith-ai-illustrations	imazen-26-png-v3/png-v3/9094-lilith-ai-illustrations/9135_gen_illustrations_old-fisherman-river_1024x1536.sdr.png	t1	2	44	6641	711.5967569989152	9836.721999999952	-4.249	
9094-lilith-ai-illustrations	imazen-26-png-v3/png-v3/9094-lilith-ai-illustrations/9135_gen_illustrations_old-fisherman-river_1024x1536.sdr.png	t1	4	20	43719	225.5849499924807	7854.522000000571	70.594	
9094-lilith-ai-illustrations	imazen-26-png-v3/png-v3/9094-lilith-ai-illustrations/9135_gen_illustrations_old-fisherman-river_1024x1536.sdr.png	t1	4	32	19939	254.10885000019334	8053.049999999701	42.310	
9094-lilith-ai-illustrations	imazen-26-png-v3/png-v3/9094-lilith-ai-illustrations/9135_gen_illustrations_old-fisherman-river_1024x1536.sdr.png	t1	4	44	6605	225.74055498989765	649.027000000558	-6.331	
9094-lilith-ai-illustrations	imazen-26-png-v3/png-v3/9094-lilith-ai-illustrations/9135_gen_illustrations_old-fisherman-river_1024x1536.sdr.png	t1	6	20	45150	105.05235599703155	69.94299999990972	70.950	
9094-lilith-ai-illustrations	imazen-26-png-v3/png-v3/9094-lilith-ai-illustrations/9135_gen_illustrations_old-fisherman-river_1024x1536.sdr.png	t1	6	32	20991	101.2004509975668	836.2010000003011	42.320	
9094-lilith-ai-illustrations	imazen-26-png-v3/png-v3/9094-lilith-ai-illustrations/9135_gen_illustrations_old-fisherman-river_1024x1536.sdr.png	t1	6	44	6968	175.6382349994965	5799.617999999953	-6.689	
9094-lilith-ai-illustrations	imazen-26-png-v3/png-v3/9094-lilith-ai-illustrations/9135_gen_illustrations_old-fisherman-river_1024x1536.sdr.png	t1	8	20	47277	84.97416500176769	5658.350000000439	69.793	
9094-lilith-ai-illustrations	imazen-26-png-v3/png-v3/9094-lilith-ai-illustrations/9135_gen_illustrations_old-fisherman-river_1024x1536.sdr.png	t1	8	32	21519	60.2225689945044	5651.125999999863	40.921	
9094-lilith-ai-illustrations	imazen-26-png-v3/png-v3/9094-lilith-ai-illustrations/9135_gen_illustrations_old-fisherman-river_1024x1536.sdr.png	t1	8	44	6957	74.59253899287432	88.96200000032195	-8.040	
9094-lilith-ai-illustrations	imazen-26-png-v3/png-v3/9094-lilith-ai-illustrations/9135_gen_illustrations_old-fisherman-river_1024x1536.sdr.png	t1	10	20	47736	217.87478700571228	118.31999999981235	69.124	
9094-lilith-ai-illustrations	imazen-26-png-v3/png-v3/9094-lilith-ai-illustrations/9135_gen_illustrations_old-fisherman-river_1024x1536.sdr.png	t1	10	32	20628	202.3618570092367	86.37899999970955	38.406	
9094-lilith-ai-illustrations	imazen-26-png-v3/png-v3/9094-lilith-ai-illustrations/9135_gen_illustrations_old-fisherman-river_1024x1536.sdr.png	t1	10	44	6662	77.24433499970473	19.632999999913636	-8.709	
9094-lilith-ai-illustrations	imazen-26-png-v3/png-v3/9094-lilith-ai-illustrations/9135_gen_illustrations_old-fisherman-river_1024x1536.sdr.png	t1	12	20	47736	390.91585100686643	30.00399999970682	69.124	
9094-lilith-ai-illustrations	imazen-26-png-v3/png-v3/9094-lilith-ai-illustrations/9135_gen_illustrations_old-fisherman-river_1024x1536.sdr.png	t1	12	32	20628	83.50280098966323	66.30299999983436	38.406	
9094-lilith-ai-illustrations	imazen-26-png-v3/png-v3/9094-lilith-ai-illustrations/9135_gen_illustrations_old-fisherman-river_1024x1536.sdr.png	t1	12	44	6662	61.025713992421515	98.42000000060125	-8.709	
9094-lilith-ai-illustrations	imazen-26-png-v3/png-v3/9094-lilith-ai-illustrations/9135_gen_illustrations_old-fisherman-river_1024x1536.sdr.png	t2	-1	20	44414	5673.7726499995915	49032.52000000021	73.454	
9094-lilith-ai-illustrations	imazen-26-png-v3/png-v3/9094-lilith-ai-illustrations/9135_gen_illustrations_old-fisherman-river_1024x1536.sdr.png	t2	-1	32	20981	7122.861751995515	56499.8919999997	50.183	
9094-lilith-ai-illustrations	imazen-26-png-v3/png-v3/9094-lilith-ai-illustrations/9135_gen_illustrations_old-fisherman-river_1024x1536.sdr.png	t2	-1	44	7086	7868.773156005773	64619.17400000027	3.170	
9094-lilith-ai-illustrations	imazen-26-png-v3/png-v3/9094-lilith-ai-illustrations/9135_gen_illustrations_old-fisherman-river_1024x1536.sdr.png	t2	2	20	43214	1015.5124250013614	16023.288000000235	71.816	
9094-lilith-ai-illustrations	imazen-26-png-v3/png-v3/9094-lilith-ai-illustrations/9135_gen_illustrations_old-fisherman-river_1024x1536.sdr.png	t2	2	32	19809	772.391543010599	17452.897000000718	46.836	
9094-lilith-ai-illustrations	imazen-26-png-v3/png-v3/9094-lilith-ai-illustrations/9135_gen_illustrations_old-fisherman-river_1024x1536.sdr.png	t2	2	44	6332	671.266335004475	16589.669999999387	-1.202	
9094-lilith-ai-illustrations	imazen-26-png-v3/png-v3/9094-lilith-ai-illustrations/9135_gen_illustrations_old-fisherman-river_1024x1536.sdr.png	t2	4	20	43652	221.2898620055057	14637.648000000097	71.579	
9094-lilith-ai-illustrations	imazen-26-png-v3/png-v3/9094-lilith-ai-illustrations/9135_gen_illustrations_old-fisherman-river_1024x1536.sdr.png	t2	4	32	19574	255.07944299897645	7547.447999999946	44.945	
9094-lilith-ai-illustrations	imazen-26-png-v3/png-v3/9094-lilith-ai-illustrations/9135_gen_illustrations_old-fisherman-river_1024x1536.sdr.png	t2	4	44	6232	178.1084669928532	186.4380000002086	-3.247	
9094-lilith-ai-illustrations	imazen-26-png-v3/png-v3/9094-lilith-ai-illustrations/9135_gen_illustrations_old-fisherman-river_1024x1536.sdr.png	t2	6	20	44864	140.104643011	79.8039999991147	71.476	
9094-lilith-ai-illustrations	imazen-26-png-v3/png-v3/9094-lilith-ai-illustrations/9135_gen_illustrations_old-fisherman-river_1024x1536.sdr.png	t2	6	32	20655	385.9804469975643	71.47400000056336	44.617	
9094-lilith-ai-illustrations	imazen-26-png-v3/png-v3/9094-lilith-ai-illustrations/9135_gen_illustrations_old-fisherman-river_1024x1536.sdr.png	t2	6	44	6659	184.3489979946753	112.26599999918108	-5.375	
9094-lilith-ai-illustrations	imazen-26-png-v3/png-v3/9094-lilith-ai-illustrations/9135_gen_illustrations_old-fisherman-river_1024x1536.sdr.png	t2	8	20	47022	143.98636600526515	107.40300000014713	70.347	
9094-lilith-ai-illustrations	imazen-26-png-v3/png-v3/9094-lilith-ai-illustrations/9135_gen_illustrations_old-fisherman-river_1024x1536.sdr.png	t2	8	32	21169	118.78813200746663	88.76899999961552	42.519	
9094-lilith-ai-illustrations	imazen-26-png-v3/png-v3/9094-lilith-ai-illustrations/9135_gen_illustrations_old-fisherman-river_1024x1536.sdr.png	t2	8	44	6619	51.74980800074991	63.68300000025329	-7.204	
9094-lilith-ai-illustrations	imazen-26-png-v3/png-v3/9094-lilith-ai-illustrations/9135_gen_illustrations_old-fisherman-river_1024x1536.sdr.png	t2	10	20	47420	161.09868400963023	138.64800000030186	69.532	
9094-lilith-ai-illustrations	imazen-26-png-v3/png-v3/9094-lilith-ai-illustrations/9135_gen_illustrations_old-fisherman-river_1024x1536.sdr.png	t2	10	32	20275	153.85042800335214	56.16500000024871	40.326	
9094-lilith-ai-illustrations	imazen-26-png-v3/png-v3/9094-lilith-ai-illustrations/9135_gen_illustrations_old-fisherman-river_1024x1536.sdr.png	t2	10	44	6272	266.3283759902697	76.60700000025145	-8.250	
9094-lilith-ai-illustrations	imazen-26-png-v3/png-v3/9094-lilith-ai-illustrations/9135_gen_illustrations_old-fisherman-river_1024x1536.sdr.png	t2	12	20	47420	185.31279799935874	82.7729999994915	69.532	
9094-lilith-ai-illustrations	imazen-26-png-v3/png-v3/9094-lilith-ai-illustrations/9135_gen_illustrations_old-fisherman-river_1024x1536.sdr.png	t2	12	32	20275	306.6920900018886	64.70000000001619	40.326	
9094-lilith-ai-illustrations	imazen-26-png-v3/png-v3/9094-lilith-ai-illustrations/9135_gen_illustrations_old-fisherman-river_1024x1536.sdr.png	t2	12	44	6272	319.34436899609864	57.713999999378984	-8.250	
9094-lilith-ai-illustrations	imazen-26-png-v3/png-v3/9094-lilith-ai-illustrations/9135_gen_illustrations_old-fisherman-river_1024x1536.sdr.png	t3	-1	20	51770	6259.784207999473	51190.345000000125	DEC-ERR	
9094-lilith-ai-illustrations	imazen-26-png-v3/png-v3/9094-lilith-ai-illustrations/9135_gen_illustrations_old-fisherman-river_1024x1536.sdr.png	t3	-1	32	29678	7787.181043997407	59498.41399999983	DEC-ERR	
9094-lilith-ai-illustrations	imazen-26-png-v3/png-v3/9094-lilith-ai-illustrations/9135_gen_illustrations_old-fisherman-river_1024x1536.sdr.png	t3	-1	44	11916	9850.307938992046	66388.04900000009	DEC-ERR	
9094-lilith-ai-illustrations	imazen-26-png-v3/png-v3/9094-lilith-ai-illustrations/9135_gen_illustrations_old-fisherman-river_1024x1536.sdr.png	t3	2	20	53301	946.2994009954855	9530.409000000049	78.618	
9094-lilith-ai-illustrations	imazen-26-png-v3/png-v3/9094-lilith-ai-illustrations/9135_gen_illustrations_old-fisherman-river_1024x1536.sdr.png	t3	2	32	29980	1347.3518719983986	12001.5029999999	64.829	
9094-lilith-ai-illustrations	imazen-26-png-v3/png-v3/9094-lilith-ai-illustrations/9135_gen_illustrations_old-fisherman-river_1024x1536.sdr.png	t3	2	44	11709	1041.1634490010329	10795.195000000234	29.409	
9094-lilith-ai-illustrations	imazen-26-png-v3/png-v3/9094-lilith-ai-illustrations/9135_gen_illustrations_old-fisherman-river_1024x1536.sdr.png	t3	4	20	54245	269.56008200068027	303.4720000006814	78.362	
9094-lilith-ai-illustrations	imazen-26-png-v3/png-v3/9094-lilith-ai-illustrations/9135_gen_illustrations_old-fisherman-river_1024x1536.sdr.png	t3	4	32	30696	288.0557189928368	547.3920000008548	64.531	
9094-lilith-ai-illustrations	imazen-26-png-v3/png-v3/9094-lilith-ai-illustrations/9135_gen_illustrations_old-fisherman-river_1024x1536.sdr.png	t3	4	44	12051	257.2845600079745	1298.1979999993598	29.473	
9094-lilith-ai-illustrations	imazen-26-png-v3/png-v3/9094-lilith-ai-illustrations/9135_gen_illustrations_old-fisherman-river_1024x1536.sdr.png	t3	6	20	55710	125.95919000159483	1017.1239999999386	78.339	
9094-lilith-ai-illustrations	imazen-26-png-v3/png-v3/9094-lilith-ai-illustrations/9135_gen_illustrations_old-fisherman-river_1024x1536.sdr.png	t3	6	32	32079	158.7391920038499	1074.029000000877	64.941	
9094-lilith-ai-illustrations	imazen-26-png-v3/png-v3/9094-lilith-ai-illustrations/9135_gen_illustrations_old-fisherman-river_1024x1536.sdr.png	t3	6	44	12886	407.2518739994848	5763.556999999963	30.027	
9094-lilith-ai-illustrations	imazen-26-png-v3/png-v3/9094-lilith-ai-illustrations/9135_gen_illustrations_old-fisherman-river_1024x1536.sdr.png	t3	8	20	59396	71.15878800686914	32.41200000084632	78.163	
9094-lilith-ai-illustrations	imazen-26-png-v3/png-v3/9094-lilith-ai-illustrations/9135_gen_illustrations_old-fisherman-river_1024x1536.sdr.png	t3	8	32	34335	53.84879499615636	90.18900000069152	64.937	
9094-lilith-ai-illustrations	imazen-26-png-v3/png-v3/9094-lilith-ai-illustrations/9135_gen_illustrations_old-fisherman-river_1024x1536.sdr.png	t3	8	44	13647	37.40318199561443	25.896000000329877	31.066	
9094-lilith-ai-illustrations	imazen-26-png-v3/png-v3/9094-lilith-ai-illustrations/9135_gen_illustrations_old-fisherman-river_1024x1536.sdr.png	t3	10	20	60180	119.57213000277989	148.7759999992022	77.893	
9094-lilith-ai-illustrations	imazen-26-png-v3/png-v3/9094-lilith-ai-illustrations/9135_gen_illustrations_old-fisherman-river_1024x1536.sdr.png	t3	10	32	34654	145.28668399725575	116.00500000008651	64.562	
9094-lilith-ai-illustrations	imazen-26-png-v3/png-v3/9094-lilith-ai-illustrations/9135_gen_illustrations_old-fisherman-river_1024x1536.sdr.png	t3	10	44	13616	114.27696399914566	108.85200000035411	30.381	
9094-lilith-ai-illustrations	imazen-26-png-v3/png-v3/9094-lilith-ai-illustrations/9135_gen_illustrations_old-fisherman-river_1024x1536.sdr.png	t3	12	20	60180	109.57687799236737	101.28700000038293	77.893	
9094-lilith-ai-illustrations	imazen-26-png-v3/png-v3/9094-lilith-ai-illustrations/9135_gen_illustrations_old-fisherman-river_1024x1536.sdr.png	t3	12	32	34654	41.288310996606015	33.771999999686386	64.562	
9094-lilith-ai-illustrations	imazen-26-png-v3/png-v3/9094-lilith-ai-illustrations/9135_gen_illustrations_old-fisherman-river_1024x1536.sdr.png	t3	12	44	13616	194.42450199858285	139.5560000006526	30.381	
9094-lilith-ai-illustrations	imazen-26-png-v3/png-v3/9094-lilith-ai-illustrations/9135_gen_illustrations_old-fisherman-river_1024x1536.sdr.png	t4	-1	20	52338	6466.827394004213	47467.5639999995	DEC-ERR	
9094-lilith-ai-illustrations	imazen-26-png-v3/png-v3/9094-lilith-ai-illustrations/9135_gen_illustrations_old-fisherman-river_1024x1536.sdr.png	t4	-1	32	29950	8264.64572000259	58055.35300000008	DEC-ERR	
9094-lilith-ai-illustrations	imazen-26-png-v3/png-v3/9094-lilith-ai-illustrations/9135_gen_illustrations_old-fisherman-river_1024x1536.sdr.png	t4	-1	44	11846	10342.712495999876	74986.44400000012	DEC-ERR	
9094-lilith-ai-illustrations	imazen-26-png-v3/png-v3/9094-lilith-ai-illustrations/9135_gen_illustrations_old-fisherman-river_1024x1536.sdr.png	t4	2	20	52698	1015.9900220023701	9752.296000000171	78.140	
9094-lilith-ai-illustrations	imazen-26-png-v3/png-v3/9094-lilith-ai-illustrations/9135_gen_illustrations_old-fisherman-river_1024x1536.sdr.png	t4	2	32	29934	1124.023207987193	11039.108999999342	64.576	
9094-lilith-ai-illustrations	imazen-26-png-v3/png-v3/9094-lilith-ai-illustrations/9135_gen_illustrations_old-fisherman-river_1024x1536.sdr.png	t4	2	44	11269	1021.0484879935393	4145.545000000567	27.412	
9094-lilith-ai-illustrations	imazen-26-png-v3/png-v3/9094-lilith-ai-illustrations/9135_gen_illustrations_old-fisherman-river_1024x1536.sdr.png	t4	4	20	53365	267.38279800338205	340.0240000003407	77.648	
9094-lilith-ai-illustrations	imazen-26-png-v3/png-v3/9094-lilith-ai-illustrations/9135_gen_illustrations_old-fisherman-river_1024x1536.sdr.png	t4	4	32	30570	294.5294319943059	796.2939999997332	64.325	
9094-lilith-ai-illustrations	imazen-26-png-v3/png-v3/9094-lilith-ai-illustrations/9135_gen_illustrations_old-fisherman-river_1024x1536.sdr.png	t4	4	44	11547	221.10960001009516	477.43700000009426	27.203	
9094-lilith-ai-illustrations	imazen-26-png-v3/png-v3/9094-lilith-ai-illustrations/9135_gen_illustrations_old-fisherman-river_1024x1536.sdr.png	t4	6	20	54624	150.73371899779886	1019.9090000005242	77.631	
9094-lilith-ai-illustrations	imazen-26-png-v3/png-v3/9094-lilith-ai-illustrations/9135_gen_illustrations_old-fisherman-river_1024x1536.sdr.png	t4	6	32	31764	156.07438200095203	1204.373999999973	64.429	
9094-lilith-ai-illustrations	imazen-26-png-v3/png-v3/9094-lilith-ai-illustrations/9135_gen_illustrations_old-fisherman-river_1024x1536.sdr.png	t4	6	44	12290	190.19810699683148	1066.8180000003815	26.945	
9094-lilith-ai-illustrations	imazen-26-png-v3/png-v3/9094-lilith-ai-illustrations/9135_gen_illustrations_old-fisherman-river_1024x1536.sdr.png	t4	8	20	57433	34.15325999958441	33.83599999935427	77.166	
9094-lilith-ai-illustrations	imazen-26-png-v3/png-v3/9094-lilith-ai-illustrations/9135_gen_illustrations_old-fisherman-river_1024x1536.sdr.png	t4	8	32	33533	61.53687498590443	6490.509000000258	63.966	
9094-lilith-ai-illustrations	imazen-26-png-v3/png-v3/9094-lilith-ai-illustrations/9135_gen_illustrations_old-fisherman-river_1024x1536.sdr.png	t4	8	44	12647	35.02407399355434	6325.00700000071	26.426	
9094-lilith-ai-illustrations	imazen-26-png-v3/png-v3/9094-lilith-ai-illustrations/9135_gen_illustrations_old-fisherman-river_1024x1536.sdr.png	t4	10	20	58023	41.22338800516445	103.50900000008778	77.007	
9094-lilith-ai-illustrations	imazen-26-png-v3/png-v3/9094-lilith-ai-illustrations/9135_gen_illustrations_old-fisherman-river_1024x1536.sdr.png	t4	10	32	33408	52.417807004530914	95.56599999950777	62.053	
9094-lilith-ai-illustrations	imazen-26-png-v3/png-v3/9094-lilith-ai-illustrations/9135_gen_illustrations_old-fisherman-river_1024x1536.sdr.png	t4	10	44	12288	73.4111759957159	93.98499999980459	25.329	
9094-lilith-ai-illustrations	imazen-26-png-v3/png-v3/9094-lilith-ai-illustrations/9135_gen_illustrations_old-fisherman-river_1024x1536.sdr.png	t4	12	20	58023	46.93203901115339	72.66099999952758	77.007	
9094-lilith-ai-illustrations	imazen-26-png-v3/png-v3/9094-lilith-ai-illustrations/9135_gen_illustrations_old-fisherman-river_1024x1536.sdr.png	t4	12	32	33408	216.96657298889477	25.75899999970943	62.053	
9094-lilith-ai-illustrations	imazen-26-png-v3/png-v3/9094-lilith-ai-illustrations/9135_gen_illustrations_old-fisherman-river_1024x1536.sdr.png	t4	12	44	12288	45.53522600326687	21.604999999965457	25.329	
9094-lilith-ai-illustrations	imazen-26-png-v3/png-v3/9094-lilith-ai-illustrations/9135_gen_illustrations_old-fisherman-river_1024x1536.sdr.png	st	-1	20	44684	5992.18289401324	45262.000000000684	DEC-ERR	
9094-lilith-ai-illustrations	imazen-26-png-v3/png-v3/9094-lilith-ai-illustrations/9135_gen_illustrations_old-fisherman-river_1024x1536.sdr.png	st	-1	32	22822	7900.509496990708	74233.84000000084	DEC-ERR	
9094-lilith-ai-illustrations	imazen-26-png-v3/png-v3/9094-lilith-ai-illustrations/9135_gen_illustrations_old-fisherman-river_1024x1536.sdr.png	st	-1	44	8378	8435.016421004548	88074.24200000065	DEC-ERR	
9094-lilith-ai-illustrations	imazen-26-png-v3/png-v3/9094-lilith-ai-illustrations/9135_gen_illustrations_old-fisherman-river_1024x1536.sdr.png	st	2	20	45661	868.9082380005857	9164.047999999526	74.941	
9094-lilith-ai-illustrations	imazen-26-png-v3/png-v3/9094-lilith-ai-illustrations/9135_gen_illustrations_old-fisherman-river_1024x1536.sdr.png	st	2	32	23087	948.0856340087485	10167.551999999745	54.923	
9094-lilith-ai-illustrations	imazen-26-png-v3/png-v3/9094-lilith-ai-illustrations/9135_gen_illustrations_old-fisherman-river_1024x1536.sdr.png	st	2	44	8258	868.1083479896188	3539.3130000005895	12.488	
9094-lilith-ai-illustrations	imazen-26-png-v3/png-v3/9094-lilith-ai-illustrations/9135_gen_illustrations_old-fisherman-river_1024x1536.sdr.png	st	4	20	46292	245.80815600347705	279.2020000007085	74.705	
9094-lilith-ai-illustrations	imazen-26-png-v3/png-v3/9094-lilith-ai-illustrations/9135_gen_illustrations_old-fisherman-river_1024x1536.sdr.png	st	4	32	23388	266.341549999197	496.2780000002738	54.832	
9094-lilith-ai-illustrations	imazen-26-png-v3/png-v3/9094-lilith-ai-illustrations/9135_gen_illustrations_old-fisherman-river_1024x1536.sdr.png	st	4	44	8405	220.3505280049285	2110.421999999886	11.071	
9094-lilith-ai-illustrations	imazen-26-png-v3/png-v3/9094-lilith-ai-illustrations/9135_gen_illustrations_old-fisherman-river_1024x1536.sdr.png	st	6	20	47428	105.19878299965058	1000.7459999994239	74.566	
9094-lilith-ai-illustrations	imazen-26-png-v3/png-v3/9094-lilith-ai-illustrations/9135_gen_illustrations_old-fisherman-river_1024x1536.sdr.png	st	6	32	24349	275.6840930087492	135.26900000007913	54.380	
9094-lilith-ai-illustrations	imazen-26-png-v3/png-v3/9094-lilith-ai-illustrations/9135_gen_illustrations_old-fisherman-river_1024x1536.sdr.png	st	6	44	8889	101.3421899988316	47.001000000079785	12.844	
9094-lilith-ai-illustrations	imazen-26-png-v3/png-v3/9094-lilith-ai-illustrations/9135_gen_illustrations_old-fisherman-river_1024x1536.sdr.png	st	8	20	50323	106.89406300662085	95.3739999997083	73.863	
9094-lilith-ai-illustrations	imazen-26-png-v3/png-v3/9094-lilith-ai-illustrations/9135_gen_illustrations_old-fisherman-river_1024x1536.sdr.png	st	8	32	25628	52.578963004634716	27.808000000703714	54.056	
9094-lilith-ai-illustrations	imazen-26-png-v3/png-v3/9094-lilith-ai-illustrations/9135_gen_illustrations_old-fisherman-river_1024x1536.sdr.png	st	8	44	9204	61.596928993822075	60.83700000033332	11.942	
9094-lilith-ai-illustrations	imazen-26-png-v3/png-v3/9094-lilith-ai-illustrations/9135_gen_illustrations_old-fisherman-river_1024x1536.sdr.png	st	10	20	50849	45.46699700586032	67.46600000084868	73.610	
9094-lilith-ai-illustrations	imazen-26-png-v3/png-v3/9094-lilith-ai-illustrations/9135_gen_illustrations_old-fisherman-river_1024x1536.sdr.png	st	10	32	25716	48.445303007611074	38.315999999610995	53.610	
9094-lilith-ai-illustrations	imazen-26-png-v3/png-v3/9094-lilith-ai-illustrations/9135_gen_illustrations_old-fisherman-river_1024x1536.sdr.png	st	10	44	9105	76.56782100093551	21.987000000081025	10.177	
9094-lilith-ai-illustrations	imazen-26-png-v3/png-v3/9094-lilith-ai-illustrations/9135_gen_illustrations_old-fisherman-river_1024x1536.sdr.png	st	12	20	50849	87.90537199820392	89.0169999998136	73.610	
9094-lilith-ai-illustrations	imazen-26-png-v3/png-v3/9094-lilith-ai-illustrations/9135_gen_illustrations_old-fisherman-river_1024x1536.sdr.png	st	12	32	25716	93.09335400757845	6454.124999999777	53.610	
9094-lilith-ai-illustrations	imazen-26-png-v3/png-v3/9094-lilith-ai-illustrations/9135_gen_illustrations_old-fisherman-river_1024x1536.sdr.png	st	12	44	9105	105.44697499426547	6496.166000000045	10.177	
9226-lilith-ai-products	imazen-26-png-v3/png-v3/9226-lilith-ai-products/beauty/9303_gen_products-beauty_florwell-bath-soak-back_ingredients_p0074_1024x1536.sdr.png	t1	-1	20	24770	4647.559823002666	33688.43400000043	67.712	
9226-lilith-ai-products	imazen-26-png-v3/png-v3/9226-lilith-ai-products/beauty/9303_gen_products-beauty_florwell-bath-soak-back_ingredients_p0074_1024x1536.sdr.png	t1	-1	32	12145	4624.017583992099	38143.77399999984	45.812	
9226-lilith-ai-products	imazen-26-png-v3/png-v3/9226-lilith-ai-products/beauty/9303_gen_products-beauty_florwell-bath-soak-back_ingredients_p0074_1024x1536.sdr.png	t1	-1	44	6644	4961.8394739954965	51175.64000000044	27.297	
9226-lilith-ai-products	imazen-26-png-v3/png-v3/9226-lilith-ai-products/beauty/9303_gen_products-beauty_florwell-bath-soak-back_ingredients_p0074_1024x1536.sdr.png	t1	2	20	23851	484.52229901158717	753.1869999992296	65.649	
9226-lilith-ai-products	imazen-26-png-v3/png-v3/9226-lilith-ai-products/beauty/9303_gen_products-beauty_florwell-bath-soak-back_ingredients_p0074_1024x1536.sdr.png	t1	2	32	12271	464.84330599196255	1209.6850000000359	43.270	
9226-lilith-ai-products	imazen-26-png-v3/png-v3/9226-lilith-ai-products/beauty/9303_gen_products-beauty_florwell-bath-soak-back_ingredients_p0074_1024x1536.sdr.png	t1	2	44	6600	521.8298999971012	1685.0889999996639	25.636	
9226-lilith-ai-products	imazen-26-png-v3/png-v3/9226-lilith-ai-products/beauty/9303_gen_products-beauty_florwell-bath-soak-back_ingredients_p0074_1024x1536.sdr.png	t1	4	20	24755	163.80195700912736	163.53799999976104	65.048	
9226-lilith-ai-products	imazen-26-png-v3/png-v3/9226-lilith-ai-products/beauty/9303_gen_products-beauty_florwell-bath-soak-back_ingredients_p0074_1024x1536.sdr.png	t1	4	32	12685	229.8611099977279	1127.0089999997026	43.238	
9226-lilith-ai-products	imazen-26-png-v3/png-v3/9226-lilith-ai-products/beauty/9303_gen_products-beauty_florwell-bath-soak-back_ingredients_p0074_1024x1536.sdr.png	t1	4	44	6882	208.98600699729286	150.9439999994413	25.359	
9226-lilith-ai-products	imazen-26-png-v3/png-v3/9226-lilith-ai-products/beauty/9303_gen_products-beauty_florwell-bath-soak-back_ingredients_p0074_1024x1536.sdr.png	t1	6	20	25800	77.15462399937678	94.72599999907061	65.766	
9226-lilith-ai-products	imazen-26-png-v3/png-v3/9226-lilith-ai-products/beauty/9303_gen_products-beauty_florwell-bath-soak-back_ingredients_p0074_1024x1536.sdr.png	t1	6	32	13417	94.24565300287213	58.93199999957233	43.051	
9226-lilith-ai-products	imazen-26-png-v3/png-v3/9226-lilith-ai-products/beauty/9303_gen_products-beauty_florwell-bath-soak-back_ingredients_p0074_1024x1536.sdr.png	t1	6	44	7009	71.85018100426532	76.07299999932593	24.415	
9226-lilith-ai-products	imazen-26-png-v3/png-v3/9226-lilith-ai-products/beauty/9303_gen_products-beauty_florwell-bath-soak-back_ingredients_p0074_1024x1536.sdr.png	t1	8	20	27236	92.41581700916868	76.07299999932593	64.987	
9226-lilith-ai-products	imazen-26-png-v3/png-v3/9226-lilith-ai-products/beauty/9303_gen_products-beauty_florwell-bath-soak-back_ingredients_p0074_1024x1536.sdr.png	t1	8	32	14036	315.779589000158	36.16300000012984	41.858	
9226-lilith-ai-products	imazen-26-png-v3/png-v3/9226-lilith-ai-products/beauty/9303_gen_products-beauty_florwell-bath-soak-back_ingredients_p0074_1024x1536.sdr.png	t1	8	44	7174	87.79902999231126	61.83799999951134	22.666	
9226-lilith-ai-products	imazen-26-png-v3/png-v3/9226-lilith-ai-products/beauty/9303_gen_products-beauty_florwell-bath-soak-back_ingredients_p0074_1024x1536.sdr.png	t1	10	20	30571	138.6346009967383	60.600000000590626	65.313	
9226-lilith-ai-products	imazen-26-png-v3/png-v3/9226-lilith-ai-products/beauty/9303_gen_products-beauty_florwell-bath-soak-back_ingredients_p0074_1024x1536.sdr.png	t1	10	32	15213	51.78323200379964	41.730999999600726	42.260	
9226-lilith-ai-products	imazen-26-png-v3/png-v3/9226-lilith-ai-products/beauty/9303_gen_products-beauty_florwell-bath-soak-back_ingredients_p0074_1024x1536.sdr.png	t1	10	44	7316	133.02211300469935	20.163999999340376	21.279	
9226-lilith-ai-products	imazen-26-png-v3/png-v3/9226-lilith-ai-products/beauty/9303_gen_products-beauty_florwell-bath-soak-back_ingredients_p0074_1024x1536.sdr.png	t1	12	20	30571	57.487755999318324	21.266999999028258	65.313	
9226-lilith-ai-products	imazen-26-png-v3/png-v3/9226-lilith-ai-products/beauty/9303_gen_products-beauty_florwell-bath-soak-back_ingredients_p0074_1024x1536.sdr.png	t1	12	32	15213	197.77716899989173	89.27200000078983	42.260	
9226-lilith-ai-products	imazen-26-png-v3/png-v3/9226-lilith-ai-products/beauty/9303_gen_products-beauty_florwell-bath-soak-back_ingredients_p0074_1024x1536.sdr.png	t1	12	44	7316	62.51089498982765	46.094999999070296	21.279	
9226-lilith-ai-products	imazen-26-png-v3/png-v3/9226-lilith-ai-products/beauty/9303_gen_products-beauty_florwell-bath-soak-back_ingredients_p0074_1024x1536.sdr.png	t2	-1	20	24731	4527.851516002556	52884.988999999565	67.753	
9226-lilith-ai-products	imazen-26-png-v3/png-v3/9226-lilith-ai-products/beauty/9303_gen_products-beauty_florwell-bath-soak-back_ingredients_p0074_1024x1536.sdr.png	t2	-1	32	11725	4359.345464006765	48297.353000000585	45.873	
9226-lilith-ai-products	imazen-26-png-v3/png-v3/9226-lilith-ai-products/beauty/9303_gen_products-beauty_florwell-bath-soak-back_ingredients_p0074_1024x1536.sdr.png	t2	-1	44	6343	4840.867545004585	59392.63299999945	27.608	
9226-lilith-ai-products	imazen-26-png-v3/png-v3/9226-lilith-ai-products/beauty/9303_gen_products-beauty_florwell-bath-soak-back_ingredients_p0074_1024x1536.sdr.png	t2	2	20	23844	473.7476059963228	10964.257999999347	65.737	
9226-lilith-ai-products	imazen-26-png-v3/png-v3/9226-lilith-ai-products/beauty/9303_gen_products-beauty_florwell-bath-soak-back_ingredients_p0074_1024x1536.sdr.png	t2	2	32	11547	444.79366998712067	11381.77799999994	43.779	
9226-lilith-ai-products	imazen-26-png-v3/png-v3/9226-lilith-ai-products/beauty/9303_gen_products-beauty_florwell-bath-soak-back_ingredients_p0074_1024x1536.sdr.png	t2	2	44	6085	516.256806004094	11845.91100000057	23.552	
9226-lilith-ai-products	imazen-26-png-v3/png-v3/9226-lilith-ai-products/beauty/9303_gen_products-beauty_florwell-bath-soak-back_ingredients_p0074_1024x1536.sdr.png	t2	4	20	24679	163.16420600924175	162.86400000015533	64.500	
9226-lilith-ai-products	imazen-26-png-v3/png-v3/9226-lilith-ai-products/beauty/9303_gen_products-beauty_florwell-bath-soak-back_ingredients_p0074_1024x1536.sdr.png	t2	4	32	11922	458.3330519963056	16943.95200000082	42.856	
9226-lilith-ai-products	imazen-26-png-v3/png-v3/9226-lilith-ai-products/beauty/9303_gen_products-beauty_florwell-bath-soak-back_ingredients_p0074_1024x1536.sdr.png	t2	4	44	6207	403.1355059996713	455.3759999991769	21.933	
9226-lilith-ai-products	imazen-26-png-v3/png-v3/9226-lilith-ai-products/beauty/9303_gen_products-beauty_florwell-bath-soak-back_ingredients_p0074_1024x1536.sdr.png	t2	6	20	26140	148.21550699707586	93.97699999988163	65.527	
9226-lilith-ai-products	imazen-26-png-v3/png-v3/9226-lilith-ai-products/beauty/9303_gen_products-beauty_florwell-bath-soak-back_ingredients_p0074_1024x1536.sdr.png	t2	6	32	12746	260.2440010086866	5153.738000000317	42.816	
9226-lilith-ai-products	imazen-26-png-v3/png-v3/9226-lilith-ai-products/beauty/9303_gen_products-beauty_florwell-bath-soak-back_ingredients_p0074_1024x1536.sdr.png	t2	6	44	6449	143.37499398970976	5165.780000000382	23.028	
9226-lilith-ai-products	imazen-26-png-v3/png-v3/9226-lilith-ai-products/beauty/9303_gen_products-beauty_florwell-bath-soak-back_ingredients_p0074_1024x1536.sdr.png	t2	8	20	26734	637.7556450024713	8395.327000000747	65.109	
9226-lilith-ai-products	imazen-26-png-v3/png-v3/9226-lilith-ai-products/beauty/9303_gen_products-beauty_florwell-bath-soak-back_ingredients_p0074_1024x1536.sdr.png	t2	8	32	13403	353.08694900595583	95.53100000013615	42.988	
9226-lilith-ai-products	imazen-26-png-v3/png-v3/9226-lilith-ai-products/beauty/9303_gen_products-beauty_florwell-bath-soak-back_ingredients_p0074_1024x1536.sdr.png	t2	8	44	6630	48.666993010556325	137.6830000009477	20.737	
9226-lilith-ai-products	imazen-26-png-v3/png-v3/9226-lilith-ai-products/beauty/9303_gen_products-beauty_florwell-bath-soak-back_ingredients_p0074_1024x1536.sdr.png	t2	10	20	30037	137.6942759961821	214.04999999944607	65.084	
9226-lilith-ai-products	imazen-26-png-v3/png-v3/9226-lilith-ai-products/beauty/9303_gen_products-beauty_florwell-bath-soak-back_ingredients_p0074_1024x1536.sdr.png	t2	10	32	14404	53.67368200677447	82.97100000018531	43.181	
9226-lilith-ai-products	imazen-26-png-v3/png-v3/9226-lilith-ai-products/beauty/9303_gen_products-beauty_florwell-bath-soak-back_ingredients_p0074_1024x1536.sdr.png	t2	10	44	6680	82.94483099598438	136.14899999919317	20.113	
9226-lilith-ai-products	imazen-26-png-v3/png-v3/9226-lilith-ai-products/beauty/9303_gen_products-beauty_florwell-bath-soak-back_ingredients_p0074_1024x1536.sdr.png	t2	12	20	30037	301.9704229955096	136.7709999997544	65.084	
9226-lilith-ai-products	imazen-26-png-v3/png-v3/9226-lilith-ai-products/beauty/9303_gen_products-beauty_florwell-bath-soak-back_ingredients_p0074_1024x1536.sdr.png	t2	12	32	14404	286.47894399182405	76.43799999974021	43.181	
9226-lilith-ai-products	imazen-26-png-v3/png-v3/9226-lilith-ai-products/beauty/9303_gen_products-beauty_florwell-bath-soak-back_ingredients_p0074_1024x1536.sdr.png	t2	12	44	6680	353.92714499903377	59.36200000027725	20.113	
9226-lilith-ai-products	imazen-26-png-v3/png-v3/9226-lilith-ai-products/beauty/9303_gen_products-beauty_florwell-bath-soak-back_ingredients_p0074_1024x1536.sdr.png	t3	-1	20	37895	5512.627768010134	25758.620000000035	DEC-ERR	
9226-lilith-ai-products	imazen-26-png-v3/png-v3/9226-lilith-ai-products/beauty/9303_gen_products-beauty_florwell-bath-soak-back_ingredients_p0074_1024x1536.sdr.png	t3	-1	32	21004	6952.593363006599	38691.21000000007	DEC-ERR	
9226-lilith-ai-products	imazen-26-png-v3/png-v3/9226-lilith-ai-products/beauty/9303_gen_products-beauty_florwell-bath-soak-back_ingredients_p0074_1024x1536.sdr.png	t3	-1	44	9316	5646.140954006114	31396.892000000407	DEC-ERR	
9226-lilith-ai-products	imazen-26-png-v3/png-v3/9226-lilith-ai-products/beauty/9303_gen_products-beauty_florwell-bath-soak-back_ingredients_p0074_1024x1536.sdr.png	t3	2	20	36143	772.905890000402	10947.653000000286	76.136	
9226-lilith-ai-products	imazen-26-png-v3/png-v3/9226-lilith-ai-products/beauty/9303_gen_products-beauty_florwell-bath-soak-back_ingredients_p0074_1024x1536.sdr.png	t3	2	32	19346	756.6163040028187	10913.967999999613	62.546	
9226-lilith-ai-products	imazen-26-png-v3/png-v3/9226-lilith-ai-products/beauty/9303_gen_products-beauty_florwell-bath-soak-back_ingredients_p0074_1024x1536.sdr.png	t3	2	44	7892	685.2624260063749	11487.127000000157	38.428	
9226-lilith-ai-products	imazen-26-png-v3/png-v3/9226-lilith-ai-products/beauty/9303_gen_products-beauty_florwell-bath-soak-back_ingredients_p0074_1024x1536.sdr.png	t3	4	20	37322	228.6403220059583	265.6359999995459	75.876	
9226-lilith-ai-products	imazen-26-png-v3/png-v3/9226-lilith-ai-products/beauty/9303_gen_products-beauty_florwell-bath-soak-back_ingredients_p0074_1024x1536.sdr.png	t3	4	32	19949	213.06123600516003	4942.890000000176	62.356	
9226-lilith-ai-products	imazen-26-png-v3/png-v3/9226-lilith-ai-products/beauty/9303_gen_products-beauty_florwell-bath-soak-back_ingredients_p0074_1024x1536.sdr.png	t3	4	44	8219	214.55295800114982	4909.12499999996	38.003	
9226-lilith-ai-products	imazen-26-png-v3/png-v3/9226-lilith-ai-products/beauty/9303_gen_products-beauty_florwell-bath-soak-back_ingredients_p0074_1024x1536.sdr.png	t3	6	20	38349	181.5226199978497	4676.262000000434	75.771	
9226-lilith-ai-products	imazen-26-png-v3/png-v3/9226-lilith-ai-products/beauty/9303_gen_products-beauty_florwell-bath-soak-back_ingredients_p0074_1024x1536.sdr.png	t3	6	32	21035	274.034941001446	62.945000000240725	63.016	
9226-lilith-ai-products	imazen-26-png-v3/png-v3/9226-lilith-ai-products/beauty/9303_gen_products-beauty_florwell-bath-soak-back_ingredients_p0074_1024x1536.sdr.png	t3	6	44	8553	82.3969799967017	120.2000000001533	38.626	
9226-lilith-ai-products	imazen-26-png-v3/png-v3/9226-lilith-ai-products/beauty/9303_gen_products-beauty_florwell-bath-soak-back_ingredients_p0074_1024x1536.sdr.png	t3	8	20	40768	113.08582199853845	92.45000000004211	75.308	
9226-lilith-ai-products	imazen-26-png-v3/png-v3/9226-lilith-ai-products/beauty/9303_gen_products-beauty_florwell-bath-soak-back_ingredients_p0074_1024x1536.sdr.png	t3	8	32	22486	92.4721040064469	106.24900000067328	62.846	
9226-lilith-ai-products	imazen-26-png-v3/png-v3/9226-lilith-ai-products/beauty/9303_gen_products-beauty_florwell-bath-soak-back_ingredients_p0074_1024x1536.sdr.png	t3	8	44	9114	174.28428499260917	100.3800000002002	38.050	
9226-lilith-ai-products	imazen-26-png-v3/png-v3/9226-lilith-ai-products/beauty/9303_gen_products-beauty_florwell-bath-soak-back_ingredients_p0074_1024x1536.sdr.png	t3	10	20	42326	158.3006399887381	89.6279999998626	75.005	
9226-lilith-ai-products	imazen-26-png-v3/png-v3/9226-lilith-ai-products/beauty/9303_gen_products-beauty_florwell-bath-soak-back_ingredients_p0074_1024x1536.sdr.png	t3	10	32	23697	229.3981409893604	70.90700000034644	61.919	
9226-lilith-ai-products	imazen-26-png-v3/png-v3/9226-lilith-ai-products/beauty/9303_gen_products-beauty_florwell-bath-soak-back_ingredients_p0074_1024x1536.sdr.png	t3	10	44	9422	305.78164200414903	71.84500000079197	35.775	
9226-lilith-ai-products	imazen-26-png-v3/png-v3/9226-lilith-ai-products/beauty/9303_gen_products-beauty_florwell-bath-soak-back_ingredients_p0074_1024x1536.sdr.png	t3	12	20	42326	289.71290501067415	127.08399999982589	75.005	
9226-lilith-ai-products	imazen-26-png-v3/png-v3/9226-lilith-ai-products/beauty/9303_gen_products-beauty_florwell-bath-soak-back_ingredients_p0074_1024x1536.sdr.png	t3	12	32	23697	64.669123996282	90.62000000116655	61.919	
9226-lilith-ai-products	imazen-26-png-v3/png-v3/9226-lilith-ai-products/beauty/9303_gen_products-beauty_florwell-bath-soak-back_ingredients_p0074_1024x1536.sdr.png	t3	12	44	9422	82.72135599690955	88.45499999975459	35.775	
9226-lilith-ai-products	imazen-26-png-v3/png-v3/9226-lilith-ai-products/beauty/9303_gen_products-beauty_florwell-bath-soak-back_ingredients_p0074_1024x1536.sdr.png	t4	-1	20	37288	5625.6399910053005	30053.299999999977	DEC-ERR	
9226-lilith-ai-products	imazen-26-png-v3/png-v3/9226-lilith-ai-products/beauty/9303_gen_products-beauty_florwell-bath-soak-back_ingredients_p0074_1024x1536.sdr.png	t4	-1	32	19939	6258.063178000157	42678.85200000086	DEC-ERR	
9226-lilith-ai-products	imazen-26-png-v3/png-v3/9226-lilith-ai-products/beauty/9303_gen_products-beauty_florwell-bath-soak-back_ingredients_p0074_1024x1536.sdr.png	t4	-1	44	9510	6098.903687001439	36474.82900000062	DEC-ERR	
9226-lilith-ai-products	imazen-26-png-v3/png-v3/9226-lilith-ai-products/beauty/9303_gen_products-beauty_florwell-bath-soak-back_ingredients_p0074_1024x1536.sdr.png	t4	2	20	36016	744.4596960121999	2068.659000000366	75.872	
9226-lilith-ai-products	imazen-26-png-v3/png-v3/9226-lilith-ai-products/beauty/9303_gen_products-beauty_florwell-bath-soak-back_ingredients_p0074_1024x1536.sdr.png	t4	2	32	18164	712.7448270039167	2638.8680000001727	61.497	
9226-lilith-ai-products	imazen-26-png-v3/png-v3/9226-lilith-ai-products/beauty/9303_gen_products-beauty_florwell-bath-soak-back_ingredients_p0074_1024x1536.sdr.png	t4	2	44	7890	681.5433519950602	1265.9370000002923	38.611	
9226-lilith-ai-products	imazen-26-png-v3/png-v3/9226-lilith-ai-products/beauty/9303_gen_products-beauty_florwell-bath-soak-back_ingredients_p0074_1024x1536.sdr.png	t4	4	20	37229	209.57164799619932	272.7759999999648	75.775	
9226-lilith-ai-products	imazen-26-png-v3/png-v3/9226-lilith-ai-products/beauty/9303_gen_products-beauty_florwell-bath-soak-back_ingredients_p0074_1024x1536.sdr.png	t4	4	32	19019	197.10297900019214	607.4120000001813	61.376	
9226-lilith-ai-products	imazen-26-png-v3/png-v3/9226-lilith-ai-products/beauty/9303_gen_products-beauty_florwell-bath-soak-back_ingredients_p0074_1024x1536.sdr.png	t4	4	44	8248	163.5950929921819	368.18700000014815	37.967	
9226-lilith-ai-products	imazen-26-png-v3/png-v3/9226-lilith-ai-products/beauty/9303_gen_products-beauty_florwell-bath-soak-back_ingredients_p0074_1024x1536.sdr.png	t4	6	20	38061	326.8406049901387	95.08799999986195	75.659	
9226-lilith-ai-products	imazen-26-png-v3/png-v3/9226-lilith-ai-products/beauty/9303_gen_products-beauty_florwell-bath-soak-back_ingredients_p0074_1024x1536.sdr.png	t4	6	32	19922	342.02277699660044	148.94699999950944	61.671	
9226-lilith-ai-products	imazen-26-png-v3/png-v3/9226-lilith-ai-products/beauty/9303_gen_products-beauty_florwell-bath-soak-back_ingredients_p0074_1024x1536.sdr.png	t4	6	44	8475	283.4046850039158	159.08599999949047	37.916	
9226-lilith-ai-products	imazen-26-png-v3/png-v3/9226-lilith-ai-products/beauty/9303_gen_products-beauty_florwell-bath-soak-back_ingredients_p0074_1024x1536.sdr.png	t4	8	20	40133	123.85469400032889	63.27500000082864	74.881	
9226-lilith-ai-products	imazen-26-png-v3/png-v3/9226-lilith-ai-products/beauty/9303_gen_products-beauty_florwell-bath-soak-back_ingredients_p0074_1024x1536.sdr.png	t4	8	32	21082	328.80344199656975	125.06199999961609	61.252	
9226-lilith-ai-products	imazen-26-png-v3/png-v3/9226-lilith-ai-products/beauty/9303_gen_products-beauty_florwell-bath-soak-back_ingredients_p0074_1024x1536.sdr.png	t4	8	44	8896	76.38990299892612	5620.598000000172	37.275	
9226-lilith-ai-products	imazen-26-png-v3/png-v3/9226-lilith-ai-products/beauty/9303_gen_products-beauty_florwell-bath-soak-back_ingredients_p0074_1024x1536.sdr.png	t4	10	20	41542	58.40026799705811	72.72899999904325	74.571	
9226-lilith-ai-products	imazen-26-png-v3/png-v3/9226-lilith-ai-products/beauty/9303_gen_products-beauty_florwell-bath-soak-back_ingredients_p0074_1024x1536.sdr.png	t4	10	32	21893	170.3202259959653	184.28599999998596	60.410	
9226-lilith-ai-products	imazen-26-png-v3/png-v3/9226-lilith-ai-products/beauty/9303_gen_products-beauty_florwell-bath-soak-back_ingredients_p0074_1024x1536.sdr.png	t4	10	44	9065	143.70977999351453	144.14399999984084	35.278	
9226-lilith-ai-products	imazen-26-png-v3/png-v3/9226-lilith-ai-products/beauty/9303_gen_products-beauty_florwell-bath-soak-back_ingredients_p0074_1024x1536.sdr.png	t4	12	20	41542	61.24047200137284	110.31499999987204	74.571	
9226-lilith-ai-products	imazen-26-png-v3/png-v3/9226-lilith-ai-products/beauty/9303_gen_products-beauty_florwell-bath-soak-back_ingredients_p0074_1024x1536.sdr.png	t4	12	32	21893	177.22250400402118	38.620999999864125	60.410	
9226-lilith-ai-products	imazen-26-png-v3/png-v3/9226-lilith-ai-products/beauty/9303_gen_products-beauty_florwell-bath-soak-back_ingredients_p0074_1024x1536.sdr.png	t4	12	44	9065	60.70136799826287	6925.1410000004225	35.278	
9226-lilith-ai-products	imazen-26-png-v3/png-v3/9226-lilith-ai-products/beauty/9303_gen_products-beauty_florwell-bath-soak-back_ingredients_p0074_1024x1536.sdr.png	st	-1	20	33681	5474.845946999267	33551.58999999984	DEC-ERR	
9226-lilith-ai-products	imazen-26-png-v3/png-v3/9226-lilith-ai-products/beauty/9303_gen_products-beauty_florwell-bath-soak-back_ingredients_p0074_1024x1536.sdr.png	st	-1	32	17475	6172.31704799633	42473.780000000064	DEC-ERR	
9226-lilith-ai-products	imazen-26-png-v3/png-v3/9226-lilith-ai-products/beauty/9303_gen_products-beauty_florwell-bath-soak-back_ingredients_p0074_1024x1536.sdr.png	st	-1	44	8380	5265.515486011282	28192.448999999557	DEC-ERR	
9226-lilith-ai-products	imazen-26-png-v3/png-v3/9226-lilith-ai-products/beauty/9303_gen_products-beauty_florwell-bath-soak-back_ingredients_p0074_1024x1536.sdr.png	st	2	20	31903	681.3668770046206	1360.8770000004142	73.560	
9226-lilith-ai-products	imazen-26-png-v3/png-v3/9226-lilith-ai-products/beauty/9303_gen_products-beauty_florwell-bath-soak-back_ingredients_p0074_1024x1536.sdr.png	st	2	32	16043	715.2605750015937	1933.6830000002863	57.466	
9226-lilith-ai-products	imazen-26-png-v3/png-v3/9226-lilith-ai-products/beauty/9303_gen_products-beauty_florwell-bath-soak-back_ingredients_p0074_1024x1536.sdr.png	st	2	44	6835	696.45705500443	2437.839000000338	33.515	
9226-lilith-ai-products	imazen-26-png-v3/png-v3/9226-lilith-ai-products/beauty/9303_gen_products-beauty_florwell-bath-soak-back_ingredients_p0074_1024x1536.sdr.png	st	4	20	33067	196.8126680003479	271.5719999998214	73.309	
9226-lilith-ai-products	imazen-26-png-v3/png-v3/9226-lilith-ai-products/beauty/9303_gen_products-beauty_florwell-bath-soak-back_ingredients_p0074_1024x1536.sdr.png	st	4	32	16543	199.8199990048306	413.0380000007392	57.079	
9226-lilith-ai-products	imazen-26-png-v3/png-v3/9226-lilith-ai-products/beauty/9303_gen_products-beauty_florwell-bath-soak-back_ingredients_p0074_1024x1536.sdr.png	st	4	44	7021	173.15078098908998	531.3120000006961	33.213	
9226-lilith-ai-products	imazen-26-png-v3/png-v3/9226-lilith-ai-products/beauty/9303_gen_products-beauty_florwell-bath-soak-back_ingredients_p0074_1024x1536.sdr.png	st	6	20	34003	226.92106699105352	91.37799999976437	73.171	
9226-lilith-ai-products	imazen-26-png-v3/png-v3/9226-lilith-ai-products/beauty/9303_gen_products-beauty_florwell-bath-soak-back_ingredients_p0074_1024x1536.sdr.png	st	6	32	17467	242.42338800104335	141.56499999958783	57.491	
9226-lilith-ai-products	imazen-26-png-v3/png-v3/9226-lilith-ai-products/beauty/9303_gen_products-beauty_florwell-bath-soak-back_ingredients_p0074_1024x1536.sdr.png	st	6	44	7260	130.20393099577632	107.23000000049865	33.235	
9226-lilith-ai-products	imazen-26-png-v3/png-v3/9226-lilith-ai-products/beauty/9303_gen_products-beauty_florwell-bath-soak-back_ingredients_p0074_1024x1536.sdr.png	st	8	20	36012	219.14804600237403	85.07600000055504	72.144	
9226-lilith-ai-products	imazen-26-png-v3/png-v3/9226-lilith-ai-products/beauty/9303_gen_products-beauty_florwell-bath-soak-back_ingredients_p0074_1024x1536.sdr.png	st	8	32	18339	132.2976869996637	53.028000000864495	56.843	
9226-lilith-ai-products	imazen-26-png-v3/png-v3/9226-lilith-ai-products/beauty/9303_gen_products-beauty_florwell-bath-soak-back_ingredients_p0074_1024x1536.sdr.png	st	8	44	7533	121.77675700513646	28.43999999950597	31.815	
9226-lilith-ai-products	imazen-26-png-v3/png-v3/9226-lilith-ai-products/beauty/9303_gen_products-beauty_florwell-bath-soak-back_ingredients_p0074_1024x1536.sdr.png	st	10	20	37407	97.40329900523648	82.24599999911675	71.820	
9226-lilith-ai-products	imazen-26-png-v3/png-v3/9226-lilith-ai-products/beauty/9303_gen_products-beauty_florwell-bath-soak-back_ingredients_p0074_1024x1536.sdr.png	st	10	32	18909	189.10034200234804	127.30600000085701	55.955	
9226-lilith-ai-products	imazen-26-png-v3/png-v3/9226-lilith-ai-products/beauty/9303_gen_products-beauty_florwell-bath-soak-back_ingredients_p0074_1024x1536.sdr.png	st	10	44	7588	173.6696470034076	114.99499999965224	29.036	
9226-lilith-ai-products	imazen-26-png-v3/png-v3/9226-lilith-ai-products/beauty/9303_gen_products-beauty_florwell-bath-soak-back_ingredients_p0074_1024x1536.sdr.png	st	12	20	37407	41.6636329900939	32.211000000700096	71.820	
9226-lilith-ai-products	imazen-26-png-v3/png-v3/9226-lilith-ai-products/beauty/9303_gen_products-beauty_florwell-bath-soak-back_ingredients_p0074_1024x1536.sdr.png	st	12	32	18909	342.2956249996787	76.31200000110994	55.955	
9226-lilith-ai-products	imazen-26-png-v3/png-v3/9226-lilith-ai-products/beauty/9303_gen_products-beauty_florwell-bath-soak-back_ingredients_p0074_1024x1536.sdr.png	st	12	44	7588	301.2067730014678	20.945000000097025	29.036	
9226-lilith-ai-products	imazen-26-png-v3/png-v3/9226-lilith-ai-products/home/kitchen/9817_gen_products-home-kitchen_fieldstone-glass-storage-set_p0578_1536x1024.sdr.png	t1	-1	20	16640	2943.153997999616	27611.322999999687	80.764	
9226-lilith-ai-products	imazen-26-png-v3/png-v3/9226-lilith-ai-products/home/kitchen/9817_gen_products-home-kitchen_fieldstone-glass-storage-set_p0578_1536x1024.sdr.png	t1	-1	32	9046	3402.125182998134	30800.91299999921	68.518	
9226-lilith-ai-products	imazen-26-png-v3/png-v3/9226-lilith-ai-products/home/kitchen/9817_gen_products-home-kitchen_fieldstone-glass-storage-set_p0578_1536x1024.sdr.png	t1	-1	44	4108	3484.351159000653	34109.525999999845	44.902	
9226-lilith-ai-products	imazen-26-png-v3/png-v3/9226-lilith-ai-products/home/kitchen/9817_gen_products-home-kitchen_fieldstone-glass-storage-set_p0578_1536x1024.sdr.png	t1	2	20	16364	353.4135200025048	6634.302000000531	79.823	
9226-lilith-ai-products	imazen-26-png-v3/png-v3/9226-lilith-ai-products/home/kitchen/9817_gen_products-home-kitchen_fieldstone-glass-storage-set_p0578_1536x1024.sdr.png	t1	2	32	8931	501.1547559988685	1397.0500000001493	66.899	
9226-lilith-ai-products	imazen-26-png-v3/png-v3/9226-lilith-ai-products/home/kitchen/9817_gen_products-home-kitchen_fieldstone-glass-storage-set_p0578_1536x1024.sdr.png	t1	2	44	4060	429.6552900050301	1063.3449999997424	42.964	
9226-lilith-ai-products	imazen-26-png-v3/png-v3/9226-lilith-ai-products/home/kitchen/9817_gen_products-home-kitchen_fieldstone-glass-storage-set_p0578_1536x1024.sdr.png	t1	4	20	16790	112.21516800287645	656.6469999997651	78.599	
9226-lilith-ai-products	imazen-26-png-v3/png-v3/9226-lilith-ai-products/home/kitchen/9817_gen_products-home-kitchen_fieldstone-glass-storage-set_p0578_1536x1024.sdr.png	t1	4	32	9327	111.85060600109864	656.6469999997651	66.270	
9226-lilith-ai-products	imazen-26-png-v3/png-v3/9226-lilith-ai-products/home/kitchen/9817_gen_products-home-kitchen_fieldstone-glass-storage-set_p0578_1536x1024.sdr.png	t1	4	44	4235	96.90872899955139	623.8090000001932	39.608	
9226-lilith-ai-products	imazen-26-png-v3/png-v3/9226-lilith-ai-products/home/kitchen/9817_gen_products-home-kitchen_fieldstone-glass-storage-set_p0578_1536x1024.sdr.png	t1	6	20	22528	234.31748399161734	41.192999999765334	79.864	
9226-lilith-ai-products	imazen-26-png-v3/png-v3/9226-lilith-ai-products/home/kitchen/9817_gen_products-home-kitchen_fieldstone-glass-storage-set_p0578_1536x1024.sdr.png	t1	6	32	13065	62.5529649987584	107.20300000019733	66.915	
9226-lilith-ai-products	imazen-26-png-v3/png-v3/9226-lilith-ai-products/home/kitchen/9817_gen_products-home-kitchen_fieldstone-glass-storage-set_p0578_1536x1024.sdr.png	t1	6	44	6531	52.13147299946286	107.20300000019733	41.690	
9226-lilith-ai-products	imazen-26-png-v3/png-v3/9226-lilith-ai-products/home/kitchen/9817_gen_products-home-kitchen_fieldstone-glass-storage-set_p0578_1536x1024.sdr.png	t1	8	20	23303	72.98139900376555	101.95099999992863	79.393	
9226-lilith-ai-products	imazen-26-png-v3/png-v3/9226-lilith-ai-products/home/kitchen/9817_gen_products-home-kitchen_fieldstone-glass-storage-set_p0578_1536x1024.sdr.png	t1	8	32	13546	31.04128000268247	75.01199999961727	65.606	
9226-lilith-ai-products	imazen-26-png-v3/png-v3/9226-lilith-ai-products/home/kitchen/9817_gen_products-home-kitchen_fieldstone-glass-storage-set_p0578_1536x1024.sdr.png	t1	8	44	6716	283.6556119873421	59.76200000046106	40.341	
9226-lilith-ai-products	imazen-26-png-v3/png-v3/9226-lilith-ai-products/home/kitchen/9817_gen_products-home-kitchen_fieldstone-glass-storage-set_p0578_1536x1024.sdr.png	t1	10	20	25100	72.34103299560957	20.868999999805737	79.328	
9226-lilith-ai-products	imazen-26-png-v3/png-v3/9226-lilith-ai-products/home/kitchen/9817_gen_products-home-kitchen_fieldstone-glass-storage-set_p0578_1536x1024.sdr.png	t1	10	32	13882	213.14777999941725	5149.52199999965	53.424	
9226-lilith-ai-products	imazen-26-png-v3/png-v3/9226-lilith-ai-products/home/kitchen/9817_gen_products-home-kitchen_fieldstone-glass-storage-set_p0578_1536x1024.sdr.png	t1	10	44	6827	79.49306500086095	5328.703000000076	33.781	
9226-lilith-ai-products	imazen-26-png-v3/png-v3/9226-lilith-ai-products/home/kitchen/9817_gen_products-home-kitchen_fieldstone-glass-storage-set_p0578_1536x1024.sdr.png	t1	12	20	25100	68.66330899356399	44.970999999748074	79.328	
9226-lilith-ai-products	imazen-26-png-v3/png-v3/9226-lilith-ai-products/home/kitchen/9817_gen_products-home-kitchen_fieldstone-glass-storage-set_p0578_1536x1024.sdr.png	t1	12	32	13882	309.9779000040144	85.30500000009056	53.424	
9226-lilith-ai-products	imazen-26-png-v3/png-v3/9226-lilith-ai-products/home/kitchen/9817_gen_products-home-kitchen_fieldstone-glass-storage-set_p0578_1536x1024.sdr.png	t1	12	44	6827	289.3599350063596	42.82999999963977	33.781	
9226-lilith-ai-products	imazen-26-png-v3/png-v3/9226-lilith-ai-products/home/kitchen/9817_gen_products-home-kitchen_fieldstone-glass-storage-set_p0578_1536x1024.sdr.png	t2	-1	20	16200	2977.506668001297	17245.88400000056	80.445	
9226-lilith-ai-products	imazen-26-png-v3/png-v3/9226-lilith-ai-products/home/kitchen/9817_gen_products-home-kitchen_fieldstone-glass-storage-set_p0578_1536x1024.sdr.png	t2	-1	32	8843	3433.2167690008646	20787.560999999812	68.704	
9226-lilith-ai-products	imazen-26-png-v3/png-v3/9226-lilith-ai-products/home/kitchen/9817_gen_products-home-kitchen_fieldstone-glass-storage-set_p0578_1536x1024.sdr.png	t2	-1	44	3977	3804.9126990081277	24246.710999999694	44.921	
9226-lilith-ai-products	imazen-26-png-v3/png-v3/9226-lilith-ai-products/home/kitchen/9817_gen_products-home-kitchen_fieldstone-glass-storage-set_p0578_1536x1024.sdr.png	t2	2	20	15601	623.3967659936752	7590.053999999554	79.133	
9226-lilith-ai-products	imazen-26-png-v3/png-v3/9226-lilith-ai-products/home/kitchen/9817_gen_products-home-kitchen_fieldstone-glass-storage-set_p0578_1536x1024.sdr.png	t2	2	32	8439	364.25205299747176	332.33000000021207	65.851	
9226-lilith-ai-products	imazen-26-png-v3/png-v3/9226-lilith-ai-products/home/kitchen/9817_gen_products-home-kitchen_fieldstone-glass-storage-set_p0578_1536x1024.sdr.png	t2	2	44	3657	380.21582999499515	666.6629999999998	39.950	
9226-lilith-ai-products	imazen-26-png-v3/png-v3/9226-lilith-ai-products/home/kitchen/9817_gen_products-home-kitchen_fieldstone-glass-storage-set_p0578_1536x1024.sdr.png	t2	4	20	16184	458.0886080075288	362.05299999957674	78.842	
9226-lilith-ai-products	imazen-26-png-v3/png-v3/9226-lilith-ai-products/home/kitchen/9817_gen_products-home-kitchen_fieldstone-glass-storage-set_p0578_1536x1024.sdr.png	t2	4	32	8805	436.42058900150005	219.67400000087878	65.574	
9226-lilith-ai-products	imazen-26-png-v3/png-v3/9226-lilith-ai-products/home/kitchen/9817_gen_products-home-kitchen_fieldstone-glass-storage-set_p0578_1536x1024.sdr.png	t2	4	44	3966	435.8025550027378	403.6049999999989	39.359	
9226-lilith-ai-products	imazen-26-png-v3/png-v3/9226-lilith-ai-products/home/kitchen/9817_gen_products-home-kitchen_fieldstone-glass-storage-set_p0578_1536x1024.sdr.png	t2	6	20	21928	96.4967269974295	454.4460000002175	79.589	
9226-lilith-ai-products	imazen-26-png-v3/png-v3/9226-lilith-ai-products/home/kitchen/9817_gen_products-home-kitchen_fieldstone-glass-storage-set_p0578_1536x1024.sdr.png	t2	6	32	12774	63.36551799904555	325.27299999952675	66.468	
9226-lilith-ai-products	imazen-26-png-v3/png-v3/9226-lilith-ai-products/home/kitchen/9817_gen_products-home-kitchen_fieldstone-glass-storage-set_p0578_1536x1024.sdr.png	t2	6	44	6350	69.34695699601434	298.47399999943036	41.437	
9226-lilith-ai-products	imazen-26-png-v3/png-v3/9226-lilith-ai-products/home/kitchen/9817_gen_products-home-kitchen_fieldstone-glass-storage-set_p0578_1536x1024.sdr.png	t2	8	20	22804	453.4135099966079	27.185999999971955	79.173	
9226-lilith-ai-products	imazen-26-png-v3/png-v3/9226-lilith-ai-products/home/kitchen/9817_gen_products-home-kitchen_fieldstone-glass-storage-set_p0578_1536x1024.sdr.png	t2	8	32	13221	468.6845320102293	79.95100000033517	65.698	
9226-lilith-ai-products	imazen-26-png-v3/png-v3/9226-lilith-ai-products/home/kitchen/9817_gen_products-home-kitchen_fieldstone-glass-storage-set_p0578_1536x1024.sdr.png	t2	8	44	6503	108.98082600033376	32.841000000388476	38.541	
9226-lilith-ai-products	imazen-26-png-v3/png-v3/9226-lilith-ai-products/home/kitchen/9817_gen_products-home-kitchen_fieldstone-glass-storage-set_p0578_1536x1024.sdr.png	t2	10	20	24511	234.64542599685956	21.296999999492527	79.177	
9226-lilith-ai-products	imazen-26-png-v3/png-v3/9226-lilith-ai-products/home/kitchen/9817_gen_products-home-kitchen_fieldstone-glass-storage-set_p0578_1536x1024.sdr.png	t2	10	32	13554	94.29239100427367	131.18599999913272	53.415	
9226-lilith-ai-products	imazen-26-png-v3/png-v3/9226-lilith-ai-products/home/kitchen/9817_gen_products-home-kitchen_fieldstone-glass-storage-set_p0578_1536x1024.sdr.png	t2	10	44	6532	47.16064300737344	82.2640000007766	32.942	
9226-lilith-ai-products	imazen-26-png-v3/png-v3/9226-lilith-ai-products/home/kitchen/9817_gen_products-home-kitchen_fieldstone-glass-storage-set_p0578_1536x1024.sdr.png	t2	12	20	24511	63.224080004147254	171.62100000061287	79.177	
9226-lilith-ai-products	imazen-26-png-v3/png-v3/9226-lilith-ai-products/home/kitchen/9817_gen_products-home-kitchen_fieldstone-glass-storage-set_p0578_1536x1024.sdr.png	t2	12	32	13554	84.0869899984682	195.91199999996434	53.415	
9226-lilith-ai-products	imazen-26-png-v3/png-v3/9226-lilith-ai-products/home/kitchen/9817_gen_products-home-kitchen_fieldstone-glass-storage-set_p0578_1536x1024.sdr.png	t2	12	44	6532	124.27275699155871	113.06299999981206	32.942	
9226-lilith-ai-products	imazen-26-png-v3/png-v3/9226-lilith-ai-products/home/kitchen/9817_gen_products-home-kitchen_fieldstone-glass-storage-set_p0578_1536x1024.sdr.png	t3	-1	20	22383	3347.2669909970136	12362.452000000161	DEC-ERR	
9226-lilith-ai-products	imazen-26-png-v3/png-v3/9226-lilith-ai-products/home/kitchen/9817_gen_products-home-kitchen_fieldstone-glass-storage-set_p0578_1536x1024.sdr.png	t3	-1	32	13899	3476.0857820074307	15754.635000000433	DEC-ERR	
9226-lilith-ai-products	imazen-26-png-v3/png-v3/9226-lilith-ai-products/home/kitchen/9817_gen_products-home-kitchen_fieldstone-glass-storage-set_p0578_1536x1024.sdr.png	t3	-1	44	6620	3819.33878500422	19340.75600000031	DEC-ERR	
9226-lilith-ai-products	imazen-26-png-v3/png-v3/9226-lilith-ai-products/home/kitchen/9817_gen_products-home-kitchen_fieldstone-glass-storage-set_p0578_1536x1024.sdr.png	t3	2	20	21458	534.1745440091472	882.8920000000267	84.190	
9226-lilith-ai-products	imazen-26-png-v3/png-v3/9226-lilith-ai-products/home/kitchen/9817_gen_products-home-kitchen_fieldstone-glass-storage-set_p0578_1536x1024.sdr.png	t3	2	32	12287	493.3725860028062	487.7700000001255	75.533	
9226-lilith-ai-products	imazen-26-png-v3/png-v3/9226-lilith-ai-products/home/kitchen/9817_gen_products-home-kitchen_fieldstone-glass-storage-set_p0578_1536x1024.sdr.png	t3	2	44	5488	394.3297840014566	1193.6620000001597	54.450	
9226-lilith-ai-products	imazen-26-png-v3/png-v3/9226-lilith-ai-products/home/kitchen/9817_gen_products-home-kitchen_fieldstone-glass-storage-set_p0578_1536x1024.sdr.png	t3	4	20	22432	205.5931229988346	1289.1239999994752	84.105	
9226-lilith-ai-products	imazen-26-png-v3/png-v3/9226-lilith-ai-products/home/kitchen/9817_gen_products-home-kitchen_fieldstone-glass-storage-set_p0578_1536x1024.sdr.png	t3	4	32	12919	159.85890899901278	1403.3700000005922	75.152	
9226-lilith-ai-products	imazen-26-png-v3/png-v3/9226-lilith-ai-products/home/kitchen/9817_gen_products-home-kitchen_fieldstone-glass-storage-set_p0578_1536x1024.sdr.png	t3	4	44	5932	154.3445759889437	702.8490000001852	54.084	
9226-lilith-ai-products	imazen-26-png-v3/png-v3/9226-lilith-ai-products/home/kitchen/9817_gen_products-home-kitchen_fieldstone-glass-storage-set_p0578_1536x1024.sdr.png	t3	6	20	27937	411.43074999854434	253.827000000598	84.090	
9226-lilith-ai-products	imazen-26-png-v3/png-v3/9226-lilith-ai-products/home/kitchen/9817_gen_products-home-kitchen_fieldstone-glass-storage-set_p0578_1536x1024.sdr.png	t3	6	32	17062	103.14098501112312	83.36800000083144	74.956	
9226-lilith-ai-products	imazen-26-png-v3/png-v3/9226-lilith-ai-products/home/kitchen/9817_gen_products-home-kitchen_fieldstone-glass-storage-set_p0578_1536x1024.sdr.png	t3	6	44	8567	370.90830400120467	218.69499999985464	53.794	
9226-lilith-ai-products	imazen-26-png-v3/png-v3/9226-lilith-ai-products/home/kitchen/9817_gen_products-home-kitchen_fieldstone-glass-storage-set_p0578_1536x1024.sdr.png	t3	8	20	28972	230.84950700285845	142.05200000006357	83.693	
9226-lilith-ai-products	imazen-26-png-v3/png-v3/9226-lilith-ai-products/home/kitchen/9817_gen_products-home-kitchen_fieldstone-glass-storage-set_p0578_1536x1024.sdr.png	t3	8	32	17776	283.76623199437745	63.230999999177584	74.602	
9226-lilith-ai-products	imazen-26-png-v3/png-v3/9226-lilith-ai-products/home/kitchen/9817_gen_products-home-kitchen_fieldstone-glass-storage-set_p0578_1536x1024.sdr.png	t3	8	44	8924	284.1968690045178	89.42099999967468	53.187	
9226-lilith-ai-products	imazen-26-png-v3/png-v3/9226-lilith-ai-products/home/kitchen/9817_gen_products-home-kitchen_fieldstone-glass-storage-set_p0578_1536x1024.sdr.png	t3	10	20	31132	82.43429100548383	68.64799999948445	83.887	
9226-lilith-ai-products	imazen-26-png-v3/png-v3/9226-lilith-ai-products/home/kitchen/9817_gen_products-home-kitchen_fieldstone-glass-storage-set_p0578_1536x1024.sdr.png	t3	10	32	19143	273.99986500677187	3415.481999999429	74.495	
9226-lilith-ai-products	imazen-26-png-v3/png-v3/9226-lilith-ai-products/home/kitchen/9817_gen_products-home-kitchen_fieldstone-glass-storage-set_p0578_1536x1024.sdr.png	t3	10	44	9764	196.906395998667	3354.5870000007767	52.766	
9226-lilith-ai-products	imazen-26-png-v3/png-v3/9226-lilith-ai-products/home/kitchen/9817_gen_products-home-kitchen_fieldstone-glass-storage-set_p0578_1536x1024.sdr.png	t3	12	20	31132	233.01948800508399	3374.0780000000823	83.887	
9226-lilith-ai-products	imazen-26-png-v3/png-v3/9226-lilith-ai-products/home/kitchen/9817_gen_products-home-kitchen_fieldstone-glass-storage-set_p0578_1536x1024.sdr.png	t3	12	32	19143	217.452835990116	6779.469999999975	74.495	
9226-lilith-ai-products	imazen-26-png-v3/png-v3/9226-lilith-ai-products/home/kitchen/9817_gen_products-home-kitchen_fieldstone-glass-storage-set_p0578_1536x1024.sdr.png	t3	12	44	9764	139.31892099208198	72.47200000026055	52.766	
9226-lilith-ai-products	imazen-26-png-v3/png-v3/9226-lilith-ai-products/home/kitchen/9817_gen_products-home-kitchen_fieldstone-glass-storage-set_p0578_1536x1024.sdr.png	t4	-1	20	22083	3472.49292799097	12841.44100000023	DEC-ERR	
9226-lilith-ai-products	imazen-26-png-v3/png-v3/9226-lilith-ai-products/home/kitchen/9817_gen_products-home-kitchen_fieldstone-glass-storage-set_p0578_1536x1024.sdr.png	t4	-1	32	13956	3941.2742339918623	13864.92200000049	DEC-ERR	
9226-lilith-ai-products	imazen-26-png-v3/png-v3/9226-lilith-ai-products/home/kitchen/9817_gen_products-home-kitchen_fieldstone-glass-storage-set_p0578_1536x1024.sdr.png	t4	-1	44	6690	3982.2943350009155	18404.620000000334	DEC-ERR	
9226-lilith-ai-products	imazen-26-png-v3/png-v3/9226-lilith-ai-products/home/kitchen/9817_gen_products-home-kitchen_fieldstone-glass-storage-set_p0578_1536x1024.sdr.png	t4	2	20	21081	438.15652500779834	3900.1260000003695	83.903	
9226-lilith-ai-products	imazen-26-png-v3/png-v3/9226-lilith-ai-products/home/kitchen/9817_gen_products-home-kitchen_fieldstone-glass-storage-set_p0578_1536x1024.sdr.png	t4	2	32	12259	468.77763800148387	807.0529999994847	75.021	
9226-lilith-ai-products	imazen-26-png-v3/png-v3/9226-lilith-ai-products/home/kitchen/9817_gen_products-home-kitchen_fieldstone-glass-storage-set_p0578_1536x1024.sdr.png	t4	2	44	5478	516.6711130004842	1619.1150000008179	53.815	
9226-lilith-ai-products	imazen-26-png-v3/png-v3/9226-lilith-ai-products/home/kitchen/9817_gen_products-home-kitchen_fieldstone-glass-storage-set_p0578_1536x1024.sdr.png	t4	4	20	21945	215.8322280010907	976.9360000005065	83.259	
9226-lilith-ai-products	imazen-26-png-v3/png-v3/9226-lilith-ai-products/home/kitchen/9817_gen_products-home-kitchen_fieldstone-glass-storage-set_p0578_1536x1024.sdr.png	t4	4	32	12852	162.78432399849407	264.97699999970337	74.423	
9226-lilith-ai-products	imazen-26-png-v3/png-v3/9226-lilith-ai-products/home/kitchen/9817_gen_products-home-kitchen_fieldstone-glass-storage-set_p0578_1536x1024.sdr.png	t4	4	44	5871	138.8769110053545	114.37400000022535	53.495	
9226-lilith-ai-products	imazen-26-png-v3/png-v3/9226-lilith-ai-products/home/kitchen/9817_gen_products-home-kitchen_fieldstone-glass-storage-set_p0578_1536x1024.sdr.png	t4	6	20	27083	168.776083010016	123.47699999995143	83.528	
9226-lilith-ai-products	imazen-26-png-v3/png-v3/9226-lilith-ai-products/home/kitchen/9817_gen_products-home-kitchen_fieldstone-glass-storage-set_p0578_1536x1024.sdr.png	t4	6	32	16706	301.27270800585393	159.5190000000173	74.311	
9226-lilith-ai-products	imazen-26-png-v3/png-v3/9226-lilith-ai-products/home/kitchen/9817_gen_products-home-kitchen_fieldstone-glass-storage-set_p0578_1536x1024.sdr.png	t4	6	44	8258	263.1168969965074	161.63199999965627	52.878	
9226-lilith-ai-products	imazen-26-png-v3/png-v3/9226-lilith-ai-products/home/kitchen/9817_gen_products-home-kitchen_fieldstone-glass-storage-set_p0578_1536x1024.sdr.png	t4	8	20	27944	429.89376399782486	96.55200000005948	82.969	
9226-lilith-ai-products	imazen-26-png-v3/png-v3/9226-lilith-ai-products/home/kitchen/9817_gen_products-home-kitchen_fieldstone-glass-storage-set_p0578_1536x1024.sdr.png	t4	8	32	17327	188.4218939958373	51.33800000027122	73.880	
9226-lilith-ai-products	imazen-26-png-v3/png-v3/9226-lilith-ai-products/home/kitchen/9817_gen_products-home-kitchen_fieldstone-glass-storage-set_p0578_1536x1024.sdr.png	t4	8	44	8554	199.39269800670445	59.81100000010997	51.319	
9226-lilith-ai-products	imazen-26-png-v3/png-v3/9226-lilith-ai-products/home/kitchen/9817_gen_products-home-kitchen_fieldstone-glass-storage-set_p0578_1536x1024.sdr.png	t4	10	20	29448	252.72732600569725	142.8800000002184	82.478	
9226-lilith-ai-products	imazen-26-png-v3/png-v3/9226-lilith-ai-products/home/kitchen/9817_gen_products-home-kitchen_fieldstone-glass-storage-set_p0578_1536x1024.sdr.png	t4	10	32	17705	94.10334199492354	108.302999999637	59.974	
9226-lilith-ai-products	imazen-26-png-v3/png-v3/9226-lilith-ai-products/home/kitchen/9817_gen_products-home-kitchen_fieldstone-glass-storage-set_p0578_1536x1024.sdr.png	t4	10	44	8711	188.8275630044518	104.78499999956625	43.665	
9226-lilith-ai-products	imazen-26-png-v3/png-v3/9226-lilith-ai-products/home/kitchen/9817_gen_products-home-kitchen_fieldstone-glass-storage-set_p0578_1536x1024.sdr.png	t4	12	20	29448	116.59582798893098	45.95100000102548	82.478	
9226-lilith-ai-products	imazen-26-png-v3/png-v3/9226-lilith-ai-products/home/kitchen/9817_gen_products-home-kitchen_fieldstone-glass-storage-set_p0578_1536x1024.sdr.png	t4	12	32	17705	169.4729469891172	32.74299999975483	59.974	
9226-lilith-ai-products	imazen-26-png-v3/png-v3/9226-lilith-ai-products/home/kitchen/9817_gen_products-home-kitchen_fieldstone-glass-storage-set_p0578_1536x1024.sdr.png	t4	12	44	8711	456.05346400407143	3427.561999999625	43.665	
9226-lilith-ai-products	imazen-26-png-v3/png-v3/9226-lilith-ai-products/home/kitchen/9817_gen_products-home-kitchen_fieldstone-glass-storage-set_p0578_1536x1024.sdr.png	st	-1	20	18292	3324.6710289968178	16628.337999999643	DEC-ERR	
9226-lilith-ai-products	imazen-26-png-v3/png-v3/9226-lilith-ai-products/home/kitchen/9817_gen_products-home-kitchen_fieldstone-glass-storage-set_p0578_1536x1024.sdr.png	st	-1	32	9869	3284.2964840092463	19471.422999999475	DEC-ERR	
9226-lilith-ai-products	imazen-26-png-v3/png-v3/9226-lilith-ai-products/home/kitchen/9817_gen_products-home-kitchen_fieldstone-glass-storage-set_p0578_1536x1024.sdr.png	st	-1	44	4330	3039.6946399996523	16239.579000000247	DEC-ERR	
9226-lilith-ai-products	imazen-26-png-v3/png-v3/9226-lilith-ai-products/home/kitchen/9817_gen_products-home-kitchen_fieldstone-glass-storage-set_p0578_1536x1024.sdr.png	st	2	20	17956	343.87952300312463	459.07600000052184	81.932	
9226-lilith-ai-products	imazen-26-png-v3/png-v3/9226-lilith-ai-products/home/kitchen/9817_gen_products-home-kitchen_fieldstone-glass-storage-set_p0578_1536x1024.sdr.png	st	2	32	9572	431.2726219941396	8907.28200000001	70.660	
9226-lilith-ai-products	imazen-26-png-v3/png-v3/9226-lilith-ai-products/home/kitchen/9817_gen_products-home-kitchen_fieldstone-glass-storage-set_p0578_1536x1024.sdr.png	st	2	44	4113	355.3493060026085	9197.893000000278	46.347	
9226-lilith-ai-products	imazen-26-png-v3/png-v3/9226-lilith-ai-products/home/kitchen/9817_gen_products-home-kitchen_fieldstone-glass-storage-set_p0578_1536x1024.sdr.png	st	4	20	18753	215.40688100503758	4420.398000000006	81.778	
9226-lilith-ai-products	imazen-26-png-v3/png-v3/9226-lilith-ai-products/home/kitchen/9817_gen_products-home-kitchen_fieldstone-glass-storage-set_p0578_1536x1024.sdr.png	st	4	32	10062	155.77302999736276	4520.316000000349	70.087	
9226-lilith-ai-products	imazen-26-png-v3/png-v3/9226-lilith-ai-products/home/kitchen/9817_gen_products-home-kitchen_fieldstone-glass-storage-set_p0578_1536x1024.sdr.png	st	4	44	4341	404.42349200020544	4902.866999999731	44.415	
9226-lilith-ai-products	imazen-26-png-v3/png-v3/9226-lilith-ai-products/home/kitchen/9817_gen_products-home-kitchen_fieldstone-glass-storage-set_p0578_1536x1024.sdr.png	st	6	20	23659	362.00369299331214	4797.796999999633	81.476	
9226-lilith-ai-products	imazen-26-png-v3/png-v3/9226-lilith-ai-products/home/kitchen/9817_gen_products-home-kitchen_fieldstone-glass-storage-set_p0578_1536x1024.sdr.png	st	6	32	13506	77.44420498784166	4638.505000000265	69.247	
9226-lilith-ai-products	imazen-26-png-v3/png-v3/9226-lilith-ai-products/home/kitchen/9817_gen_products-home-kitchen_fieldstone-glass-storage-set_p0578_1536x1024.sdr.png	st	6	44	6503	311.56305100012105	199.10500000037246	44.125	
9226-lilith-ai-products	imazen-26-png-v3/png-v3/9226-lilith-ai-products/home/kitchen/9817_gen_products-home-kitchen_fieldstone-glass-storage-set_p0578_1536x1024.sdr.png	st	8	20	24408	398.4048030106351	22.050000000632508	80.808	
9226-lilith-ai-products	imazen-26-png-v3/png-v3/9226-lilith-ai-products/home/kitchen/9817_gen_products-home-kitchen_fieldstone-glass-storage-set_p0578_1536x1024.sdr.png	st	8	32	14002	483.92720898846164	76.492000000286	68.089	
9226-lilith-ai-products	imazen-26-png-v3/png-v3/9226-lilith-ai-products/home/kitchen/9817_gen_products-home-kitchen_fieldstone-glass-storage-set_p0578_1536x1024.sdr.png	st	8	44	6660	163.60082500614226	19.728000000185375	42.528	
9226-lilith-ai-products	imazen-26-png-v3/png-v3/9226-lilith-ai-products/home/kitchen/9817_gen_products-home-kitchen_fieldstone-glass-storage-set_p0578_1536x1024.sdr.png	st	10	20	26415	47.288055007811636	61.82499999886204	80.954	
9226-lilith-ai-products	imazen-26-png-v3/png-v3/9226-lilith-ai-products/home/kitchen/9817_gen_products-home-kitchen_fieldstone-glass-storage-set_p0578_1536x1024.sdr.png	st	10	32	15072	52.665057010017335	102.1389999996245	68.333	
9226-lilith-ai-products	imazen-26-png-v3/png-v3/9226-lilith-ai-products/home/kitchen/9817_gen_products-home-kitchen_fieldstone-glass-storage-set_p0578_1536x1024.sdr.png	st	10	44	7340	32.34869398875162	67.26999999952454	42.478	
9226-lilith-ai-products	imazen-26-png-v3/png-v3/9226-lilith-ai-products/home/kitchen/9817_gen_products-home-kitchen_fieldstone-glass-storage-set_p0578_1536x1024.sdr.png	st	12	20	26415	356.29294799582567	101.99900000034745	80.954	
9226-lilith-ai-products	imazen-26-png-v3/png-v3/9226-lilith-ai-products/home/kitchen/9817_gen_products-home-kitchen_fieldstone-glass-storage-set_p0578_1536x1024.sdr.png	st	12	32	15072	377.2140390065033	103.13700000085646	68.333	
9226-lilith-ai-products	imazen-26-png-v3/png-v3/9226-lilith-ai-products/home/kitchen/9817_gen_products-home-kitchen_fieldstone-glass-storage-set_p0578_1536x1024.sdr.png	st	12	44	7340	346.5604139928473	82.477000000722	42.478	
