class	image	arm	qp	bytes	enc_ms	ssim2	note
1000-lilith-photos-general	imazen-26-png-v3/png-v3/1000-lilith-photos-general/1033_general_stone-tunnel-lights_placa-pedro-infante-valladolid_s23u_iso800-f1p7_20230918-111620_3000x4000.sdr.png	t1	20	45058	2722.1788500028197	-471.624	
1000-lilith-photos-general	imazen-26-png-v3/png-v3/1000-lilith-photos-general/1033_general_stone-tunnel-lights_placa-pedro-infante-valladolid_s23u_iso800-f1p7_20230918-111620_3000x4000.sdr.png	t1	32	24319	1427.3190940002678	-472.131	
1000-lilith-photos-general	imazen-26-png-v3/png-v3/1000-lilith-photos-general/1033_general_stone-tunnel-lights_placa-pedro-infante-valladolid_s23u_iso800-f1p7_20230918-111620_3000x4000.sdr.png	t1	44	10569	569.6531419962412	-467.669	
1000-lilith-photos-general	imazen-26-png-v3/png-v3/1000-lilith-photos-general/1033_general_stone-tunnel-lights_placa-pedro-infante-valladolid_s23u_iso800-f1p7_20230918-111620_3000x4000.sdr.png	t2	20	44877	2671.0124560049735	-470.780	
1000-lilith-photos-general	imazen-26-png-v3/png-v3/1000-lilith-photos-general/1033_general_stone-tunnel-lights_placa-pedro-infante-valladolid_s23u_iso800-f1p7_20230918-111620_3000x4000.sdr.png	t2	32	24300	1425.967577000847	-471.728	
1000-lilith-photos-general	imazen-26-png-v3/png-v3/1000-lilith-photos-general/1033_general_stone-tunnel-lights_placa-pedro-infante-valladolid_s23u_iso800-f1p7_20230918-111620_3000x4000.sdr.png	t2	44	10536	625.3405009920243	-466.766	
1000-lilith-photos-general	imazen-26-png-v3/png-v3/1000-lilith-photos-general/1033_general_stone-tunnel-lights_placa-pedro-infante-valladolid_s23u_iso800-f1p7_20230918-111620_3000x4000.sdr.png	t3	20	52518	3450.9105589968385	-471.690	
1000-lilith-photos-general	imazen-26-png-v3/png-v3/1000-lilith-photos-general/1033_general_stone-tunnel-lights_placa-pedro-infante-valladolid_s23u_iso800-f1p7_20230918-111620_3000x4000.sdr.png	t3	32	30815	1925.6595039914828	-473.434	
1000-lilith-photos-general	imazen-26-png-v3/png-v3/1000-lilith-photos-general/1033_general_stone-tunnel-lights_placa-pedro-infante-valladolid_s23u_iso800-f1p7_20230918-111620_3000x4000.sdr.png	t3	44	15054	981.7290960054379	-474.386	
1000-lilith-photos-general	imazen-26-png-v3/png-v3/1000-lilith-photos-general/1033_general_stone-tunnel-lights_placa-pedro-infante-valladolid_s23u_iso800-f1p7_20230918-111620_3000x4000.sdr.png	t4	20	51805	3044.64390600333	-472.080	
1000-lilith-photos-general	imazen-26-png-v3/png-v3/1000-lilith-photos-general/1033_general_stone-tunnel-lights_placa-pedro-infante-valladolid_s23u_iso800-f1p7_20230918-111620_3000x4000.sdr.png	t4	32	30370	1914.8337859951425	-474.695	
1000-lilith-photos-general	imazen-26-png-v3/png-v3/1000-lilith-photos-general/1033_general_stone-tunnel-lights_placa-pedro-infante-valladolid_s23u_iso800-f1p7_20230918-111620_3000x4000.sdr.png	t4	44	13659	1114.8593090038048	-474.685	
1000-lilith-photos-general	imazen-26-png-v3/png-v3/1000-lilith-photos-general/1033_general_stone-tunnel-lights_placa-pedro-infante-valladolid_s23u_iso800-f1p7_20230918-111620_3000x4000.sdr.png	st	20	52518	3394.115304996376	-471.690	
1000-lilith-photos-general	imazen-26-png-v3/png-v3/1000-lilith-photos-general/1033_general_stone-tunnel-lights_placa-pedro-infante-valladolid_s23u_iso800-f1p7_20230918-111620_3000x4000.sdr.png	st	32	30815	2032.3782310006209	-473.434	
1000-lilith-photos-general	imazen-26-png-v3/png-v3/1000-lilith-photos-general/1033_general_stone-tunnel-lights_placa-pedro-infante-valladolid_s23u_iso800-f1p7_20230918-111620_3000x4000.sdr.png	st	44	15054	1144.2368249990977	-474.386	
1000-lilith-photos-general	imazen-26-png-v3/png-v3/1000-lilith-photos-general/1033_general_stone-tunnel-lights_placa-pedro-infante-valladolid_s23u_iso800-f1p7_20230918-111620_3000x4000.sdr.png	st_ac06	20	52470	3329.8719890008215	-471.999	
1000-lilith-photos-general	imazen-26-png-v3/png-v3/1000-lilith-photos-general/1033_general_stone-tunnel-lights_placa-pedro-infante-valladolid_s23u_iso800-f1p7_20230918-111620_3000x4000.sdr.png	st_ac06	32	30819	2136.595497999224	-474.161	
1000-lilith-photos-general	imazen-26-png-v3/png-v3/1000-lilith-photos-general/1033_general_stone-tunnel-lights_placa-pedro-infante-valladolid_s23u_iso800-f1p7_20230918-111620_3000x4000.sdr.png	st_ac06	44	15049	1194.0818910079543	-473.632	
1000-lilith-photos-general	imazen-26-png-v3/png-v3/1000-lilith-photos-general/1033_general_stone-tunnel-lights_placa-pedro-infante-valladolid_s23u_iso800-f1p7_20230918-111620_3000x4000.sdr.png	st_ac10	20	52454	3441.190050012665	-471.266	
1000-lilith-photos-general	imazen-26-png-v3/png-v3/1000-lilith-photos-general/1033_general_stone-tunnel-lights_placa-pedro-infante-valladolid_s23u_iso800-f1p7_20230918-111620_3000x4000.sdr.png	st_ac10	32	30823	2311.6606429975946	-474.415	
1000-lilith-photos-general	imazen-26-png-v3/png-v3/1000-lilith-photos-general/1033_general_stone-tunnel-lights_placa-pedro-infante-valladolid_s23u_iso800-f1p7_20230918-111620_3000x4000.sdr.png	st_ac10	44	15065	1384.0110919991275	-472.661	
1000-lilith-photos-general	imazen-26-png-v3/png-v3/1000-lilith-photos-general/1033_general_stone-tunnel-lights_placa-pedro-infante-valladolid_s23u_iso800-f1p7_20230918-111620_3000x4000.sdr.png	st_ac20	20	52465	3384.625013000914	-471.857	
1000-lilith-photos-general	imazen-26-png-v3/png-v3/1000-lilith-photos-general/1033_general_stone-tunnel-lights_placa-pedro-infante-valladolid_s23u_iso800-f1p7_20230918-111620_3000x4000.sdr.png	st_ac20	32	30839	2073.0743229942163	-474.185	
1000-lilith-photos-general	imazen-26-png-v3/png-v3/1000-lilith-photos-general/1033_general_stone-tunnel-lights_placa-pedro-infante-valladolid_s23u_iso800-f1p7_20230918-111620_3000x4000.sdr.png	st_ac20	44	15059	1202.7722429920686	-473.562	
1000-lilith-photos-general	imazen-26-png-v3/png-v3/1000-lilith-photos-general/1033_general_stone-tunnel-lights_placa-pedro-infante-valladolid_s23u_iso800-f1p7_20230918-111620_3000x4000.sdr.png	st_vb4	20	53933	3327.8074679983547	-471.476	
1000-lilith-photos-general	imazen-26-png-v3/png-v3/1000-lilith-photos-general/1033_general_stone-tunnel-lights_placa-pedro-infante-valladolid_s23u_iso800-f1p7_20230918-111620_3000x4000.sdr.png	st_vb4	32	32513	2178.650278990972	-472.251	
1000-lilith-photos-general	imazen-26-png-v3/png-v3/1000-lilith-photos-general/1033_general_stone-tunnel-lights_placa-pedro-infante-valladolid_s23u_iso800-f1p7_20230918-111620_3000x4000.sdr.png	st_vb4	44	15920	1270.8152060076827	-472.376	
1000-lilith-photos-general	imazen-26-png-v3/png-v3/1000-lilith-photos-general/1033_general_stone-tunnel-lights_placa-pedro-infante-valladolid_s23u_iso800-f1p7_20230918-111620_3000x4000.sdr.png	st_ac10vb4	20	53991	4289.110424986575	-471.560	
1000-lilith-photos-general	imazen-26-png-v3/png-v3/1000-lilith-photos-general/1033_general_stone-tunnel-lights_placa-pedro-infante-valladolid_s23u_iso800-f1p7_20230918-111620_3000x4000.sdr.png	st_ac10vb4	32	32568	2244.1606820066227	-472.587	
1000-lilith-photos-general	imazen-26-png-v3/png-v3/1000-lilith-photos-general/1033_general_stone-tunnel-lights_placa-pedro-infante-valladolid_s23u_iso800-f1p7_20230918-111620_3000x4000.sdr.png	st_ac10vb4	44	15919	1197.104289996787	-472.900	
1000-lilith-photos-general	imazen-26-png-v3/png-v3/1000-lilith-photos-general/1033_general_stone-tunnel-lights_placa-pedro-infante-valladolid_s23u_iso800-f1p7_20230918-111620_3000x4000.sdr.png	st_oct6	20	50781	4059.1326120047597	-471.550	
1000-lilith-photos-general	imazen-26-png-v3/png-v3/1000-lilith-photos-general/1033_general_stone-tunnel-lights_placa-pedro-infante-valladolid_s23u_iso800-f1p7_20230918-111620_3000x4000.sdr.png	st_oct6	32	29315	1984.7024049959145	-473.352	
1000-lilith-photos-general	imazen-26-png-v3/png-v3/1000-lilith-photos-general/1033_general_stone-tunnel-lights_placa-pedro-infante-valladolid_s23u_iso800-f1p7_20230918-111620_3000x4000.sdr.png	st_oct6	44	14163	1022.6481809950201	-469.941	
1000-lilith-photos-general	imazen-26-png-v3/png-v3/1000-lilith-photos-general/1033_general_stone-tunnel-lights_placa-pedro-infante-valladolid_s23u_iso800-f1p7_20230918-111620_3000x4000.sdr.png	st_oct7	20	47654	3835.6387310050195	-470.888	
1000-lilith-photos-general	imazen-26-png-v3/png-v3/1000-lilith-photos-general/1033_general_stone-tunnel-lights_placa-pedro-infante-valladolid_s23u_iso800-f1p7_20230918-111620_3000x4000.sdr.png	st_oct7	32	27059	2229.9236959952395	-474.059	
1000-lilith-photos-general	imazen-26-png-v3/png-v3/1000-lilith-photos-general/1033_general_stone-tunnel-lights_placa-pedro-infante-valladolid_s23u_iso800-f1p7_20230918-111620_3000x4000.sdr.png	st_oct7	44	12774	1152.2039359988412	-470.969	
1000-lilith-photos-general	imazen-26-png-v3/png-v3/1000-lilith-photos-general/1050_general_riverside-walkway-and-river_louvre-palace-paris_s23u_iso50-f2p2_20240425-154625_4000x3000.sdr.png	t1	20	24715	2378.813966002781	-61.831	
1000-lilith-photos-general	imazen-26-png-v3/png-v3/1000-lilith-photos-general/1050_general_riverside-walkway-and-river_louvre-palace-paris_s23u_iso50-f2p2_20240425-154625_4000x3000.sdr.png	t1	32	12639	1065.49834299949	-61.838	
1000-lilith-photos-general	imazen-26-png-v3/png-v3/1000-lilith-photos-general/1050_general_riverside-walkway-and-river_louvre-palace-paris_s23u_iso50-f2p2_20240425-154625_4000x3000.sdr.png	t1	44	5150	500.26774901198223	-61.435	
1000-lilith-photos-general	imazen-26-png-v3/png-v3/1000-lilith-photos-general/1050_general_riverside-walkway-and-river_louvre-palace-paris_s23u_iso50-f2p2_20240425-154625_4000x3000.sdr.png	t2	20	23435	2536.632319999626	-61.853	
1000-lilith-photos-general	imazen-26-png-v3/png-v3/1000-lilith-photos-general/1050_general_riverside-walkway-and-river_louvre-palace-paris_s23u_iso50-f2p2_20240425-154625_4000x3000.sdr.png	t2	32	11854	1644.8774529999355	-61.851	
1000-lilith-photos-general	imazen-26-png-v3/png-v3/1000-lilith-photos-general/1050_general_riverside-walkway-and-river_louvre-palace-paris_s23u_iso50-f2p2_20240425-154625_4000x3000.sdr.png	t2	44	4674	895.0520979997236	-61.396	
1000-lilith-photos-general	imazen-26-png-v3/png-v3/1000-lilith-photos-general/1050_general_riverside-walkway-and-river_louvre-palace-paris_s23u_iso50-f2p2_20240425-154625_4000x3000.sdr.png	t3	20	31810	2794.6482580009615	-61.918	
1000-lilith-photos-general	imazen-26-png-v3/png-v3/1000-lilith-photos-general/1050_general_riverside-walkway-and-river_louvre-palace-paris_s23u_iso50-f2p2_20240425-154625_4000x3000.sdr.png	t3	32	18691	1821.593134009163	-61.882	
1000-lilith-photos-general	imazen-26-png-v3/png-v3/1000-lilith-photos-general/1050_general_riverside-walkway-and-river_louvre-palace-paris_s23u_iso50-f2p2_20240425-154625_4000x3000.sdr.png	t3	44	8523	1059.59453099058	-61.854	
1000-lilith-photos-general	imazen-26-png-v3/png-v3/1000-lilith-photos-general/1050_general_riverside-walkway-and-river_louvre-palace-paris_s23u_iso50-f2p2_20240425-154625_4000x3000.sdr.png	t4	20	31215	2578.3724749926478	-61.906	
1000-lilith-photos-general	imazen-26-png-v3/png-v3/1000-lilith-photos-general/1050_general_riverside-walkway-and-river_louvre-palace-paris_s23u_iso50-f2p2_20240425-154625_4000x3000.sdr.png	t4	32	18516	1788.7170720059657	-61.873	
1000-lilith-photos-general	imazen-26-png-v3/png-v3/1000-lilith-photos-general/1050_general_riverside-walkway-and-river_louvre-palace-paris_s23u_iso50-f2p2_20240425-154625_4000x3000.sdr.png	t4	44	7919	1014.6818640059792	-61.831	
1000-lilith-photos-general	imazen-26-png-v3/png-v3/1000-lilith-photos-general/1050_general_riverside-walkway-and-river_louvre-palace-paris_s23u_iso50-f2p2_20240425-154625_4000x3000.sdr.png	st	20	31810	2803.7891370040597	-61.918	
1000-lilith-photos-general	imazen-26-png-v3/png-v3/1000-lilith-photos-general/1050_general_riverside-walkway-and-river_louvre-palace-paris_s23u_iso50-f2p2_20240425-154625_4000x3000.sdr.png	st	32	18691	1664.462225002353	-61.882	
1000-lilith-photos-general	imazen-26-png-v3/png-v3/1000-lilith-photos-general/1050_general_riverside-walkway-and-river_louvre-palace-paris_s23u_iso50-f2p2_20240425-154625_4000x3000.sdr.png	st	44	8523	1052.9065310111037	-61.854	
1000-lilith-photos-general	imazen-26-png-v3/png-v3/1000-lilith-photos-general/1050_general_riverside-walkway-and-river_louvre-palace-paris_s23u_iso50-f2p2_20240425-154625_4000x3000.sdr.png	st_ac06	20	31826	2704.480861997581	-61.915	
1000-lilith-photos-general	imazen-26-png-v3/png-v3/1000-lilith-photos-general/1050_general_riverside-walkway-and-river_louvre-palace-paris_s23u_iso50-f2p2_20240425-154625_4000x3000.sdr.png	st_ac06	32	18707	1682.5043360004202	-61.890	
1000-lilith-photos-general	imazen-26-png-v3/png-v3/1000-lilith-photos-general/1050_general_riverside-walkway-and-river_louvre-palace-paris_s23u_iso50-f2p2_20240425-154625_4000x3000.sdr.png	st_ac06	44	8527	944.7964720020536	-61.861	
1000-lilith-photos-general	imazen-26-png-v3/png-v3/1000-lilith-photos-general/1050_general_riverside-walkway-and-river_louvre-palace-paris_s23u_iso50-f2p2_20240425-154625_4000x3000.sdr.png	st_ac10	20	31821	2615.6352360121673	-61.880	
1000-lilith-photos-general	imazen-26-png-v3/png-v3/1000-lilith-photos-general/1050_general_riverside-walkway-and-river_louvre-palace-paris_s23u_iso50-f2p2_20240425-154625_4000x3000.sdr.png	st_ac10	32	18714	1733.875869991607	-61.841	
1000-lilith-photos-general	imazen-26-png-v3/png-v3/1000-lilith-photos-general/1050_general_riverside-walkway-and-river_louvre-palace-paris_s23u_iso50-f2p2_20240425-154625_4000x3000.sdr.png	st_ac10	44	8533	946.8044850073056	-61.867	
1000-lilith-photos-general	imazen-26-png-v3/png-v3/1000-lilith-photos-general/1050_general_riverside-walkway-and-river_louvre-palace-paris_s23u_iso50-f2p2_20240425-154625_4000x3000.sdr.png	st_ac20	20	31834	2805.301298008999	-61.908	
1000-lilith-photos-general	imazen-26-png-v3/png-v3/1000-lilith-photos-general/1050_general_riverside-walkway-and-river_louvre-palace-paris_s23u_iso50-f2p2_20240425-154625_4000x3000.sdr.png	st_ac20	32	18735	1769.6904509939486	-61.884	
1000-lilith-photos-general	imazen-26-png-v3/png-v3/1000-lilith-photos-general/1050_general_riverside-walkway-and-river_louvre-palace-paris_s23u_iso50-f2p2_20240425-154625_4000x3000.sdr.png	st_ac20	44	8528	986.788805006654	-61.796	
1000-lilith-photos-general	imazen-26-png-v3/png-v3/1000-lilith-photos-general/1050_general_riverside-walkway-and-river_louvre-palace-paris_s23u_iso50-f2p2_20240425-154625_4000x3000.sdr.png	st_vb4	20	32994	2785.7234310067724	-61.878	
1000-lilith-photos-general	imazen-26-png-v3/png-v3/1000-lilith-photos-general/1050_general_riverside-walkway-and-river_louvre-palace-paris_s23u_iso50-f2p2_20240425-154625_4000x3000.sdr.png	st_vb4	32	19796	1773.4029009880032	-61.936	
1000-lilith-photos-general	imazen-26-png-v3/png-v3/1000-lilith-photos-general/1050_general_riverside-walkway-and-river_louvre-palace-paris_s23u_iso50-f2p2_20240425-154625_4000x3000.sdr.png	st_vb4	44	9340	1054.6554819884477	-61.732	
1000-lilith-photos-general	imazen-26-png-v3/png-v3/1000-lilith-photos-general/1050_general_riverside-walkway-and-river_louvre-palace-paris_s23u_iso50-f2p2_20240425-154625_4000x3000.sdr.png	st_ac10vb4	20	32979	3031.126054993365	-61.914	
1000-lilith-photos-general	imazen-26-png-v3/png-v3/1000-lilith-photos-general/1050_general_riverside-walkway-and-river_louvre-palace-paris_s23u_iso50-f2p2_20240425-154625_4000x3000.sdr.png	st_ac10vb4	32	19819	1832.8583870024886	-61.932	
1000-lilith-photos-general	imazen-26-png-v3/png-v3/1000-lilith-photos-general/1050_general_riverside-walkway-and-river_louvre-palace-paris_s23u_iso50-f2p2_20240425-154625_4000x3000.sdr.png	st_ac10vb4	44	9313	983.4597620065324	-61.749	
1000-lilith-photos-general	imazen-26-png-v3/png-v3/1000-lilith-photos-general/1050_general_riverside-walkway-and-river_louvre-palace-paris_s23u_iso50-f2p2_20240425-154625_4000x3000.sdr.png	st_oct6	20	30675	2582.2293179953704	-61.890	
1000-lilith-photos-general	imazen-26-png-v3/png-v3/1000-lilith-photos-general/1050_general_riverside-walkway-and-river_louvre-palace-paris_s23u_iso50-f2p2_20240425-154625_4000x3000.sdr.png	st_oct6	32	17478	1490.4623519978486	-61.865	
1000-lilith-photos-general	imazen-26-png-v3/png-v3/1000-lilith-photos-general/1050_general_riverside-walkway-and-river_louvre-palace-paris_s23u_iso50-f2p2_20240425-154625_4000x3000.sdr.png	st_oct6	44	7930	787.0341849920806	-61.805	
1000-lilith-photos-general	imazen-26-png-v3/png-v3/1000-lilith-photos-general/1050_general_riverside-walkway-and-river_louvre-palace-paris_s23u_iso50-f2p2_20240425-154625_4000x3000.sdr.png	st_oct7	20	28923	2501.648577002925	-61.920	
1000-lilith-photos-general	imazen-26-png-v3/png-v3/1000-lilith-photos-general/1050_general_riverside-walkway-and-river_louvre-palace-paris_s23u_iso50-f2p2_20240425-154625_4000x3000.sdr.png	st_oct7	32	15753	1512.2752750030486	-61.922	
1000-lilith-photos-general	imazen-26-png-v3/png-v3/1000-lilith-photos-general/1050_general_riverside-walkway-and-river_louvre-palace-paris_s23u_iso50-f2p2_20240425-154625_4000x3000.sdr.png	st_oct7	44	6899	810.5839350027964	-61.723	
1200-lilith-interiors	imazen-26-png-v3/png-v3/1200-lilith-interiors/1205_interiors_modern-living-room_tulum-mexico_s23u_iso160-f1p7_20230917-114545_3000x4000.sdr.png	t1	20	30878	2668.485376998433	-73.788	
1200-lilith-interiors	imazen-26-png-v3/png-v3/1200-lilith-interiors/1205_interiors_modern-living-room_tulum-mexico_s23u_iso160-f1p7_20230917-114545_3000x4000.sdr.png	t1	32	17155	1537.6989329961361	-73.633	
1200-lilith-interiors	imazen-26-png-v3/png-v3/1200-lilith-interiors/1205_interiors_modern-living-room_tulum-mexico_s23u_iso160-f1p7_20230917-114545_3000x4000.sdr.png	t1	44	7468	883.6693320045015	-71.605	
1200-lilith-interiors	imazen-26-png-v3/png-v3/1200-lilith-interiors/1205_interiors_modern-living-room_tulum-mexico_s23u_iso160-f1p7_20230917-114545_3000x4000.sdr.png	t2	20	30485	2666.990979007096	-73.752	
1200-lilith-interiors	imazen-26-png-v3/png-v3/1200-lilith-interiors/1205_interiors_modern-living-room_tulum-mexico_s23u_iso160-f1p7_20230917-114545_3000x4000.sdr.png	t2	32	16685	1811.0710630135145	-73.594	
1200-lilith-interiors	imazen-26-png-v3/png-v3/1200-lilith-interiors/1205_interiors_modern-living-room_tulum-mexico_s23u_iso160-f1p7_20230917-114545_3000x4000.sdr.png	t2	44	7154	769.6890460065333	-71.718	
1200-lilith-interiors	imazen-26-png-v3/png-v3/1200-lilith-interiors/1205_interiors_modern-living-room_tulum-mexico_s23u_iso160-f1p7_20230917-114545_3000x4000.sdr.png	t3	20	38390	3167.124283994781	-73.731	
1200-lilith-interiors	imazen-26-png-v3/png-v3/1200-lilith-interiors/1205_interiors_modern-living-room_tulum-mexico_s23u_iso160-f1p7_20230917-114545_3000x4000.sdr.png	t3	32	24393	2277.960688006715	-73.779	
1200-lilith-interiors	imazen-26-png-v3/png-v3/1200-lilith-interiors/1205_interiors_modern-living-room_tulum-mexico_s23u_iso160-f1p7_20230917-114545_3000x4000.sdr.png	t3	44	11735	1428.284887006157	-73.984	
1200-lilith-interiors	imazen-26-png-v3/png-v3/1200-lilith-interiors/1205_interiors_modern-living-room_tulum-mexico_s23u_iso160-f1p7_20230917-114545_3000x4000.sdr.png	t4	20	37912	2947.6037380081834	-73.835	
1200-lilith-interiors	imazen-26-png-v3/png-v3/1200-lilith-interiors/1205_interiors_modern-living-room_tulum-mexico_s23u_iso160-f1p7_20230917-114545_3000x4000.sdr.png	t4	32	22496	1536.9110869942233	-73.819	
1200-lilith-interiors	imazen-26-png-v3/png-v3/1200-lilith-interiors/1205_interiors_modern-living-room_tulum-mexico_s23u_iso160-f1p7_20230917-114545_3000x4000.sdr.png	t4	44	10190	871.1496879986953	-73.577	
1200-lilith-interiors	imazen-26-png-v3/png-v3/1200-lilith-interiors/1205_interiors_modern-living-room_tulum-mexico_s23u_iso160-f1p7_20230917-114545_3000x4000.sdr.png	st	20	38390	2792.906741000479	-73.731	
1200-lilith-interiors	imazen-26-png-v3/png-v3/1200-lilith-interiors/1205_interiors_modern-living-room_tulum-mexico_s23u_iso160-f1p7_20230917-114545_3000x4000.sdr.png	st	32	24393	1742.162376001943	-73.779	
1200-lilith-interiors	imazen-26-png-v3/png-v3/1200-lilith-interiors/1205_interiors_modern-living-room_tulum-mexico_s23u_iso160-f1p7_20230917-114545_3000x4000.sdr.png	st	44	11735	1013.0237349949311	-73.984	
1200-lilith-interiors	imazen-26-png-v3/png-v3/1200-lilith-interiors/1205_interiors_modern-living-room_tulum-mexico_s23u_iso160-f1p7_20230917-114545_3000x4000.sdr.png	st_ac06	20	38333	2786.612067997339	-73.808	
1200-lilith-interiors	imazen-26-png-v3/png-v3/1200-lilith-interiors/1205_interiors_modern-living-room_tulum-mexico_s23u_iso160-f1p7_20230917-114545_3000x4000.sdr.png	st_ac06	32	24373	1753.67953699606	-73.783	
1200-lilith-interiors	imazen-26-png-v3/png-v3/1200-lilith-interiors/1205_interiors_modern-living-room_tulum-mexico_s23u_iso160-f1p7_20230917-114545_3000x4000.sdr.png	st_ac06	44	11701	999.1820790019119	-74.063	
1200-lilith-interiors	imazen-26-png-v3/png-v3/1200-lilith-interiors/1205_interiors_modern-living-room_tulum-mexico_s23u_iso160-f1p7_20230917-114545_3000x4000.sdr.png	st_ac10	20	38381	2688.535341003444	-73.734	
1200-lilith-interiors	imazen-26-png-v3/png-v3/1200-lilith-interiors/1205_interiors_modern-living-room_tulum-mexico_s23u_iso160-f1p7_20230917-114545_3000x4000.sdr.png	st_ac10	32	24365	1839.6479689981788	-73.746	
1200-lilith-interiors	imazen-26-png-v3/png-v3/1200-lilith-interiors/1205_interiors_modern-living-room_tulum-mexico_s23u_iso160-f1p7_20230917-114545_3000x4000.sdr.png	st_ac10	44	11727	1252.9233399982331	-73.925	
1200-lilith-interiors	imazen-26-png-v3/png-v3/1200-lilith-interiors/1205_interiors_modern-living-room_tulum-mexico_s23u_iso160-f1p7_20230917-114545_3000x4000.sdr.png	st_ac20	20	38391	2859.2614570079604	-73.769	
1200-lilith-interiors	imazen-26-png-v3/png-v3/1200-lilith-interiors/1205_interiors_modern-living-room_tulum-mexico_s23u_iso160-f1p7_20230917-114545_3000x4000.sdr.png	st_ac20	32	24406	2014.3997910054168	-73.786	
1200-lilith-interiors	imazen-26-png-v3/png-v3/1200-lilith-interiors/1205_interiors_modern-living-room_tulum-mexico_s23u_iso160-f1p7_20230917-114545_3000x4000.sdr.png	st_ac20	44	11710	1184.7553700063145	-73.966	
1200-lilith-interiors	imazen-26-png-v3/png-v3/1200-lilith-interiors/1205_interiors_modern-living-room_tulum-mexico_s23u_iso160-f1p7_20230917-114545_3000x4000.sdr.png	st_vb4	20	39391	2927.283359997091	-73.810	
1200-lilith-interiors	imazen-26-png-v3/png-v3/1200-lilith-interiors/1205_interiors_modern-living-room_tulum-mexico_s23u_iso160-f1p7_20230917-114545_3000x4000.sdr.png	st_vb4	32	25671	1950.9861190017546	-73.697	
1200-lilith-interiors	imazen-26-png-v3/png-v3/1200-lilith-interiors/1205_interiors_modern-living-room_tulum-mexico_s23u_iso160-f1p7_20230917-114545_3000x4000.sdr.png	st_vb4	44	12718	1129.9076750001404	-73.724	
1200-lilith-interiors	imazen-26-png-v3/png-v3/1200-lilith-interiors/1205_interiors_modern-living-room_tulum-mexico_s23u_iso160-f1p7_20230917-114545_3000x4000.sdr.png	st_ac10vb4	20	39395	2896.461680007633	-73.718	
1200-lilith-interiors	imazen-26-png-v3/png-v3/1200-lilith-interiors/1205_interiors_modern-living-room_tulum-mexico_s23u_iso160-f1p7_20230917-114545_3000x4000.sdr.png	st_ac10vb4	32	25681	1969.1570550057804	-73.786	
1200-lilith-interiors	imazen-26-png-v3/png-v3/1200-lilith-interiors/1205_interiors_modern-living-room_tulum-mexico_s23u_iso160-f1p7_20230917-114545_3000x4000.sdr.png	st_ac10vb4	44	12728	1105.9582849993603	-73.732	
1200-lilith-interiors	imazen-26-png-v3/png-v3/1200-lilith-interiors/1205_interiors_modern-living-room_tulum-mexico_s23u_iso160-f1p7_20230917-114545_3000x4000.sdr.png	st_oct6	20	37059	3142.960347002372	-73.772	
1200-lilith-interiors	imazen-26-png-v3/png-v3/1200-lilith-interiors/1205_interiors_modern-living-room_tulum-mexico_s23u_iso160-f1p7_20230917-114545_3000x4000.sdr.png	st_oct6	32	22852	1860.3753200004576	-73.684	
1200-lilith-interiors	imazen-26-png-v3/png-v3/1200-lilith-interiors/1205_interiors_modern-living-room_tulum-mexico_s23u_iso160-f1p7_20230917-114545_3000x4000.sdr.png	st_oct6	44	10894	1094.0193540009204	-73.846	
1200-lilith-interiors	imazen-26-png-v3/png-v3/1200-lilith-interiors/1205_interiors_modern-living-room_tulum-mexico_s23u_iso160-f1p7_20230917-114545_3000x4000.sdr.png	st_oct7	20	35175	2826.3338790129637	-73.797	
1200-lilith-interiors	imazen-26-png-v3/png-v3/1200-lilith-interiors/1205_interiors_modern-living-room_tulum-mexico_s23u_iso160-f1p7_20230917-114545_3000x4000.sdr.png	st_oct7	32	21004	1647.9625729989493	-73.583	
1200-lilith-interiors	imazen-26-png-v3/png-v3/1200-lilith-interiors/1205_interiors_modern-living-room_tulum-mexico_s23u_iso160-f1p7_20230917-114545_3000x4000.sdr.png	st_oct7	44	9707	968.8112460135017	-73.913	
1200-lilith-interiors	imazen-26-png-v3/png-v3/1200-lilith-interiors/1225_interiors_kitchen-appliances-overhead_minamiizu-japan_s23u_iso200-f1p7_20250307-112014_3000x4000.sdr.png	t1	20	32474	2919.471415996668	-64.831	
1200-lilith-interiors	imazen-26-png-v3/png-v3/1200-lilith-interiors/1225_interiors_kitchen-appliances-overhead_minamiizu-japan_s23u_iso200-f1p7_20250307-112014_3000x4000.sdr.png	t1	32	15462	1698.058594003669	-64.748	
1200-lilith-interiors	imazen-26-png-v3/png-v3/1200-lilith-interiors/1225_interiors_kitchen-appliances-overhead_minamiizu-japan_s23u_iso200-f1p7_20250307-112014_3000x4000.sdr.png	t1	44	6639	955.0478489982197	-64.583	
1200-lilith-interiors	imazen-26-png-v3/png-v3/1200-lilith-interiors/1225_interiors_kitchen-appliances-overhead_minamiizu-japan_s23u_iso200-f1p7_20250307-112014_3000x4000.sdr.png	t2	20	32169	2776.4877019944834	-64.825	
1200-lilith-interiors	imazen-26-png-v3/png-v3/1200-lilith-interiors/1225_interiors_kitchen-appliances-overhead_minamiizu-japan_s23u_iso200-f1p7_20250307-112014_3000x4000.sdr.png	t2	32	15045	1652.9936660081148	-64.750	
1200-lilith-interiors	imazen-26-png-v3/png-v3/1200-lilith-interiors/1225_interiors_kitchen-appliances-overhead_minamiizu-japan_s23u_iso200-f1p7_20250307-112014_3000x4000.sdr.png	t2	44	6399	1073.0149370065192	-64.624	
1200-lilith-interiors	imazen-26-png-v3/png-v3/1200-lilith-interiors/1225_interiors_kitchen-appliances-overhead_minamiizu-japan_s23u_iso200-f1p7_20250307-112014_3000x4000.sdr.png	t3	20	43662	3451.123001999804	-64.825	
1200-lilith-interiors	imazen-26-png-v3/png-v3/1200-lilith-interiors/1225_interiors_kitchen-appliances-overhead_minamiizu-japan_s23u_iso200-f1p7_20250307-112014_3000x4000.sdr.png	t3	32	24906	2314.962893986376	-64.804	
1200-lilith-interiors	imazen-26-png-v3/png-v3/1200-lilith-interiors/1225_interiors_kitchen-appliances-overhead_minamiizu-japan_s23u_iso200-f1p7_20250307-112014_3000x4000.sdr.png	t3	44	10721	1176.034789008554	-64.742	
1200-lilith-interiors	imazen-26-png-v3/png-v3/1200-lilith-interiors/1225_interiors_kitchen-appliances-overhead_minamiizu-japan_s23u_iso200-f1p7_20250307-112014_3000x4000.sdr.png	t4	20	43066	3147.128842989332	-64.836	
1200-lilith-interiors	imazen-26-png-v3/png-v3/1200-lilith-interiors/1225_interiors_kitchen-appliances-overhead_minamiizu-japan_s23u_iso200-f1p7_20250307-112014_3000x4000.sdr.png	t4	32	24581	2055.8288830070524	-64.814	
1200-lilith-interiors	imazen-26-png-v3/png-v3/1200-lilith-interiors/1225_interiors_kitchen-appliances-overhead_minamiizu-japan_s23u_iso200-f1p7_20250307-112014_3000x4000.sdr.png	t4	44	10413	987.5252330093645	-64.715	
1200-lilith-interiors	imazen-26-png-v3/png-v3/1200-lilith-interiors/1225_interiors_kitchen-appliances-overhead_minamiizu-japan_s23u_iso200-f1p7_20250307-112014_3000x4000.sdr.png	st	20	43662	3093.649275993812	-64.825	
1200-lilith-interiors	imazen-26-png-v3/png-v3/1200-lilith-interiors/1225_interiors_kitchen-appliances-overhead_minamiizu-japan_s23u_iso200-f1p7_20250307-112014_3000x4000.sdr.png	st	32	24906	1828.7852210050914	-64.804	
1200-lilith-interiors	imazen-26-png-v3/png-v3/1200-lilith-interiors/1225_interiors_kitchen-appliances-overhead_minamiizu-japan_s23u_iso200-f1p7_20250307-112014_3000x4000.sdr.png	st	44	10721	1179.3391440005507	-64.742	
1200-lilith-interiors	imazen-26-png-v3/png-v3/1200-lilith-interiors/1225_interiors_kitchen-appliances-overhead_minamiizu-japan_s23u_iso200-f1p7_20250307-112014_3000x4000.sdr.png	st_ac06	20	43713	3285.672022990184	-64.824	
1200-lilith-interiors	imazen-26-png-v3/png-v3/1200-lilith-interiors/1225_interiors_kitchen-appliances-overhead_minamiizu-japan_s23u_iso200-f1p7_20250307-112014_3000x4000.sdr.png	st_ac06	32	24918	2028.0800079926848	-64.793	
1200-lilith-interiors	imazen-26-png-v3/png-v3/1200-lilith-interiors/1225_interiors_kitchen-appliances-overhead_minamiizu-japan_s23u_iso200-f1p7_20250307-112014_3000x4000.sdr.png	st_ac06	44	10719	996.0237209888874	-64.720	
1200-lilith-interiors	imazen-26-png-v3/png-v3/1200-lilith-interiors/1225_interiors_kitchen-appliances-overhead_minamiizu-japan_s23u_iso200-f1p7_20250307-112014_3000x4000.sdr.png	st_ac10	20	43703	3156.7710530071054	-64.825	
1200-lilith-interiors	imazen-26-png-v3/png-v3/1200-lilith-interiors/1225_interiors_kitchen-appliances-overhead_minamiizu-japan_s23u_iso200-f1p7_20250307-112014_3000x4000.sdr.png	st_ac10	32	24891	2047.9395010042936	-64.820	
1200-lilith-interiors	imazen-26-png-v3/png-v3/1200-lilith-interiors/1225_interiors_kitchen-appliances-overhead_minamiizu-japan_s23u_iso200-f1p7_20250307-112014_3000x4000.sdr.png	st_ac10	44	10718	1117.8407600091305	-64.731	
1200-lilith-interiors	imazen-26-png-v3/png-v3/1200-lilith-interiors/1225_interiors_kitchen-appliances-overhead_minamiizu-japan_s23u_iso200-f1p7_20250307-112014_3000x4000.sdr.png	st_ac20	20	43778	3475.167633005185	-64.827	
1200-lilith-interiors	imazen-26-png-v3/png-v3/1200-lilith-interiors/1225_interiors_kitchen-appliances-overhead_minamiizu-japan_s23u_iso200-f1p7_20250307-112014_3000x4000.sdr.png	st_ac20	32	24948	2247.131512995111	-64.817	
1200-lilith-interiors	imazen-26-png-v3/png-v3/1200-lilith-interiors/1225_interiors_kitchen-appliances-overhead_minamiizu-japan_s23u_iso200-f1p7_20250307-112014_3000x4000.sdr.png	st_ac20	44	10706	1151.8641599977855	-64.738	
1200-lilith-interiors	imazen-26-png-v3/png-v3/1200-lilith-interiors/1225_interiors_kitchen-appliances-overhead_minamiizu-japan_s23u_iso200-f1p7_20250307-112014_3000x4000.sdr.png	st_vb4	20	45233	3595.1313620025758	-64.820	
1200-lilith-interiors	imazen-26-png-v3/png-v3/1200-lilith-interiors/1225_interiors_kitchen-appliances-overhead_minamiizu-japan_s23u_iso200-f1p7_20250307-112014_3000x4000.sdr.png	st_vb4	32	26563	2124.363568989793	-64.811	
1200-lilith-interiors	imazen-26-png-v3/png-v3/1200-lilith-interiors/1225_interiors_kitchen-appliances-overhead_minamiizu-japan_s23u_iso200-f1p7_20250307-112014_3000x4000.sdr.png	st_vb4	44	11671	1113.110227001016	-64.749	
1200-lilith-interiors	imazen-26-png-v3/png-v3/1200-lilith-interiors/1225_interiors_kitchen-appliances-overhead_minamiizu-japan_s23u_iso200-f1p7_20250307-112014_3000x4000.sdr.png	st_ac10vb4	20	45343	4023.40950499638	-64.830	
1200-lilith-interiors	imazen-26-png-v3/png-v3/1200-lilith-interiors/1225_interiors_kitchen-appliances-overhead_minamiizu-japan_s23u_iso200-f1p7_20250307-112014_3000x4000.sdr.png	st_ac10vb4	32	26570	2048.363687004894	-64.794	
1200-lilith-interiors	imazen-26-png-v3/png-v3/1200-lilith-interiors/1225_interiors_kitchen-appliances-overhead_minamiizu-japan_s23u_iso200-f1p7_20250307-112014_3000x4000.sdr.png	st_ac10vb4	44	11674	1061.970933995326	-64.722	
1200-lilith-interiors	imazen-26-png-v3/png-v3/1200-lilith-interiors/1225_interiors_kitchen-appliances-overhead_minamiizu-japan_s23u_iso200-f1p7_20250307-112014_3000x4000.sdr.png	st_oct6	20	41322	3976.9980599958217	-64.824	
1200-lilith-interiors	imazen-26-png-v3/png-v3/1200-lilith-interiors/1225_interiors_kitchen-appliances-overhead_minamiizu-japan_s23u_iso200-f1p7_20250307-112014_3000x4000.sdr.png	st_oct6	32	22384	1914.9098610068904	-64.813	
1200-lilith-interiors	imazen-26-png-v3/png-v3/1200-lilith-interiors/1225_interiors_kitchen-appliances-overhead_minamiizu-japan_s23u_iso200-f1p7_20250307-112014_3000x4000.sdr.png	st_oct6	44	9476	1005.3949069988448	-64.687	
1200-lilith-interiors	imazen-26-png-v3/png-v3/1200-lilith-interiors/1225_interiors_kitchen-appliances-overhead_minamiizu-japan_s23u_iso200-f1p7_20250307-112014_3000x4000.sdr.png	st_oct7	20	36825	4019.9320609972347	-64.839	
1200-lilith-interiors	imazen-26-png-v3/png-v3/1200-lilith-interiors/1225_interiors_kitchen-appliances-overhead_minamiizu-japan_s23u_iso200-f1p7_20250307-112014_3000x4000.sdr.png	st_oct7	32	18533	2110.1451389986323	-64.808	
1200-lilith-interiors	imazen-26-png-v3/png-v3/1200-lilith-interiors/1225_interiors_kitchen-appliances-overhead_minamiizu-japan_s23u_iso200-f1p7_20250307-112014_3000x4000.sdr.png	st_oct7	44	7957	822.7797639992787	-64.676	
1400-lilith-nature	imazen-26-png-v3/png-v3/1400-lilith-nature/1510_nature_purple-iris-flowers_colorado_ip8plus_iso40-f2p8_img-0803_3024x4032.sdr.png	t1	20	15363	1704.0722429956077	-67.960	
1400-lilith-nature	imazen-26-png-v3/png-v3/1400-lilith-nature/1510_nature_purple-iris-flowers_colorado_ip8plus_iso40-f2p8_img-0803_3024x4032.sdr.png	t1	32	6777	568.0191689898493	-67.706	
1400-lilith-nature	imazen-26-png-v3/png-v3/1400-lilith-nature/1510_nature_purple-iris-flowers_colorado_ip8plus_iso40-f2p8_img-0803_3024x4032.sdr.png	t1	44	3237	300.10622600093484	-67.144	
1400-lilith-nature	imazen-26-png-v3/png-v3/1400-lilith-nature/1510_nature_purple-iris-flowers_colorado_ip8plus_iso40-f2p8_img-0803_3024x4032.sdr.png	t2	20	14740	2105.7456340058707	-68.033	
1400-lilith-nature	imazen-26-png-v3/png-v3/1400-lilith-nature/1510_nature_purple-iris-flowers_colorado_ip8plus_iso40-f2p8_img-0803_3024x4032.sdr.png	t2	32	6519	1130.1125430036336	-67.658	
1400-lilith-nature	imazen-26-png-v3/png-v3/1400-lilith-nature/1510_nature_purple-iris-flowers_colorado_ip8plus_iso40-f2p8_img-0803_3024x4032.sdr.png	t2	44	3110	584.5323469984578	-67.031	
1400-lilith-nature	imazen-26-png-v3/png-v3/1400-lilith-nature/1510_nature_purple-iris-flowers_colorado_ip8plus_iso40-f2p8_img-0803_3024x4032.sdr.png	t3	20	26127	2929.9307670007693	-68.147	
1400-lilith-nature	imazen-26-png-v3/png-v3/1400-lilith-nature/1510_nature_purple-iris-flowers_colorado_ip8plus_iso40-f2p8_img-0803_3024x4032.sdr.png	t3	32	14845	1886.634075010079	-68.086	
1400-lilith-nature	imazen-26-png-v3/png-v3/1400-lilith-nature/1510_nature_purple-iris-flowers_colorado_ip8plus_iso40-f2p8_img-0803_3024x4032.sdr.png	t3	44	6245	811.3968689867761	-67.894	
1400-lilith-nature	imazen-26-png-v3/png-v3/1400-lilith-nature/1510_nature_purple-iris-flowers_colorado_ip8plus_iso40-f2p8_img-0803_3024x4032.sdr.png	t4	20	23965	2407.944142993074	-68.176	
1400-lilith-nature	imazen-26-png-v3/png-v3/1400-lilith-nature/1510_nature_purple-iris-flowers_colorado_ip8plus_iso40-f2p8_img-0803_3024x4032.sdr.png	t4	32	12532	1150.7122729963157	-68.024	
1400-lilith-nature	imazen-26-png-v3/png-v3/1400-lilith-nature/1510_nature_purple-iris-flowers_colorado_ip8plus_iso40-f2p8_img-0803_3024x4032.sdr.png	t4	44	5800	614.4703980098711	-67.788	
1400-lilith-nature	imazen-26-png-v3/png-v3/1400-lilith-nature/1510_nature_purple-iris-flowers_colorado_ip8plus_iso40-f2p8_img-0803_3024x4032.sdr.png	st	20	26127	2690.2698560006684	-68.147	
1400-lilith-nature	imazen-26-png-v3/png-v3/1400-lilith-nature/1510_nature_purple-iris-flowers_colorado_ip8plus_iso40-f2p8_img-0803_3024x4032.sdr.png	st	32	14845	1607.9022280027857	-68.086	
1400-lilith-nature	imazen-26-png-v3/png-v3/1400-lilith-nature/1510_nature_purple-iris-flowers_colorado_ip8plus_iso40-f2p8_img-0803_3024x4032.sdr.png	st	44	6245	671.3131610013079	-67.894	
1400-lilith-nature	imazen-26-png-v3/png-v3/1400-lilith-nature/1510_nature_purple-iris-flowers_colorado_ip8plus_iso40-f2p8_img-0803_3024x4032.sdr.png	st_ac06	20	26157	2450.9222479973687	-68.108	
1400-lilith-nature	imazen-26-png-v3/png-v3/1400-lilith-nature/1510_nature_purple-iris-flowers_colorado_ip8plus_iso40-f2p8_img-0803_3024x4032.sdr.png	st_ac06	32	14876	1773.3826629992109	-68.086	
1400-lilith-nature	imazen-26-png-v3/png-v3/1400-lilith-nature/1510_nature_purple-iris-flowers_colorado_ip8plus_iso40-f2p8_img-0803_3024x4032.sdr.png	st_ac06	44	6225	880.8307830040576	-67.776	
1400-lilith-nature	imazen-26-png-v3/png-v3/1400-lilith-nature/1510_nature_purple-iris-flowers_colorado_ip8plus_iso40-f2p8_img-0803_3024x4032.sdr.png	st_ac10	20	26189	2422.1674839936895	-68.152	
1400-lilith-nature	imazen-26-png-v3/png-v3/1400-lilith-nature/1510_nature_purple-iris-flowers_colorado_ip8plus_iso40-f2p8_img-0803_3024x4032.sdr.png	st_ac10	32	14819	1543.6915129976114	-68.113	
1400-lilith-nature	imazen-26-png-v3/png-v3/1400-lilith-nature/1510_nature_purple-iris-flowers_colorado_ip8plus_iso40-f2p8_img-0803_3024x4032.sdr.png	st_ac10	44	6221	541.5945590066258	-67.776	
1400-lilith-nature	imazen-26-png-v3/png-v3/1400-lilith-nature/1510_nature_purple-iris-flowers_colorado_ip8plus_iso40-f2p8_img-0803_3024x4032.sdr.png	st_ac20	20	26115	2569.236606010236	-68.119	
1400-lilith-nature	imazen-26-png-v3/png-v3/1400-lilith-nature/1510_nature_purple-iris-flowers_colorado_ip8plus_iso40-f2p8_img-0803_3024x4032.sdr.png	st_ac20	32	14878	1627.8584049869096	-68.062	
1400-lilith-nature	imazen-26-png-v3/png-v3/1400-lilith-nature/1510_nature_purple-iris-flowers_colorado_ip8plus_iso40-f2p8_img-0803_3024x4032.sdr.png	st_ac20	44	6238	741.105996989063	-67.863	
1400-lilith-nature	imazen-26-png-v3/png-v3/1400-lilith-nature/1510_nature_purple-iris-flowers_colorado_ip8plus_iso40-f2p8_img-0803_3024x4032.sdr.png	st_vb4	20	27237	2764.0114090027055	-68.186	
1400-lilith-nature	imazen-26-png-v3/png-v3/1400-lilith-nature/1510_nature_purple-iris-flowers_colorado_ip8plus_iso40-f2p8_img-0803_3024x4032.sdr.png	st_vb4	32	15708	1702.9677760001505	-68.077	
1400-lilith-nature	imazen-26-png-v3/png-v3/1400-lilith-nature/1510_nature_purple-iris-flowers_colorado_ip8plus_iso40-f2p8_img-0803_3024x4032.sdr.png	st_vb4	44	6907	740.7309750124114	-67.792	
1400-lilith-nature	imazen-26-png-v3/png-v3/1400-lilith-nature/1510_nature_purple-iris-flowers_colorado_ip8plus_iso40-f2p8_img-0803_3024x4032.sdr.png	st_ac10vb4	20	27235	2608.190699000261	-68.164	
1400-lilith-nature	imazen-26-png-v3/png-v3/1400-lilith-nature/1510_nature_purple-iris-flowers_colorado_ip8plus_iso40-f2p8_img-0803_3024x4032.sdr.png	st_ac10vb4	32	15705	1700.0124839978525	-67.987	
1400-lilith-nature	imazen-26-png-v3/png-v3/1400-lilith-nature/1510_nature_purple-iris-flowers_colorado_ip8plus_iso40-f2p8_img-0803_3024x4032.sdr.png	st_ac10vb4	44	6909	756.5645930008031	-67.728	
1400-lilith-nature	imazen-26-png-v3/png-v3/1400-lilith-nature/1510_nature_purple-iris-flowers_colorado_ip8plus_iso40-f2p8_img-0803_3024x4032.sdr.png	st_oct6	20	25105	2917.7408589894185	-68.135	
1400-lilith-nature	imazen-26-png-v3/png-v3/1400-lilith-nature/1510_nature_purple-iris-flowers_colorado_ip8plus_iso40-f2p8_img-0803_3024x4032.sdr.png	st_oct6	32	13978	1475.9260879945941	-68.127	
1400-lilith-nature	imazen-26-png-v3/png-v3/1400-lilith-nature/1510_nature_purple-iris-flowers_colorado_ip8plus_iso40-f2p8_img-0803_3024x4032.sdr.png	st_oct6	44	5749	587.3264820111217	-67.671	
1400-lilith-nature	imazen-26-png-v3/png-v3/1400-lilith-nature/1510_nature_purple-iris-flowers_colorado_ip8plus_iso40-f2p8_img-0803_3024x4032.sdr.png	st_oct7	20	23482	2867.4993210006505	-68.161	
1400-lilith-nature	imazen-26-png-v3/png-v3/1400-lilith-nature/1510_nature_purple-iris-flowers_colorado_ip8plus_iso40-f2p8_img-0803_3024x4032.sdr.png	st_oct7	32	12174	1467.1661729953485	-68.057	
1400-lilith-nature	imazen-26-png-v3/png-v3/1400-lilith-nature/1510_nature_purple-iris-flowers_colorado_ip8plus_iso40-f2p8_img-0803_3024x4032.sdr.png	st_oct7	44	5032	611.8922530004056	-67.539	
1400-lilith-nature	imazen-26-png-v3/png-v3/1400-lilith-nature/1514_nature_purple-allium-flowers_colorado_ip8plus_iso20-f2p8_img-1310_3024x4032.sdr.png	t1	20	21899	2490.775719008525	-160.982	
1400-lilith-nature	imazen-26-png-v3/png-v3/1400-lilith-nature/1514_nature_purple-allium-flowers_colorado_ip8plus_iso20-f2p8_img-1310_3024x4032.sdr.png	t1	32	11493	1316.034896997735	-157.508	
1400-lilith-nature	imazen-26-png-v3/png-v3/1400-lilith-nature/1514_nature_purple-allium-flowers_colorado_ip8plus_iso20-f2p8_img-1310_3024x4032.sdr.png	t1	44	5200	751.3409829989541	-152.682	
1400-lilith-nature	imazen-26-png-v3/png-v3/1400-lilith-nature/1514_nature_purple-allium-flowers_colorado_ip8plus_iso20-f2p8_img-1310_3024x4032.sdr.png	t2	20	21487	2718.4961559978547	-160.764	
1400-lilith-nature	imazen-26-png-v3/png-v3/1400-lilith-nature/1514_nature_purple-allium-flowers_colorado_ip8plus_iso20-f2p8_img-1310_3024x4032.sdr.png	t2	32	11212	1696.9284970109584	-157.666	
1400-lilith-nature	imazen-26-png-v3/png-v3/1400-lilith-nature/1514_nature_purple-allium-flowers_colorado_ip8plus_iso20-f2p8_img-1310_3024x4032.sdr.png	t2	44	5069	1028.8835620012833	-151.779	
1400-lilith-nature	imazen-26-png-v3/png-v3/1400-lilith-nature/1514_nature_purple-allium-flowers_colorado_ip8plus_iso20-f2p8_img-1310_3024x4032.sdr.png	t3	20	30596	3043.99667600228	-161.263	
1400-lilith-nature	imazen-26-png-v3/png-v3/1400-lilith-nature/1514_nature_purple-allium-flowers_colorado_ip8plus_iso20-f2p8_img-1310_3024x4032.sdr.png	t3	32	18824	2235.0020989979384	-160.742	
1400-lilith-nature	imazen-26-png-v3/png-v3/1400-lilith-nature/1514_nature_purple-allium-flowers_colorado_ip8plus_iso20-f2p8_img-1310_3024x4032.sdr.png	t3	44	9091	1116.1305730056483	-157.006	
1400-lilith-nature	imazen-26-png-v3/png-v3/1400-lilith-nature/1514_nature_purple-allium-flowers_colorado_ip8plus_iso20-f2p8_img-1310_3024x4032.sdr.png	t4	20	29626	2853.748948997236	-161.199	
1400-lilith-nature	imazen-26-png-v3/png-v3/1400-lilith-nature/1514_nature_purple-allium-flowers_colorado_ip8plus_iso20-f2p8_img-1310_3024x4032.sdr.png	t4	32	17771	1806.0338070063153	-160.427	
1400-lilith-nature	imazen-26-png-v3/png-v3/1400-lilith-nature/1514_nature_purple-allium-flowers_colorado_ip8plus_iso20-f2p8_img-1310_3024x4032.sdr.png	t4	44	8332	1034.833501005778	-155.771	
1400-lilith-nature	imazen-26-png-v3/png-v3/1400-lilith-nature/1514_nature_purple-allium-flowers_colorado_ip8plus_iso20-f2p8_img-1310_3024x4032.sdr.png	st	20	30596	2787.8393279970624	-161.263	
1400-lilith-nature	imazen-26-png-v3/png-v3/1400-lilith-nature/1514_nature_purple-allium-flowers_colorado_ip8plus_iso20-f2p8_img-1310_3024x4032.sdr.png	st	32	18824	1633.59529900481	-160.742	
1400-lilith-nature	imazen-26-png-v3/png-v3/1400-lilith-nature/1514_nature_purple-allium-flowers_colorado_ip8plus_iso20-f2p8_img-1310_3024x4032.sdr.png	st	44	9091	776.906521001365	-157.006	
1400-lilith-nature	imazen-26-png-v3/png-v3/1400-lilith-nature/1514_nature_purple-allium-flowers_colorado_ip8plus_iso20-f2p8_img-1310_3024x4032.sdr.png	st_ac06	20	30637	2549.3195729941363	-161.628	
1400-lilith-nature	imazen-26-png-v3/png-v3/1400-lilith-nature/1514_nature_purple-allium-flowers_colorado_ip8plus_iso20-f2p8_img-1310_3024x4032.sdr.png	st_ac06	32	18785	1923.3760479983175	-160.474	
1400-lilith-nature	imazen-26-png-v3/png-v3/1400-lilith-nature/1514_nature_purple-allium-flowers_colorado_ip8plus_iso20-f2p8_img-1310_3024x4032.sdr.png	st_ac06	44	9100	930.5944420048036	-156.606	
1400-lilith-nature	imazen-26-png-v3/png-v3/1400-lilith-nature/1514_nature_purple-allium-flowers_colorado_ip8plus_iso20-f2p8_img-1310_3024x4032.sdr.png	st_ac10	20	30622	2830.044305010233	-161.600	
1400-lilith-nature	imazen-26-png-v3/png-v3/1400-lilith-nature/1514_nature_purple-allium-flowers_colorado_ip8plus_iso20-f2p8_img-1310_3024x4032.sdr.png	st_ac10	32	18801	1931.2250520015368	-160.004	
1400-lilith-nature	imazen-26-png-v3/png-v3/1400-lilith-nature/1514_nature_purple-allium-flowers_colorado_ip8plus_iso20-f2p8_img-1310_3024x4032.sdr.png	st_ac10	44	9103	991.0520000121323	-157.229	
1400-lilith-nature	imazen-26-png-v3/png-v3/1400-lilith-nature/1514_nature_purple-allium-flowers_colorado_ip8plus_iso20-f2p8_img-1310_3024x4032.sdr.png	st_ac20	20	30622	2810.338032999425	-161.342	
1400-lilith-nature	imazen-26-png-v3/png-v3/1400-lilith-nature/1514_nature_purple-allium-flowers_colorado_ip8plus_iso20-f2p8_img-1310_3024x4032.sdr.png	st_ac20	32	18811	1781.2067409977317	-160.490	
1400-lilith-nature	imazen-26-png-v3/png-v3/1400-lilith-nature/1514_nature_purple-allium-flowers_colorado_ip8plus_iso20-f2p8_img-1310_3024x4032.sdr.png	st_ac20	44	9072	919.8243799910415	-157.306	
1400-lilith-nature	imazen-26-png-v3/png-v3/1400-lilith-nature/1514_nature_purple-allium-flowers_colorado_ip8plus_iso20-f2p8_img-1310_3024x4032.sdr.png	st_vb4	20	31636	2788.566900009755	-161.152	
1400-lilith-nature	imazen-26-png-v3/png-v3/1400-lilith-nature/1514_nature_purple-allium-flowers_colorado_ip8plus_iso20-f2p8_img-1310_3024x4032.sdr.png	st_vb4	32	19947	1761.1581989913248	-161.129	
1400-lilith-nature	imazen-26-png-v3/png-v3/1400-lilith-nature/1514_nature_purple-allium-flowers_colorado_ip8plus_iso20-f2p8_img-1310_3024x4032.sdr.png	st_vb4	44	9892	1125.971118992311	-157.045	
1400-lilith-nature	imazen-26-png-v3/png-v3/1400-lilith-nature/1514_nature_purple-allium-flowers_colorado_ip8plus_iso20-f2p8_img-1310_3024x4032.sdr.png	st_ac10vb4	20	31638	2705.6295030051842	-161.067	
1400-lilith-nature	imazen-26-png-v3/png-v3/1400-lilith-nature/1514_nature_purple-allium-flowers_colorado_ip8plus_iso20-f2p8_img-1310_3024x4032.sdr.png	st_ac10vb4	32	19949	1872.99583699496	-160.549	
1400-lilith-nature	imazen-26-png-v3/png-v3/1400-lilith-nature/1514_nature_purple-allium-flowers_colorado_ip8plus_iso20-f2p8_img-1310_3024x4032.sdr.png	st_ac10vb4	44	9908	1155.5180790019222	-157.669	
1400-lilith-nature	imazen-26-png-v3/png-v3/1400-lilith-nature/1514_nature_purple-allium-flowers_colorado_ip8plus_iso20-f2p8_img-1310_3024x4032.sdr.png	st_oct6	20	29066	2588.082303002011	-161.273	
1400-lilith-nature	imazen-26-png-v3/png-v3/1400-lilith-nature/1514_nature_purple-allium-flowers_colorado_ip8plus_iso20-f2p8_img-1310_3024x4032.sdr.png	st_oct6	32	17210	1773.732936999295	-161.091	
1400-lilith-nature	imazen-26-png-v3/png-v3/1400-lilith-nature/1514_nature_purple-allium-flowers_colorado_ip8plus_iso20-f2p8_img-1310_3024x4032.sdr.png	st_oct6	44	8318	1047.947113009286	-156.664	
1400-lilith-nature	imazen-26-png-v3/png-v3/1400-lilith-nature/1514_nature_purple-allium-flowers_colorado_ip8plus_iso20-f2p8_img-1310_3024x4032.sdr.png	st_oct7	20	26959	2294.001118003507	-161.369	
1400-lilith-nature	imazen-26-png-v3/png-v3/1400-lilith-nature/1514_nature_purple-allium-flowers_colorado_ip8plus_iso20-f2p8_img-1310_3024x4032.sdr.png	st_oct7	32	15264	1548.6263540078653	-159.751	
1400-lilith-nature	imazen-26-png-v3/png-v3/1400-lilith-nature/1514_nature_purple-allium-flowers_colorado_ip8plus_iso20-f2p8_img-1310_3024x4032.sdr.png	st_oct7	44	7227	763.768071992672	-156.864	
1600-lilith-food	imazen-26-png-v3/png-v3/1600-lilith-food/1608_food_single-cake-slice-plate_anedaitocho-kyoto-japan_s23u_iso320-f2p2_20230709-194142_4000x3000.sdr.png	t1	20	59933	3959.0110129938694	-219.944	
1600-lilith-food	imazen-26-png-v3/png-v3/1600-lilith-food/1608_food_single-cake-slice-plate_anedaitocho-kyoto-japan_s23u_iso320-f2p2_20230709-194142_4000x3000.sdr.png	t1	32	34694	2590.774746000534	-218.494	
1600-lilith-food	imazen-26-png-v3/png-v3/1600-lilith-food/1608_food_single-cake-slice-plate_anedaitocho-kyoto-japan_s23u_iso320-f2p2_20230709-194142_4000x3000.sdr.png	t1	44	16979	1331.8050249945372	-216.033	
1600-lilith-food	imazen-26-png-v3/png-v3/1600-lilith-food/1608_food_single-cake-slice-plate_anedaitocho-kyoto-japan_s23u_iso320-f2p2_20230709-194142_4000x3000.sdr.png	t2	20	58307	3748.243519003154	-220.213	
1600-lilith-food	imazen-26-png-v3/png-v3/1600-lilith-food/1608_food_single-cake-slice-plate_anedaitocho-kyoto-japan_s23u_iso320-f2p2_20230709-194142_4000x3000.sdr.png	t2	32	33845	2306.4664599951357	-219.622	
1600-lilith-food	imazen-26-png-v3/png-v3/1600-lilith-food/1608_food_single-cake-slice-plate_anedaitocho-kyoto-japan_s23u_iso320-f2p2_20230709-194142_4000x3000.sdr.png	t2	44	16479	1315.9277239901712	-215.342	
1600-lilith-food	imazen-26-png-v3/png-v3/1600-lilith-food/1608_food_single-cake-slice-plate_anedaitocho-kyoto-japan_s23u_iso320-f2p2_20230709-194142_4000x3000.sdr.png	t3	20	60007	3842.002946010325	-220.584	
1600-lilith-food	imazen-26-png-v3/png-v3/1600-lilith-food/1608_food_single-cake-slice-plate_anedaitocho-kyoto-japan_s23u_iso320-f2p2_20230709-194142_4000x3000.sdr.png	t3	32	36485	2380.3824439964956	-220.692	
1600-lilith-food	imazen-26-png-v3/png-v3/1600-lilith-food/1608_food_single-cake-slice-plate_anedaitocho-kyoto-japan_s23u_iso320-f2p2_20230709-194142_4000x3000.sdr.png	t3	44	19613	1454.2388539994135	-218.942	
1600-lilith-food	imazen-26-png-v3/png-v3/1600-lilith-food/1608_food_single-cake-slice-plate_anedaitocho-kyoto-japan_s23u_iso320-f2p2_20230709-194142_4000x3000.sdr.png	t4	20	58920	3829.9525229958817	-220.377	
1600-lilith-food	imazen-26-png-v3/png-v3/1600-lilith-food/1608_food_single-cake-slice-plate_anedaitocho-kyoto-japan_s23u_iso320-f2p2_20230709-194142_4000x3000.sdr.png	t4	32	35798	2192.5480799982324	-220.432	
1600-lilith-food	imazen-26-png-v3/png-v3/1600-lilith-food/1608_food_single-cake-slice-plate_anedaitocho-kyoto-japan_s23u_iso320-f2p2_20230709-194142_4000x3000.sdr.png	t4	44	19179	1126.097419008147	-219.519	
1600-lilith-food	imazen-26-png-v3/png-v3/1600-lilith-food/1608_food_single-cake-slice-plate_anedaitocho-kyoto-japan_s23u_iso320-f2p2_20230709-194142_4000x3000.sdr.png	st	20	60007	3409.290253010113	-220.584	
1600-lilith-food	imazen-26-png-v3/png-v3/1600-lilith-food/1608_food_single-cake-slice-plate_anedaitocho-kyoto-japan_s23u_iso320-f2p2_20230709-194142_4000x3000.sdr.png	st	32	36485	2282.862666004803	-220.692	
1600-lilith-food	imazen-26-png-v3/png-v3/1600-lilith-food/1608_food_single-cake-slice-plate_anedaitocho-kyoto-japan_s23u_iso320-f2p2_20230709-194142_4000x3000.sdr.png	st	44	19613	1314.5261220051907	-218.942	
1600-lilith-food	imazen-26-png-v3/png-v3/1600-lilith-food/1608_food_single-cake-slice-plate_anedaitocho-kyoto-japan_s23u_iso320-f2p2_20230709-194142_4000x3000.sdr.png	st_ac06	20	59974	3689.0121100004762	-220.011	
1600-lilith-food	imazen-26-png-v3/png-v3/1600-lilith-food/1608_food_single-cake-slice-plate_anedaitocho-kyoto-japan_s23u_iso320-f2p2_20230709-194142_4000x3000.sdr.png	st_ac06	32	36468	2381.51750099496	-220.682	
1600-lilith-food	imazen-26-png-v3/png-v3/1600-lilith-food/1608_food_single-cake-slice-plate_anedaitocho-kyoto-japan_s23u_iso320-f2p2_20230709-194142_4000x3000.sdr.png	st_ac06	44	19616	1399.385999990045	-218.502	
1600-lilith-food	imazen-26-png-v3/png-v3/1600-lilith-food/1608_food_single-cake-slice-plate_anedaitocho-kyoto-japan_s23u_iso320-f2p2_20230709-194142_4000x3000.sdr.png	st_ac10	20	59990	3949.9410489952425	-220.314	
1600-lilith-food	imazen-26-png-v3/png-v3/1600-lilith-food/1608_food_single-cake-slice-plate_anedaitocho-kyoto-japan_s23u_iso320-f2p2_20230709-194142_4000x3000.sdr.png	st_ac10	32	36479	2258.5815869970247	-220.686	
1600-lilith-food	imazen-26-png-v3/png-v3/1600-lilith-food/1608_food_single-cake-slice-plate_anedaitocho-kyoto-japan_s23u_iso320-f2p2_20230709-194142_4000x3000.sdr.png	st_ac10	44	19631	1243.885356001556	-218.342	
1600-lilith-food	imazen-26-png-v3/png-v3/1600-lilith-food/1608_food_single-cake-slice-plate_anedaitocho-kyoto-japan_s23u_iso320-f2p2_20230709-194142_4000x3000.sdr.png	st_ac20	20	59998	3742.510181007674	-220.468	
1600-lilith-food	imazen-26-png-v3/png-v3/1600-lilith-food/1608_food_single-cake-slice-plate_anedaitocho-kyoto-japan_s23u_iso320-f2p2_20230709-194142_4000x3000.sdr.png	st_ac20	32	36502	2278.9992699981667	-220.439	
1600-lilith-food	imazen-26-png-v3/png-v3/1600-lilith-food/1608_food_single-cake-slice-plate_anedaitocho-kyoto-japan_s23u_iso320-f2p2_20230709-194142_4000x3000.sdr.png	st_ac20	44	19621	1297.366045997478	-218.368	
1600-lilith-food	imazen-26-png-v3/png-v3/1600-lilith-food/1608_food_single-cake-slice-plate_anedaitocho-kyoto-japan_s23u_iso320-f2p2_20230709-194142_4000x3000.sdr.png	st_vb4	20	60292	3614.64082999737	-220.393	
1600-lilith-food	imazen-26-png-v3/png-v3/1600-lilith-food/1608_food_single-cake-slice-plate_anedaitocho-kyoto-japan_s23u_iso320-f2p2_20230709-194142_4000x3000.sdr.png	st_vb4	32	36875	2333.244740992086	-221.003	
1600-lilith-food	imazen-26-png-v3/png-v3/1600-lilith-food/1608_food_single-cake-slice-plate_anedaitocho-kyoto-japan_s23u_iso320-f2p2_20230709-194142_4000x3000.sdr.png	st_vb4	44	19812	1302.5509520084597	-218.781	
1600-lilith-food	imazen-26-png-v3/png-v3/1600-lilith-food/1608_food_single-cake-slice-plate_anedaitocho-kyoto-japan_s23u_iso320-f2p2_20230709-194142_4000x3000.sdr.png	st_ac10vb4	20	60302	3764.5170820032945	-220.121	
1600-lilith-food	imazen-26-png-v3/png-v3/1600-lilith-food/1608_food_single-cake-slice-plate_anedaitocho-kyoto-japan_s23u_iso320-f2p2_20230709-194142_4000x3000.sdr.png	st_ac10vb4	32	36838	2307.721892997506	-220.651	
1600-lilith-food	imazen-26-png-v3/png-v3/1600-lilith-food/1608_food_single-cake-slice-plate_anedaitocho-kyoto-japan_s23u_iso320-f2p2_20230709-194142_4000x3000.sdr.png	st_ac10vb4	44	19846	1333.791076001944	-218.728	
1600-lilith-food	imazen-26-png-v3/png-v3/1600-lilith-food/1608_food_single-cake-slice-plate_anedaitocho-kyoto-japan_s23u_iso320-f2p2_20230709-194142_4000x3000.sdr.png	st_oct6	20	59286	4205.336098995758	-220.393	
1600-lilith-food	imazen-26-png-v3/png-v3/1600-lilith-food/1608_food_single-cake-slice-plate_anedaitocho-kyoto-japan_s23u_iso320-f2p2_20230709-194142_4000x3000.sdr.png	st_oct6	32	35801	2287.1663690020796	-219.948	
1600-lilith-food	imazen-26-png-v3/png-v3/1600-lilith-food/1608_food_single-cake-slice-plate_anedaitocho-kyoto-japan_s23u_iso320-f2p2_20230709-194142_4000x3000.sdr.png	st_oct6	44	19150	1148.7920660001691	-219.053	
1600-lilith-food	imazen-26-png-v3/png-v3/1600-lilith-food/1608_food_single-cake-slice-plate_anedaitocho-kyoto-japan_s23u_iso320-f2p2_20230709-194142_4000x3000.sdr.png	st_oct7	20	58527	3965.4717019875534	-220.555	
1600-lilith-food	imazen-26-png-v3/png-v3/1600-lilith-food/1608_food_single-cake-slice-plate_anedaitocho-kyoto-japan_s23u_iso320-f2p2_20230709-194142_4000x3000.sdr.png	st_oct7	32	35190	2387.5596239959123	-219.820	
1600-lilith-food	imazen-26-png-v3/png-v3/1600-lilith-food/1608_food_single-cake-slice-plate_anedaitocho-kyoto-japan_s23u_iso320-f2p2_20230709-194142_4000x3000.sdr.png	st_oct7	44	18722	1217.6745229953667	-218.173	
1600-lilith-food	imazen-26-png-v3/png-v3/1600-lilith-food/1614_food_dessert-plate-upside-down_valladolid-mexico_s23u_iso640-f1p7_20230917-213342_4000x3000.sdr.png	t1	20	49530	3232.3239169927547	-161.021	
1600-lilith-food	imazen-26-png-v3/png-v3/1600-lilith-food/1614_food_dessert-plate-upside-down_valladolid-mexico_s23u_iso640-f1p7_20230917-213342_4000x3000.sdr.png	t1	32	27364	2170.2854539908003	-159.256	
1600-lilith-food	imazen-26-png-v3/png-v3/1600-lilith-food/1614_food_dessert-plate-upside-down_valladolid-mexico_s23u_iso640-f1p7_20230917-213342_4000x3000.sdr.png	t1	44	12894	940.7014650059864	-152.139	
1600-lilith-food	imazen-26-png-v3/png-v3/1600-lilith-food/1614_food_dessert-plate-upside-down_valladolid-mexico_s23u_iso640-f1p7_20230917-213342_4000x3000.sdr.png	t2	20	48845	3471.9963210081914	-161.665	
1600-lilith-food	imazen-26-png-v3/png-v3/1600-lilith-food/1614_food_dessert-plate-upside-down_valladolid-mexico_s23u_iso640-f1p7_20230917-213342_4000x3000.sdr.png	t2	32	25938	1984.6587820065906	-160.937	
1600-lilith-food	imazen-26-png-v3/png-v3/1600-lilith-food/1614_food_dessert-plate-upside-down_valladolid-mexico_s23u_iso640-f1p7_20230917-213342_4000x3000.sdr.png	t2	44	12169	1162.1852700045565	-155.400	
1600-lilith-food	imazen-26-png-v3/png-v3/1600-lilith-food/1614_food_dessert-plate-upside-down_valladolid-mexico_s23u_iso640-f1p7_20230917-213342_4000x3000.sdr.png	t3	20	52647	3591.52253899083	-162.489	
1600-lilith-food	imazen-26-png-v3/png-v3/1600-lilith-food/1614_food_dessert-plate-upside-down_valladolid-mexico_s23u_iso640-f1p7_20230917-213342_4000x3000.sdr.png	t3	32	30898	2453.5796150012175	-161.545	
1600-lilith-food	imazen-26-png-v3/png-v3/1600-lilith-food/1614_food_dessert-plate-upside-down_valladolid-mexico_s23u_iso640-f1p7_20230917-213342_4000x3000.sdr.png	t3	44	15270	1139.32136198855	-158.986	
1600-lilith-food	imazen-26-png-v3/png-v3/1600-lilith-food/1614_food_dessert-plate-upside-down_valladolid-mexico_s23u_iso640-f1p7_20230917-213342_4000x3000.sdr.png	t4	20	52216	3544.2763390019536	-161.833	
1600-lilith-food	imazen-26-png-v3/png-v3/1600-lilith-food/1614_food_dessert-plate-upside-down_valladolid-mexico_s23u_iso640-f1p7_20230917-213342_4000x3000.sdr.png	t4	32	28994	2115.2642800007015	-161.705	
1600-lilith-food	imazen-26-png-v3/png-v3/1600-lilith-food/1614_food_dessert-plate-upside-down_valladolid-mexico_s23u_iso640-f1p7_20230917-213342_4000x3000.sdr.png	t4	44	15122	1218.3067930018296	-160.572	
1600-lilith-food	imazen-26-png-v3/png-v3/1600-lilith-food/1614_food_dessert-plate-upside-down_valladolid-mexico_s23u_iso640-f1p7_20230917-213342_4000x3000.sdr.png	st	20	52647	3445.290196003043	-162.489	
1600-lilith-food	imazen-26-png-v3/png-v3/1600-lilith-food/1614_food_dessert-plate-upside-down_valladolid-mexico_s23u_iso640-f1p7_20230917-213342_4000x3000.sdr.png	st	32	30898	2313.187622014084	-161.545	
1600-lilith-food	imazen-26-png-v3/png-v3/1600-lilith-food/1614_food_dessert-plate-upside-down_valladolid-mexico_s23u_iso640-f1p7_20230917-213342_4000x3000.sdr.png	st	44	15270	1380.665760996635	-158.986	
1600-lilith-food	imazen-26-png-v3/png-v3/1600-lilith-food/1614_food_dessert-plate-upside-down_valladolid-mexico_s23u_iso640-f1p7_20230917-213342_4000x3000.sdr.png	st_ac06	20	52700	3401.4070429984713	-162.719	
1600-lilith-food	imazen-26-png-v3/png-v3/1600-lilith-food/1614_food_dessert-plate-upside-down_valladolid-mexico_s23u_iso640-f1p7_20230917-213342_4000x3000.sdr.png	st_ac06	32	30943	2103.004628996132	-161.952	
1600-lilith-food	imazen-26-png-v3/png-v3/1600-lilith-food/1614_food_dessert-plate-upside-down_valladolid-mexico_s23u_iso640-f1p7_20230917-213342_4000x3000.sdr.png	st_ac06	44	15258	1139.236388989957	-158.567	
1600-lilith-food	imazen-26-png-v3/png-v3/1600-lilith-food/1614_food_dessert-plate-upside-down_valladolid-mexico_s23u_iso640-f1p7_20230917-213342_4000x3000.sdr.png	st_ac10	20	52695	3353.6297540122177	-162.626	
1600-lilith-food	imazen-26-png-v3/png-v3/1600-lilith-food/1614_food_dessert-plate-upside-down_valladolid-mexico_s23u_iso640-f1p7_20230917-213342_4000x3000.sdr.png	st_ac10	32	30891	2174.0658030030318	-161.952	
1600-lilith-food	imazen-26-png-v3/png-v3/1600-lilith-food/1614_food_dessert-plate-upside-down_valladolid-mexico_s23u_iso640-f1p7_20230917-213342_4000x3000.sdr.png	st_ac10	44	15295	1057.992859990918	-159.903	
1600-lilith-food	imazen-26-png-v3/png-v3/1600-lilith-food/1614_food_dessert-plate-upside-down_valladolid-mexico_s23u_iso640-f1p7_20230917-213342_4000x3000.sdr.png	st_ac20	20	52810	3377.414050992229	-162.458	
1600-lilith-food	imazen-26-png-v3/png-v3/1600-lilith-food/1614_food_dessert-plate-upside-down_valladolid-mexico_s23u_iso640-f1p7_20230917-213342_4000x3000.sdr.png	st_ac20	32	30921	2268.366028001765	-162.546	
1600-lilith-food	imazen-26-png-v3/png-v3/1600-lilith-food/1614_food_dessert-plate-upside-down_valladolid-mexico_s23u_iso640-f1p7_20230917-213342_4000x3000.sdr.png	st_ac20	44	15279	1243.033207996632	-160.100	
1600-lilith-food	imazen-26-png-v3/png-v3/1600-lilith-food/1614_food_dessert-plate-upside-down_valladolid-mexico_s23u_iso640-f1p7_20230917-213342_4000x3000.sdr.png	st_vb4	20	53608	3760.5298800044693	-162.547	
1600-lilith-food	imazen-26-png-v3/png-v3/1600-lilith-food/1614_food_dessert-plate-upside-down_valladolid-mexico_s23u_iso640-f1p7_20230917-213342_4000x3000.sdr.png	st_vb4	32	31953	2219.5175950037083	-161.559	
1600-lilith-food	imazen-26-png-v3/png-v3/1600-lilith-food/1614_food_dessert-plate-upside-down_valladolid-mexico_s23u_iso640-f1p7_20230917-213342_4000x3000.sdr.png	st_vb4	44	15924	1101.4053389953915	-160.925	
1600-lilith-food	imazen-26-png-v3/png-v3/1600-lilith-food/1614_food_dessert-plate-upside-down_valladolid-mexico_s23u_iso640-f1p7_20230917-213342_4000x3000.sdr.png	st_ac10vb4	20	53606	4437.9357019934105	-162.788	
1600-lilith-food	imazen-26-png-v3/png-v3/1600-lilith-food/1614_food_dessert-plate-upside-down_valladolid-mexico_s23u_iso640-f1p7_20230917-213342_4000x3000.sdr.png	st_ac10vb4	32	31941	2129.5612800022354	-162.638	
1600-lilith-food	imazen-26-png-v3/png-v3/1600-lilith-food/1614_food_dessert-plate-upside-down_valladolid-mexico_s23u_iso640-f1p7_20230917-213342_4000x3000.sdr.png	st_ac10vb4	44	15917	1164.1829529980896	-160.165	
1600-lilith-food	imazen-26-png-v3/png-v3/1600-lilith-food/1614_food_dessert-plate-upside-down_valladolid-mexico_s23u_iso640-f1p7_20230917-213342_4000x3000.sdr.png	st_oct6	20	51807	4814.747570999316	-162.339	
1600-lilith-food	imazen-26-png-v3/png-v3/1600-lilith-food/1614_food_dessert-plate-upside-down_valladolid-mexico_s23u_iso640-f1p7_20230917-213342_4000x3000.sdr.png	st_oct6	32	30142	2586.253140005283	-161.958	
1600-lilith-food	imazen-26-png-v3/png-v3/1600-lilith-food/1614_food_dessert-plate-upside-down_valladolid-mexico_s23u_iso640-f1p7_20230917-213342_4000x3000.sdr.png	st_oct6	44	14841	1106.6547879891004	-158.576	
1600-lilith-food	imazen-26-png-v3/png-v3/1600-lilith-food/1614_food_dessert-plate-upside-down_valladolid-mexico_s23u_iso640-f1p7_20230917-213342_4000x3000.sdr.png	st_oct7	20	50011	4849.910976001411	-162.506	
1600-lilith-food	imazen-26-png-v3/png-v3/1600-lilith-food/1614_food_dessert-plate-upside-down_valladolid-mexico_s23u_iso640-f1p7_20230917-213342_4000x3000.sdr.png	st_oct7	32	28486	2750.3462900058366	-161.830	
1600-lilith-food	imazen-26-png-v3/png-v3/1600-lilith-food/1614_food_dessert-plate-upside-down_valladolid-mexico_s23u_iso640-f1p7_20230917-213342_4000x3000.sdr.png	st_oct7	44	14010	1449.4716820045142	-157.463	
2000-unsplash-people	imazen-26-png-v3/png-v3/2000-unsplash-people/2000_people_by-alexander-aguero-enppvuxbcce-unsplash_4400x6600.sdr.png	t1	20	7932	841.0942829941632	-48.818	
2000-unsplash-people	imazen-26-png-v3/png-v3/2000-unsplash-people/2000_people_by-alexander-aguero-enppvuxbcce-unsplash_4400x6600.sdr.png	t1	32	2385	584.2252429865766	-45.267	
2000-unsplash-people	imazen-26-png-v3/png-v3/2000-unsplash-people/2000_people_by-alexander-aguero-enppvuxbcce-unsplash_4400x6600.sdr.png	t1	44	806	394.5155480032554	-40.799	
2000-unsplash-people	imazen-26-png-v3/png-v3/2000-unsplash-people/2000_people_by-alexander-aguero-enppvuxbcce-unsplash_4400x6600.sdr.png	t2	20	7940	1580.4049619910074	-48.809	
2000-unsplash-people	imazen-26-png-v3/png-v3/2000-unsplash-people/2000_people_by-alexander-aguero-enppvuxbcce-unsplash_4400x6600.sdr.png	t2	32	2372	1029.5971169980476	-45.148	
2000-unsplash-people	imazen-26-png-v3/png-v3/2000-unsplash-people/2000_people_by-alexander-aguero-enppvuxbcce-unsplash_4400x6600.sdr.png	t2	44	794	506.6542069980642	-40.776	
2000-unsplash-people	imazen-26-png-v3/png-v3/2000-unsplash-people/2000_people_by-alexander-aguero-enppvuxbcce-unsplash_4400x6600.sdr.png	t3	20	19695	2410.6872330012266	-49.620	
2000-unsplash-people	imazen-26-png-v3/png-v3/2000-unsplash-people/2000_people_by-alexander-aguero-enppvuxbcce-unsplash_4400x6600.sdr.png	t3	32	10936	1438.2057079928927	-49.289	
2000-unsplash-people	imazen-26-png-v3/png-v3/2000-unsplash-people/2000_people_by-alexander-aguero-enppvuxbcce-unsplash_4400x6600.sdr.png	t3	44	3282	821.0533560049953	-47.479	
2000-unsplash-people	imazen-26-png-v3/png-v3/2000-unsplash-people/2000_people_by-alexander-aguero-enppvuxbcce-unsplash_4400x6600.sdr.png	t4	20	13973	1887.43163899926	-49.506	
2000-unsplash-people	imazen-26-png-v3/png-v3/2000-unsplash-people/2000_people_by-alexander-aguero-enppvuxbcce-unsplash_4400x6600.sdr.png	t4	32	7042	1114.1843359946506	-49.006	
2000-unsplash-people	imazen-26-png-v3/png-v3/2000-unsplash-people/2000_people_by-alexander-aguero-enppvuxbcce-unsplash_4400x6600.sdr.png	t4	44	2765	590.3046879975591	-47.104	
2000-unsplash-people	imazen-26-png-v3/png-v3/2000-unsplash-people/2000_people_by-alexander-aguero-enppvuxbcce-unsplash_4400x6600.sdr.png	st	20	19695	2096.1621050082613	-49.620	
2000-unsplash-people	imazen-26-png-v3/png-v3/2000-unsplash-people/2000_people_by-alexander-aguero-enppvuxbcce-unsplash_4400x6600.sdr.png	st	32	10936	1687.5516209984198	-49.289	
2000-unsplash-people	imazen-26-png-v3/png-v3/2000-unsplash-people/2000_people_by-alexander-aguero-enppvuxbcce-unsplash_4400x6600.sdr.png	st	44	3282	521.6642509913072	-47.479	
2000-unsplash-people	imazen-26-png-v3/png-v3/2000-unsplash-people/2000_people_by-alexander-aguero-enppvuxbcce-unsplash_4400x6600.sdr.png	st_ac06	20	19683	2529.0807299898006	-49.687	
2000-unsplash-people	imazen-26-png-v3/png-v3/2000-unsplash-people/2000_people_by-alexander-aguero-enppvuxbcce-unsplash_4400x6600.sdr.png	st_ac06	32	10932	1572.392875998048	-49.216	
2000-unsplash-people	imazen-26-png-v3/png-v3/2000-unsplash-people/2000_people_by-alexander-aguero-enppvuxbcce-unsplash_4400x6600.sdr.png	st_ac06	44	3282	788.795429005404	-47.476	
2000-unsplash-people	imazen-26-png-v3/png-v3/2000-unsplash-people/2000_people_by-alexander-aguero-enppvuxbcce-unsplash_4400x6600.sdr.png	st_ac10	20	19706	2275.9069580060896	-49.679	
2000-unsplash-people	imazen-26-png-v3/png-v3/2000-unsplash-people/2000_people_by-alexander-aguero-enppvuxbcce-unsplash_4400x6600.sdr.png	st_ac10	32	10907	1659.208637996926	-49.282	
2000-unsplash-people	imazen-26-png-v3/png-v3/2000-unsplash-people/2000_people_by-alexander-aguero-enppvuxbcce-unsplash_4400x6600.sdr.png	st_ac10	44	3277	610.6687190040248	-47.265	
2000-unsplash-people	imazen-26-png-v3/png-v3/2000-unsplash-people/2000_people_by-alexander-aguero-enppvuxbcce-unsplash_4400x6600.sdr.png	st_ac20	20	19681	2426.90829600906	-49.690	
2000-unsplash-people	imazen-26-png-v3/png-v3/2000-unsplash-people/2000_people_by-alexander-aguero-enppvuxbcce-unsplash_4400x6600.sdr.png	st_ac20	32	10922	1638.4111439983826	-49.315	
2000-unsplash-people	imazen-26-png-v3/png-v3/2000-unsplash-people/2000_people_by-alexander-aguero-enppvuxbcce-unsplash_4400x6600.sdr.png	st_ac20	44	3244	706.4777889900142	-47.111	
2000-unsplash-people	imazen-26-png-v3/png-v3/2000-unsplash-people/2000_people_by-alexander-aguero-enppvuxbcce-unsplash_4400x6600.sdr.png	st_vb4	20	20427	2484.495323005831	-49.557	
2000-unsplash-people	imazen-26-png-v3/png-v3/2000-unsplash-people/2000_people_by-alexander-aguero-enppvuxbcce-unsplash_4400x6600.sdr.png	st_vb4	32	11640	1526.5526570001384	-49.230	
2000-unsplash-people	imazen-26-png-v3/png-v3/2000-unsplash-people/2000_people_by-alexander-aguero-enppvuxbcce-unsplash_4400x6600.sdr.png	st_vb4	44	4274	638.8794009981211	-47.898	
2000-unsplash-people	imazen-26-png-v3/png-v3/2000-unsplash-people/2000_people_by-alexander-aguero-enppvuxbcce-unsplash_4400x6600.sdr.png	st_ac10vb4	20	20435	2455.792858003406	-49.591	
2000-unsplash-people	imazen-26-png-v3/png-v3/2000-unsplash-people/2000_people_by-alexander-aguero-enppvuxbcce-unsplash_4400x6600.sdr.png	st_ac10vb4	32	11647	1736.5014250099193	-49.195	
2000-unsplash-people	imazen-26-png-v3/png-v3/2000-unsplash-people/2000_people_by-alexander-aguero-enppvuxbcce-unsplash_4400x6600.sdr.png	st_ac10vb4	44	4288	733.614070006297	-47.674	
2000-unsplash-people	imazen-26-png-v3/png-v3/2000-unsplash-people/2000_people_by-alexander-aguero-enppvuxbcce-unsplash_4400x6600.sdr.png	st_oct6	20	19554	2474.8824590060394	-49.662	
2000-unsplash-people	imazen-26-png-v3/png-v3/2000-unsplash-people/2000_people_by-alexander-aguero-enppvuxbcce-unsplash_4400x6600.sdr.png	st_oct6	32	10831	1479.7747260017786	-49.172	
2000-unsplash-people	imazen-26-png-v3/png-v3/2000-unsplash-people/2000_people_by-alexander-aguero-enppvuxbcce-unsplash_4400x6600.sdr.png	st_oct6	44	3179	872.3234369972488	-47.093	
2000-unsplash-people	imazen-26-png-v3/png-v3/2000-unsplash-people/2000_people_by-alexander-aguero-enppvuxbcce-unsplash_4400x6600.sdr.png	st_oct7	20	19055	2442.447555004037	-49.760	
2000-unsplash-people	imazen-26-png-v3/png-v3/2000-unsplash-people/2000_people_by-alexander-aguero-enppvuxbcce-unsplash_4400x6600.sdr.png	st_oct7	32	10440	1653.4809209988452	-49.181	
2000-unsplash-people	imazen-26-png-v3/png-v3/2000-unsplash-people/2000_people_by-alexander-aguero-enppvuxbcce-unsplash_4400x6600.sdr.png	st_oct7	44	2978	704.8759969911771	-46.854	
2000-unsplash-people	imazen-26-png-v3/png-v3/2000-unsplash-people/2001_people_by-anastasia-pivnenko-prng6r1nspq-unsplash_2272x3072.sdr.png	t1	20	71254	4345.094328004052	-66.767	
2000-unsplash-people	imazen-26-png-v3/png-v3/2000-unsplash-people/2001_people_by-anastasia-pivnenko-prng6r1nspq-unsplash_2272x3072.sdr.png	t1	32	38012	3622.518830001354	-66.571	
2000-unsplash-people	imazen-26-png-v3/png-v3/2000-unsplash-people/2001_people_by-anastasia-pivnenko-prng6r1nspq-unsplash_2272x3072.sdr.png	t1	44	2765	460.82032000413164	-65.050	
2000-unsplash-people	imazen-26-png-v3/png-v3/2000-unsplash-people/2001_people_by-anastasia-pivnenko-prng6r1nspq-unsplash_2272x3072.sdr.png	t2	20	71217	4254.797134999535	-66.771	
2000-unsplash-people	imazen-26-png-v3/png-v3/2000-unsplash-people/2001_people_by-anastasia-pivnenko-prng6r1nspq-unsplash_2272x3072.sdr.png	t2	32	38311	3314.3920930015156	-66.562	
2000-unsplash-people	imazen-26-png-v3/png-v3/2000-unsplash-people/2001_people_by-anastasia-pivnenko-prng6r1nspq-unsplash_2272x3072.sdr.png	t2	44	2745	474.09031899587717	-65.096	
2000-unsplash-people	imazen-26-png-v3/png-v3/2000-unsplash-people/2001_people_by-anastasia-pivnenko-prng6r1nspq-unsplash_2272x3072.sdr.png	t3	20	75338	4388.791809004033	-66.846	
2000-unsplash-people	imazen-26-png-v3/png-v3/2000-unsplash-people/2001_people_by-anastasia-pivnenko-prng6r1nspq-unsplash_2272x3072.sdr.png	t3	32	44092	3183.980633999454	-66.554	
2000-unsplash-people	imazen-26-png-v3/png-v3/2000-unsplash-people/2001_people_by-anastasia-pivnenko-prng6r1nspq-unsplash_2272x3072.sdr.png	t3	44	8128	865.4297659959411	-66.304	
2000-unsplash-people	imazen-26-png-v3/png-v3/2000-unsplash-people/2001_people_by-anastasia-pivnenko-prng6r1nspq-unsplash_2272x3072.sdr.png	t4	20	74574	3920.3103309992002	-66.826	
2000-unsplash-people	imazen-26-png-v3/png-v3/2000-unsplash-people/2001_people_by-anastasia-pivnenko-prng6r1nspq-unsplash_2272x3072.sdr.png	t4	32	44427	2937.4653449922334	-66.593	
2000-unsplash-people	imazen-26-png-v3/png-v3/2000-unsplash-people/2001_people_by-anastasia-pivnenko-prng6r1nspq-unsplash_2272x3072.sdr.png	t4	44	7936	742.559877995518	-66.260	
2000-unsplash-people	imazen-26-png-v3/png-v3/2000-unsplash-people/2001_people_by-anastasia-pivnenko-prng6r1nspq-unsplash_2272x3072.sdr.png	st	20	75338	4020.30700200703	-66.846	
2000-unsplash-people	imazen-26-png-v3/png-v3/2000-unsplash-people/2001_people_by-anastasia-pivnenko-prng6r1nspq-unsplash_2272x3072.sdr.png	st	32	44092	3049.4570650043897	-66.554	
2000-unsplash-people	imazen-26-png-v3/png-v3/2000-unsplash-people/2001_people_by-anastasia-pivnenko-prng6r1nspq-unsplash_2272x3072.sdr.png	st	44	8128	632.8962289990159	-66.304	
2000-unsplash-people	imazen-26-png-v3/png-v3/2000-unsplash-people/2001_people_by-anastasia-pivnenko-prng6r1nspq-unsplash_2272x3072.sdr.png	st_ac06	20	75339	4031.590229002177	-66.848	
2000-unsplash-people	imazen-26-png-v3/png-v3/2000-unsplash-people/2001_people_by-anastasia-pivnenko-prng6r1nspq-unsplash_2272x3072.sdr.png	st_ac06	32	44227	3678.3582379866857	-66.613	
2000-unsplash-people	imazen-26-png-v3/png-v3/2000-unsplash-people/2001_people_by-anastasia-pivnenko-prng6r1nspq-unsplash_2272x3072.sdr.png	st_ac06	44	8130	992.0393450011034	-66.309	
2000-unsplash-people	imazen-26-png-v3/png-v3/2000-unsplash-people/2001_people_by-anastasia-pivnenko-prng6r1nspq-unsplash_2272x3072.sdr.png	st_ac10	20	75335	4499.607133999234	-66.844	
2000-unsplash-people	imazen-26-png-v3/png-v3/2000-unsplash-people/2001_people_by-anastasia-pivnenko-prng6r1nspq-unsplash_2272x3072.sdr.png	st_ac10	32	44243	3424.006097004167	-66.616	
2000-unsplash-people	imazen-26-png-v3/png-v3/2000-unsplash-people/2001_people_by-anastasia-pivnenko-prng6r1nspq-unsplash_2272x3072.sdr.png	st_ac10	44	8134	1000.0346279994119	-66.499	
2000-unsplash-people	imazen-26-png-v3/png-v3/2000-unsplash-people/2001_people_by-anastasia-pivnenko-prng6r1nspq-unsplash_2272x3072.sdr.png	st_ac20	20	75380	4147.715298997355	-66.837	
2000-unsplash-people	imazen-26-png-v3/png-v3/2000-unsplash-people/2001_people_by-anastasia-pivnenko-prng6r1nspq-unsplash_2272x3072.sdr.png	st_ac20	32	44457	3146.095319010783	-66.662	
2000-unsplash-people	imazen-26-png-v3/png-v3/2000-unsplash-people/2001_people_by-anastasia-pivnenko-prng6r1nspq-unsplash_2272x3072.sdr.png	st_ac20	44	8149	980.027304001851	-66.288	
2000-unsplash-people	imazen-26-png-v3/png-v3/2000-unsplash-people/2001_people_by-anastasia-pivnenko-prng6r1nspq-unsplash_2272x3072.sdr.png	st_vb4	20	77525	4083.695246008574	-66.740	
2000-unsplash-people	imazen-26-png-v3/png-v3/2000-unsplash-people/2001_people_by-anastasia-pivnenko-prng6r1nspq-unsplash_2272x3072.sdr.png	st_vb4	32	48847	3192.1290259924717	-66.594	
2000-unsplash-people	imazen-26-png-v3/png-v3/2000-unsplash-people/2001_people_by-anastasia-pivnenko-prng6r1nspq-unsplash_2272x3072.sdr.png	st_vb4	44	10347	966.3663120009005	-66.344	
2000-unsplash-people	imazen-26-png-v3/png-v3/2000-unsplash-people/2001_people_by-anastasia-pivnenko-prng6r1nspq-unsplash_2272x3072.sdr.png	st_ac10vb4	20	77513	4405.659109004773	-66.746	
2000-unsplash-people	imazen-26-png-v3/png-v3/2000-unsplash-people/2001_people_by-anastasia-pivnenko-prng6r1nspq-unsplash_2272x3072.sdr.png	st_ac10vb4	32	48864	3189.654027009965	-66.577	
2000-unsplash-people	imazen-26-png-v3/png-v3/2000-unsplash-people/2001_people_by-anastasia-pivnenko-prng6r1nspq-unsplash_2272x3072.sdr.png	st_ac10vb4	44	10337	1075.36124199396	-66.289	
2000-unsplash-people	imazen-26-png-v3/png-v3/2000-unsplash-people/2001_people_by-anastasia-pivnenko-prng6r1nspq-unsplash_2272x3072.sdr.png	st_oct6	20	74491	6000.171842009877	-66.832	
2000-unsplash-people	imazen-26-png-v3/png-v3/2000-unsplash-people/2001_people_by-anastasia-pivnenko-prng6r1nspq-unsplash_2272x3072.sdr.png	st_oct6	32	41924	4399.522947001969	-66.611	
2000-unsplash-people	imazen-26-png-v3/png-v3/2000-unsplash-people/2001_people_by-anastasia-pivnenko-prng6r1nspq-unsplash_2272x3072.sdr.png	st_oct6	44	7892	815.3753730002791	-66.169	
2000-unsplash-people	imazen-26-png-v3/png-v3/2000-unsplash-people/2001_people_by-anastasia-pivnenko-prng6r1nspq-unsplash_2272x3072.sdr.png	st_oct7	20	72643	6550.672010998824	-66.885	
2000-unsplash-people	imazen-26-png-v3/png-v3/2000-unsplash-people/2001_people_by-anastasia-pivnenko-prng6r1nspq-unsplash_2272x3072.sdr.png	st_oct7	32	37221	4514.953817997593	-66.526	
2000-unsplash-people	imazen-26-png-v3/png-v3/2000-unsplash-people/2001_people_by-anastasia-pivnenko-prng6r1nspq-unsplash_2272x3072.sdr.png	st_oct7	44	6888	778.7676659936551	-66.012	
2200-unsplash-renders	imazen-26-png-v3/png-v3/2200-unsplash-renders/2200_renders_abstract-folded-ribbons_by-a-chosen-soul-moigsaj8te0-unsplash_7680x4320.sdr.png	t1	20	11556	1274.2672820022563	-60.024	
2200-unsplash-renders	imazen-26-png-v3/png-v3/2200-unsplash-renders/2200_renders_abstract-folded-ribbons_by-a-chosen-soul-moigsaj8te0-unsplash_7680x4320.sdr.png	t1	32	5227	730.1830649957992	-59.910	
2200-unsplash-renders	imazen-26-png-v3/png-v3/2200-unsplash-renders/2200_renders_abstract-folded-ribbons_by-a-chosen-soul-moigsaj8te0-unsplash_7680x4320.sdr.png	t1	44	821	415.59752300963737	-59.615	
2200-unsplash-renders	imazen-26-png-v3/png-v3/2200-unsplash-renders/2200_renders_abstract-folded-ribbons_by-a-chosen-soul-moigsaj8te0-unsplash_7680x4320.sdr.png	t2	20	11192	2037.5076509953942	-60.048	
2200-unsplash-renders	imazen-26-png-v3/png-v3/2200-unsplash-renders/2200_renders_abstract-folded-ribbons_by-a-chosen-soul-moigsaj8te0-unsplash_7680x4320.sdr.png	t2	32	4582	1205.1162839925382	-59.969	
2200-unsplash-renders	imazen-26-png-v3/png-v3/2200-unsplash-renders/2200_renders_abstract-folded-ribbons_by-a-chosen-soul-moigsaj8te0-unsplash_7680x4320.sdr.png	t2	44	772	676.5292070049327	-59.371	
2200-unsplash-renders	imazen-26-png-v3/png-v3/2200-unsplash-renders/2200_renders_abstract-folded-ribbons_by-a-chosen-soul-moigsaj8te0-unsplash_7680x4320.sdr.png	t3	20	15028	1725.5401209986303	-59.953	
2200-unsplash-renders	imazen-26-png-v3/png-v3/2200-unsplash-renders/2200_renders_abstract-folded-ribbons_by-a-chosen-soul-moigsaj8te0-unsplash_7680x4320.sdr.png	t3	32	8393	1069.1637530107982	-59.863	
2200-unsplash-renders	imazen-26-png-v3/png-v3/2200-unsplash-renders/2200_renders_abstract-folded-ribbons_by-a-chosen-soul-moigsaj8te0-unsplash_7680x4320.sdr.png	t3	44	2134	523.738610005239	-59.589	
2200-unsplash-renders	imazen-26-png-v3/png-v3/2200-unsplash-renders/2200_renders_abstract-folded-ribbons_by-a-chosen-soul-moigsaj8te0-unsplash_7680x4320.sdr.png	t4	20	14901	1560.7249589957064	-59.921	
2200-unsplash-renders	imazen-26-png-v3/png-v3/2200-unsplash-renders/2200_renders_abstract-folded-ribbons_by-a-chosen-soul-moigsaj8te0-unsplash_7680x4320.sdr.png	t4	32	8427	1064.006779997726	-59.949	
2200-unsplash-renders	imazen-26-png-v3/png-v3/2200-unsplash-renders/2200_renders_abstract-folded-ribbons_by-a-chosen-soul-moigsaj8te0-unsplash_7680x4320.sdr.png	t4	44	2085	474.13793999294285	-59.715	
2200-unsplash-renders	imazen-26-png-v3/png-v3/2200-unsplash-renders/2200_renders_abstract-folded-ribbons_by-a-chosen-soul-moigsaj8te0-unsplash_7680x4320.sdr.png	st	20	15028	2092.5349980097963	-59.953	
2200-unsplash-renders	imazen-26-png-v3/png-v3/2200-unsplash-renders/2200_renders_abstract-folded-ribbons_by-a-chosen-soul-moigsaj8te0-unsplash_7680x4320.sdr.png	st	32	8393	1407.6058490027208	-59.863	
2200-unsplash-renders	imazen-26-png-v3/png-v3/2200-unsplash-renders/2200_renders_abstract-folded-ribbons_by-a-chosen-soul-moigsaj8te0-unsplash_7680x4320.sdr.png	st	44	2134	687.6092879974749	-59.589	
2200-unsplash-renders	imazen-26-png-v3/png-v3/2200-unsplash-renders/2200_renders_abstract-folded-ribbons_by-a-chosen-soul-moigsaj8te0-unsplash_7680x4320.sdr.png	st_ac06	20	15023	1970.2376860077493	-59.941	
2200-unsplash-renders	imazen-26-png-v3/png-v3/2200-unsplash-renders/2200_renders_abstract-folded-ribbons_by-a-chosen-soul-moigsaj8te0-unsplash_7680x4320.sdr.png	st_ac06	32	8392	1344.0970069932519	-59.890	
2200-unsplash-renders	imazen-26-png-v3/png-v3/2200-unsplash-renders/2200_renders_abstract-folded-ribbons_by-a-chosen-soul-moigsaj8te0-unsplash_7680x4320.sdr.png	st_ac06	44	2135	717.322223004885	-59.583	
2200-unsplash-renders	imazen-26-png-v3/png-v3/2200-unsplash-renders/2200_renders_abstract-folded-ribbons_by-a-chosen-soul-moigsaj8te0-unsplash_7680x4320.sdr.png	st_ac10	20	15029	2061.8399380036863	-59.941	
2200-unsplash-renders	imazen-26-png-v3/png-v3/2200-unsplash-renders/2200_renders_abstract-folded-ribbons_by-a-chosen-soul-moigsaj8te0-unsplash_7680x4320.sdr.png	st_ac10	32	8409	1331.8609299894888	-59.883	
2200-unsplash-renders	imazen-26-png-v3/png-v3/2200-unsplash-renders/2200_renders_abstract-folded-ribbons_by-a-chosen-soul-moigsaj8te0-unsplash_7680x4320.sdr.png	st_ac10	44	2135	587.228045988013	-59.583	
2200-unsplash-renders	imazen-26-png-v3/png-v3/2200-unsplash-renders/2200_renders_abstract-folded-ribbons_by-a-chosen-soul-moigsaj8te0-unsplash_7680x4320.sdr.png	st_ac20	20	15043	2079.1560710058548	-59.937	
2200-unsplash-renders	imazen-26-png-v3/png-v3/2200-unsplash-renders/2200_renders_abstract-folded-ribbons_by-a-chosen-soul-moigsaj8te0-unsplash_7680x4320.sdr.png	st_ac20	32	8412	1678.913708004984	-59.874	
2200-unsplash-renders	imazen-26-png-v3/png-v3/2200-unsplash-renders/2200_renders_abstract-folded-ribbons_by-a-chosen-soul-moigsaj8te0-unsplash_7680x4320.sdr.png	st_ac20	44	2137	603.3807089988841	-59.604	
2200-unsplash-renders	imazen-26-png-v3/png-v3/2200-unsplash-renders/2200_renders_abstract-folded-ribbons_by-a-chosen-soul-moigsaj8te0-unsplash_7680x4320.sdr.png	st_vb4	20	15544	2364.546322991373	-59.985	
2200-unsplash-renders	imazen-26-png-v3/png-v3/2200-unsplash-renders/2200_renders_abstract-folded-ribbons_by-a-chosen-soul-moigsaj8te0-unsplash_7680x4320.sdr.png	st_vb4	32	9057	1610.3100710024592	-59.876	
2200-unsplash-renders	imazen-26-png-v3/png-v3/2200-unsplash-renders/2200_renders_abstract-folded-ribbons_by-a-chosen-soul-moigsaj8te0-unsplash_7680x4320.sdr.png	st_vb4	44	2726	878.0220280023059	-59.689	
2200-unsplash-renders	imazen-26-png-v3/png-v3/2200-unsplash-renders/2200_renders_abstract-folded-ribbons_by-a-chosen-soul-moigsaj8te0-unsplash_7680x4320.sdr.png	st_ac10vb4	20	15560	2237.9435259936145	-59.986	
2200-unsplash-renders	imazen-26-png-v3/png-v3/2200-unsplash-renders/2200_renders_abstract-folded-ribbons_by-a-chosen-soul-moigsaj8te0-unsplash_7680x4320.sdr.png	st_ac10vb4	32	9081	1275.1201210048748	-59.875	
2200-unsplash-renders	imazen-26-png-v3/png-v3/2200-unsplash-renders/2200_renders_abstract-folded-ribbons_by-a-chosen-soul-moigsaj8te0-unsplash_7680x4320.sdr.png	st_ac10vb4	44	2728	629.7641109995311	-59.690	
2200-unsplash-renders	imazen-26-png-v3/png-v3/2200-unsplash-renders/2200_renders_abstract-folded-ribbons_by-a-chosen-soul-moigsaj8te0-unsplash_7680x4320.sdr.png	st_oct6	20	14448	2784.408061997965	-59.977	
2200-unsplash-renders	imazen-26-png-v3/png-v3/2200-unsplash-renders/2200_renders_abstract-folded-ribbons_by-a-chosen-soul-moigsaj8te0-unsplash_7680x4320.sdr.png	st_oct6	32	7734	1639.5499160134932	-59.869	
2200-unsplash-renders	imazen-26-png-v3/png-v3/2200-unsplash-renders/2200_renders_abstract-folded-ribbons_by-a-chosen-soul-moigsaj8te0-unsplash_7680x4320.sdr.png	st_oct6	44	1876	522.4165599938715	-59.596	
2200-unsplash-renders	imazen-26-png-v3/png-v3/2200-unsplash-renders/2200_renders_abstract-folded-ribbons_by-a-chosen-soul-moigsaj8te0-unsplash_7680x4320.sdr.png	st_oct7	20	13722	3749.948927987134	-59.935	
2200-unsplash-renders	imazen-26-png-v3/png-v3/2200-unsplash-renders/2200_renders_abstract-folded-ribbons_by-a-chosen-soul-moigsaj8te0-unsplash_7680x4320.sdr.png	st_oct7	32	6631	1726.5878710022662	-59.865	
2200-unsplash-renders	imazen-26-png-v3/png-v3/2200-unsplash-renders/2200_renders_abstract-folded-ribbons_by-a-chosen-soul-moigsaj8te0-unsplash_7680x4320.sdr.png	st_oct7	44	1479	776.4912740094587	-59.470	
2200-unsplash-renders	imazen-26-png-v3/png-v3/2200-unsplash-renders/2201_renders_abstract-dark-curves_by-anton-sobotyak-g7ayfxxntva-unsplash_3840x2160.sdr.png	t1	20	414	281.2952039967058	-13.025	
2200-unsplash-renders	imazen-26-png-v3/png-v3/2200-unsplash-renders/2201_renders_abstract-dark-curves_by-anton-sobotyak-g7ayfxxntva-unsplash_3840x2160.sdr.png	t1	32	251	228.99001798941754	-12.618	
2200-unsplash-renders	imazen-26-png-v3/png-v3/2200-unsplash-renders/2201_renders_abstract-dark-curves_by-anton-sobotyak-g7ayfxxntva-unsplash_3840x2160.sdr.png	t1	44	151	291.6160440072417	-13.204	
2200-unsplash-renders	imazen-26-png-v3/png-v3/2200-unsplash-renders/2201_renders_abstract-dark-curves_by-anton-sobotyak-g7ayfxxntva-unsplash_3840x2160.sdr.png	t2	20	415	206.49797600344755	-13.078	
2200-unsplash-renders	imazen-26-png-v3/png-v3/2200-unsplash-renders/2201_renders_abstract-dark-curves_by-anton-sobotyak-g7ayfxxntva-unsplash_3840x2160.sdr.png	t2	32	249	192.05482900724746	-12.812	
2200-unsplash-renders	imazen-26-png-v3/png-v3/2200-unsplash-renders/2201_renders_abstract-dark-curves_by-anton-sobotyak-g7ayfxxntva-unsplash_3840x2160.sdr.png	t2	44	151	464.5321489952039	-13.089	
2200-unsplash-renders	imazen-26-png-v3/png-v3/2200-unsplash-renders/2201_renders_abstract-dark-curves_by-anton-sobotyak-g7ayfxxntva-unsplash_3840x2160.sdr.png	t3	20	1046	541.9615260034334	-13.140	
2200-unsplash-renders	imazen-26-png-v3/png-v3/2200-unsplash-renders/2201_renders_abstract-dark-curves_by-anton-sobotyak-g7ayfxxntva-unsplash_3840x2160.sdr.png	t3	32	606	445.0528379966272	-13.082	
2200-unsplash-renders	imazen-26-png-v3/png-v3/2200-unsplash-renders/2201_renders_abstract-dark-curves_by-anton-sobotyak-g7ayfxxntva-unsplash_3840x2160.sdr.png	t3	44	344	432.7206890011439	-13.327	
2200-unsplash-renders	imazen-26-png-v3/png-v3/2200-unsplash-renders/2201_renders_abstract-dark-curves_by-anton-sobotyak-g7ayfxxntva-unsplash_3840x2160.sdr.png	t4	20	934	450.86857200658415	-13.074	
2200-unsplash-renders	imazen-26-png-v3/png-v3/2200-unsplash-renders/2201_renders_abstract-dark-curves_by-anton-sobotyak-g7ayfxxntva-unsplash_3840x2160.sdr.png	t4	32	537	406.1018700012937	-13.031	
2200-unsplash-renders	imazen-26-png-v3/png-v3/2200-unsplash-renders/2201_renders_abstract-dark-curves_by-anton-sobotyak-g7ayfxxntva-unsplash_3840x2160.sdr.png	t4	44	300	163.37474600004498	-12.931	
2200-unsplash-renders	imazen-26-png-v3/png-v3/2200-unsplash-renders/2201_renders_abstract-dark-curves_by-anton-sobotyak-g7ayfxxntva-unsplash_3840x2160.sdr.png	st	20	1046	661.2708619941259	-13.140	
2200-unsplash-renders	imazen-26-png-v3/png-v3/2200-unsplash-renders/2201_renders_abstract-dark-curves_by-anton-sobotyak-g7ayfxxntva-unsplash_3840x2160.sdr.png	st	32	606	569.5860240084585	-13.082	
2200-unsplash-renders	imazen-26-png-v3/png-v3/2200-unsplash-renders/2201_renders_abstract-dark-curves_by-anton-sobotyak-g7ayfxxntva-unsplash_3840x2160.sdr.png	st	44	344	589.8584810056491	-13.327	
2200-unsplash-renders	imazen-26-png-v3/png-v3/2200-unsplash-renders/2201_renders_abstract-dark-curves_by-anton-sobotyak-g7ayfxxntva-unsplash_3840x2160.sdr.png	st_ac06	20	1042	743.7339480093215	-13.144	
2200-unsplash-renders	imazen-26-png-v3/png-v3/2200-unsplash-renders/2201_renders_abstract-dark-curves_by-anton-sobotyak-g7ayfxxntva-unsplash_3840x2160.sdr.png	st_ac06	32	606	394.2988670023624	-13.082	
2200-unsplash-renders	imazen-26-png-v3/png-v3/2200-unsplash-renders/2201_renders_abstract-dark-curves_by-anton-sobotyak-g7ayfxxntva-unsplash_3840x2160.sdr.png	st_ac06	44	344	353.9429420052329	-13.327	
2200-unsplash-renders	imazen-26-png-v3/png-v3/2200-unsplash-renders/2201_renders_abstract-dark-curves_by-anton-sobotyak-g7ayfxxntva-unsplash_3840x2160.sdr.png	st_ac10	20	1046	413.7168410088634	-13.149	
2200-unsplash-renders	imazen-26-png-v3/png-v3/2200-unsplash-renders/2201_renders_abstract-dark-curves_by-anton-sobotyak-g7ayfxxntva-unsplash_3840x2160.sdr.png	st_ac10	32	607	321.8094299954828	-13.059	
2200-unsplash-renders	imazen-26-png-v3/png-v3/2200-unsplash-renders/2201_renders_abstract-dark-curves_by-anton-sobotyak-g7ayfxxntva-unsplash_3840x2160.sdr.png	st_ac10	44	344	357.569207000779	-13.327	
2200-unsplash-renders	imazen-26-png-v3/png-v3/2200-unsplash-renders/2201_renders_abstract-dark-curves_by-anton-sobotyak-g7ayfxxntva-unsplash_3840x2160.sdr.png	st_ac20	20	1055	321.6300600033719	-13.099	
2200-unsplash-renders	imazen-26-png-v3/png-v3/2200-unsplash-renders/2201_renders_abstract-dark-curves_by-anton-sobotyak-g7ayfxxntva-unsplash_3840x2160.sdr.png	st_ac20	32	607	391.25423500081524	-13.059	
2200-unsplash-renders	imazen-26-png-v3/png-v3/2200-unsplash-renders/2201_renders_abstract-dark-curves_by-anton-sobotyak-g7ayfxxntva-unsplash_3840x2160.sdr.png	st_ac20	44	344	580.8038569957716	-13.327	
2200-unsplash-renders	imazen-26-png-v3/png-v3/2200-unsplash-renders/2201_renders_abstract-dark-curves_by-anton-sobotyak-g7ayfxxntva-unsplash_3840x2160.sdr.png	st_vb4	20	1101	699.8136540059932	-13.183	
2200-unsplash-renders	imazen-26-png-v3/png-v3/2200-unsplash-renders/2201_renders_abstract-dark-curves_by-anton-sobotyak-g7ayfxxntva-unsplash_3840x2160.sdr.png	st_vb4	32	642	633.9505910000298	-13.026	
2200-unsplash-renders	imazen-26-png-v3/png-v3/2200-unsplash-renders/2201_renders_abstract-dark-curves_by-anton-sobotyak-g7ayfxxntva-unsplash_3840x2160.sdr.png	st_vb4	44	412	639.3899309914559	-12.796	
2200-unsplash-renders	imazen-26-png-v3/png-v3/2200-unsplash-renders/2201_renders_abstract-dark-curves_by-anton-sobotyak-g7ayfxxntva-unsplash_3840x2160.sdr.png	st_ac10vb4	20	1100	654.2253619991243	-13.186	
2200-unsplash-renders	imazen-26-png-v3/png-v3/2200-unsplash-renders/2201_renders_abstract-dark-curves_by-anton-sobotyak-g7ayfxxntva-unsplash_3840x2160.sdr.png	st_ac10vb4	32	638	475.51745899545494	-13.022	
2200-unsplash-renders	imazen-26-png-v3/png-v3/2200-unsplash-renders/2201_renders_abstract-dark-curves_by-anton-sobotyak-g7ayfxxntva-unsplash_3840x2160.sdr.png	st_ac10vb4	44	412	326.54061500215903	-12.796	
2200-unsplash-renders	imazen-26-png-v3/png-v3/2200-unsplash-renders/2201_renders_abstract-dark-curves_by-anton-sobotyak-g7ayfxxntva-unsplash_3840x2160.sdr.png	st_oct6	20	1036	358.48891400382854	-13.078	
2200-unsplash-renders	imazen-26-png-v3/png-v3/2200-unsplash-renders/2201_renders_abstract-dark-curves_by-anton-sobotyak-g7ayfxxntva-unsplash_3840x2160.sdr.png	st_oct6	32	614	338.525283994386	-12.997	
2200-unsplash-renders	imazen-26-png-v3/png-v3/2200-unsplash-renders/2201_renders_abstract-dark-curves_by-anton-sobotyak-g7ayfxxntva-unsplash_3840x2160.sdr.png	st_oct6	44	354	388.54644299135543	-13.067	
2200-unsplash-renders	imazen-26-png-v3/png-v3/2200-unsplash-renders/2201_renders_abstract-dark-curves_by-anton-sobotyak-g7ayfxxntva-unsplash_3840x2160.sdr.png	st_oct7	20	1026	923.3808739954839	-13.175	
2200-unsplash-renders	imazen-26-png-v3/png-v3/2200-unsplash-renders/2201_renders_abstract-dark-curves_by-anton-sobotyak-g7ayfxxntva-unsplash_3840x2160.sdr.png	st_oct7	32	606	165.03130199271254	-12.905	
2200-unsplash-renders	imazen-26-png-v3/png-v3/2200-unsplash-renders/2201_renders_abstract-dark-curves_by-anton-sobotyak-g7ayfxxntva-unsplash_3840x2160.sdr.png	st_oct7	44	343	312.16594799479935	-13.116	
2400-unsplash-textures	imazen-26-png-v3/png-v3/2400-unsplash-textures/2404_textures_tree-bark-texture_by-hwang-sanguk-k0tljwrabxg-unsplash_3024x3024.sdr.png	t1	20	87842	4851.985536006396	-241.565	
2400-unsplash-textures	imazen-26-png-v3/png-v3/2400-unsplash-textures/2404_textures_tree-bark-texture_by-hwang-sanguk-k0tljwrabxg-unsplash_3024x3024.sdr.png	t1	32	52488	3585.9787710069213	-240.337	
2400-unsplash-textures	imazen-26-png-v3/png-v3/2400-unsplash-textures/2404_textures_tree-bark-texture_by-hwang-sanguk-k0tljwrabxg-unsplash_3024x3024.sdr.png	t1	44	17228	1651.4423299959162	-235.610	
2400-unsplash-textures	imazen-26-png-v3/png-v3/2400-unsplash-textures/2404_textures_tree-bark-texture_by-hwang-sanguk-k0tljwrabxg-unsplash_3024x3024.sdr.png	t2	20	87792	3923.576362998574	-241.631	
2400-unsplash-textures	imazen-26-png-v3/png-v3/2400-unsplash-textures/2404_textures_tree-bark-texture_by-hwang-sanguk-k0tljwrabxg-unsplash_3024x3024.sdr.png	t2	32	52389	2564.9511679948773	-240.186	
2400-unsplash-textures	imazen-26-png-v3/png-v3/2400-unsplash-textures/2404_textures_tree-bark-texture_by-hwang-sanguk-k0tljwrabxg-unsplash_3024x3024.sdr.png	t2	44	17168	1053.9372880011797	-236.197	
2400-unsplash-textures	imazen-26-png-v3/png-v3/2400-unsplash-textures/2404_textures_tree-bark-texture_by-hwang-sanguk-k0tljwrabxg-unsplash_3024x3024.sdr.png	t3	20	85512	4422.726841003168	-243.264	
2400-unsplash-textures	imazen-26-png-v3/png-v3/2400-unsplash-textures/2404_textures_tree-bark-texture_by-hwang-sanguk-k0tljwrabxg-unsplash_3024x3024.sdr.png	t3	32	46724	2314.5832730078837	-243.004	
2400-unsplash-textures	imazen-26-png-v3/png-v3/2400-unsplash-textures/2404_textures_tree-bark-texture_by-hwang-sanguk-k0tljwrabxg-unsplash_3024x3024.sdr.png	t3	44	19773	1195.2527840039693	-242.359	
2400-unsplash-textures	imazen-26-png-v3/png-v3/2400-unsplash-textures/2404_textures_tree-bark-texture_by-hwang-sanguk-k0tljwrabxg-unsplash_3024x3024.sdr.png	t4	20	84788	4300.918980996357	-242.710	
2400-unsplash-textures	imazen-26-png-v3/png-v3/2400-unsplash-textures/2404_textures_tree-bark-texture_by-hwang-sanguk-k0tljwrabxg-unsplash_3024x3024.sdr.png	t4	32	50007	2820.1032770011807	-242.571	
2400-unsplash-textures	imazen-26-png-v3/png-v3/2400-unsplash-textures/2404_textures_tree-bark-texture_by-hwang-sanguk-k0tljwrabxg-unsplash_3024x3024.sdr.png	t4	44	19298	1183.827648012084	-241.591	
2400-unsplash-textures	imazen-26-png-v3/png-v3/2400-unsplash-textures/2404_textures_tree-bark-texture_by-hwang-sanguk-k0tljwrabxg-unsplash_3024x3024.sdr.png	st	20	85512	4352.381576012704	-243.264	
2400-unsplash-textures	imazen-26-png-v3/png-v3/2400-unsplash-textures/2404_textures_tree-bark-texture_by-hwang-sanguk-k0tljwrabxg-unsplash_3024x3024.sdr.png	st	32	46724	2841.9914320111275	-243.004	
2400-unsplash-textures	imazen-26-png-v3/png-v3/2400-unsplash-textures/2404_textures_tree-bark-texture_by-hwang-sanguk-k0tljwrabxg-unsplash_3024x3024.sdr.png	st	44	19773	1350.0175700028194	-242.359	
2400-unsplash-textures	imazen-26-png-v3/png-v3/2400-unsplash-textures/2404_textures_tree-bark-texture_by-hwang-sanguk-k0tljwrabxg-unsplash_3024x3024.sdr.png	st_ac06	20	85505	4504.892101002042	-243.417	
2400-unsplash-textures	imazen-26-png-v3/png-v3/2400-unsplash-textures/2404_textures_tree-bark-texture_by-hwang-sanguk-k0tljwrabxg-unsplash_3024x3024.sdr.png	st_ac06	32	46851	2876.7876799975056	-242.278	
2400-unsplash-textures	imazen-26-png-v3/png-v3/2400-unsplash-textures/2404_textures_tree-bark-texture_by-hwang-sanguk-k0tljwrabxg-unsplash_3024x3024.sdr.png	st_ac06	44	19747	1454.2004109971458	-242.058	
2400-unsplash-textures	imazen-26-png-v3/png-v3/2400-unsplash-textures/2404_textures_tree-bark-texture_by-hwang-sanguk-k0tljwrabxg-unsplash_3024x3024.sdr.png	st_ac10	20	85506	4470.981575999758	-243.437	
2400-unsplash-textures	imazen-26-png-v3/png-v3/2400-unsplash-textures/2404_textures_tree-bark-texture_by-hwang-sanguk-k0tljwrabxg-unsplash_3024x3024.sdr.png	st_ac10	32	46998	2890.5176219996065	-242.634	
2400-unsplash-textures	imazen-26-png-v3/png-v3/2400-unsplash-textures/2404_textures_tree-bark-texture_by-hwang-sanguk-k0tljwrabxg-unsplash_3024x3024.sdr.png	st_ac10	44	19774	1528.1694769946625	-241.084	
2400-unsplash-textures	imazen-26-png-v3/png-v3/2400-unsplash-textures/2404_textures_tree-bark-texture_by-hwang-sanguk-k0tljwrabxg-unsplash_3024x3024.sdr.png	st_ac20	20	85528	4549.645306993625	-243.854	
2400-unsplash-textures	imazen-26-png-v3/png-v3/2400-unsplash-textures/2404_textures_tree-bark-texture_by-hwang-sanguk-k0tljwrabxg-unsplash_3024x3024.sdr.png	st_ac20	32	46852	2934.131725007319	-242.798	
2400-unsplash-textures	imazen-26-png-v3/png-v3/2400-unsplash-textures/2404_textures_tree-bark-texture_by-hwang-sanguk-k0tljwrabxg-unsplash_3024x3024.sdr.png	st_ac20	44	19786	1399.9610419996316	-241.367	
2400-unsplash-textures	imazen-26-png-v3/png-v3/2400-unsplash-textures/2404_textures_tree-bark-texture_by-hwang-sanguk-k0tljwrabxg-unsplash_3024x3024.sdr.png	st_vb4	20	86560	5077.259626996238	-243.274	
2400-unsplash-textures	imazen-26-png-v3/png-v3/2400-unsplash-textures/2404_textures_tree-bark-texture_by-hwang-sanguk-k0tljwrabxg-unsplash_3024x3024.sdr.png	st_vb4	32	48416	2900.0939480029047	-242.835	
2400-unsplash-textures	imazen-26-png-v3/png-v3/2400-unsplash-textures/2404_textures_tree-bark-texture_by-hwang-sanguk-k0tljwrabxg-unsplash_3024x3024.sdr.png	st_vb4	44	20612	1608.4197010059142	-240.821	
2400-unsplash-textures	imazen-26-png-v3/png-v3/2400-unsplash-textures/2404_textures_tree-bark-texture_by-hwang-sanguk-k0tljwrabxg-unsplash_3024x3024.sdr.png	st_ac10vb4	20	86631	5586.279967988958	-243.188	
2400-unsplash-textures	imazen-26-png-v3/png-v3/2400-unsplash-textures/2404_textures_tree-bark-texture_by-hwang-sanguk-k0tljwrabxg-unsplash_3024x3024.sdr.png	st_ac10vb4	32	48468	2800.3058320027776	-243.386	
2400-unsplash-textures	imazen-26-png-v3/png-v3/2400-unsplash-textures/2404_textures_tree-bark-texture_by-hwang-sanguk-k0tljwrabxg-unsplash_3024x3024.sdr.png	st_ac10vb4	44	20611	1505.1062300044578	-240.644	
2400-unsplash-textures	imazen-26-png-v3/png-v3/2400-unsplash-textures/2404_textures_tree-bark-texture_by-hwang-sanguk-k0tljwrabxg-unsplash_3024x3024.sdr.png	st_oct6	20	83807	6107.032898013131	-242.975	
2400-unsplash-textures	imazen-26-png-v3/png-v3/2400-unsplash-textures/2404_textures_tree-bark-texture_by-hwang-sanguk-k0tljwrabxg-unsplash_3024x3024.sdr.png	st_oct6	32	44510	3052.7673319884343	-244.095	
2400-unsplash-textures	imazen-26-png-v3/png-v3/2400-unsplash-textures/2404_textures_tree-bark-texture_by-hwang-sanguk-k0tljwrabxg-unsplash_3024x3024.sdr.png	st_oct6	44	18761	1309.404726998764	-240.102	
2400-unsplash-textures	imazen-26-png-v3/png-v3/2400-unsplash-textures/2404_textures_tree-bark-texture_by-hwang-sanguk-k0tljwrabxg-unsplash_3024x3024.sdr.png	st_oct7	20	82149	6213.604288001079	-243.052	
2400-unsplash-textures	imazen-26-png-v3/png-v3/2400-unsplash-textures/2404_textures_tree-bark-texture_by-hwang-sanguk-k0tljwrabxg-unsplash_3024x3024.sdr.png	st_oct7	32	42669	3503.6379269877216	-244.270	
2400-unsplash-textures	imazen-26-png-v3/png-v3/2400-unsplash-textures/2404_textures_tree-bark-texture_by-hwang-sanguk-k0tljwrabxg-unsplash_3024x3024.sdr.png	st_oct7	44	17843	1611.81778399623	-238.133	
2400-unsplash-textures	imazen-26-png-v3/png-v3/2400-unsplash-textures/2407_textures_blue-wabring-threads_by-pawel-czerwinski-kra9zndplra-unsplash_4000x6000.sdr.png	t1	20	9281	1213.4293209965108	-66.570	
2400-unsplash-textures	imazen-26-png-v3/png-v3/2400-unsplash-textures/2407_textures_blue-wabring-threads_by-pawel-czerwinski-kra9zndplra-unsplash_4000x6000.sdr.png	t1	32	2721	547.4435049982276	-66.400	
2400-unsplash-textures	imazen-26-png-v3/png-v3/2400-unsplash-textures/2407_textures_blue-wabring-threads_by-pawel-czerwinski-kra9zndplra-unsplash_4000x6000.sdr.png	t1	44	1229	365.34967299667187	-65.767	
2400-unsplash-textures	imazen-26-png-v3/png-v3/2400-unsplash-textures/2407_textures_blue-wabring-threads_by-pawel-czerwinski-kra9zndplra-unsplash_4000x6000.sdr.png	t2	20	8837	1751.4720239996677	-66.578	
2400-unsplash-textures	imazen-26-png-v3/png-v3/2400-unsplash-textures/2407_textures_blue-wabring-threads_by-pawel-czerwinski-kra9zndplra-unsplash_4000x6000.sdr.png	t2	32	2677	896.9807410030626	-66.459	
2400-unsplash-textures	imazen-26-png-v3/png-v3/2400-unsplash-textures/2407_textures_blue-wabring-threads_by-pawel-czerwinski-kra9zndplra-unsplash_4000x6000.sdr.png	t2	44	1202	430.5142590019386	-65.765	
2400-unsplash-textures	imazen-26-png-v3/png-v3/2400-unsplash-textures/2407_textures_blue-wabring-threads_by-pawel-czerwinski-kra9zndplra-unsplash_4000x6000.sdr.png	t3	20	20860	2412.0151450042613	-66.756	
2400-unsplash-textures	imazen-26-png-v3/png-v3/2400-unsplash-textures/2407_textures_blue-wabring-threads_by-pawel-czerwinski-kra9zndplra-unsplash_4000x6000.sdr.png	t3	32	7585	1464.0807240066351	-66.477	
2400-unsplash-textures	imazen-26-png-v3/png-v3/2400-unsplash-textures/2407_textures_blue-wabring-threads_by-pawel-czerwinski-kra9zndplra-unsplash_4000x6000.sdr.png	t3	44	2854	567.8326039924286	-66.224	
2400-unsplash-textures	imazen-26-png-v3/png-v3/2400-unsplash-textures/2407_textures_blue-wabring-threads_by-pawel-czerwinski-kra9zndplra-unsplash_4000x6000.sdr.png	t4	20	21033	2363.2197229890153	-66.778	
2400-unsplash-textures	imazen-26-png-v3/png-v3/2400-unsplash-textures/2407_textures_blue-wabring-threads_by-pawel-czerwinski-kra9zndplra-unsplash_4000x6000.sdr.png	t4	32	7349	1332.1379970002454	-66.613	
2400-unsplash-textures	imazen-26-png-v3/png-v3/2400-unsplash-textures/2407_textures_blue-wabring-threads_by-pawel-czerwinski-kra9zndplra-unsplash_4000x6000.sdr.png	t4	44	2366	768.0972140078666	-66.444	
2400-unsplash-textures	imazen-26-png-v3/png-v3/2400-unsplash-textures/2407_textures_blue-wabring-threads_by-pawel-czerwinski-kra9zndplra-unsplash_4000x6000.sdr.png	st	20	20860	2632.199928004411	-66.756	
2400-unsplash-textures	imazen-26-png-v3/png-v3/2400-unsplash-textures/2407_textures_blue-wabring-threads_by-pawel-czerwinski-kra9zndplra-unsplash_4000x6000.sdr.png	st	32	7585	1306.350436003413	-66.477	
2400-unsplash-textures	imazen-26-png-v3/png-v3/2400-unsplash-textures/2407_textures_blue-wabring-threads_by-pawel-czerwinski-kra9zndplra-unsplash_4000x6000.sdr.png	st	44	2854	595.4107739962637	-66.224	
2400-unsplash-textures	imazen-26-png-v3/png-v3/2400-unsplash-textures/2407_textures_blue-wabring-threads_by-pawel-czerwinski-kra9zndplra-unsplash_4000x6000.sdr.png	st_ac06	20	20923	2719.1468240052927	-66.760	
2400-unsplash-textures	imazen-26-png-v3/png-v3/2400-unsplash-textures/2407_textures_blue-wabring-threads_by-pawel-czerwinski-kra9zndplra-unsplash_4000x6000.sdr.png	st_ac06	32	7580	1319.7693100082688	-66.482	
2400-unsplash-textures	imazen-26-png-v3/png-v3/2400-unsplash-textures/2407_textures_blue-wabring-threads_by-pawel-czerwinski-kra9zndplra-unsplash_4000x6000.sdr.png	st_ac06	44	2854	565.517978000571	-66.224	
2400-unsplash-textures	imazen-26-png-v3/png-v3/2400-unsplash-textures/2407_textures_blue-wabring-threads_by-pawel-czerwinski-kra9zndplra-unsplash_4000x6000.sdr.png	st_ac10	20	20923	2890.1861589984037	-66.780	
2400-unsplash-textures	imazen-26-png-v3/png-v3/2400-unsplash-textures/2407_textures_blue-wabring-threads_by-pawel-czerwinski-kra9zndplra-unsplash_4000x6000.sdr.png	st_ac10	32	7549	1597.8394269914133	-66.481	
2400-unsplash-textures	imazen-26-png-v3/png-v3/2400-unsplash-textures/2407_textures_blue-wabring-threads_by-pawel-czerwinski-kra9zndplra-unsplash_4000x6000.sdr.png	st_ac10	44	2854	996.5559769916581	-66.224	
2400-unsplash-textures	imazen-26-png-v3/png-v3/2400-unsplash-textures/2407_textures_blue-wabring-threads_by-pawel-czerwinski-kra9zndplra-unsplash_4000x6000.sdr.png	st_ac20	20	20997	3013.0838839977514	-66.783	
2400-unsplash-textures	imazen-26-png-v3/png-v3/2400-unsplash-textures/2407_textures_blue-wabring-threads_by-pawel-czerwinski-kra9zndplra-unsplash_4000x6000.sdr.png	st_ac20	32	7600	1320.8256450016052	-66.479	
2400-unsplash-textures	imazen-26-png-v3/png-v3/2400-unsplash-textures/2407_textures_blue-wabring-threads_by-pawel-czerwinski-kra9zndplra-unsplash_4000x6000.sdr.png	st_ac20	44	2853	642.2929180116626	-66.224	
2400-unsplash-textures	imazen-26-png-v3/png-v3/2400-unsplash-textures/2407_textures_blue-wabring-threads_by-pawel-czerwinski-kra9zndplra-unsplash_4000x6000.sdr.png	st_vb4	20	21986	2803.863248002017	-66.726	
2400-unsplash-textures	imazen-26-png-v3/png-v3/2400-unsplash-textures/2407_textures_blue-wabring-threads_by-pawel-czerwinski-kra9zndplra-unsplash_4000x6000.sdr.png	st_vb4	32	8540	1412.2051430022111	-66.495	
2400-unsplash-textures	imazen-26-png-v3/png-v3/2400-unsplash-textures/2407_textures_blue-wabring-threads_by-pawel-czerwinski-kra9zndplra-unsplash_4000x6000.sdr.png	st_vb4	44	3195	588.0135810002685	-66.299	
2400-unsplash-textures	imazen-26-png-v3/png-v3/2400-unsplash-textures/2407_textures_blue-wabring-threads_by-pawel-czerwinski-kra9zndplra-unsplash_4000x6000.sdr.png	st_ac10vb4	20	22062	3511.4015150029445	-66.782	
2400-unsplash-textures	imazen-26-png-v3/png-v3/2400-unsplash-textures/2407_textures_blue-wabring-threads_by-pawel-czerwinski-kra9zndplra-unsplash_4000x6000.sdr.png	st_ac10vb4	32	8550	1458.952495988342	-66.501	
2400-unsplash-textures	imazen-26-png-v3/png-v3/2400-unsplash-textures/2407_textures_blue-wabring-threads_by-pawel-czerwinski-kra9zndplra-unsplash_4000x6000.sdr.png	st_ac10vb4	44	3196	807.9029990039999	-66.296	
2400-unsplash-textures	imazen-26-png-v3/png-v3/2400-unsplash-textures/2407_textures_blue-wabring-threads_by-pawel-czerwinski-kra9zndplra-unsplash_4000x6000.sdr.png	st_oct6	20	20496	3384.2747829912696	-66.742	
2400-unsplash-textures	imazen-26-png-v3/png-v3/2400-unsplash-textures/2407_textures_blue-wabring-threads_by-pawel-czerwinski-kra9zndplra-unsplash_4000x6000.sdr.png	st_oct6	32	7244	1303.0859969876474	-66.461	
2400-unsplash-textures	imazen-26-png-v3/png-v3/2400-unsplash-textures/2407_textures_blue-wabring-threads_by-pawel-czerwinski-kra9zndplra-unsplash_4000x6000.sdr.png	st_oct6	44	2748	749.073712999234	-66.149	
2400-unsplash-textures	imazen-26-png-v3/png-v3/2400-unsplash-textures/2407_textures_blue-wabring-threads_by-pawel-czerwinski-kra9zndplra-unsplash_4000x6000.sdr.png	st_oct7	20	19659	3320.1876519888174	-66.752	
2400-unsplash-textures	imazen-26-png-v3/png-v3/2400-unsplash-textures/2407_textures_blue-wabring-threads_by-pawel-czerwinski-kra9zndplra-unsplash_4000x6000.sdr.png	st_oct7	32	6428	1685.67007999809	-66.504	
2400-unsplash-textures	imazen-26-png-v3/png-v3/2400-unsplash-textures/2407_textures_blue-wabring-threads_by-pawel-czerwinski-kra9zndplra-unsplash_4000x6000.sdr.png	st_oct7	44	2524	490.6206340092467	-66.186	
3000-art-institute-of-chicago-photos	imazen-26-png-v3/png-v3/3000-art-institute-of-chicago-photos/3001_aic_self-portrait_11_4000x5226.sdr.png	t1	20	12594	2257.7501939958893	-44.470	
3000-art-institute-of-chicago-photos	imazen-26-png-v3/png-v3/3000-art-institute-of-chicago-photos/3001_aic_self-portrait_11_4000x5226.sdr.png	t1	32	3378	887.3244499991415	-40.103	
3000-art-institute-of-chicago-photos	imazen-26-png-v3/png-v3/3000-art-institute-of-chicago-photos/3001_aic_self-portrait_11_4000x5226.sdr.png	t1	44	671	374.3701350031188	-35.297	
3000-art-institute-of-chicago-photos	imazen-26-png-v3/png-v3/3000-art-institute-of-chicago-photos/3001_aic_self-portrait_11_4000x5226.sdr.png	t2	20	12665	2030.2965419978136	-44.565	
3000-art-institute-of-chicago-photos	imazen-26-png-v3/png-v3/3000-art-institute-of-chicago-photos/3001_aic_self-portrait_11_4000x5226.sdr.png	t2	32	3251	952.3850900004618	-39.935	
3000-art-institute-of-chicago-photos	imazen-26-png-v3/png-v3/3000-art-institute-of-chicago-photos/3001_aic_self-portrait_11_4000x5226.sdr.png	t2	44	627	430.1400809927145	-34.436	
3000-art-institute-of-chicago-photos	imazen-26-png-v3/png-v3/3000-art-institute-of-chicago-photos/3001_aic_self-portrait_11_4000x5226.sdr.png	t3	20	27040	2926.2137389887357	-45.696	
3000-art-institute-of-chicago-photos	imazen-26-png-v3/png-v3/3000-art-institute-of-chicago-photos/3001_aic_self-portrait_11_4000x5226.sdr.png	t3	32	14564	2081.793965000543	-44.887	
3000-art-institute-of-chicago-photos	imazen-26-png-v3/png-v3/3000-art-institute-of-chicago-photos/3001_aic_self-portrait_11_4000x5226.sdr.png	t3	44	4075	836.1043430049904	-41.851	
3000-art-institute-of-chicago-photos	imazen-26-png-v3/png-v3/3000-art-institute-of-chicago-photos/3001_aic_self-portrait_11_4000x5226.sdr.png	t4	20	26252	2784.172714993474	-45.522	
3000-art-institute-of-chicago-photos	imazen-26-png-v3/png-v3/3000-art-institute-of-chicago-photos/3001_aic_self-portrait_11_4000x5226.sdr.png	t4	32	10154	1430.8025300124427	-44.045	
3000-art-institute-of-chicago-photos	imazen-26-png-v3/png-v3/3000-art-institute-of-chicago-photos/3001_aic_self-portrait_11_4000x5226.sdr.png	t4	44	3249	852.0417880063178	-41.167	
3000-art-institute-of-chicago-photos	imazen-26-png-v3/png-v3/3000-art-institute-of-chicago-photos/3001_aic_self-portrait_11_4000x5226.sdr.png	st	20	27040	2688.910101991496	-45.696	
3000-art-institute-of-chicago-photos	imazen-26-png-v3/png-v3/3000-art-institute-of-chicago-photos/3001_aic_self-portrait_11_4000x5226.sdr.png	st	32	14564	1785.496187992976	-44.887	
3000-art-institute-of-chicago-photos	imazen-26-png-v3/png-v3/3000-art-institute-of-chicago-photos/3001_aic_self-portrait_11_4000x5226.sdr.png	st	44	4075	669.0272960113361	-41.851	
3000-art-institute-of-chicago-photos	imazen-26-png-v3/png-v3/3000-art-institute-of-chicago-photos/3001_aic_self-portrait_11_4000x5226.sdr.png	st_ac06	20	27047	2721.880062003038	-45.756	
3000-art-institute-of-chicago-photos	imazen-26-png-v3/png-v3/3000-art-institute-of-chicago-photos/3001_aic_self-portrait_11_4000x5226.sdr.png	st_ac06	32	14575	1643.835445996956	-44.873	
3000-art-institute-of-chicago-photos	imazen-26-png-v3/png-v3/3000-art-institute-of-chicago-photos/3001_aic_self-portrait_11_4000x5226.sdr.png	st_ac06	44	4075	803.1045470124809	-41.803	
3000-art-institute-of-chicago-photos	imazen-26-png-v3/png-v3/3000-art-institute-of-chicago-photos/3001_aic_self-portrait_11_4000x5226.sdr.png	st_ac10	20	27059	2817.0311319991015	-45.754	
3000-art-institute-of-chicago-photos	imazen-26-png-v3/png-v3/3000-art-institute-of-chicago-photos/3001_aic_self-portrait_11_4000x5226.sdr.png	st_ac10	32	14573	1778.9735719998134	-44.886	
3000-art-institute-of-chicago-photos	imazen-26-png-v3/png-v3/3000-art-institute-of-chicago-photos/3001_aic_self-portrait_11_4000x5226.sdr.png	st_ac10	44	4080	738.5571530030575	-41.683	
3000-art-institute-of-chicago-photos	imazen-26-png-v3/png-v3/3000-art-institute-of-chicago-photos/3001_aic_self-portrait_11_4000x5226.sdr.png	st_ac20	20	27067	2596.5900769951986	-45.729	
3000-art-institute-of-chicago-photos	imazen-26-png-v3/png-v3/3000-art-institute-of-chicago-photos/3001_aic_self-portrait_11_4000x5226.sdr.png	st_ac20	32	14563	1910.3786990017397	-44.857	
3000-art-institute-of-chicago-photos	imazen-26-png-v3/png-v3/3000-art-institute-of-chicago-photos/3001_aic_self-portrait_11_4000x5226.sdr.png	st_ac20	44	4118	777.3392589879222	-42.263	
3000-art-institute-of-chicago-photos	imazen-26-png-v3/png-v3/3000-art-institute-of-chicago-photos/3001_aic_self-portrait_11_4000x5226.sdr.png	st_vb4	20	28207	2867.828667003778	-45.840	
3000-art-institute-of-chicago-photos	imazen-26-png-v3/png-v3/3000-art-institute-of-chicago-photos/3001_aic_self-portrait_11_4000x5226.sdr.png	st_vb4	32	15482	1898.6271939938888	-44.875	
3000-art-institute-of-chicago-photos	imazen-26-png-v3/png-v3/3000-art-institute-of-chicago-photos/3001_aic_self-portrait_11_4000x5226.sdr.png	st_vb4	44	5181	946.6827110009035	-42.993	
3000-art-institute-of-chicago-photos	imazen-26-png-v3/png-v3/3000-art-institute-of-chicago-photos/3001_aic_self-portrait_11_4000x5226.sdr.png	st_ac10vb4	20	28198	2888.641601006384	-45.788	
3000-art-institute-of-chicago-photos	imazen-26-png-v3/png-v3/3000-art-institute-of-chicago-photos/3001_aic_self-portrait_11_4000x5226.sdr.png	st_ac10vb4	32	15471	1834.7373169963248	-44.980	
3000-art-institute-of-chicago-photos	imazen-26-png-v3/png-v3/3000-art-institute-of-chicago-photos/3001_aic_self-portrait_11_4000x5226.sdr.png	st_ac10vb4	44	5187	777.3516930028563	-42.958	
3000-art-institute-of-chicago-photos	imazen-26-png-v3/png-v3/3000-art-institute-of-chicago-photos/3001_aic_self-portrait_11_4000x5226.sdr.png	st_oct6	20	26632	2694.1925539867952	-45.545	
3000-art-institute-of-chicago-photos	imazen-26-png-v3/png-v3/3000-art-institute-of-chicago-photos/3001_aic_self-portrait_11_4000x5226.sdr.png	st_oct6	32	14360	1600.297117998707	-44.884	
3000-art-institute-of-chicago-photos	imazen-26-png-v3/png-v3/3000-art-institute-of-chicago-photos/3001_aic_self-portrait_11_4000x5226.sdr.png	st_oct6	44	3845	701.4102109969826	-41.446	
3000-art-institute-of-chicago-photos	imazen-26-png-v3/png-v3/3000-art-institute-of-chicago-photos/3001_aic_self-portrait_11_4000x5226.sdr.png	st_oct7	20	25983	2731.036340002902	-45.475	
3000-art-institute-of-chicago-photos	imazen-26-png-v3/png-v3/3000-art-institute-of-chicago-photos/3001_aic_self-portrait_11_4000x5226.sdr.png	st_oct7	32	13578	2075.44837500609	-44.985	
3000-art-institute-of-chicago-photos	imazen-26-png-v3/png-v3/3000-art-institute-of-chicago-photos/3001_aic_self-portrait_11_4000x5226.sdr.png	st_oct7	44	3463	681.9315609900514	-41.570	
3000-art-institute-of-chicago-photos	imazen-26-png-v3/png-v3/3000-art-institute-of-chicago-photos/3002_aic_the-irish-question_181777_4000x4860.sdr.png	t1	20	24994	2380.6190110044554	-66.120	
3000-art-institute-of-chicago-photos	imazen-26-png-v3/png-v3/3000-art-institute-of-chicago-photos/3002_aic_the-irish-question_181777_4000x4860.sdr.png	t1	32	11480	1233.2417629950214	-65.796	
3000-art-institute-of-chicago-photos	imazen-26-png-v3/png-v3/3000-art-institute-of-chicago-photos/3002_aic_the-irish-question_181777_4000x4860.sdr.png	t1	44	3412	705.9377989935456	-64.537	
3000-art-institute-of-chicago-photos	imazen-26-png-v3/png-v3/3000-art-institute-of-chicago-photos/3002_aic_the-irish-question_181777_4000x4860.sdr.png	t2	20	25014	2490.322407000349	-66.153	
3000-art-institute-of-chicago-photos	imazen-26-png-v3/png-v3/3000-art-institute-of-chicago-photos/3002_aic_the-irish-question_181777_4000x4860.sdr.png	t2	32	11534	1199.4627679960104	-65.880	
3000-art-institute-of-chicago-photos	imazen-26-png-v3/png-v3/3000-art-institute-of-chicago-photos/3002_aic_the-irish-question_181777_4000x4860.sdr.png	t2	44	3357	622.4240669980645	-64.586	
3000-art-institute-of-chicago-photos	imazen-26-png-v3/png-v3/3000-art-institute-of-chicago-photos/3002_aic_the-irish-question_181777_4000x4860.sdr.png	t3	20	37686	3227.1227820019703	-66.237	
3000-art-institute-of-chicago-photos	imazen-26-png-v3/png-v3/3000-art-institute-of-chicago-photos/3002_aic_the-irish-question_181777_4000x4860.sdr.png	t3	32	23984	2527.699305996066	-66.143	
3000-art-institute-of-chicago-photos	imazen-26-png-v3/png-v3/3000-art-institute-of-chicago-photos/3002_aic_the-irish-question_181777_4000x4860.sdr.png	t3	44	10175	1481.9542059995001	-65.734	
3000-art-institute-of-chicago-photos	imazen-26-png-v3/png-v3/3000-art-institute-of-chicago-photos/3002_aic_the-irish-question_181777_4000x4860.sdr.png	t4	20	36008	2736.9041229976574	-66.280	
3000-art-institute-of-chicago-photos	imazen-26-png-v3/png-v3/3000-art-institute-of-chicago-photos/3002_aic_the-irish-question_181777_4000x4860.sdr.png	t4	32	18388	1535.8757320063887	-66.115	
3000-art-institute-of-chicago-photos	imazen-26-png-v3/png-v3/3000-art-institute-of-chicago-photos/3002_aic_the-irish-question_181777_4000x4860.sdr.png	t4	44	7315	828.0160129943397	-65.772	
3000-art-institute-of-chicago-photos	imazen-26-png-v3/png-v3/3000-art-institute-of-chicago-photos/3002_aic_the-irish-question_181777_4000x4860.sdr.png	st	20	37686	2787.135501013836	-66.237	
3000-art-institute-of-chicago-photos	imazen-26-png-v3/png-v3/3000-art-institute-of-chicago-photos/3002_aic_the-irish-question_181777_4000x4860.sdr.png	st	32	23984	1850.958320996142	-66.143	
3000-art-institute-of-chicago-photos	imazen-26-png-v3/png-v3/3000-art-institute-of-chicago-photos/3002_aic_the-irish-question_181777_4000x4860.sdr.png	st	44	10175	1118.03109999164	-65.734	
3000-art-institute-of-chicago-photos	imazen-26-png-v3/png-v3/3000-art-institute-of-chicago-photos/3002_aic_the-irish-question_181777_4000x4860.sdr.png	st_ac06	20	37706	2938.932853998267	-66.274	
3000-art-institute-of-chicago-photos	imazen-26-png-v3/png-v3/3000-art-institute-of-chicago-photos/3002_aic_the-irish-question_181777_4000x4860.sdr.png	st_ac06	32	23992	1953.910967000411	-66.166	
3000-art-institute-of-chicago-photos	imazen-26-png-v3/png-v3/3000-art-institute-of-chicago-photos/3002_aic_the-irish-question_181777_4000x4860.sdr.png	st_ac06	44	10168	960.6441539945081	-65.688	
3000-art-institute-of-chicago-photos	imazen-26-png-v3/png-v3/3000-art-institute-of-chicago-photos/3002_aic_the-irish-question_181777_4000x4860.sdr.png	st_ac10	20	37739	2817.240149990539	-66.262	
3000-art-institute-of-chicago-photos	imazen-26-png-v3/png-v3/3000-art-institute-of-chicago-photos/3002_aic_the-irish-question_181777_4000x4860.sdr.png	st_ac10	32	23954	2042.0465149945812	-66.149	
3000-art-institute-of-chicago-photos	imazen-26-png-v3/png-v3/3000-art-institute-of-chicago-photos/3002_aic_the-irish-question_181777_4000x4860.sdr.png	st_ac10	44	10167	938.5422019986436	-65.706	
3000-art-institute-of-chicago-photos	imazen-26-png-v3/png-v3/3000-art-institute-of-chicago-photos/3002_aic_the-irish-question_181777_4000x4860.sdr.png	st_ac20	20	37644	2956.0948639991693	-66.278	
3000-art-institute-of-chicago-photos	imazen-26-png-v3/png-v3/3000-art-institute-of-chicago-photos/3002_aic_the-irish-question_181777_4000x4860.sdr.png	st_ac20	32	23968	2185.6587740039686	-66.155	
3000-art-institute-of-chicago-photos	imazen-26-png-v3/png-v3/3000-art-institute-of-chicago-photos/3002_aic_the-irish-question_181777_4000x4860.sdr.png	st_ac20	44	10173	1265.1781199965626	-65.570	
3000-art-institute-of-chicago-photos	imazen-26-png-v3/png-v3/3000-art-institute-of-chicago-photos/3002_aic_the-irish-question_181777_4000x4860.sdr.png	st_vb4	20	39117	2893.8147550070425	-66.246	
3000-art-institute-of-chicago-photos	imazen-26-png-v3/png-v3/3000-art-institute-of-chicago-photos/3002_aic_the-irish-question_181777_4000x4860.sdr.png	st_vb4	32	25297	2015.7072680012789	-66.191	
3000-art-institute-of-chicago-photos	imazen-26-png-v3/png-v3/3000-art-institute-of-chicago-photos/3002_aic_the-irish-question_181777_4000x4860.sdr.png	st_vb4	44	11506	954.7479860048043	-65.777	
3000-art-institute-of-chicago-photos	imazen-26-png-v3/png-v3/3000-art-institute-of-chicago-photos/3002_aic_the-irish-question_181777_4000x4860.sdr.png	st_ac10vb4	20	39133	2785.404253998422	-66.242	
3000-art-institute-of-chicago-photos	imazen-26-png-v3/png-v3/3000-art-institute-of-chicago-photos/3002_aic_the-irish-question_181777_4000x4860.sdr.png	st_ac10vb4	32	25312	1991.2314779940061	-66.105	
3000-art-institute-of-chicago-photos	imazen-26-png-v3/png-v3/3000-art-institute-of-chicago-photos/3002_aic_the-irish-question_181777_4000x4860.sdr.png	st_ac10vb4	44	11502	1115.4629829979967	-65.779	
3000-art-institute-of-chicago-photos	imazen-26-png-v3/png-v3/3000-art-institute-of-chicago-photos/3002_aic_the-irish-question_181777_4000x4860.sdr.png	st_oct6	20	37109	2747.2870600031456	-66.256	
3000-art-institute-of-chicago-photos	imazen-26-png-v3/png-v3/3000-art-institute-of-chicago-photos/3002_aic_the-irish-question_181777_4000x4860.sdr.png	st_oct6	32	23168	2020.354973996291	-66.121	
3000-art-institute-of-chicago-photos	imazen-26-png-v3/png-v3/3000-art-institute-of-chicago-photos/3002_aic_the-irish-question_181777_4000x4860.sdr.png	st_oct6	44	9554	1136.0627209942322	-65.726	
3000-art-institute-of-chicago-photos	imazen-26-png-v3/png-v3/3000-art-institute-of-chicago-photos/3002_aic_the-irish-question_181777_4000x4860.sdr.png	st_oct7	20	35483	2704.7122999938438	-66.253	
3000-art-institute-of-chicago-photos	imazen-26-png-v3/png-v3/3000-art-institute-of-chicago-photos/3002_aic_the-irish-question_181777_4000x4860.sdr.png	st_oct7	32	21107	2024.6128290018532	-66.149	
3000-art-institute-of-chicago-photos	imazen-26-png-v3/png-v3/3000-art-institute-of-chicago-photos/3002_aic_the-irish-question_181777_4000x4860.sdr.png	st_oct7	44	8469	1068.8406069966732	-65.583	
3300-met-museum-photos	imazen-26-png-v3/png-v3/3300-met-museum-photos/3311_met_jamb-stove_3689_2002x1717.sdr.png	t1	20	58016	3571.934437000891	-171.041	
3300-met-museum-photos	imazen-26-png-v3/png-v3/3300-met-museum-photos/3311_met_jamb-stove_3689_2002x1717.sdr.png	t1	32	28794	2026.370637002401	-170.940	
3300-met-museum-photos	imazen-26-png-v3/png-v3/3300-met-museum-photos/3311_met_jamb-stove_3689_2002x1717.sdr.png	t1	44	11752	928.0179060006049	-169.901	
3300-met-museum-photos	imazen-26-png-v3/png-v3/3300-met-museum-photos/3311_met_jamb-stove_3689_2002x1717.sdr.png	t2	20	57932	3470.8296089957003	-170.675	
3300-met-museum-photos	imazen-26-png-v3/png-v3/3300-met-museum-photos/3311_met_jamb-stove_3689_2002x1717.sdr.png	t2	32	28776	1935.5525840073824	-170.924	
3300-met-museum-photos	imazen-26-png-v3/png-v3/3300-met-museum-photos/3311_met_jamb-stove_3689_2002x1717.sdr.png	t2	44	11766	1013.4069990017451	-170.018	
3300-met-museum-photos	imazen-26-png-v3/png-v3/3300-met-museum-photos/3311_met_jamb-stove_3689_2002x1717.sdr.png	t3	20	58323	3710.482708993368	-170.880	
3300-met-museum-photos	imazen-26-png-v3/png-v3/3300-met-museum-photos/3311_met_jamb-stove_3689_2002x1717.sdr.png	t3	32	32412	2303.460847993847	-170.889	
3300-met-museum-photos	imazen-26-png-v3/png-v3/3300-met-museum-photos/3311_met_jamb-stove_3689_2002x1717.sdr.png	t3	44	14990	1202.3250829952303	-172.464	
3300-met-museum-photos	imazen-26-png-v3/png-v3/3300-met-museum-photos/3311_met_jamb-stove_3689_2002x1717.sdr.png	t4	20	58796	3623.8222510000924	-171.146	
3300-met-museum-photos	imazen-26-png-v3/png-v3/3300-met-museum-photos/3311_met_jamb-stove_3689_2002x1717.sdr.png	t4	32	32599	2124.217086005956	-171.413	
3300-met-museum-photos	imazen-26-png-v3/png-v3/3300-met-museum-photos/3311_met_jamb-stove_3689_2002x1717.sdr.png	t4	44	14445	1009.7939780098386	-171.848	
3300-met-museum-photos	imazen-26-png-v3/png-v3/3300-met-museum-photos/3311_met_jamb-stove_3689_2002x1717.sdr.png	st	20	58323	3643.5815340082627	-170.880	
3300-met-museum-photos	imazen-26-png-v3/png-v3/3300-met-museum-photos/3311_met_jamb-stove_3689_2002x1717.sdr.png	st	32	32412	2151.1529970011907	-170.889	
3300-met-museum-photos	imazen-26-png-v3/png-v3/3300-met-museum-photos/3311_met_jamb-stove_3689_2002x1717.sdr.png	st	44	14990	927.7660389925586	-172.464	
3300-met-museum-photos	imazen-26-png-v3/png-v3/3300-met-museum-photos/3311_met_jamb-stove_3689_2002x1717.sdr.png	st_ac06	20	58238	3565.3311369969742	-171.181	
3300-met-museum-photos	imazen-26-png-v3/png-v3/3300-met-museum-photos/3311_met_jamb-stove_3689_2002x1717.sdr.png	st_ac06	32	32388	2154.7593849973055	-171.469	
3300-met-museum-photos	imazen-26-png-v3/png-v3/3300-met-museum-photos/3311_met_jamb-stove_3689_2002x1717.sdr.png	st_ac06	44	14979	1101.2760710000293	-171.996	
3300-met-museum-photos	imazen-26-png-v3/png-v3/3300-met-museum-photos/3311_met_jamb-stove_3689_2002x1717.sdr.png	st_ac10	20	58334	3459.2978010041406	-171.695	
3300-met-museum-photos	imazen-26-png-v3/png-v3/3300-met-museum-photos/3311_met_jamb-stove_3689_2002x1717.sdr.png	st_ac10	32	32407	2237.8962420043536	-171.050	
3300-met-museum-photos	imazen-26-png-v3/png-v3/3300-met-museum-photos/3311_met_jamb-stove_3689_2002x1717.sdr.png	st_ac10	44	14961	1139.3853409972508	-171.979	
3300-met-museum-photos	imazen-26-png-v3/png-v3/3300-met-museum-photos/3311_met_jamb-stove_3689_2002x1717.sdr.png	st_ac20	20	58399	3502.525460004108	-171.411	
3300-met-museum-photos	imazen-26-png-v3/png-v3/3300-met-museum-photos/3311_met_jamb-stove_3689_2002x1717.sdr.png	st_ac20	32	32476	2402.8522920125397	-171.461	
3300-met-museum-photos	imazen-26-png-v3/png-v3/3300-met-museum-photos/3311_met_jamb-stove_3689_2002x1717.sdr.png	st_ac20	44	14966	1193.2620129955467	-171.857	
3300-met-museum-photos	imazen-26-png-v3/png-v3/3300-met-museum-photos/3311_met_jamb-stove_3689_2002x1717.sdr.png	st_vb4	20	59669	3686.6140920028556	-171.102	
3300-met-museum-photos	imazen-26-png-v3/png-v3/3300-met-museum-photos/3311_met_jamb-stove_3689_2002x1717.sdr.png	st_vb4	32	33735	2207.104679007898	-171.954	
3300-met-museum-photos	imazen-26-png-v3/png-v3/3300-met-museum-photos/3311_met_jamb-stove_3689_2002x1717.sdr.png	st_vb4	44	15724	1156.7715370038059	-171.552	
3300-met-museum-photos	imazen-26-png-v3/png-v3/3300-met-museum-photos/3311_met_jamb-stove_3689_2002x1717.sdr.png	st_ac10vb4	20	59745	4626.471061012126	-171.295	
3300-met-museum-photos	imazen-26-png-v3/png-v3/3300-met-museum-photos/3311_met_jamb-stove_3689_2002x1717.sdr.png	st_ac10vb4	32	33745	2337.614404998021	-172.000	
3300-met-museum-photos	imazen-26-png-v3/png-v3/3300-met-museum-photos/3311_met_jamb-stove_3689_2002x1717.sdr.png	st_ac10vb4	44	15743	1093.6407819972374	-171.277	
3300-met-museum-photos	imazen-26-png-v3/png-v3/3300-met-museum-photos/3311_met_jamb-stove_3689_2002x1717.sdr.png	st_oct6	20	55917	4640.332723996835	-171.221	
3300-met-museum-photos	imazen-26-png-v3/png-v3/3300-met-museum-photos/3311_met_jamb-stove_3689_2002x1717.sdr.png	st_oct6	32	30410	2327.4338629998965	-170.930	
3300-met-museum-photos	imazen-26-png-v3/png-v3/3300-met-museum-photos/3311_met_jamb-stove_3689_2002x1717.sdr.png	st_oct6	44	13988	1062.3515539919026	-171.002	
3300-met-museum-photos	imazen-26-png-v3/png-v3/3300-met-museum-photos/3311_met_jamb-stove_3689_2002x1717.sdr.png	st_oct7	20	53479	4682.769601000473	-171.401	
3300-met-museum-photos	imazen-26-png-v3/png-v3/3300-met-museum-photos/3311_met_jamb-stove_3689_2002x1717.sdr.png	st_oct7	32	28559	2943.0558629974257	-171.257	
3300-met-museum-photos	imazen-26-png-v3/png-v3/3300-met-museum-photos/3311_met_jamb-stove_3689_2002x1717.sdr.png	st_oct7	44	12989	1182.3409129865468	-169.237	
3300-met-museum-photos	imazen-26-png-v3/png-v3/3300-met-museum-photos/3318_met_vessel_479496_2505x2596.sdr.png	t1	20	13935	1455.3649730078178	-33.207	
3300-met-museum-photos	imazen-26-png-v3/png-v3/3300-met-museum-photos/3318_met_vessel_479496_2505x2596.sdr.png	t1	32	5410	602.0244480023393	-31.145	
3300-met-museum-photos	imazen-26-png-v3/png-v3/3300-met-museum-photos/3318_met_vessel_479496_2505x2596.sdr.png	t1	44	1786	287.11670100165065	-28.184	
3300-met-museum-photos	imazen-26-png-v3/png-v3/3300-met-museum-photos/3318_met_vessel_479496_2505x2596.sdr.png	t2	20	13692	1640.5320640042191	-33.229	
3300-met-museum-photos	imazen-26-png-v3/png-v3/3300-met-museum-photos/3318_met_vessel_479496_2505x2596.sdr.png	t2	32	5362	1109.387015007087	-31.154	
3300-met-museum-photos	imazen-26-png-v3/png-v3/3300-met-museum-photos/3318_met_vessel_479496_2505x2596.sdr.png	t2	44	1726	329.0026430040598	-28.240	
3300-met-museum-photos	imazen-26-png-v3/png-v3/3300-met-museum-photos/3318_met_vessel_479496_2505x2596.sdr.png	t3	20	25985	2529.9672710098093	-33.745	
3300-met-museum-photos	imazen-26-png-v3/png-v3/3300-met-museum-photos/3318_met_vessel_479496_2505x2596.sdr.png	t3	32	14804	1545.4525090026436	-33.719	
3300-met-museum-photos	imazen-26-png-v3/png-v3/3300-met-museum-photos/3318_met_vessel_479496_2505x2596.sdr.png	t3	44	5374	803.0987570091384	-32.386	
3300-met-museum-photos	imazen-26-png-v3/png-v3/3300-met-museum-photos/3318_met_vessel_479496_2505x2596.sdr.png	t4	20	23359	2204.243476007832	-33.747	
3300-met-museum-photos	imazen-26-png-v3/png-v3/3300-met-museum-photos/3318_met_vessel_479496_2505x2596.sdr.png	t4	32	12590	1230.8599810057785	-33.402	
3300-met-museum-photos	imazen-26-png-v3/png-v3/3300-met-museum-photos/3318_met_vessel_479496_2505x2596.sdr.png	t4	44	4794	754.0277209918713	-32.331	
3300-met-museum-photos	imazen-26-png-v3/png-v3/3300-met-museum-photos/3318_met_vessel_479496_2505x2596.sdr.png	st	20	25985	2649.6425030054525	-33.745	
3300-met-museum-photos	imazen-26-png-v3/png-v3/3300-met-museum-photos/3318_met_vessel_479496_2505x2596.sdr.png	st	32	14804	1439.8876820050646	-33.719	
3300-met-museum-photos	imazen-26-png-v3/png-v3/3300-met-museum-photos/3318_met_vessel_479496_2505x2596.sdr.png	st	44	5374	567.4392810033169	-32.386	
3300-met-museum-photos	imazen-26-png-v3/png-v3/3300-met-museum-photos/3318_met_vessel_479496_2505x2596.sdr.png	st_ac06	20	25985	2600.1519709971035	-33.769	
3300-met-museum-photos	imazen-26-png-v3/png-v3/3300-met-museum-photos/3318_met_vessel_479496_2505x2596.sdr.png	st_ac06	32	14746	1674.15917100152	-33.716	
3300-met-museum-photos	imazen-26-png-v3/png-v3/3300-met-museum-photos/3318_met_vessel_479496_2505x2596.sdr.png	st_ac06	44	5362	769.586677008192	-32.620	
3300-met-museum-photos	imazen-26-png-v3/png-v3/3300-met-museum-photos/3318_met_vessel_479496_2505x2596.sdr.png	st_ac10	20	26034	2536.796200001845	-33.811	
3300-met-museum-photos	imazen-26-png-v3/png-v3/3300-met-museum-photos/3318_met_vessel_479496_2505x2596.sdr.png	st_ac10	32	14790	1473.234026998398	-33.602	
3300-met-museum-photos	imazen-26-png-v3/png-v3/3300-met-museum-photos/3318_met_vessel_479496_2505x2596.sdr.png	st_ac10	44	5356	702.0710250071716	-32.529	
3300-met-museum-photos	imazen-26-png-v3/png-v3/3300-met-museum-photos/3318_met_vessel_479496_2505x2596.sdr.png	st_ac20	20	26012	2704.1005680075614	-33.719	
3300-met-museum-photos	imazen-26-png-v3/png-v3/3300-met-museum-photos/3318_met_vessel_479496_2505x2596.sdr.png	st_ac20	32	14801	1601.9867159920977	-33.758	
3300-met-museum-photos	imazen-26-png-v3/png-v3/3300-met-museum-photos/3318_met_vessel_479496_2505x2596.sdr.png	st_ac20	44	5342	725.4816820059204	-32.362	
3300-met-museum-photos	imazen-26-png-v3/png-v3/3300-met-museum-photos/3318_met_vessel_479496_2505x2596.sdr.png	st_vb4	20	26966	2514.536959002726	-33.678	
3300-met-museum-photos	imazen-26-png-v3/png-v3/3300-met-museum-photos/3318_met_vessel_479496_2505x2596.sdr.png	st_vb4	32	15799	1518.360189991654	-33.854	
3300-met-museum-photos	imazen-26-png-v3/png-v3/3300-met-museum-photos/3318_met_vessel_479496_2505x2596.sdr.png	st_vb4	44	6376	768.417176004732	-32.723	
3300-met-museum-photos	imazen-26-png-v3/png-v3/3300-met-museum-photos/3318_met_vessel_479496_2505x2596.sdr.png	st_ac10vb4	20	27047	2567.063276001136	-33.794	
3300-met-museum-photos	imazen-26-png-v3/png-v3/3300-met-museum-photos/3318_met_vessel_479496_2505x2596.sdr.png	st_ac10vb4	32	15817	1808.3401499898173	-33.738	
3300-met-museum-photos	imazen-26-png-v3/png-v3/3300-met-museum-photos/3318_met_vessel_479496_2505x2596.sdr.png	st_ac10vb4	44	6336	696.1704309942434	-32.605	
3300-met-museum-photos	imazen-26-png-v3/png-v3/3300-met-museum-photos/3318_met_vessel_479496_2505x2596.sdr.png	st_oct6	20	25130	2491.43149300653	-33.779	
3300-met-museum-photos	imazen-26-png-v3/png-v3/3300-met-museum-photos/3318_met_vessel_479496_2505x2596.sdr.png	st_oct6	32	13697	1606.6623759979848	-33.683	
3300-met-museum-photos	imazen-26-png-v3/png-v3/3300-met-museum-photos/3318_met_vessel_479496_2505x2596.sdr.png	st_oct6	44	4886	819.0505679958733	-32.330	
3300-met-museum-photos	imazen-26-png-v3/png-v3/3300-met-museum-photos/3318_met_vessel_479496_2505x2596.sdr.png	st_oct7	20	23133	2325.2811650017975	-33.692	
3300-met-museum-photos	imazen-26-png-v3/png-v3/3300-met-museum-photos/3318_met_vessel_479496_2505x2596.sdr.png	st_oct7	32	11872	1220.781932992395	-33.326	
3300-met-museum-photos	imazen-26-png-v3/png-v3/3300-met-museum-photos/3318_met_vessel_479496_2505x2596.sdr.png	st_oct7	44	4133	510.0466739968397	-32.080	
5000-national-park-service-brochures	imazen-26-png-v3/png-v3/5000-national-park-service-brochures/grayscale/5044_nps_mora-ohanapecosh7-2019_gray_p01_2550x3300.sdr.png	t1	20	13346	1582.6376430050004	-68.817	
5000-national-park-service-brochures	imazen-26-png-v3/png-v3/5000-national-park-service-brochures/grayscale/5044_nps_mora-ohanapecosh7-2019_gray_p01_2550x3300.sdr.png	t1	32	10460	1229.5873830007622	-68.775	
5000-national-park-service-brochures	imazen-26-png-v3/png-v3/5000-national-park-service-brochures/grayscale/5044_nps_mora-ohanapecosh7-2019_gray_p01_2550x3300.sdr.png	t1	44	7372	1312.1160750015406	-68.790	
5000-national-park-service-brochures	imazen-26-png-v3/png-v3/5000-national-park-service-brochures/grayscale/5044_nps_mora-ohanapecosh7-2019_gray_p01_2550x3300.sdr.png	t2	20	12753	1968.8809950021096	-68.832	
5000-national-park-service-brochures	imazen-26-png-v3/png-v3/5000-national-park-service-brochures/grayscale/5044_nps_mora-ohanapecosh7-2019_gray_p01_2550x3300.sdr.png	t2	32	10168	1675.0236730003962	-68.819	
5000-national-park-service-brochures	imazen-26-png-v3/png-v3/5000-national-park-service-brochures/grayscale/5044_nps_mora-ohanapecosh7-2019_gray_p01_2550x3300.sdr.png	t2	44	7074	1700.6055230012862	-68.756	
5000-national-park-service-brochures	imazen-26-png-v3/png-v3/5000-national-park-service-brochures/grayscale/5044_nps_mora-ohanapecosh7-2019_gray_p01_2550x3300.sdr.png	t3	20	14230	2060.981543007074	-68.815	
5000-national-park-service-brochures	imazen-26-png-v3/png-v3/5000-national-park-service-brochures/grayscale/5044_nps_mora-ohanapecosh7-2019_gray_p01_2550x3300.sdr.png	t3	32	11201	1775.8005270006834	-68.840	
5000-national-park-service-brochures	imazen-26-png-v3/png-v3/5000-national-park-service-brochures/grayscale/5044_nps_mora-ohanapecosh7-2019_gray_p01_2550x3300.sdr.png	t3	44	7909	1443.627843997092	-68.876	
5000-national-park-service-brochures	imazen-26-png-v3/png-v3/5000-national-park-service-brochures/grayscale/5044_nps_mora-ohanapecosh7-2019_gray_p01_2550x3300.sdr.png	t4	20	14473	1912.2984650020953	-68.794	
5000-national-park-service-brochures	imazen-26-png-v3/png-v3/5000-national-park-service-brochures/grayscale/5044_nps_mora-ohanapecosh7-2019_gray_p01_2550x3300.sdr.png	t4	32	11324	1278.8310869946145	-68.834	
5000-national-park-service-brochures	imazen-26-png-v3/png-v3/5000-national-park-service-brochures/grayscale/5044_nps_mora-ohanapecosh7-2019_gray_p01_2550x3300.sdr.png	t4	44	8047	1456.8660340009956	-68.866	
5000-national-park-service-brochures	imazen-26-png-v3/png-v3/5000-national-park-service-brochures/grayscale/5044_nps_mora-ohanapecosh7-2019_gray_p01_2550x3300.sdr.png	st	20	14230	1788.923126005102	-68.815	
5000-national-park-service-brochures	imazen-26-png-v3/png-v3/5000-national-park-service-brochures/grayscale/5044_nps_mora-ohanapecosh7-2019_gray_p01_2550x3300.sdr.png	st	32	11201	1482.1269840031164	-68.840	
5000-national-park-service-brochures	imazen-26-png-v3/png-v3/5000-national-park-service-brochures/grayscale/5044_nps_mora-ohanapecosh7-2019_gray_p01_2550x3300.sdr.png	st	44	7909	1190.1179020060226	-68.876	
5000-national-park-service-brochures	imazen-26-png-v3/png-v3/5000-national-park-service-brochures/grayscale/5044_nps_mora-ohanapecosh7-2019_gray_p01_2550x3300.sdr.png	st_ac06	20	14230	1938.2996110070962	-68.815	
5000-national-park-service-brochures	imazen-26-png-v3/png-v3/5000-national-park-service-brochures/grayscale/5044_nps_mora-ohanapecosh7-2019_gray_p01_2550x3300.sdr.png	st_ac06	32	11177	1586.6379689978203	-68.838	
5000-national-park-service-brochures	imazen-26-png-v3/png-v3/5000-national-park-service-brochures/grayscale/5044_nps_mora-ohanapecosh7-2019_gray_p01_2550x3300.sdr.png	st_ac06	44	7906	1055.259457003558	-68.879	
5000-national-park-service-brochures	imazen-26-png-v3/png-v3/5000-national-park-service-brochures/grayscale/5044_nps_mora-ohanapecosh7-2019_gray_p01_2550x3300.sdr.png	st_ac10	20	14241	2031.9291729974793	-68.813	
5000-national-park-service-brochures	imazen-26-png-v3/png-v3/5000-national-park-service-brochures/grayscale/5044_nps_mora-ohanapecosh7-2019_gray_p01_2550x3300.sdr.png	st_ac10	32	11185	1613.9422900014324	-68.832	
5000-national-park-service-brochures	imazen-26-png-v3/png-v3/5000-national-park-service-brochures/grayscale/5044_nps_mora-ohanapecosh7-2019_gray_p01_2550x3300.sdr.png	st_ac10	44	7908	1455.7773760025157	-68.871	
5000-national-park-service-brochures	imazen-26-png-v3/png-v3/5000-national-park-service-brochures/grayscale/5044_nps_mora-ohanapecosh7-2019_gray_p01_2550x3300.sdr.png	st_ac20	20	14285	1844.4174899923382	-68.831	
5000-national-park-service-brochures	imazen-26-png-v3/png-v3/5000-national-park-service-brochures/grayscale/5044_nps_mora-ohanapecosh7-2019_gray_p01_2550x3300.sdr.png	st_ac20	32	11192	1593.0386539985193	-68.826	
5000-national-park-service-brochures	imazen-26-png-v3/png-v3/5000-national-park-service-brochures/grayscale/5044_nps_mora-ohanapecosh7-2019_gray_p01_2550x3300.sdr.png	st_ac20	44	7905	1379.0626949921716	-68.874	
5000-national-park-service-brochures	imazen-26-png-v3/png-v3/5000-national-park-service-brochures/grayscale/5044_nps_mora-ohanapecosh7-2019_gray_p01_2550x3300.sdr.png	st_vb4	20	14329	1827.0862079953076	-68.820	
5000-national-park-service-brochures	imazen-26-png-v3/png-v3/5000-national-park-service-brochures/grayscale/5044_nps_mora-ohanapecosh7-2019_gray_p01_2550x3300.sdr.png	st_vb4	32	11311	1468.6456019990146	-68.839	
5000-national-park-service-brochures	imazen-26-png-v3/png-v3/5000-national-park-service-brochures/grayscale/5044_nps_mora-ohanapecosh7-2019_gray_p01_2550x3300.sdr.png	st_vb4	44	8149	1291.970759004471	-68.869	
5000-national-park-service-brochures	imazen-26-png-v3/png-v3/5000-national-park-service-brochures/grayscale/5044_nps_mora-ohanapecosh7-2019_gray_p01_2550x3300.sdr.png	st_ac10vb4	20	14349	1760.1992400013842	-68.806	
5000-national-park-service-brochures	imazen-26-png-v3/png-v3/5000-national-park-service-brochures/grayscale/5044_nps_mora-ohanapecosh7-2019_gray_p01_2550x3300.sdr.png	st_ac10vb4	32	11329	1518.0628960079048	-68.855	
5000-national-park-service-brochures	imazen-26-png-v3/png-v3/5000-national-park-service-brochures/grayscale/5044_nps_mora-ohanapecosh7-2019_gray_p01_2550x3300.sdr.png	st_ac10vb4	44	8150	1300.3780549915973	-68.855	
5000-national-park-service-brochures	imazen-26-png-v3/png-v3/5000-national-park-service-brochures/grayscale/5044_nps_mora-ohanapecosh7-2019_gray_p01_2550x3300.sdr.png	st_oct6	20	13803	1976.3518609979656	-68.808	
5000-national-park-service-brochures	imazen-26-png-v3/png-v3/5000-national-park-service-brochures/grayscale/5044_nps_mora-ohanapecosh7-2019_gray_p01_2550x3300.sdr.png	st_oct6	32	10603	1596.319324002252	-68.835	
5000-national-park-service-brochures	imazen-26-png-v3/png-v3/5000-national-park-service-brochures/grayscale/5044_nps_mora-ohanapecosh7-2019_gray_p01_2550x3300.sdr.png	st_oct6	44	7383	1421.0056559968507	-68.914	
5000-national-park-service-brochures	imazen-26-png-v3/png-v3/5000-national-park-service-brochures/grayscale/5044_nps_mora-ohanapecosh7-2019_gray_p01_2550x3300.sdr.png	st_oct7	20	13565	1725.233640987426	-68.821	
5000-national-park-service-brochures	imazen-26-png-v3/png-v3/5000-national-park-service-brochures/grayscale/5044_nps_mora-ohanapecosh7-2019_gray_p01_2550x3300.sdr.png	st_oct7	32	10342	1408.5692790104076	-68.840	
5000-national-park-service-brochures	imazen-26-png-v3/png-v3/5000-national-park-service-brochures/grayscale/5044_nps_mora-ohanapecosh7-2019_gray_p01_2550x3300.sdr.png	st_oct7	44	7119	1423.933453988866	-68.947	
5000-national-park-service-brochures	imazen-26-png-v3/png-v3/5000-national-park-service-brochures/grayscale/5058_nps_shen-bigmeadows-roadtrail_gray_p02_2550x3300.sdr.png	t1	20	20741	2860.6237649946706	-140.179	
5000-national-park-service-brochures	imazen-26-png-v3/png-v3/5000-national-park-service-brochures/grayscale/5058_nps_shen-bigmeadows-roadtrail_gray_p02_2550x3300.sdr.png	t1	32	16479	1824.3231210071826	-140.033	
5000-national-park-service-brochures	imazen-26-png-v3/png-v3/5000-national-park-service-brochures/grayscale/5058_nps_shen-bigmeadows-roadtrail_gray_p02_2550x3300.sdr.png	t1	44	12988	1791.804106993368	-139.441	
5000-national-park-service-brochures	imazen-26-png-v3/png-v3/5000-national-park-service-brochures/grayscale/5058_nps_shen-bigmeadows-roadtrail_gray_p02_2550x3300.sdr.png	t2	20	20004	2462.7809259982314	-140.196	
5000-national-park-service-brochures	imazen-26-png-v3/png-v3/5000-national-park-service-brochures/grayscale/5058_nps_shen-bigmeadows-roadtrail_gray_p02_2550x3300.sdr.png	t2	32	16021	1666.1386000050697	-139.961	
5000-national-park-service-brochures	imazen-26-png-v3/png-v3/5000-national-park-service-brochures/grayscale/5058_nps_shen-bigmeadows-roadtrail_gray_p02_2550x3300.sdr.png	t2	44	12776	1577.7095849916805	-139.130	
5000-national-park-service-brochures	imazen-26-png-v3/png-v3/5000-national-park-service-brochures/grayscale/5058_nps_shen-bigmeadows-roadtrail_gray_p02_2550x3300.sdr.png	t3	20	21147	2493.9225129928673	-140.005	
5000-national-park-service-brochures	imazen-26-png-v3/png-v3/5000-national-park-service-brochures/grayscale/5058_nps_shen-bigmeadows-roadtrail_gray_p02_2550x3300.sdr.png	t3	32	16142	1915.7494289975148	-139.773	
5000-national-park-service-brochures	imazen-26-png-v3/png-v3/5000-national-park-service-brochures/grayscale/5058_nps_shen-bigmeadows-roadtrail_gray_p02_2550x3300.sdr.png	t3	44	13009	1590.7872780080652	-139.224	
5000-national-park-service-brochures	imazen-26-png-v3/png-v3/5000-national-park-service-brochures/grayscale/5058_nps_shen-bigmeadows-roadtrail_gray_p02_2550x3300.sdr.png	t4	20	21776	2466.7388109955937	-140.060	
5000-national-park-service-brochures	imazen-26-png-v3/png-v3/5000-national-park-service-brochures/grayscale/5058_nps_shen-bigmeadows-roadtrail_gray_p02_2550x3300.sdr.png	t4	32	16484	2138.445666001644	-139.936	
5000-national-park-service-brochures	imazen-26-png-v3/png-v3/5000-national-park-service-brochures/grayscale/5058_nps_shen-bigmeadows-roadtrail_gray_p02_2550x3300.sdr.png	t4	44	13175	1732.445927002118	-139.192	
5000-national-park-service-brochures	imazen-26-png-v3/png-v3/5000-national-park-service-brochures/grayscale/5058_nps_shen-bigmeadows-roadtrail_gray_p02_2550x3300.sdr.png	st	20	21147	2054.4427659915527	-140.005	
5000-national-park-service-brochures	imazen-26-png-v3/png-v3/5000-national-park-service-brochures/grayscale/5058_nps_shen-bigmeadows-roadtrail_gray_p02_2550x3300.sdr.png	st	32	16142	1638.144979995559	-139.773	
5000-national-park-service-brochures	imazen-26-png-v3/png-v3/5000-national-park-service-brochures/grayscale/5058_nps_shen-bigmeadows-roadtrail_gray_p02_2550x3300.sdr.png	st	44	13009	1394.2014439962804	-139.224	
5000-national-park-service-brochures	imazen-26-png-v3/png-v3/5000-national-park-service-brochures/grayscale/5058_nps_shen-bigmeadows-roadtrail_gray_p02_2550x3300.sdr.png	st_ac06	20	21186	2371.1099339998327	-140.015	
5000-national-park-service-brochures	imazen-26-png-v3/png-v3/5000-national-park-service-brochures/grayscale/5058_nps_shen-bigmeadows-roadtrail_gray_p02_2550x3300.sdr.png	st_ac06	32	16168	1654.7937060095137	-139.788	
5000-national-park-service-brochures	imazen-26-png-v3/png-v3/5000-national-park-service-brochures/grayscale/5058_nps_shen-bigmeadows-roadtrail_gray_p02_2550x3300.sdr.png	st_ac06	44	13013	1351.9985220045783	-139.204	
5000-national-park-service-brochures	imazen-26-png-v3/png-v3/5000-national-park-service-brochures/grayscale/5058_nps_shen-bigmeadows-roadtrail_gray_p02_2550x3300.sdr.png	st_ac10	20	21182	2176.067199005047	-140.007	
5000-national-park-service-brochures	imazen-26-png-v3/png-v3/5000-national-park-service-brochures/grayscale/5058_nps_shen-bigmeadows-roadtrail_gray_p02_2550x3300.sdr.png	st_ac10	32	16193	1438.6564330052352	-139.768	
5000-national-park-service-brochures	imazen-26-png-v3/png-v3/5000-national-park-service-brochures/grayscale/5058_nps_shen-bigmeadows-roadtrail_gray_p02_2550x3300.sdr.png	st_ac10	44	13015	1370.97328400705	-139.201	
5000-national-park-service-brochures	imazen-26-png-v3/png-v3/5000-national-park-service-brochures/grayscale/5058_nps_shen-bigmeadows-roadtrail_gray_p02_2550x3300.sdr.png	st_ac20	20	21259	2252.3676620039623	-140.014	
5000-national-park-service-brochures	imazen-26-png-v3/png-v3/5000-national-park-service-brochures/grayscale/5058_nps_shen-bigmeadows-roadtrail_gray_p02_2550x3300.sdr.png	st_ac20	32	16200	1746.8620730069233	-139.745	
5000-national-park-service-brochures	imazen-26-png-v3/png-v3/5000-national-park-service-brochures/grayscale/5058_nps_shen-bigmeadows-roadtrail_gray_p02_2550x3300.sdr.png	st_ac20	44	13037	1586.4578369946685	-139.308	
5000-national-park-service-brochures	imazen-26-png-v3/png-v3/5000-national-park-service-brochures/grayscale/5058_nps_shen-bigmeadows-roadtrail_gray_p02_2550x3300.sdr.png	st_vb4	20	21171	2184.4664399977773	-140.030	
5000-national-park-service-brochures	imazen-26-png-v3/png-v3/5000-national-park-service-brochures/grayscale/5058_nps_shen-bigmeadows-roadtrail_gray_p02_2550x3300.sdr.png	st_vb4	32	16201	1823.4067510056775	-139.749	
5000-national-park-service-brochures	imazen-26-png-v3/png-v3/5000-national-park-service-brochures/grayscale/5058_nps_shen-bigmeadows-roadtrail_gray_p02_2550x3300.sdr.png	st_vb4	44	13102	1570.0942030089209	-139.216	
5000-national-park-service-brochures	imazen-26-png-v3/png-v3/5000-national-park-service-brochures/grayscale/5058_nps_shen-bigmeadows-roadtrail_gray_p02_2550x3300.sdr.png	st_ac10vb4	20	21210	2084.084354006336	-140.034	
5000-national-park-service-brochures	imazen-26-png-v3/png-v3/5000-national-park-service-brochures/grayscale/5058_nps_shen-bigmeadows-roadtrail_gray_p02_2550x3300.sdr.png	st_ac10vb4	32	16235	1683.04784000793	-139.714	
5000-national-park-service-brochures	imazen-26-png-v3/png-v3/5000-national-park-service-brochures/grayscale/5058_nps_shen-bigmeadows-roadtrail_gray_p02_2550x3300.sdr.png	st_ac10vb4	44	13111	1360.5197129945736	-139.216	
5000-national-park-service-brochures	imazen-26-png-v3/png-v3/5000-national-park-service-brochures/grayscale/5058_nps_shen-bigmeadows-roadtrail_gray_p02_2550x3300.sdr.png	st_oct6	20	20992	2562.3289970098995	-140.026	
5000-national-park-service-brochures	imazen-26-png-v3/png-v3/5000-national-park-service-brochures/grayscale/5058_nps_shen-bigmeadows-roadtrail_gray_p02_2550x3300.sdr.png	st_oct6	32	16014	1618.4099340025568	-139.785	
5000-national-park-service-brochures	imazen-26-png-v3/png-v3/5000-national-park-service-brochures/grayscale/5058_nps_shen-bigmeadows-roadtrail_gray_p02_2550x3300.sdr.png	st_oct6	44	12914	1362.614911995479	-139.222	
5000-national-park-service-brochures	imazen-26-png-v3/png-v3/5000-national-park-service-brochures/grayscale/5058_nps_shen-bigmeadows-roadtrail_gray_p02_2550x3300.sdr.png	st_oct7	20	20947	2955.241884003044	-140.023	
5000-national-park-service-brochures	imazen-26-png-v3/png-v3/5000-national-park-service-brochures/grayscale/5058_nps_shen-bigmeadows-roadtrail_gray_p02_2550x3300.sdr.png	st_oct7	32	15905	1994.344769991585	-139.739	
5000-national-park-service-brochures	imazen-26-png-v3/png-v3/5000-national-park-service-brochures/grayscale/5058_nps_shen-bigmeadows-roadtrail_gray_p02_2550x3300.sdr.png	st_oct7	44	12864	1755.3115290065762	-139.297	
5200-epa-climate-impact-2021-report	imazen-26-png-v3/png-v3/5200-epa-climate-impact-2021-report/5202_epa_climate-impact-2021_fig-es1-six-impacts_p005_2968x3841.sdr.png	t1	20	11407	1384.481175991823	-63.786	
5200-epa-climate-impact-2021-report	imazen-26-png-v3/png-v3/5200-epa-climate-impact-2021-report/5202_epa_climate-impact-2021_fig-es1-six-impacts_p005_2968x3841.sdr.png	t1	32	6668	915.1556919969153	-63.790	
5200-epa-climate-impact-2021-report	imazen-26-png-v3/png-v3/5200-epa-climate-impact-2021-report/5202_epa_climate-impact-2021_fig-es1-six-impacts_p005_2968x3841.sdr.png	t1	44	3264	627.1309049916454	-63.750	
5200-epa-climate-impact-2021-report	imazen-26-png-v3/png-v3/5200-epa-climate-impact-2021-report/5202_epa_climate-impact-2021_fig-es1-six-impacts_p005_2968x3841.sdr.png	t2	20	10827	2373.1668590044137	-63.797	
5200-epa-climate-impact-2021-report	imazen-26-png-v3/png-v3/5200-epa-climate-impact-2021-report/5202_epa_climate-impact-2021_fig-es1-six-impacts_p005_2968x3841.sdr.png	t2	32	6166	1036.1420929984888	-63.769	
5200-epa-climate-impact-2021-report	imazen-26-png-v3/png-v3/5200-epa-climate-impact-2021-report/5202_epa_climate-impact-2021_fig-es1-six-impacts_p005_2968x3841.sdr.png	t2	44	2988	483.0835710017709	-63.744	
5200-epa-climate-impact-2021-report	imazen-26-png-v3/png-v3/5200-epa-climate-impact-2021-report/5202_epa_climate-impact-2021_fig-es1-six-impacts_p005_2968x3841.sdr.png	t3	20	14283	2153.2890340022277	-63.801	
5200-epa-climate-impact-2021-report	imazen-26-png-v3/png-v3/5200-epa-climate-impact-2021-report/5202_epa_climate-impact-2021_fig-es1-six-impacts_p005_2968x3841.sdr.png	t3	32	9309	1842.9623560077744	-63.801	
5200-epa-climate-impact-2021-report	imazen-26-png-v3/png-v3/5200-epa-climate-impact-2021-report/5202_epa_climate-impact-2021_fig-es1-six-impacts_p005_2968x3841.sdr.png	t3	44	4825	771.6659950092435	-63.794	
5200-epa-climate-impact-2021-report	imazen-26-png-v3/png-v3/5200-epa-climate-impact-2021-report/5202_epa_climate-impact-2021_fig-es1-six-impacts_p005_2968x3841.sdr.png	t4	20	14018	1913.9727949950611	-63.802	
5200-epa-climate-impact-2021-report	imazen-26-png-v3/png-v3/5200-epa-climate-impact-2021-report/5202_epa_climate-impact-2021_fig-es1-six-impacts_p005_2968x3841.sdr.png	t4	32	9232	1098.1768060009927	-63.794	
5200-epa-climate-impact-2021-report	imazen-26-png-v3/png-v3/5200-epa-climate-impact-2021-report/5202_epa_climate-impact-2021_fig-es1-six-impacts_p005_2968x3841.sdr.png	t4	44	4780	525.9254770062398	-63.792	
5200-epa-climate-impact-2021-report	imazen-26-png-v3/png-v3/5200-epa-climate-impact-2021-report/5202_epa_climate-impact-2021_fig-es1-six-impacts_p005_2968x3841.sdr.png	st	20	14283	2324.436691997107	-63.801	
5200-epa-climate-impact-2021-report	imazen-26-png-v3/png-v3/5200-epa-climate-impact-2021-report/5202_epa_climate-impact-2021_fig-es1-six-impacts_p005_2968x3841.sdr.png	st	32	9309	1038.2032569905277	-63.801	
5200-epa-climate-impact-2021-report	imazen-26-png-v3/png-v3/5200-epa-climate-impact-2021-report/5202_epa_climate-impact-2021_fig-es1-six-impacts_p005_2968x3841.sdr.png	st	44	4825	477.7202359982766	-63.794	
5200-epa-climate-impact-2021-report	imazen-26-png-v3/png-v3/5200-epa-climate-impact-2021-report/5202_epa_climate-impact-2021_fig-es1-six-impacts_p005_2968x3841.sdr.png	st_ac06	20	14255	2313.3378450002056	-63.800	
5200-epa-climate-impact-2021-report	imazen-26-png-v3/png-v3/5200-epa-climate-impact-2021-report/5202_epa_climate-impact-2021_fig-es1-six-impacts_p005_2968x3841.sdr.png	st_ac06	32	9305	1667.6950359978946	-63.798	
5200-epa-climate-impact-2021-report	imazen-26-png-v3/png-v3/5200-epa-climate-impact-2021-report/5202_epa_climate-impact-2021_fig-es1-six-impacts_p005_2968x3841.sdr.png	st_ac06	44	4822	1003.638788999524	-63.785	
5200-epa-climate-impact-2021-report	imazen-26-png-v3/png-v3/5200-epa-climate-impact-2021-report/5202_epa_climate-impact-2021_fig-es1-six-impacts_p005_2968x3841.sdr.png	st_ac10	20	14247	2467.7504319988657	-63.802	
5200-epa-climate-impact-2021-report	imazen-26-png-v3/png-v3/5200-epa-climate-impact-2021-report/5202_epa_climate-impact-2021_fig-es1-six-impacts_p005_2968x3841.sdr.png	st_ac10	32	9308	1493.1826289976016	-63.799	
5200-epa-climate-impact-2021-report	imazen-26-png-v3/png-v3/5200-epa-climate-impact-2021-report/5202_epa_climate-impact-2021_fig-es1-six-impacts_p005_2968x3841.sdr.png	st_ac10	44	4822	1050.9055289876414	-63.785	
5200-epa-climate-impact-2021-report	imazen-26-png-v3/png-v3/5200-epa-climate-impact-2021-report/5202_epa_climate-impact-2021_fig-es1-six-impacts_p005_2968x3841.sdr.png	st_ac20	20	14239	2024.1876520012738	-63.801	
5200-epa-climate-impact-2021-report	imazen-26-png-v3/png-v3/5200-epa-climate-impact-2021-report/5202_epa_climate-impact-2021_fig-es1-six-impacts_p005_2968x3841.sdr.png	st_ac20	32	9301	1490.7852859905688	-63.804	
5200-epa-climate-impact-2021-report	imazen-26-png-v3/png-v3/5200-epa-climate-impact-2021-report/5202_epa_climate-impact-2021_fig-es1-six-impacts_p005_2968x3841.sdr.png	st_ac20	44	4822	859.9689020047663	-63.780	
5200-epa-climate-impact-2021-report	imazen-26-png-v3/png-v3/5200-epa-climate-impact-2021-report/5202_epa_climate-impact-2021_fig-es1-six-impacts_p005_2968x3841.sdr.png	st_vb4	20	14669	2014.8562910035253	-63.805	
5200-epa-climate-impact-2021-report	imazen-26-png-v3/png-v3/5200-epa-climate-impact-2021-report/5202_epa_climate-impact-2021_fig-es1-six-impacts_p005_2968x3841.sdr.png	st_vb4	32	9791	1422.618507000152	-63.796	
5200-epa-climate-impact-2021-report	imazen-26-png-v3/png-v3/5200-epa-climate-impact-2021-report/5202_epa_climate-impact-2021_fig-es1-six-impacts_p005_2968x3841.sdr.png	st_vb4	44	5223	831.077388007543	-63.767	
5200-epa-climate-impact-2021-report	imazen-26-png-v3/png-v3/5200-epa-climate-impact-2021-report/5202_epa_climate-impact-2021_fig-es1-six-impacts_p005_2968x3841.sdr.png	st_ac10vb4	20	14715	2033.9957469986985	-63.805	
5200-epa-climate-impact-2021-report	imazen-26-png-v3/png-v3/5200-epa-climate-impact-2021-report/5202_epa_climate-impact-2021_fig-es1-six-impacts_p005_2968x3841.sdr.png	st_ac10vb4	32	9795	1597.777834002045	-63.799	
5200-epa-climate-impact-2021-report	imazen-26-png-v3/png-v3/5200-epa-climate-impact-2021-report/5202_epa_climate-impact-2021_fig-es1-six-impacts_p005_2968x3841.sdr.png	st_ac10vb4	44	5220	876.9326960027684	-63.769	
5200-epa-climate-impact-2021-report	imazen-26-png-v3/png-v3/5200-epa-climate-impact-2021-report/5202_epa_climate-impact-2021_fig-es1-six-impacts_p005_2968x3841.sdr.png	st_oct6	20	13526	1885.718249992351	-63.807	
5200-epa-climate-impact-2021-report	imazen-26-png-v3/png-v3/5200-epa-climate-impact-2021-report/5202_epa_climate-impact-2021_fig-es1-six-impacts_p005_2968x3841.sdr.png	st_oct6	32	8523	1567.8994140034774	-63.796	
5200-epa-climate-impact-2021-report	imazen-26-png-v3/png-v3/5200-epa-climate-impact-2021-report/5202_epa_climate-impact-2021_fig-es1-six-impacts_p005_2968x3841.sdr.png	st_oct6	44	4234	852.3296649946133	-63.775	
5200-epa-climate-impact-2021-report	imazen-26-png-v3/png-v3/5200-epa-climate-impact-2021-report/5202_epa_climate-impact-2021_fig-es1-six-impacts_p005_2968x3841.sdr.png	st_oct7	20	12672	2164.0065960091306	-63.802	
5200-epa-climate-impact-2021-report	imazen-26-png-v3/png-v3/5200-epa-climate-impact-2021-report/5202_epa_climate-impact-2021_fig-es1-six-impacts_p005_2968x3841.sdr.png	st_oct7	32	7586	1605.3289130068151	-63.788	
5200-epa-climate-impact-2021-report	imazen-26-png-v3/png-v3/5200-epa-climate-impact-2021-report/5202_epa_climate-impact-2021_fig-es1-six-impacts_p005_2968x3841.sdr.png	st_oct7	44	3745	601.5546659909887	-63.730	
5200-epa-climate-impact-2021-report	imazen-26-png-v3/png-v3/5200-epa-climate-impact-2021-report/5204_epa_climate-impact-2021_key-findings-income-education-age_p007_2968x3841.sdr.png	t1	20	5618	1424.7564079996664	-64.230	
5200-epa-climate-impact-2021-report	imazen-26-png-v3/png-v3/5200-epa-climate-impact-2021-report/5204_epa_climate-impact-2021_key-findings-income-education-age_p007_2968x3841.sdr.png	t1	32	3718	786.1689459969057	-64.230	
5200-epa-climate-impact-2021-report	imazen-26-png-v3/png-v3/5200-epa-climate-impact-2021-report/5204_epa_climate-impact-2021_key-findings-income-education-age_p007_2968x3841.sdr.png	t1	44	2712	616.9385999965016	-64.230	
5200-epa-climate-impact-2021-report	imazen-26-png-v3/png-v3/5200-epa-climate-impact-2021-report/5204_epa_climate-impact-2021_key-findings-income-education-age_p007_2968x3841.sdr.png	t2	20	5515	1733.417522002128	-64.230	
5200-epa-climate-impact-2021-report	imazen-26-png-v3/png-v3/5200-epa-climate-impact-2021-report/5204_epa_climate-impact-2021_key-findings-income-education-age_p007_2968x3841.sdr.png	t2	32	3613	1620.1141199999256	-64.230	
5200-epa-climate-impact-2021-report	imazen-26-png-v3/png-v3/5200-epa-climate-impact-2021-report/5204_epa_climate-impact-2021_key-findings-income-education-age_p007_2968x3841.sdr.png	t2	44	2490	1516.0829060041578	-64.230	
5200-epa-climate-impact-2021-report	imazen-26-png-v3/png-v3/5200-epa-climate-impact-2021-report/5204_epa_climate-impact-2021_key-findings-income-education-age_p007_2968x3841.sdr.png	t3	20	7504	2278.659631003393	-64.230	
5200-epa-climate-impact-2021-report	imazen-26-png-v3/png-v3/5200-epa-climate-impact-2021-report/5204_epa_climate-impact-2021_key-findings-income-education-age_p007_2968x3841.sdr.png	t3	32	5281	1621.509058997617	-64.230	
5200-epa-climate-impact-2021-report	imazen-26-png-v3/png-v3/5200-epa-climate-impact-2021-report/5204_epa_climate-impact-2021_key-findings-income-education-age_p007_2968x3841.sdr.png	t3	44	3290	1080.6441820022883	-64.230	
5200-epa-climate-impact-2021-report	imazen-26-png-v3/png-v3/5200-epa-climate-impact-2021-report/5204_epa_climate-impact-2021_key-findings-income-education-age_p007_2968x3841.sdr.png	t4	20	7363	1565.1748519885587	-64.230	
5200-epa-climate-impact-2021-report	imazen-26-png-v3/png-v3/5200-epa-climate-impact-2021-report/5204_epa_climate-impact-2021_key-findings-income-education-age_p007_2968x3841.sdr.png	t4	32	5133	1173.2012369902804	-64.230	
5200-epa-climate-impact-2021-report	imazen-26-png-v3/png-v3/5200-epa-climate-impact-2021-report/5204_epa_climate-impact-2021_key-findings-income-education-age_p007_2968x3841.sdr.png	t4	44	3276	1004.1286799969384	-64.230	
5200-epa-climate-impact-2021-report	imazen-26-png-v3/png-v3/5200-epa-climate-impact-2021-report/5204_epa_climate-impact-2021_key-findings-income-education-age_p007_2968x3841.sdr.png	st	20	7504	1689.872369999648	-64.230	
5200-epa-climate-impact-2021-report	imazen-26-png-v3/png-v3/5200-epa-climate-impact-2021-report/5204_epa_climate-impact-2021_key-findings-income-education-age_p007_2968x3841.sdr.png	st	32	5281	1195.0834909948753	-64.230	
5200-epa-climate-impact-2021-report	imazen-26-png-v3/png-v3/5200-epa-climate-impact-2021-report/5204_epa_climate-impact-2021_key-findings-income-education-age_p007_2968x3841.sdr.png	st	44	3290	947.2961059946101	-64.230	
5200-epa-climate-impact-2021-report	imazen-26-png-v3/png-v3/5200-epa-climate-impact-2021-report/5204_epa_climate-impact-2021_key-findings-income-education-age_p007_2968x3841.sdr.png	st_ac06	20	7514	1671.8533530074637	-64.230	
5200-epa-climate-impact-2021-report	imazen-26-png-v3/png-v3/5200-epa-climate-impact-2021-report/5204_epa_climate-impact-2021_key-findings-income-education-age_p007_2968x3841.sdr.png	st_ac06	32	5277	1362.490485989838	-64.230	
5200-epa-climate-impact-2021-report	imazen-26-png-v3/png-v3/5200-epa-climate-impact-2021-report/5204_epa_climate-impact-2021_key-findings-income-education-age_p007_2968x3841.sdr.png	st_ac06	44	3274	909.370344990748	-64.230	
5200-epa-climate-impact-2021-report	imazen-26-png-v3/png-v3/5200-epa-climate-impact-2021-report/5204_epa_climate-impact-2021_key-findings-income-education-age_p007_2968x3841.sdr.png	st_ac10	20	7537	1997.666617986397	-64.230	
5200-epa-climate-impact-2021-report	imazen-26-png-v3/png-v3/5200-epa-climate-impact-2021-report/5204_epa_climate-impact-2021_key-findings-income-education-age_p007_2968x3841.sdr.png	st_ac10	32	5288	1232.0692670036806	-64.230	
5200-epa-climate-impact-2021-report	imazen-26-png-v3/png-v3/5200-epa-climate-impact-2021-report/5204_epa_climate-impact-2021_key-findings-income-education-age_p007_2968x3841.sdr.png	st_ac10	44	3272	994.1570940136444	-64.230	
5200-epa-climate-impact-2021-report	imazen-26-png-v3/png-v3/5200-epa-climate-impact-2021-report/5204_epa_climate-impact-2021_key-findings-income-education-age_p007_2968x3841.sdr.png	st_ac20	20	7519	1790.6234959955327	-64.230	
5200-epa-climate-impact-2021-report	imazen-26-png-v3/png-v3/5200-epa-climate-impact-2021-report/5204_epa_climate-impact-2021_key-findings-income-education-age_p007_2968x3841.sdr.png	st_ac20	32	5276	1345.2758240018738	-64.230	
5200-epa-climate-impact-2021-report	imazen-26-png-v3/png-v3/5200-epa-climate-impact-2021-report/5204_epa_climate-impact-2021_key-findings-income-education-age_p007_2968x3841.sdr.png	st_ac20	44	3301	1046.1224649916403	-64.230	
5200-epa-climate-impact-2021-report	imazen-26-png-v3/png-v3/5200-epa-climate-impact-2021-report/5204_epa_climate-impact-2021_key-findings-income-education-age_p007_2968x3841.sdr.png	st_vb4	20	7664	1743.3641899988288	-64.230	
5200-epa-climate-impact-2021-report	imazen-26-png-v3/png-v3/5200-epa-climate-impact-2021-report/5204_epa_climate-impact-2021_key-findings-income-education-age_p007_2968x3841.sdr.png	st_vb4	32	5437	1307.712502006325	-64.230	
5200-epa-climate-impact-2021-report	imazen-26-png-v3/png-v3/5200-epa-climate-impact-2021-report/5204_epa_climate-impact-2021_key-findings-income-education-age_p007_2968x3841.sdr.png	st_vb4	44	3478	1017.1489649947034	-64.230	
5200-epa-climate-impact-2021-report	imazen-26-png-v3/png-v3/5200-epa-climate-impact-2021-report/5204_epa_climate-impact-2021_key-findings-income-education-age_p007_2968x3841.sdr.png	st_ac10vb4	20	7660	1837.2193709947169	-64.230	
5200-epa-climate-impact-2021-report	imazen-26-png-v3/png-v3/5200-epa-climate-impact-2021-report/5204_epa_climate-impact-2021_key-findings-income-education-age_p007_2968x3841.sdr.png	st_ac10vb4	32	5467	1280.5099550023442	-64.230	
5200-epa-climate-impact-2021-report	imazen-26-png-v3/png-v3/5200-epa-climate-impact-2021-report/5204_epa_climate-impact-2021_key-findings-income-education-age_p007_2968x3841.sdr.png	st_ac10vb4	44	3482	762.7081249956973	-64.230	
5200-epa-climate-impact-2021-report	imazen-26-png-v3/png-v3/5200-epa-climate-impact-2021-report/5204_epa_climate-impact-2021_key-findings-income-education-age_p007_2968x3841.sdr.png	st_oct6	20	7309	1540.0151330104563	-64.230	
5200-epa-climate-impact-2021-report	imazen-26-png-v3/png-v3/5200-epa-climate-impact-2021-report/5204_epa_climate-impact-2021_key-findings-income-education-age_p007_2968x3841.sdr.png	st_oct6	32	5179	1530.524971007253	-64.230	
5200-epa-climate-impact-2021-report	imazen-26-png-v3/png-v3/5200-epa-climate-impact-2021-report/5204_epa_climate-impact-2021_key-findings-income-education-age_p007_2968x3841.sdr.png	st_oct6	44	3086	941.772204998415	-64.231	
5200-epa-climate-impact-2021-report	imazen-26-png-v3/png-v3/5200-epa-climate-impact-2021-report/5204_epa_climate-impact-2021_key-findings-income-education-age_p007_2968x3841.sdr.png	st_oct7	20	7061	1767.747744001099	-64.230	
5200-epa-climate-impact-2021-report	imazen-26-png-v3/png-v3/5200-epa-climate-impact-2021-report/5204_epa_climate-impact-2021_key-findings-income-education-age_p007_2968x3841.sdr.png	st_oct7	32	4771	1173.2730630028527	-64.230	
5200-epa-climate-impact-2021-report	imazen-26-png-v3/png-v3/5200-epa-climate-impact-2021-report/5204_epa_climate-impact-2021_key-findings-income-education-age_p007_2968x3841.sdr.png	st_oct7	44	2884	727.9482870071661	-64.230	
5300-noaa-hurricane-documents	imazen-26-png-v3/png-v3/5300-noaa-hurricane-documents/5300_noaa_nhc-verification-report-2024_page1_p01_2550x3300.sdr.png	t1	20	19442	3308.3332810056163	-87.897	
5300-noaa-hurricane-documents	imazen-26-png-v3/png-v3/5300-noaa-hurricane-documents/5300_noaa_nhc-verification-report-2024_page1_p01_2550x3300.sdr.png	t1	32	14377	2697.91967200581	-87.918	
5300-noaa-hurricane-documents	imazen-26-png-v3/png-v3/5300-noaa-hurricane-documents/5300_noaa_nhc-verification-report-2024_page1_p01_2550x3300.sdr.png	t1	44	9405	2186.6078360035317	-87.208	
5300-noaa-hurricane-documents	imazen-26-png-v3/png-v3/5300-noaa-hurricane-documents/5300_noaa_nhc-verification-report-2024_page1_p01_2550x3300.sdr.png	t2	20	18848	3514.6943379950244	-87.846	
5300-noaa-hurricane-documents	imazen-26-png-v3/png-v3/5300-noaa-hurricane-documents/5300_noaa_nhc-verification-report-2024_page1_p01_2550x3300.sdr.png	t2	32	14031	2144.5097719988553	-87.436	
5300-noaa-hurricane-documents	imazen-26-png-v3/png-v3/5300-noaa-hurricane-documents/5300_noaa_nhc-verification-report-2024_page1_p01_2550x3300.sdr.png	t2	44	9146	1796.7403719958384	-86.913	
5300-noaa-hurricane-documents	imazen-26-png-v3/png-v3/5300-noaa-hurricane-documents/5300_noaa_nhc-verification-report-2024_page1_p01_2550x3300.sdr.png	t3	20	20314	2932.097443001112	-87.856	
5300-noaa-hurricane-documents	imazen-26-png-v3/png-v3/5300-noaa-hurricane-documents/5300_noaa_nhc-verification-report-2024_page1_p01_2550x3300.sdr.png	t3	32	15065	2388.57991801342	-87.721	
5300-noaa-hurricane-documents	imazen-26-png-v3/png-v3/5300-noaa-hurricane-documents/5300_noaa_nhc-verification-report-2024_page1_p01_2550x3300.sdr.png	t3	44	10018	2043.1977419939358	-87.027	
5300-noaa-hurricane-documents	imazen-26-png-v3/png-v3/5300-noaa-hurricane-documents/5300_noaa_nhc-verification-report-2024_page1_p01_2550x3300.sdr.png	t4	20	20478	3246.789089011145	-87.799	
5300-noaa-hurricane-documents	imazen-26-png-v3/png-v3/5300-noaa-hurricane-documents/5300_noaa_nhc-verification-report-2024_page1_p01_2550x3300.sdr.png	t4	32	15236	2474.3238450028	-87.700	
5300-noaa-hurricane-documents	imazen-26-png-v3/png-v3/5300-noaa-hurricane-documents/5300_noaa_nhc-verification-report-2024_page1_p01_2550x3300.sdr.png	t4	44	10108	2255.9869160031667	-87.219	
5300-noaa-hurricane-documents	imazen-26-png-v3/png-v3/5300-noaa-hurricane-documents/5300_noaa_nhc-verification-report-2024_page1_p01_2550x3300.sdr.png	st	20	20314	2158.847058992251	-87.856	
5300-noaa-hurricane-documents	imazen-26-png-v3/png-v3/5300-noaa-hurricane-documents/5300_noaa_nhc-verification-report-2024_page1_p01_2550x3300.sdr.png	st	32	15065	1695.7341020024614	-87.721	
5300-noaa-hurricane-documents	imazen-26-png-v3/png-v3/5300-noaa-hurricane-documents/5300_noaa_nhc-verification-report-2024_page1_p01_2550x3300.sdr.png	st	44	10018	1431.138928004657	-87.027	
5300-noaa-hurricane-documents	imazen-26-png-v3/png-v3/5300-noaa-hurricane-documents/5300_noaa_nhc-verification-report-2024_page1_p01_2550x3300.sdr.png	st_ac06	20	20309	2037.6445860019885	-87.778	
5300-noaa-hurricane-documents	imazen-26-png-v3/png-v3/5300-noaa-hurricane-documents/5300_noaa_nhc-verification-report-2024_page1_p01_2550x3300.sdr.png	st_ac06	32	15087	1625.2073119976558	-87.680	
5300-noaa-hurricane-documents	imazen-26-png-v3/png-v3/5300-noaa-hurricane-documents/5300_noaa_nhc-verification-report-2024_page1_p01_2550x3300.sdr.png	st_ac06	44	10037	1269.6700599917676	-87.098	
5300-noaa-hurricane-documents	imazen-26-png-v3/png-v3/5300-noaa-hurricane-documents/5300_noaa_nhc-verification-report-2024_page1_p01_2550x3300.sdr.png	st_ac10	20	20322	2316.3774959975854	-87.800	
5300-noaa-hurricane-documents	imazen-26-png-v3/png-v3/5300-noaa-hurricane-documents/5300_noaa_nhc-verification-report-2024_page1_p01_2550x3300.sdr.png	st_ac10	32	15085	1819.4680710003013	-87.739	
5300-noaa-hurricane-documents	imazen-26-png-v3/png-v3/5300-noaa-hurricane-documents/5300_noaa_nhc-verification-report-2024_page1_p01_2550x3300.sdr.png	st_ac10	44	10054	1002.5746189930942	-87.231	
5300-noaa-hurricane-documents	imazen-26-png-v3/png-v3/5300-noaa-hurricane-documents/5300_noaa_nhc-verification-report-2024_page1_p01_2550x3300.sdr.png	st_ac20	20	20352	1984.3541779991938	-87.775	
5300-noaa-hurricane-documents	imazen-26-png-v3/png-v3/5300-noaa-hurricane-documents/5300_noaa_nhc-verification-report-2024_page1_p01_2550x3300.sdr.png	st_ac20	32	15082	1809.861056986847	-87.766	
5300-noaa-hurricane-documents	imazen-26-png-v3/png-v3/5300-noaa-hurricane-documents/5300_noaa_nhc-verification-report-2024_page1_p01_2550x3300.sdr.png	st_ac20	44	10084	1454.5997600071132	-87.355	
5300-noaa-hurricane-documents	imazen-26-png-v3/png-v3/5300-noaa-hurricane-documents/5300_noaa_nhc-verification-report-2024_page1_p01_2550x3300.sdr.png	st_vb4	20	20555	2329.5065389975207	-87.818	
5300-noaa-hurricane-documents	imazen-26-png-v3/png-v3/5300-noaa-hurricane-documents/5300_noaa_nhc-verification-report-2024_page1_p01_2550x3300.sdr.png	st_vb4	32	15352	1835.9664610034088	-87.895	
5300-noaa-hurricane-documents	imazen-26-png-v3/png-v3/5300-noaa-hurricane-documents/5300_noaa_nhc-verification-report-2024_page1_p01_2550x3300.sdr.png	st_vb4	44	10298	1240.9513439924922	-87.367	
5300-noaa-hurricane-documents	imazen-26-png-v3/png-v3/5300-noaa-hurricane-documents/5300_noaa_nhc-verification-report-2024_page1_p01_2550x3300.sdr.png	st_ac10vb4	20	20551	2312.72003200138	-87.829	
5300-noaa-hurricane-documents	imazen-26-png-v3/png-v3/5300-noaa-hurricane-documents/5300_noaa_nhc-verification-report-2024_page1_p01_2550x3300.sdr.png	st_ac10vb4	32	15370	1707.813378990977	-87.895	
5300-noaa-hurricane-documents	imazen-26-png-v3/png-v3/5300-noaa-hurricane-documents/5300_noaa_nhc-verification-report-2024_page1_p01_2550x3300.sdr.png	st_ac10vb4	44	10320	1221.4700789918425	-87.339	
5300-noaa-hurricane-documents	imazen-26-png-v3/png-v3/5300-noaa-hurricane-documents/5300_noaa_nhc-verification-report-2024_page1_p01_2550x3300.sdr.png	st_oct6	20	19877	2265.9477109991712	-87.711	
5300-noaa-hurricane-documents	imazen-26-png-v3/png-v3/5300-noaa-hurricane-documents/5300_noaa_nhc-verification-report-2024_page1_p01_2550x3300.sdr.png	st_oct6	32	14442	1410.5700380023336	-87.690	
5300-noaa-hurricane-documents	imazen-26-png-v3/png-v3/5300-noaa-hurricane-documents/5300_noaa_nhc-verification-report-2024_page1_p01_2550x3300.sdr.png	st_oct6	44	9609	1068.352659989614	-87.443	
5300-noaa-hurricane-documents	imazen-26-png-v3/png-v3/5300-noaa-hurricane-documents/5300_noaa_nhc-verification-report-2024_page1_p01_2550x3300.sdr.png	st_oct7	20	19683	2266.6179240040947	-87.816	
5300-noaa-hurricane-documents	imazen-26-png-v3/png-v3/5300-noaa-hurricane-documents/5300_noaa_nhc-verification-report-2024_page1_p01_2550x3300.sdr.png	st_oct7	32	14228	1971.6060389910126	-87.821	
5300-noaa-hurricane-documents	imazen-26-png-v3/png-v3/5300-noaa-hurricane-documents/5300_noaa_nhc-verification-report-2024_page1_p01_2550x3300.sdr.png	st_oct7	44	9474	1398.2190230017295	-87.465	
5300-noaa-hurricane-documents	imazen-26-png-v3/png-v3/5300-noaa-hurricane-documents/5312_noaa_nhc-al042024-debby_p19_2550x3300.sdr.png	t1	20	8555	1479.2562320071738	-64.475	
5300-noaa-hurricane-documents	imazen-26-png-v3/png-v3/5300-noaa-hurricane-documents/5312_noaa_nhc-al042024-debby_p19_2550x3300.sdr.png	t1	32	6929	1019.7354769916274	-64.471	
5300-noaa-hurricane-documents	imazen-26-png-v3/png-v3/5300-noaa-hurricane-documents/5312_noaa_nhc-al042024-debby_p19_2550x3300.sdr.png	t1	44	5550	970.2773860044545	-64.498	
5300-noaa-hurricane-documents	imazen-26-png-v3/png-v3/5300-noaa-hurricane-documents/5312_noaa_nhc-al042024-debby_p19_2550x3300.sdr.png	t2	20	8417	1386.1791800009087	-64.472	
5300-noaa-hurricane-documents	imazen-26-png-v3/png-v3/5300-noaa-hurricane-documents/5312_noaa_nhc-al042024-debby_p19_2550x3300.sdr.png	t2	32	6781	1123.9011459983885	-64.468	
5300-noaa-hurricane-documents	imazen-26-png-v3/png-v3/5300-noaa-hurricane-documents/5312_noaa_nhc-al042024-debby_p19_2550x3300.sdr.png	t2	44	5508	1198.5946989880176	-64.484	
5300-noaa-hurricane-documents	imazen-26-png-v3/png-v3/5300-noaa-hurricane-documents/5312_noaa_nhc-al042024-debby_p19_2550x3300.sdr.png	t3	20	10145	2073.967101998278	-64.468	
5300-noaa-hurricane-documents	imazen-26-png-v3/png-v3/5300-noaa-hurricane-documents/5312_noaa_nhc-al042024-debby_p19_2550x3300.sdr.png	t3	32	7616	2114.195025002118	-64.470	
5300-noaa-hurricane-documents	imazen-26-png-v3/png-v3/5300-noaa-hurricane-documents/5312_noaa_nhc-al042024-debby_p19_2550x3300.sdr.png	t3	44	6011	1743.8030839985004	-64.482	
5300-noaa-hurricane-documents	imazen-26-png-v3/png-v3/5300-noaa-hurricane-documents/5312_noaa_nhc-al042024-debby_p19_2550x3300.sdr.png	t4	20	10098	2156.9547550025163	-64.471	
5300-noaa-hurricane-documents	imazen-26-png-v3/png-v3/5300-noaa-hurricane-documents/5312_noaa_nhc-al042024-debby_p19_2550x3300.sdr.png	t4	32	7650	1142.9993939964334	-64.472	
5300-noaa-hurricane-documents	imazen-26-png-v3/png-v3/5300-noaa-hurricane-documents/5312_noaa_nhc-al042024-debby_p19_2550x3300.sdr.png	t4	44	6004	808.123227005126	-64.486	
5300-noaa-hurricane-documents	imazen-26-png-v3/png-v3/5300-noaa-hurricane-documents/5312_noaa_nhc-al042024-debby_p19_2550x3300.sdr.png	st	20	10145	1865.0827030069195	-64.468	
5300-noaa-hurricane-documents	imazen-26-png-v3/png-v3/5300-noaa-hurricane-documents/5312_noaa_nhc-al042024-debby_p19_2550x3300.sdr.png	st	32	7616	843.2099269994069	-64.470	
5300-noaa-hurricane-documents	imazen-26-png-v3/png-v3/5300-noaa-hurricane-documents/5312_noaa_nhc-al042024-debby_p19_2550x3300.sdr.png	st	44	6011	783.8789080124116	-64.482	
5300-noaa-hurricane-documents	imazen-26-png-v3/png-v3/5300-noaa-hurricane-documents/5312_noaa_nhc-al042024-debby_p19_2550x3300.sdr.png	st_ac06	20	10151	1737.3357829928864	-64.467	
5300-noaa-hurricane-documents	imazen-26-png-v3/png-v3/5300-noaa-hurricane-documents/5312_noaa_nhc-al042024-debby_p19_2550x3300.sdr.png	st_ac06	32	7624	1076.72545099922	-64.470	
5300-noaa-hurricane-documents	imazen-26-png-v3/png-v3/5300-noaa-hurricane-documents/5312_noaa_nhc-al042024-debby_p19_2550x3300.sdr.png	st_ac06	44	6012	1203.6812480073422	-64.482	
5300-noaa-hurricane-documents	imazen-26-png-v3/png-v3/5300-noaa-hurricane-documents/5312_noaa_nhc-al042024-debby_p19_2550x3300.sdr.png	st_ac10	20	10154	1629.5328559936024	-64.467	
5300-noaa-hurricane-documents	imazen-26-png-v3/png-v3/5300-noaa-hurricane-documents/5312_noaa_nhc-al042024-debby_p19_2550x3300.sdr.png	st_ac10	32	7622	1352.3550990066724	-64.470	
5300-noaa-hurricane-documents	imazen-26-png-v3/png-v3/5300-noaa-hurricane-documents/5312_noaa_nhc-al042024-debby_p19_2550x3300.sdr.png	st_ac10	44	6022	1163.023309010896	-64.483	
5300-noaa-hurricane-documents	imazen-26-png-v3/png-v3/5300-noaa-hurricane-documents/5312_noaa_nhc-al042024-debby_p19_2550x3300.sdr.png	st_ac20	20	10168	1926.8466719950084	-64.468	
5300-noaa-hurricane-documents	imazen-26-png-v3/png-v3/5300-noaa-hurricane-documents/5312_noaa_nhc-al042024-debby_p19_2550x3300.sdr.png	st_ac20	32	7615	1126.264014004846	-64.471	
5300-noaa-hurricane-documents	imazen-26-png-v3/png-v3/5300-noaa-hurricane-documents/5312_noaa_nhc-al042024-debby_p19_2550x3300.sdr.png	st_ac20	44	6031	1223.1341489969054	-64.482	
5300-noaa-hurricane-documents	imazen-26-png-v3/png-v3/5300-noaa-hurricane-documents/5312_noaa_nhc-al042024-debby_p19_2550x3300.sdr.png	st_vb4	20	10286	1747.3297209944576	-64.467	
5300-noaa-hurricane-documents	imazen-26-png-v3/png-v3/5300-noaa-hurricane-documents/5312_noaa_nhc-al042024-debby_p19_2550x3300.sdr.png	st_vb4	32	7913	1320.1955580007052	-64.468	
5300-noaa-hurricane-documents	imazen-26-png-v3/png-v3/5300-noaa-hurricane-documents/5312_noaa_nhc-al042024-debby_p19_2550x3300.sdr.png	st_vb4	44	6149	1174.5084290014347	-64.474	
5300-noaa-hurricane-documents	imazen-26-png-v3/png-v3/5300-noaa-hurricane-documents/5312_noaa_nhc-al042024-debby_p19_2550x3300.sdr.png	st_ac10vb4	20	10292	1806.9636559957871	-64.468	
5300-noaa-hurricane-documents	imazen-26-png-v3/png-v3/5300-noaa-hurricane-documents/5312_noaa_nhc-al042024-debby_p19_2550x3300.sdr.png	st_ac10vb4	32	7910	1188.2418689929182	-64.470	
5300-noaa-hurricane-documents	imazen-26-png-v3/png-v3/5300-noaa-hurricane-documents/5312_noaa_nhc-al042024-debby_p19_2550x3300.sdr.png	st_ac10vb4	44	6154	995.6270249967929	-64.475	
5300-noaa-hurricane-documents	imazen-26-png-v3/png-v3/5300-noaa-hurricane-documents/5312_noaa_nhc-al042024-debby_p19_2550x3300.sdr.png	st_oct6	20	9397	1644.167666992871	-64.466	
5300-noaa-hurricane-documents	imazen-26-png-v3/png-v3/5300-noaa-hurricane-documents/5312_noaa_nhc-al042024-debby_p19_2550x3300.sdr.png	st_oct6	32	7273	1359.373956991476	-64.468	
5300-noaa-hurricane-documents	imazen-26-png-v3/png-v3/5300-noaa-hurricane-documents/5312_noaa_nhc-al042024-debby_p19_2550x3300.sdr.png	st_oct6	44	5803	995.1068380032666	-64.478	
5300-noaa-hurricane-documents	imazen-26-png-v3/png-v3/5300-noaa-hurricane-documents/5312_noaa_nhc-al042024-debby_p19_2550x3300.sdr.png	st_oct7	20	9169	1782.815918995766	-64.470	
5300-noaa-hurricane-documents	imazen-26-png-v3/png-v3/5300-noaa-hurricane-documents/5312_noaa_nhc-al042024-debby_p19_2550x3300.sdr.png	st_oct7	32	7003	1323.4719390020473	-64.472	
5300-noaa-hurricane-documents	imazen-26-png-v3/png-v3/5300-noaa-hurricane-documents/5312_noaa_nhc-al042024-debby_p19_2550x3300.sdr.png	st_oct7	44	5639	1158.9897789963288	-64.491	
6000-lilith-scans-public-patents	imazen-26-png-v3/png-v3/6000-lilith-scans-public-patents/lynn_conway_us5046022_printrescangray300/6069_scans-patents_lynn-conway-us5046022-rescan-gray_p011_2479x3230.sdr.png	t1	20	39932	3313.1997020100243	-119.672	
6000-lilith-scans-public-patents	imazen-26-png-v3/png-v3/6000-lilith-scans-public-patents/lynn_conway_us5046022_printrescangray300/6069_scans-patents_lynn-conway-us5046022-rescan-gray_p011_2479x3230.sdr.png	t1	32	26573	2443.9968049991876	-120.452	
6000-lilith-scans-public-patents	imazen-26-png-v3/png-v3/6000-lilith-scans-public-patents/lynn_conway_us5046022_printrescangray300/6069_scans-patents_lynn-conway-us5046022-rescan-gray_p011_2479x3230.sdr.png	t1	44	14544	1614.905850001378	-120.183	
6000-lilith-scans-public-patents	imazen-26-png-v3/png-v3/6000-lilith-scans-public-patents/lynn_conway_us5046022_printrescangray300/6069_scans-patents_lynn-conway-us5046022-rescan-gray_p011_2479x3230.sdr.png	t2	20	39551	2931.8356349976966	-119.680	
6000-lilith-scans-public-patents	imazen-26-png-v3/png-v3/6000-lilith-scans-public-patents/lynn_conway_us5046022_printrescangray300/6069_scans-patents_lynn-conway-us5046022-rescan-gray_p011_2479x3230.sdr.png	t2	32	26114	2170.106178993592	-120.082	
6000-lilith-scans-public-patents	imazen-26-png-v3/png-v3/6000-lilith-scans-public-patents/lynn_conway_us5046022_printrescangray300/6069_scans-patents_lynn-conway-us5046022-rescan-gray_p011_2479x3230.sdr.png	t2	44	14249	1145.9046810050495	-120.326	
6000-lilith-scans-public-patents	imazen-26-png-v3/png-v3/6000-lilith-scans-public-patents/lynn_conway_us5046022_printrescangray300/6069_scans-patents_lynn-conway-us5046022-rescan-gray_p011_2479x3230.sdr.png	t3	20	38753	3039.981293011806	-119.221	
6000-lilith-scans-public-patents	imazen-26-png-v3/png-v3/6000-lilith-scans-public-patents/lynn_conway_us5046022_printrescangray300/6069_scans-patents_lynn-conway-us5046022-rescan-gray_p011_2479x3230.sdr.png	t3	32	25277	2049.5958820101805	-119.904	
6000-lilith-scans-public-patents	imazen-26-png-v3/png-v3/6000-lilith-scans-public-patents/lynn_conway_us5046022_printrescangray300/6069_scans-patents_lynn-conway-us5046022-rescan-gray_p011_2479x3230.sdr.png	t3	44	14419	1321.2412639986724	-119.442	
6000-lilith-scans-public-patents	imazen-26-png-v3/png-v3/6000-lilith-scans-public-patents/lynn_conway_us5046022_printrescangray300/6069_scans-patents_lynn-conway-us5046022-rescan-gray_p011_2479x3230.sdr.png	t4	20	39281	2788.50451100152	-119.259	
6000-lilith-scans-public-patents	imazen-26-png-v3/png-v3/6000-lilith-scans-public-patents/lynn_conway_us5046022_printrescangray300/6069_scans-patents_lynn-conway-us5046022-rescan-gray_p011_2479x3230.sdr.png	t4	32	25806	2004.817177003133	-120.062	
6000-lilith-scans-public-patents	imazen-26-png-v3/png-v3/6000-lilith-scans-public-patents/lynn_conway_us5046022_printrescangray300/6069_scans-patents_lynn-conway-us5046022-rescan-gray_p011_2479x3230.sdr.png	t4	44	14724	1234.3508290068712	-120.189	
6000-lilith-scans-public-patents	imazen-26-png-v3/png-v3/6000-lilith-scans-public-patents/lynn_conway_us5046022_printrescangray300/6069_scans-patents_lynn-conway-us5046022-rescan-gray_p011_2479x3230.sdr.png	st	20	38753	2942.8830449905945	-119.221	
6000-lilith-scans-public-patents	imazen-26-png-v3/png-v3/6000-lilith-scans-public-patents/lynn_conway_us5046022_printrescangray300/6069_scans-patents_lynn-conway-us5046022-rescan-gray_p011_2479x3230.sdr.png	st	32	25277	2100.4976539989	-119.904	
6000-lilith-scans-public-patents	imazen-26-png-v3/png-v3/6000-lilith-scans-public-patents/lynn_conway_us5046022_printrescangray300/6069_scans-patents_lynn-conway-us5046022-rescan-gray_p011_2479x3230.sdr.png	st	44	14419	1257.475603997591	-119.442	
6000-lilith-scans-public-patents	imazen-26-png-v3/png-v3/6000-lilith-scans-public-patents/lynn_conway_us5046022_printrescangray300/6069_scans-patents_lynn-conway-us5046022-rescan-gray_p011_2479x3230.sdr.png	st_ac06	20	38853	2859.9388239963446	-119.124	
6000-lilith-scans-public-patents	imazen-26-png-v3/png-v3/6000-lilith-scans-public-patents/lynn_conway_us5046022_printrescangray300/6069_scans-patents_lynn-conway-us5046022-rescan-gray_p011_2479x3230.sdr.png	st_ac06	32	25249	1916.8392080027843	-119.870	
6000-lilith-scans-public-patents	imazen-26-png-v3/png-v3/6000-lilith-scans-public-patents/lynn_conway_us5046022_printrescangray300/6069_scans-patents_lynn-conway-us5046022-rescan-gray_p011_2479x3230.sdr.png	st_ac06	44	14448	1239.4845989911119	-119.481	
6000-lilith-scans-public-patents	imazen-26-png-v3/png-v3/6000-lilith-scans-public-patents/lynn_conway_us5046022_printrescangray300/6069_scans-patents_lynn-conway-us5046022-rescan-gray_p011_2479x3230.sdr.png	st_ac10	20	38843	3105.54078000132	-119.179	
6000-lilith-scans-public-patents	imazen-26-png-v3/png-v3/6000-lilith-scans-public-patents/lynn_conway_us5046022_printrescangray300/6069_scans-patents_lynn-conway-us5046022-rescan-gray_p011_2479x3230.sdr.png	st_ac10	32	25267	2006.6764380026143	-120.043	
6000-lilith-scans-public-patents	imazen-26-png-v3/png-v3/6000-lilith-scans-public-patents/lynn_conway_us5046022_printrescangray300/6069_scans-patents_lynn-conway-us5046022-rescan-gray_p011_2479x3230.sdr.png	st_ac10	44	14451	1250.2049670001725	-119.886	
6000-lilith-scans-public-patents	imazen-26-png-v3/png-v3/6000-lilith-scans-public-patents/lynn_conway_us5046022_printrescangray300/6069_scans-patents_lynn-conway-us5046022-rescan-gray_p011_2479x3230.sdr.png	st_ac20	20	38922	3003.8746270001866	-119.268	
6000-lilith-scans-public-patents	imazen-26-png-v3/png-v3/6000-lilith-scans-public-patents/lynn_conway_us5046022_printrescangray300/6069_scans-patents_lynn-conway-us5046022-rescan-gray_p011_2479x3230.sdr.png	st_ac20	32	25360	1962.0907900098246	-119.800	
6000-lilith-scans-public-patents	imazen-26-png-v3/png-v3/6000-lilith-scans-public-patents/lynn_conway_us5046022_printrescangray300/6069_scans-patents_lynn-conway-us5046022-rescan-gray_p011_2479x3230.sdr.png	st_ac20	44	14468	1152.622057008557	-119.943	
6000-lilith-scans-public-patents	imazen-26-png-v3/png-v3/6000-lilith-scans-public-patents/lynn_conway_us5046022_printrescangray300/6069_scans-patents_lynn-conway-us5046022-rescan-gray_p011_2479x3230.sdr.png	st_vb4	20	38824	2865.2060070016887	-119.182	
6000-lilith-scans-public-patents	imazen-26-png-v3/png-v3/6000-lilith-scans-public-patents/lynn_conway_us5046022_printrescangray300/6069_scans-patents_lynn-conway-us5046022-rescan-gray_p011_2479x3230.sdr.png	st_vb4	32	25445	2022.0432299975073	-119.777	
6000-lilith-scans-public-patents	imazen-26-png-v3/png-v3/6000-lilith-scans-public-patents/lynn_conway_us5046022_printrescangray300/6069_scans-patents_lynn-conway-us5046022-rescan-gray_p011_2479x3230.sdr.png	st_vb4	44	14616	1301.6946949937847	-119.278	
6000-lilith-scans-public-patents	imazen-26-png-v3/png-v3/6000-lilith-scans-public-patents/lynn_conway_us5046022_printrescangray300/6069_scans-patents_lynn-conway-us5046022-rescan-gray_p011_2479x3230.sdr.png	st_ac10vb4	20	38891	2977.4126459960826	-119.215	
6000-lilith-scans-public-patents	imazen-26-png-v3/png-v3/6000-lilith-scans-public-patents/lynn_conway_us5046022_printrescangray300/6069_scans-patents_lynn-conway-us5046022-rescan-gray_p011_2479x3230.sdr.png	st_ac10vb4	32	25410	2281.69516500202	-119.657	
6000-lilith-scans-public-patents	imazen-26-png-v3/png-v3/6000-lilith-scans-public-patents/lynn_conway_us5046022_printrescangray300/6069_scans-patents_lynn-conway-us5046022-rescan-gray_p011_2479x3230.sdr.png	st_ac10vb4	44	14648	1350.5983429931803	-119.332	
6000-lilith-scans-public-patents	imazen-26-png-v3/png-v3/6000-lilith-scans-public-patents/lynn_conway_us5046022_printrescangray300/6069_scans-patents_lynn-conway-us5046022-rescan-gray_p011_2479x3230.sdr.png	st_oct6	20	38084	2980.0178129953565	-119.177	
6000-lilith-scans-public-patents	imazen-26-png-v3/png-v3/6000-lilith-scans-public-patents/lynn_conway_us5046022_printrescangray300/6069_scans-patents_lynn-conway-us5046022-rescan-gray_p011_2479x3230.sdr.png	st_oct6	32	24696	2090.1636600028723	-119.846	
6000-lilith-scans-public-patents	imazen-26-png-v3/png-v3/6000-lilith-scans-public-patents/lynn_conway_us5046022_printrescangray300/6069_scans-patents_lynn-conway-us5046022-rescan-gray_p011_2479x3230.sdr.png	st_oct6	44	13899	1248.4147770010168	-119.433	
6000-lilith-scans-public-patents	imazen-26-png-v3/png-v3/6000-lilith-scans-public-patents/lynn_conway_us5046022_printrescangray300/6069_scans-patents_lynn-conway-us5046022-rescan-gray_p011_2479x3230.sdr.png	st_oct7	20	37933	3005.6083889940055	-119.210	
6000-lilith-scans-public-patents	imazen-26-png-v3/png-v3/6000-lilith-scans-public-patents/lynn_conway_us5046022_printrescangray300/6069_scans-patents_lynn-conway-us5046022-rescan-gray_p011_2479x3230.sdr.png	st_oct7	32	24573	2115.5074370035436	-119.883	
6000-lilith-scans-public-patents	imazen-26-png-v3/png-v3/6000-lilith-scans-public-patents/lynn_conway_us5046022_printrescangray300/6069_scans-patents_lynn-conway-us5046022-rescan-gray_p011_2479x3230.sdr.png	st_oct7	44	13850	1299.9775339994812	-119.437	
6000-lilith-scans-public-patents	imazen-26-png-v3/png-v3/6000-lilith-scans-public-patents/martha_jones_us77494_printrescancolor300/6093_scans-patents_martha-jones-us77494-rescan-color_p002_2479x3230.sdr.png	t1	20	38747	3159.7502329968847	-191.234	
6000-lilith-scans-public-patents	imazen-26-png-v3/png-v3/6000-lilith-scans-public-patents/martha_jones_us77494_printrescancolor300/6093_scans-patents_martha-jones-us77494-rescan-color_p002_2479x3230.sdr.png	t1	32	26103	2138.03764100885	-192.403	
6000-lilith-scans-public-patents	imazen-26-png-v3/png-v3/6000-lilith-scans-public-patents/martha_jones_us77494_printrescancolor300/6093_scans-patents_martha-jones-us77494-rescan-color_p002_2479x3230.sdr.png	t1	44	15443	1514.150717004668	-191.102	
6000-lilith-scans-public-patents	imazen-26-png-v3/png-v3/6000-lilith-scans-public-patents/martha_jones_us77494_printrescancolor300/6093_scans-patents_martha-jones-us77494-rescan-color_p002_2479x3230.sdr.png	t2	20	38444	2888.646990992129	-191.068	
6000-lilith-scans-public-patents	imazen-26-png-v3/png-v3/6000-lilith-scans-public-patents/martha_jones_us77494_printrescancolor300/6093_scans-patents_martha-jones-us77494-rescan-color_p002_2479x3230.sdr.png	t2	32	25839	2205.2872169879265	-192.346	
6000-lilith-scans-public-patents	imazen-26-png-v3/png-v3/6000-lilith-scans-public-patents/martha_jones_us77494_printrescancolor300/6093_scans-patents_martha-jones-us77494-rescan-color_p002_2479x3230.sdr.png	t2	44	15161	1414.6719470008975	-190.239	
6000-lilith-scans-public-patents	imazen-26-png-v3/png-v3/6000-lilith-scans-public-patents/martha_jones_us77494_printrescancolor300/6093_scans-patents_martha-jones-us77494-rescan-color_p002_2479x3230.sdr.png	t3	20	39668	3098.551677001524	-190.513	
6000-lilith-scans-public-patents	imazen-26-png-v3/png-v3/6000-lilith-scans-public-patents/martha_jones_us77494_printrescancolor300/6093_scans-patents_martha-jones-us77494-rescan-color_p002_2479x3230.sdr.png	t3	32	25881	2085.7120549917454	-191.936	
6000-lilith-scans-public-patents	imazen-26-png-v3/png-v3/6000-lilith-scans-public-patents/martha_jones_us77494_printrescancolor300/6093_scans-patents_martha-jones-us77494-rescan-color_p002_2479x3230.sdr.png	t3	44	15132	1424.3073149991687	-190.154	
6000-lilith-scans-public-patents	imazen-26-png-v3/png-v3/6000-lilith-scans-public-patents/martha_jones_us77494_printrescancolor300/6093_scans-patents_martha-jones-us77494-rescan-color_p002_2479x3230.sdr.png	t4	20	40048	2908.813617003034	-190.457	
6000-lilith-scans-public-patents	imazen-26-png-v3/png-v3/6000-lilith-scans-public-patents/martha_jones_us77494_printrescancolor300/6093_scans-patents_martha-jones-us77494-rescan-color_p002_2479x3230.sdr.png	t4	32	26404	2007.0155019930098	-191.762	
6000-lilith-scans-public-patents	imazen-26-png-v3/png-v3/6000-lilith-scans-public-patents/martha_jones_us77494_printrescancolor300/6093_scans-patents_martha-jones-us77494-rescan-color_p002_2479x3230.sdr.png	t4	44	15557	1350.9501009975793	-191.006	
6000-lilith-scans-public-patents	imazen-26-png-v3/png-v3/6000-lilith-scans-public-patents/martha_jones_us77494_printrescancolor300/6093_scans-patents_martha-jones-us77494-rescan-color_p002_2479x3230.sdr.png	st	20	39668	2754.6102970081847	-190.513	
6000-lilith-scans-public-patents	imazen-26-png-v3/png-v3/6000-lilith-scans-public-patents/martha_jones_us77494_printrescancolor300/6093_scans-patents_martha-jones-us77494-rescan-color_p002_2479x3230.sdr.png	st	32	25881	1902.7390219998779	-191.936	
6000-lilith-scans-public-patents	imazen-26-png-v3/png-v3/6000-lilith-scans-public-patents/martha_jones_us77494_printrescancolor300/6093_scans-patents_martha-jones-us77494-rescan-color_p002_2479x3230.sdr.png	st	44	15132	1250.0481890019728	-190.154	
6000-lilith-scans-public-patents	imazen-26-png-v3/png-v3/6000-lilith-scans-public-patents/martha_jones_us77494_printrescancolor300/6093_scans-patents_martha-jones-us77494-rescan-color_p002_2479x3230.sdr.png	st_ac06	20	39639	2843.5274789953837	-190.532	
6000-lilith-scans-public-patents	imazen-26-png-v3/png-v3/6000-lilith-scans-public-patents/martha_jones_us77494_printrescancolor300/6093_scans-patents_martha-jones-us77494-rescan-color_p002_2479x3230.sdr.png	st_ac06	32	25902	2023.5278790059965	-192.008	
6000-lilith-scans-public-patents	imazen-26-png-v3/png-v3/6000-lilith-scans-public-patents/martha_jones_us77494_printrescancolor300/6093_scans-patents_martha-jones-us77494-rescan-color_p002_2479x3230.sdr.png	st_ac06	44	15133	1554.454112003441	-190.075	
6000-lilith-scans-public-patents	imazen-26-png-v3/png-v3/6000-lilith-scans-public-patents/martha_jones_us77494_printrescancolor300/6093_scans-patents_martha-jones-us77494-rescan-color_p002_2479x3230.sdr.png	st_ac10	20	39728	2987.0107129972894	-190.569	
6000-lilith-scans-public-patents	imazen-26-png-v3/png-v3/6000-lilith-scans-public-patents/martha_jones_us77494_printrescancolor300/6093_scans-patents_martha-jones-us77494-rescan-color_p002_2479x3230.sdr.png	st_ac10	32	25881	2162.3507420008536	-191.959	
6000-lilith-scans-public-patents	imazen-26-png-v3/png-v3/6000-lilith-scans-public-patents/martha_jones_us77494_printrescancolor300/6093_scans-patents_martha-jones-us77494-rescan-color_p002_2479x3230.sdr.png	st_ac10	44	15135	1210.4354149923893	-189.899	
6000-lilith-scans-public-patents	imazen-26-png-v3/png-v3/6000-lilith-scans-public-patents/martha_jones_us77494_printrescancolor300/6093_scans-patents_martha-jones-us77494-rescan-color_p002_2479x3230.sdr.png	st_ac20	20	39796	3030.1419090101263	-190.564	
6000-lilith-scans-public-patents	imazen-26-png-v3/png-v3/6000-lilith-scans-public-patents/martha_jones_us77494_printrescancolor300/6093_scans-patents_martha-jones-us77494-rescan-color_p002_2479x3230.sdr.png	st_ac20	32	25997	2065.3097110043745	-191.963	
6000-lilith-scans-public-patents	imazen-26-png-v3/png-v3/6000-lilith-scans-public-patents/martha_jones_us77494_printrescancolor300/6093_scans-patents_martha-jones-us77494-rescan-color_p002_2479x3230.sdr.png	st_ac20	44	15150	1332.947424001759	-190.245	
6000-lilith-scans-public-patents	imazen-26-png-v3/png-v3/6000-lilith-scans-public-patents/martha_jones_us77494_printrescancolor300/6093_scans-patents_martha-jones-us77494-rescan-color_p002_2479x3230.sdr.png	st_vb4	20	39778	2993.0542890069773	-190.477	
6000-lilith-scans-public-patents	imazen-26-png-v3/png-v3/6000-lilith-scans-public-patents/martha_jones_us77494_printrescancolor300/6093_scans-patents_martha-jones-us77494-rescan-color_p002_2479x3230.sdr.png	st_vb4	32	26019	2204.1740940039745	-191.790	
6000-lilith-scans-public-patents	imazen-26-png-v3/png-v3/6000-lilith-scans-public-patents/martha_jones_us77494_printrescancolor300/6093_scans-patents_martha-jones-us77494-rescan-color_p002_2479x3230.sdr.png	st_vb4	44	15319	1405.958871007897	-190.941	
6000-lilith-scans-public-patents	imazen-26-png-v3/png-v3/6000-lilith-scans-public-patents/martha_jones_us77494_printrescancolor300/6093_scans-patents_martha-jones-us77494-rescan-color_p002_2479x3230.sdr.png	st_ac10vb4	20	39806	3344.154605001677	-190.579	
6000-lilith-scans-public-patents	imazen-26-png-v3/png-v3/6000-lilith-scans-public-patents/martha_jones_us77494_printrescancolor300/6093_scans-patents_martha-jones-us77494-rescan-color_p002_2479x3230.sdr.png	st_ac10vb4	32	26035	2232.008922001114	-191.854	
6000-lilith-scans-public-patents	imazen-26-png-v3/png-v3/6000-lilith-scans-public-patents/martha_jones_us77494_printrescancolor300/6093_scans-patents_martha-jones-us77494-rescan-color_p002_2479x3230.sdr.png	st_ac10vb4	44	15331	1367.4750810023397	-190.260	
6000-lilith-scans-public-patents	imazen-26-png-v3/png-v3/6000-lilith-scans-public-patents/martha_jones_us77494_printrescancolor300/6093_scans-patents_martha-jones-us77494-rescan-color_p002_2479x3230.sdr.png	st_oct6	20	39011	3362.5586349953664	-190.467	
6000-lilith-scans-public-patents	imazen-26-png-v3/png-v3/6000-lilith-scans-public-patents/martha_jones_us77494_printrescancolor300/6093_scans-patents_martha-jones-us77494-rescan-color_p002_2479x3230.sdr.png	st_oct6	32	25270	2388.1781160016544	-191.915	
6000-lilith-scans-public-patents	imazen-26-png-v3/png-v3/6000-lilith-scans-public-patents/martha_jones_us77494_printrescancolor300/6093_scans-patents_martha-jones-us77494-rescan-color_p002_2479x3230.sdr.png	st_oct6	44	14693	1387.590108992299	-189.941	
6000-lilith-scans-public-patents	imazen-26-png-v3/png-v3/6000-lilith-scans-public-patents/martha_jones_us77494_printrescancolor300/6093_scans-patents_martha-jones-us77494-rescan-color_p002_2479x3230.sdr.png	st_oct7	20	38759	3659.0863879973767	-190.481	
6000-lilith-scans-public-patents	imazen-26-png-v3/png-v3/6000-lilith-scans-public-patents/martha_jones_us77494_printrescancolor300/6093_scans-patents_martha-jones-us77494-rescan-color_p002_2479x3230.sdr.png	st_oct7	32	25112	2728.052985010436	-191.781	
6000-lilith-scans-public-patents	imazen-26-png-v3/png-v3/6000-lilith-scans-public-patents/martha_jones_us77494_printrescancolor300/6093_scans-patents_martha-jones-us77494-rescan-color_p002_2479x3230.sdr.png	st_oct7	44	14664	1481.9181970087811	-189.843	
6600-ia-scans-manuscript-illustrations	imazen-26-png-v3/png-v3/6600-ia-scans-manuscript-illustrations/6609_scans-illustrations_hokusai-insects-creatures_plate0019_6234x4925.sdr.png	t1	20	17458	2228.3776460099034	-64.229	
6600-ia-scans-manuscript-illustrations	imazen-26-png-v3/png-v3/6600-ia-scans-manuscript-illustrations/6609_scans-illustrations_hokusai-insects-creatures_plate0019_6234x4925.sdr.png	t1	32	6755	1080.5256570019992	-64.229	
6600-ia-scans-manuscript-illustrations	imazen-26-png-v3/png-v3/6600-ia-scans-manuscript-illustrations/6609_scans-illustrations_hokusai-insects-creatures_plate0019_6234x4925.sdr.png	t1	44	1747	627.5785949983401	-64.159	
6600-ia-scans-manuscript-illustrations	imazen-26-png-v3/png-v3/6600-ia-scans-manuscript-illustrations/6609_scans-illustrations_hokusai-insects-creatures_plate0019_6234x4925.sdr.png	t2	20	17241	2210.5053170089377	-64.229	
6600-ia-scans-manuscript-illustrations	imazen-26-png-v3/png-v3/6600-ia-scans-manuscript-illustrations/6609_scans-illustrations_hokusai-insects-creatures_plate0019_6234x4925.sdr.png	t2	32	6650	1180.231548001757	-64.229	
6600-ia-scans-manuscript-illustrations	imazen-26-png-v3/png-v3/6600-ia-scans-manuscript-illustrations/6609_scans-illustrations_hokusai-insects-creatures_plate0019_6234x4925.sdr.png	t2	44	1628	450.6023590074619	-64.158	
6600-ia-scans-manuscript-illustrations	imazen-26-png-v3/png-v3/6600-ia-scans-manuscript-illustrations/6609_scans-illustrations_hokusai-insects-creatures_plate0019_6234x4925.sdr.png	t3	20	27836	2741.4873259986052	-64.229	
6600-ia-scans-manuscript-illustrations	imazen-26-png-v3/png-v3/6600-ia-scans-manuscript-illustrations/6609_scans-illustrations_hokusai-insects-creatures_plate0019_6234x4925.sdr.png	t3	32	17200	2136.0086380009307	-64.229	
6600-ia-scans-manuscript-illustrations	imazen-26-png-v3/png-v3/6600-ia-scans-manuscript-illustrations/6609_scans-illustrations_hokusai-insects-creatures_plate0019_6234x4925.sdr.png	t3	44	6597	1054.6343099995283	-64.229	
6600-ia-scans-manuscript-illustrations	imazen-26-png-v3/png-v3/6600-ia-scans-manuscript-illustrations/6609_scans-illustrations_hokusai-insects-creatures_plate0019_6234x4925.sdr.png	t4	20	27231	2400.7629440020537	-64.229	
6600-ia-scans-manuscript-illustrations	imazen-26-png-v3/png-v3/6600-ia-scans-manuscript-illustrations/6609_scans-illustrations_hokusai-insects-creatures_plate0019_6234x4925.sdr.png	t4	32	14770	1488.3948159986176	-64.229	
6600-ia-scans-manuscript-illustrations	imazen-26-png-v3/png-v3/6600-ia-scans-manuscript-illustrations/6609_scans-illustrations_hokusai-insects-creatures_plate0019_6234x4925.sdr.png	t4	44	6171	1012.1848679991672	-64.229	
6600-ia-scans-manuscript-illustrations	imazen-26-png-v3/png-v3/6600-ia-scans-manuscript-illustrations/6609_scans-illustrations_hokusai-insects-creatures_plate0019_6234x4925.sdr.png	st	20	27836	2546.244322002167	-64.229	
6600-ia-scans-manuscript-illustrations	imazen-26-png-v3/png-v3/6600-ia-scans-manuscript-illustrations/6609_scans-illustrations_hokusai-insects-creatures_plate0019_6234x4925.sdr.png	st	32	17200	1733.0808629922103	-64.229	
6600-ia-scans-manuscript-illustrations	imazen-26-png-v3/png-v3/6600-ia-scans-manuscript-illustrations/6609_scans-illustrations_hokusai-insects-creatures_plate0019_6234x4925.sdr.png	st	44	6597	1086.3756159960758	-64.229	
6600-ia-scans-manuscript-illustrations	imazen-26-png-v3/png-v3/6600-ia-scans-manuscript-illustrations/6609_scans-illustrations_hokusai-insects-creatures_plate0019_6234x4925.sdr.png	st_ac06	20	27770	2607.358898007078	-64.229	
6600-ia-scans-manuscript-illustrations	imazen-26-png-v3/png-v3/6600-ia-scans-manuscript-illustrations/6609_scans-illustrations_hokusai-insects-creatures_plate0019_6234x4925.sdr.png	st_ac06	32	17211	1683.644673001254	-64.229	
6600-ia-scans-manuscript-illustrations	imazen-26-png-v3/png-v3/6600-ia-scans-manuscript-illustrations/6609_scans-illustrations_hokusai-insects-creatures_plate0019_6234x4925.sdr.png	st_ac06	44	6597	947.7661880082451	-64.229	
6600-ia-scans-manuscript-illustrations	imazen-26-png-v3/png-v3/6600-ia-scans-manuscript-illustrations/6609_scans-illustrations_hokusai-insects-creatures_plate0019_6234x4925.sdr.png	st_ac10	20	27822	2529.845529992599	-64.229	
6600-ia-scans-manuscript-illustrations	imazen-26-png-v3/png-v3/6600-ia-scans-manuscript-illustrations/6609_scans-illustrations_hokusai-insects-creatures_plate0019_6234x4925.sdr.png	st_ac10	32	17202	1812.2328220051713	-64.229	
6600-ia-scans-manuscript-illustrations	imazen-26-png-v3/png-v3/6600-ia-scans-manuscript-illustrations/6609_scans-illustrations_hokusai-insects-creatures_plate0019_6234x4925.sdr.png	st_ac10	44	6594	1020.4736690066056	-64.229	
6600-ia-scans-manuscript-illustrations	imazen-26-png-v3/png-v3/6600-ia-scans-manuscript-illustrations/6609_scans-illustrations_hokusai-insects-creatures_plate0019_6234x4925.sdr.png	st_ac20	20	27793	2592.6383340120083	-64.229	
6600-ia-scans-manuscript-illustrations	imazen-26-png-v3/png-v3/6600-ia-scans-manuscript-illustrations/6609_scans-illustrations_hokusai-insects-creatures_plate0019_6234x4925.sdr.png	st_ac20	32	17221	1962.6532179972855	-64.229	
6600-ia-scans-manuscript-illustrations	imazen-26-png-v3/png-v3/6600-ia-scans-manuscript-illustrations/6609_scans-illustrations_hokusai-insects-creatures_plate0019_6234x4925.sdr.png	st_ac20	44	6600	1091.8989339988912	-64.229	
6600-ia-scans-manuscript-illustrations	imazen-26-png-v3/png-v3/6600-ia-scans-manuscript-illustrations/6609_scans-illustrations_hokusai-insects-creatures_plate0019_6234x4925.sdr.png	st_vb4	20	28841	2754.9960789910983	-64.229	
6600-ia-scans-manuscript-illustrations	imazen-26-png-v3/png-v3/6600-ia-scans-manuscript-illustrations/6609_scans-illustrations_hokusai-insects-creatures_plate0019_6234x4925.sdr.png	st_vb4	32	18188	1819.5496259868378	-64.229	
6600-ia-scans-manuscript-illustrations	imazen-26-png-v3/png-v3/6600-ia-scans-manuscript-illustrations/6609_scans-illustrations_hokusai-insects-creatures_plate0019_6234x4925.sdr.png	st_vb4	44	7727	1117.1962850057753	-64.229	
6600-ia-scans-manuscript-illustrations	imazen-26-png-v3/png-v3/6600-ia-scans-manuscript-illustrations/6609_scans-illustrations_hokusai-insects-creatures_plate0019_6234x4925.sdr.png	st_ac10vb4	20	28888	2775.7060769945383	-64.229	
6600-ia-scans-manuscript-illustrations	imazen-26-png-v3/png-v3/6600-ia-scans-manuscript-illustrations/6609_scans-illustrations_hokusai-insects-creatures_plate0019_6234x4925.sdr.png	st_ac10vb4	32	18192	1778.611946007004	-64.229	
6600-ia-scans-manuscript-illustrations	imazen-26-png-v3/png-v3/6600-ia-scans-manuscript-illustrations/6609_scans-illustrations_hokusai-insects-creatures_plate0019_6234x4925.sdr.png	st_ac10vb4	44	7722	1025.1471740048146	-64.229	
6600-ia-scans-manuscript-illustrations	imazen-26-png-v3/png-v3/6600-ia-scans-manuscript-illustrations/6609_scans-illustrations_hokusai-insects-creatures_plate0019_6234x4925.sdr.png	st_oct6	20	26940	3535.5844080040697	-64.229	
6600-ia-scans-manuscript-illustrations	imazen-26-png-v3/png-v3/6600-ia-scans-manuscript-illustrations/6609_scans-illustrations_hokusai-insects-creatures_plate0019_6234x4925.sdr.png	st_oct6	32	16241	1979.4251779967453	-64.229	
6600-ia-scans-manuscript-illustrations	imazen-26-png-v3/png-v3/6600-ia-scans-manuscript-illustrations/6609_scans-illustrations_hokusai-insects-creatures_plate0019_6234x4925.sdr.png	st_oct6	44	6036	1070.5194949987344	-64.229	
6600-ia-scans-manuscript-illustrations	imazen-26-png-v3/png-v3/6600-ia-scans-manuscript-illustrations/6609_scans-illustrations_hokusai-insects-creatures_plate0019_6234x4925.sdr.png	st_oct7	20	25262	3137.6115519960877	-64.229	
6600-ia-scans-manuscript-illustrations	imazen-26-png-v3/png-v3/6600-ia-scans-manuscript-illustrations/6609_scans-illustrations_hokusai-insects-creatures_plate0019_6234x4925.sdr.png	st_oct7	32	14011	1936.5832320036134	-64.229	
6600-ia-scans-manuscript-illustrations	imazen-26-png-v3/png-v3/6600-ia-scans-manuscript-illustrations/6609_scans-illustrations_hokusai-insects-creatures_plate0019_6234x4925.sdr.png	st_oct7	44	4889	821.5524590050336	-64.229	
6600-ia-scans-manuscript-illustrations	imazen-26-png-v3/png-v3/6600-ia-scans-manuscript-illustrations/6619_scans-illustrations_redoute-rose-pale-pink_plate0057_2912x4368.sdr.png	t1	20	14935	1681.447882001521	-59.623	
6600-ia-scans-manuscript-illustrations	imazen-26-png-v3/png-v3/6600-ia-scans-manuscript-illustrations/6619_scans-illustrations_redoute-rose-pale-pink_plate0057_2912x4368.sdr.png	t1	32	6271	780.8436440100195	-58.447	
6600-ia-scans-manuscript-illustrations	imazen-26-png-v3/png-v3/6600-ia-scans-manuscript-illustrations/6619_scans-illustrations_redoute-rose-pale-pink_plate0057_2912x4368.sdr.png	t1	44	1265	308.3055390015943	-52.977	
6600-ia-scans-manuscript-illustrations	imazen-26-png-v3/png-v3/6600-ia-scans-manuscript-illustrations/6619_scans-illustrations_redoute-rose-pale-pink_plate0057_2912x4368.sdr.png	t2	20	14878	2195.428566003102	-59.650	
6600-ia-scans-manuscript-illustrations	imazen-26-png-v3/png-v3/6600-ia-scans-manuscript-illustrations/6619_scans-illustrations_redoute-rose-pale-pink_plate0057_2912x4368.sdr.png	t2	32	6240	1403.0482840025797	-58.475	
6600-ia-scans-manuscript-illustrations	imazen-26-png-v3/png-v3/6600-ia-scans-manuscript-illustrations/6619_scans-illustrations_redoute-rose-pale-pink_plate0057_2912x4368.sdr.png	t2	44	1236	345.150958004524	-53.100	
6600-ia-scans-manuscript-illustrations	imazen-26-png-v3/png-v3/6600-ia-scans-manuscript-illustrations/6619_scans-illustrations_redoute-rose-pale-pink_plate0057_2912x4368.sdr.png	t3	20	24541	3054.383693001	-59.580	
6600-ia-scans-manuscript-illustrations	imazen-26-png-v3/png-v3/6600-ia-scans-manuscript-illustrations/6619_scans-illustrations_redoute-rose-pale-pink_plate0057_2912x4368.sdr.png	t3	32	15724	1800.9963130025426	-59.763	
6600-ia-scans-manuscript-illustrations	imazen-26-png-v3/png-v3/6600-ia-scans-manuscript-illustrations/6619_scans-illustrations_redoute-rose-pale-pink_plate0057_2912x4368.sdr.png	t3	44	6418	1114.3847450002795	-58.899	
6600-ia-scans-manuscript-illustrations	imazen-26-png-v3/png-v3/6600-ia-scans-manuscript-illustrations/6619_scans-illustrations_redoute-rose-pale-pink_plate0057_2912x4368.sdr.png	t4	20	19206	1669.3382859957637	-59.545	
6600-ia-scans-manuscript-illustrations	imazen-26-png-v3/png-v3/6600-ia-scans-manuscript-illustrations/6619_scans-illustrations_redoute-rose-pale-pink_plate0057_2912x4368.sdr.png	t4	32	10670	1021.6060689999722	-59.447	
6600-ia-scans-manuscript-illustrations	imazen-26-png-v3/png-v3/6600-ia-scans-manuscript-illustrations/6619_scans-illustrations_redoute-rose-pale-pink_plate0057_2912x4368.sdr.png	t4	44	4843	685.5052069877274	-58.916	
6600-ia-scans-manuscript-illustrations	imazen-26-png-v3/png-v3/6600-ia-scans-manuscript-illustrations/6619_scans-illustrations_redoute-rose-pale-pink_plate0057_2912x4368.sdr.png	st	20	24541	2325.5305280035827	-59.580	
6600-ia-scans-manuscript-illustrations	imazen-26-png-v3/png-v3/6600-ia-scans-manuscript-illustrations/6619_scans-illustrations_redoute-rose-pale-pink_plate0057_2912x4368.sdr.png	st	32	15724	1708.2606889889576	-59.763	
6600-ia-scans-manuscript-illustrations	imazen-26-png-v3/png-v3/6600-ia-scans-manuscript-illustrations/6619_scans-illustrations_redoute-rose-pale-pink_plate0057_2912x4368.sdr.png	st	44	6418	757.3640560003696	-58.899	
6600-ia-scans-manuscript-illustrations	imazen-26-png-v3/png-v3/6600-ia-scans-manuscript-illustrations/6619_scans-illustrations_redoute-rose-pale-pink_plate0057_2912x4368.sdr.png	st_ac06	20	24542	2352.7438059973065	-59.587	
6600-ia-scans-manuscript-illustrations	imazen-26-png-v3/png-v3/6600-ia-scans-manuscript-illustrations/6619_scans-illustrations_redoute-rose-pale-pink_plate0057_2912x4368.sdr.png	st_ac06	32	15738	1623.6557960073696	-59.720	
6600-ia-scans-manuscript-illustrations	imazen-26-png-v3/png-v3/6600-ia-scans-manuscript-illustrations/6619_scans-illustrations_redoute-rose-pale-pink_plate0057_2912x4368.sdr.png	st_ac06	44	6416	942.0301060017664	-58.894	
6600-ia-scans-manuscript-illustrations	imazen-26-png-v3/png-v3/6600-ia-scans-manuscript-illustrations/6619_scans-illustrations_redoute-rose-pale-pink_plate0057_2912x4368.sdr.png	st_ac10	20	24530	2600.2629829890793	-59.584	
6600-ia-scans-manuscript-illustrations	imazen-26-png-v3/png-v3/6600-ia-scans-manuscript-illustrations/6619_scans-illustrations_redoute-rose-pale-pink_plate0057_2912x4368.sdr.png	st_ac10	32	15728	1716.398222008138	-59.694	
6600-ia-scans-manuscript-illustrations	imazen-26-png-v3/png-v3/6600-ia-scans-manuscript-illustrations/6619_scans-illustrations_redoute-rose-pale-pink_plate0057_2912x4368.sdr.png	st_ac10	44	6418	884.1412449983181	-59.014	
6600-ia-scans-manuscript-illustrations	imazen-26-png-v3/png-v3/6600-ia-scans-manuscript-illustrations/6619_scans-illustrations_redoute-rose-pale-pink_plate0057_2912x4368.sdr.png	st_ac20	20	24524	2395.407875010278	-59.659	
6600-ia-scans-manuscript-illustrations	imazen-26-png-v3/png-v3/6600-ia-scans-manuscript-illustrations/6619_scans-illustrations_redoute-rose-pale-pink_plate0057_2912x4368.sdr.png	st_ac20	32	15731	1847.261520990287	-59.676	
6600-ia-scans-manuscript-illustrations	imazen-26-png-v3/png-v3/6600-ia-scans-manuscript-illustrations/6619_scans-illustrations_redoute-rose-pale-pink_plate0057_2912x4368.sdr.png	st_ac20	44	6411	1056.7673800105695	-58.986	
6600-ia-scans-manuscript-illustrations	imazen-26-png-v3/png-v3/6600-ia-scans-manuscript-illustrations/6619_scans-illustrations_redoute-rose-pale-pink_plate0057_2912x4368.sdr.png	st_vb4	20	25366	2512.3667290026788	-59.575	
6600-ia-scans-manuscript-illustrations	imazen-26-png-v3/png-v3/6600-ia-scans-manuscript-illustrations/6619_scans-illustrations_redoute-rose-pale-pink_plate0057_2912x4368.sdr.png	st_vb4	32	16595	1730.723967004451	-59.551	
6600-ia-scans-manuscript-illustrations	imazen-26-png-v3/png-v3/6600-ia-scans-manuscript-illustrations/6619_scans-illustrations_redoute-rose-pale-pink_plate0057_2912x4368.sdr.png	st_vb4	44	7651	1042.4518860090757	-59.273	
6600-ia-scans-manuscript-illustrations	imazen-26-png-v3/png-v3/6600-ia-scans-manuscript-illustrations/6619_scans-illustrations_redoute-rose-pale-pink_plate0057_2912x4368.sdr.png	st_ac10vb4	20	25343	2496.612260991242	-59.594	
6600-ia-scans-manuscript-illustrations	imazen-26-png-v3/png-v3/6600-ia-scans-manuscript-illustrations/6619_scans-illustrations_redoute-rose-pale-pink_plate0057_2912x4368.sdr.png	st_ac10vb4	32	16609	1668.1795460026478	-59.580	
6600-ia-scans-manuscript-illustrations	imazen-26-png-v3/png-v3/6600-ia-scans-manuscript-illustrations/6619_scans-illustrations_redoute-rose-pale-pink_plate0057_2912x4368.sdr.png	st_ac10vb4	44	7651	903.0320380115882	-59.299	
6600-ia-scans-manuscript-illustrations	imazen-26-png-v3/png-v3/6600-ia-scans-manuscript-illustrations/6619_scans-illustrations_redoute-rose-pale-pink_plate0057_2912x4368.sdr.png	st_oct6	20	24305	3109.420588007197	-59.575	
6600-ia-scans-manuscript-illustrations	imazen-26-png-v3/png-v3/6600-ia-scans-manuscript-illustrations/6619_scans-illustrations_redoute-rose-pale-pink_plate0057_2912x4368.sdr.png	st_oct6	32	15483	1569.6414029953303	-59.690	
6600-ia-scans-manuscript-illustrations	imazen-26-png-v3/png-v3/6600-ia-scans-manuscript-illustrations/6619_scans-illustrations_redoute-rose-pale-pink_plate0057_2912x4368.sdr.png	st_oct6	44	6161	803.0302260012832	-59.155	
6600-ia-scans-manuscript-illustrations	imazen-26-png-v3/png-v3/6600-ia-scans-manuscript-illustrations/6619_scans-illustrations_redoute-rose-pale-pink_plate0057_2912x4368.sdr.png	st_oct7	20	23574	3503.0252389988163	-59.612	
6600-ia-scans-manuscript-illustrations	imazen-26-png-v3/png-v3/6600-ia-scans-manuscript-illustrations/6619_scans-illustrations_redoute-rose-pale-pink_plate0057_2912x4368.sdr.png	st_oct7	32	14679	2242.973763990449	-59.518	
6600-ia-scans-manuscript-illustrations	imazen-26-png-v3/png-v3/6600-ia-scans-manuscript-illustrations/6619_scans-illustrations_redoute-rose-pale-pink_plate0057_2912x4368.sdr.png	st_oct7	44	5504	806.2855479947757	-58.903	
6800-ia-scans-manuscript-text	imazen-26-png-v3/png-v3/6800-ia-scans-manuscript-text/6825_scans-text_redoute-fr-description_p0060_2415x3528.sdr.png	t1	20	7351	1573.3059819904156	-33.634	
6800-ia-scans-manuscript-text	imazen-26-png-v3/png-v3/6800-ia-scans-manuscript-text/6825_scans-text_redoute-fr-description_p0060_2415x3528.sdr.png	t1	32	1603	287.9939279955579	-27.429	
6800-ia-scans-manuscript-text	imazen-26-png-v3/png-v3/6800-ia-scans-manuscript-text/6825_scans-text_redoute-fr-description_p0060_2415x3528.sdr.png	t1	44	585	140.80409599409904	-26.887	
6800-ia-scans-manuscript-text	imazen-26-png-v3/png-v3/6800-ia-scans-manuscript-text/6825_scans-text_redoute-fr-description_p0060_2415x3528.sdr.png	t2	20	7275	1925.9295900119469	-33.409	
6800-ia-scans-manuscript-text	imazen-26-png-v3/png-v3/6800-ia-scans-manuscript-text/6825_scans-text_redoute-fr-description_p0060_2415x3528.sdr.png	t2	32	1543	674.6541110042017	-27.411	
6800-ia-scans-manuscript-text	imazen-26-png-v3/png-v3/6800-ia-scans-manuscript-text/6825_scans-text_redoute-fr-description_p0060_2415x3528.sdr.png	t2	44	550	333.93710300151724	-26.954	
6800-ia-scans-manuscript-text	imazen-26-png-v3/png-v3/6800-ia-scans-manuscript-text/6825_scans-text_redoute-fr-description_p0060_2415x3528.sdr.png	t3	20	17401	2488.4296119998908	-34.556	
6800-ia-scans-manuscript-text	imazen-26-png-v3/png-v3/6800-ia-scans-manuscript-text/6825_scans-text_redoute-fr-description_p0060_2415x3528.sdr.png	t3	32	9576	1821.237009993638	-34.578	
6800-ia-scans-manuscript-text	imazen-26-png-v3/png-v3/6800-ia-scans-manuscript-text/6825_scans-text_redoute-fr-description_p0060_2415x3528.sdr.png	t3	44	2579	853.0949690029956	-30.924	
6800-ia-scans-manuscript-text	imazen-26-png-v3/png-v3/6800-ia-scans-manuscript-text/6825_scans-text_redoute-fr-description_p0060_2415x3528.sdr.png	t4	20	14105	2008.283910996397	-34.773	
6800-ia-scans-manuscript-text	imazen-26-png-v3/png-v3/6800-ia-scans-manuscript-text/6825_scans-text_redoute-fr-description_p0060_2415x3528.sdr.png	t4	32	7649	1310.720453999238	-34.385	
6800-ia-scans-manuscript-text	imazen-26-png-v3/png-v3/6800-ia-scans-manuscript-text/6825_scans-text_redoute-fr-description_p0060_2415x3528.sdr.png	t4	44	2352	486.26869900908787	-31.550	
6800-ia-scans-manuscript-text	imazen-26-png-v3/png-v3/6800-ia-scans-manuscript-text/6825_scans-text_redoute-fr-description_p0060_2415x3528.sdr.png	st	20	17401	2009.913175003021	-34.556	
6800-ia-scans-manuscript-text	imazen-26-png-v3/png-v3/6800-ia-scans-manuscript-text/6825_scans-text_redoute-fr-description_p0060_2415x3528.sdr.png	st	32	9576	1461.1346390011022	-34.578	
6800-ia-scans-manuscript-text	imazen-26-png-v3/png-v3/6800-ia-scans-manuscript-text/6825_scans-text_redoute-fr-description_p0060_2415x3528.sdr.png	st	44	2579	581.32527100679	-30.924	
6800-ia-scans-manuscript-text	imazen-26-png-v3/png-v3/6800-ia-scans-manuscript-text/6825_scans-text_redoute-fr-description_p0060_2415x3528.sdr.png	st_ac06	20	17377	2229.9846679961774	-34.478	
6800-ia-scans-manuscript-text	imazen-26-png-v3/png-v3/6800-ia-scans-manuscript-text/6825_scans-text_redoute-fr-description_p0060_2415x3528.sdr.png	st_ac06	32	9572	1370.8785539929522	-34.563	
6800-ia-scans-manuscript-text	imazen-26-png-v3/png-v3/6800-ia-scans-manuscript-text/6825_scans-text_redoute-fr-description_p0060_2415x3528.sdr.png	st_ac06	44	2579	412.52677400188986	-30.923	
6800-ia-scans-manuscript-text	imazen-26-png-v3/png-v3/6800-ia-scans-manuscript-text/6825_scans-text_redoute-fr-description_p0060_2415x3528.sdr.png	st_ac10	20	17410	2327.641077004955	-34.491	
6800-ia-scans-manuscript-text	imazen-26-png-v3/png-v3/6800-ia-scans-manuscript-text/6825_scans-text_redoute-fr-description_p0060_2415x3528.sdr.png	st_ac10	32	9566	1627.4227089888882	-34.553	
6800-ia-scans-manuscript-text	imazen-26-png-v3/png-v3/6800-ia-scans-manuscript-text/6825_scans-text_redoute-fr-description_p0060_2415x3528.sdr.png	st_ac10	44	2589	526.8754709977657	-31.036	
6800-ia-scans-manuscript-text	imazen-26-png-v3/png-v3/6800-ia-scans-manuscript-text/6825_scans-text_redoute-fr-description_p0060_2415x3528.sdr.png	st_ac20	20	17388	2555.065542997909	-34.605	
6800-ia-scans-manuscript-text	imazen-26-png-v3/png-v3/6800-ia-scans-manuscript-text/6825_scans-text_redoute-fr-description_p0060_2415x3528.sdr.png	st_ac20	32	9574	1487.208272999851	-34.647	
6800-ia-scans-manuscript-text	imazen-26-png-v3/png-v3/6800-ia-scans-manuscript-text/6825_scans-text_redoute-fr-description_p0060_2415x3528.sdr.png	st_ac20	44	2592	838.7689239898464	-31.310	
6800-ia-scans-manuscript-text	imazen-26-png-v3/png-v3/6800-ia-scans-manuscript-text/6825_scans-text_redoute-fr-description_p0060_2415x3528.sdr.png	st_vb4	20	17952	2366.033543003141	-34.624	
6800-ia-scans-manuscript-text	imazen-26-png-v3/png-v3/6800-ia-scans-manuscript-text/6825_scans-text_redoute-fr-description_p0060_2415x3528.sdr.png	st_vb4	32	10149	1527.7595899970038	-34.515	
6800-ia-scans-manuscript-text	imazen-26-png-v3/png-v3/6800-ia-scans-manuscript-text/6825_scans-text_redoute-fr-description_p0060_2415x3528.sdr.png	st_vb4	44	3367	628.4724229917629	-31.842	
6800-ia-scans-manuscript-text	imazen-26-png-v3/png-v3/6800-ia-scans-manuscript-text/6825_scans-text_redoute-fr-description_p0060_2415x3528.sdr.png	st_ac10vb4	20	17940	2540.1732530008303	-34.555	
6800-ia-scans-manuscript-text	imazen-26-png-v3/png-v3/6800-ia-scans-manuscript-text/6825_scans-text_redoute-fr-description_p0060_2415x3528.sdr.png	st_ac10vb4	32	10157	1525.7339830131968	-34.512	
6800-ia-scans-manuscript-text	imazen-26-png-v3/png-v3/6800-ia-scans-manuscript-text/6825_scans-text_redoute-fr-description_p0060_2415x3528.sdr.png	st_ac10vb4	44	3372	569.315925007686	-31.798	
6800-ia-scans-manuscript-text	imazen-26-png-v3/png-v3/6800-ia-scans-manuscript-text/6825_scans-text_redoute-fr-description_p0060_2415x3528.sdr.png	st_oct6	20	16967	2452.5253510073526	-34.509	
6800-ia-scans-manuscript-text	imazen-26-png-v3/png-v3/6800-ia-scans-manuscript-text/6825_scans-text_redoute-fr-description_p0060_2415x3528.sdr.png	st_oct6	32	9347	1697.0688459987286	-34.518	
6800-ia-scans-manuscript-text	imazen-26-png-v3/png-v3/6800-ia-scans-manuscript-text/6825_scans-text_redoute-fr-description_p0060_2415x3528.sdr.png	st_oct6	44	2344	735.9496709977975	-30.771	
6800-ia-scans-manuscript-text	imazen-26-png-v3/png-v3/6800-ia-scans-manuscript-text/6825_scans-text_redoute-fr-description_p0060_2415x3528.sdr.png	st_oct7	20	16136	3015.49153799715	-34.645	
6800-ia-scans-manuscript-text	imazen-26-png-v3/png-v3/6800-ia-scans-manuscript-text/6825_scans-text_redoute-fr-description_p0060_2415x3528.sdr.png	st_oct7	32	8358	1664.606360005564	-34.193	
6800-ia-scans-manuscript-text	imazen-26-png-v3/png-v3/6800-ia-scans-manuscript-text/6825_scans-text_redoute-fr-description_p0060_2415x3528.sdr.png	st_oct7	44	1867	451.42764699994586	-30.073	
6800-ia-scans-manuscript-text	imazen-26-png-v3/png-v3/6800-ia-scans-manuscript-text/6833_scans-text_redoute-fr-description_p0146_2415x3528.sdr.png	t1	20	10115	1517.1837959933328	-63.163	
6800-ia-scans-manuscript-text	imazen-26-png-v3/png-v3/6800-ia-scans-manuscript-text/6833_scans-text_redoute-fr-description_p0146_2415x3528.sdr.png	t1	32	5836	715.2649710042169	-63.087	
6800-ia-scans-manuscript-text	imazen-26-png-v3/png-v3/6800-ia-scans-manuscript-text/6833_scans-text_redoute-fr-description_p0146_2415x3528.sdr.png	t1	44	3217	587.1895460004453	-63.066	
6800-ia-scans-manuscript-text	imazen-26-png-v3/png-v3/6800-ia-scans-manuscript-text/6833_scans-text_redoute-fr-description_p0146_2415x3528.sdr.png	t2	20	9665	1921.8879149993882	-63.185	
6800-ia-scans-manuscript-text	imazen-26-png-v3/png-v3/6800-ia-scans-manuscript-text/6833_scans-text_redoute-fr-description_p0146_2415x3528.sdr.png	t2	32	5446	1150.687804009067	-63.084	
6800-ia-scans-manuscript-text	imazen-26-png-v3/png-v3/6800-ia-scans-manuscript-text/6833_scans-text_redoute-fr-description_p0146_2415x3528.sdr.png	t2	44	3025	556.1210879968712	-63.058	
6800-ia-scans-manuscript-text	imazen-26-png-v3/png-v3/6800-ia-scans-manuscript-text/6833_scans-text_redoute-fr-description_p0146_2415x3528.sdr.png	t3	20	15272	2378.196460995241	-63.291	
6800-ia-scans-manuscript-text	imazen-26-png-v3/png-v3/6800-ia-scans-manuscript-text/6833_scans-text_redoute-fr-description_p0146_2415x3528.sdr.png	t3	32	8956	1662.5602249987423	-63.288	
6800-ia-scans-manuscript-text	imazen-26-png-v3/png-v3/6800-ia-scans-manuscript-text/6833_scans-text_redoute-fr-description_p0146_2415x3528.sdr.png	t3	44	4287	518.0933340016054	-63.219	
6800-ia-scans-manuscript-text	imazen-26-png-v3/png-v3/6800-ia-scans-manuscript-text/6833_scans-text_redoute-fr-description_p0146_2415x3528.sdr.png	t4	20	15068	1826.7834629950812	-63.292	
6800-ia-scans-manuscript-text	imazen-26-png-v3/png-v3/6800-ia-scans-manuscript-text/6833_scans-text_redoute-fr-description_p0146_2415x3528.sdr.png	t4	32	8945	1197.3753729980672	-63.296	
6800-ia-scans-manuscript-text	imazen-26-png-v3/png-v3/6800-ia-scans-manuscript-text/6833_scans-text_redoute-fr-description_p0146_2415x3528.sdr.png	t4	44	4220	652.0613169996068	-63.180	
6800-ia-scans-manuscript-text	imazen-26-png-v3/png-v3/6800-ia-scans-manuscript-text/6833_scans-text_redoute-fr-description_p0146_2415x3528.sdr.png	st	20	15272	1954.009724999196	-63.291	
6800-ia-scans-manuscript-text	imazen-26-png-v3/png-v3/6800-ia-scans-manuscript-text/6833_scans-text_redoute-fr-description_p0146_2415x3528.sdr.png	st	32	8956	1135.2030390116852	-63.288	
6800-ia-scans-manuscript-text	imazen-26-png-v3/png-v3/6800-ia-scans-manuscript-text/6833_scans-text_redoute-fr-description_p0146_2415x3528.sdr.png	st	44	4287	585.6005799869308	-63.219	
6800-ia-scans-manuscript-text	imazen-26-png-v3/png-v3/6800-ia-scans-manuscript-text/6833_scans-text_redoute-fr-description_p0146_2415x3528.sdr.png	st_ac06	20	15270	1871.5933769999538	-63.291	
6800-ia-scans-manuscript-text	imazen-26-png-v3/png-v3/6800-ia-scans-manuscript-text/6833_scans-text_redoute-fr-description_p0146_2415x3528.sdr.png	st_ac06	32	8934	1329.4652210024651	-63.279	
6800-ia-scans-manuscript-text	imazen-26-png-v3/png-v3/6800-ia-scans-manuscript-text/6833_scans-text_redoute-fr-description_p0146_2415x3528.sdr.png	st_ac06	44	4281	664.8698509961832	-63.226	
6800-ia-scans-manuscript-text	imazen-26-png-v3/png-v3/6800-ia-scans-manuscript-text/6833_scans-text_redoute-fr-description_p0146_2415x3528.sdr.png	st_ac10	20	15299	2072.9619529884076	-63.297	
6800-ia-scans-manuscript-text	imazen-26-png-v3/png-v3/6800-ia-scans-manuscript-text/6833_scans-text_redoute-fr-description_p0146_2415x3528.sdr.png	st_ac10	32	8930	1465.8616569940932	-63.279	
6800-ia-scans-manuscript-text	imazen-26-png-v3/png-v3/6800-ia-scans-manuscript-text/6833_scans-text_redoute-fr-description_p0146_2415x3528.sdr.png	st_ac10	44	4283	630.9228559985058	-63.227	
6800-ia-scans-manuscript-text	imazen-26-png-v3/png-v3/6800-ia-scans-manuscript-text/6833_scans-text_redoute-fr-description_p0146_2415x3528.sdr.png	st_ac20	20	15305	2005.4601680021733	-63.299	
6800-ia-scans-manuscript-text	imazen-26-png-v3/png-v3/6800-ia-scans-manuscript-text/6833_scans-text_redoute-fr-description_p0146_2415x3528.sdr.png	st_ac20	32	8956	1443.9344069978688	-63.285	
6800-ia-scans-manuscript-text	imazen-26-png-v3/png-v3/6800-ia-scans-manuscript-text/6833_scans-text_redoute-fr-description_p0146_2415x3528.sdr.png	st_ac20	44	4283	870.3676290024305	-63.229	
6800-ia-scans-manuscript-text	imazen-26-png-v3/png-v3/6800-ia-scans-manuscript-text/6833_scans-text_redoute-fr-description_p0146_2415x3528.sdr.png	st_vb4	20	15725	2293.6887410032796	-63.306	
6800-ia-scans-manuscript-text	imazen-26-png-v3/png-v3/6800-ia-scans-manuscript-text/6833_scans-text_redoute-fr-description_p0146_2415x3528.sdr.png	st_vb4	32	9410	1321.5113559999736	-63.291	
6800-ia-scans-manuscript-text	imazen-26-png-v3/png-v3/6800-ia-scans-manuscript-text/6833_scans-text_redoute-fr-description_p0146_2415x3528.sdr.png	st_vb4	44	4665	835.646072999225	-63.278	
6800-ia-scans-manuscript-text	imazen-26-png-v3/png-v3/6800-ia-scans-manuscript-text/6833_scans-text_redoute-fr-description_p0146_2415x3528.sdr.png	st_ac10vb4	20	15726	2173.582941002678	-63.304	
6800-ia-scans-manuscript-text	imazen-26-png-v3/png-v3/6800-ia-scans-manuscript-text/6833_scans-text_redoute-fr-description_p0146_2415x3528.sdr.png	st_ac10vb4	32	9410	1405.0747319997754	-63.299	
6800-ia-scans-manuscript-text	imazen-26-png-v3/png-v3/6800-ia-scans-manuscript-text/6833_scans-text_redoute-fr-description_p0146_2415x3528.sdr.png	st_ac10vb4	44	4680	592.2055230039405	-63.238	
6800-ia-scans-manuscript-text	imazen-26-png-v3/png-v3/6800-ia-scans-manuscript-text/6833_scans-text_redoute-fr-description_p0146_2415x3528.sdr.png	st_oct6	20	14144	1995.5140509991907	-63.306	
6800-ia-scans-manuscript-text	imazen-26-png-v3/png-v3/6800-ia-scans-manuscript-text/6833_scans-text_redoute-fr-description_p0146_2415x3528.sdr.png	st_oct6	32	8075	1228.7962720001815	-63.311	
6800-ia-scans-manuscript-text	imazen-26-png-v3/png-v3/6800-ia-scans-manuscript-text/6833_scans-text_redoute-fr-description_p0146_2415x3528.sdr.png	st_oct6	44	3766	837.9551079997327	-63.155	
6800-ia-scans-manuscript-text	imazen-26-png-v3/png-v3/6800-ia-scans-manuscript-text/6833_scans-text_redoute-fr-description_p0146_2415x3528.sdr.png	st_oct7	20	13828	2059.4321399985347	-63.305	
6800-ia-scans-manuscript-text	imazen-26-png-v3/png-v3/6800-ia-scans-manuscript-text/6833_scans-text_redoute-fr-description_p0146_2415x3528.sdr.png	st_oct7	32	7697	1145.4688439989695	-63.297	
6800-ia-scans-manuscript-text	imazen-26-png-v3/png-v3/6800-ia-scans-manuscript-text/6833_scans-text_redoute-fr-description_p0146_2415x3528.sdr.png	st_oct7	44	3557	433.7342569924658	-63.153	
7000-lilith-plots	imazen-26-png-v3/png-v3/7000-lilith-plots/lines/7070_plots_line-voronoi-00012-s2be0c08d_1024x1024.sdr.png	t1	20	56379	3838.0846939980984	-250.289	
7000-lilith-plots	imazen-26-png-v3/png-v3/7000-lilith-plots/lines/7070_plots_line-voronoi-00012-s2be0c08d_1024x1024.sdr.png	t1	32	41658	2613.5365090012783	-249.529	
7000-lilith-plots	imazen-26-png-v3/png-v3/7000-lilith-plots/lines/7070_plots_line-voronoi-00012-s2be0c08d_1024x1024.sdr.png	t1	44	29464	2127.999378993991	-248.620	
7000-lilith-plots	imazen-26-png-v3/png-v3/7000-lilith-plots/lines/7070_plots_line-voronoi-00012-s2be0c08d_1024x1024.sdr.png	t2	20	55753	3816.6469230054645	-249.988	
7000-lilith-plots	imazen-26-png-v3/png-v3/7000-lilith-plots/lines/7070_plots_line-voronoi-00012-s2be0c08d_1024x1024.sdr.png	t2	32	41409	2286.7456459935056	-250.038	
7000-lilith-plots	imazen-26-png-v3/png-v3/7000-lilith-plots/lines/7070_plots_line-voronoi-00012-s2be0c08d_1024x1024.sdr.png	t2	44	29208	1860.6083460035734	-248.147	
7000-lilith-plots	imazen-26-png-v3/png-v3/7000-lilith-plots/lines/7070_plots_line-voronoi-00012-s2be0c08d_1024x1024.sdr.png	t3	20	56065	3651.0126249922905	-249.890	
7000-lilith-plots	imazen-26-png-v3/png-v3/7000-lilith-plots/lines/7070_plots_line-voronoi-00012-s2be0c08d_1024x1024.sdr.png	t3	32	40753	2534.917922996101	-250.468	
7000-lilith-plots	imazen-26-png-v3/png-v3/7000-lilith-plots/lines/7070_plots_line-voronoi-00012-s2be0c08d_1024x1024.sdr.png	t3	44	28335	1820.4860249970807	-249.260	
7000-lilith-plots	imazen-26-png-v3/png-v3/7000-lilith-plots/lines/7070_plots_line-voronoi-00012-s2be0c08d_1024x1024.sdr.png	t4	20	57263	3569.683581998106	-249.802	
7000-lilith-plots	imazen-26-png-v3/png-v3/7000-lilith-plots/lines/7070_plots_line-voronoi-00012-s2be0c08d_1024x1024.sdr.png	t4	32	41198	2556.3244039949495	-249.889	
7000-lilith-plots	imazen-26-png-v3/png-v3/7000-lilith-plots/lines/7070_plots_line-voronoi-00012-s2be0c08d_1024x1024.sdr.png	t4	44	29291	2062.5869419891387	-248.548	
7000-lilith-plots	imazen-26-png-v3/png-v3/7000-lilith-plots/lines/7070_plots_line-voronoi-00012-s2be0c08d_1024x1024.sdr.png	st	20	56065	3753.7099960027263	-249.890	
7000-lilith-plots	imazen-26-png-v3/png-v3/7000-lilith-plots/lines/7070_plots_line-voronoi-00012-s2be0c08d_1024x1024.sdr.png	st	32	40753	2550.213669994264	-250.468	
7000-lilith-plots	imazen-26-png-v3/png-v3/7000-lilith-plots/lines/7070_plots_line-voronoi-00012-s2be0c08d_1024x1024.sdr.png	st	44	28335	2179.1843180108117	-249.260	
7000-lilith-plots	imazen-26-png-v3/png-v3/7000-lilith-plots/lines/7070_plots_line-voronoi-00012-s2be0c08d_1024x1024.sdr.png	st_ac06	20	56117	3524.174161007977	-250.011	
7000-lilith-plots	imazen-26-png-v3/png-v3/7000-lilith-plots/lines/7070_plots_line-voronoi-00012-s2be0c08d_1024x1024.sdr.png	st_ac06	32	40740	2428.2379189971834	-250.459	
7000-lilith-plots	imazen-26-png-v3/png-v3/7000-lilith-plots/lines/7070_plots_line-voronoi-00012-s2be0c08d_1024x1024.sdr.png	st_ac06	44	28419	2060.2125220029848	-248.622	
7000-lilith-plots	imazen-26-png-v3/png-v3/7000-lilith-plots/lines/7070_plots_line-voronoi-00012-s2be0c08d_1024x1024.sdr.png	st_ac10	20	56127	3570.8035090065096	-250.121	
7000-lilith-plots	imazen-26-png-v3/png-v3/7000-lilith-plots/lines/7070_plots_line-voronoi-00012-s2be0c08d_1024x1024.sdr.png	st_ac10	32	40809	2275.3683909977553	-250.451	
7000-lilith-plots	imazen-26-png-v3/png-v3/7000-lilith-plots/lines/7070_plots_line-voronoi-00012-s2be0c08d_1024x1024.sdr.png	st_ac10	44	28419	1942.5060200010194	-249.086	
7000-lilith-plots	imazen-26-png-v3/png-v3/7000-lilith-plots/lines/7070_plots_line-voronoi-00012-s2be0c08d_1024x1024.sdr.png	st_ac20	20	56279	3577.917107002577	-250.190	
7000-lilith-plots	imazen-26-png-v3/png-v3/7000-lilith-plots/lines/7070_plots_line-voronoi-00012-s2be0c08d_1024x1024.sdr.png	st_ac20	32	40833	2602.604498999426	-250.558	
7000-lilith-plots	imazen-26-png-v3/png-v3/7000-lilith-plots/lines/7070_plots_line-voronoi-00012-s2be0c08d_1024x1024.sdr.png	st_ac20	44	28423	2087.844234003569	-249.021	
7000-lilith-plots	imazen-26-png-v3/png-v3/7000-lilith-plots/lines/7070_plots_line-voronoi-00012-s2be0c08d_1024x1024.sdr.png	st_vb4	20	56061	3920.685330987908	-249.857	
7000-lilith-plots	imazen-26-png-v3/png-v3/7000-lilith-plots/lines/7070_plots_line-voronoi-00012-s2be0c08d_1024x1024.sdr.png	st_vb4	32	40783	2623.340776990517	-250.532	
7000-lilith-plots	imazen-26-png-v3/png-v3/7000-lilith-plots/lines/7070_plots_line-voronoi-00012-s2be0c08d_1024x1024.sdr.png	st_vb4	44	28346	2013.1536180124385	-249.145	
7000-lilith-plots	imazen-26-png-v3/png-v3/7000-lilith-plots/lines/7070_plots_line-voronoi-00012-s2be0c08d_1024x1024.sdr.png	st_ac10vb4	20	56142	4515.329503992689	-250.115	
7000-lilith-plots	imazen-26-png-v3/png-v3/7000-lilith-plots/lines/7070_plots_line-voronoi-00012-s2be0c08d_1024x1024.sdr.png	st_ac10vb4	32	40833	2756.662364001386	-250.490	
7000-lilith-plots	imazen-26-png-v3/png-v3/7000-lilith-plots/lines/7070_plots_line-voronoi-00012-s2be0c08d_1024x1024.sdr.png	st_ac10vb4	44	28431	2156.0896720038727	-248.963	
7000-lilith-plots	imazen-26-png-v3/png-v3/7000-lilith-plots/lines/7070_plots_line-voronoi-00012-s2be0c08d_1024x1024.sdr.png	st_oct6	20	55946	5172.062333003851	-249.904	
7000-lilith-plots	imazen-26-png-v3/png-v3/7000-lilith-plots/lines/7070_plots_line-voronoi-00012-s2be0c08d_1024x1024.sdr.png	st_oct6	32	40676	3405.489458993543	-250.502	
7000-lilith-plots	imazen-26-png-v3/png-v3/7000-lilith-plots/lines/7070_plots_line-voronoi-00012-s2be0c08d_1024x1024.sdr.png	st_oct6	44	28285	2409.0582670032745	-249.211	
7000-lilith-plots	imazen-26-png-v3/png-v3/7000-lilith-plots/lines/7070_plots_line-voronoi-00012-s2be0c08d_1024x1024.sdr.png	st_oct7	20	55934	6948.155544989277	-249.921	
7000-lilith-plots	imazen-26-png-v3/png-v3/7000-lilith-plots/lines/7070_plots_line-voronoi-00012-s2be0c08d_1024x1024.sdr.png	st_oct7	32	40666	4188.284168994869	-250.509	
7000-lilith-plots	imazen-26-png-v3/png-v3/7000-lilith-plots/lines/7070_plots_line-voronoi-00012-s2be0c08d_1024x1024.sdr.png	st_oct7	44	28275	3601.212604989996	-249.166	
7000-lilith-plots	imazen-26-png-v3/png-v3/7000-lilith-plots/real-charts/7125_plots_chart-violin-16-forest_1024x1024.sdr.png	t1	20	3144	262.9732229979709	-43.754	
7000-lilith-plots	imazen-26-png-v3/png-v3/7000-lilith-plots/real-charts/7125_plots_chart-violin-16-forest_1024x1024.sdr.png	t1	32	2140	192.57584899605718	-43.705	
7000-lilith-plots	imazen-26-png-v3/png-v3/7000-lilith-plots/real-charts/7125_plots_chart-violin-16-forest_1024x1024.sdr.png	t1	44	1254	272.599703996093	-43.530	
7000-lilith-plots	imazen-26-png-v3/png-v3/7000-lilith-plots/real-charts/7125_plots_chart-violin-16-forest_1024x1024.sdr.png	t2	20	3115	694.0966319962172	-43.720	
7000-lilith-plots	imazen-26-png-v3/png-v3/7000-lilith-plots/real-charts/7125_plots_chart-violin-16-forest_1024x1024.sdr.png	t2	32	2099	377.72730000142474	-43.770	
7000-lilith-plots	imazen-26-png-v3/png-v3/7000-lilith-plots/real-charts/7125_plots_chart-violin-16-forest_1024x1024.sdr.png	t2	44	1216	294.62269600480795	-43.462	
7000-lilith-plots	imazen-26-png-v3/png-v3/7000-lilith-plots/real-charts/7125_plots_chart-violin-16-forest_1024x1024.sdr.png	t3	20	4212	667.3468450026121	-43.669	
7000-lilith-plots	imazen-26-png-v3/png-v3/7000-lilith-plots/real-charts/7125_plots_chart-violin-16-forest_1024x1024.sdr.png	t3	32	3181	530.336202995386	-43.715	
7000-lilith-plots	imazen-26-png-v3/png-v3/7000-lilith-plots/real-charts/7125_plots_chart-violin-16-forest_1024x1024.sdr.png	t3	44	2304	425.30426899611484	-43.847	
7000-lilith-plots	imazen-26-png-v3/png-v3/7000-lilith-plots/real-charts/7125_plots_chart-violin-16-forest_1024x1024.sdr.png	t4	20	3976	488.9442499988945	-43.689	
7000-lilith-plots	imazen-26-png-v3/png-v3/7000-lilith-plots/real-charts/7125_plots_chart-violin-16-forest_1024x1024.sdr.png	t4	32	3146	607.8798980015563	-43.637	
7000-lilith-plots	imazen-26-png-v3/png-v3/7000-lilith-plots/real-charts/7125_plots_chart-violin-16-forest_1024x1024.sdr.png	t4	44	2298	697.8320860071108	-43.975	
7000-lilith-plots	imazen-26-png-v3/png-v3/7000-lilith-plots/real-charts/7125_plots_chart-violin-16-forest_1024x1024.sdr.png	st	20	4212	927.9168740031309	-43.669	
7000-lilith-plots	imazen-26-png-v3/png-v3/7000-lilith-plots/real-charts/7125_plots_chart-violin-16-forest_1024x1024.sdr.png	st	32	3181	493.15642898727674	-43.715	
7000-lilith-plots	imazen-26-png-v3/png-v3/7000-lilith-plots/real-charts/7125_plots_chart-violin-16-forest_1024x1024.sdr.png	st	44	2304	457.8527770063374	-43.847	
7000-lilith-plots	imazen-26-png-v3/png-v3/7000-lilith-plots/real-charts/7125_plots_chart-violin-16-forest_1024x1024.sdr.png	st_ac06	20	4052	989.5695120067103	-43.688	
7000-lilith-plots	imazen-26-png-v3/png-v3/7000-lilith-plots/real-charts/7125_plots_chart-violin-16-forest_1024x1024.sdr.png	st_ac06	32	3180	474.3073449935764	-43.720	
7000-lilith-plots	imazen-26-png-v3/png-v3/7000-lilith-plots/real-charts/7125_plots_chart-violin-16-forest_1024x1024.sdr.png	st_ac06	44	2302	879.1204009903595	-43.875	
7000-lilith-plots	imazen-26-png-v3/png-v3/7000-lilith-plots/real-charts/7125_plots_chart-violin-16-forest_1024x1024.sdr.png	st_ac10	20	4052	1008.0756050010677	-43.690	
7000-lilith-plots	imazen-26-png-v3/png-v3/7000-lilith-plots/real-charts/7125_plots_chart-violin-16-forest_1024x1024.sdr.png	st_ac10	32	3180	1033.1978619942674	-43.720	
7000-lilith-plots	imazen-26-png-v3/png-v3/7000-lilith-plots/real-charts/7125_plots_chart-violin-16-forest_1024x1024.sdr.png	st_ac10	44	2304	675.2551319950726	-43.866	
7000-lilith-plots	imazen-26-png-v3/png-v3/7000-lilith-plots/real-charts/7125_plots_chart-violin-16-forest_1024x1024.sdr.png	st_ac20	20	4055	1058.2500660093501	-43.687	
7000-lilith-plots	imazen-26-png-v3/png-v3/7000-lilith-plots/real-charts/7125_plots_chart-violin-16-forest_1024x1024.sdr.png	st_ac20	32	3165	706.4894059876679	-43.688	
7000-lilith-plots	imazen-26-png-v3/png-v3/7000-lilith-plots/real-charts/7125_plots_chart-violin-16-forest_1024x1024.sdr.png	st_ac20	44	2306	687.0052459998988	-43.829	
7000-lilith-plots	imazen-26-png-v3/png-v3/7000-lilith-plots/real-charts/7125_plots_chart-violin-16-forest_1024x1024.sdr.png	st_vb4	20	4123	772.5492430035956	-43.691	
7000-lilith-plots	imazen-26-png-v3/png-v3/7000-lilith-plots/real-charts/7125_plots_chart-violin-16-forest_1024x1024.sdr.png	st_vb4	32	3258	599.5797350042267	-43.624	
7000-lilith-plots	imazen-26-png-v3/png-v3/7000-lilith-plots/real-charts/7125_plots_chart-violin-16-forest_1024x1024.sdr.png	st_vb4	44	2508	589.3415439932141	-43.839	
7000-lilith-plots	imazen-26-png-v3/png-v3/7000-lilith-plots/real-charts/7125_plots_chart-violin-16-forest_1024x1024.sdr.png	st_ac10vb4	20	4100	822.6403360022232	-43.678	
7000-lilith-plots	imazen-26-png-v3/png-v3/7000-lilith-plots/real-charts/7125_plots_chart-violin-16-forest_1024x1024.sdr.png	st_ac10vb4	32	3260	1005.8118970046053	-43.632	
7000-lilith-plots	imazen-26-png-v3/png-v3/7000-lilith-plots/real-charts/7125_plots_chart-violin-16-forest_1024x1024.sdr.png	st_ac10vb4	44	2506	509.11441299831495	-43.840	
7000-lilith-plots	imazen-26-png-v3/png-v3/7000-lilith-plots/real-charts/7125_plots_chart-violin-16-forest_1024x1024.sdr.png	st_oct6	20	4030	1497.7086930011865	-43.699	
7000-lilith-plots	imazen-26-png-v3/png-v3/7000-lilith-plots/real-charts/7125_plots_chart-violin-16-forest_1024x1024.sdr.png	st_oct6	32	3010	1152.6957970054355	-43.675	
7000-lilith-plots	imazen-26-png-v3/png-v3/7000-lilith-plots/real-charts/7125_plots_chart-violin-16-forest_1024x1024.sdr.png	st_oct6	44	2081	751.547591004055	-43.918	
7000-lilith-plots	imazen-26-png-v3/png-v3/7000-lilith-plots/real-charts/7125_plots_chart-violin-16-forest_1024x1024.sdr.png	st_oct7	20	3751	1089.563690009527	-43.729	
7000-lilith-plots	imazen-26-png-v3/png-v3/7000-lilith-plots/real-charts/7125_plots_chart-violin-16-forest_1024x1024.sdr.png	st_oct7	32	2700	828.6122959980275	-43.729	
7000-lilith-plots	imazen-26-png-v3/png-v3/7000-lilith-plots/real-charts/7125_plots_chart-violin-16-forest_1024x1024.sdr.png	st_oct7	44	1591	529.7988630045438	-43.955	
8000-lilith-mobile-screenshots	imazen-26-png-v3/png-v3/8000-lilith-mobile-screenshots/8000_mobile-screenshots_imageflow-server_screenshot-20260526-065435-brave_1968x2184.sdr.png	t1	20	12106	2563.4129750105785	-92.311	
8000-lilith-mobile-screenshots	imazen-26-png-v3/png-v3/8000-lilith-mobile-screenshots/8000_mobile-screenshots_imageflow-server_screenshot-20260526-065435-brave_1968x2184.sdr.png	t1	32	9592	1424.6255089965416	-92.026	
8000-lilith-mobile-screenshots	imazen-26-png-v3/png-v3/8000-lilith-mobile-screenshots/8000_mobile-screenshots_imageflow-server_screenshot-20260526-065435-brave_1968x2184.sdr.png	t1	44	7641	1236.011574001168	-92.343	
8000-lilith-mobile-screenshots	imazen-26-png-v3/png-v3/8000-lilith-mobile-screenshots/8000_mobile-screenshots_imageflow-server_screenshot-20260526-065435-brave_1968x2184.sdr.png	t2	20	11784	2196.7575699964073	-92.270	
8000-lilith-mobile-screenshots	imazen-26-png-v3/png-v3/8000-lilith-mobile-screenshots/8000_mobile-screenshots_imageflow-server_screenshot-20260526-065435-brave_1968x2184.sdr.png	t2	32	9410	1090.429755000514	-91.867	
8000-lilith-mobile-screenshots	imazen-26-png-v3/png-v3/8000-lilith-mobile-screenshots/8000_mobile-screenshots_imageflow-server_screenshot-20260526-065435-brave_1968x2184.sdr.png	t2	44	7657	1202.79722000123	-91.901	
8000-lilith-mobile-screenshots	imazen-26-png-v3/png-v3/8000-lilith-mobile-screenshots/8000_mobile-screenshots_imageflow-server_screenshot-20260526-065435-brave_1968x2184.sdr.png	t3	20	13287	2460.0815489975503	-92.313	
8000-lilith-mobile-screenshots	imazen-26-png-v3/png-v3/8000-lilith-mobile-screenshots/8000_mobile-screenshots_imageflow-server_screenshot-20260526-065435-brave_1968x2184.sdr.png	t3	32	10571	1791.013837006176	-92.361	
8000-lilith-mobile-screenshots	imazen-26-png-v3/png-v3/8000-lilith-mobile-screenshots/8000_mobile-screenshots_imageflow-server_screenshot-20260526-065435-brave_1968x2184.sdr.png	t3	44	8326	1486.3056989997858	-92.162	
8000-lilith-mobile-screenshots	imazen-26-png-v3/png-v3/8000-lilith-mobile-screenshots/8000_mobile-screenshots_imageflow-server_screenshot-20260526-065435-brave_1968x2184.sdr.png	t4	20	13190	2446.3006900041364	-92.239	
8000-lilith-mobile-screenshots	imazen-26-png-v3/png-v3/8000-lilith-mobile-screenshots/8000_mobile-screenshots_imageflow-server_screenshot-20260526-065435-brave_1968x2184.sdr.png	t4	32	10413	1901.482957007829	-92.024	
8000-lilith-mobile-screenshots	imazen-26-png-v3/png-v3/8000-lilith-mobile-screenshots/8000_mobile-screenshots_imageflow-server_screenshot-20260526-065435-brave_1968x2184.sdr.png	t4	44	8375	2263.020422993577	-92.079	
8000-lilith-mobile-screenshots	imazen-26-png-v3/png-v3/8000-lilith-mobile-screenshots/8000_mobile-screenshots_imageflow-server_screenshot-20260526-065435-brave_1968x2184.sdr.png	st	20	13287	2214.3606890022056	-92.313	
8000-lilith-mobile-screenshots	imazen-26-png-v3/png-v3/8000-lilith-mobile-screenshots/8000_mobile-screenshots_imageflow-server_screenshot-20260526-065435-brave_1968x2184.sdr.png	st	32	10571	1723.0461060098605	-92.361	
8000-lilith-mobile-screenshots	imazen-26-png-v3/png-v3/8000-lilith-mobile-screenshots/8000_mobile-screenshots_imageflow-server_screenshot-20260526-065435-brave_1968x2184.sdr.png	st	44	8326	1296.993266994832	-92.162	
8000-lilith-mobile-screenshots	imazen-26-png-v3/png-v3/8000-lilith-mobile-screenshots/8000_mobile-screenshots_imageflow-server_screenshot-20260526-065435-brave_1968x2184.sdr.png	st_ac06	20	13304	1561.4066959969932	-92.307	
8000-lilith-mobile-screenshots	imazen-26-png-v3/png-v3/8000-lilith-mobile-screenshots/8000_mobile-screenshots_imageflow-server_screenshot-20260526-065435-brave_1968x2184.sdr.png	st_ac06	32	10559	1266.3736200047424	-92.351	
8000-lilith-mobile-screenshots	imazen-26-png-v3/png-v3/8000-lilith-mobile-screenshots/8000_mobile-screenshots_imageflow-server_screenshot-20260526-065435-brave_1968x2184.sdr.png	st_ac06	44	8327	979.295381999691	-92.154	
8000-lilith-mobile-screenshots	imazen-26-png-v3/png-v3/8000-lilith-mobile-screenshots/8000_mobile-screenshots_imageflow-server_screenshot-20260526-065435-brave_1968x2184.sdr.png	st_ac10	20	13327	2031.9074610015377	-92.325	
8000-lilith-mobile-screenshots	imazen-26-png-v3/png-v3/8000-lilith-mobile-screenshots/8000_mobile-screenshots_imageflow-server_screenshot-20260526-065435-brave_1968x2184.sdr.png	st_ac10	32	10558	1450.793079988216	-92.351	
8000-lilith-mobile-screenshots	imazen-26-png-v3/png-v3/8000-lilith-mobile-screenshots/8000_mobile-screenshots_imageflow-server_screenshot-20260526-065435-brave_1968x2184.sdr.png	st_ac10	44	8334	977.8879389923532	-92.150	
8000-lilith-mobile-screenshots	imazen-26-png-v3/png-v3/8000-lilith-mobile-screenshots/8000_mobile-screenshots_imageflow-server_screenshot-20260526-065435-brave_1968x2184.sdr.png	st_ac20	20	13336	1943.19945499592	-92.338	
8000-lilith-mobile-screenshots	imazen-26-png-v3/png-v3/8000-lilith-mobile-screenshots/8000_mobile-screenshots_imageflow-server_screenshot-20260526-065435-brave_1968x2184.sdr.png	st_ac20	32	10563	1798.2659279950894	-92.370	
8000-lilith-mobile-screenshots	imazen-26-png-v3/png-v3/8000-lilith-mobile-screenshots/8000_mobile-screenshots_imageflow-server_screenshot-20260526-065435-brave_1968x2184.sdr.png	st_ac20	44	8322	1312.9423040081747	-92.237	
8000-lilith-mobile-screenshots	imazen-26-png-v3/png-v3/8000-lilith-mobile-screenshots/8000_mobile-screenshots_imageflow-server_screenshot-20260526-065435-brave_1968x2184.sdr.png	st_vb4	20	13437	2161.0708119987976	-92.317	
8000-lilith-mobile-screenshots	imazen-26-png-v3/png-v3/8000-lilith-mobile-screenshots/8000_mobile-screenshots_imageflow-server_screenshot-20260526-065435-brave_1968x2184.sdr.png	st_vb4	32	10657	1685.9314560133498	-92.409	
8000-lilith-mobile-screenshots	imazen-26-png-v3/png-v3/8000-lilith-mobile-screenshots/8000_mobile-screenshots_imageflow-server_screenshot-20260526-065435-brave_1968x2184.sdr.png	st_vb4	44	8580	1262.5751870073145	-92.150	
8000-lilith-mobile-screenshots	imazen-26-png-v3/png-v3/8000-lilith-mobile-screenshots/8000_mobile-screenshots_imageflow-server_screenshot-20260526-065435-brave_1968x2184.sdr.png	st_ac10vb4	20	13433	1678.7816089927219	-92.287	
8000-lilith-mobile-screenshots	imazen-26-png-v3/png-v3/8000-lilith-mobile-screenshots/8000_mobile-screenshots_imageflow-server_screenshot-20260526-065435-brave_1968x2184.sdr.png	st_ac10vb4	32	10658	1389.3800189980539	-92.419	
8000-lilith-mobile-screenshots	imazen-26-png-v3/png-v3/8000-lilith-mobile-screenshots/8000_mobile-screenshots_imageflow-server_screenshot-20260526-065435-brave_1968x2184.sdr.png	st_ac10vb4	44	8583	1098.5344460059423	-92.126	
8000-lilith-mobile-screenshots	imazen-26-png-v3/png-v3/8000-lilith-mobile-screenshots/8000_mobile-screenshots_imageflow-server_screenshot-20260526-065435-brave_1968x2184.sdr.png	st_oct6	20	12624	1671.9586520048324	-92.333	
8000-lilith-mobile-screenshots	imazen-26-png-v3/png-v3/8000-lilith-mobile-screenshots/8000_mobile-screenshots_imageflow-server_screenshot-20260526-065435-brave_1968x2184.sdr.png	st_oct6	32	9903	1163.0446899944218	-92.234	
8000-lilith-mobile-screenshots	imazen-26-png-v3/png-v3/8000-lilith-mobile-screenshots/8000_mobile-screenshots_imageflow-server_screenshot-20260526-065435-brave_1968x2184.sdr.png	st_oct6	44	7707	962.5205970078241	-91.958	
8000-lilith-mobile-screenshots	imazen-26-png-v3/png-v3/8000-lilith-mobile-screenshots/8000_mobile-screenshots_imageflow-server_screenshot-20260526-065435-brave_1968x2184.sdr.png	st_oct7	20	12532	2366.9506040023407	-92.300	
8000-lilith-mobile-screenshots	imazen-26-png-v3/png-v3/8000-lilith-mobile-screenshots/8000_mobile-screenshots_imageflow-server_screenshot-20260526-065435-brave_1968x2184.sdr.png	st_oct7	32	9729	1480.9291689889506	-92.272	
8000-lilith-mobile-screenshots	imazen-26-png-v3/png-v3/8000-lilith-mobile-screenshots/8000_mobile-screenshots_imageflow-server_screenshot-20260526-065435-brave_1968x2184.sdr.png	st_oct7	44	7562	1388.4544100001222	-92.185	
8000-lilith-mobile-screenshots	imazen-26-png-v3/png-v3/8000-lilith-mobile-screenshots/8012_mobile-screenshots_on-screen-keyboard_screenshot-20260526-070935-calculator_1080x2520.sdr.png	t1	20	3440	889.1614280000795	-61.996	
8000-lilith-mobile-screenshots	imazen-26-png-v3/png-v3/8000-lilith-mobile-screenshots/8012_mobile-screenshots_on-screen-keyboard_screenshot-20260526-070935-calculator_1080x2520.sdr.png	t1	32	2358	1177.4392750085099	-61.937	
8000-lilith-mobile-screenshots	imazen-26-png-v3/png-v3/8000-lilith-mobile-screenshots/8012_mobile-screenshots_on-screen-keyboard_screenshot-20260526-070935-calculator_1080x2520.sdr.png	t1	44	1713	1189.123963995371	-61.885	
8000-lilith-mobile-screenshots	imazen-26-png-v3/png-v3/8000-lilith-mobile-screenshots/8012_mobile-screenshots_on-screen-keyboard_screenshot-20260526-070935-calculator_1080x2520.sdr.png	t2	20	3387	1265.6201899953885	-61.996	
8000-lilith-mobile-screenshots	imazen-26-png-v3/png-v3/8000-lilith-mobile-screenshots/8012_mobile-screenshots_on-screen-keyboard_screenshot-20260526-070935-calculator_1080x2520.sdr.png	t2	32	2352	1375.430509011494	-61.931	
8000-lilith-mobile-screenshots	imazen-26-png-v3/png-v3/8000-lilith-mobile-screenshots/8012_mobile-screenshots_on-screen-keyboard_screenshot-20260526-070935-calculator_1080x2520.sdr.png	t2	44	1704	1188.8374610134633	-61.852	
8000-lilith-mobile-screenshots	imazen-26-png-v3/png-v3/8000-lilith-mobile-screenshots/8012_mobile-screenshots_on-screen-keyboard_screenshot-20260526-070935-calculator_1080x2520.sdr.png	t3	20	3912	1242.8609600028722	-62.001	
8000-lilith-mobile-screenshots	imazen-26-png-v3/png-v3/8000-lilith-mobile-screenshots/8012_mobile-screenshots_on-screen-keyboard_screenshot-20260526-070935-calculator_1080x2520.sdr.png	t3	32	3110	1117.4635620118352	-61.967	
8000-lilith-mobile-screenshots	imazen-26-png-v3/png-v3/8000-lilith-mobile-screenshots/8012_mobile-screenshots_on-screen-keyboard_screenshot-20260526-070935-calculator_1080x2520.sdr.png	t3	44	2351	855.1587279944215	-61.876	
8000-lilith-mobile-screenshots	imazen-26-png-v3/png-v3/8000-lilith-mobile-screenshots/8012_mobile-screenshots_on-screen-keyboard_screenshot-20260526-070935-calculator_1080x2520.sdr.png	t4	20	3940	1007.834026007913	-61.990	
8000-lilith-mobile-screenshots	imazen-26-png-v3/png-v3/8000-lilith-mobile-screenshots/8012_mobile-screenshots_on-screen-keyboard_screenshot-20260526-070935-calculator_1080x2520.sdr.png	t4	32	3154	959.2466489993967	-61.960	
8000-lilith-mobile-screenshots	imazen-26-png-v3/png-v3/8000-lilith-mobile-screenshots/8012_mobile-screenshots_on-screen-keyboard_screenshot-20260526-070935-calculator_1080x2520.sdr.png	t4	44	2375	959.7503160039196	-61.890	
8000-lilith-mobile-screenshots	imazen-26-png-v3/png-v3/8000-lilith-mobile-screenshots/8012_mobile-screenshots_on-screen-keyboard_screenshot-20260526-070935-calculator_1080x2520.sdr.png	st	20	3912	1468.120085002738	-62.001	
8000-lilith-mobile-screenshots	imazen-26-png-v3/png-v3/8000-lilith-mobile-screenshots/8012_mobile-screenshots_on-screen-keyboard_screenshot-20260526-070935-calculator_1080x2520.sdr.png	st	32	3110	1483.3701550087426	-61.967	
8000-lilith-mobile-screenshots	imazen-26-png-v3/png-v3/8000-lilith-mobile-screenshots/8012_mobile-screenshots_on-screen-keyboard_screenshot-20260526-070935-calculator_1080x2520.sdr.png	st	44	2351	1066.0319440066814	-61.876	
8000-lilith-mobile-screenshots	imazen-26-png-v3/png-v3/8000-lilith-mobile-screenshots/8012_mobile-screenshots_on-screen-keyboard_screenshot-20260526-070935-calculator_1080x2520.sdr.png	st_ac06	20	3919	1141.7191829968942	-62.002	
8000-lilith-mobile-screenshots	imazen-26-png-v3/png-v3/8000-lilith-mobile-screenshots/8012_mobile-screenshots_on-screen-keyboard_screenshot-20260526-070935-calculator_1080x2520.sdr.png	st_ac06	32	3108	713.8497830019332	-61.968	
8000-lilith-mobile-screenshots	imazen-26-png-v3/png-v3/8000-lilith-mobile-screenshots/8012_mobile-screenshots_on-screen-keyboard_screenshot-20260526-070935-calculator_1080x2520.sdr.png	st_ac06	44	2353	618.5505609901156	-61.878	
8000-lilith-mobile-screenshots	imazen-26-png-v3/png-v3/8000-lilith-mobile-screenshots/8012_mobile-screenshots_on-screen-keyboard_screenshot-20260526-070935-calculator_1080x2520.sdr.png	st_ac10	20	3919	1318.3075730048586	-62.003	
8000-lilith-mobile-screenshots	imazen-26-png-v3/png-v3/8000-lilith-mobile-screenshots/8012_mobile-screenshots_on-screen-keyboard_screenshot-20260526-070935-calculator_1080x2520.sdr.png	st_ac10	32	3092	769.6000729920343	-61.972	
8000-lilith-mobile-screenshots	imazen-26-png-v3/png-v3/8000-lilith-mobile-screenshots/8012_mobile-screenshots_on-screen-keyboard_screenshot-20260526-070935-calculator_1080x2520.sdr.png	st_ac10	44	2353	722.8225619910518	-61.878	
8000-lilith-mobile-screenshots	imazen-26-png-v3/png-v3/8000-lilith-mobile-screenshots/8012_mobile-screenshots_on-screen-keyboard_screenshot-20260526-070935-calculator_1080x2520.sdr.png	st_ac20	20	3914	1062.0792569970945	-62.004	
8000-lilith-mobile-screenshots	imazen-26-png-v3/png-v3/8000-lilith-mobile-screenshots/8012_mobile-screenshots_on-screen-keyboard_screenshot-20260526-070935-calculator_1080x2520.sdr.png	st_ac20	32	3092	1517.0595999952639	-61.975	
8000-lilith-mobile-screenshots	imazen-26-png-v3/png-v3/8000-lilith-mobile-screenshots/8012_mobile-screenshots_on-screen-keyboard_screenshot-20260526-070935-calculator_1080x2520.sdr.png	st_ac20	44	2350	983.1680359930033	-61.872	
8000-lilith-mobile-screenshots	imazen-26-png-v3/png-v3/8000-lilith-mobile-screenshots/8012_mobile-screenshots_on-screen-keyboard_screenshot-20260526-070935-calculator_1080x2520.sdr.png	st_vb4	20	3969	1867.3314640036551	-61.994	
8000-lilith-mobile-screenshots	imazen-26-png-v3/png-v3/8000-lilith-mobile-screenshots/8012_mobile-screenshots_on-screen-keyboard_screenshot-20260526-070935-calculator_1080x2520.sdr.png	st_vb4	32	3178	1334.8226450034417	-61.979	
8000-lilith-mobile-screenshots	imazen-26-png-v3/png-v3/8000-lilith-mobile-screenshots/8012_mobile-screenshots_on-screen-keyboard_screenshot-20260526-070935-calculator_1080x2520.sdr.png	st_vb4	44	2498	1493.706001987448	-61.871	
8000-lilith-mobile-screenshots	imazen-26-png-v3/png-v3/8000-lilith-mobile-screenshots/8012_mobile-screenshots_on-screen-keyboard_screenshot-20260526-070935-calculator_1080x2520.sdr.png	st_ac10vb4	20	3994	1711.8624389986508	-61.992	
8000-lilith-mobile-screenshots	imazen-26-png-v3/png-v3/8000-lilith-mobile-screenshots/8012_mobile-screenshots_on-screen-keyboard_screenshot-20260526-070935-calculator_1080x2520.sdr.png	st_ac10vb4	32	3179	1563.9478410012089	-61.981	
8000-lilith-mobile-screenshots	imazen-26-png-v3/png-v3/8000-lilith-mobile-screenshots/8012_mobile-screenshots_on-screen-keyboard_screenshot-20260526-070935-calculator_1080x2520.sdr.png	st_ac10vb4	44	2495	1117.860184996971	-61.878	
8000-lilith-mobile-screenshots	imazen-26-png-v3/png-v3/8000-lilith-mobile-screenshots/8012_mobile-screenshots_on-screen-keyboard_screenshot-20260526-070935-calculator_1080x2520.sdr.png	st_oct6	20	3749	1049.5181340083946	-62.002	
8000-lilith-mobile-screenshots	imazen-26-png-v3/png-v3/8000-lilith-mobile-screenshots/8012_mobile-screenshots_on-screen-keyboard_screenshot-20260526-070935-calculator_1080x2520.sdr.png	st_oct6	32	2962	1003.1518449977739	-61.950	
8000-lilith-mobile-screenshots	imazen-26-png-v3/png-v3/8000-lilith-mobile-screenshots/8012_mobile-screenshots_on-screen-keyboard_screenshot-20260526-070935-calculator_1080x2520.sdr.png	st_oct6	44	2200	786.6790550033329	-61.869	
8000-lilith-mobile-screenshots	imazen-26-png-v3/png-v3/8000-lilith-mobile-screenshots/8012_mobile-screenshots_on-screen-keyboard_screenshot-20260526-070935-calculator_1080x2520.sdr.png	st_oct7	20	3658	890.888588008238	-61.995	
8000-lilith-mobile-screenshots	imazen-26-png-v3/png-v3/8000-lilith-mobile-screenshots/8012_mobile-screenshots_on-screen-keyboard_screenshot-20260526-070935-calculator_1080x2520.sdr.png	st_oct7	32	2752	815.4204150050646	-61.973	
8000-lilith-mobile-screenshots	imazen-26-png-v3/png-v3/8000-lilith-mobile-screenshots/8012_mobile-screenshots_on-screen-keyboard_screenshot-20260526-070935-calculator_1080x2520.sdr.png	st_oct7	44	1947	600.8436260017334	-61.957	
8100-lilith-web-screenshots	imazen-26-png-v3/png-v3/8100-lilith-web-screenshots/1440x900/8106_web-screenshots_climate-news_dpr1_page1_1440x900.sdr.png	t1	20	17845	2108.3791999990353	-58.781	
8100-lilith-web-screenshots	imazen-26-png-v3/png-v3/8100-lilith-web-screenshots/1440x900/8106_web-screenshots_climate-news_dpr1_page1_1440x900.sdr.png	t1	32	12287	1705.68182200077	-58.738	
8100-lilith-web-screenshots	imazen-26-png-v3/png-v3/8100-lilith-web-screenshots/1440x900/8106_web-screenshots_climate-news_dpr1_page1_1440x900.sdr.png	t1	44	7616	1339.5830740046222	-58.421	
8100-lilith-web-screenshots	imazen-26-png-v3/png-v3/8100-lilith-web-screenshots/1440x900/8106_web-screenshots_climate-news_dpr1_page1_1440x900.sdr.png	t2	20	17280	2007.8322329936782	-58.801	
8100-lilith-web-screenshots	imazen-26-png-v3/png-v3/8100-lilith-web-screenshots/1440x900/8106_web-screenshots_climate-news_dpr1_page1_1440x900.sdr.png	t2	32	11629	1881.3840090006124	-58.735	
8100-lilith-web-screenshots	imazen-26-png-v3/png-v3/8100-lilith-web-screenshots/1440x900/8106_web-screenshots_climate-news_dpr1_page1_1440x900.sdr.png	t2	44	6569	790.773471002467	-58.361	
8100-lilith-web-screenshots	imazen-26-png-v3/png-v3/8100-lilith-web-screenshots/1440x900/8106_web-screenshots_climate-news_dpr1_page1_1440x900.sdr.png	t3	20	20228	2146.7274040041957	-58.716	
8100-lilith-web-screenshots	imazen-26-png-v3/png-v3/8100-lilith-web-screenshots/1440x900/8106_web-screenshots_climate-news_dpr1_page1_1440x900.sdr.png	t3	32	14366	1388.6311759997625	-58.683	
8100-lilith-web-screenshots	imazen-26-png-v3/png-v3/8100-lilith-web-screenshots/1440x900/8106_web-screenshots_climate-news_dpr1_page1_1440x900.sdr.png	t3	44	8375	1204.7874290001346	-58.773	
8100-lilith-web-screenshots	imazen-26-png-v3/png-v3/8100-lilith-web-screenshots/1440x900/8106_web-screenshots_climate-news_dpr1_page1_1440x900.sdr.png	t4	20	19932	1995.0749760027975	-58.744	
8100-lilith-web-screenshots	imazen-26-png-v3/png-v3/8100-lilith-web-screenshots/1440x900/8106_web-screenshots_climate-news_dpr1_page1_1440x900.sdr.png	t4	32	14239	1730.959424006869	-58.687	
8100-lilith-web-screenshots	imazen-26-png-v3/png-v3/8100-lilith-web-screenshots/1440x900/8106_web-screenshots_climate-news_dpr1_page1_1440x900.sdr.png	t4	44	8501	1245.7918059953954	-58.762	
8100-lilith-web-screenshots	imazen-26-png-v3/png-v3/8100-lilith-web-screenshots/1440x900/8106_web-screenshots_climate-news_dpr1_page1_1440x900.sdr.png	st	20	20228	2116.5926579997176	-58.716	
8100-lilith-web-screenshots	imazen-26-png-v3/png-v3/8100-lilith-web-screenshots/1440x900/8106_web-screenshots_climate-news_dpr1_page1_1440x900.sdr.png	st	32	14366	1642.9893099993933	-58.683	
8100-lilith-web-screenshots	imazen-26-png-v3/png-v3/8100-lilith-web-screenshots/1440x900/8106_web-screenshots_climate-news_dpr1_page1_1440x900.sdr.png	st	44	8375	1465.923694006051	-58.773	
8100-lilith-web-screenshots	imazen-26-png-v3/png-v3/8100-lilith-web-screenshots/1440x900/8106_web-screenshots_climate-news_dpr1_page1_1440x900.sdr.png	st_ac06	20	20244	1996.33265499142	-58.752	
8100-lilith-web-screenshots	imazen-26-png-v3/png-v3/8100-lilith-web-screenshots/1440x900/8106_web-screenshots_climate-news_dpr1_page1_1440x900.sdr.png	st_ac06	32	14375	1399.6863999927882	-58.698	
8100-lilith-web-screenshots	imazen-26-png-v3/png-v3/8100-lilith-web-screenshots/1440x900/8106_web-screenshots_climate-news_dpr1_page1_1440x900.sdr.png	st_ac06	44	8370	992.3925830080407	-58.774	
8100-lilith-web-screenshots	imazen-26-png-v3/png-v3/8100-lilith-web-screenshots/1440x900/8106_web-screenshots_climate-news_dpr1_page1_1440x900.sdr.png	st_ac10	20	20215	1930.3839490021346	-58.742	
8100-lilith-web-screenshots	imazen-26-png-v3/png-v3/8100-lilith-web-screenshots/1440x900/8106_web-screenshots_climate-news_dpr1_page1_1440x900.sdr.png	st_ac10	32	14331	1484.3972539965762	-58.726	
8100-lilith-web-screenshots	imazen-26-png-v3/png-v3/8100-lilith-web-screenshots/1440x900/8106_web-screenshots_climate-news_dpr1_page1_1440x900.sdr.png	st_ac10	44	8381	1092.635392997181	-58.753	
8100-lilith-web-screenshots	imazen-26-png-v3/png-v3/8100-lilith-web-screenshots/1440x900/8106_web-screenshots_climate-news_dpr1_page1_1440x900.sdr.png	st_ac20	20	20217	1944.0069900010712	-58.747	
8100-lilith-web-screenshots	imazen-26-png-v3/png-v3/8100-lilith-web-screenshots/1440x900/8106_web-screenshots_climate-news_dpr1_page1_1440x900.sdr.png	st_ac20	32	14304	1681.243964994792	-58.681	
8100-lilith-web-screenshots	imazen-26-png-v3/png-v3/8100-lilith-web-screenshots/1440x900/8106_web-screenshots_climate-news_dpr1_page1_1440x900.sdr.png	st_ac20	44	8403	1211.4990039990516	-58.775	
8100-lilith-web-screenshots	imazen-26-png-v3/png-v3/8100-lilith-web-screenshots/1440x900/8106_web-screenshots_climate-news_dpr1_page1_1440x900.sdr.png	st_vb4	20	20485	2141.6812000097707	-58.721	
8100-lilith-web-screenshots	imazen-26-png-v3/png-v3/8100-lilith-web-screenshots/1440x900/8106_web-screenshots_climate-news_dpr1_page1_1440x900.sdr.png	st_vb4	32	14702	1814.8825840034988	-58.699	
8100-lilith-web-screenshots	imazen-26-png-v3/png-v3/8100-lilith-web-screenshots/1440x900/8106_web-screenshots_climate-news_dpr1_page1_1440x900.sdr.png	st_vb4	44	8816	1319.247136998456	-58.692	
8100-lilith-web-screenshots	imazen-26-png-v3/png-v3/8100-lilith-web-screenshots/1440x900/8106_web-screenshots_climate-news_dpr1_page1_1440x900.sdr.png	st_ac10vb4	20	20515	1976.659905994893	-58.730	
8100-lilith-web-screenshots	imazen-26-png-v3/png-v3/8100-lilith-web-screenshots/1440x900/8106_web-screenshots_climate-news_dpr1_page1_1440x900.sdr.png	st_ac10vb4	32	14700	1686.5596790012205	-58.703	
8100-lilith-web-screenshots	imazen-26-png-v3/png-v3/8100-lilith-web-screenshots/1440x900/8106_web-screenshots_climate-news_dpr1_page1_1440x900.sdr.png	st_ac10vb4	44	8807	1262.763474995154	-58.674	
8100-lilith-web-screenshots	imazen-26-png-v3/png-v3/8100-lilith-web-screenshots/1440x900/8106_web-screenshots_climate-news_dpr1_page1_1440x900.sdr.png	st_oct6	20	19597	1986.8058639985975	-58.755	
8100-lilith-web-screenshots	imazen-26-png-v3/png-v3/8100-lilith-web-screenshots/1440x900/8106_web-screenshots_climate-news_dpr1_page1_1440x900.sdr.png	st_oct6	32	13806	1614.447128988104	-58.661	
8100-lilith-web-screenshots	imazen-26-png-v3/png-v3/8100-lilith-web-screenshots/1440x900/8106_web-screenshots_climate-news_dpr1_page1_1440x900.sdr.png	st_oct6	44	7828	1006.8052429996897	-58.755	
8100-lilith-web-screenshots	imazen-26-png-v3/png-v3/8100-lilith-web-screenshots/1440x900/8106_web-screenshots_climate-news_dpr1_page1_1440x900.sdr.png	st_oct7	20	18974	1813.003363989992	-58.746	
8100-lilith-web-screenshots	imazen-26-png-v3/png-v3/8100-lilith-web-screenshots/1440x900/8106_web-screenshots_climate-news_dpr1_page1_1440x900.sdr.png	st_oct7	32	13047	1490.7473339990247	-58.665	
8100-lilith-web-screenshots	imazen-26-png-v3/png-v3/8100-lilith-web-screenshots/1440x900/8106_web-screenshots_climate-news_dpr1_page1_1440x900.sdr.png	st_oct7	44	7412	1131.3967109890655	-58.660	
8100-lilith-web-screenshots	imazen-26-png-v3/png-v3/8100-lilith-web-screenshots/2880x1800/8267_web-screenshots_usgs-topoview_dpr2_page1_2880x1800.sdr.png	t1	20	24936	2649.57285199489	-85.385	
8100-lilith-web-screenshots	imazen-26-png-v3/png-v3/8100-lilith-web-screenshots/2880x1800/8267_web-screenshots_usgs-topoview_dpr2_page1_2880x1800.sdr.png	t1	32	14744	2081.5686470014043	-84.705	
8100-lilith-web-screenshots	imazen-26-png-v3/png-v3/8100-lilith-web-screenshots/2880x1800/8267_web-screenshots_usgs-topoview_dpr2_page1_2880x1800.sdr.png	t1	44	7961	1391.535260991077	-83.870	
8100-lilith-web-screenshots	imazen-26-png-v3/png-v3/8100-lilith-web-screenshots/2880x1800/8267_web-screenshots_usgs-topoview_dpr2_page1_2880x1800.sdr.png	t2	20	24396	2418.2981030025985	-85.344	
8100-lilith-web-screenshots	imazen-26-png-v3/png-v3/8100-lilith-web-screenshots/2880x1800/8267_web-screenshots_usgs-topoview_dpr2_page1_2880x1800.sdr.png	t2	32	14567	1692.1905830095056	-84.831	
8100-lilith-web-screenshots	imazen-26-png-v3/png-v3/8100-lilith-web-screenshots/2880x1800/8267_web-screenshots_usgs-topoview_dpr2_page1_2880x1800.sdr.png	t2	44	7685	1209.3164190009702	-84.210	
8100-lilith-web-screenshots	imazen-26-png-v3/png-v3/8100-lilith-web-screenshots/2880x1800/8267_web-screenshots_usgs-topoview_dpr2_page1_2880x1800.sdr.png	t3	20	27518	2660.780865000561	-85.528	
8100-lilith-web-screenshots	imazen-26-png-v3/png-v3/8100-lilith-web-screenshots/2880x1800/8267_web-screenshots_usgs-topoview_dpr2_page1_2880x1800.sdr.png	t3	32	18198	2118.086485003005	-85.396	
8100-lilith-web-screenshots	imazen-26-png-v3/png-v3/8100-lilith-web-screenshots/2880x1800/8267_web-screenshots_usgs-topoview_dpr2_page1_2880x1800.sdr.png	t3	44	9984	1164.092699997127	-84.996	
8100-lilith-web-screenshots	imazen-26-png-v3/png-v3/8100-lilith-web-screenshots/2880x1800/8267_web-screenshots_usgs-topoview_dpr2_page1_2880x1800.sdr.png	t4	20	27591	2520.9908859978896	-85.534	
8100-lilith-web-screenshots	imazen-26-png-v3/png-v3/8100-lilith-web-screenshots/2880x1800/8267_web-screenshots_usgs-topoview_dpr2_page1_2880x1800.sdr.png	t4	32	18309	2021.7681169888237	-85.269	
8100-lilith-web-screenshots	imazen-26-png-v3/png-v3/8100-lilith-web-screenshots/2880x1800/8267_web-screenshots_usgs-topoview_dpr2_page1_2880x1800.sdr.png	t4	44	9886	1344.1988900012802	-85.232	
8100-lilith-web-screenshots	imazen-26-png-v3/png-v3/8100-lilith-web-screenshots/2880x1800/8267_web-screenshots_usgs-topoview_dpr2_page1_2880x1800.sdr.png	st	20	27518	2638.101959004416	-85.528	
8100-lilith-web-screenshots	imazen-26-png-v3/png-v3/8100-lilith-web-screenshots/2880x1800/8267_web-screenshots_usgs-topoview_dpr2_page1_2880x1800.sdr.png	st	32	18198	2024.2484570044326	-85.396	
8100-lilith-web-screenshots	imazen-26-png-v3/png-v3/8100-lilith-web-screenshots/2880x1800/8267_web-screenshots_usgs-topoview_dpr2_page1_2880x1800.sdr.png	st	44	9984	1417.2481989953667	-84.996	
8100-lilith-web-screenshots	imazen-26-png-v3/png-v3/8100-lilith-web-screenshots/2880x1800/8267_web-screenshots_usgs-topoview_dpr2_page1_2880x1800.sdr.png	st_ac06	20	27563	2433.3098899951437	-85.703	
8100-lilith-web-screenshots	imazen-26-png-v3/png-v3/8100-lilith-web-screenshots/2880x1800/8267_web-screenshots_usgs-topoview_dpr2_page1_2880x1800.sdr.png	st_ac06	32	18151	2023.2829940068768	-85.292	
8100-lilith-web-screenshots	imazen-26-png-v3/png-v3/8100-lilith-web-screenshots/2880x1800/8267_web-screenshots_usgs-topoview_dpr2_page1_2880x1800.sdr.png	st_ac06	44	9948	1232.4637349956902	-85.051	
8100-lilith-web-screenshots	imazen-26-png-v3/png-v3/8100-lilith-web-screenshots/2880x1800/8267_web-screenshots_usgs-topoview_dpr2_page1_2880x1800.sdr.png	st_ac10	20	27588	2570.6926489947364	-85.746	
8100-lilith-web-screenshots	imazen-26-png-v3/png-v3/8100-lilith-web-screenshots/2880x1800/8267_web-screenshots_usgs-topoview_dpr2_page1_2880x1800.sdr.png	st_ac10	32	18167	1936.9649469881551	-85.218	
8100-lilith-web-screenshots	imazen-26-png-v3/png-v3/8100-lilith-web-screenshots/2880x1800/8267_web-screenshots_usgs-topoview_dpr2_page1_2880x1800.sdr.png	st_ac10	44	9997	1129.8389029980171	-84.754	
8100-lilith-web-screenshots	imazen-26-png-v3/png-v3/8100-lilith-web-screenshots/2880x1800/8267_web-screenshots_usgs-topoview_dpr2_page1_2880x1800.sdr.png	st_ac20	20	27710	2563.638652994996	-85.640	
8100-lilith-web-screenshots	imazen-26-png-v3/png-v3/8100-lilith-web-screenshots/2880x1800/8267_web-screenshots_usgs-topoview_dpr2_page1_2880x1800.sdr.png	st_ac20	32	18269	1966.529608995188	-85.329	
8100-lilith-web-screenshots	imazen-26-png-v3/png-v3/8100-lilith-web-screenshots/2880x1800/8267_web-screenshots_usgs-topoview_dpr2_page1_2880x1800.sdr.png	st_ac20	44	9994	1293.7439559900668	-84.771	
8100-lilith-web-screenshots	imazen-26-png-v3/png-v3/8100-lilith-web-screenshots/2880x1800/8267_web-screenshots_usgs-topoview_dpr2_page1_2880x1800.sdr.png	st_vb4	20	27974	2713.651045007282	-85.691	
8100-lilith-web-screenshots	imazen-26-png-v3/png-v3/8100-lilith-web-screenshots/2880x1800/8267_web-screenshots_usgs-topoview_dpr2_page1_2880x1800.sdr.png	st_vb4	32	18988	2060.960532995523	-85.461	
8100-lilith-web-screenshots	imazen-26-png-v3/png-v3/8100-lilith-web-screenshots/2880x1800/8267_web-screenshots_usgs-topoview_dpr2_page1_2880x1800.sdr.png	st_vb4	44	10626	1429.301348995068	-85.272	
8100-lilith-web-screenshots	imazen-26-png-v3/png-v3/8100-lilith-web-screenshots/2880x1800/8267_web-screenshots_usgs-topoview_dpr2_page1_2880x1800.sdr.png	st_ac10vb4	20	27997	2591.858542000409	-85.655	
8100-lilith-web-screenshots	imazen-26-png-v3/png-v3/8100-lilith-web-screenshots/2880x1800/8267_web-screenshots_usgs-topoview_dpr2_page1_2880x1800.sdr.png	st_ac10vb4	32	19004	2125.319019003655	-85.361	
8100-lilith-web-screenshots	imazen-26-png-v3/png-v3/8100-lilith-web-screenshots/2880x1800/8267_web-screenshots_usgs-topoview_dpr2_page1_2880x1800.sdr.png	st_ac10vb4	44	10627	1389.7050259984098	-85.609	
8100-lilith-web-screenshots	imazen-26-png-v3/png-v3/8100-lilith-web-screenshots/2880x1800/8267_web-screenshots_usgs-topoview_dpr2_page1_2880x1800.sdr.png	st_oct6	20	26717	2935.527536988957	-85.571	
8100-lilith-web-screenshots	imazen-26-png-v3/png-v3/8100-lilith-web-screenshots/2880x1800/8267_web-screenshots_usgs-topoview_dpr2_page1_2880x1800.sdr.png	st_oct6	32	16865	2120.457406999776	-85.178	
8100-lilith-web-screenshots	imazen-26-png-v3/png-v3/8100-lilith-web-screenshots/2880x1800/8267_web-screenshots_usgs-topoview_dpr2_page1_2880x1800.sdr.png	st_oct6	44	9194	1256.328374001896	-85.054	
8100-lilith-web-screenshots	imazen-26-png-v3/png-v3/8100-lilith-web-screenshots/2880x1800/8267_web-screenshots_usgs-topoview_dpr2_page1_2880x1800.sdr.png	st_oct7	20	25758	3141.4462239918066	-85.584	
8100-lilith-web-screenshots	imazen-26-png-v3/png-v3/8100-lilith-web-screenshots/2880x1800/8267_web-screenshots_usgs-topoview_dpr2_page1_2880x1800.sdr.png	st_oct7	32	15622	2168.1677480082726	-85.253	
8100-lilith-web-screenshots	imazen-26-png-v3/png-v3/8100-lilith-web-screenshots/2880x1800/8267_web-screenshots_usgs-topoview_dpr2_page1_2880x1800.sdr.png	st_oct7	44	8448	1117.9668180120643	-84.276	
9000-lilith-ai-clipart	imazen-26-png-v3/png-v3/9000-lilith-ai-clipart/9036_gen_clipart_laptop-coffee_1024x1024.sdr.png	t1	20	16548	1618.0211549944943	-64.185	
9000-lilith-ai-clipart	imazen-26-png-v3/png-v3/9000-lilith-ai-clipart/9036_gen_clipart_laptop-coffee_1024x1024.sdr.png	t1	32	11612	1249.248619991704	-64.188	
9000-lilith-ai-clipart	imazen-26-png-v3/png-v3/9000-lilith-ai-clipart/9036_gen_clipart_laptop-coffee_1024x1024.sdr.png	t1	44	7055	887.520852003945	-64.198	
9000-lilith-ai-clipart	imazen-26-png-v3/png-v3/9000-lilith-ai-clipart/9036_gen_clipart_laptop-coffee_1024x1024.sdr.png	t2	20	15801	1930.4860929987626	-64.187	
9000-lilith-ai-clipart	imazen-26-png-v3/png-v3/9000-lilith-ai-clipart/9036_gen_clipart_laptop-coffee_1024x1024.sdr.png	t2	32	10883	1432.116224008496	-64.191	
9000-lilith-ai-clipart	imazen-26-png-v3/png-v3/9000-lilith-ai-clipart/9036_gen_clipart_laptop-coffee_1024x1024.sdr.png	t2	44	6296	831.9456360040931	-64.204	
9000-lilith-ai-clipart	imazen-26-png-v3/png-v3/9000-lilith-ai-clipart/9036_gen_clipart_laptop-coffee_1024x1024.sdr.png	t3	20	17211	2141.6956879984355	-64.186	
9000-lilith-ai-clipart	imazen-26-png-v3/png-v3/9000-lilith-ai-clipart/9036_gen_clipart_laptop-coffee_1024x1024.sdr.png	t3	32	11870	1848.774042999139	-64.188	
9000-lilith-ai-clipart	imazen-26-png-v3/png-v3/9000-lilith-ai-clipart/9036_gen_clipart_laptop-coffee_1024x1024.sdr.png	t3	44	7073	1179.150384006789	-64.192	
9000-lilith-ai-clipart	imazen-26-png-v3/png-v3/9000-lilith-ai-clipart/9036_gen_clipart_laptop-coffee_1024x1024.sdr.png	t4	20	17156	2205.8744429959916	-64.187	
9000-lilith-ai-clipart	imazen-26-png-v3/png-v3/9000-lilith-ai-clipart/9036_gen_clipart_laptop-coffee_1024x1024.sdr.png	t4	32	11881	1598.1606610002927	-64.188	
9000-lilith-ai-clipart	imazen-26-png-v3/png-v3/9000-lilith-ai-clipart/9036_gen_clipart_laptop-coffee_1024x1024.sdr.png	t4	44	7079	1041.2407959956909	-64.197	
9000-lilith-ai-clipart	imazen-26-png-v3/png-v3/9000-lilith-ai-clipart/9036_gen_clipart_laptop-coffee_1024x1024.sdr.png	st	20	17211	1963.952997000888	-64.186	
9000-lilith-ai-clipart	imazen-26-png-v3/png-v3/9000-lilith-ai-clipart/9036_gen_clipart_laptop-coffee_1024x1024.sdr.png	st	32	11870	1433.5522209876217	-64.188	
9000-lilith-ai-clipart	imazen-26-png-v3/png-v3/9000-lilith-ai-clipart/9036_gen_clipart_laptop-coffee_1024x1024.sdr.png	st	44	7073	668.8953460106859	-64.192	
9000-lilith-ai-clipart	imazen-26-png-v3/png-v3/9000-lilith-ai-clipart/9036_gen_clipart_laptop-coffee_1024x1024.sdr.png	st_ac06	20	17220	1747.9324660089333	-64.186	
9000-lilith-ai-clipart	imazen-26-png-v3/png-v3/9000-lilith-ai-clipart/9036_gen_clipart_laptop-coffee_1024x1024.sdr.png	st_ac06	32	11884	1418.0256859981455	-64.188	
9000-lilith-ai-clipart	imazen-26-png-v3/png-v3/9000-lilith-ai-clipart/9036_gen_clipart_laptop-coffee_1024x1024.sdr.png	st_ac06	44	7076	798.2323250034824	-64.192	
9000-lilith-ai-clipart	imazen-26-png-v3/png-v3/9000-lilith-ai-clipart/9036_gen_clipart_laptop-coffee_1024x1024.sdr.png	st_ac10	20	17223	2052.7266670105746	-64.186	
9000-lilith-ai-clipart	imazen-26-png-v3/png-v3/9000-lilith-ai-clipart/9036_gen_clipart_laptop-coffee_1024x1024.sdr.png	st_ac10	32	11853	1515.0382320134668	-64.187	
9000-lilith-ai-clipart	imazen-26-png-v3/png-v3/9000-lilith-ai-clipart/9036_gen_clipart_laptop-coffee_1024x1024.sdr.png	st_ac10	44	7074	1104.062052007066	-64.191	
9000-lilith-ai-clipart	imazen-26-png-v3/png-v3/9000-lilith-ai-clipart/9036_gen_clipart_laptop-coffee_1024x1024.sdr.png	st_ac20	20	17236	1917.2076469985768	-64.185	
9000-lilith-ai-clipart	imazen-26-png-v3/png-v3/9000-lilith-ai-clipart/9036_gen_clipart_laptop-coffee_1024x1024.sdr.png	st_ac20	32	11893	1426.0437920020195	-64.187	
9000-lilith-ai-clipart	imazen-26-png-v3/png-v3/9000-lilith-ai-clipart/9036_gen_clipart_laptop-coffee_1024x1024.sdr.png	st_ac20	44	7061	1066.8545959924813	-64.192	
9000-lilith-ai-clipart	imazen-26-png-v3/png-v3/9000-lilith-ai-clipart/9036_gen_clipart_laptop-coffee_1024x1024.sdr.png	st_vb4	20	17302	1785.7262559991796	-64.185	
9000-lilith-ai-clipart	imazen-26-png-v3/png-v3/9000-lilith-ai-clipart/9036_gen_clipart_laptop-coffee_1024x1024.sdr.png	st_vb4	32	11912	1485.893846998806	-64.189	
9000-lilith-ai-clipart	imazen-26-png-v3/png-v3/9000-lilith-ai-clipart/9036_gen_clipart_laptop-coffee_1024x1024.sdr.png	st_vb4	44	7308	903.2468969962792	-64.188	
9000-lilith-ai-clipart	imazen-26-png-v3/png-v3/9000-lilith-ai-clipart/9036_gen_clipart_laptop-coffee_1024x1024.sdr.png	st_ac10vb4	20	17331	1982.707091010525	-64.186	
9000-lilith-ai-clipart	imazen-26-png-v3/png-v3/9000-lilith-ai-clipart/9036_gen_clipart_laptop-coffee_1024x1024.sdr.png	st_ac10vb4	32	11904	1268.634813997778	-64.189	
9000-lilith-ai-clipart	imazen-26-png-v3/png-v3/9000-lilith-ai-clipart/9036_gen_clipart_laptop-coffee_1024x1024.sdr.png	st_ac10vb4	44	7308	965.6442489940673	-64.191	
9000-lilith-ai-clipart	imazen-26-png-v3/png-v3/9000-lilith-ai-clipart/9036_gen_clipart_laptop-coffee_1024x1024.sdr.png	st_oct6	20	16749	1995.4718109947862	-64.186	
9000-lilith-ai-clipart	imazen-26-png-v3/png-v3/9000-lilith-ai-clipart/9036_gen_clipart_laptop-coffee_1024x1024.sdr.png	st_oct6	32	11393	1516.209806999541	-64.190	
9000-lilith-ai-clipart	imazen-26-png-v3/png-v3/9000-lilith-ai-clipart/9036_gen_clipart_laptop-coffee_1024x1024.sdr.png	st_oct6	44	6690	1085.0629639899125	-64.198	
9000-lilith-ai-clipart	imazen-26-png-v3/png-v3/9000-lilith-ai-clipart/9036_gen_clipart_laptop-coffee_1024x1024.sdr.png	st_oct7	20	16578	2085.3454600000987	-64.186	
9000-lilith-ai-clipart	imazen-26-png-v3/png-v3/9000-lilith-ai-clipart/9036_gen_clipart_laptop-coffee_1024x1024.sdr.png	st_oct7	32	11132	1502.199501002906	-64.191	
9000-lilith-ai-clipart	imazen-26-png-v3/png-v3/9000-lilith-ai-clipart/9036_gen_clipart_laptop-coffee_1024x1024.sdr.png	st_oct7	44	6523	934.1899069986539	-64.197	
9000-lilith-ai-clipart	imazen-26-png-v3/png-v3/9000-lilith-ai-clipart/9070_gen_clipart_sunflower-cheerful_1024x1536.sdr.png	t1	20	13123	1840.6245879887138	-72.001	
9000-lilith-ai-clipart	imazen-26-png-v3/png-v3/9000-lilith-ai-clipart/9070_gen_clipart_sunflower-cheerful_1024x1536.sdr.png	t1	32	8154	1538.2271369890077	-72.003	
9000-lilith-ai-clipart	imazen-26-png-v3/png-v3/9000-lilith-ai-clipart/9070_gen_clipart_sunflower-cheerful_1024x1536.sdr.png	t1	44	4840	1029.2342250031652	-71.371	
9000-lilith-ai-clipart	imazen-26-png-v3/png-v3/9000-lilith-ai-clipart/9070_gen_clipart_sunflower-cheerful_1024x1536.sdr.png	t2	20	12878	2230.6721530039795	-71.974	
9000-lilith-ai-clipart	imazen-26-png-v3/png-v3/9000-lilith-ai-clipart/9070_gen_clipart_sunflower-cheerful_1024x1536.sdr.png	t2	32	7988	2027.3781709984178	-71.901	
9000-lilith-ai-clipart	imazen-26-png-v3/png-v3/9000-lilith-ai-clipart/9070_gen_clipart_sunflower-cheerful_1024x1536.sdr.png	t2	44	4729	1088.4383429947775	-71.499	
9000-lilith-ai-clipart	imazen-26-png-v3/png-v3/9000-lilith-ai-clipart/9070_gen_clipart_sunflower-cheerful_1024x1536.sdr.png	t3	20	16205	2175.742872990668	-71.915	
9000-lilith-ai-clipart	imazen-26-png-v3/png-v3/9000-lilith-ai-clipart/9070_gen_clipart_sunflower-cheerful_1024x1536.sdr.png	t3	32	11061	1959.841478994349	-71.966	
9000-lilith-ai-clipart	imazen-26-png-v3/png-v3/9000-lilith-ai-clipart/9070_gen_clipart_sunflower-cheerful_1024x1536.sdr.png	t3	44	6587	1583.9625889930176	-71.617	
9000-lilith-ai-clipart	imazen-26-png-v3/png-v3/9000-lilith-ai-clipart/9070_gen_clipart_sunflower-cheerful_1024x1536.sdr.png	t4	20	15615	2089.4140059972415	-71.937	
9000-lilith-ai-clipart	imazen-26-png-v3/png-v3/9000-lilith-ai-clipart/9070_gen_clipart_sunflower-cheerful_1024x1536.sdr.png	t4	32	10796	1972.4339020031039	-71.960	
9000-lilith-ai-clipart	imazen-26-png-v3/png-v3/9000-lilith-ai-clipart/9070_gen_clipart_sunflower-cheerful_1024x1536.sdr.png	t4	44	6420	1081.1514450033428	-71.643	
9000-lilith-ai-clipart	imazen-26-png-v3/png-v3/9000-lilith-ai-clipart/9070_gen_clipart_sunflower-cheerful_1024x1536.sdr.png	st	20	16205	1790.5122049996862	-71.915	
9000-lilith-ai-clipart	imazen-26-png-v3/png-v3/9000-lilith-ai-clipart/9070_gen_clipart_sunflower-cheerful_1024x1536.sdr.png	st	32	11061	1737.2612110048067	-71.966	
9000-lilith-ai-clipart	imazen-26-png-v3/png-v3/9000-lilith-ai-clipart/9070_gen_clipart_sunflower-cheerful_1024x1536.sdr.png	st	44	6587	1104.616074997466	-71.617	
9000-lilith-ai-clipart	imazen-26-png-v3/png-v3/9000-lilith-ai-clipart/9070_gen_clipart_sunflower-cheerful_1024x1536.sdr.png	st_ac06	20	16210	1872.704375986359	-71.915	
9000-lilith-ai-clipart	imazen-26-png-v3/png-v3/9000-lilith-ai-clipart/9070_gen_clipart_sunflower-cheerful_1024x1536.sdr.png	st_ac06	32	11076	1458.9672139991308	-71.973	
9000-lilith-ai-clipart	imazen-26-png-v3/png-v3/9000-lilith-ai-clipart/9070_gen_clipart_sunflower-cheerful_1024x1536.sdr.png	st_ac06	44	6596	1196.873439999763	-71.623	
9000-lilith-ai-clipart	imazen-26-png-v3/png-v3/9000-lilith-ai-clipart/9070_gen_clipart_sunflower-cheerful_1024x1536.sdr.png	st_ac10	20	16204	2093.963815990719	-71.918	
9000-lilith-ai-clipart	imazen-26-png-v3/png-v3/9000-lilith-ai-clipart/9070_gen_clipart_sunflower-cheerful_1024x1536.sdr.png	st_ac10	32	11064	1693.9055389957502	-71.969	
9000-lilith-ai-clipart	imazen-26-png-v3/png-v3/9000-lilith-ai-clipart/9070_gen_clipart_sunflower-cheerful_1024x1536.sdr.png	st_ac10	44	6591	1189.2346249951515	-71.686	
9000-lilith-ai-clipart	imazen-26-png-v3/png-v3/9000-lilith-ai-clipart/9070_gen_clipart_sunflower-cheerful_1024x1536.sdr.png	st_ac20	20	16230	2019.5518390100915	-71.914	
9000-lilith-ai-clipart	imazen-26-png-v3/png-v3/9000-lilith-ai-clipart/9070_gen_clipart_sunflower-cheerful_1024x1536.sdr.png	st_ac20	32	11062	1734.494686999824	-71.972	
9000-lilith-ai-clipart	imazen-26-png-v3/png-v3/9000-lilith-ai-clipart/9070_gen_clipart_sunflower-cheerful_1024x1536.sdr.png	st_ac20	44	6596	1164.3765890039504	-71.673	
9000-lilith-ai-clipart	imazen-26-png-v3/png-v3/9000-lilith-ai-clipart/9070_gen_clipart_sunflower-cheerful_1024x1536.sdr.png	st_vb4	20	16536	2186.1563790007494	-71.906	
9000-lilith-ai-clipart	imazen-26-png-v3/png-v3/9000-lilith-ai-clipart/9070_gen_clipart_sunflower-cheerful_1024x1536.sdr.png	st_vb4	32	11419	1545.832359988708	-71.879	
9000-lilith-ai-clipart	imazen-26-png-v3/png-v3/9000-lilith-ai-clipart/9070_gen_clipart_sunflower-cheerful_1024x1536.sdr.png	st_vb4	44	7093	1169.8175519995857	-71.628	
9000-lilith-ai-clipart	imazen-26-png-v3/png-v3/9000-lilith-ai-clipart/9070_gen_clipart_sunflower-cheerful_1024x1536.sdr.png	st_ac10vb4	20	16511	2144.2092009965563	-71.932	
9000-lilith-ai-clipart	imazen-26-png-v3/png-v3/9000-lilith-ai-clipart/9070_gen_clipart_sunflower-cheerful_1024x1536.sdr.png	st_ac10vb4	32	11411	1882.145113995648	-71.928	
9000-lilith-ai-clipart	imazen-26-png-v3/png-v3/9000-lilith-ai-clipart/9070_gen_clipart_sunflower-cheerful_1024x1536.sdr.png	st_ac10vb4	44	7106	1148.8714849983808	-71.620	
9000-lilith-ai-clipart	imazen-26-png-v3/png-v3/9000-lilith-ai-clipart/9070_gen_clipart_sunflower-cheerful_1024x1536.sdr.png	st_oct6	20	14656	2070.9806109953206	-71.916	
9000-lilith-ai-clipart	imazen-26-png-v3/png-v3/9000-lilith-ai-clipart/9070_gen_clipart_sunflower-cheerful_1024x1536.sdr.png	st_oct6	32	9420	1470.9634939936223	-71.844	
9000-lilith-ai-clipart	imazen-26-png-v3/png-v3/9000-lilith-ai-clipart/9070_gen_clipart_sunflower-cheerful_1024x1536.sdr.png	st_oct6	44	5551	1150.1723550027236	-71.789	
9000-lilith-ai-clipart	imazen-26-png-v3/png-v3/9000-lilith-ai-clipart/9070_gen_clipart_sunflower-cheerful_1024x1536.sdr.png	st_oct7	20	13809	1994.3349110108102	-71.947	
9000-lilith-ai-clipart	imazen-26-png-v3/png-v3/9000-lilith-ai-clipart/9070_gen_clipart_sunflower-cheerful_1024x1536.sdr.png	st_oct7	32	8680	1657.483344009961	-71.803	
9000-lilith-ai-clipart	imazen-26-png-v3/png-v3/9000-lilith-ai-clipart/9070_gen_clipart_sunflower-cheerful_1024x1536.sdr.png	st_oct7	44	5070	1170.3445720049785	-71.627	
9094-lilith-ai-illustrations	imazen-26-png-v3/png-v3/9094-lilith-ai-illustrations/9100_gen_illustrations_bath-candles-evening_1024x1536.sdr.png	t1	20	36003	3353.3789109933423	-64.230	
9094-lilith-ai-illustrations	imazen-26-png-v3/png-v3/9094-lilith-ai-illustrations/9100_gen_illustrations_bath-candles-evening_1024x1536.sdr.png	t1	32	14726	1988.3514889952494	-64.229	
9094-lilith-ai-illustrations	imazen-26-png-v3/png-v3/9094-lilith-ai-illustrations/9100_gen_illustrations_bath-candles-evening_1024x1536.sdr.png	t1	44	4021	708.9279259962495	-64.209	
9094-lilith-ai-illustrations	imazen-26-png-v3/png-v3/9094-lilith-ai-illustrations/9100_gen_illustrations_bath-candles-evening_1024x1536.sdr.png	t2	20	35937	3175.3987700067228	-64.230	
9094-lilith-ai-illustrations	imazen-26-png-v3/png-v3/9094-lilith-ai-illustrations/9100_gen_illustrations_bath-candles-evening_1024x1536.sdr.png	t2	32	14327	1885.523610006203	-64.229	
9094-lilith-ai-illustrations	imazen-26-png-v3/png-v3/9094-lilith-ai-illustrations/9100_gen_illustrations_bath-candles-evening_1024x1536.sdr.png	t2	44	3837	861.3023439975223	-64.212	
9094-lilith-ai-illustrations	imazen-26-png-v3/png-v3/9094-lilith-ai-illustrations/9100_gen_illustrations_bath-candles-evening_1024x1536.sdr.png	t3	20	48039	3587.0331790065393	-64.230	
9094-lilith-ai-illustrations	imazen-26-png-v3/png-v3/9094-lilith-ai-illustrations/9100_gen_illustrations_bath-candles-evening_1024x1536.sdr.png	t3	32	27682	2437.1330499998294	-64.230	
9094-lilith-ai-illustrations	imazen-26-png-v3/png-v3/9094-lilith-ai-illustrations/9100_gen_illustrations_bath-candles-evening_1024x1536.sdr.png	t3	44	10149	1044.3959170079324	-64.229	
9094-lilith-ai-illustrations	imazen-26-png-v3/png-v3/9094-lilith-ai-illustrations/9100_gen_illustrations_bath-candles-evening_1024x1536.sdr.png	t4	20	47212	3184.711353998864	-64.230	
9094-lilith-ai-illustrations	imazen-26-png-v3/png-v3/9094-lilith-ai-illustrations/9100_gen_illustrations_bath-candles-evening_1024x1536.sdr.png	t4	32	26171	1946.0843440028839	-64.229	
9094-lilith-ai-illustrations	imazen-26-png-v3/png-v3/9094-lilith-ai-illustrations/9100_gen_illustrations_bath-candles-evening_1024x1536.sdr.png	t4	44	8236	665.0407859997358	-64.229	
9094-lilith-ai-illustrations	imazen-26-png-v3/png-v3/9094-lilith-ai-illustrations/9100_gen_illustrations_bath-candles-evening_1024x1536.sdr.png	st	20	48039	3165.5657259980217	-64.230	
9094-lilith-ai-illustrations	imazen-26-png-v3/png-v3/9094-lilith-ai-illustrations/9100_gen_illustrations_bath-candles-evening_1024x1536.sdr.png	st	32	27682	2067.7377929969225	-64.230	
9094-lilith-ai-illustrations	imazen-26-png-v3/png-v3/9094-lilith-ai-illustrations/9100_gen_illustrations_bath-candles-evening_1024x1536.sdr.png	st	44	10149	818.5563310107682	-64.229	
9094-lilith-ai-illustrations	imazen-26-png-v3/png-v3/9094-lilith-ai-illustrations/9100_gen_illustrations_bath-candles-evening_1024x1536.sdr.png	st_ac06	20	48104	3421.8740630021784	-64.230	
9094-lilith-ai-illustrations	imazen-26-png-v3/png-v3/9094-lilith-ai-illustrations/9100_gen_illustrations_bath-candles-evening_1024x1536.sdr.png	st_ac06	32	27657	2225.543824999477	-64.229	
9094-lilith-ai-illustrations	imazen-26-png-v3/png-v3/9094-lilith-ai-illustrations/9100_gen_illustrations_bath-candles-evening_1024x1536.sdr.png	st_ac06	44	10184	1022.0873030048097	-64.229	
9094-lilith-ai-illustrations	imazen-26-png-v3/png-v3/9094-lilith-ai-illustrations/9100_gen_illustrations_bath-candles-evening_1024x1536.sdr.png	st_ac10	20	48076	3465.966424002545	-64.230	
9094-lilith-ai-illustrations	imazen-26-png-v3/png-v3/9094-lilith-ai-illustrations/9100_gen_illustrations_bath-candles-evening_1024x1536.sdr.png	st_ac10	32	27687	2111.728019997827	-64.229	
9094-lilith-ai-illustrations	imazen-26-png-v3/png-v3/9094-lilith-ai-illustrations/9100_gen_illustrations_bath-candles-evening_1024x1536.sdr.png	st_ac10	44	10178	808.2016370026395	-64.229	
9094-lilith-ai-illustrations	imazen-26-png-v3/png-v3/9094-lilith-ai-illustrations/9100_gen_illustrations_bath-candles-evening_1024x1536.sdr.png	st_ac20	20	48180	3174.7397080034716	-64.230	
9094-lilith-ai-illustrations	imazen-26-png-v3/png-v3/9094-lilith-ai-illustrations/9100_gen_illustrations_bath-candles-evening_1024x1536.sdr.png	st_ac20	32	27718	2218.1804519932484	-64.230	
9094-lilith-ai-illustrations	imazen-26-png-v3/png-v3/9094-lilith-ai-illustrations/9100_gen_illustrations_bath-candles-evening_1024x1536.sdr.png	st_ac20	44	10178	1022.0468170009553	-64.229	
9094-lilith-ai-illustrations	imazen-26-png-v3/png-v3/9094-lilith-ai-illustrations/9100_gen_illustrations_bath-candles-evening_1024x1536.sdr.png	st_vb4	20	50166	3423.5977869975613	-64.230	
9094-lilith-ai-illustrations	imazen-26-png-v3/png-v3/9094-lilith-ai-illustrations/9100_gen_illustrations_bath-candles-evening_1024x1536.sdr.png	st_vb4	32	29631	2233.988992011291	-64.229	
9094-lilith-ai-illustrations	imazen-26-png-v3/png-v3/9094-lilith-ai-illustrations/9100_gen_illustrations_bath-candles-evening_1024x1536.sdr.png	st_vb4	44	11484	1142.2140620124992	-64.229	
9094-lilith-ai-illustrations	imazen-26-png-v3/png-v3/9094-lilith-ai-illustrations/9100_gen_illustrations_bath-candles-evening_1024x1536.sdr.png	st_ac10vb4	20	50138	3517.430374005926	-64.230	
9094-lilith-ai-illustrations	imazen-26-png-v3/png-v3/9094-lilith-ai-illustrations/9100_gen_illustrations_bath-candles-evening_1024x1536.sdr.png	st_ac10vb4	32	29689	2210.9367759985616	-64.229	
9094-lilith-ai-illustrations	imazen-26-png-v3/png-v3/9094-lilith-ai-illustrations/9100_gen_illustrations_bath-candles-evening_1024x1536.sdr.png	st_ac10vb4	44	11544	962.3847379989456	-64.229	
9094-lilith-ai-illustrations	imazen-26-png-v3/png-v3/9094-lilith-ai-illustrations/9100_gen_illustrations_bath-candles-evening_1024x1536.sdr.png	st_oct6	20	47072	3510.268593992805	-64.230	
9094-lilith-ai-illustrations	imazen-26-png-v3/png-v3/9094-lilith-ai-illustrations/9100_gen_illustrations_bath-candles-evening_1024x1536.sdr.png	st_oct6	32	26327	2188.5962820088025	-64.230	
9094-lilith-ai-illustrations	imazen-26-png-v3/png-v3/9094-lilith-ai-illustrations/9100_gen_illustrations_bath-candles-evening_1024x1536.sdr.png	st_oct6	44	9217	829.0909549978096	-64.229	
9094-lilith-ai-illustrations	imazen-26-png-v3/png-v3/9094-lilith-ai-illustrations/9100_gen_illustrations_bath-candles-evening_1024x1536.sdr.png	st_oct7	20	43717	3422.434477994102	-64.230	
9094-lilith-ai-illustrations	imazen-26-png-v3/png-v3/9094-lilith-ai-illustrations/9100_gen_illustrations_bath-candles-evening_1024x1536.sdr.png	st_oct7	32	22870	2308.8262770033907	-64.229	
9094-lilith-ai-illustrations	imazen-26-png-v3/png-v3/9094-lilith-ai-illustrations/9100_gen_illustrations_bath-candles-evening_1024x1536.sdr.png	st_oct7	44	7751	849.8970459913835	-64.229	
9094-lilith-ai-illustrations	imazen-26-png-v3/png-v3/9094-lilith-ai-illustrations/9135_gen_illustrations_old-fisherman-river_1024x1536.sdr.png	t1	20	45150	3185.2820080093807	-77.871	
9094-lilith-ai-illustrations	imazen-26-png-v3/png-v3/9094-lilith-ai-illustrations/9135_gen_illustrations_old-fisherman-river_1024x1536.sdr.png	t1	32	20991	1993.3970909914933	-76.269	
9094-lilith-ai-illustrations	imazen-26-png-v3/png-v3/9094-lilith-ai-illustrations/9135_gen_illustrations_old-fisherman-river_1024x1536.sdr.png	t1	44	6968	791.580493998481	-73.167	
9094-lilith-ai-illustrations	imazen-26-png-v3/png-v3/9094-lilith-ai-illustrations/9135_gen_illustrations_old-fisherman-river_1024x1536.sdr.png	t2	20	44864	3216.132583009312	-77.736	
9094-lilith-ai-illustrations	imazen-26-png-v3/png-v3/9094-lilith-ai-illustrations/9135_gen_illustrations_old-fisherman-river_1024x1536.sdr.png	t2	32	20655	1787.077892004163	-76.696	
9094-lilith-ai-illustrations	imazen-26-png-v3/png-v3/9094-lilith-ai-illustrations/9135_gen_illustrations_old-fisherman-river_1024x1536.sdr.png	t2	44	6659	806.550460998551	-73.427	
9094-lilith-ai-illustrations	imazen-26-png-v3/png-v3/9094-lilith-ai-illustrations/9135_gen_illustrations_old-fisherman-river_1024x1536.sdr.png	t3	20	55710	3756.7024690069957	-77.951	
9094-lilith-ai-illustrations	imazen-26-png-v3/png-v3/9094-lilith-ai-illustrations/9135_gen_illustrations_old-fisherman-river_1024x1536.sdr.png	t3	32	32079	2478.8171089894604	-77.602	
9094-lilith-ai-illustrations	imazen-26-png-v3/png-v3/9094-lilith-ai-illustrations/9135_gen_illustrations_old-fisherman-river_1024x1536.sdr.png	t3	44	12886	1223.0977800063556	-76.517	
9094-lilith-ai-illustrations	imazen-26-png-v3/png-v3/9094-lilith-ai-illustrations/9135_gen_illustrations_old-fisherman-river_1024x1536.sdr.png	t4	20	54624	3374.4657559873303	-77.916	
9094-lilith-ai-illustrations	imazen-26-png-v3/png-v3/9094-lilith-ai-illustrations/9135_gen_illustrations_old-fisherman-river_1024x1536.sdr.png	t4	32	31764	2280.72365000844	-77.652	
9094-lilith-ai-illustrations	imazen-26-png-v3/png-v3/9094-lilith-ai-illustrations/9135_gen_illustrations_old-fisherman-river_1024x1536.sdr.png	t4	44	12290	1074.372792005306	-76.082	
9094-lilith-ai-illustrations	imazen-26-png-v3/png-v3/9094-lilith-ai-illustrations/9135_gen_illustrations_old-fisherman-river_1024x1536.sdr.png	st	20	55710	3600.418708010693	-77.951	
9094-lilith-ai-illustrations	imazen-26-png-v3/png-v3/9094-lilith-ai-illustrations/9135_gen_illustrations_old-fisherman-river_1024x1536.sdr.png	st	32	32079	2286.2654339987785	-77.602	
9094-lilith-ai-illustrations	imazen-26-png-v3/png-v3/9094-lilith-ai-illustrations/9135_gen_illustrations_old-fisherman-river_1024x1536.sdr.png	st	44	12886	1206.2267720029922	-76.517	
9094-lilith-ai-illustrations	imazen-26-png-v3/png-v3/9094-lilith-ai-illustrations/9135_gen_illustrations_old-fisherman-river_1024x1536.sdr.png	st_ac06	20	55805	3591.653662995668	-78.015	
9094-lilith-ai-illustrations	imazen-26-png-v3/png-v3/9094-lilith-ai-illustrations/9135_gen_illustrations_old-fisherman-river_1024x1536.sdr.png	st_ac06	32	32047	2396.5853709960356	-77.715	
9094-lilith-ai-illustrations	imazen-26-png-v3/png-v3/9094-lilith-ai-illustrations/9135_gen_illustrations_old-fisherman-river_1024x1536.sdr.png	st_ac06	44	12876	1012.1597810066305	-76.452	
9094-lilith-ai-illustrations	imazen-26-png-v3/png-v3/9094-lilith-ai-illustrations/9135_gen_illustrations_old-fisherman-river_1024x1536.sdr.png	st_ac10	20	55761	3550.816464005038	-78.063	
9094-lilith-ai-illustrations	imazen-26-png-v3/png-v3/9094-lilith-ai-illustrations/9135_gen_illustrations_old-fisherman-river_1024x1536.sdr.png	st_ac10	32	32105	2280.14947999327	-77.704	
9094-lilith-ai-illustrations	imazen-26-png-v3/png-v3/9094-lilith-ai-illustrations/9135_gen_illustrations_old-fisherman-river_1024x1536.sdr.png	st_ac10	44	12890	1112.839590990916	-76.677	
9094-lilith-ai-illustrations	imazen-26-png-v3/png-v3/9094-lilith-ai-illustrations/9135_gen_illustrations_old-fisherman-river_1024x1536.sdr.png	st_ac20	20	55803	3505.2155680023134	-77.994	
9094-lilith-ai-illustrations	imazen-26-png-v3/png-v3/9094-lilith-ai-illustrations/9135_gen_illustrations_old-fisherman-river_1024x1536.sdr.png	st_ac20	32	32137	2471.0528740106383	-77.817	
9094-lilith-ai-illustrations	imazen-26-png-v3/png-v3/9094-lilith-ai-illustrations/9135_gen_illustrations_old-fisherman-river_1024x1536.sdr.png	st_ac20	44	12903	1201.0695280041546	-76.688	
9094-lilith-ai-illustrations	imazen-26-png-v3/png-v3/9094-lilith-ai-illustrations/9135_gen_illustrations_old-fisherman-river_1024x1536.sdr.png	st_vb4	20	57628	3724.989406997338	-77.928	
9094-lilith-ai-illustrations	imazen-26-png-v3/png-v3/9094-lilith-ai-illustrations/9135_gen_illustrations_old-fisherman-river_1024x1536.sdr.png	st_vb4	32	34225	2425.3269499895396	-77.706	
9094-lilith-ai-illustrations	imazen-26-png-v3/png-v3/9094-lilith-ai-illustrations/9135_gen_illustrations_old-fisherman-river_1024x1536.sdr.png	st_vb4	44	14380	1135.7384250004543	-76.798	
9094-lilith-ai-illustrations	imazen-26-png-v3/png-v3/9094-lilith-ai-illustrations/9135_gen_illustrations_old-fisherman-river_1024x1536.sdr.png	st_ac10vb4	20	57683	4063.684344990179	-77.920	
9094-lilith-ai-illustrations	imazen-26-png-v3/png-v3/9094-lilith-ai-illustrations/9135_gen_illustrations_old-fisherman-river_1024x1536.sdr.png	st_ac10vb4	32	34232	2578.5116180049954	-77.667	
9094-lilith-ai-illustrations	imazen-26-png-v3/png-v3/9094-lilith-ai-illustrations/9135_gen_illustrations_old-fisherman-river_1024x1536.sdr.png	st_ac10vb4	44	14418	1370.0569240027107	-76.754	
9094-lilith-ai-illustrations	imazen-26-png-v3/png-v3/9094-lilith-ai-illustrations/9135_gen_illustrations_old-fisherman-river_1024x1536.sdr.png	st_oct6	20	53850	4002.311528995051	-77.913	
9094-lilith-ai-illustrations	imazen-26-png-v3/png-v3/9094-lilith-ai-illustrations/9135_gen_illustrations_old-fisherman-river_1024x1536.sdr.png	st_oct6	32	29913	2315.2733510069083	-77.621	
9094-lilith-ai-illustrations	imazen-26-png-v3/png-v3/9094-lilith-ai-illustrations/9135_gen_illustrations_old-fisherman-river_1024x1536.sdr.png	st_oct6	44	11687	1132.9194529971574	-76.109	
9094-lilith-ai-illustrations	imazen-26-png-v3/png-v3/9094-lilith-ai-illustrations/9135_gen_illustrations_old-fisherman-river_1024x1536.sdr.png	st_oct7	20	49778	3847.8578929934883	-77.950	
9094-lilith-ai-illustrations	imazen-26-png-v3/png-v3/9094-lilith-ai-illustrations/9135_gen_illustrations_old-fisherman-river_1024x1536.sdr.png	st_oct7	32	26215	2347.9456450004363	-77.579	
9094-lilith-ai-illustrations	imazen-26-png-v3/png-v3/9094-lilith-ai-illustrations/9135_gen_illustrations_old-fisherman-river_1024x1536.sdr.png	st_oct7	44	9781	1000.7398849993479	-75.264	
9226-lilith-ai-products	imazen-26-png-v3/png-v3/9226-lilith-ai-products/beauty/9303_gen_products-beauty_florwell-bath-soak-back_ingredients_p0074_1024x1536.sdr.png	t1	20	25800	2407.772013990325	-64.065	
9226-lilith-ai-products	imazen-26-png-v3/png-v3/9226-lilith-ai-products/beauty/9303_gen_products-beauty_florwell-bath-soak-back_ingredients_p0074_1024x1536.sdr.png	t1	32	13417	1312.5111249973997	-63.997	
9226-lilith-ai-products	imazen-26-png-v3/png-v3/9226-lilith-ai-products/beauty/9303_gen_products-beauty_florwell-bath-soak-back_ingredients_p0074_1024x1536.sdr.png	t1	44	7009	725.4606020142091	-64.071	
9226-lilith-ai-products	imazen-26-png-v3/png-v3/9226-lilith-ai-products/beauty/9303_gen_products-beauty_florwell-bath-soak-back_ingredients_p0074_1024x1536.sdr.png	t2	20	26140	2409.6191319986247	-64.067	
9226-lilith-ai-products	imazen-26-png-v3/png-v3/9226-lilith-ai-products/beauty/9303_gen_products-beauty_florwell-bath-soak-back_ingredients_p0074_1024x1536.sdr.png	t2	32	12746	1324.8716570087709	-64.000	
9226-lilith-ai-products	imazen-26-png-v3/png-v3/9226-lilith-ai-products/beauty/9303_gen_products-beauty_florwell-bath-soak-back_ingredients_p0074_1024x1536.sdr.png	t2	44	6449	797.1641460026149	-64.063	
9226-lilith-ai-products	imazen-26-png-v3/png-v3/9226-lilith-ai-products/beauty/9303_gen_products-beauty_florwell-bath-soak-back_ingredients_p0074_1024x1536.sdr.png	t3	20	38349	3420.1044729998102	-64.063	
9226-lilith-ai-products	imazen-26-png-v3/png-v3/9226-lilith-ai-products/beauty/9303_gen_products-beauty_florwell-bath-soak-back_ingredients_p0074_1024x1536.sdr.png	t3	32	21035	2034.2394299950683	-64.070	
9226-lilith-ai-products	imazen-26-png-v3/png-v3/9226-lilith-ai-products/beauty/9303_gen_products-beauty_florwell-bath-soak-back_ingredients_p0074_1024x1536.sdr.png	t3	44	8553	930.6444539979566	-64.046	
9226-lilith-ai-products	imazen-26-png-v3/png-v3/9226-lilith-ai-products/beauty/9303_gen_products-beauty_florwell-bath-soak-back_ingredients_p0074_1024x1536.sdr.png	t4	20	38061	3333.2063450070564	-64.066	
9226-lilith-ai-products	imazen-26-png-v3/png-v3/9226-lilith-ai-products/beauty/9303_gen_products-beauty_florwell-bath-soak-back_ingredients_p0074_1024x1536.sdr.png	t4	32	19922	1825.3608419909142	-64.067	
9226-lilith-ai-products	imazen-26-png-v3/png-v3/9226-lilith-ai-products/beauty/9303_gen_products-beauty_florwell-bath-soak-back_ingredients_p0074_1024x1536.sdr.png	t4	44	8475	797.5618510099594	-64.074	
9226-lilith-ai-products	imazen-26-png-v3/png-v3/9226-lilith-ai-products/beauty/9303_gen_products-beauty_florwell-bath-soak-back_ingredients_p0074_1024x1536.sdr.png	st	20	38349	3309.651435003616	-64.063	
9226-lilith-ai-products	imazen-26-png-v3/png-v3/9226-lilith-ai-products/beauty/9303_gen_products-beauty_florwell-bath-soak-back_ingredients_p0074_1024x1536.sdr.png	st	32	21035	1873.7842069967883	-64.070	
9226-lilith-ai-products	imazen-26-png-v3/png-v3/9226-lilith-ai-products/beauty/9303_gen_products-beauty_florwell-bath-soak-back_ingredients_p0074_1024x1536.sdr.png	st	44	8553	926.4113560057012	-64.046	
9226-lilith-ai-products	imazen-26-png-v3/png-v3/9226-lilith-ai-products/beauty/9303_gen_products-beauty_florwell-bath-soak-back_ingredients_p0074_1024x1536.sdr.png	st_ac06	20	38345	3143.2819000037853	-64.070	
9226-lilith-ai-products	imazen-26-png-v3/png-v3/9226-lilith-ai-products/beauty/9303_gen_products-beauty_florwell-bath-soak-back_ingredients_p0074_1024x1536.sdr.png	st_ac06	32	21006	1942.371352997725	-64.075	
9226-lilith-ai-products	imazen-26-png-v3/png-v3/9226-lilith-ai-products/beauty/9303_gen_products-beauty_florwell-bath-soak-back_ingredients_p0074_1024x1536.sdr.png	st_ac06	44	8564	726.1380279960576	-64.053	
9226-lilith-ai-products	imazen-26-png-v3/png-v3/9226-lilith-ai-products/beauty/9303_gen_products-beauty_florwell-bath-soak-back_ingredients_p0074_1024x1536.sdr.png	st_ac10	20	38425	3001.8162279884564	-64.066	
9226-lilith-ai-products	imazen-26-png-v3/png-v3/9226-lilith-ai-products/beauty/9303_gen_products-beauty_florwell-bath-soak-back_ingredients_p0074_1024x1536.sdr.png	st_ac10	32	21012	1630.898449991946	-64.066	
9226-lilith-ai-products	imazen-26-png-v3/png-v3/9226-lilith-ai-products/beauty/9303_gen_products-beauty_florwell-bath-soak-back_ingredients_p0074_1024x1536.sdr.png	st_ac10	44	8566	729.1241689963499	-64.038	
9226-lilith-ai-products	imazen-26-png-v3/png-v3/9226-lilith-ai-products/beauty/9303_gen_products-beauty_florwell-bath-soak-back_ingredients_p0074_1024x1536.sdr.png	st_ac20	20	38453	3116.94546698709	-64.068	
9226-lilith-ai-products	imazen-26-png-v3/png-v3/9226-lilith-ai-products/beauty/9303_gen_products-beauty_florwell-bath-soak-back_ingredients_p0074_1024x1536.sdr.png	st_ac20	32	21069	1861.4265799988061	-64.071	
9226-lilith-ai-products	imazen-26-png-v3/png-v3/9226-lilith-ai-products/beauty/9303_gen_products-beauty_florwell-bath-soak-back_ingredients_p0074_1024x1536.sdr.png	st_ac20	44	8588	877.5006950017996	-64.054	
9226-lilith-ai-products	imazen-26-png-v3/png-v3/9226-lilith-ai-products/beauty/9303_gen_products-beauty_florwell-bath-soak-back_ingredients_p0074_1024x1536.sdr.png	st_vb4	20	39504	3130.9747179911938	-64.072	
9226-lilith-ai-products	imazen-26-png-v3/png-v3/9226-lilith-ai-products/beauty/9303_gen_products-beauty_florwell-bath-soak-back_ingredients_p0074_1024x1536.sdr.png	st_vb4	32	22133	1800.0368109933333	-64.069	
9226-lilith-ai-products	imazen-26-png-v3/png-v3/9226-lilith-ai-products/beauty/9303_gen_products-beauty_florwell-bath-soak-back_ingredients_p0074_1024x1536.sdr.png	st_vb4	44	9651	864.6483479969902	-64.076	
9226-lilith-ai-products	imazen-26-png-v3/png-v3/9226-lilith-ai-products/beauty/9303_gen_products-beauty_florwell-bath-soak-back_ingredients_p0074_1024x1536.sdr.png	st_ac10vb4	20	39518	3408.680328997434	-64.069	
9226-lilith-ai-products	imazen-26-png-v3/png-v3/9226-lilith-ai-products/beauty/9303_gen_products-beauty_florwell-bath-soak-back_ingredients_p0074_1024x1536.sdr.png	st_ac10vb4	32	22102	1879.4705549953505	-64.070	
9226-lilith-ai-products	imazen-26-png-v3/png-v3/9226-lilith-ai-products/beauty/9303_gen_products-beauty_florwell-bath-soak-back_ingredients_p0074_1024x1536.sdr.png	st_ac10vb4	44	9670	846.7095920059364	-64.081	
9226-lilith-ai-products	imazen-26-png-v3/png-v3/9226-lilith-ai-products/beauty/9303_gen_products-beauty_florwell-bath-soak-back_ingredients_p0074_1024x1536.sdr.png	st_oct6	20	36274	3054.181840008823	-64.070	
9226-lilith-ai-products	imazen-26-png-v3/png-v3/9226-lilith-ai-products/beauty/9303_gen_products-beauty_florwell-bath-soak-back_ingredients_p0074_1024x1536.sdr.png	st_oct6	32	19145	1722.51189200324	-64.073	
9226-lilith-ai-products	imazen-26-png-v3/png-v3/9226-lilith-ai-products/beauty/9303_gen_products-beauty_florwell-bath-soak-back_ingredients_p0074_1024x1536.sdr.png	st_oct6	44	7794	799.5904440031154	-64.064	
9226-lilith-ai-products	imazen-26-png-v3/png-v3/9226-lilith-ai-products/beauty/9303_gen_products-beauty_florwell-bath-soak-back_ingredients_p0074_1024x1536.sdr.png	st_oct7	20	34509	3468.720503995428	-64.078	
9226-lilith-ai-products	imazen-26-png-v3/png-v3/9226-lilith-ai-products/beauty/9303_gen_products-beauty_florwell-bath-soak-back_ingredients_p0074_1024x1536.sdr.png	st_oct7	32	17916	1674.036497992347	-64.071	
9226-lilith-ai-products	imazen-26-png-v3/png-v3/9226-lilith-ai-products/beauty/9303_gen_products-beauty_florwell-bath-soak-back_ingredients_p0074_1024x1536.sdr.png	st_oct7	44	7347	714.4846290029818	-64.047	
9226-lilith-ai-products	imazen-26-png-v3/png-v3/9226-lilith-ai-products/home/kitchen/9817_gen_products-home-kitchen_fieldstone-glass-storage-set_p0578_1536x1024.sdr.png	t1	20	22528	2622.6163420069497	-32.176	
9226-lilith-ai-products	imazen-26-png-v3/png-v3/9226-lilith-ai-products/home/kitchen/9817_gen_products-home-kitchen_fieldstone-glass-storage-set_p0578_1536x1024.sdr.png	t1	32	13065	1558.8449710048735	-32.481	
9226-lilith-ai-products	imazen-26-png-v3/png-v3/9226-lilith-ai-products/home/kitchen/9817_gen_products-home-kitchen_fieldstone-glass-storage-set_p0578_1536x1024.sdr.png	t1	44	6531	1083.3266159897903	-32.835	
9226-lilith-ai-products	imazen-26-png-v3/png-v3/9226-lilith-ai-products/home/kitchen/9817_gen_products-home-kitchen_fieldstone-glass-storage-set_p0578_1536x1024.sdr.png	t2	20	21928	2623.144775003311	-32.206	
9226-lilith-ai-products	imazen-26-png-v3/png-v3/9226-lilith-ai-products/home/kitchen/9817_gen_products-home-kitchen_fieldstone-glass-storage-set_p0578_1536x1024.sdr.png	t2	32	12774	2012.6133919984568	-32.409	
9226-lilith-ai-products	imazen-26-png-v3/png-v3/9226-lilith-ai-products/home/kitchen/9817_gen_products-home-kitchen_fieldstone-glass-storage-set_p0578_1536x1024.sdr.png	t2	44	6350	1266.3971750007477	-32.573	
9226-lilith-ai-products	imazen-26-png-v3/png-v3/9226-lilith-ai-products/home/kitchen/9817_gen_products-home-kitchen_fieldstone-glass-storage-set_p0578_1536x1024.sdr.png	t3	20	27937	2891.980461005005	-32.187	
9226-lilith-ai-products	imazen-26-png-v3/png-v3/9226-lilith-ai-products/home/kitchen/9817_gen_products-home-kitchen_fieldstone-glass-storage-set_p0578_1536x1024.sdr.png	t3	32	17062	2205.8263320068363	-32.446	
9226-lilith-ai-products	imazen-26-png-v3/png-v3/9226-lilith-ai-products/home/kitchen/9817_gen_products-home-kitchen_fieldstone-glass-storage-set_p0578_1536x1024.sdr.png	t3	44	8567	1645.9184819977963	-32.686	
9226-lilith-ai-products	imazen-26-png-v3/png-v3/9226-lilith-ai-products/home/kitchen/9817_gen_products-home-kitchen_fieldstone-glass-storage-set_p0578_1536x1024.sdr.png	t4	20	27083	2501.295313995797	-32.188	
9226-lilith-ai-products	imazen-26-png-v3/png-v3/9226-lilith-ai-products/home/kitchen/9817_gen_products-home-kitchen_fieldstone-glass-storage-set_p0578_1536x1024.sdr.png	t4	32	16706	1906.375738006318	-32.367	
9226-lilith-ai-products	imazen-26-png-v3/png-v3/9226-lilith-ai-products/home/kitchen/9817_gen_products-home-kitchen_fieldstone-glass-storage-set_p0578_1536x1024.sdr.png	t4	44	8258	1271.1457330005942	-32.643	
9226-lilith-ai-products	imazen-26-png-v3/png-v3/9226-lilith-ai-products/home/kitchen/9817_gen_products-home-kitchen_fieldstone-glass-storage-set_p0578_1536x1024.sdr.png	st	20	27937	2536.4753100002417	-32.187	
9226-lilith-ai-products	imazen-26-png-v3/png-v3/9226-lilith-ai-products/home/kitchen/9817_gen_products-home-kitchen_fieldstone-glass-storage-set_p0578_1536x1024.sdr.png	st	32	17062	1806.723207992036	-32.446	
9226-lilith-ai-products	imazen-26-png-v3/png-v3/9226-lilith-ai-products/home/kitchen/9817_gen_products-home-kitchen_fieldstone-glass-storage-set_p0578_1536x1024.sdr.png	st	44	8567	1250.6898669962538	-32.686	
9226-lilith-ai-products	imazen-26-png-v3/png-v3/9226-lilith-ai-products/home/kitchen/9817_gen_products-home-kitchen_fieldstone-glass-storage-set_p0578_1536x1024.sdr.png	st_ac06	20	27976	2782.962256009341	-32.103	
9226-lilith-ai-products	imazen-26-png-v3/png-v3/9226-lilith-ai-products/home/kitchen/9817_gen_products-home-kitchen_fieldstone-glass-storage-set_p0578_1536x1024.sdr.png	st_ac06	32	17062	1882.985741001903	-32.371	
9226-lilith-ai-products	imazen-26-png-v3/png-v3/9226-lilith-ai-products/home/kitchen/9817_gen_products-home-kitchen_fieldstone-glass-storage-set_p0578_1536x1024.sdr.png	st_ac06	44	8569	1049.0845599997556	-32.885	
9226-lilith-ai-products	imazen-26-png-v3/png-v3/9226-lilith-ai-products/home/kitchen/9817_gen_products-home-kitchen_fieldstone-glass-storage-set_p0578_1536x1024.sdr.png	st_ac10	20	27946	2706.216256992775	-32.237	
9226-lilith-ai-products	imazen-26-png-v3/png-v3/9226-lilith-ai-products/home/kitchen/9817_gen_products-home-kitchen_fieldstone-glass-storage-set_p0578_1536x1024.sdr.png	st_ac10	32	17074	1973.9841559930937	-32.370	
9226-lilith-ai-products	imazen-26-png-v3/png-v3/9226-lilith-ai-products/home/kitchen/9817_gen_products-home-kitchen_fieldstone-glass-storage-set_p0578_1536x1024.sdr.png	st_ac10	44	8573	1333.5263229964767	-32.850	
9226-lilith-ai-products	imazen-26-png-v3/png-v3/9226-lilith-ai-products/home/kitchen/9817_gen_products-home-kitchen_fieldstone-glass-storage-set_p0578_1536x1024.sdr.png	st_ac20	20	27986	2655.919935001293	-32.191	
9226-lilith-ai-products	imazen-26-png-v3/png-v3/9226-lilith-ai-products/home/kitchen/9817_gen_products-home-kitchen_fieldstone-glass-storage-set_p0578_1536x1024.sdr.png	st_ac20	32	17058	1818.931332003558	-32.380	
9226-lilith-ai-products	imazen-26-png-v3/png-v3/9226-lilith-ai-products/home/kitchen/9817_gen_products-home-kitchen_fieldstone-glass-storage-set_p0578_1536x1024.sdr.png	st_ac20	44	8576	1380.9831430116901	-32.729	
9226-lilith-ai-products	imazen-26-png-v3/png-v3/9226-lilith-ai-products/home/kitchen/9817_gen_products-home-kitchen_fieldstone-glass-storage-set_p0578_1536x1024.sdr.png	st_vb4	20	28783	2787.121996007045	-32.171	
9226-lilith-ai-products	imazen-26-png-v3/png-v3/9226-lilith-ai-products/home/kitchen/9817_gen_products-home-kitchen_fieldstone-glass-storage-set_p0578_1536x1024.sdr.png	st_vb4	32	18042	2046.4768879901385	-32.336	
9226-lilith-ai-products	imazen-26-png-v3/png-v3/9226-lilith-ai-products/home/kitchen/9817_gen_products-home-kitchen_fieldstone-glass-storage-set_p0578_1536x1024.sdr.png	st_vb4	44	9229	1341.6926500067348	-32.572	
9226-lilith-ai-products	imazen-26-png-v3/png-v3/9226-lilith-ai-products/home/kitchen/9817_gen_products-home-kitchen_fieldstone-glass-storage-set_p0578_1536x1024.sdr.png	st_ac10vb4	20	28766	2876.764175001881	-32.089	
9226-lilith-ai-products	imazen-26-png-v3/png-v3/9226-lilith-ai-products/home/kitchen/9817_gen_products-home-kitchen_fieldstone-glass-storage-set_p0578_1536x1024.sdr.png	st_ac10vb4	32	18031	1935.2300820028177	-32.357	
9226-lilith-ai-products	imazen-26-png-v3/png-v3/9226-lilith-ai-products/home/kitchen/9817_gen_products-home-kitchen_fieldstone-glass-storage-set_p0578_1536x1024.sdr.png	st_ac10vb4	44	9216	1176.4944509923225	-32.564	
9226-lilith-ai-products	imazen-26-png-v3/png-v3/9226-lilith-ai-products/home/kitchen/9817_gen_products-home-kitchen_fieldstone-glass-storage-set_p0578_1536x1024.sdr.png	st_oct6	20	25742	2600.3704859904246	-32.245	
9226-lilith-ai-products	imazen-26-png-v3/png-v3/9226-lilith-ai-products/home/kitchen/9817_gen_products-home-kitchen_fieldstone-glass-storage-set_p0578_1536x1024.sdr.png	st_oct6	32	15253	1684.4790689938236	-32.188	
9226-lilith-ai-products	imazen-26-png-v3/png-v3/9226-lilith-ai-products/home/kitchen/9817_gen_products-home-kitchen_fieldstone-glass-storage-set_p0578_1536x1024.sdr.png	st_oct6	44	7407	1115.2272350009298	-32.922	
9226-lilith-ai-products	imazen-26-png-v3/png-v3/9226-lilith-ai-products/home/kitchen/9817_gen_products-home-kitchen_fieldstone-glass-storage-set_p0578_1536x1024.sdr.png	st_oct7	20	24122	2175.5086589982966	-32.143	
9226-lilith-ai-products	imazen-26-png-v3/png-v3/9226-lilith-ai-products/home/kitchen/9817_gen_products-home-kitchen_fieldstone-glass-storage-set_p0578_1536x1024.sdr.png	st_oct7	32	13892	1735.9966799995163	-32.323	
9226-lilith-ai-products	imazen-26-png-v3/png-v3/9226-lilith-ai-products/home/kitchen/9817_gen_products-home-kitchen_fieldstone-glass-storage-set_p0578_1536x1024.sdr.png	st_oct7	44	6734	1087.1041689970298	-32.504	
