class	image	arm	preset	qp	bytes	wall_ms	cpu_ms	ssim2	note
1000-lilith-photos-general	imazen-26-png-v3/png-v3/1000-lilith-photos-general/1033_general_stone-tunnel-lights_placa-pedro-infante-valladolid_s23u_iso800-f1p7_20230918-111620_3000x4000.sdr.png	t1	4	20	44457	373.0647790071089	2035.936	78.867	
1000-lilith-photos-general	imazen-26-png-v3/png-v3/1000-lilith-photos-general/1033_general_stone-tunnel-lights_placa-pedro-infante-valladolid_s23u_iso800-f1p7_20230918-111620_3000x4000.sdr.png	t1	4	32	24015	409.2145009926753	2319.6259999999997	63.924	
1000-lilith-photos-general	imazen-26-png-v3/png-v3/1000-lilith-photos-general/1033_general_stone-tunnel-lights_placa-pedro-infante-valladolid_s23u_iso800-f1p7_20230918-111620_3000x4000.sdr.png	t1	4	44	10511	262.6599189970875	1710.5059999999999	26.531	
1000-lilith-photos-general	imazen-26-png-v3/png-v3/1000-lilith-photos-general/1033_general_stone-tunnel-lights_placa-pedro-infante-valladolid_s23u_iso800-f1p7_20230918-111620_3000x4000.sdr.png	t1	6	20	45058	205.62726799107622	1430.117	79.185	
1000-lilith-photos-general	imazen-26-png-v3/png-v3/1000-lilith-photos-general/1033_general_stone-tunnel-lights_placa-pedro-infante-valladolid_s23u_iso800-f1p7_20230918-111620_3000x4000.sdr.png	t1	6	32	24319	184.27821400109679	749.6669999999999	63.598	
1000-lilith-photos-general	imazen-26-png-v3/png-v3/1000-lilith-photos-general/1033_general_stone-tunnel-lights_placa-pedro-infante-valladolid_s23u_iso800-f1p7_20230918-111620_3000x4000.sdr.png	t1	6	44	10569	215.83912200003397	1438.58	26.252	
1000-lilith-photos-general	imazen-26-png-v3/png-v3/1000-lilith-photos-general/1033_general_stone-tunnel-lights_placa-pedro-infante-valladolid_s23u_iso800-f1p7_20230918-111620_3000x4000.sdr.png	t1	8	20	44924	189.1241870034719	749.6669999999999	78.319	
1000-lilith-photos-general	imazen-26-png-v3/png-v3/1000-lilith-photos-general/1033_general_stone-tunnel-lights_placa-pedro-infante-valladolid_s23u_iso800-f1p7_20230918-111620_3000x4000.sdr.png	t1	8	32	23491	204.42329099751078	1103.702	61.557	
1000-lilith-photos-general	imazen-26-png-v3/png-v3/1000-lilith-photos-general/1033_general_stone-tunnel-lights_placa-pedro-infante-valladolid_s23u_iso800-f1p7_20230918-111620_3000x4000.sdr.png	t1	8	44	10339	139.72839899361134	139.44699999999997	25.569	
1000-lilith-photos-general	imazen-26-png-v3/png-v3/1000-lilith-photos-general/1033_general_stone-tunnel-lights_placa-pedro-infante-valladolid_s23u_iso800-f1p7_20230918-111620_3000x4000.sdr.png	t1	10	20	45956	171.9446710048942	440.76699999999994	78.819	
1000-lilith-photos-general	imazen-26-png-v3/png-v3/1000-lilith-photos-general/1033_general_stone-tunnel-lights_placa-pedro-infante-valladolid_s23u_iso800-f1p7_20230918-111620_3000x4000.sdr.png	t1	10	32	24755	171.94061299960595	583.2420000000001	62.706	
1000-lilith-photos-general	imazen-26-png-v3/png-v3/1000-lilith-photos-general/1033_general_stone-tunnel-lights_placa-pedro-infante-valladolid_s23u_iso800-f1p7_20230918-111620_3000x4000.sdr.png	t1	10	44	10778	213.78319698851556	1430.117	25.554	
1000-lilith-photos-general	imazen-26-png-v3/png-v3/1000-lilith-photos-general/1033_general_stone-tunnel-lights_placa-pedro-infante-valladolid_s23u_iso800-f1p7_20230918-111620_3000x4000.sdr.png	t3	4	20	51737	506.3914000056684	355.8869999999997	82.754	
1000-lilith-photos-general	imazen-26-png-v3/png-v3/1000-lilith-photos-general/1033_general_stone-tunnel-lights_placa-pedro-infante-valladolid_s23u_iso800-f1p7_20230918-111620_3000x4000.sdr.png	t3	4	32	30332	623.893219002639	656.4629999999999	72.196	
1000-lilith-photos-general	imazen-26-png-v3/png-v3/1000-lilith-photos-general/1033_general_stone-tunnel-lights_placa-pedro-infante-valladolid_s23u_iso800-f1p7_20230918-111620_3000x4000.sdr.png	t3	4	44	14679	483.9918220095569	793.315	44.896	
1000-lilith-photos-general	imazen-26-png-v3/png-v3/1000-lilith-photos-general/1033_general_stone-tunnel-lights_placa-pedro-infante-valladolid_s23u_iso800-f1p7_20230918-111620_3000x4000.sdr.png	t3	6	20	52518	318.0970090033952	686.919	82.674	
1000-lilith-photos-general	imazen-26-png-v3/png-v3/1000-lilith-photos-general/1033_general_stone-tunnel-lights_placa-pedro-infante-valladolid_s23u_iso800-f1p7_20230918-111620_3000x4000.sdr.png	t3	6	32	30815	257.7100380003685	919.0940000000005	71.816	
1000-lilith-photos-general	imazen-26-png-v3/png-v3/1000-lilith-photos-general/1033_general_stone-tunnel-lights_placa-pedro-infante-valladolid_s23u_iso800-f1p7_20230918-111620_3000x4000.sdr.png	t3	6	44	15054	210.65678900049534	728.7130000000001	44.405	
1000-lilith-photos-general	imazen-26-png-v3/png-v3/1000-lilith-photos-general/1033_general_stone-tunnel-lights_placa-pedro-infante-valladolid_s23u_iso800-f1p7_20230918-111620_3000x4000.sdr.png	t3	8	20	53497	223.05226000025868	1120.9699999999998	82.509	
1000-lilith-photos-general	imazen-26-png-v3/png-v3/1000-lilith-photos-general/1033_general_stone-tunnel-lights_placa-pedro-infante-valladolid_s23u_iso800-f1p7_20230918-111620_3000x4000.sdr.png	t3	8	32	31867	183.0864399962593	811.4830000000001	71.385	
1000-lilith-photos-general	imazen-26-png-v3/png-v3/1000-lilith-photos-general/1033_general_stone-tunnel-lights_placa-pedro-infante-valladolid_s23u_iso800-f1p7_20230918-111620_3000x4000.sdr.png	t3	8	44	15486	277.29291800642386	1068.9489999999996	44.154	
1000-lilith-photos-general	imazen-26-png-v3/png-v3/1000-lilith-photos-general/1033_general_stone-tunnel-lights_placa-pedro-infante-valladolid_s23u_iso800-f1p7_20230918-111620_3000x4000.sdr.png	t3	10	20	54064	193.54399999429006	862.3770000000002	82.638	
1000-lilith-photos-general	imazen-26-png-v3/png-v3/1000-lilith-photos-general/1033_general_stone-tunnel-lights_placa-pedro-infante-valladolid_s23u_iso800-f1p7_20230918-111620_3000x4000.sdr.png	t3	10	32	32155	288.81673399882857	1154.6149999999998	71.689	
1000-lilith-photos-general	imazen-26-png-v3/png-v3/1000-lilith-photos-general/1033_general_stone-tunnel-lights_placa-pedro-infante-valladolid_s23u_iso800-f1p7_20230918-111620_3000x4000.sdr.png	t3	10	44	15630	843.8816490088357	730.8299999999998	44.532	
1000-lilith-photos-general	imazen-26-png-v3/png-v3/1000-lilith-photos-general/1033_general_stone-tunnel-lights_placa-pedro-infante-valladolid_s23u_iso800-f1p7_20230918-111620_3000x4000.sdr.png	o6	4	20	50043	469.79446899786126	296.1520000000002	82.095	
1000-lilith-photos-general	imazen-26-png-v3/png-v3/1000-lilith-photos-general/1033_general_stone-tunnel-lights_placa-pedro-infante-valladolid_s23u_iso800-f1p7_20230918-111620_3000x4000.sdr.png	o6	4	32	28794	516.0023430071305	656.6389999999998	70.651	
1000-lilith-photos-general	imazen-26-png-v3/png-v3/1000-lilith-photos-general/1033_general_stone-tunnel-lights_placa-pedro-infante-valladolid_s23u_iso800-f1p7_20230918-111620_3000x4000.sdr.png	o6	4	44	13837	453.633297001943	1065.999	41.709	
1000-lilith-photos-general	imazen-26-png-v3/png-v3/1000-lilith-photos-general/1033_general_stone-tunnel-lights_placa-pedro-infante-valladolid_s23u_iso800-f1p7_20230918-111620_3000x4000.sdr.png	o6	6	20	50781	297.0729929947993	1377.9370000000004	82.182	
1000-lilith-photos-general	imazen-26-png-v3/png-v3/1000-lilith-photos-general/1033_general_stone-tunnel-lights_placa-pedro-infante-valladolid_s23u_iso800-f1p7_20230918-111620_3000x4000.sdr.png	o6	6	32	29315	193.51848198857624	922.053	70.383	
1000-lilith-photos-general	imazen-26-png-v3/png-v3/1000-lilith-photos-general/1033_general_stone-tunnel-lights_placa-pedro-infante-valladolid_s23u_iso800-f1p7_20230918-111620_3000x4000.sdr.png	o6	6	44	14163	254.99744599801488	1149.3459999999995	41.382	
1000-lilith-photos-general	imazen-26-png-v3/png-v3/1000-lilith-photos-general/1033_general_stone-tunnel-lights_placa-pedro-infante-valladolid_s23u_iso800-f1p7_20230918-111620_3000x4000.sdr.png	o6	8	20	51619	151.7885930079501	479.19100000000014	81.902	
1000-lilith-photos-general	imazen-26-png-v3/png-v3/1000-lilith-photos-general/1033_general_stone-tunnel-lights_placa-pedro-infante-valladolid_s23u_iso800-f1p7_20230918-111620_3000x4000.sdr.png	o6	8	32	30303	325.9511650103377	1341.495	69.670	
1000-lilith-photos-general	imazen-26-png-v3/png-v3/1000-lilith-photos-general/1033_general_stone-tunnel-lights_placa-pedro-infante-valladolid_s23u_iso800-f1p7_20230918-111620_3000x4000.sdr.png	o6	8	44	14525	181.86445999890566	1102.0089999999998	40.534	
1000-lilith-photos-general	imazen-26-png-v3/png-v3/1000-lilith-photos-general/1033_general_stone-tunnel-lights_placa-pedro-infante-valladolid_s23u_iso800-f1p7_20230918-111620_3000x4000.sdr.png	o6	10	20	52296	293.49181200086605	727.6850000000006	82.137	
1000-lilith-photos-general	imazen-26-png-v3/png-v3/1000-lilith-photos-general/1033_general_stone-tunnel-lights_placa-pedro-infante-valladolid_s23u_iso800-f1p7_20230918-111620_3000x4000.sdr.png	o6	10	32	30554	202.20982799946796	512.5119999999998	69.832	
1000-lilith-photos-general	imazen-26-png-v3/png-v3/1000-lilith-photos-general/1033_general_stone-tunnel-lights_placa-pedro-infante-valladolid_s23u_iso800-f1p7_20230918-111620_3000x4000.sdr.png	o6	10	44	14675	294.2274789966177	138.7780000000003	41.312	
1000-lilith-photos-general	imazen-26-png-v3/png-v3/1000-lilith-photos-general/1033_general_stone-tunnel-lights_placa-pedro-infante-valladolid_s23u_iso800-f1p7_20230918-111620_3000x4000.sdr.png	o7	4	20	47122	486.6029409895418	282.9590000000004	81.016	
1000-lilith-photos-general	imazen-26-png-v3/png-v3/1000-lilith-photos-general/1033_general_stone-tunnel-lights_placa-pedro-infante-valladolid_s23u_iso800-f1p7_20230918-111620_3000x4000.sdr.png	o7	4	32	26658	352.93547199398745	871.178	68.107	
1000-lilith-photos-general	imazen-26-png-v3/png-v3/1000-lilith-photos-general/1033_general_stone-tunnel-lights_placa-pedro-infante-valladolid_s23u_iso800-f1p7_20230918-111620_3000x4000.sdr.png	o7	4	44	12526	321.57679900410585	1411.2680000000007	36.545	
1000-lilith-photos-general	imazen-26-png-v3/png-v3/1000-lilith-photos-general/1033_general_stone-tunnel-lights_placa-pedro-infante-valladolid_s23u_iso800-f1p7_20230918-111620_3000x4000.sdr.png	o7	6	20	47654	247.76918899442535	494.0490000000013	81.088	
1000-lilith-photos-general	imazen-26-png-v3/png-v3/1000-lilith-photos-general/1033_general_stone-tunnel-lights_placa-pedro-infante-valladolid_s23u_iso800-f1p7_20230918-111620_3000x4000.sdr.png	o7	6	32	27059	237.3104870057432	494.0490000000013	68.220	
1000-lilith-photos-general	imazen-26-png-v3/png-v3/1000-lilith-photos-general/1033_general_stone-tunnel-lights_placa-pedro-infante-valladolid_s23u_iso800-f1p7_20230918-111620_3000x4000.sdr.png	o7	6	44	12774	236.6072320000967	973.4750000000007	36.033	
1000-lilith-photos-general	imazen-26-png-v3/png-v3/1000-lilith-photos-general/1033_general_stone-tunnel-lights_placa-pedro-infante-valladolid_s23u_iso800-f1p7_20230918-111620_3000x4000.sdr.png	o7	8	20	48488	196.2515129998792	823.5759999999995	80.643	
1000-lilith-photos-general	imazen-26-png-v3/png-v3/1000-lilith-photos-general/1033_general_stone-tunnel-lights_placa-pedro-infante-valladolid_s23u_iso800-f1p7_20230918-111620_3000x4000.sdr.png	o7	8	32	27906	315.1356750022387	1488.3939999999996	67.101	
1000-lilith-photos-general	imazen-26-png-v3/png-v3/1000-lilith-photos-general/1033_general_stone-tunnel-lights_placa-pedro-infante-valladolid_s23u_iso800-f1p7_20230918-111620_3000x4000.sdr.png	o7	8	44	13085	371.1166089924518	1642.3719999999998	34.926	
1000-lilith-photos-general	imazen-26-png-v3/png-v3/1000-lilith-photos-general/1033_general_stone-tunnel-lights_placa-pedro-infante-valladolid_s23u_iso800-f1p7_20230918-111620_3000x4000.sdr.png	o7	10	20	49077	299.351330002537	1365.3569999999995	80.831	
1000-lilith-photos-general	imazen-26-png-v3/png-v3/1000-lilith-photos-general/1033_general_stone-tunnel-lights_placa-pedro-infante-valladolid_s23u_iso800-f1p7_20230918-111620_3000x4000.sdr.png	o7	10	32	28232	285.73190499446355	526.920000000001	67.066	
1000-lilith-photos-general	imazen-26-png-v3/png-v3/1000-lilith-photos-general/1033_general_stone-tunnel-lights_placa-pedro-infante-valladolid_s23u_iso800-f1p7_20230918-111620_3000x4000.sdr.png	o7	10	44	13193	378.0143890035106	644.8719999999998	35.657	
1000-lilith-photos-general	imazen-26-png-v3/png-v3/1000-lilith-photos-general/1033_general_stone-tunnel-lights_placa-pedro-infante-valladolid_s23u_iso800-f1p7_20230918-111620_3000x4000.sdr.png	o8	4	20	45889	413.0419599969173	524.9319999999998	80.347	
1000-lilith-photos-general	imazen-26-png-v3/png-v3/1000-lilith-photos-general/1033_general_stone-tunnel-lights_placa-pedro-infante-valladolid_s23u_iso800-f1p7_20230918-111620_3000x4000.sdr.png	o8	4	32	25646	519.7703580051893	578.3950000000004	66.577	
1000-lilith-photos-general	imazen-26-png-v3/png-v3/1000-lilith-photos-general/1033_general_stone-tunnel-lights_placa-pedro-infante-valladolid_s23u_iso800-f1p7_20230918-111620_3000x4000.sdr.png	o8	4	44	12005	437.7284520014655	271.30999999999926	34.154	
1000-lilith-photos-general	imazen-26-png-v3/png-v3/1000-lilith-photos-general/1033_general_stone-tunnel-lights_placa-pedro-infante-valladolid_s23u_iso800-f1p7_20230918-111620_3000x4000.sdr.png	o8	6	20	46452	210.5763260042295	188.09900000000158	80.469	
1000-lilith-photos-general	imazen-26-png-v3/png-v3/1000-lilith-photos-general/1033_general_stone-tunnel-lights_placa-pedro-infante-valladolid_s23u_iso800-f1p7_20230918-111620_3000x4000.sdr.png	o8	6	32	26056	264.11486200231593	393.53499999999906	66.715	
1000-lilith-photos-general	imazen-26-png-v3/png-v3/1000-lilith-photos-general/1033_general_stone-tunnel-lights_placa-pedro-infante-valladolid_s23u_iso800-f1p7_20230918-111620_3000x4000.sdr.png	o8	6	44	12160	273.3638960053213	371.9709999999989	32.953	
1000-lilith-photos-general	imazen-26-png-v3/png-v3/1000-lilith-photos-general/1033_general_stone-tunnel-lights_placa-pedro-infante-valladolid_s23u_iso800-f1p7_20230918-111620_3000x4000.sdr.png	o8	8	20	47257	239.42741799692158	346.6	80.040	
1000-lilith-photos-general	imazen-26-png-v3/png-v3/1000-lilith-photos-general/1033_general_stone-tunnel-lights_placa-pedro-infante-valladolid_s23u_iso800-f1p7_20230918-111620_3000x4000.sdr.png	o8	8	32	26922	249.384877999546	466.9990000000026	65.406	
1000-lilith-photos-general	imazen-26-png-v3/png-v3/1000-lilith-photos-general/1033_general_stone-tunnel-lights_placa-pedro-infante-valladolid_s23u_iso800-f1p7_20230918-111620_3000x4000.sdr.png	o8	8	44	12484	256.25980499899015	440.46500000000054	31.701	
1000-lilith-photos-general	imazen-26-png-v3/png-v3/1000-lilith-photos-general/1033_general_stone-tunnel-lights_placa-pedro-infante-valladolid_s23u_iso800-f1p7_20230918-111620_3000x4000.sdr.png	o8	10	20	47776	544.059947002097	556.3400000000005	80.079	
1000-lilith-photos-general	imazen-26-png-v3/png-v3/1000-lilith-photos-general/1033_general_stone-tunnel-lights_placa-pedro-infante-valladolid_s23u_iso800-f1p7_20230918-111620_3000x4000.sdr.png	o8	10	32	27222	276.8153609940782	314.3980000000006	65.755	
1000-lilith-photos-general	imazen-26-png-v3/png-v3/1000-lilith-photos-general/1033_general_stone-tunnel-lights_placa-pedro-infante-valladolid_s23u_iso800-f1p7_20230918-111620_3000x4000.sdr.png	o8	10	44	12579	283.0884950089967	358.34899999999914	32.698	
1000-lilith-photos-general	imazen-26-png-v3/png-v3/1000-lilith-photos-general/1033_general_stone-tunnel-lights_placa-pedro-infante-valladolid_s23u_iso800-f1p7_20230918-111620_3000x4000.sdr.png	o7ac	4	20	47074	377.269634991535	644.9219999999998	80.939	
1000-lilith-photos-general	imazen-26-png-v3/png-v3/1000-lilith-photos-general/1033_general_stone-tunnel-lights_placa-pedro-infante-valladolid_s23u_iso800-f1p7_20230918-111620_3000x4000.sdr.png	o7ac	4	32	26656	627.4760020023677	411.4260000000005	68.093	
1000-lilith-photos-general	imazen-26-png-v3/png-v3/1000-lilith-photos-general/1033_general_stone-tunnel-lights_placa-pedro-infante-valladolid_s23u_iso800-f1p7_20230918-111620_3000x4000.sdr.png	o7ac	4	44	12565	569.0169630106539	647.8919999999983	37.052	
1000-lilith-photos-general	imazen-26-png-v3/png-v3/1000-lilith-photos-general/1033_general_stone-tunnel-lights_placa-pedro-infante-valladolid_s23u_iso800-f1p7_20230918-111620_3000x4000.sdr.png	o7ac	6	20	47702	544.3223750044126	753.5089999999989	81.136	
1000-lilith-photos-general	imazen-26-png-v3/png-v3/1000-lilith-photos-general/1033_general_stone-tunnel-lights_placa-pedro-infante-valladolid_s23u_iso800-f1p7_20230918-111620_3000x4000.sdr.png	o7ac	6	32	27123	536.6958719969261	1030.9170000000001	68.010	
1000-lilith-photos-general	imazen-26-png-v3/png-v3/1000-lilith-photos-general/1033_general_stone-tunnel-lights_placa-pedro-infante-valladolid_s23u_iso800-f1p7_20230918-111620_3000x4000.sdr.png	o7ac	6	44	12778	269.2835979978554	418.0109999999999	36.123	
1000-lilith-photos-general	imazen-26-png-v3/png-v3/1000-lilith-photos-general/1033_general_stone-tunnel-lights_placa-pedro-infante-valladolid_s23u_iso800-f1p7_20230918-111620_3000x4000.sdr.png	o7ac	8	20	48487	238.94973999995273	502.867999999999	80.640	
1000-lilith-photos-general	imazen-26-png-v3/png-v3/1000-lilith-photos-general/1033_general_stone-tunnel-lights_placa-pedro-infante-valladolid_s23u_iso800-f1p7_20230918-111620_3000x4000.sdr.png	o7ac	8	32	27906	339.30718000920024	464.00799999999975	67.101	
1000-lilith-photos-general	imazen-26-png-v3/png-v3/1000-lilith-photos-general/1033_general_stone-tunnel-lights_placa-pedro-infante-valladolid_s23u_iso800-f1p7_20230918-111620_3000x4000.sdr.png	o7ac	8	44	13085	367.01833599363454	517.6600000000007	34.926	
1000-lilith-photos-general	imazen-26-png-v3/png-v3/1000-lilith-photos-general/1033_general_stone-tunnel-lights_placa-pedro-infante-valladolid_s23u_iso800-f1p7_20230918-111620_3000x4000.sdr.png	o7ac	10	20	49080	175.2705969993258	441.9029999999986	80.836	
1000-lilith-photos-general	imazen-26-png-v3/png-v3/1000-lilith-photos-general/1033_general_stone-tunnel-lights_placa-pedro-infante-valladolid_s23u_iso800-f1p7_20230918-111620_3000x4000.sdr.png	o7ac	10	32	28232	364.02258700400125	678.0880000000011	67.066	
1000-lilith-photos-general	imazen-26-png-v3/png-v3/1000-lilith-photos-general/1033_general_stone-tunnel-lights_placa-pedro-infante-valladolid_s23u_iso800-f1p7_20230918-111620_3000x4000.sdr.png	o7ac	10	44	13193	214.92981399933342	373.5279999999994	35.657	
1000-lilith-photos-general	imazen-26-png-v3/png-v3/1000-lilith-photos-general/1050_general_riverside-walkway-and-river_louvre-palace-paris_s23u_iso50-f2p2_20240425-154625_4000x3000.sdr.png	t1	4	20	24212	501.43627999932505	619.0149999999996	73.315	
1000-lilith-photos-general	imazen-26-png-v3/png-v3/1000-lilith-photos-general/1050_general_riverside-walkway-and-river_louvre-palace-paris_s23u_iso50-f2p2_20240425-154625_4000x3000.sdr.png	t1	4	32	12330	361.83503300708253	415.85700000000037	54.084	
1000-lilith-photos-general	imazen-26-png-v3/png-v3/1000-lilith-photos-general/1050_general_riverside-walkway-and-river_louvre-palace-paris_s23u_iso50-f2p2_20240425-154625_4000x3000.sdr.png	t1	4	44	4949	414.58397899987176	600.3190000000008	12.759	
1000-lilith-photos-general	imazen-26-png-v3/png-v3/1000-lilith-photos-general/1050_general_riverside-walkway-and-river_louvre-palace-paris_s23u_iso50-f2p2_20240425-154625_4000x3000.sdr.png	t1	6	20	24715	314.46288799634203	934.5189999999994	73.164	
1000-lilith-photos-general	imazen-26-png-v3/png-v3/1000-lilith-photos-general/1050_general_riverside-walkway-and-river_louvre-palace-paris_s23u_iso50-f2p2_20240425-154625_4000x3000.sdr.png	t1	6	32	12639	246.16327899275348	755.1830000000006	54.178	
1000-lilith-photos-general	imazen-26-png-v3/png-v3/1000-lilith-photos-general/1050_general_riverside-walkway-and-river_louvre-palace-paris_s23u_iso50-f2p2_20240425-154625_4000x3000.sdr.png	t1	6	44	5150	293.0481700022938	1032.2010000000002	13.555	
1000-lilith-photos-general	imazen-26-png-v3/png-v3/1000-lilith-photos-general/1050_general_riverside-walkway-and-river_louvre-palace-paris_s23u_iso50-f2p2_20240425-154625_4000x3000.sdr.png	t1	8	20	25241	192.3264679935528	720.2580000000007	72.811	
1000-lilith-photos-general	imazen-26-png-v3/png-v3/1000-lilith-photos-general/1050_general_riverside-walkway-and-river_louvre-palace-paris_s23u_iso50-f2p2_20240425-154625_4000x3000.sdr.png	t1	8	32	12775	324.49910799914505	473.5070000000014	53.217	
1000-lilith-photos-general	imazen-26-png-v3/png-v3/1000-lilith-photos-general/1050_general_riverside-walkway-and-river_louvre-palace-paris_s23u_iso50-f2p2_20240425-154625_4000x3000.sdr.png	t1	8	44	5152	215.35076400323305	265.23300000000296	12.653	
1000-lilith-photos-general	imazen-26-png-v3/png-v3/1000-lilith-photos-general/1050_general_riverside-walkway-and-river_louvre-palace-paris_s23u_iso50-f2p2_20240425-154625_4000x3000.sdr.png	t1	10	20	23651	184.1832229983993	115.78700000000009	69.321	
1000-lilith-photos-general	imazen-26-png-v3/png-v3/1000-lilith-photos-general/1050_general_riverside-walkway-and-river_louvre-palace-paris_s23u_iso50-f2p2_20240425-154625_4000x3000.sdr.png	t1	10	32	12146	278.55784000712447	202.4429999999997	51.674	
1000-lilith-photos-general	imazen-26-png-v3/png-v3/1000-lilith-photos-general/1050_general_riverside-walkway-and-river_louvre-palace-paris_s23u_iso50-f2p2_20240425-154625_4000x3000.sdr.png	t1	10	44	5161	441.02751699392684	230.80799999999968	12.921	
1000-lilith-photos-general	imazen-26-png-v3/png-v3/1000-lilith-photos-general/1050_general_riverside-walkway-and-river_louvre-palace-paris_s23u_iso50-f2p2_20240425-154625_4000x3000.sdr.png	t3	4	20	30999	600.4982789891073	544.5390000000003	80.193	
1000-lilith-photos-general	imazen-26-png-v3/png-v3/1000-lilith-photos-general/1050_general_riverside-walkway-and-river_louvre-palace-paris_s23u_iso50-f2p2_20240425-154625_4000x3000.sdr.png	t3	4	32	18058	450.2733459958108	694.9709999999989	69.701	
1000-lilith-photos-general	imazen-26-png-v3/png-v3/1000-lilith-photos-general/1050_general_riverside-walkway-and-river_louvre-palace-paris_s23u_iso50-f2p2_20240425-154625_4000x3000.sdr.png	t3	4	44	8153	330.6108639953891	772.7480000000008	42.759	
1000-lilith-photos-general	imazen-26-png-v3/png-v3/1000-lilith-photos-general/1050_general_riverside-walkway-and-river_louvre-palace-paris_s23u_iso50-f2p2_20240425-154625_4000x3000.sdr.png	t3	6	20	31810	382.4728060135385	923.065000000002	80.188	
1000-lilith-photos-general	imazen-26-png-v3/png-v3/1000-lilith-photos-general/1050_general_riverside-walkway-and-river_louvre-palace-paris_s23u_iso50-f2p2_20240425-154625_4000x3000.sdr.png	t3	6	32	18691	268.536789008067	530.6500000000023	70.043	
1000-lilith-photos-general	imazen-26-png-v3/png-v3/1000-lilith-photos-general/1050_general_riverside-walkway-and-river_louvre-palace-paris_s23u_iso50-f2p2_20240425-154625_4000x3000.sdr.png	t3	6	44	8523	196.0424450080609	747.4200000000018	43.354	
1000-lilith-photos-general	imazen-26-png-v3/png-v3/1000-lilith-photos-general/1050_general_riverside-walkway-and-river_louvre-palace-paris_s23u_iso50-f2p2_20240425-154625_4000x3000.sdr.png	t3	8	20	33095	336.9106890022522	922.9910000000024	80.177	
1000-lilith-photos-general	imazen-26-png-v3/png-v3/1000-lilith-photos-general/1050_general_riverside-walkway-and-river_louvre-palace-paris_s23u_iso50-f2p2_20240425-154625_4000x3000.sdr.png	t3	8	32	19541	250.53795799613	620.9940000000005	70.125	
1000-lilith-photos-general	imazen-26-png-v3/png-v3/1000-lilith-photos-general/1050_general_riverside-walkway-and-river_louvre-palace-paris_s23u_iso50-f2p2_20240425-154625_4000x3000.sdr.png	t3	8	44	8901	396.76405700447503	403.97399999999897	44.260	
1000-lilith-photos-general	imazen-26-png-v3/png-v3/1000-lilith-photos-general/1050_general_riverside-walkway-and-river_louvre-palace-paris_s23u_iso50-f2p2_20240425-154625_4000x3000.sdr.png	t3	10	20	33425	287.4026180070359	278.1059999999993	80.242	
1000-lilith-photos-general	imazen-26-png-v3/png-v3/1000-lilith-photos-general/1050_general_riverside-walkway-and-river_louvre-palace-paris_s23u_iso50-f2p2_20240425-154625_4000x3000.sdr.png	t3	10	32	19704	550.5251040012809	715.424999999998	70.125	
1000-lilith-photos-general	imazen-26-png-v3/png-v3/1000-lilith-photos-general/1050_general_riverside-walkway-and-river_louvre-palace-paris_s23u_iso50-f2p2_20240425-154625_4000x3000.sdr.png	t3	10	44	8962	321.51962000352796	518.4609999999985	44.441	
1000-lilith-photos-general	imazen-26-png-v3/png-v3/1000-lilith-photos-general/1050_general_riverside-walkway-and-river_louvre-palace-paris_s23u_iso50-f2p2_20240425-154625_4000x3000.sdr.png	o6	4	20	29936	336.35270899685565	278.45299999999895	79.546	
1000-lilith-photos-general	imazen-26-png-v3/png-v3/1000-lilith-photos-general/1050_general_riverside-walkway-and-river_louvre-palace-paris_s23u_iso50-f2p2_20240425-154625_4000x3000.sdr.png	o6	4	32	16839	507.92992299830075	412.64900000000006	67.607	
1000-lilith-photos-general	imazen-26-png-v3/png-v3/1000-lilith-photos-general/1050_general_riverside-walkway-and-river_louvre-palace-paris_s23u_iso50-f2p2_20240425-154625_4000x3000.sdr.png	o6	4	44	7558	333.73867500631604	714.1690000000001	40.363	
1000-lilith-photos-general	imazen-26-png-v3/png-v3/1000-lilith-photos-general/1050_general_riverside-walkway-and-river_louvre-palace-paris_s23u_iso50-f2p2_20240425-154625_4000x3000.sdr.png	o6	6	20	30675	250.59476599562913	482.13100000000077	79.557	
1000-lilith-photos-general	imazen-26-png-v3/png-v3/1000-lilith-photos-general/1050_general_riverside-walkway-and-river_louvre-palace-paris_s23u_iso50-f2p2_20240425-154625_4000x3000.sdr.png	o6	6	32	17478	356.9120030006161	744.024999999997	68.381	
1000-lilith-photos-general	imazen-26-png-v3/png-v3/1000-lilith-photos-general/1050_general_riverside-walkway-and-river_louvre-palace-paris_s23u_iso50-f2p2_20240425-154625_4000x3000.sdr.png	o6	6	44	7930	341.2401609966764	710.500999999998	40.521	
1000-lilith-photos-general	imazen-26-png-v3/png-v3/1000-lilith-photos-general/1050_general_riverside-walkway-and-river_louvre-palace-paris_s23u_iso50-f2p2_20240425-154625_4000x3000.sdr.png	o6	8	20	31823	573.0338110006414	928.8280000000011	79.587	
1000-lilith-photos-general	imazen-26-png-v3/png-v3/1000-lilith-photos-general/1050_general_riverside-walkway-and-river_louvre-palace-paris_s23u_iso50-f2p2_20240425-154625_4000x3000.sdr.png	o6	8	32	18213	164.37963499629404	176.94400000000155	68.474	
1000-lilith-photos-general	imazen-26-png-v3/png-v3/1000-lilith-photos-general/1050_general_riverside-walkway-and-river_louvre-palace-paris_s23u_iso50-f2p2_20240425-154625_4000x3000.sdr.png	o6	8	44	8227	310.1137089979602	304.8339999999987	41.486	
1000-lilith-photos-general	imazen-26-png-v3/png-v3/1000-lilith-photos-general/1050_general_riverside-walkway-and-river_louvre-palace-paris_s23u_iso50-f2p2_20240425-154625_4000x3000.sdr.png	o6	10	20	32205	427.2508839931106	281.4659999999991	79.434	
1000-lilith-photos-general	imazen-26-png-v3/png-v3/1000-lilith-photos-general/1050_general_riverside-walkway-and-river_louvre-palace-paris_s23u_iso50-f2p2_20240425-154625_4000x3000.sdr.png	o6	10	32	18395	454.48945299722254	396.93899999999707	68.227	
1000-lilith-photos-general	imazen-26-png-v3/png-v3/1000-lilith-photos-general/1050_general_riverside-walkway-and-river_louvre-palace-paris_s23u_iso50-f2p2_20240425-154625_4000x3000.sdr.png	o6	10	44	8294	241.48637799953576	283.9430000000007	41.508	
1000-lilith-photos-general	imazen-26-png-v3/png-v3/1000-lilith-photos-general/1050_general_riverside-walkway-and-river_louvre-palace-paris_s23u_iso50-f2p2_20240425-154625_4000x3000.sdr.png	o7	4	20	28131	456.9599950045813	439.23800000000045	78.598	
1000-lilith-photos-general	imazen-26-png-v3/png-v3/1000-lilith-photos-general/1050_general_riverside-walkway-and-river_louvre-palace-paris_s23u_iso50-f2p2_20240425-154625_4000x3000.sdr.png	o7	4	32	15193	475.9731730009662	679.0930000000009	64.835	
1000-lilith-photos-general	imazen-26-png-v3/png-v3/1000-lilith-photos-general/1050_general_riverside-walkway-and-river_louvre-palace-paris_s23u_iso50-f2p2_20240425-154625_4000x3000.sdr.png	o7	4	44	6662	628.3952380035771	1283.9689999999998	33.595	
1000-lilith-photos-general	imazen-26-png-v3/png-v3/1000-lilith-photos-general/1050_general_riverside-walkway-and-river_louvre-palace-paris_s23u_iso50-f2p2_20240425-154625_4000x3000.sdr.png	o7	6	20	28923	286.74803499598056	620.7749999999957	78.624	
1000-lilith-photos-general	imazen-26-png-v3/png-v3/1000-lilith-photos-general/1050_general_riverside-walkway-and-river_louvre-palace-paris_s23u_iso50-f2p2_20240425-154625_4000x3000.sdr.png	o7	6	32	15753	215.41030700609554	620.7749999999957	65.049	
1000-lilith-photos-general	imazen-26-png-v3/png-v3/1000-lilith-photos-general/1050_general_riverside-walkway-and-river_louvre-palace-paris_s23u_iso50-f2p2_20240425-154625_4000x3000.sdr.png	o7	6	44	6899	226.7602009960683	829.3550000000032	34.070	
1000-lilith-photos-general	imazen-26-png-v3/png-v3/1000-lilith-photos-general/1050_general_riverside-walkway-and-river_louvre-palace-paris_s23u_iso50-f2p2_20240425-154625_4000x3000.sdr.png	o7	8	20	29944	247.69786398974247	687.0990000000016	78.313	
1000-lilith-photos-general	imazen-26-png-v3/png-v3/1000-lilith-photos-general/1050_general_riverside-walkway-and-river_louvre-palace-paris_s23u_iso50-f2p2_20240425-154625_4000x3000.sdr.png	o7	8	32	16391	300.21151299297344	708.8350000000014	65.205	
1000-lilith-photos-general	imazen-26-png-v3/png-v3/1000-lilith-photos-general/1050_general_riverside-walkway-and-river_louvre-palace-paris_s23u_iso50-f2p2_20240425-154625_4000x3000.sdr.png	o7	8	44	7189	373.848828006885	679.2649999999983	34.515	
1000-lilith-photos-general	imazen-26-png-v3/png-v3/1000-lilith-photos-general/1050_general_riverside-walkway-and-river_louvre-palace-paris_s23u_iso50-f2p2_20240425-154625_4000x3000.sdr.png	o7	10	20	30201	532.6143099955516	776.2469999999953	78.341	
1000-lilith-photos-general	imazen-26-png-v3/png-v3/1000-lilith-photos-general/1050_general_riverside-walkway-and-river_louvre-palace-paris_s23u_iso50-f2p2_20240425-154625_4000x3000.sdr.png	o7	10	32	16516	392.8299459948903	323.3089999999992	65.156	
1000-lilith-photos-general	imazen-26-png-v3/png-v3/1000-lilith-photos-general/1050_general_riverside-walkway-and-river_louvre-palace-paris_s23u_iso50-f2p2_20240425-154625_4000x3000.sdr.png	o7	10	44	7238	149.99138900020625	265.5449999999977	34.360	
1000-lilith-photos-general	imazen-26-png-v3/png-v3/1000-lilith-photos-general/1050_general_riverside-walkway-and-river_louvre-palace-paris_s23u_iso50-f2p2_20240425-154625_4000x3000.sdr.png	o8	4	20	27081	369.87222600146197	350.74899999999866	77.825	
1000-lilith-photos-general	imazen-26-png-v3/png-v3/1000-lilith-photos-general/1050_general_riverside-walkway-and-river_louvre-palace-paris_s23u_iso50-f2p2_20240425-154625_4000x3000.sdr.png	o8	4	32	14455	317.1110669936752	583.5420000000022	62.941	
1000-lilith-photos-general	imazen-26-png-v3/png-v3/1000-lilith-photos-general/1050_general_riverside-walkway-and-river_louvre-palace-paris_s23u_iso50-f2p2_20240425-154625_4000x3000.sdr.png	o8	4	44	6292	436.35580499540083	819.033000000002	30.593	
1000-lilith-photos-general	imazen-26-png-v3/png-v3/1000-lilith-photos-general/1050_general_riverside-walkway-and-river_louvre-palace-paris_s23u_iso50-f2p2_20240425-154625_4000x3000.sdr.png	o8	6	20	27842	308.97947400808334	414.83399999999995	77.924	
1000-lilith-photos-general	imazen-26-png-v3/png-v3/1000-lilith-photos-general/1050_general_riverside-walkway-and-river_louvre-palace-paris_s23u_iso50-f2p2_20240425-154625_4000x3000.sdr.png	o8	6	32	14972	334.1220629954478	522.349000000002	63.204	
1000-lilith-photos-general	imazen-26-png-v3/png-v3/1000-lilith-photos-general/1050_general_riverside-walkway-and-river_louvre-palace-paris_s23u_iso50-f2p2_20240425-154625_4000x3000.sdr.png	o8	6	44	6543	409.188601988717	360.7979999999991	30.413	
1000-lilith-photos-general	imazen-26-png-v3/png-v3/1000-lilith-photos-general/1050_general_riverside-walkway-and-river_louvre-palace-paris_s23u_iso50-f2p2_20240425-154625_4000x3000.sdr.png	o8	8	20	28719	174.20043499441817	161.39300000000122	77.542	
1000-lilith-photos-general	imazen-26-png-v3/png-v3/1000-lilith-photos-general/1050_general_riverside-walkway-and-river_louvre-palace-paris_s23u_iso50-f2p2_20240425-154625_4000x3000.sdr.png	o8	8	32	15558	516.5007089963183	693.2080000000029	63.016	
1000-lilith-photos-general	imazen-26-png-v3/png-v3/1000-lilith-photos-general/1050_general_riverside-walkway-and-river_louvre-palace-paris_s23u_iso50-f2p2_20240425-154625_4000x3000.sdr.png	o8	8	44	6738	311.0805239994079	494.3750000000016	30.605	
1000-lilith-photos-general	imazen-26-png-v3/png-v3/1000-lilith-photos-general/1050_general_riverside-walkway-and-river_louvre-palace-paris_s23u_iso50-f2p2_20240425-154625_4000x3000.sdr.png	o8	10	20	29016	290.43874399212655	494.3750000000016	77.432	
1000-lilith-photos-general	imazen-26-png-v3/png-v3/1000-lilith-photos-general/1050_general_riverside-walkway-and-river_louvre-palace-paris_s23u_iso50-f2p2_20240425-154625_4000x3000.sdr.png	o8	10	32	15640	315.0234420027118	179.97100000000188	62.882	
1000-lilith-photos-general	imazen-26-png-v3/png-v3/1000-lilith-photos-general/1050_general_riverside-walkway-and-river_louvre-palace-paris_s23u_iso50-f2p2_20240425-154625_4000x3000.sdr.png	o8	10	44	6790	337.0817840041127	300.40400000000125	30.258	
1000-lilith-photos-general	imazen-26-png-v3/png-v3/1000-lilith-photos-general/1050_general_riverside-walkway-and-river_louvre-palace-paris_s23u_iso50-f2p2_20240425-154625_4000x3000.sdr.png	o7ac	4	20	28071	551.5151449944824	906.9890000000012	78.438	
1000-lilith-photos-general	imazen-26-png-v3/png-v3/1000-lilith-photos-general/1050_general_riverside-walkway-and-river_louvre-palace-paris_s23u_iso50-f2p2_20240425-154625_4000x3000.sdr.png	o7ac	4	32	15227	507.79636899824254	754.0449999999978	64.893	
1000-lilith-photos-general	imazen-26-png-v3/png-v3/1000-lilith-photos-general/1050_general_riverside-walkway-and-river_louvre-palace-paris_s23u_iso50-f2p2_20240425-154625_4000x3000.sdr.png	o7ac	4	44	6682	529.9250629905146	1182.0440000000012	33.277	
1000-lilith-photos-general	imazen-26-png-v3/png-v3/1000-lilith-photos-general/1050_general_riverside-walkway-and-river_louvre-palace-paris_s23u_iso50-f2p2_20240425-154625_4000x3000.sdr.png	o7ac	6	20	28903	473.367333994247	739.1569999999988	78.606	
1000-lilith-photos-general	imazen-26-png-v3/png-v3/1000-lilith-photos-general/1050_general_riverside-walkway-and-river_louvre-palace-paris_s23u_iso50-f2p2_20240425-154625_4000x3000.sdr.png	o7ac	6	32	15773	367.62566900870297	1149.4689999999998	65.277	
1000-lilith-photos-general	imazen-26-png-v3/png-v3/1000-lilith-photos-general/1050_general_riverside-walkway-and-river_louvre-palace-paris_s23u_iso50-f2p2_20240425-154625_4000x3000.sdr.png	o7ac	6	44	6912	189.55558599554934	223.9809999999993	33.875	
1000-lilith-photos-general	imazen-26-png-v3/png-v3/1000-lilith-photos-general/1050_general_riverside-walkway-and-river_louvre-palace-paris_s23u_iso50-f2p2_20240425-154625_4000x3000.sdr.png	o7ac	8	20	29965	218.50975300185382	339.09800000000257	78.334	
1000-lilith-photos-general	imazen-26-png-v3/png-v3/1000-lilith-photos-general/1050_general_riverside-walkway-and-river_louvre-palace-paris_s23u_iso50-f2p2_20240425-154625_4000x3000.sdr.png	o7ac	8	32	16396	283.6712509888457	443.2519999999993	65.216	
1000-lilith-photos-general	imazen-26-png-v3/png-v3/1000-lilith-photos-general/1050_general_riverside-walkway-and-river_louvre-palace-paris_s23u_iso50-f2p2_20240425-154625_4000x3000.sdr.png	o7ac	8	44	7189	263.6653480003588	526.3889999999991	34.515	
1000-lilith-photos-general	imazen-26-png-v3/png-v3/1000-lilith-photos-general/1050_general_riverside-walkway-and-river_louvre-palace-paris_s23u_iso50-f2p2_20240425-154625_4000x3000.sdr.png	o7ac	10	20	30205	339.76020000409335	395.52699999999777	78.333	
1000-lilith-photos-general	imazen-26-png-v3/png-v3/1000-lilith-photos-general/1050_general_riverside-walkway-and-river_louvre-palace-paris_s23u_iso50-f2p2_20240425-154625_4000x3000.sdr.png	o7ac	10	32	16508	253.03490000078455	316.68499999999875	65.152	
1000-lilith-photos-general	imazen-26-png-v3/png-v3/1000-lilith-photos-general/1050_general_riverside-walkway-and-river_louvre-palace-paris_s23u_iso50-f2p2_20240425-154625_4000x3000.sdr.png	o7ac	10	44	7238	306.74877400451805	553.5280000000018	34.360	
1200-lilith-interiors	imazen-26-png-v3/png-v3/1200-lilith-interiors/1205_interiors_modern-living-room_tulum-mexico_s23u_iso160-f1p7_20230917-114545_3000x4000.sdr.png	t1	4	20	29549	261.6117940051481	515.1650000000024	73.961	
1200-lilith-interiors	imazen-26-png-v3/png-v3/1200-lilith-interiors/1205_interiors_modern-living-room_tulum-mexico_s23u_iso160-f1p7_20230917-114545_3000x4000.sdr.png	t1	4	32	16305	626.9697209936567	566.4970000000045	51.966	
1200-lilith-interiors	imazen-26-png-v3/png-v3/1200-lilith-interiors/1205_interiors_modern-living-room_tulum-mexico_s23u_iso160-f1p7_20230917-114545_3000x4000.sdr.png	t1	4	44	6962	448.60102199891116	270.2150000000003	2.418	
1200-lilith-interiors	imazen-26-png-v3/png-v3/1200-lilith-interiors/1205_interiors_modern-living-room_tulum-mexico_s23u_iso160-f1p7_20230917-114545_3000x4000.sdr.png	t1	6	20	30878	481.16835800465196	672.1310000000011	73.962	
1200-lilith-interiors	imazen-26-png-v3/png-v3/1200-lilith-interiors/1205_interiors_modern-living-room_tulum-mexico_s23u_iso160-f1p7_20230917-114545_3000x4000.sdr.png	t1	6	32	17155	331.3623009889852	638.7779999999967	52.884	
1200-lilith-interiors	imazen-26-png-v3/png-v3/1200-lilith-interiors/1205_interiors_modern-living-room_tulum-mexico_s23u_iso160-f1p7_20230917-114545_3000x4000.sdr.png	t1	6	44	7468	219.8885079997126	452.3629999999992	4.293	
1200-lilith-interiors	imazen-26-png-v3/png-v3/1200-lilith-interiors/1205_interiors_modern-living-room_tulum-mexico_s23u_iso160-f1p7_20230917-114545_3000x4000.sdr.png	t1	8	20	30630	367.90286299947184	714.1609999999971	73.444	
1200-lilith-interiors	imazen-26-png-v3/png-v3/1200-lilith-interiors/1205_interiors_modern-living-room_tulum-mexico_s23u_iso160-f1p7_20230917-114545_3000x4000.sdr.png	t1	8	32	17019	378.4113290021196	952.1219999999958	52.066	
1200-lilith-interiors	imazen-26-png-v3/png-v3/1200-lilith-interiors/1205_interiors_modern-living-room_tulum-mexico_s23u_iso160-f1p7_20230917-114545_3000x4000.sdr.png	t1	8	44	7485	374.2597550008213	881.4870000000008	2.494	
1200-lilith-interiors	imazen-26-png-v3/png-v3/1200-lilith-interiors/1205_interiors_modern-living-room_tulum-mexico_s23u_iso160-f1p7_20230917-114545_3000x4000.sdr.png	t1	10	20	30732	219.8812540009385	373.54499999999734	72.722	
1200-lilith-interiors	imazen-26-png-v3/png-v3/1200-lilith-interiors/1205_interiors_modern-living-room_tulum-mexico_s23u_iso160-f1p7_20230917-114545_3000x4000.sdr.png	t1	10	32	17340	235.5670020042453	602.9759999999964	51.969	
1200-lilith-interiors	imazen-26-png-v3/png-v3/1200-lilith-interiors/1205_interiors_modern-living-room_tulum-mexico_s23u_iso160-f1p7_20230917-114545_3000x4000.sdr.png	t1	10	44	7660	403.7219650053885	190.0169999999992	1.521	
1200-lilith-interiors	imazen-26-png-v3/png-v3/1200-lilith-interiors/1205_interiors_modern-living-room_tulum-mexico_s23u_iso160-f1p7_20230917-114545_3000x4000.sdr.png	t3	4	20	37098	581.9224860024406	452.32300000000157	81.113	
1200-lilith-interiors	imazen-26-png-v3/png-v3/1200-lilith-interiors/1205_interiors_modern-living-room_tulum-mexico_s23u_iso160-f1p7_20230917-114545_3000x4000.sdr.png	t3	4	32	23340	647.7642309910152	944.7299999999972	68.631	
1200-lilith-interiors	imazen-26-png-v3/png-v3/1200-lilith-interiors/1205_interiors_modern-living-room_tulum-mexico_s23u_iso160-f1p7_20230917-114545_3000x4000.sdr.png	t3	4	44	11009	551.5353289956693	828.8169999999982	39.207	
1200-lilith-interiors	imazen-26-png-v3/png-v3/1200-lilith-interiors/1205_interiors_modern-living-room_tulum-mexico_s23u_iso160-f1p7_20230917-114545_3000x4000.sdr.png	t3	6	20	38390	329.4775020040106	681.0629999999965	80.906	
1200-lilith-interiors	imazen-26-png-v3/png-v3/1200-lilith-interiors/1205_interiors_modern-living-room_tulum-mexico_s23u_iso160-f1p7_20230917-114545_3000x4000.sdr.png	t3	6	32	24393	311.8451659975108	405.9239999999971	69.321	
1200-lilith-interiors	imazen-26-png-v3/png-v3/1200-lilith-interiors/1205_interiors_modern-living-room_tulum-mexico_s23u_iso160-f1p7_20230917-114545_3000x4000.sdr.png	t3	6	44	11735	311.9305289874319	510.27700000000385	39.576	
1200-lilith-interiors	imazen-26-png-v3/png-v3/1200-lilith-interiors/1205_interiors_modern-living-room_tulum-mexico_s23u_iso160-f1p7_20230917-114545_3000x4000.sdr.png	t3	8	20	39448	465.51621399703436	759.1679999999972	80.823	
1200-lilith-interiors	imazen-26-png-v3/png-v3/1200-lilith-interiors/1205_interiors_modern-living-room_tulum-mexico_s23u_iso160-f1p7_20230917-114545_3000x4000.sdr.png	t3	8	32	25081	630.0558729999466	1051.8779999999967	69.797	
1200-lilith-interiors	imazen-26-png-v3/png-v3/1200-lilith-interiors/1205_interiors_modern-living-room_tulum-mexico_s23u_iso160-f1p7_20230917-114545_3000x4000.sdr.png	t3	8	44	12051	302.2243670129683	477.6970000000036	39.805	
1200-lilith-interiors	imazen-26-png-v3/png-v3/1200-lilith-interiors/1205_interiors_modern-living-room_tulum-mexico_s23u_iso160-f1p7_20230917-114545_3000x4000.sdr.png	t3	10	20	39805	495.6903160054935	822.9539999999993	80.809	
1200-lilith-interiors	imazen-26-png-v3/png-v3/1200-lilith-interiors/1205_interiors_modern-living-room_tulum-mexico_s23u_iso160-f1p7_20230917-114545_3000x4000.sdr.png	t3	10	32	25416	205.16247299383394	652.7599999999981	69.810	
1200-lilith-interiors	imazen-26-png-v3/png-v3/1200-lilith-interiors/1205_interiors_modern-living-room_tulum-mexico_s23u_iso160-f1p7_20230917-114545_3000x4000.sdr.png	t3	10	44	12330	310.2035000047181	309.3730000000017	39.962	
1200-lilith-interiors	imazen-26-png-v3/png-v3/1200-lilith-interiors/1205_interiors_modern-living-room_tulum-mexico_s23u_iso160-f1p7_20230917-114545_3000x4000.sdr.png	o6	4	20	35759	523.5546220064862	494.9290000000008	79.861	
1200-lilith-interiors	imazen-26-png-v3/png-v3/1200-lilith-interiors/1205_interiors_modern-living-room_tulum-mexico_s23u_iso160-f1p7_20230917-114545_3000x4000.sdr.png	o6	4	32	21908	425.8357509970665	850.2149999999978	66.999	
1200-lilith-interiors	imazen-26-png-v3/png-v3/1200-lilith-interiors/1205_interiors_modern-living-room_tulum-mexico_s23u_iso160-f1p7_20230917-114545_3000x4000.sdr.png	o6	4	44	10300	394.53958701051306	815.8309999999975	35.714	
1200-lilith-interiors	imazen-26-png-v3/png-v3/1200-lilith-interiors/1205_interiors_modern-living-room_tulum-mexico_s23u_iso160-f1p7_20230917-114545_3000x4000.sdr.png	o6	6	20	37059	355.12941499473527	955.900999999999	79.990	
1200-lilith-interiors	imazen-26-png-v3/png-v3/1200-lilith-interiors/1205_interiors_modern-living-room_tulum-mexico_s23u_iso160-f1p7_20230917-114545_3000x4000.sdr.png	o6	6	32	22852	294.5048370020231	193.63699999999807	67.350	
1200-lilith-interiors	imazen-26-png-v3/png-v3/1200-lilith-interiors/1205_interiors_modern-living-room_tulum-mexico_s23u_iso160-f1p7_20230917-114545_3000x4000.sdr.png	o6	6	44	10894	318.4797459980473	330.4980000000013	35.907	
1200-lilith-interiors	imazen-26-png-v3/png-v3/1200-lilith-interiors/1205_interiors_modern-living-room_tulum-mexico_s23u_iso160-f1p7_20230917-114545_3000x4000.sdr.png	o6	8	20	37903	184.29449299583212	415.1799999999977	79.935	
1200-lilith-interiors	imazen-26-png-v3/png-v3/1200-lilith-interiors/1205_interiors_modern-living-room_tulum-mexico_s23u_iso160-f1p7_20230917-114545_3000x4000.sdr.png	o6	8	32	23532	279.37025600112975	279.9619999999976	67.660	
1200-lilith-interiors	imazen-26-png-v3/png-v3/1200-lilith-interiors/1205_interiors_modern-living-room_tulum-mexico_s23u_iso160-f1p7_20230917-114545_3000x4000.sdr.png	o6	8	44	11181	249.4884179905057	452.1890000000024	35.833	
1200-lilith-interiors	imazen-26-png-v3/png-v3/1200-lilith-interiors/1205_interiors_modern-living-room_tulum-mexico_s23u_iso160-f1p7_20230917-114545_3000x4000.sdr.png	o6	10	20	38248	213.03640499536414	331.8360000000009	79.915	
1200-lilith-interiors	imazen-26-png-v3/png-v3/1200-lilith-interiors/1205_interiors_modern-living-room_tulum-mexico_s23u_iso160-f1p7_20230917-114545_3000x4000.sdr.png	o6	10	32	23817	263.78812501206994	732.8789999999988	67.674	
1200-lilith-interiors	imazen-26-png-v3/png-v3/1200-lilith-interiors/1205_interiors_modern-living-room_tulum-mexico_s23u_iso160-f1p7_20230917-114545_3000x4000.sdr.png	o6	10	44	11411	171.14417999982834	412.351000000001	36.273	
1200-lilith-interiors	imazen-26-png-v3/png-v3/1200-lilith-interiors/1205_interiors_modern-living-room_tulum-mexico_s23u_iso160-f1p7_20230917-114545_3000x4000.sdr.png	o7	4	20	33925	486.7403600073885	345.27700000000294	78.907	
1200-lilith-interiors	imazen-26-png-v3/png-v3/1200-lilith-interiors/1205_interiors_modern-living-room_tulum-mexico_s23u_iso160-f1p7_20230917-114545_3000x4000.sdr.png	o7	4	32	20171	466.34771399840247	608.4980000000044	63.922	
1200-lilith-interiors	imazen-26-png-v3/png-v3/1200-lilith-interiors/1205_interiors_modern-living-room_tulum-mexico_s23u_iso160-f1p7_20230917-114545_3000x4000.sdr.png	o7	4	44	9182	476.13572199770715	808.4959999999999	28.296	
1200-lilith-interiors	imazen-26-png-v3/png-v3/1200-lilith-interiors/1205_interiors_modern-living-room_tulum-mexico_s23u_iso160-f1p7_20230917-114545_3000x4000.sdr.png	o7	6	20	35175	367.94383100641426	439.04200000000236	78.728	
1200-lilith-interiors	imazen-26-png-v3/png-v3/1200-lilith-interiors/1205_interiors_modern-living-room_tulum-mexico_s23u_iso160-f1p7_20230917-114545_3000x4000.sdr.png	o7	6	32	21004	470.7582200062461	352.22199999999935	63.568	
1200-lilith-interiors	imazen-26-png-v3/png-v3/1200-lilith-interiors/1205_interiors_modern-living-room_tulum-mexico_s23u_iso160-f1p7_20230917-114545_3000x4000.sdr.png	o7	6	44	9707	325.79643100325484	216.2849999999974	28.162	
1200-lilith-interiors	imazen-26-png-v3/png-v3/1200-lilith-interiors/1205_interiors_modern-living-room_tulum-mexico_s23u_iso160-f1p7_20230917-114545_3000x4000.sdr.png	o7	8	20	35837	260.72058999852743	308.0749999999988	78.478	
1200-lilith-interiors	imazen-26-png-v3/png-v3/1200-lilith-interiors/1205_interiors_modern-living-room_tulum-mexico_s23u_iso160-f1p7_20230917-114545_3000x4000.sdr.png	o7	8	32	21535	382.25331500871107	438.31399999999655	63.581	
1200-lilith-interiors	imazen-26-png-v3/png-v3/1200-lilith-interiors/1205_interiors_modern-living-room_tulum-mexico_s23u_iso160-f1p7_20230917-114545_3000x4000.sdr.png	o7	8	44	9912	404.20386000187136	468.5150000000018	27.799	
1200-lilith-interiors	imazen-26-png-v3/png-v3/1200-lilith-interiors/1205_interiors_modern-living-room_tulum-mexico_s23u_iso160-f1p7_20230917-114545_3000x4000.sdr.png	o7	10	20	36176	320.3698450088268	306.5529999999956	78.378	
1200-lilith-interiors	imazen-26-png-v3/png-v3/1200-lilith-interiors/1205_interiors_modern-living-room_tulum-mexico_s23u_iso160-f1p7_20230917-114545_3000x4000.sdr.png	o7	10	32	21795	304.9399229930714	185.14399999999574	63.797	
1200-lilith-interiors	imazen-26-png-v3/png-v3/1200-lilith-interiors/1205_interiors_modern-living-room_tulum-mexico_s23u_iso160-f1p7_20230917-114545_3000x4000.sdr.png	o7	10	44	10157	428.6897699930705	517.2519999999992	28.451	
1200-lilith-interiors	imazen-26-png-v3/png-v3/1200-lilith-interiors/1205_interiors_modern-living-room_tulum-mexico_s23u_iso160-f1p7_20230917-114545_3000x4000.sdr.png	o8	4	20	33290	695.3070669987937	862.3879999999957	78.375	
1200-lilith-interiors	imazen-26-png-v3/png-v3/1200-lilith-interiors/1205_interiors_modern-living-room_tulum-mexico_s23u_iso160-f1p7_20230917-114545_3000x4000.sdr.png	o8	4	32	19391	381.51832899893634	360.90299999999684	61.991	
1200-lilith-interiors	imazen-26-png-v3/png-v3/1200-lilith-interiors/1205_interiors_modern-living-room_tulum-mexico_s23u_iso160-f1p7_20230917-114545_3000x4000.sdr.png	o8	4	44	8946	474.7957070067059	818.5959999999994	26.180	
1200-lilith-interiors	imazen-26-png-v3/png-v3/1200-lilith-interiors/1205_interiors_modern-living-room_tulum-mexico_s23u_iso160-f1p7_20230917-114545_3000x4000.sdr.png	o8	6	20	34568	301.4438539976254	443.3949999999953	78.288	
1200-lilith-interiors	imazen-26-png-v3/png-v3/1200-lilith-interiors/1205_interiors_modern-living-room_tulum-mexico_s23u_iso160-f1p7_20230917-114545_3000x4000.sdr.png	o8	6	32	20218	347.38901699893177	710.0989999999961	62.090	
1200-lilith-interiors	imazen-26-png-v3/png-v3/1200-lilith-interiors/1205_interiors_modern-living-room_tulum-mexico_s23u_iso160-f1p7_20230917-114545_3000x4000.sdr.png	o8	6	44	9493	404.9529629992321	1015.4840000000007	26.304	
1200-lilith-interiors	imazen-26-png-v3/png-v3/1200-lilith-interiors/1205_interiors_modern-living-room_tulum-mexico_s23u_iso160-f1p7_20230917-114545_3000x4000.sdr.png	o8	8	20	35218	305.7631170086097	313.7529999999984	77.916	
1200-lilith-interiors	imazen-26-png-v3/png-v3/1200-lilith-interiors/1205_interiors_modern-living-room_tulum-mexico_s23u_iso160-f1p7_20230917-114545_3000x4000.sdr.png	o8	8	32	20741	311.780653995811	433.92399999999753	62.128	
1200-lilith-interiors	imazen-26-png-v3/png-v3/1200-lilith-interiors/1205_interiors_modern-living-room_tulum-mexico_s23u_iso160-f1p7_20230917-114545_3000x4000.sdr.png	o8	8	44	9634	293.09734399430454	518.0259999999989	25.420	
1200-lilith-interiors	imazen-26-png-v3/png-v3/1200-lilith-interiors/1205_interiors_modern-living-room_tulum-mexico_s23u_iso160-f1p7_20230917-114545_3000x4000.sdr.png	o8	10	20	35525	393.06477599893697	194.345000000002	77.863	
1200-lilith-interiors	imazen-26-png-v3/png-v3/1200-lilith-interiors/1205_interiors_modern-living-room_tulum-mexico_s23u_iso160-f1p7_20230917-114545_3000x4000.sdr.png	o8	10	32	20996	403.33880799880717	312.1789999999969	62.299	
1200-lilith-interiors	imazen-26-png-v3/png-v3/1200-lilith-interiors/1205_interiors_modern-living-room_tulum-mexico_s23u_iso160-f1p7_20230917-114545_3000x4000.sdr.png	o8	10	44	9871	496.48180000076536	429.1700000000009	26.111	
1200-lilith-interiors	imazen-26-png-v3/png-v3/1200-lilith-interiors/1205_interiors_modern-living-room_tulum-mexico_s23u_iso160-f1p7_20230917-114545_3000x4000.sdr.png	o7ac	4	20	33861	578.0672740074806	706.4219999999964	78.852	
1200-lilith-interiors	imazen-26-png-v3/png-v3/1200-lilith-interiors/1205_interiors_modern-living-room_tulum-mexico_s23u_iso160-f1p7_20230917-114545_3000x4000.sdr.png	o7ac	4	32	20167	332.8793419932481	595.5060000000021	63.469	
1200-lilith-interiors	imazen-26-png-v3/png-v3/1200-lilith-interiors/1205_interiors_modern-living-room_tulum-mexico_s23u_iso160-f1p7_20230917-114545_3000x4000.sdr.png	o7ac	4	44	9194	463.9773620001506	898.1480000000026	28.328	
1200-lilith-interiors	imazen-26-png-v3/png-v3/1200-lilith-interiors/1205_interiors_modern-living-room_tulum-mexico_s23u_iso160-f1p7_20230917-114545_3000x4000.sdr.png	o7ac	6	20	35200	292.11340499750804	469.99400000000156	78.808	
1200-lilith-interiors	imazen-26-png-v3/png-v3/1200-lilith-interiors/1205_interiors_modern-living-room_tulum-mexico_s23u_iso160-f1p7_20230917-114545_3000x4000.sdr.png	o7ac	6	32	21031	400.7714110048255	811.8059999999989	63.197	
1200-lilith-interiors	imazen-26-png-v3/png-v3/1200-lilith-interiors/1205_interiors_modern-living-room_tulum-mexico_s23u_iso160-f1p7_20230917-114545_3000x4000.sdr.png	o7ac	6	44	9727	355.0190259993542	778.5270000000057	28.271	
1200-lilith-interiors	imazen-26-png-v3/png-v3/1200-lilith-interiors/1205_interiors_modern-living-room_tulum-mexico_s23u_iso160-f1p7_20230917-114545_3000x4000.sdr.png	o7ac	8	20	35843	354.7253879951313	528.2740000000015	78.486	
1200-lilith-interiors	imazen-26-png-v3/png-v3/1200-lilith-interiors/1205_interiors_modern-living-room_tulum-mexico_s23u_iso160-f1p7_20230917-114545_3000x4000.sdr.png	o7ac	8	32	21536	396.9645929901162	745.234999999992	63.600	
1200-lilith-interiors	imazen-26-png-v3/png-v3/1200-lilith-interiors/1205_interiors_modern-living-room_tulum-mexico_s23u_iso160-f1p7_20230917-114545_3000x4000.sdr.png	o7ac	8	44	9912	318.2148930063704	409.6289999999989	27.799	
1200-lilith-interiors	imazen-26-png-v3/png-v3/1200-lilith-interiors/1205_interiors_modern-living-room_tulum-mexico_s23u_iso160-f1p7_20230917-114545_3000x4000.sdr.png	o7ac	10	20	36183	511.93389399850275	549.9749999999963	78.355	
1200-lilith-interiors	imazen-26-png-v3/png-v3/1200-lilith-interiors/1205_interiors_modern-living-room_tulum-mexico_s23u_iso160-f1p7_20230917-114545_3000x4000.sdr.png	o7ac	10	32	21795	296.6880729945842	277.66400000000147	63.797	
1200-lilith-interiors	imazen-26-png-v3/png-v3/1200-lilith-interiors/1205_interiors_modern-living-room_tulum-mexico_s23u_iso160-f1p7_20230917-114545_3000x4000.sdr.png	o7ac	10	44	10152	252.24936299491674	192.68599999999836	28.443	
1200-lilith-interiors	imazen-26-png-v3/png-v3/1200-lilith-interiors/1225_interiors_kitchen-appliances-overhead_minamiizu-japan_s23u_iso200-f1p7_20250307-112014_3000x4000.sdr.png	t1	4	20	30110	351.24876600457355	503.0470000000058	71.803	
1200-lilith-interiors	imazen-26-png-v3/png-v3/1200-lilith-interiors/1225_interiors_kitchen-appliances-overhead_minamiizu-japan_s23u_iso200-f1p7_20250307-112014_3000x4000.sdr.png	t1	4	32	13573	454.5513620105339	802.2440000000017	51.378	
1200-lilith-interiors	imazen-26-png-v3/png-v3/1200-lilith-interiors/1225_interiors_kitchen-appliances-overhead_minamiizu-japan_s23u_iso200-f1p7_20250307-112014_3000x4000.sdr.png	t1	4	44	5557	610.4355529969325	927.1820000000001	15.659	
1200-lilith-interiors	imazen-26-png-v3/png-v3/1200-lilith-interiors/1225_interiors_kitchen-appliances-overhead_minamiizu-japan_s23u_iso200-f1p7_20250307-112014_3000x4000.sdr.png	t1	6	20	32474	524.4174910039874	947.7740000000026	72.177	
1200-lilith-interiors	imazen-26-png-v3/png-v3/1200-lilith-interiors/1225_interiors_kitchen-appliances-overhead_minamiizu-japan_s23u_iso200-f1p7_20250307-112014_3000x4000.sdr.png	t1	6	32	15462	180.77632199856453	366.4749999999959	52.072	
1200-lilith-interiors	imazen-26-png-v3/png-v3/1200-lilith-interiors/1225_interiors_kitchen-appliances-overhead_minamiizu-japan_s23u_iso200-f1p7_20250307-112014_3000x4000.sdr.png	t1	6	44	6639	475.3923999960534	530.701999999998	15.598	
1200-lilith-interiors	imazen-26-png-v3/png-v3/1200-lilith-interiors/1225_interiors_kitchen-appliances-overhead_minamiizu-japan_s23u_iso200-f1p7_20250307-112014_3000x4000.sdr.png	t1	8	20	33469	438.5470089910086	356.1550000000029	71.705	
1200-lilith-interiors	imazen-26-png-v3/png-v3/1200-lilith-interiors/1225_interiors_kitchen-appliances-overhead_minamiizu-japan_s23u_iso200-f1p7_20250307-112014_3000x4000.sdr.png	t1	8	32	16053	463.36314600193873	717.5999999999938	51.483	
1200-lilith-interiors	imazen-26-png-v3/png-v3/1200-lilith-interiors/1225_interiors_kitchen-appliances-overhead_minamiizu-japan_s23u_iso200-f1p7_20250307-112014_3000x4000.sdr.png	t1	8	44	6828	216.4554089977173	433.12100000000163	14.600	
1200-lilith-interiors	imazen-26-png-v3/png-v3/1200-lilith-interiors/1225_interiors_kitchen-appliances-overhead_minamiizu-japan_s23u_iso200-f1p7_20250307-112014_3000x4000.sdr.png	t1	10	20	34474	220.05094699852634	404.61599999999544	71.374	
1200-lilith-interiors	imazen-26-png-v3/png-v3/1200-lilith-interiors/1225_interiors_kitchen-appliances-overhead_minamiizu-japan_s23u_iso200-f1p7_20250307-112014_3000x4000.sdr.png	t1	10	32	16582	246.79677799576893	525.2179999999971	51.054	
1200-lilith-interiors	imazen-26-png-v3/png-v3/1200-lilith-interiors/1225_interiors_kitchen-appliances-overhead_minamiizu-japan_s23u_iso200-f1p7_20250307-112014_3000x4000.sdr.png	t1	10	44	6887	159.9530270032119	584.8990000000001	13.985	
1200-lilith-interiors	imazen-26-png-v3/png-v3/1200-lilith-interiors/1225_interiors_kitchen-appliances-overhead_minamiizu-japan_s23u_iso200-f1p7_20250307-112014_3000x4000.sdr.png	t3	4	20	41020	393.478773010429	565.2909999999966	79.751	
1200-lilith-interiors	imazen-26-png-v3/png-v3/1200-lilith-interiors/1225_interiors_kitchen-appliances-overhead_minamiizu-japan_s23u_iso200-f1p7_20250307-112014_3000x4000.sdr.png	t3	4	32	22781	427.30474000563845	772.0820000000028	68.133	
1200-lilith-interiors	imazen-26-png-v3/png-v3/1200-lilith-interiors/1225_interiors_kitchen-appliances-overhead_minamiizu-japan_s23u_iso200-f1p7_20250307-112014_3000x4000.sdr.png	t3	4	44	9293	337.0381290005753	263.61699999999996	42.376	
1200-lilith-interiors	imazen-26-png-v3/png-v3/1200-lilith-interiors/1225_interiors_kitchen-appliances-overhead_minamiizu-japan_s23u_iso200-f1p7_20250307-112014_3000x4000.sdr.png	t3	6	20	43662	360.9810180059867	705.9979999999974	79.685	
1200-lilith-interiors	imazen-26-png-v3/png-v3/1200-lilith-interiors/1225_interiors_kitchen-appliances-overhead_minamiizu-japan_s23u_iso200-f1p7_20250307-112014_3000x4000.sdr.png	t3	6	32	24906	532.5218710058834	609.4710000000064	68.984	
1200-lilith-interiors	imazen-26-png-v3/png-v3/1200-lilith-interiors/1225_interiors_kitchen-appliances-overhead_minamiizu-japan_s23u_iso200-f1p7_20250307-112014_3000x4000.sdr.png	t3	6	44	10721	310.1043509959709	167.7149999999994	43.690	
1200-lilith-interiors	imazen-26-png-v3/png-v3/1200-lilith-interiors/1225_interiors_kitchen-appliances-overhead_minamiizu-japan_s23u_iso200-f1p7_20250307-112014_3000x4000.sdr.png	t3	8	20	45271	340.14117300102953	280.0419999999999	79.574	
1200-lilith-interiors	imazen-26-png-v3/png-v3/1200-lilith-interiors/1225_interiors_kitchen-appliances-overhead_minamiizu-japan_s23u_iso200-f1p7_20250307-112014_3000x4000.sdr.png	t3	8	32	26169	375.6253080064198	393.0980000000002	68.963	
1200-lilith-interiors	imazen-26-png-v3/png-v3/1200-lilith-interiors/1225_interiors_kitchen-appliances-overhead_minamiizu-japan_s23u_iso200-f1p7_20250307-112014_3000x4000.sdr.png	t3	8	44	11407	429.774649994215	624.0220000000036	43.157	
1200-lilith-interiors	imazen-26-png-v3/png-v3/1200-lilith-interiors/1225_interiors_kitchen-appliances-overhead_minamiizu-japan_s23u_iso200-f1p7_20250307-112014_3000x4000.sdr.png	t3	10	20	46124	308.1200029992033	231.41799999999614	79.479	
1200-lilith-interiors	imazen-26-png-v3/png-v3/1200-lilith-interiors/1225_interiors_kitchen-appliances-overhead_minamiizu-japan_s23u_iso200-f1p7_20250307-112014_3000x4000.sdr.png	t3	10	32	26771	410.06329699303024	405.291999999994	68.983	
1200-lilith-interiors	imazen-26-png-v3/png-v3/1200-lilith-interiors/1225_interiors_kitchen-appliances-overhead_minamiizu-japan_s23u_iso200-f1p7_20250307-112014_3000x4000.sdr.png	t3	10	44	11623	234.75287600012962	251.33000000000118	42.941	
1200-lilith-interiors	imazen-26-png-v3/png-v3/1200-lilith-interiors/1225_interiors_kitchen-appliances-overhead_minamiizu-japan_s23u_iso200-f1p7_20250307-112014_3000x4000.sdr.png	o6	4	20	38788	631.4705590048106	608.8209999999954	78.735	
1200-lilith-interiors	imazen-26-png-v3/png-v3/1200-lilith-interiors/1225_interiors_kitchen-appliances-overhead_minamiizu-japan_s23u_iso200-f1p7_20250307-112014_3000x4000.sdr.png	o6	4	32	20329	412.4023289914476	639.0440000000002	65.723	
1200-lilith-interiors	imazen-26-png-v3/png-v3/1200-lilith-interiors/1225_interiors_kitchen-appliances-overhead_minamiizu-japan_s23u_iso200-f1p7_20250307-112014_3000x4000.sdr.png	o6	4	44	8239	469.7779879934387	632.1020000000015	37.574	
1200-lilith-interiors	imazen-26-png-v3/png-v3/1200-lilith-interiors/1225_interiors_kitchen-appliances-overhead_minamiizu-japan_s23u_iso200-f1p7_20250307-112014_3000x4000.sdr.png	o6	6	20	41322	483.4229609987233	557.4009999999969	78.821	
1200-lilith-interiors	imazen-26-png-v3/png-v3/1200-lilith-interiors/1225_interiors_kitchen-appliances-overhead_minamiizu-japan_s23u_iso200-f1p7_20250307-112014_3000x4000.sdr.png	o6	6	32	22384	229.0456470072968	790.3539999999936	65.980	
1200-lilith-interiors	imazen-26-png-v3/png-v3/1200-lilith-interiors/1225_interiors_kitchen-appliances-overhead_minamiizu-japan_s23u_iso200-f1p7_20250307-112014_3000x4000.sdr.png	o6	6	44	9476	208.37767800549045	548.688999999996	38.685	
1200-lilith-interiors	imazen-26-png-v3/png-v3/1200-lilith-interiors/1225_interiors_kitchen-appliances-overhead_minamiizu-japan_s23u_iso200-f1p7_20250307-112014_3000x4000.sdr.png	o6	8	20	42767	333.0948809889378	953.8659999999961	78.304	
1200-lilith-interiors	imazen-26-png-v3/png-v3/1200-lilith-interiors/1225_interiors_kitchen-appliances-overhead_minamiizu-japan_s23u_iso200-f1p7_20250307-112014_3000x4000.sdr.png	o6	8	32	23518	229.27153600903694	537.1799999999976	66.251	
1200-lilith-interiors	imazen-26-png-v3/png-v3/1200-lilith-interiors/1225_interiors_kitchen-appliances-overhead_minamiizu-japan_s23u_iso200-f1p7_20250307-112014_3000x4000.sdr.png	o6	8	44	9947	188.0165210022824	455.92400000000134	37.594	
1200-lilith-interiors	imazen-26-png-v3/png-v3/1200-lilith-interiors/1225_interiors_kitchen-appliances-overhead_minamiizu-japan_s23u_iso200-f1p7_20250307-112014_3000x4000.sdr.png	o6	10	20	43553	331.5570499980822	504.7770000000025	78.177	
1200-lilith-interiors	imazen-26-png-v3/png-v3/1200-lilith-interiors/1225_interiors_kitchen-appliances-overhead_minamiizu-japan_s23u_iso200-f1p7_20250307-112014_3000x4000.sdr.png	o6	10	32	23996	313.6772369907703	699.447999999995	65.898	
1200-lilith-interiors	imazen-26-png-v3/png-v3/1200-lilith-interiors/1225_interiors_kitchen-appliances-overhead_minamiizu-japan_s23u_iso200-f1p7_20250307-112014_3000x4000.sdr.png	o6	10	44	10158	240.95371099247131	570.295999999999	37.084	
1200-lilith-interiors	imazen-26-png-v3/png-v3/1200-lilith-interiors/1225_interiors_kitchen-appliances-overhead_minamiizu-japan_s23u_iso200-f1p7_20250307-112014_3000x4000.sdr.png	o7	4	20	34467	394.4293469976401	344.31400000000065	76.434	
1200-lilith-interiors	imazen-26-png-v3/png-v3/1200-lilith-interiors/1225_interiors_kitchen-appliances-overhead_minamiizu-japan_s23u_iso200-f1p7_20250307-112014_3000x4000.sdr.png	o7	4	32	16799	372.57024699647445	614.1959999999997	60.602	
1200-lilith-interiors	imazen-26-png-v3/png-v3/1200-lilith-interiors/1225_interiors_kitchen-appliances-overhead_minamiizu-japan_s23u_iso200-f1p7_20250307-112014_3000x4000.sdr.png	o7	4	44	6905	369.43845900532324	812.4079999999996	30.000	
1200-lilith-interiors	imazen-26-png-v3/png-v3/1200-lilith-interiors/1225_interiors_kitchen-appliances-overhead_minamiizu-japan_s23u_iso200-f1p7_20250307-112014_3000x4000.sdr.png	o7	6	20	36825	226.69670599862002	259.5859999999934	76.476	
1200-lilith-interiors	imazen-26-png-v3/png-v3/1200-lilith-interiors/1225_interiors_kitchen-appliances-overhead_minamiizu-japan_s23u_iso200-f1p7_20250307-112014_3000x4000.sdr.png	o7	6	32	18533	291.3066129985964	1144.5779999999938	60.608	
1200-lilith-interiors	imazen-26-png-v3/png-v3/1200-lilith-interiors/1225_interiors_kitchen-appliances-overhead_minamiizu-japan_s23u_iso200-f1p7_20250307-112014_3000x4000.sdr.png	o7	6	44	7957	265.45628199528437	826.8009999999997	30.061	
1200-lilith-interiors	imazen-26-png-v3/png-v3/1200-lilith-interiors/1225_interiors_kitchen-appliances-overhead_minamiizu-japan_s23u_iso200-f1p7_20250307-112014_3000x4000.sdr.png	o7	8	20	37808	265.3832439973485	826.8009999999997	75.559	
1200-lilith-interiors	imazen-26-png-v3/png-v3/1200-lilith-interiors/1225_interiors_kitchen-appliances-overhead_minamiizu-japan_s23u_iso200-f1p7_20250307-112014_3000x4000.sdr.png	o7	8	32	19389	310.46998499368783	1080.1080000000009	60.098	
1200-lilith-interiors	imazen-26-png-v3/png-v3/1200-lilith-interiors/1225_interiors_kitchen-appliances-overhead_minamiizu-japan_s23u_iso200-f1p7_20250307-112014_3000x4000.sdr.png	o7	8	44	8252	184.11576299695298	539.7739999999995	28.254	
1200-lilith-interiors	imazen-26-png-v3/png-v3/1200-lilith-interiors/1225_interiors_kitchen-appliances-overhead_minamiizu-japan_s23u_iso200-f1p7_20250307-112014_3000x4000.sdr.png	o7	10	20	38431	325.925957004074	284.5450000000014	75.316	
1200-lilith-interiors	imazen-26-png-v3/png-v3/1200-lilith-interiors/1225_interiors_kitchen-appliances-overhead_minamiizu-japan_s23u_iso200-f1p7_20250307-112014_3000x4000.sdr.png	o7	10	32	19726	532.0446050027385	283.182	60.061	
1200-lilith-interiors	imazen-26-png-v3/png-v3/1200-lilith-interiors/1225_interiors_kitchen-appliances-overhead_minamiizu-japan_s23u_iso200-f1p7_20250307-112014_3000x4000.sdr.png	o7	10	44	8399	595.2647520025494	220.34799999999422	27.954	
1200-lilith-interiors	imazen-26-png-v3/png-v3/1200-lilith-interiors/1225_interiors_kitchen-appliances-overhead_minamiizu-japan_s23u_iso200-f1p7_20250307-112014_3000x4000.sdr.png	o8	4	20	33478	444.32848900032695	483.2189999999983	75.902	
1200-lilith-interiors	imazen-26-png-v3/png-v3/1200-lilith-interiors/1225_interiors_kitchen-appliances-overhead_minamiizu-japan_s23u_iso200-f1p7_20250307-112014_3000x4000.sdr.png	o8	4	32	16122	521.5084060037043	770.9479999999971	59.224	
1200-lilith-interiors	imazen-26-png-v3/png-v3/1200-lilith-interiors/1225_interiors_kitchen-appliances-overhead_minamiizu-japan_s23u_iso200-f1p7_20250307-112014_3000x4000.sdr.png	o8	4	44	6696	398.075401011738	967.0509999999961	28.778	
1200-lilith-interiors	imazen-26-png-v3/png-v3/1200-lilith-interiors/1225_interiors_kitchen-appliances-overhead_minamiizu-japan_s23u_iso200-f1p7_20250307-112014_3000x4000.sdr.png	o8	6	20	35885	254.3048160005128	1097.1560000000018	75.893	
1200-lilith-interiors	imazen-26-png-v3/png-v3/1200-lilith-interiors/1225_interiors_kitchen-appliances-overhead_minamiizu-japan_s23u_iso200-f1p7_20250307-112014_3000x4000.sdr.png	o8	6	32	17858	367.3262279917253	711.9029999999996	59.285	
1200-lilith-interiors	imazen-26-png-v3/png-v3/1200-lilith-interiors/1225_interiors_kitchen-appliances-overhead_minamiizu-japan_s23u_iso200-f1p7_20250307-112014_3000x4000.sdr.png	o8	6	44	7668	188.29211499541998	411.1249999999984	28.346	
1200-lilith-interiors	imazen-26-png-v3/png-v3/1200-lilith-interiors/1225_interiors_kitchen-appliances-overhead_minamiizu-japan_s23u_iso200-f1p7_20250307-112014_3000x4000.sdr.png	o8	8	20	36814	288.69964300247375	581.5609999999971	74.982	
1200-lilith-interiors	imazen-26-png-v3/png-v3/1200-lilith-interiors/1225_interiors_kitchen-appliances-overhead_minamiizu-japan_s23u_iso200-f1p7_20250307-112014_3000x4000.sdr.png	o8	8	32	18645	186.3894510024693	329.7680000000049	58.590	
1200-lilith-interiors	imazen-26-png-v3/png-v3/1200-lilith-interiors/1225_interiors_kitchen-appliances-overhead_minamiizu-japan_s23u_iso200-f1p7_20250307-112014_3000x4000.sdr.png	o8	8	44	7965	245.64222499611787	648.7330000000036	26.121	
1200-lilith-interiors	imazen-26-png-v3/png-v3/1200-lilith-interiors/1225_interiors_kitchen-appliances-overhead_minamiizu-japan_s23u_iso200-f1p7_20250307-112014_3000x4000.sdr.png	o8	10	20	37476	446.4708469895413	527.6920000000018	74.860	
1200-lilith-interiors	imazen-26-png-v3/png-v3/1200-lilith-interiors/1225_interiors_kitchen-appliances-overhead_minamiizu-japan_s23u_iso200-f1p7_20250307-112014_3000x4000.sdr.png	o8	10	32	18935	532.237350998912	256.1520000000037	58.579	
1200-lilith-interiors	imazen-26-png-v3/png-v3/1200-lilith-interiors/1225_interiors_kitchen-appliances-overhead_minamiizu-japan_s23u_iso200-f1p7_20250307-112014_3000x4000.sdr.png	o8	10	44	8108	265.63055299629923	246.82399999999836	26.083	
1200-lilith-interiors	imazen-26-png-v3/png-v3/1200-lilith-interiors/1225_interiors_kitchen-appliances-overhead_minamiizu-japan_s23u_iso200-f1p7_20250307-112014_3000x4000.sdr.png	o7ac	4	20	34455	508.0746250023367	971.2479999999974	76.508	
1200-lilith-interiors	imazen-26-png-v3/png-v3/1200-lilith-interiors/1225_interiors_kitchen-appliances-overhead_minamiizu-japan_s23u_iso200-f1p7_20250307-112014_3000x4000.sdr.png	o7ac	4	32	16810	362.33887600246817	503.7340000000032	60.494	
1200-lilith-interiors	imazen-26-png-v3/png-v3/1200-lilith-interiors/1225_interiors_kitchen-appliances-overhead_minamiizu-japan_s23u_iso200-f1p7_20250307-112014_3000x4000.sdr.png	o7ac	4	44	6878	435.7397480052896	1323.342000000002	30.790	
1200-lilith-interiors	imazen-26-png-v3/png-v3/1200-lilith-interiors/1225_interiors_kitchen-appliances-overhead_minamiizu-japan_s23u_iso200-f1p7_20250307-112014_3000x4000.sdr.png	o7ac	6	20	36896	249.4863439933397	478.91900000000123	76.388	
1200-lilith-interiors	imazen-26-png-v3/png-v3/1200-lilith-interiors/1225_interiors_kitchen-appliances-overhead_minamiizu-japan_s23u_iso200-f1p7_20250307-112014_3000x4000.sdr.png	o7ac	6	32	18574	212.14154599874746	892.6479999999976	60.402	
1200-lilith-interiors	imazen-26-png-v3/png-v3/1200-lilith-interiors/1225_interiors_kitchen-appliances-overhead_minamiizu-japan_s23u_iso200-f1p7_20250307-112014_3000x4000.sdr.png	o7ac	6	44	7954	441.46623300912324	393.5989999999982	29.767	
1200-lilith-interiors	imazen-26-png-v3/png-v3/1200-lilith-interiors/1225_interiors_kitchen-appliances-overhead_minamiizu-japan_s23u_iso200-f1p7_20250307-112014_3000x4000.sdr.png	o7ac	8	20	37833	318.1813900009729	349.71900000000034	75.546	
1200-lilith-interiors	imazen-26-png-v3/png-v3/1200-lilith-interiors/1225_interiors_kitchen-appliances-overhead_minamiizu-japan_s23u_iso200-f1p7_20250307-112014_3000x4000.sdr.png	o7ac	8	32	19388	419.38973900687415	538.2439999999971	60.112	
1200-lilith-interiors	imazen-26-png-v3/png-v3/1200-lilith-interiors/1225_interiors_kitchen-appliances-overhead_minamiizu-japan_s23u_iso200-f1p7_20250307-112014_3000x4000.sdr.png	o7ac	8	44	8254	245.05627200414892	386.62500000000045	28.243	
1200-lilith-interiors	imazen-26-png-v3/png-v3/1200-lilith-interiors/1225_interiors_kitchen-appliances-overhead_minamiizu-japan_s23u_iso200-f1p7_20250307-112014_3000x4000.sdr.png	o7ac	10	20	38453	377.81196100695524	270.03399999999544	75.359	
1200-lilith-interiors	imazen-26-png-v3/png-v3/1200-lilith-interiors/1225_interiors_kitchen-appliances-overhead_minamiizu-japan_s23u_iso200-f1p7_20250307-112014_3000x4000.sdr.png	o7ac	10	32	19732	343.1377730012173	239.25900000000235	60.054	
1200-lilith-interiors	imazen-26-png-v3/png-v3/1200-lilith-interiors/1225_interiors_kitchen-appliances-overhead_minamiizu-japan_s23u_iso200-f1p7_20250307-112014_3000x4000.sdr.png	o7ac	10	44	8399	446.4860660082195	415.96699999999487	27.954	
1400-lilith-nature	imazen-26-png-v3/png-v3/1400-lilith-nature/1510_nature_purple-iris-flowers_colorado_ip8plus_iso40-f2p8_img-0803_3024x4032.sdr.png	t1	4	20	14798	266.7575340019539	340.3499999999955	75.118	
1400-lilith-nature	imazen-26-png-v3/png-v3/1400-lilith-nature/1510_nature_purple-iris-flowers_colorado_ip8plus_iso40-f2p8_img-0803_3024x4032.sdr.png	t1	4	32	6419	424.72189498948865	574.7270000000082	58.765	
1400-lilith-nature	imazen-26-png-v3/png-v3/1400-lilith-nature/1510_nature_purple-iris-flowers_colorado_ip8plus_iso40-f2p8_img-0803_3024x4032.sdr.png	t1	4	44	3143	486.2556500011124	763.3870000000069	29.966	
1400-lilith-nature	imazen-26-png-v3/png-v3/1400-lilith-nature/1510_nature_purple-iris-flowers_colorado_ip8plus_iso40-f2p8_img-0803_3024x4032.sdr.png	t1	6	20	15363	323.60836598672904	303.85299999999836	75.212	
1400-lilith-nature	imazen-26-png-v3/png-v3/1400-lilith-nature/1510_nature_purple-iris-flowers_colorado_ip8plus_iso40-f2p8_img-0803_3024x4032.sdr.png	t1	6	32	6777	257.9759470099816	318.56299999999925	59.395	
1400-lilith-nature	imazen-26-png-v3/png-v3/1400-lilith-nature/1510_nature_purple-iris-flowers_colorado_ip8plus_iso40-f2p8_img-0803_3024x4032.sdr.png	t1	6	44	3237	142.255559010664	249.1609999999973	29.275	
1400-lilith-nature	imazen-26-png-v3/png-v3/1400-lilith-nature/1510_nature_purple-iris-flowers_colorado_ip8plus_iso40-f2p8_img-0803_3024x4032.sdr.png	t1	8	20	15376	376.25550499069504	472.124000000008	74.164	
1400-lilith-nature	imazen-26-png-v3/png-v3/1400-lilith-nature/1510_nature_purple-iris-flowers_colorado_ip8plus_iso40-f2p8_img-0803_3024x4032.sdr.png	t1	8	32	6940	195.92156399448868	186.50899999999558	58.408	
1400-lilith-nature	imazen-26-png-v3/png-v3/1400-lilith-nature/1510_nature_purple-iris-flowers_colorado_ip8plus_iso40-f2p8_img-0803_3024x4032.sdr.png	t1	8	44	3301	243.32681800296996	290.150999999998	26.808	
1400-lilith-nature	imazen-26-png-v3/png-v3/1400-lilith-nature/1510_nature_purple-iris-flowers_colorado_ip8plus_iso40-f2p8_img-0803_3024x4032.sdr.png	t1	10	20	15989	285.6117690098472	602.4150000000024	74.509	
1400-lilith-nature	imazen-26-png-v3/png-v3/1400-lilith-nature/1510_nature_purple-iris-flowers_colorado_ip8plus_iso40-f2p8_img-0803_3024x4032.sdr.png	t1	10	32	7079	192.10268200549763	456.8800000000035	57.701	
1400-lilith-nature	imazen-26-png-v3/png-v3/1400-lilith-nature/1510_nature_purple-iris-flowers_colorado_ip8plus_iso40-f2p8_img-0803_3024x4032.sdr.png	t1	10	44	3313	245.32996201014612	581.7619999999941	25.078	
1400-lilith-nature	imazen-26-png-v3/png-v3/1400-lilith-nature/1510_nature_purple-iris-flowers_colorado_ip8plus_iso40-f2p8_img-0803_3024x4032.sdr.png	t3	4	20	25283	418.30903600202873	426.0720000000049	83.442	
1400-lilith-nature	imazen-26-png-v3/png-v3/1400-lilith-nature/1510_nature_purple-iris-flowers_colorado_ip8plus_iso40-f2p8_img-0803_3024x4032.sdr.png	t3	4	32	14087	437.50818600528874	499.3980000000082	75.297	
1400-lilith-nature	imazen-26-png-v3/png-v3/1400-lilith-nature/1510_nature_purple-iris-flowers_colorado_ip8plus_iso40-f2p8_img-0803_3024x4032.sdr.png	t3	4	44	5871	525.7262560044182	693.9819999999966	56.591	
1400-lilith-nature	imazen-26-png-v3/png-v3/1400-lilith-nature/1510_nature_purple-iris-flowers_colorado_ip8plus_iso40-f2p8_img-0803_3024x4032.sdr.png	t3	6	20	26127	440.30672099324875	418.9440000000051	83.453	
1400-lilith-nature	imazen-26-png-v3/png-v3/1400-lilith-nature/1510_nature_purple-iris-flowers_colorado_ip8plus_iso40-f2p8_img-0803_3024x4032.sdr.png	t3	6	32	14845	299.56677900918294	240.50899999999586	75.862	
1400-lilith-nature	imazen-26-png-v3/png-v3/1400-lilith-nature/1510_nature_purple-iris-flowers_colorado_ip8plus_iso40-f2p8_img-0803_3024x4032.sdr.png	t3	6	44	6245	293.6137249926105	735.2989999999959	56.963	
1400-lilith-nature	imazen-26-png-v3/png-v3/1400-lilith-nature/1510_nature_purple-iris-flowers_colorado_ip8plus_iso40-f2p8_img-0803_3024x4032.sdr.png	t3	8	20	27788	161.1250530113466	289.6370000000008	83.233	
1400-lilith-nature	imazen-26-png-v3/png-v3/1400-lilith-nature/1510_nature_purple-iris-flowers_colorado_ip8plus_iso40-f2p8_img-0803_3024x4032.sdr.png	t3	8	32	15994	221.50116000557318	433.0739999999995	75.987	
1400-lilith-nature	imazen-26-png-v3/png-v3/1400-lilith-nature/1510_nature_purple-iris-flowers_colorado_ip8plus_iso40-f2p8_img-0803_3024x4032.sdr.png	t3	8	44	6816	240.6748810026329	501.80899999999974	57.713	
1400-lilith-nature	imazen-26-png-v3/png-v3/1400-lilith-nature/1510_nature_purple-iris-flowers_colorado_ip8plus_iso40-f2p8_img-0803_3024x4032.sdr.png	t3	10	20	28053	346.57993000291754	694.3750000000061	83.302	
1400-lilith-nature	imazen-26-png-v3/png-v3/1400-lilith-nature/1510_nature_purple-iris-flowers_colorado_ip8plus_iso40-f2p8_img-0803_3024x4032.sdr.png	t3	10	32	16242	176.8911940016551	257.28899999999834	76.067	
1400-lilith-nature	imazen-26-png-v3/png-v3/1400-lilith-nature/1510_nature_purple-iris-flowers_colorado_ip8plus_iso40-f2p8_img-0803_3024x4032.sdr.png	t3	10	44	6926	247.86634799966123	475.12700000000586	57.201	
1400-lilith-nature	imazen-26-png-v3/png-v3/1400-lilith-nature/1510_nature_purple-iris-flowers_colorado_ip8plus_iso40-f2p8_img-0803_3024x4032.sdr.png	o6	4	20	24314	372.83766400651075	639.7210000000016	82.920	
1400-lilith-nature	imazen-26-png-v3/png-v3/1400-lilith-nature/1510_nature_purple-iris-flowers_colorado_ip8plus_iso40-f2p8_img-0803_3024x4032.sdr.png	o6	4	32	13234	592.6134680048563	730.4330000000032	74.101	
1400-lilith-nature	imazen-26-png-v3/png-v3/1400-lilith-nature/1510_nature_purple-iris-flowers_colorado_ip8plus_iso40-f2p8_img-0803_3024x4032.sdr.png	o6	4	44	5402	336.6291230049683	420.8870000000058	54.625	
1400-lilith-nature	imazen-26-png-v3/png-v3/1400-lilith-nature/1510_nature_purple-iris-flowers_colorado_ip8plus_iso40-f2p8_img-0803_3024x4032.sdr.png	o6	6	20	25105	321.5893509914167	216.45600000000263	82.943	
1400-lilith-nature	imazen-26-png-v3/png-v3/1400-lilith-nature/1510_nature_purple-iris-flowers_colorado_ip8plus_iso40-f2p8_img-0803_3024x4032.sdr.png	o6	6	32	13978	250.39530100184493	337.93100000000106	74.640	
1400-lilith-nature	imazen-26-png-v3/png-v3/1400-lilith-nature/1510_nature_purple-iris-flowers_colorado_ip8plus_iso40-f2p8_img-0803_3024x4032.sdr.png	o6	6	44	5749	477.31642400322016	298.096999999995	54.479	
1400-lilith-nature	imazen-26-png-v3/png-v3/1400-lilith-nature/1510_nature_purple-iris-flowers_colorado_ip8plus_iso40-f2p8_img-0803_3024x4032.sdr.png	o6	8	20	26758	435.19572500372306	312.1420000000015	82.784	
1400-lilith-nature	imazen-26-png-v3/png-v3/1400-lilith-nature/1510_nature_purple-iris-flowers_colorado_ip8plus_iso40-f2p8_img-0803_3024x4032.sdr.png	o6	8	32	14999	160.2598199970089	369.36600000000476	74.909	
1400-lilith-nature	imazen-26-png-v3/png-v3/1400-lilith-nature/1510_nature_purple-iris-flowers_colorado_ip8plus_iso40-f2p8_img-0803_3024x4032.sdr.png	o6	8	44	6232	322.24578798923176	548.8299999999953	55.101	
1400-lilith-nature	imazen-26-png-v3/png-v3/1400-lilith-nature/1510_nature_purple-iris-flowers_colorado_ip8plus_iso40-f2p8_img-0803_3024x4032.sdr.png	o6	10	20	27053	290.94738099956885	623.9439999999998	82.783	
1400-lilith-nature	imazen-26-png-v3/png-v3/1400-lilith-nature/1510_nature_purple-iris-flowers_colorado_ip8plus_iso40-f2p8_img-0803_3024x4032.sdr.png	o6	10	32	15247	279.5713079976849	548.2679999999931	75.026	
1400-lilith-nature	imazen-26-png-v3/png-v3/1400-lilith-nature/1510_nature_purple-iris-flowers_colorado_ip8plus_iso40-f2p8_img-0803_3024x4032.sdr.png	o6	10	44	6381	248.49618400912732	514.6269999999955	54.422	
1400-lilith-nature	imazen-26-png-v3/png-v3/1400-lilith-nature/1510_nature_purple-iris-flowers_colorado_ip8plus_iso40-f2p8_img-0803_3024x4032.sdr.png	o7	4	20	22661	296.8323569948552	748.9609999999996	81.884	
1400-lilith-nature	imazen-26-png-v3/png-v3/1400-lilith-nature/1510_nature_purple-iris-flowers_colorado_ip8plus_iso40-f2p8_img-0803_3024x4032.sdr.png	o7	4	32	11531	306.6919609991601	905.2710000000026	71.416	
1400-lilith-nature	imazen-26-png-v3/png-v3/1400-lilith-nature/1510_nature_purple-iris-flowers_colorado_ip8plus_iso40-f2p8_img-0803_3024x4032.sdr.png	o7	4	44	4790	501.23160899966024	1098.6420000000053	49.627	
1400-lilith-nature	imazen-26-png-v3/png-v3/1400-lilith-nature/1510_nature_purple-iris-flowers_colorado_ip8plus_iso40-f2p8_img-0803_3024x4032.sdr.png	o7	6	20	23482	306.33952100470196	573.0290000000053	81.890	
1400-lilith-nature	imazen-26-png-v3/png-v3/1400-lilith-nature/1510_nature_purple-iris-flowers_colorado_ip8plus_iso40-f2p8_img-0803_3024x4032.sdr.png	o7	6	32	12174	195.58374100597575	306.0980000000004	71.686	
1400-lilith-nature	imazen-26-png-v3/png-v3/1400-lilith-nature/1510_nature_purple-iris-flowers_colorado_ip8plus_iso40-f2p8_img-0803_3024x4032.sdr.png	o7	6	44	5032	504.6955080033513	918.284999999992	49.703	
1400-lilith-nature	imazen-26-png-v3/png-v3/1400-lilith-nature/1510_nature_purple-iris-flowers_colorado_ip8plus_iso40-f2p8_img-0803_3024x4032.sdr.png	o7	8	20	24901	210.98820499901194	339.46699999999373	81.561	
1400-lilith-nature	imazen-26-png-v3/png-v3/1400-lilith-nature/1510_nature_purple-iris-flowers_colorado_ip8plus_iso40-f2p8_img-0803_3024x4032.sdr.png	o7	8	32	13061	278.31679600058123	743.193999999999	71.812	
1400-lilith-nature	imazen-26-png-v3/png-v3/1400-lilith-nature/1510_nature_purple-iris-flowers_colorado_ip8plus_iso40-f2p8_img-0803_3024x4032.sdr.png	o7	8	44	5399	365.27184600709006	960.4039999999934	49.422	
1400-lilith-nature	imazen-26-png-v3/png-v3/1400-lilith-nature/1510_nature_purple-iris-flowers_colorado_ip8plus_iso40-f2p8_img-0803_3024x4032.sdr.png	o7	10	20	25157	313.73011600226164	687.1299999999962	81.752	
1400-lilith-nature	imazen-26-png-v3/png-v3/1400-lilith-nature/1510_nature_purple-iris-flowers_colorado_ip8plus_iso40-f2p8_img-0803_3024x4032.sdr.png	o7	10	32	13242	364.28748699836433	690.9400000000065	71.783	
1400-lilith-nature	imazen-26-png-v3/png-v3/1400-lilith-nature/1510_nature_purple-iris-flowers_colorado_ip8plus_iso40-f2p8_img-0803_3024x4032.sdr.png	o7	10	44	5551	404.3809760041768	336.977000000001	48.634	
1400-lilith-nature	imazen-26-png-v3/png-v3/1400-lilith-nature/1510_nature_purple-iris-flowers_colorado_ip8plus_iso40-f2p8_img-0803_3024x4032.sdr.png	o8	4	20	21420	425.6289780023508	511.02199999999345	81.062	
1400-lilith-nature	imazen-26-png-v3/png-v3/1400-lilith-nature/1510_nature_purple-iris-flowers_colorado_ip8plus_iso40-f2p8_img-0803_3024x4032.sdr.png	o8	4	32	10563	520.4747329989914	623.9370000000087	69.858	
1400-lilith-nature	imazen-26-png-v3/png-v3/1400-lilith-nature/1510_nature_purple-iris-flowers_colorado_ip8plus_iso40-f2p8_img-0803_3024x4032.sdr.png	o8	4	44	4464	273.8631370011717	796.0350000000087	46.350	
1400-lilith-nature	imazen-26-png-v3/png-v3/1400-lilith-nature/1510_nature_purple-iris-flowers_colorado_ip8plus_iso40-f2p8_img-0803_3024x4032.sdr.png	o8	6	20	22287	351.50349998730235	171.10799999999495	81.125	
1400-lilith-nature	imazen-26-png-v3/png-v3/1400-lilith-nature/1510_nature_purple-iris-flowers_colorado_ip8plus_iso40-f2p8_img-0803_3024x4032.sdr.png	o8	6	32	11088	413.43465899990406	292.72500000000787	69.873	
1400-lilith-nature	imazen-26-png-v3/png-v3/1400-lilith-nature/1510_nature_purple-iris-flowers_colorado_ip8plus_iso40-f2p8_img-0803_3024x4032.sdr.png	o8	6	44	4678	406.14628899493255	310.56700000000427	46.039	
1400-lilith-nature	imazen-26-png-v3/png-v3/1400-lilith-nature/1510_nature_purple-iris-flowers_colorado_ip8plus_iso40-f2p8_img-0803_3024x4032.sdr.png	o8	8	20	23558	276.54180499666836	153.88299999999333	80.809	
1400-lilith-nature	imazen-26-png-v3/png-v3/1400-lilith-nature/1510_nature_purple-iris-flowers_colorado_ip8plus_iso40-f2p8_img-0803_3024x4032.sdr.png	o8	8	32	11904	211.08117199037224	374.6529999999897	69.687	
1400-lilith-nature	imazen-26-png-v3/png-v3/1400-lilith-nature/1510_nature_purple-iris-flowers_colorado_ip8plus_iso40-f2p8_img-0803_3024x4032.sdr.png	o8	8	44	5000	226.04582000349183	464.336999999988	45.678	
1400-lilith-nature	imazen-26-png-v3/png-v3/1400-lilith-nature/1510_nature_purple-iris-flowers_colorado_ip8plus_iso40-f2p8_img-0803_3024x4032.sdr.png	o8	10	20	23795	235.70931199355982	539.6619999999946	80.811	
1400-lilith-nature	imazen-26-png-v3/png-v3/1400-lilith-nature/1510_nature_purple-iris-flowers_colorado_ip8plus_iso40-f2p8_img-0803_3024x4032.sdr.png	o8	10	32	12118	194.1940029937541	424.816999999992	69.685	
1400-lilith-nature	imazen-26-png-v3/png-v3/1400-lilith-nature/1510_nature_purple-iris-flowers_colorado_ip8plus_iso40-f2p8_img-0803_3024x4032.sdr.png	o8	10	44	5123	311.45909399492666	479.98400000000174	45.120	
1400-lilith-nature	imazen-26-png-v3/png-v3/1400-lilith-nature/1510_nature_purple-iris-flowers_colorado_ip8plus_iso40-f2p8_img-0803_3024x4032.sdr.png	o7ac	4	20	22724	510.1675290061394	745.87	81.831	
1400-lilith-nature	imazen-26-png-v3/png-v3/1400-lilith-nature/1510_nature_purple-iris-flowers_colorado_ip8plus_iso40-f2p8_img-0803_3024x4032.sdr.png	o7ac	4	32	11548	459.5569380035158	723.1119999999951	71.562	
1400-lilith-nature	imazen-26-png-v3/png-v3/1400-lilith-nature/1510_nature_purple-iris-flowers_colorado_ip8plus_iso40-f2p8_img-0803_3024x4032.sdr.png	o7ac	4	44	4783	446.6200200113235	675.4019999999947	49.193	
1400-lilith-nature	imazen-26-png-v3/png-v3/1400-lilith-nature/1510_nature_purple-iris-flowers_colorado_ip8plus_iso40-f2p8_img-0803_3024x4032.sdr.png	o7ac	6	20	23448	296.6333990043495	216.69900000000197	81.886	
1400-lilith-nature	imazen-26-png-v3/png-v3/1400-lilith-nature/1510_nature_purple-iris-flowers_colorado_ip8plus_iso40-f2p8_img-0803_3024x4032.sdr.png	o7ac	6	32	12152	296.02155699103605	275.4480000000008	71.459	
1400-lilith-nature	imazen-26-png-v3/png-v3/1400-lilith-nature/1510_nature_purple-iris-flowers_colorado_ip8plus_iso40-f2p8_img-0803_3024x4032.sdr.png	o7ac	6	44	5029	404.34975700918585	455.6279999999937	49.490	
1400-lilith-nature	imazen-26-png-v3/png-v3/1400-lilith-nature/1510_nature_purple-iris-flowers_colorado_ip8plus_iso40-f2p8_img-0803_3024x4032.sdr.png	o7ac	8	20	24915	179.94171699683648	177.54000000000048	81.555	
1400-lilith-nature	imazen-26-png-v3/png-v3/1400-lilith-nature/1510_nature_purple-iris-flowers_colorado_ip8plus_iso40-f2p8_img-0803_3024x4032.sdr.png	o7ac	8	32	13061	190.2960609877482	333.71999999999247	71.808	
1400-lilith-nature	imazen-26-png-v3/png-v3/1400-lilith-nature/1510_nature_purple-iris-flowers_colorado_ip8plus_iso40-f2p8_img-0803_3024x4032.sdr.png	o7ac	8	44	5399	390.4538889910327	676.1489999999881	49.422	
1400-lilith-nature	imazen-26-png-v3/png-v3/1400-lilith-nature/1510_nature_purple-iris-flowers_colorado_ip8plus_iso40-f2p8_img-0803_3024x4032.sdr.png	o7ac	10	20	25151	307.17249399458524	372.23699999999485	81.753	
1400-lilith-nature	imazen-26-png-v3/png-v3/1400-lilith-nature/1510_nature_purple-iris-flowers_colorado_ip8plus_iso40-f2p8_img-0803_3024x4032.sdr.png	o7ac	10	32	13242	270.0148389994865	120.34499999999682	71.783	
1400-lilith-nature	imazen-26-png-v3/png-v3/1400-lilith-nature/1510_nature_purple-iris-flowers_colorado_ip8plus_iso40-f2p8_img-0803_3024x4032.sdr.png	o7ac	10	44	5551	231.04432299442124	142.61300000001143	48.634	
1400-lilith-nature	imazen-26-png-v3/png-v3/1400-lilith-nature/1514_nature_purple-allium-flowers_colorado_ip8plus_iso20-f2p8_img-1310_3024x4032.sdr.png	t1	4	20	19988	265.16331599850673	444.9310000000004	76.059	
1400-lilith-nature	imazen-26-png-v3/png-v3/1400-lilith-nature/1514_nature_purple-allium-flowers_colorado_ip8plus_iso20-f2p8_img-1310_3024x4032.sdr.png	t1	4	32	10221	408.9873149932828	610.6160000000039	58.175	
1400-lilith-nature	imazen-26-png-v3/png-v3/1400-lilith-nature/1514_nature_purple-allium-flowers_colorado_ip8plus_iso20-f2p8_img-1310_3024x4032.sdr.png	t1	4	44	4765	404.9367420084309	803.5370000000022	21.521	
1400-lilith-nature	imazen-26-png-v3/png-v3/1400-lilith-nature/1514_nature_purple-allium-flowers_colorado_ip8plus_iso20-f2p8_img-1310_3024x4032.sdr.png	t1	6	20	21899	253.58442700235173	161.97099999999764	76.250	
1400-lilith-nature	imazen-26-png-v3/png-v3/1400-lilith-nature/1514_nature_purple-allium-flowers_colorado_ip8plus_iso20-f2p8_img-1310_3024x4032.sdr.png	t1	6	32	11493	249.25973400240764	333.7190000000092	58.597	
1400-lilith-nature	imazen-26-png-v3/png-v3/1400-lilith-nature/1514_nature_purple-allium-flowers_colorado_ip8plus_iso20-f2p8_img-1310_3024x4032.sdr.png	t1	6	44	5200	304.9697300011758	249.85600000000474	20.667	
1400-lilith-nature	imazen-26-png-v3/png-v3/1400-lilith-nature/1514_nature_purple-allium-flowers_colorado_ip8plus_iso20-f2p8_img-1310_3024x4032.sdr.png	t1	8	20	22561	190.92475400248077	428.68799999999396	75.758	
1400-lilith-nature	imazen-26-png-v3/png-v3/1400-lilith-nature/1514_nature_purple-allium-flowers_colorado_ip8plus_iso20-f2p8_img-1310_3024x4032.sdr.png	t1	8	32	11653	169.80211199552286	317.545999999993	57.609	
1400-lilith-nature	imazen-26-png-v3/png-v3/1400-lilith-nature/1514_nature_purple-allium-flowers_colorado_ip8plus_iso20-f2p8_img-1310_3024x4032.sdr.png	t1	8	44	5189	144.5098499971209	254.41000000000003	18.176	
1400-lilith-nature	imazen-26-png-v3/png-v3/1400-lilith-nature/1514_nature_purple-allium-flowers_colorado_ip8plus_iso20-f2p8_img-1310_3024x4032.sdr.png	t1	10	20	23329	293.10885499580763	545.6359999999947	75.493	
1400-lilith-nature	imazen-26-png-v3/png-v3/1400-lilith-nature/1514_nature_purple-allium-flowers_colorado_ip8plus_iso20-f2p8_img-1310_3024x4032.sdr.png	t1	10	32	12007	178.17632399965078	285.7529999999926	57.157	
1400-lilith-nature	imazen-26-png-v3/png-v3/1400-lilith-nature/1514_nature_purple-allium-flowers_colorado_ip8plus_iso20-f2p8_img-1310_3024x4032.sdr.png	t1	10	44	5471	150.67333400656935	316.3059999999973	18.051	
1400-lilith-nature	imazen-26-png-v3/png-v3/1400-lilith-nature/1514_nature_purple-allium-flowers_colorado_ip8plus_iso20-f2p8_img-1310_3024x4032.sdr.png	t3	4	20	28363	440.1599620032357	537.5250000000058	83.295	
1400-lilith-nature	imazen-26-png-v3/png-v3/1400-lilith-nature/1514_nature_purple-allium-flowers_colorado_ip8plus_iso20-f2p8_img-1310_3024x4032.sdr.png	t3	4	32	16826	893.7450490047922	793.0620000000097	74.536	
1400-lilith-nature	imazen-26-png-v3/png-v3/1400-lilith-nature/1514_nature_purple-allium-flowers_colorado_ip8plus_iso20-f2p8_img-1310_3024x4032.sdr.png	t3	4	44	7954	576.5214179991744	629.9020000000048	51.278	
1400-lilith-nature	imazen-26-png-v3/png-v3/1400-lilith-nature/1514_nature_purple-allium-flowers_colorado_ip8plus_iso20-f2p8_img-1310_3024x4032.sdr.png	t3	6	20	30596	473.9501309959451	595.7960000000036	83.057	
1400-lilith-nature	imazen-26-png-v3/png-v3/1400-lilith-nature/1514_nature_purple-allium-flowers_colorado_ip8plus_iso20-f2p8_img-1310_3024x4032.sdr.png	t3	6	32	18824	166.85138799948618	186.17199999999912	74.633	
1400-lilith-nature	imazen-26-png-v3/png-v3/1400-lilith-nature/1514_nature_purple-allium-flowers_colorado_ip8plus_iso20-f2p8_img-1310_3024x4032.sdr.png	t3	6	44	9091	350.10935200261883	380.8690000000006	52.285	
1400-lilith-nature	imazen-26-png-v3/png-v3/1400-lilith-nature/1514_nature_purple-allium-flowers_colorado_ip8plus_iso20-f2p8_img-1310_3024x4032.sdr.png	t3	8	20	32447	204.5814290031558	218.01799999999716	83.018	
1400-lilith-nature	imazen-26-png-v3/png-v3/1400-lilith-nature/1514_nature_purple-allium-flowers_colorado_ip8plus_iso20-f2p8_img-1310_3024x4032.sdr.png	t3	8	32	20083	240.6770259985933	407.08700000000067	74.713	
1400-lilith-nature	imazen-26-png-v3/png-v3/1400-lilith-nature/1514_nature_purple-allium-flowers_colorado_ip8plus_iso20-f2p8_img-1310_3024x4032.sdr.png	t3	8	44	9632	411.05042200069875	554.985999999996	51.834	
1400-lilith-nature	imazen-26-png-v3/png-v3/1400-lilith-nature/1514_nature_purple-allium-flowers_colorado_ip8plus_iso20-f2p8_img-1310_3024x4032.sdr.png	t3	10	20	33318	312.0073250029236	534.2920000000078	82.905	
1400-lilith-nature	imazen-26-png-v3/png-v3/1400-lilith-nature/1514_nature_purple-allium-flowers_colorado_ip8plus_iso20-f2p8_img-1310_3024x4032.sdr.png	t3	10	32	20566	250.62471699493472	395.2950000000044	74.941	
1400-lilith-nature	imazen-26-png-v3/png-v3/1400-lilith-nature/1514_nature_purple-allium-flowers_colorado_ip8plus_iso20-f2p8_img-1310_3024x4032.sdr.png	t3	10	44	9878	247.01874899619725	336.275999999998	52.124	
1400-lilith-nature	imazen-26-png-v3/png-v3/1400-lilith-nature/1514_nature_purple-allium-flowers_colorado_ip8plus_iso20-f2p8_img-1310_3024x4032.sdr.png	o6	4	20	26997	365.1830580056412	627.5040000000018	82.438	
1400-lilith-nature	imazen-26-png-v3/png-v3/1400-lilith-nature/1514_nature_purple-allium-flowers_colorado_ip8plus_iso20-f2p8_img-1310_3024x4032.sdr.png	o6	4	32	15402	539.9537949997466	321.7689999999891	72.397	
1400-lilith-nature	imazen-26-png-v3/png-v3/1400-lilith-nature/1514_nature_purple-allium-flowers_colorado_ip8plus_iso20-f2p8_img-1310_3024x4032.sdr.png	o6	4	44	7295	591.5354909957387	541.6799999999995	47.420	
1400-lilith-nature	imazen-26-png-v3/png-v3/1400-lilith-nature/1514_nature_purple-allium-flowers_colorado_ip8plus_iso20-f2p8_img-1310_3024x4032.sdr.png	o6	6	20	29066	519.8940310074249	596.7429999999965	82.312	
1400-lilith-nature	imazen-26-png-v3/png-v3/1400-lilith-nature/1514_nature_purple-allium-flowers_colorado_ip8plus_iso20-f2p8_img-1310_3024x4032.sdr.png	o6	6	32	17210	677.1508980018552	782.0649999999957	72.678	
1400-lilith-nature	imazen-26-png-v3/png-v3/1400-lilith-nature/1514_nature_purple-allium-flowers_colorado_ip8plus_iso20-f2p8_img-1310_3024x4032.sdr.png	o6	6	44	8318	271.2339439895004	504.5810000000017	48.374	
1400-lilith-nature	imazen-26-png-v3/png-v3/1400-lilith-nature/1514_nature_purple-allium-flowers_colorado_ip8plus_iso20-f2p8_img-1310_3024x4032.sdr.png	o6	8	20	30847	274.13956199598033	407.61499999999984	82.053	
1400-lilith-nature	imazen-26-png-v3/png-v3/1400-lilith-nature/1514_nature_purple-allium-flowers_colorado_ip8plus_iso20-f2p8_img-1310_3024x4032.sdr.png	o6	8	32	18226	211.44848001131322	265.2360000000016	72.376	
1400-lilith-nature	imazen-26-png-v3/png-v3/1400-lilith-nature/1514_nature_purple-allium-flowers_colorado_ip8plus_iso20-f2p8_img-1310_3024x4032.sdr.png	o6	8	44	8792	293.1337930058362	475.19199999999273	47.681	
1400-lilith-nature	imazen-26-png-v3/png-v3/1400-lilith-nature/1514_nature_purple-allium-flowers_colorado_ip8plus_iso20-f2p8_img-1310_3024x4032.sdr.png	o6	10	20	31660	436.46717999945395	602.9340000000047	82.140	
1400-lilith-nature	imazen-26-png-v3/png-v3/1400-lilith-nature/1514_nature_purple-allium-flowers_colorado_ip8plus_iso20-f2p8_img-1310_3024x4032.sdr.png	o6	10	32	18796	275.06043200264685	257.8360000000046	72.750	
1400-lilith-nature	imazen-26-png-v3/png-v3/1400-lilith-nature/1514_nature_purple-allium-flowers_colorado_ip8plus_iso20-f2p8_img-1310_3024x4032.sdr.png	o6	10	44	9049	345.60487799171824	180.95699999999937	48.175	
1400-lilith-nature	imazen-26-png-v3/png-v3/1400-lilith-nature/1514_nature_purple-allium-flowers_colorado_ip8plus_iso20-f2p8_img-1310_3024x4032.sdr.png	o7	4	20	24948	464.1462129948195	416.58599999999876	81.298	
1400-lilith-nature	imazen-26-png-v3/png-v3/1400-lilith-nature/1514_nature_purple-allium-flowers_colorado_ip8plus_iso20-f2p8_img-1310_3024x4032.sdr.png	o7	4	32	13571	464.7142510075355	583.0899999999986	69.043	
1400-lilith-nature	imazen-26-png-v3/png-v3/1400-lilith-nature/1514_nature_purple-allium-flowers_colorado_ip8plus_iso20-f2p8_img-1310_3024x4032.sdr.png	o7	4	44	6400	350.29018599016126	908.1399999999995	40.999	
1400-lilith-nature	imazen-26-png-v3/png-v3/1400-lilith-nature/1514_nature_purple-allium-flowers_colorado_ip8plus_iso20-f2p8_img-1310_3024x4032.sdr.png	o7	6	20	26959	334.5437719981419	874.521000000005	81.212	
1400-lilith-nature	imazen-26-png-v3/png-v3/1400-lilith-nature/1514_nature_purple-allium-flowers_colorado_ip8plus_iso20-f2p8_img-1310_3024x4032.sdr.png	o7	6	32	15264	248.47926299844403	307.2389999999921	69.244	
1400-lilith-nature	imazen-26-png-v3/png-v3/1400-lilith-nature/1514_nature_purple-allium-flowers_colorado_ip8plus_iso20-f2p8_img-1310_3024x4032.sdr.png	o7	6	44	7227	251.34624699421693	795.1869999999878	41.422	
1400-lilith-nature	imazen-26-png-v3/png-v3/1400-lilith-nature/1514_nature_purple-allium-flowers_colorado_ip8plus_iso20-f2p8_img-1310_3024x4032.sdr.png	o7	8	20	28585	230.19482000381686	676.5889999999963	80.862	
1400-lilith-nature	imazen-26-png-v3/png-v3/1400-lilith-nature/1514_nature_purple-allium-flowers_colorado_ip8plus_iso20-f2p8_img-1310_3024x4032.sdr.png	o7	8	32	16042	200.77004098857287	876.9510000000018	69.005	
1400-lilith-nature	imazen-26-png-v3/png-v3/1400-lilith-nature/1514_nature_purple-allium-flowers_colorado_ip8plus_iso20-f2p8_img-1310_3024x4032.sdr.png	o7	8	44	7559	165.33768399676774	808.5689999999914	39.554	
1400-lilith-nature	imazen-26-png-v3/png-v3/1400-lilith-nature/1514_nature_purple-allium-flowers_colorado_ip8plus_iso20-f2p8_img-1310_3024x4032.sdr.png	o7	10	20	29290	246.1393989942735	498.4769999999976	80.613	
1400-lilith-nature	imazen-26-png-v3/png-v3/1400-lilith-nature/1514_nature_purple-allium-flowers_colorado_ip8plus_iso20-f2p8_img-1310_3024x4032.sdr.png	o7	10	32	16478	214.55810400948394	308.26800000000173	69.017	
1400-lilith-nature	imazen-26-png-v3/png-v3/1400-lilith-nature/1514_nature_purple-allium-flowers_colorado_ip8plus_iso20-f2p8_img-1310_3024x4032.sdr.png	o7	10	44	7831	265.1288310007658	115.87499999999906	39.728	
1400-lilith-nature	imazen-26-png-v3/png-v3/1400-lilith-nature/1514_nature_purple-allium-flowers_colorado_ip8plus_iso20-f2p8_img-1310_3024x4032.sdr.png	o8	4	20	23842	505.24328798928764	417.2849999999961	80.428	
1400-lilith-nature	imazen-26-png-v3/png-v3/1400-lilith-nature/1514_nature_purple-allium-flowers_colorado_ip8plus_iso20-f2p8_img-1310_3024x4032.sdr.png	o8	4	32	12557	332.4344170105178	544.5450000000029	67.216	
1400-lilith-nature	imazen-26-png-v3/png-v3/1400-lilith-nature/1514_nature_purple-allium-flowers_colorado_ip8plus_iso20-f2p8_img-1310_3024x4032.sdr.png	o8	4	44	6012	426.528796000639	1068.5189999999984	36.800	
1400-lilith-nature	imazen-26-png-v3/png-v3/1400-lilith-nature/1514_nature_purple-allium-flowers_colorado_ip8plus_iso20-f2p8_img-1310_3024x4032.sdr.png	o8	6	20	25783	313.07415099581704	684.947999999995	80.425	
1400-lilith-nature	imazen-26-png-v3/png-v3/1400-lilith-nature/1514_nature_purple-allium-flowers_colorado_ip8plus_iso20-f2p8_img-1310_3024x4032.sdr.png	o8	6	32	14186	277.2983309987467	821.6749999999884	67.268	
1400-lilith-nature	imazen-26-png-v3/png-v3/1400-lilith-nature/1514_nature_purple-allium-flowers_colorado_ip8plus_iso20-f2p8_img-1310_3024x4032.sdr.png	o8	6	44	6715	224.72655499586836	872.2400000000015	36.603	
1400-lilith-nature	imazen-26-png-v3/png-v3/1400-lilith-nature/1514_nature_purple-allium-flowers_colorado_ip8plus_iso20-f2p8_img-1310_3024x4032.sdr.png	o8	8	20	27284	214.57562800787855	872.2400000000015	79.821	
1400-lilith-nature	imazen-26-png-v3/png-v3/1400-lilith-nature/1514_nature_purple-allium-flowers_colorado_ip8plus_iso20-f2p8_img-1310_3024x4032.sdr.png	o8	8	32	14959	261.96300800074823	487.7179999999939	66.925	
1400-lilith-nature	imazen-26-png-v3/png-v3/1400-lilith-nature/1514_nature_purple-allium-flowers_colorado_ip8plus_iso20-f2p8_img-1310_3024x4032.sdr.png	o8	8	44	7026	220.1819549954962	273.1200000000093	34.358	
1400-lilith-nature	imazen-26-png-v3/png-v3/1400-lilith-nature/1514_nature_purple-allium-flowers_colorado_ip8plus_iso20-f2p8_img-1310_3024x4032.sdr.png	o8	10	20	27926	498.07801099086646	561.7589999999985	79.712	
1400-lilith-nature	imazen-26-png-v3/png-v3/1400-lilith-nature/1514_nature_purple-allium-flowers_colorado_ip8plus_iso20-f2p8_img-1310_3024x4032.sdr.png	o8	10	32	15335	342.27155800908804	357.87200000000394	66.713	
1400-lilith-nature	imazen-26-png-v3/png-v3/1400-lilith-nature/1514_nature_purple-allium-flowers_colorado_ip8plus_iso20-f2p8_img-1310_3024x4032.sdr.png	o8	10	44	7261	410.9619740047492	424.1029999999988	34.798	
1400-lilith-nature	imazen-26-png-v3/png-v3/1400-lilith-nature/1514_nature_purple-allium-flowers_colorado_ip8plus_iso20-f2p8_img-1310_3024x4032.sdr.png	o7ac	4	20	24982	507.04558099096175	779.6610000000044	81.305	
1400-lilith-nature	imazen-26-png-v3/png-v3/1400-lilith-nature/1514_nature_purple-allium-flowers_colorado_ip8plus_iso20-f2p8_img-1310_3024x4032.sdr.png	o7ac	4	32	13501	496.3895140099339	488.74899999999855	69.211	
1400-lilith-nature	imazen-26-png-v3/png-v3/1400-lilith-nature/1514_nature_purple-allium-flowers_colorado_ip8plus_iso20-f2p8_img-1310_3024x4032.sdr.png	o7ac	4	44	6415	486.53314700641204	779.6610000000044	40.668	
1400-lilith-nature	imazen-26-png-v3/png-v3/1400-lilith-nature/1514_nature_purple-allium-flowers_colorado_ip8plus_iso20-f2p8_img-1310_3024x4032.sdr.png	o7ac	6	20	27011	409.1959509969456	1315.7229999999913	80.996	
1400-lilith-nature	imazen-26-png-v3/png-v3/1400-lilith-nature/1514_nature_purple-allium-flowers_colorado_ip8plus_iso20-f2p8_img-1310_3024x4032.sdr.png	o7ac	6	32	15222	227.87917299137916	281.0319999999997	69.354	
1400-lilith-nature	imazen-26-png-v3/png-v3/1400-lilith-nature/1514_nature_purple-allium-flowers_colorado_ip8plus_iso20-f2p8_img-1310_3024x4032.sdr.png	o7ac	6	44	7247	165.68312898743898	408.3839999999981	41.113	
1400-lilith-nature	imazen-26-png-v3/png-v3/1400-lilith-nature/1514_nature_purple-allium-flowers_colorado_ip8plus_iso20-f2p8_img-1310_3024x4032.sdr.png	o7ac	8	20	28569	230.56073499901686	566.8170000000039	80.873	
1400-lilith-nature	imazen-26-png-v3/png-v3/1400-lilith-nature/1514_nature_purple-allium-flowers_colorado_ip8plus_iso20-f2p8_img-1310_3024x4032.sdr.png	o7ac	8	32	16042	297.5942340126494	685.8419999999974	69.005	
1400-lilith-nature	imazen-26-png-v3/png-v3/1400-lilith-nature/1514_nature_purple-allium-flowers_colorado_ip8plus_iso20-f2p8_img-1310_3024x4032.sdr.png	o7ac	8	44	7559	161.2209759914549	574.7510000000062	39.554	
1400-lilith-nature	imazen-26-png-v3/png-v3/1400-lilith-nature/1514_nature_purple-allium-flowers_colorado_ip8plus_iso20-f2p8_img-1310_3024x4032.sdr.png	o7ac	10	20	29293	161.00657801143825	574.7510000000062	80.615	
1400-lilith-nature	imazen-26-png-v3/png-v3/1400-lilith-nature/1514_nature_purple-allium-flowers_colorado_ip8plus_iso20-f2p8_img-1310_3024x4032.sdr.png	o7ac	10	32	16478	178.87802599580027	154.69000000000932	69.017	
1400-lilith-nature	imazen-26-png-v3/png-v3/1400-lilith-nature/1514_nature_purple-allium-flowers_colorado_ip8plus_iso20-f2p8_img-1310_3024x4032.sdr.png	o7ac	10	44	7831	425.2446980099194	281.3550000000049	39.728	
1600-lilith-food	imazen-26-png-v3/png-v3/1600-lilith-food/1608_food_single-cake-slice-plate_anedaitocho-kyoto-japan_s23u_iso320-f2p2_20230709-194142_4000x3000.sdr.png	t1	4	20	58755	394.6670000004815	437.55799999999215	79.264	
1600-lilith-food	imazen-26-png-v3/png-v3/1600-lilith-food/1608_food_single-cake-slice-plate_anedaitocho-kyoto-japan_s23u_iso320-f2p2_20230709-194142_4000x3000.sdr.png	t1	4	32	34117	456.1002239934169	671.2769999999999	65.425	
1600-lilith-food	imazen-26-png-v3/png-v3/1600-lilith-food/1608_food_single-cake-slice-plate_anedaitocho-kyoto-japan_s23u_iso320-f2p2_20230709-194142_4000x3000.sdr.png	t1	4	44	17011	535.5894259992056	363.3440000000086	37.676	
1600-lilith-food	imazen-26-png-v3/png-v3/1600-lilith-food/1608_food_single-cake-slice-plate_anedaitocho-kyoto-japan_s23u_iso320-f2p2_20230709-194142_4000x3000.sdr.png	t1	6	20	59933	321.5670289937407	758.9370000000031	79.327	
1600-lilith-food	imazen-26-png-v3/png-v3/1600-lilith-food/1608_food_single-cake-slice-plate_anedaitocho-kyoto-japan_s23u_iso320-f2p2_20230709-194142_4000x3000.sdr.png	t1	6	32	34694	272.6515870017465	724.8949999999966	64.890	
1600-lilith-food	imazen-26-png-v3/png-v3/1600-lilith-food/1608_food_single-cake-slice-plate_anedaitocho-kyoto-japan_s23u_iso320-f2p2_20230709-194142_4000x3000.sdr.png	t1	6	44	16979	326.58760400954634	960.4880000000087	37.209	
1600-lilith-food	imazen-26-png-v3/png-v3/1600-lilith-food/1608_food_single-cake-slice-plate_anedaitocho-kyoto-japan_s23u_iso320-f2p2_20230709-194142_4000x3000.sdr.png	t1	8	20	60972	223.90771099890117	512.7520000000061	78.508	
1600-lilith-food	imazen-26-png-v3/png-v3/1600-lilith-food/1608_food_single-cake-slice-plate_anedaitocho-kyoto-japan_s23u_iso320-f2p2_20230709-194142_4000x3000.sdr.png	t1	8	32	34428	193.4807079960592	771.2199999999996	63.296	
1600-lilith-food	imazen-26-png-v3/png-v3/1600-lilith-food/1608_food_single-cake-slice-plate_anedaitocho-kyoto-japan_s23u_iso320-f2p2_20230709-194142_4000x3000.sdr.png	t1	8	44	16276	235.8347999979742	1018.5370000000091	35.358	
1600-lilith-food	imazen-26-png-v3/png-v3/1600-lilith-food/1608_food_single-cake-slice-plate_anedaitocho-kyoto-japan_s23u_iso320-f2p2_20230709-194142_4000x3000.sdr.png	t1	10	20	63008	171.61541400128044	865.8379999999895	78.526	
1600-lilith-food	imazen-26-png-v3/png-v3/1600-lilith-food/1608_food_single-cake-slice-plate_anedaitocho-kyoto-japan_s23u_iso320-f2p2_20230709-194142_4000x3000.sdr.png	t1	10	32	36577	148.9909899974009	755.5100000000045	62.917	
1600-lilith-food	imazen-26-png-v3/png-v3/1600-lilith-food/1608_food_single-cake-slice-plate_anedaitocho-kyoto-japan_s23u_iso320-f2p2_20230709-194142_4000x3000.sdr.png	t1	10	44	18590	362.9395169991767	145.670999999993	37.275	
1600-lilith-food	imazen-26-png-v3/png-v3/1600-lilith-food/1608_food_single-cake-slice-plate_anedaitocho-kyoto-japan_s23u_iso320-f2p2_20230709-194142_4000x3000.sdr.png	t3	4	20	59345	582.0636129938066	629.7290000000011	82.862	
1600-lilith-food	imazen-26-png-v3/png-v3/1600-lilith-food/1608_food_single-cake-slice-plate_anedaitocho-kyoto-japan_s23u_iso320-f2p2_20230709-194142_4000x3000.sdr.png	t3	4	32	35924	443.85883599170484	295.5299999999959	72.459	
1600-lilith-food	imazen-26-png-v3/png-v3/1600-lilith-food/1608_food_single-cake-slice-plate_anedaitocho-kyoto-japan_s23u_iso320-f2p2_20230709-194142_4000x3000.sdr.png	t3	4	44	19152	526.1729239864508	558.3170000000024	49.477	
1600-lilith-food	imazen-26-png-v3/png-v3/1600-lilith-food/1608_food_single-cake-slice-plate_anedaitocho-kyoto-japan_s23u_iso320-f2p2_20230709-194142_4000x3000.sdr.png	t3	6	20	60007	462.3394520021975	227.79899999999031	82.974	
1600-lilith-food	imazen-26-png-v3/png-v3/1600-lilith-food/1608_food_single-cake-slice-plate_anedaitocho-kyoto-japan_s23u_iso320-f2p2_20230709-194142_4000x3000.sdr.png	t3	6	32	36485	213.76416701241396	769.8879999999981	72.676	
1600-lilith-food	imazen-26-png-v3/png-v3/1600-lilith-food/1608_food_single-cake-slice-plate_anedaitocho-kyoto-japan_s23u_iso320-f2p2_20230709-194142_4000x3000.sdr.png	t3	6	44	19613	259.8530809918884	529.5509999999979	50.143	
1600-lilith-food	imazen-26-png-v3/png-v3/1600-lilith-food/1608_food_single-cake-slice-plate_anedaitocho-kyoto-japan_s23u_iso320-f2p2_20230709-194142_4000x3000.sdr.png	t3	8	20	61663	311.04835400765296	763.5780000000025	81.975	
1600-lilith-food	imazen-26-png-v3/png-v3/1600-lilith-food/1608_food_single-cake-slice-plate_anedaitocho-kyoto-japan_s23u_iso320-f2p2_20230709-194142_4000x3000.sdr.png	t3	8	32	37761	268.314711007406	655.5269999999922	71.687	
1600-lilith-food	imazen-26-png-v3/png-v3/1600-lilith-food/1608_food_single-cake-slice-plate_anedaitocho-kyoto-japan_s23u_iso320-f2p2_20230709-194142_4000x3000.sdr.png	t3	8	44	19979	278.1274860026315	971.7950000000002	48.064	
1600-lilith-food	imazen-26-png-v3/png-v3/1600-lilith-food/1608_food_single-cake-slice-plate_anedaitocho-kyoto-japan_s23u_iso320-f2p2_20230709-194142_4000x3000.sdr.png	t3	10	20	63408	235.4733450047206	604.9340000000001	82.109	
1600-lilith-food	imazen-26-png-v3/png-v3/1600-lilith-food/1608_food_single-cake-slice-plate_anedaitocho-kyoto-japan_s23u_iso320-f2p2_20230709-194142_4000x3000.sdr.png	t3	10	32	38936	241.2221909908112	938.5029999999902	72.085	
1600-lilith-food	imazen-26-png-v3/png-v3/1600-lilith-food/1608_food_single-cake-slice-plate_anedaitocho-kyoto-japan_s23u_iso320-f2p2_20230709-194142_4000x3000.sdr.png	t3	10	44	20675	211.82432299247012	904.5950000000005	48.866	
1600-lilith-food	imazen-26-png-v3/png-v3/1600-lilith-food/1608_food_single-cake-slice-plate_anedaitocho-kyoto-japan_s23u_iso320-f2p2_20230709-194142_4000x3000.sdr.png	o6	4	20	58696	554.7807019902393	417.1540000000107	82.549	
1600-lilith-food	imazen-26-png-v3/png-v3/1600-lilith-food/1608_food_single-cake-slice-plate_anedaitocho-kyoto-japan_s23u_iso320-f2p2_20230709-194142_4000x3000.sdr.png	o6	4	32	35286	442.42133700754493	1001.6589999999965	71.897	
1600-lilith-food	imazen-26-png-v3/png-v3/1600-lilith-food/1608_food_single-cake-slice-plate_anedaitocho-kyoto-japan_s23u_iso320-f2p2_20230709-194142_4000x3000.sdr.png	o6	4	44	18697	371.0579350008629	671.351000000012	47.666	
1600-lilith-food	imazen-26-png-v3/png-v3/1600-lilith-food/1608_food_single-cake-slice-plate_anedaitocho-kyoto-japan_s23u_iso320-f2p2_20230709-194142_4000x3000.sdr.png	o6	6	20	59286	305.5502520001028	711.8950000000019	82.535	
1600-lilith-food	imazen-26-png-v3/png-v3/1600-lilith-food/1608_food_single-cake-slice-plate_anedaitocho-kyoto-japan_s23u_iso320-f2p2_20230709-194142_4000x3000.sdr.png	o6	6	32	35801	231.7811429966241	850.3389999999911	71.746	
1600-lilith-food	imazen-26-png-v3/png-v3/1600-lilith-food/1608_food_single-cake-slice-plate_anedaitocho-kyoto-japan_s23u_iso320-f2p2_20230709-194142_4000x3000.sdr.png	o6	6	44	19150	324.69429800403304	565.0619999999975	47.800	
1600-lilith-food	imazen-26-png-v3/png-v3/1600-lilith-food/1608_food_single-cake-slice-plate_anedaitocho-kyoto-japan_s23u_iso320-f2p2_20230709-194142_4000x3000.sdr.png	o6	8	20	60918	613.9985790068749	845.9550000000106	81.590	
1600-lilith-food	imazen-26-png-v3/png-v3/1600-lilith-food/1608_food_single-cake-slice-plate_anedaitocho-kyoto-japan_s23u_iso320-f2p2_20230709-194142_4000x3000.sdr.png	o6	8	32	36989	269.71826699445955	317.38699999999653	70.539	
1600-lilith-food	imazen-26-png-v3/png-v3/1600-lilith-food/1608_food_single-cake-slice-plate_anedaitocho-kyoto-japan_s23u_iso320-f2p2_20230709-194142_4000x3000.sdr.png	o6	8	44	19452	220.58795500197448	298.7730000000042	45.994	
1600-lilith-food	imazen-26-png-v3/png-v3/1600-lilith-food/1608_food_single-cake-slice-plate_anedaitocho-kyoto-japan_s23u_iso320-f2p2_20230709-194142_4000x3000.sdr.png	o6	10	20	62640	432.38941600429825	208.96899999999974	81.735	
1600-lilith-food	imazen-26-png-v3/png-v3/1600-lilith-food/1608_food_single-cake-slice-plate_anedaitocho-kyoto-japan_s23u_iso320-f2p2_20230709-194142_4000x3000.sdr.png	o6	10	32	38152	458.4024249925278	436.7329999999896	71.019	
1600-lilith-food	imazen-26-png-v3/png-v3/1600-lilith-food/1608_food_single-cake-slice-plate_anedaitocho-kyoto-japan_s23u_iso320-f2p2_20230709-194142_4000x3000.sdr.png	o6	10	44	20129	381.69063700479455	261.45700000000716	46.402	
1600-lilith-food	imazen-26-png-v3/png-v3/1600-lilith-food/1608_food_single-cake-slice-plate_anedaitocho-kyoto-japan_s23u_iso320-f2p2_20230709-194142_4000x3000.sdr.png	o7	4	20	57841	731.2400749942753	1766.369999999995	81.925	
1600-lilith-food	imazen-26-png-v3/png-v3/1600-lilith-food/1608_food_single-cake-slice-plate_anedaitocho-kyoto-japan_s23u_iso320-f2p2_20230709-194142_4000x3000.sdr.png	o7	4	32	34683	481.8567369948141	1698.1220000000085	70.345	
1600-lilith-food	imazen-26-png-v3/png-v3/1600-lilith-food/1608_food_single-cake-slice-plate_anedaitocho-kyoto-japan_s23u_iso320-f2p2_20230709-194142_4000x3000.sdr.png	o7	4	44	18328	358.552376012085	875.3490000000106	45.135	
1600-lilith-food	imazen-26-png-v3/png-v3/1600-lilith-food/1608_food_single-cake-slice-plate_anedaitocho-kyoto-japan_s23u_iso320-f2p2_20230709-194142_4000x3000.sdr.png	o7	6	20	58527	239.3050899991067	468.31000000000955	82.055	
1600-lilith-food	imazen-26-png-v3/png-v3/1600-lilith-food/1608_food_single-cake-slice-plate_anedaitocho-kyoto-japan_s23u_iso320-f2p2_20230709-194142_4000x3000.sdr.png	o7	6	32	35190	254.6951259864727	753.4890000000089	70.459	
1600-lilith-food	imazen-26-png-v3/png-v3/1600-lilith-food/1608_food_single-cake-slice-plate_anedaitocho-kyoto-japan_s23u_iso320-f2p2_20230709-194142_4000x3000.sdr.png	o7	6	44	18722	398.3730070031015	1614.9579999999978	45.635	
1600-lilith-food	imazen-26-png-v3/png-v3/1600-lilith-food/1608_food_single-cake-slice-plate_anedaitocho-kyoto-japan_s23u_iso320-f2p2_20230709-194142_4000x3000.sdr.png	o7	8	20	60041	437.96984299842734	1369.6319999999994	80.822	
1600-lilith-food	imazen-26-png-v3/png-v3/1600-lilith-food/1608_food_single-cake-slice-plate_anedaitocho-kyoto-japan_s23u_iso320-f2p2_20230709-194142_4000x3000.sdr.png	o7	8	32	36181	265.6110060052015	1068.6850000000056	68.795	
1600-lilith-food	imazen-26-png-v3/png-v3/1600-lilith-food/1608_food_single-cake-slice-plate_anedaitocho-kyoto-japan_s23u_iso320-f2p2_20230709-194142_4000x3000.sdr.png	o7	8	44	18965	167.4541520042112	146.8060000000122	42.821	
1600-lilith-food	imazen-26-png-v3/png-v3/1600-lilith-food/1608_food_single-cake-slice-plate_anedaitocho-kyoto-japan_s23u_iso320-f2p2_20230709-194142_4000x3000.sdr.png	o7	10	20	61764	368.1728950032266	157.34500000000295	80.953	
1600-lilith-food	imazen-26-png-v3/png-v3/1600-lilith-food/1608_food_single-cake-slice-plate_anedaitocho-kyoto-japan_s23u_iso320-f2p2_20230709-194142_4000x3000.sdr.png	o7	10	32	37421	399.1410949965939	278.01899999999694	69.357	
1600-lilith-food	imazen-26-png-v3/png-v3/1600-lilith-food/1608_food_single-cake-slice-plate_anedaitocho-kyoto-japan_s23u_iso320-f2p2_20230709-194142_4000x3000.sdr.png	o7	10	44	19639	369.1614529961953	394.5339999999966	43.737	
1600-lilith-food	imazen-26-png-v3/png-v3/1600-lilith-food/1608_food_single-cake-slice-plate_anedaitocho-kyoto-japan_s23u_iso320-f2p2_20230709-194142_4000x3000.sdr.png	o8	4	20	57714	521.755765992566	1944.0090000000082	81.618	
1600-lilith-food	imazen-26-png-v3/png-v3/1600-lilith-food/1608_food_single-cake-slice-plate_anedaitocho-kyoto-japan_s23u_iso320-f2p2_20230709-194142_4000x3000.sdr.png	o8	4	32	34576	464.6828520053532	1074.7739999999908	69.837	
1600-lilith-food	imazen-26-png-v3/png-v3/1600-lilith-food/1608_food_single-cake-slice-plate_anedaitocho-kyoto-japan_s23u_iso320-f2p2_20230709-194142_4000x3000.sdr.png	o8	4	44	18257	421.3087130046915	1543.7980000000025	44.450	
1600-lilith-food	imazen-26-png-v3/png-v3/1600-lilith-food/1608_food_single-cake-slice-plate_anedaitocho-kyoto-japan_s23u_iso320-f2p2_20230709-194142_4000x3000.sdr.png	o8	6	20	58324	269.740649004234	436.31000000000245	81.702	
1600-lilith-food	imazen-26-png-v3/png-v3/1600-lilith-food/1608_food_single-cake-slice-plate_anedaitocho-kyoto-japan_s23u_iso320-f2p2_20230709-194142_4000x3000.sdr.png	o8	6	32	35054	259.2711559991585	270.3720000000054	69.821	
1600-lilith-food	imazen-26-png-v3/png-v3/1600-lilith-food/1608_food_single-cake-slice-plate_anedaitocho-kyoto-japan_s23u_iso320-f2p2_20230709-194142_4000x3000.sdr.png	o8	6	44	18614	345.4428499971982	604.6300000000074	44.731	
1600-lilith-food	imazen-26-png-v3/png-v3/1600-lilith-food/1608_food_single-cake-slice-plate_anedaitocho-kyoto-japan_s23u_iso320-f2p2_20230709-194142_4000x3000.sdr.png	o8	8	20	59853	176.95006600115448	1237.8009999999904	80.526	
1600-lilith-food	imazen-26-png-v3/png-v3/1600-lilith-food/1608_food_single-cake-slice-plate_anedaitocho-kyoto-japan_s23u_iso320-f2p2_20230709-194142_4000x3000.sdr.png	o8	8	32	36045	156.30309599509928	1112.107999999992	68.336	
1600-lilith-food	imazen-26-png-v3/png-v3/1600-lilith-food/1608_food_single-cake-slice-plate_anedaitocho-kyoto-japan_s23u_iso320-f2p2_20230709-194142_4000x3000.sdr.png	o8	8	44	18860	345.7547629950568	536.2660000000154	41.754	
1600-lilith-food	imazen-26-png-v3/png-v3/1600-lilith-food/1608_food_single-cake-slice-plate_anedaitocho-kyoto-japan_s23u_iso320-f2p2_20230709-194142_4000x3000.sdr.png	o8	10	20	61574	584.6585610124748	195.04500000000746	80.693	
1600-lilith-food	imazen-26-png-v3/png-v3/1600-lilith-food/1608_food_single-cake-slice-plate_anedaitocho-kyoto-japan_s23u_iso320-f2p2_20230709-194142_4000x3000.sdr.png	o8	10	32	37242	428.34595699969213	278.221999999996	68.798	
1600-lilith-food	imazen-26-png-v3/png-v3/1600-lilith-food/1608_food_single-cake-slice-plate_anedaitocho-kyoto-japan_s23u_iso320-f2p2_20230709-194142_4000x3000.sdr.png	o8	10	44	19519	194.52232599724084	356.461000000003	42.510	
1600-lilith-food	imazen-26-png-v3/png-v3/1600-lilith-food/1608_food_single-cake-slice-plate_anedaitocho-kyoto-japan_s23u_iso320-f2p2_20230709-194142_4000x3000.sdr.png	o7ac	4	20	57924	428.08851799054537	1580.376000000001	82.044	
1600-lilith-food	imazen-26-png-v3/png-v3/1600-lilith-food/1608_food_single-cake-slice-plate_anedaitocho-kyoto-japan_s23u_iso320-f2p2_20230709-194142_4000x3000.sdr.png	o7ac	4	32	34734	371.31299899192527	758.6290000000026	70.545	
1600-lilith-food	imazen-26-png-v3/png-v3/1600-lilith-food/1608_food_single-cake-slice-plate_anedaitocho-kyoto-japan_s23u_iso320-f2p2_20230709-194142_4000x3000.sdr.png	o7ac	4	44	18328	408.264281009906	1078.0000000000066	45.374	
1600-lilith-food	imazen-26-png-v3/png-v3/1600-lilith-food/1608_food_single-cake-slice-plate_anedaitocho-kyoto-japan_s23u_iso320-f2p2_20230709-194142_4000x3000.sdr.png	o7ac	6	20	58567	246.82993000897113	278.45800000000054	82.050	
1600-lilith-food	imazen-26-png-v3/png-v3/1600-lilith-food/1608_food_single-cake-slice-plate_anedaitocho-kyoto-japan_s23u_iso320-f2p2_20230709-194142_4000x3000.sdr.png	o7ac	6	32	35218	350.53947901178617	1672.59799999999	70.469	
1600-lilith-food	imazen-26-png-v3/png-v3/1600-lilith-food/1608_food_single-cake-slice-plate_anedaitocho-kyoto-japan_s23u_iso320-f2p2_20230709-194142_4000x3000.sdr.png	o7ac	6	44	18735	324.23918398853857	1053.4719999999816	45.604	
1600-lilith-food	imazen-26-png-v3/png-v3/1600-lilith-food/1608_food_single-cake-slice-plate_anedaitocho-kyoto-japan_s23u_iso320-f2p2_20230709-194142_4000x3000.sdr.png	o7ac	8	20	60046	284.41363299498335	1622.8709999999965	80.813	
1600-lilith-food	imazen-26-png-v3/png-v3/1600-lilith-food/1608_food_single-cake-slice-plate_anedaitocho-kyoto-japan_s23u_iso320-f2p2_20230709-194142_4000x3000.sdr.png	o7ac	8	32	36181	377.4893380032154	1100.4140000000077	68.795	
1600-lilith-food	imazen-26-png-v3/png-v3/1600-lilith-food/1608_food_single-cake-slice-plate_anedaitocho-kyoto-japan_s23u_iso320-f2p2_20230709-194142_4000x3000.sdr.png	o7ac	8	44	18965	290.5552760057617	943.9090000000122	42.821	
1600-lilith-food	imazen-26-png-v3/png-v3/1600-lilith-food/1608_food_single-cake-slice-plate_anedaitocho-kyoto-japan_s23u_iso320-f2p2_20230709-194142_4000x3000.sdr.png	o7ac	10	20	61760	199.33477499580476	161.161000000007	80.946	
1600-lilith-food	imazen-26-png-v3/png-v3/1600-lilith-food/1608_food_single-cake-slice-plate_anedaitocho-kyoto-japan_s23u_iso320-f2p2_20230709-194142_4000x3000.sdr.png	o7ac	10	32	37421	263.8314070063643	351.6870000000125	69.357	
1600-lilith-food	imazen-26-png-v3/png-v3/1600-lilith-food/1608_food_single-cake-slice-plate_anedaitocho-kyoto-japan_s23u_iso320-f2p2_20230709-194142_4000x3000.sdr.png	o7ac	10	44	19639	296.3140930078225	366.54399999999754	43.737	
1600-lilith-food	imazen-26-png-v3/png-v3/1600-lilith-food/1614_food_dessert-plate-upside-down_valladolid-mexico_s23u_iso640-f1p7_20230917-213342_4000x3000.sdr.png	t1	4	20	49177	454.88352299435064	840.0150000000046	74.511	
1600-lilith-food	imazen-26-png-v3/png-v3/1600-lilith-food/1614_food_dessert-plate-upside-down_valladolid-mexico_s23u_iso640-f1p7_20230917-213342_4000x3000.sdr.png	t1	4	32	26963	385.7482820021687	769.2470000000001	55.596	
1600-lilith-food	imazen-26-png-v3/png-v3/1600-lilith-food/1614_food_dessert-plate-upside-down_valladolid-mexico_s23u_iso640-f1p7_20230917-213342_4000x3000.sdr.png	t1	4	44	12786	389.83939099125564	1173.46899999999	16.340	
1600-lilith-food	imazen-26-png-v3/png-v3/1600-lilith-food/1614_food_dessert-plate-upside-down_valladolid-mexico_s23u_iso640-f1p7_20230917-213342_4000x3000.sdr.png	t1	6	20	49530	251.93329200556036	1125.5699999999927	74.438	
1600-lilith-food	imazen-26-png-v3/png-v3/1600-lilith-food/1614_food_dessert-plate-upside-down_valladolid-mexico_s23u_iso640-f1p7_20230917-213342_4000x3000.sdr.png	t1	6	32	27364	231.51773199788295	990.3830000000085	55.920	
1600-lilith-food	imazen-26-png-v3/png-v3/1600-lilith-food/1614_food_dessert-plate-upside-down_valladolid-mexico_s23u_iso640-f1p7_20230917-213342_4000x3000.sdr.png	t1	6	44	12894	221.11549699911848	990.3830000000085	16.154	
1600-lilith-food	imazen-26-png-v3/png-v3/1600-lilith-food/1614_food_dessert-plate-upside-down_valladolid-mexico_s23u_iso640-f1p7_20230917-213342_4000x3000.sdr.png	t1	8	20	49728	257.9222650092561	426.9779999999983	74.528	
1600-lilith-food	imazen-26-png-v3/png-v3/1600-lilith-food/1614_food_dessert-plate-upside-down_valladolid-mexico_s23u_iso640-f1p7_20230917-213342_4000x3000.sdr.png	t1	8	32	27193	360.22686600335874	509.62500000001046	55.108	
1600-lilith-food	imazen-26-png-v3/png-v3/1600-lilith-food/1614_food_dessert-plate-upside-down_valladolid-mexico_s23u_iso640-f1p7_20230917-213342_4000x3000.sdr.png	t1	8	44	12570	198.55010500759818	127.49599999999361	13.198	
1600-lilith-food	imazen-26-png-v3/png-v3/1600-lilith-food/1614_food_dessert-plate-upside-down_valladolid-mexico_s23u_iso640-f1p7_20230917-213342_4000x3000.sdr.png	t1	10	20	50551	353.80722499394324	114.13400000001062	75.243	
1600-lilith-food	imazen-26-png-v3/png-v3/1600-lilith-food/1614_food_dessert-plate-upside-down_valladolid-mexico_s23u_iso640-f1p7_20230917-213342_4000x3000.sdr.png	t1	10	32	27581	176.55789101263508	200.58899999999014	55.196	
1600-lilith-food	imazen-26-png-v3/png-v3/1600-lilith-food/1614_food_dessert-plate-upside-down_valladolid-mexico_s23u_iso640-f1p7_20230917-213342_4000x3000.sdr.png	t1	10	44	12984	331.55321300728247	186.48199999999804	11.935	
1600-lilith-food	imazen-26-png-v3/png-v3/1600-lilith-food/1614_food_dessert-plate-upside-down_valladolid-mexico_s23u_iso640-f1p7_20230917-213342_4000x3000.sdr.png	t3	4	20	52199	472.80522699293215	759.775999999988	80.704	
1600-lilith-food	imazen-26-png-v3/png-v3/1600-lilith-food/1614_food_dessert-plate-upside-down_valladolid-mexico_s23u_iso640-f1p7_20230917-213342_4000x3000.sdr.png	t3	4	32	30252	534.9972920084838	1366.4299999999976	69.799	
1600-lilith-food	imazen-26-png-v3/png-v3/1600-lilith-food/1614_food_dessert-plate-upside-down_valladolid-mexico_s23u_iso640-f1p7_20230917-213342_4000x3000.sdr.png	t3	4	44	14870	343.62365599372424	890.9349999999918	43.078	
1600-lilith-food	imazen-26-png-v3/png-v3/1600-lilith-food/1614_food_dessert-plate-upside-down_valladolid-mexico_s23u_iso640-f1p7_20230917-213342_4000x3000.sdr.png	t3	6	20	52647	218.6591029894771	555.0809999999942	80.766	
1600-lilith-food	imazen-26-png-v3/png-v3/1600-lilith-food/1614_food_dessert-plate-upside-down_valladolid-mexico_s23u_iso640-f1p7_20230917-213342_4000x3000.sdr.png	t3	6	32	30898	196.87883100414183	1341.1110000000085	70.343	
1600-lilith-food	imazen-26-png-v3/png-v3/1600-lilith-food/1614_food_dessert-plate-upside-down_valladolid-mexico_s23u_iso640-f1p7_20230917-213342_4000x3000.sdr.png	t3	6	44	15270	264.5247830078006	1345.0749999999944	43.809	
1600-lilith-food	imazen-26-png-v3/png-v3/1600-lilith-food/1614_food_dessert-plate-upside-down_valladolid-mexico_s23u_iso640-f1p7_20230917-213342_4000x3000.sdr.png	t3	8	20	53927	259.3125349958427	1310.3579999999938	80.446	
1600-lilith-food	imazen-26-png-v3/png-v3/1600-lilith-food/1614_food_dessert-plate-upside-down_valladolid-mexico_s23u_iso640-f1p7_20230917-213342_4000x3000.sdr.png	t3	8	32	32111	253.90412499837112	1310.3579999999938	69.685	
1600-lilith-food	imazen-26-png-v3/png-v3/1600-lilith-food/1614_food_dessert-plate-upside-down_valladolid-mexico_s23u_iso640-f1p7_20230917-213342_4000x3000.sdr.png	t3	8	44	15808	150.45097199617885	518.828999999986	43.768	
1600-lilith-food	imazen-26-png-v3/png-v3/1600-lilith-food/1614_food_dessert-plate-upside-down_valladolid-mexico_s23u_iso640-f1p7_20230917-213342_4000x3000.sdr.png	t3	10	20	54398	210.9643000003416	647.727000000014	80.287	
1600-lilith-food	imazen-26-png-v3/png-v3/1600-lilith-food/1614_food_dessert-plate-upside-down_valladolid-mexico_s23u_iso640-f1p7_20230917-213342_4000x3000.sdr.png	t3	10	32	32180	570.438185997773	264.8259999999958	69.668	
1600-lilith-food	imazen-26-png-v3/png-v3/1600-lilith-food/1614_food_dessert-plate-upside-down_valladolid-mexico_s23u_iso640-f1p7_20230917-213342_4000x3000.sdr.png	t3	10	44	15968	613.5500870004762	220.40699999999802	43.859	
1600-lilith-food	imazen-26-png-v3/png-v3/1600-lilith-food/1614_food_dessert-plate-upside-down_valladolid-mexico_s23u_iso640-f1p7_20230917-213342_4000x3000.sdr.png	o6	4	20	51323	577.6752390083857	447.1470000000046	80.447	
1600-lilith-food	imazen-26-png-v3/png-v3/1600-lilith-food/1614_food_dessert-plate-upside-down_valladolid-mexico_s23u_iso640-f1p7_20230917-213342_4000x3000.sdr.png	o6	4	32	29490	363.67487300594803	777.5699999999972	68.836	
1600-lilith-food	imazen-26-png-v3/png-v3/1600-lilith-food/1614_food_dessert-plate-upside-down_valladolid-mexico_s23u_iso640-f1p7_20230917-213342_4000x3000.sdr.png	o6	4	44	14418	431.70457500673365	1074.5819999999924	40.940	
1600-lilith-food	imazen-26-png-v3/png-v3/1600-lilith-food/1614_food_dessert-plate-upside-down_valladolid-mexico_s23u_iso640-f1p7_20230917-213342_4000x3000.sdr.png	o6	6	20	51807	250.98480100859888	777.5699999999972	80.339	
1600-lilith-food	imazen-26-png-v3/png-v3/1600-lilith-food/1614_food_dessert-plate-upside-down_valladolid-mexico_s23u_iso640-f1p7_20230917-213342_4000x3000.sdr.png	o6	6	32	30142	368.7723140028538	710.1949999999988	69.399	
1600-lilith-food	imazen-26-png-v3/png-v3/1600-lilith-food/1614_food_dessert-plate-upside-down_valladolid-mexico_s23u_iso640-f1p7_20230917-213342_4000x3000.sdr.png	o6	6	44	14841	296.0061579942703	521.0109999999979	41.005	
1600-lilith-food	imazen-26-png-v3/png-v3/1600-lilith-food/1614_food_dessert-plate-upside-down_valladolid-mexico_s23u_iso640-f1p7_20230917-213342_4000x3000.sdr.png	o6	8	20	53043	618.4317479928723	609.1409999999975	80.125	
1600-lilith-food	imazen-26-png-v3/png-v3/1600-lilith-food/1614_food_dessert-plate-upside-down_valladolid-mexico_s23u_iso640-f1p7_20230917-213342_4000x3000.sdr.png	o6	8	32	31274	506.4973199914675	551.194000000006	68.872	
1600-lilith-food	imazen-26-png-v3/png-v3/1600-lilith-food/1614_food_dessert-plate-upside-down_valladolid-mexico_s23u_iso640-f1p7_20230917-213342_4000x3000.sdr.png	o6	8	44	15300	403.48711899423506	290.8859999999933	41.456	
1600-lilith-food	imazen-26-png-v3/png-v3/1600-lilith-food/1614_food_dessert-plate-upside-down_valladolid-mexico_s23u_iso640-f1p7_20230917-213342_4000x3000.sdr.png	o6	10	20	53449	300.9779099957086	500.3849999999908	79.969	
1600-lilith-food	imazen-26-png-v3/png-v3/1600-lilith-food/1614_food_dessert-plate-upside-down_valladolid-mexico_s23u_iso640-f1p7_20230917-213342_4000x3000.sdr.png	o6	10	32	31274	130.0842049968196	295.16499999999724	68.933	
1600-lilith-food	imazen-26-png-v3/png-v3/1600-lilith-food/1614_food_dessert-plate-upside-down_valladolid-mexico_s23u_iso640-f1p7_20230917-213342_4000x3000.sdr.png	o6	10	44	15432	190.1003990060417	224.3620000000064	41.280	
1600-lilith-food	imazen-26-png-v3/png-v3/1600-lilith-food/1614_food_dessert-plate-upside-down_valladolid-mexico_s23u_iso640-f1p7_20230917-213342_4000x3000.sdr.png	o7	4	20	49634	480.3536510007689	512.8429999999967	79.438	
1600-lilith-food	imazen-26-png-v3/png-v3/1600-lilith-food/1614_food_dessert-plate-upside-down_valladolid-mexico_s23u_iso640-f1p7_20230917-213342_4000x3000.sdr.png	o7	4	32	27981	408.13952300231904	756.1090000000057	66.701	
1600-lilith-food	imazen-26-png-v3/png-v3/1600-lilith-food/1614_food_dessert-plate-upside-down_valladolid-mexico_s23u_iso640-f1p7_20230917-213342_4000x3000.sdr.png	o7	4	44	13727	393.03429900610354	1094.286000000004	35.279	
1600-lilith-food	imazen-26-png-v3/png-v3/1600-lilith-food/1614_food_dessert-plate-upside-down_valladolid-mexico_s23u_iso640-f1p7_20230917-213342_4000x3000.sdr.png	o7	6	20	50011	500.0227940035984	1094.286000000004	79.485	
1600-lilith-food	imazen-26-png-v3/png-v3/1600-lilith-food/1614_food_dessert-plate-upside-down_valladolid-mexico_s23u_iso640-f1p7_20230917-213342_4000x3000.sdr.png	o7	6	32	28486	565.5238139879657	1029.8089999999966	66.773	
1600-lilith-food	imazen-26-png-v3/png-v3/1600-lilith-food/1614_food_dessert-plate-upside-down_valladolid-mexico_s23u_iso640-f1p7_20230917-213342_4000x3000.sdr.png	o7	6	44	14010	387.8529990033712	844.5979999999942	35.683	
1600-lilith-food	imazen-26-png-v3/png-v3/1600-lilith-food/1614_food_dessert-plate-upside-down_valladolid-mexico_s23u_iso640-f1p7_20230917-213342_4000x3000.sdr.png	o7	8	20	51083	406.1071149917552	423.66899999999674	79.031	
1600-lilith-food	imazen-26-png-v3/png-v3/1600-lilith-food/1614_food_dessert-plate-upside-down_valladolid-mexico_s23u_iso640-f1p7_20230917-213342_4000x3000.sdr.png	o7	8	32	29537	271.196413988946	219.95199999999215	66.007	
1600-lilith-food	imazen-26-png-v3/png-v3/1600-lilith-food/1614_food_dessert-plate-upside-down_valladolid-mexico_s23u_iso640-f1p7_20230917-213342_4000x3000.sdr.png	o7	8	44	14451	438.60905698966235	429.97600000000347	35.483	
1600-lilith-food	imazen-26-png-v3/png-v3/1600-lilith-food/1614_food_dessert-plate-upside-down_valladolid-mexico_s23u_iso640-f1p7_20230917-213342_4000x3000.sdr.png	o7	10	20	51413	229.61996799858753	192.40399999999624	79.031	
1600-lilith-food	imazen-26-png-v3/png-v3/1600-lilith-food/1614_food_dessert-plate-upside-down_valladolid-mexico_s23u_iso640-f1p7_20230917-213342_4000x3000.sdr.png	o7	10	32	29542	286.55140299815685	396.7350000000067	66.104	
1600-lilith-food	imazen-26-png-v3/png-v3/1600-lilith-food/1614_food_dessert-plate-upside-down_valladolid-mexico_s23u_iso640-f1p7_20230917-213342_4000x3000.sdr.png	o7	10	44	14574	299.2869379959302	537.9240000000109	34.688	
1600-lilith-food	imazen-26-png-v3/png-v3/1600-lilith-food/1614_food_dessert-plate-upside-down_valladolid-mexico_s23u_iso640-f1p7_20230917-213342_4000x3000.sdr.png	o8	4	20	48652	366.5145659906557	681.7180000000001	78.899	
1600-lilith-food	imazen-26-png-v3/png-v3/1600-lilith-food/1614_food_dessert-plate-upside-down_valladolid-mexico_s23u_iso640-f1p7_20230917-213342_4000x3000.sdr.png	o8	4	32	27129	555.653429008089	1214.8289999999981	64.820	
1600-lilith-food	imazen-26-png-v3/png-v3/1600-lilith-food/1614_food_dessert-plate-upside-down_valladolid-mexico_s23u_iso640-f1p7_20230917-213342_4000x3000.sdr.png	o8	4	44	13379	477.4199600069551	764.2260000000114	32.226	
1600-lilith-food	imazen-26-png-v3/png-v3/1600-lilith-food/1614_food_dessert-plate-upside-down_valladolid-mexico_s23u_iso640-f1p7_20230917-213342_4000x3000.sdr.png	o8	6	20	49122	298.98724899976514	789.1789999999971	78.891	
1600-lilith-food	imazen-26-png-v3/png-v3/1600-lilith-food/1614_food_dessert-plate-upside-down_valladolid-mexico_s23u_iso640-f1p7_20230917-213342_4000x3000.sdr.png	o8	6	32	27713	442.0080020063324	1011.0290000000113	65.222	
1600-lilith-food	imazen-26-png-v3/png-v3/1600-lilith-food/1614_food_dessert-plate-upside-down_valladolid-mexico_s23u_iso640-f1p7_20230917-213342_4000x3000.sdr.png	o8	6	44	13642	303.871545009315	837.5499999999967	31.705	
1600-lilith-food	imazen-26-png-v3/png-v3/1600-lilith-food/1614_food_dessert-plate-upside-down_valladolid-mexico_s23u_iso640-f1p7_20230917-213342_4000x3000.sdr.png	o8	8	20	50021	352.8357899922412	316.0659999999957	78.393	
1600-lilith-food	imazen-26-png-v3/png-v3/1600-lilith-food/1614_food_dessert-plate-upside-down_valladolid-mexico_s23u_iso640-f1p7_20230917-213342_4000x3000.sdr.png	o8	8	32	28633	188.72587800433394	251.1559999999946	64.222	
1600-lilith-food	imazen-26-png-v3/png-v3/1600-lilith-food/1614_food_dessert-plate-upside-down_valladolid-mexico_s23u_iso640-f1p7_20230917-213342_4000x3000.sdr.png	o8	8	44	14064	302.0954020030331	321.6500000000124	31.986	
1600-lilith-food	imazen-26-png-v3/png-v3/1600-lilith-food/1614_food_dessert-plate-upside-down_valladolid-mexico_s23u_iso640-f1p7_20230917-213342_4000x3000.sdr.png	o8	10	20	50492	431.5745679923566	372.8559999999952	78.388	
1600-lilith-food	imazen-26-png-v3/png-v3/1600-lilith-food/1614_food_dessert-plate-upside-down_valladolid-mexico_s23u_iso640-f1p7_20230917-213342_4000x3000.sdr.png	o8	10	32	28664	294.21746100706514	277.0620000000115	64.108	
1600-lilith-food	imazen-26-png-v3/png-v3/1600-lilith-food/1614_food_dessert-plate-upside-down_valladolid-mexico_s23u_iso640-f1p7_20230917-213342_4000x3000.sdr.png	o8	10	44	14159	247.539959003916	98.50700000000856	31.316	
1600-lilith-food	imazen-26-png-v3/png-v3/1600-lilith-food/1614_food_dessert-plate-upside-down_valladolid-mexico_s23u_iso640-f1p7_20230917-213342_4000x3000.sdr.png	o7ac	4	20	49578	532.7138660068158	1433.4630000000068	79.574	
1600-lilith-food	imazen-26-png-v3/png-v3/1600-lilith-food/1614_food_dessert-plate-upside-down_valladolid-mexico_s23u_iso640-f1p7_20230917-213342_4000x3000.sdr.png	o7ac	4	32	27934	440.27382900821976	1248.8880000000115	66.612	
1600-lilith-food	imazen-26-png-v3/png-v3/1600-lilith-food/1614_food_dessert-plate-upside-down_valladolid-mexico_s23u_iso640-f1p7_20230917-213342_4000x3000.sdr.png	o7ac	4	44	13721	348.4316760004731	420.98000000000724	35.371	
1600-lilith-food	imazen-26-png-v3/png-v3/1600-lilith-food/1614_food_dessert-plate-upside-down_valladolid-mexico_s23u_iso640-f1p7_20230917-213342_4000x3000.sdr.png	o7ac	6	20	50036	358.42977299762424	1321.142000000009	79.495	
1600-lilith-food	imazen-26-png-v3/png-v3/1600-lilith-food/1614_food_dessert-plate-upside-down_valladolid-mexico_s23u_iso640-f1p7_20230917-213342_4000x3000.sdr.png	o7ac	6	32	28560	310.16372398880776	1123.3270000000105	66.942	
1600-lilith-food	imazen-26-png-v3/png-v3/1600-lilith-food/1614_food_dessert-plate-upside-down_valladolid-mexico_s23u_iso640-f1p7_20230917-213342_4000x3000.sdr.png	o7ac	6	44	14036	387.4307869991753	1549.374999999994	35.740	
1600-lilith-food	imazen-26-png-v3/png-v3/1600-lilith-food/1614_food_dessert-plate-upside-down_valladolid-mexico_s23u_iso640-f1p7_20230917-213342_4000x3000.sdr.png	o7ac	8	20	51089	240.47671500011347	310.74599999999464	78.998	
1600-lilith-food	imazen-26-png-v3/png-v3/1600-lilith-food/1614_food_dessert-plate-upside-down_valladolid-mexico_s23u_iso640-f1p7_20230917-213342_4000x3000.sdr.png	o7ac	8	32	29543	179.37993998930324	447.9029999999966	66.010	
1600-lilith-food	imazen-26-png-v3/png-v3/1600-lilith-food/1614_food_dessert-plate-upside-down_valladolid-mexico_s23u_iso640-f1p7_20230917-213342_4000x3000.sdr.png	o7ac	8	44	14451	667.2864439897239	663.02799999999	35.483	
1600-lilith-food	imazen-26-png-v3/png-v3/1600-lilith-food/1614_food_dessert-plate-upside-down_valladolid-mexico_s23u_iso640-f1p7_20230917-213342_4000x3000.sdr.png	o7ac	10	20	51415	314.9953989923233	265.71299999998746	79.024	
1600-lilith-food	imazen-26-png-v3/png-v3/1600-lilith-food/1614_food_dessert-plate-upside-down_valladolid-mexico_s23u_iso640-f1p7_20230917-213342_4000x3000.sdr.png	o7ac	10	32	29543	417.62595900218	345.3510000000115	66.105	
1600-lilith-food	imazen-26-png-v3/png-v3/1600-lilith-food/1614_food_dessert-plate-upside-down_valladolid-mexico_s23u_iso640-f1p7_20230917-213342_4000x3000.sdr.png	o7ac	10	44	14574	336.9935840019025	142.11799999998576	34.688	
2000-unsplash-people	imazen-26-png-v3/png-v3/2000-unsplash-people/2000_people_by-alexander-aguero-enppvuxbcce-unsplash_4400x6600.sdr.png	t1	4	20	7772	623.2809670036659	517.6830000000194	63.207	
2000-unsplash-people	imazen-26-png-v3/png-v3/2000-unsplash-people/2000_people_by-alexander-aguero-enppvuxbcce-unsplash_4400x6600.sdr.png	t1	4	32	2320	536.5605410042917	721.1700000000043	38.156	
2000-unsplash-people	imazen-26-png-v3/png-v3/2000-unsplash-people/2000_people_by-alexander-aguero-enppvuxbcce-unsplash_4400x6600.sdr.png	t1	4	44	759	538.7154540076153	1017.8229999999963	2.897	
2000-unsplash-people	imazen-26-png-v3/png-v3/2000-unsplash-people/2000_people_by-alexander-aguero-enppvuxbcce-unsplash_4400x6600.sdr.png	t1	6	20	7932	525.6706200016197	1347.3279999999975	63.993	
2000-unsplash-people	imazen-26-png-v3/png-v3/2000-unsplash-people/2000_people_by-alexander-aguero-enppvuxbcce-unsplash_4400x6600.sdr.png	t1	6	32	2385	367.19450799864717	1591.7209999999927	37.830	
2000-unsplash-people	imazen-26-png-v3/png-v3/2000-unsplash-people/2000_people_by-alexander-aguero-enppvuxbcce-unsplash_4400x6600.sdr.png	t1	6	44	806	315.390510004363	992.4769999999938	2.828	
2000-unsplash-people	imazen-26-png-v3/png-v3/2000-unsplash-people/2000_people_by-alexander-aguero-enppvuxbcce-unsplash_4400x6600.sdr.png	t1	8	20	7461	454.288833992905	1640.346000000001	63.234	
2000-unsplash-people	imazen-26-png-v3/png-v3/2000-unsplash-people/2000_people_by-alexander-aguero-enppvuxbcce-unsplash_4400x6600.sdr.png	t1	8	32	2342	326.259220004431	1116.2720000000022	36.195	
2000-unsplash-people	imazen-26-png-v3/png-v3/2000-unsplash-people/2000_people_by-alexander-aguero-enppvuxbcce-unsplash_4400x6600.sdr.png	t1	8	44	808	315.3211070020916	1356.443999999989	0.568	
2000-unsplash-people	imazen-26-png-v3/png-v3/2000-unsplash-people/2000_people_by-alexander-aguero-enppvuxbcce-unsplash_4400x6600.sdr.png	t1	10	20	7429	335.5855309928302	1545.247000000007	63.404	
2000-unsplash-people	imazen-26-png-v3/png-v3/2000-unsplash-people/2000_people_by-alexander-aguero-enppvuxbcce-unsplash_4400x6600.sdr.png	t1	10	32	2322	679.2292950121919	1559.6389999999865	36.641	
2000-unsplash-people	imazen-26-png-v3/png-v3/2000-unsplash-people/2000_people_by-alexander-aguero-enppvuxbcce-unsplash_4400x6600.sdr.png	t1	10	44	783	275.86350600176957	718.2089999999981	0.560	
2000-unsplash-people	imazen-26-png-v3/png-v3/2000-unsplash-people/2000_people_by-alexander-aguero-enppvuxbcce-unsplash_4400x6600.sdr.png	t3	4	20	19205	710.9922039962839	792.650000000016	78.467	
2000-unsplash-people	imazen-26-png-v3/png-v3/2000-unsplash-people/2000_people_by-alexander-aguero-enppvuxbcce-unsplash_4400x6600.sdr.png	t3	4	32	10312	555.3250460070558	792.650000000016	67.621	
2000-unsplash-people	imazen-26-png-v3/png-v3/2000-unsplash-people/2000_people_by-alexander-aguero-enppvuxbcce-unsplash_4400x6600.sdr.png	t3	4	44	3032	367.20732200774364	1147.044000000001	41.624	
2000-unsplash-people	imazen-26-png-v3/png-v3/2000-unsplash-people/2000_people_by-alexander-aguero-enppvuxbcce-unsplash_4400x6600.sdr.png	t3	6	20	19695	552.6230039977236	1221.6720000000016	78.528	
2000-unsplash-people	imazen-26-png-v3/png-v3/2000-unsplash-people/2000_people_by-alexander-aguero-enppvuxbcce-unsplash_4400x6600.sdr.png	t3	6	32	10936	557.7110259910114	1712.9839999999951	68.246	
2000-unsplash-people	imazen-26-png-v3/png-v3/2000-unsplash-people/2000_people_by-alexander-aguero-enppvuxbcce-unsplash_4400x6600.sdr.png	t3	6	44	3282	526.6315650078468	1409.4489999999914	42.596	
2000-unsplash-people	imazen-26-png-v3/png-v3/2000-unsplash-people/2000_people_by-alexander-aguero-enppvuxbcce-unsplash_4400x6600.sdr.png	t3	8	20	20273	456.97084699349944	584.3319999999927	78.594	
2000-unsplash-people	imazen-26-png-v3/png-v3/2000-unsplash-people/2000_people_by-alexander-aguero-enppvuxbcce-unsplash_4400x6600.sdr.png	t3	8	32	11340	466.44693199777976	1613.9779999999923	68.170	
2000-unsplash-people	imazen-26-png-v3/png-v3/2000-unsplash-people/2000_people_by-alexander-aguero-enppvuxbcce-unsplash_4400x6600.sdr.png	t3	8	44	3447	323.9901810011361	1512.6899999999957	43.687	
2000-unsplash-people	imazen-26-png-v3/png-v3/2000-unsplash-people/2000_people_by-alexander-aguero-enppvuxbcce-unsplash_4400x6600.sdr.png	t3	10	20	19962	288.2053840003209	573.5000000000099	78.667	
2000-unsplash-people	imazen-26-png-v3/png-v3/2000-unsplash-people/2000_people_by-alexander-aguero-enppvuxbcce-unsplash_4400x6600.sdr.png	t3	10	32	11235	947.3392359941499	792.7369999999953	68.084	
2000-unsplash-people	imazen-26-png-v3/png-v3/2000-unsplash-people/2000_people_by-alexander-aguero-enppvuxbcce-unsplash_4400x6600.sdr.png	t3	10	44	3446	900.9825629909756	541.2930000000174	43.650	
2000-unsplash-people	imazen-26-png-v3/png-v3/2000-unsplash-people/2000_people_by-alexander-aguero-enppvuxbcce-unsplash_4400x6600.sdr.png	o6	4	20	19106	1168.0279739957768	1683.333999999995	78.359	
2000-unsplash-people	imazen-26-png-v3/png-v3/2000-unsplash-people/2000_people_by-alexander-aguero-enppvuxbcce-unsplash_4400x6600.sdr.png	o6	4	32	10254	575.366485005361	1318.0680000000038	67.420	
2000-unsplash-people	imazen-26-png-v3/png-v3/2000-unsplash-people/2000_people_by-alexander-aguero-enppvuxbcce-unsplash_4400x6600.sdr.png	o6	4	44	2992	336.98372599610593	384.992000000004	41.025	
2000-unsplash-people	imazen-26-png-v3/png-v3/2000-unsplash-people/2000_people_by-alexander-aguero-enppvuxbcce-unsplash_4400x6600.sdr.png	o6	6	20	19554	425.60508199676406	1346.771000000011	78.450	
2000-unsplash-people	imazen-26-png-v3/png-v3/2000-unsplash-people/2000_people_by-alexander-aguero-enppvuxbcce-unsplash_4400x6600.sdr.png	o6	6	32	10831	408.0121119914111	1659.786000000004	68.256	
2000-unsplash-people	imazen-26-png-v3/png-v3/2000-unsplash-people/2000_people_by-alexander-aguero-enppvuxbcce-unsplash_4400x6600.sdr.png	o6	6	44	3179	408.38687399809714	1828.9670000000058	41.866	
2000-unsplash-people	imazen-26-png-v3/png-v3/2000-unsplash-people/2000_people_by-alexander-aguero-enppvuxbcce-unsplash_4400x6600.sdr.png	o6	8	20	20176	372.3152329912409	1548.4320000000089	78.517	
2000-unsplash-people	imazen-26-png-v3/png-v3/2000-unsplash-people/2000_people_by-alexander-aguero-enppvuxbcce-unsplash_4400x6600.sdr.png	o6	8	32	11276	414.51358899939805	1736.9559999999885	68.113	
2000-unsplash-people	imazen-26-png-v3/png-v3/2000-unsplash-people/2000_people_by-alexander-aguero-enppvuxbcce-unsplash_4400x6600.sdr.png	o6	8	44	3360	487.37067700130865	1348.154000000001	43.270	
2000-unsplash-people	imazen-26-png-v3/png-v3/2000-unsplash-people/2000_people_by-alexander-aguero-enppvuxbcce-unsplash_4400x6600.sdr.png	o6	10	20	19857	370.2536070049973	1530.8389999999968	78.612	
2000-unsplash-people	imazen-26-png-v3/png-v3/2000-unsplash-people/2000_people_by-alexander-aguero-enppvuxbcce-unsplash_4400x6600.sdr.png	o6	10	32	11170	553.0536720034434	1550.3050000000017	68.125	
2000-unsplash-people	imazen-26-png-v3/png-v3/2000-unsplash-people/2000_people_by-alexander-aguero-enppvuxbcce-unsplash_4400x6600.sdr.png	o6	10	44	3357	292.28417000558693	974.262999999997	43.148	
2000-unsplash-people	imazen-26-png-v3/png-v3/2000-unsplash-people/2000_people_by-alexander-aguero-enppvuxbcce-unsplash_4400x6600.sdr.png	o7	4	20	18601	539.6379040030297	603.0809999999996	78.022	
2000-unsplash-people	imazen-26-png-v3/png-v3/2000-unsplash-people/2000_people_by-alexander-aguero-enppvuxbcce-unsplash_4400x6600.sdr.png	o7	4	32	9908	442.2789560048841	663.9529999999993	66.820	
2000-unsplash-people	imazen-26-png-v3/png-v3/2000-unsplash-people/2000_people_by-alexander-aguero-enppvuxbcce-unsplash_4400x6600.sdr.png	o7	4	44	2767	453.96863599307835	400.0780000000148	39.446	
2000-unsplash-people	imazen-26-png-v3/png-v3/2000-unsplash-people/2000_people_by-alexander-aguero-enppvuxbcce-unsplash_4400x6600.sdr.png	o7	6	20	19055	412.0645980001427	700.2270000000053	78.054	
2000-unsplash-people	imazen-26-png-v3/png-v3/2000-unsplash-people/2000_people_by-alexander-aguero-enppvuxbcce-unsplash_4400x6600.sdr.png	o7	6	32	10440	317.3815110058058	989.9469999999937	67.417	
2000-unsplash-people	imazen-26-png-v3/png-v3/2000-unsplash-people/2000_people_by-alexander-aguero-enppvuxbcce-unsplash_4400x6600.sdr.png	o7	6	44	2978	539.2459309950937	1732.1250000000105	40.487	
2000-unsplash-people	imazen-26-png-v3/png-v3/2000-unsplash-people/2000_people_by-alexander-aguero-enppvuxbcce-unsplash_4400x6600.sdr.png	o7	8	20	19609	387.49835500493646	1161.7660000000037	77.957	
2000-unsplash-people	imazen-26-png-v3/png-v3/2000-unsplash-people/2000_people_by-alexander-aguero-enppvuxbcce-unsplash_4400x6600.sdr.png	o7	8	32	10883	362.0140499988338	851.0850000000012	67.487	
2000-unsplash-people	imazen-26-png-v3/png-v3/2000-unsplash-people/2000_people_by-alexander-aguero-enppvuxbcce-unsplash_4400x6600.sdr.png	o7	8	44	3151	367.2251659882022	1330.4989999999962	41.397	
2000-unsplash-people	imazen-26-png-v3/png-v3/2000-unsplash-people/2000_people_by-alexander-aguero-enppvuxbcce-unsplash_4400x6600.sdr.png	o7	10	20	19436	372.0732619985938	1542.4219999999948	78.189	
2000-unsplash-people	imazen-26-png-v3/png-v3/2000-unsplash-people/2000_people_by-alexander-aguero-enppvuxbcce-unsplash_4400x6600.sdr.png	o7	10	32	10761	532.7671170089161	581.2539999999942	67.411	
2000-unsplash-people	imazen-26-png-v3/png-v3/2000-unsplash-people/2000_people_by-alexander-aguero-enppvuxbcce-unsplash_4400x6600.sdr.png	o7	10	44	3129	691.436907989555	639.2679999999871	41.444	
2000-unsplash-people	imazen-26-png-v3/png-v3/2000-unsplash-people/2000_people_by-alexander-aguero-enppvuxbcce-unsplash_4400x6600.sdr.png	o8	4	20	18179	679.4533299980685	914.7420000000075	77.728	
2000-unsplash-people	imazen-26-png-v3/png-v3/2000-unsplash-people/2000_people_by-alexander-aguero-enppvuxbcce-unsplash_4400x6600.sdr.png	o8	4	32	9482	522.4825559998862	698.8120000000038	65.992	
2000-unsplash-people	imazen-26-png-v3/png-v3/2000-unsplash-people/2000_people_by-alexander-aguero-enppvuxbcce-unsplash_4400x6600.sdr.png	o8	4	44	2583	474.12550399894826	1278.445000000005	37.113	
2000-unsplash-people	imazen-26-png-v3/png-v3/2000-unsplash-people/2000_people_by-alexander-aguero-enppvuxbcce-unsplash_4400x6600.sdr.png	o8	6	20	18681	400.51991400832776	989.3670000000157	77.719	
2000-unsplash-people	imazen-26-png-v3/png-v3/2000-unsplash-people/2000_people_by-alexander-aguero-enppvuxbcce-unsplash_4400x6600.sdr.png	o8	6	32	10097	382.2400000062771	659.1439999999977	66.750	
2000-unsplash-people	imazen-26-png-v3/png-v3/2000-unsplash-people/2000_people_by-alexander-aguero-enppvuxbcce-unsplash_4400x6600.sdr.png	o8	6	44	2751	321.0205119976308	373.4049999999911	38.323	
2000-unsplash-people	imazen-26-png-v3/png-v3/2000-unsplash-people/2000_people_by-alexander-aguero-enppvuxbcce-unsplash_4400x6600.sdr.png	o8	8	20	19256	345.4958210058976	1133.7270000000003	77.535	
2000-unsplash-people	imazen-26-png-v3/png-v3/2000-unsplash-people/2000_people_by-alexander-aguero-enppvuxbcce-unsplash_4400x6600.sdr.png	o8	8	32	10463	320.64673099375796	1055.2240000000133	66.631	
2000-unsplash-people	imazen-26-png-v3/png-v3/2000-unsplash-people/2000_people_by-alexander-aguero-enppvuxbcce-unsplash_4400x6600.sdr.png	o8	8	44	2880	365.0301179877715	1379.3260000000132	39.056	
2000-unsplash-people	imazen-26-png-v3/png-v3/2000-unsplash-people/2000_people_by-alexander-aguero-enppvuxbcce-unsplash_4400x6600.sdr.png	o8	10	20	19068	426.45844200160354	1117.2420000000081	77.733	
2000-unsplash-people	imazen-26-png-v3/png-v3/2000-unsplash-people/2000_people_by-alexander-aguero-enppvuxbcce-unsplash_4400x6600.sdr.png	o8	10	32	10355	338.0720630084397	840.3639999999904	66.653	
2000-unsplash-people	imazen-26-png-v3/png-v3/2000-unsplash-people/2000_people_by-alexander-aguero-enppvuxbcce-unsplash_4400x6600.sdr.png	o8	10	44	2867	495.88612899242435	1102.9629999999954	39.100	
2000-unsplash-people	imazen-26-png-v3/png-v3/2000-unsplash-people/2000_people_by-alexander-aguero-enppvuxbcce-unsplash_4400x6600.sdr.png	o7ac	4	20	18612	464.36944699962623	866.0659999999964	77.988	
2000-unsplash-people	imazen-26-png-v3/png-v3/2000-unsplash-people/2000_people_by-alexander-aguero-enppvuxbcce-unsplash_4400x6600.sdr.png	o7ac	4	32	9939	660.0027129898081	1030.0659999999943	66.623	
2000-unsplash-people	imazen-26-png-v3/png-v3/2000-unsplash-people/2000_people_by-alexander-aguero-enppvuxbcce-unsplash_4400x6600.sdr.png	o7ac	4	44	2762	380.92897000024095	734.4189999999884	39.150	
2000-unsplash-people	imazen-26-png-v3/png-v3/2000-unsplash-people/2000_people_by-alexander-aguero-enppvuxbcce-unsplash_4400x6600.sdr.png	o7ac	6	20	19048	438.3438429940725	956.3820000000014	78.209	
2000-unsplash-people	imazen-26-png-v3/png-v3/2000-unsplash-people/2000_people_by-alexander-aguero-enppvuxbcce-unsplash_4400x6600.sdr.png	o7ac	6	32	10470	400.1390710036503	836.8519999999897	67.473	
2000-unsplash-people	imazen-26-png-v3/png-v3/2000-unsplash-people/2000_people_by-alexander-aguero-enppvuxbcce-unsplash_4400x6600.sdr.png	o7ac	6	44	2973	534.2635990091367	843.0289999999871	40.199	
2000-unsplash-people	imazen-26-png-v3/png-v3/2000-unsplash-people/2000_people_by-alexander-aguero-enppvuxbcce-unsplash_4400x6600.sdr.png	o7ac	8	20	19617	567.7597689937102	629.732999999991	77.944	
2000-unsplash-people	imazen-26-png-v3/png-v3/2000-unsplash-people/2000_people_by-alexander-aguero-enppvuxbcce-unsplash_4400x6600.sdr.png	o7ac	8	32	10883	486.025582998991	841.6250000000005	67.487	
2000-unsplash-people	imazen-26-png-v3/png-v3/2000-unsplash-people/2000_people_by-alexander-aguero-enppvuxbcce-unsplash_4400x6600.sdr.png	o7ac	8	44	3151	622.2808769962285	1418.2839999999962	41.397	
2000-unsplash-people	imazen-26-png-v3/png-v3/2000-unsplash-people/2000_people_by-alexander-aguero-enppvuxbcce-unsplash_4400x6600.sdr.png	o7ac	10	20	19436	509.2656570050167	1182.4279999999837	78.189	
2000-unsplash-people	imazen-26-png-v3/png-v3/2000-unsplash-people/2000_people_by-alexander-aguero-enppvuxbcce-unsplash_4400x6600.sdr.png	o7ac	10	32	10761	308.1718110042857	651.5469999999937	67.411	
2000-unsplash-people	imazen-26-png-v3/png-v3/2000-unsplash-people/2000_people_by-alexander-aguero-enppvuxbcce-unsplash_4400x6600.sdr.png	o7ac	10	44	3129	460.1853310014121	1102.5949999999973	41.444	
2000-unsplash-people	imazen-26-png-v3/png-v3/2000-unsplash-people/2001_people_by-anastasia-pivnenko-prng6r1nspq-unsplash_2272x3072.sdr.png	t1	4	20	70688	341.4809969981434	1462.3629999999928	75.387	
2000-unsplash-people	imazen-26-png-v3/png-v3/2000-unsplash-people/2001_people_by-anastasia-pivnenko-prng6r1nspq-unsplash_2272x3072.sdr.png	t1	4	32	35076	635.4863950109575	1968.8420000000128	44.532	
2000-unsplash-people	imazen-26-png-v3/png-v3/2000-unsplash-people/2001_people_by-anastasia-pivnenko-prng6r1nspq-unsplash_2272x3072.sdr.png	t1	4	44	2637	215.1097819878487	901.2159999999981	-5.564	
2000-unsplash-people	imazen-26-png-v3/png-v3/2000-unsplash-people/2001_people_by-anastasia-pivnenko-prng6r1nspq-unsplash_2272x3072.sdr.png	t1	6	20	71254	187.3735409899382	1047.5370000000198	74.638	
2000-unsplash-people	imazen-26-png-v3/png-v3/2000-unsplash-people/2001_people_by-anastasia-pivnenko-prng6r1nspq-unsplash_2272x3072.sdr.png	t1	6	32	38012	245.12299901107326	502.07799999998315	46.838	
2000-unsplash-people	imazen-26-png-v3/png-v3/2000-unsplash-people/2001_people_by-anastasia-pivnenko-prng6r1nspq-unsplash_2272x3072.sdr.png	t1	6	44	2765	474.6223770052893	678.8970000000063	-6.820	
2000-unsplash-people	imazen-26-png-v3/png-v3/2000-unsplash-people/2001_people_by-anastasia-pivnenko-prng6r1nspq-unsplash_2272x3072.sdr.png	t1	8	20	71527	178.31060900061857	95.92599999999862	74.480	
2000-unsplash-people	imazen-26-png-v3/png-v3/2000-unsplash-people/2001_people_by-anastasia-pivnenko-prng6r1nspq-unsplash_2272x3072.sdr.png	t1	8	32	37002	220.74566499213688	79.21800000001866	45.749	
2000-unsplash-people	imazen-26-png-v3/png-v3/2000-unsplash-people/2001_people_by-anastasia-pivnenko-prng6r1nspq-unsplash_2272x3072.sdr.png	t1	8	44	2773	171.42206800053827	354.2369999999906	-7.821	
2000-unsplash-people	imazen-26-png-v3/png-v3/2000-unsplash-people/2001_people_by-anastasia-pivnenko-prng6r1nspq-unsplash_2272x3072.sdr.png	t1	10	20	72023	115.35083598573692	319.10400000001715	73.337	
2000-unsplash-people	imazen-26-png-v3/png-v3/2000-unsplash-people/2001_people_by-anastasia-pivnenko-prng6r1nspq-unsplash_2272x3072.sdr.png	t1	10	32	35176	141.2513020040933	430.0179999999969	44.200	
2000-unsplash-people	imazen-26-png-v3/png-v3/2000-unsplash-people/2001_people_by-anastasia-pivnenko-prng6r1nspq-unsplash_2272x3072.sdr.png	t1	10	44	2770	111.97031699703075	430.4809999999861	-8.014	
2000-unsplash-people	imazen-26-png-v3/png-v3/2000-unsplash-people/2001_people_by-anastasia-pivnenko-prng6r1nspq-unsplash_2272x3072.sdr.png	t3	4	20	75464	467.4701859912602	1570.4179999999894	81.659	
2000-unsplash-people	imazen-26-png-v3/png-v3/2000-unsplash-people/2001_people_by-anastasia-pivnenko-prng6r1nspq-unsplash_2272x3072.sdr.png	t3	4	32	42372	466.70266799628735	1873.5729999999862	60.090	
2000-unsplash-people	imazen-26-png-v3/png-v3/2000-unsplash-people/2001_people_by-anastasia-pivnenko-prng6r1nspq-unsplash_2272x3072.sdr.png	t3	4	44	7490	405.3061229933519	1468.8289999999924	18.198	
2000-unsplash-people	imazen-26-png-v3/png-v3/2000-unsplash-people/2001_people_by-anastasia-pivnenko-prng6r1nspq-unsplash_2272x3072.sdr.png	t3	6	20	75338	169.32137799449265	558.0260000000053	80.225	
2000-unsplash-people	imazen-26-png-v3/png-v3/2000-unsplash-people/2001_people_by-anastasia-pivnenko-prng6r1nspq-unsplash_2272x3072.sdr.png	t3	6	32	44092	351.98326100362465	1210.4649999999922	61.472	
2000-unsplash-people	imazen-26-png-v3/png-v3/2000-unsplash-people/2001_people_by-anastasia-pivnenko-prng6r1nspq-unsplash_2272x3072.sdr.png	t3	6	44	8128	125.2579799911473	288.1810000000016	19.549	
2000-unsplash-people	imazen-26-png-v3/png-v3/2000-unsplash-people/2001_people_by-anastasia-pivnenko-prng6r1nspq-unsplash_2272x3072.sdr.png	t3	8	20	76117	180.16505098785274	193.20500000001317	78.679	
2000-unsplash-people	imazen-26-png-v3/png-v3/2000-unsplash-people/2001_people_by-anastasia-pivnenko-prng6r1nspq-unsplash_2272x3072.sdr.png	t3	8	32	43963	302.27698700036854	543.4729999999988	59.726	
2000-unsplash-people	imazen-26-png-v3/png-v3/2000-unsplash-people/2001_people_by-anastasia-pivnenko-prng6r1nspq-unsplash_2272x3072.sdr.png	t3	8	44	8650	221.71407499990892	107.09800000000058	19.614	
2000-unsplash-people	imazen-26-png-v3/png-v3/2000-unsplash-people/2001_people_by-anastasia-pivnenko-prng6r1nspq-unsplash_2272x3072.sdr.png	t3	10	20	75935	264.747756998986	197.39300000001236	80.278	
2000-unsplash-people	imazen-26-png-v3/png-v3/2000-unsplash-people/2001_people_by-anastasia-pivnenko-prng6r1nspq-unsplash_2272x3072.sdr.png	t3	10	32	44413	420.72349099908024	283.9709999999869	60.362	
2000-unsplash-people	imazen-26-png-v3/png-v3/2000-unsplash-people/2001_people_by-anastasia-pivnenko-prng6r1nspq-unsplash_2272x3072.sdr.png	t3	10	44	8763	216.5244089992484	267.7139999999909	19.945	
2000-unsplash-people	imazen-26-png-v3/png-v3/2000-unsplash-people/2001_people_by-anastasia-pivnenko-prng6r1nspq-unsplash_2272x3072.sdr.png	o6	4	20	74681	455.42441999714356	1490.9629999999936	81.406	
2000-unsplash-people	imazen-26-png-v3/png-v3/2000-unsplash-people/2001_people_by-anastasia-pivnenko-prng6r1nspq-unsplash_2272x3072.sdr.png	o6	4	32	40371	603.5547850042349	2028.2619999999838	58.281	
2000-unsplash-people	imazen-26-png-v3/png-v3/2000-unsplash-people/2001_people_by-anastasia-pivnenko-prng6r1nspq-unsplash_2272x3072.sdr.png	o6	4	44	7271	312.84066700027324	1256.2339999999992	18.166	
2000-unsplash-people	imazen-26-png-v3/png-v3/2000-unsplash-people/2001_people_by-anastasia-pivnenko-prng6r1nspq-unsplash_2272x3072.sdr.png	o6	6	20	74491	211.55117399757728	291.84299999998586	79.869	
2000-unsplash-people	imazen-26-png-v3/png-v3/2000-unsplash-people/2001_people_by-anastasia-pivnenko-prng6r1nspq-unsplash_2272x3072.sdr.png	o6	6	32	41924	233.61635699984618	515.4899999999856	59.761	
2000-unsplash-people	imazen-26-png-v3/png-v3/2000-unsplash-people/2001_people_by-anastasia-pivnenko-prng6r1nspq-unsplash_2272x3072.sdr.png	o6	6	44	7892	191.08251300349366	481.04299999999256	18.816	
2000-unsplash-people	imazen-26-png-v3/png-v3/2000-unsplash-people/2001_people_by-anastasia-pivnenko-prng6r1nspq-unsplash_2272x3072.sdr.png	o6	8	20	75160	129.11816099949647	470.48199999999696	78.519	
2000-unsplash-people	imazen-26-png-v3/png-v3/2000-unsplash-people/2001_people_by-anastasia-pivnenko-prng6r1nspq-unsplash_2272x3072.sdr.png	o6	8	32	41923	177.41391700110398	1185.1599999999892	58.038	
2000-unsplash-people	imazen-26-png-v3/png-v3/2000-unsplash-people/2001_people_by-anastasia-pivnenko-prng6r1nspq-unsplash_2272x3072.sdr.png	o6	8	44	8397	106.12973499519285	1057.8549999999893	19.083	
2000-unsplash-people	imazen-26-png-v3/png-v3/2000-unsplash-people/2001_people_by-anastasia-pivnenko-prng6r1nspq-unsplash_2272x3072.sdr.png	o6	10	20	75062	493.5649309918517	126.47000000000475	80.046	
2000-unsplash-people	imazen-26-png-v3/png-v3/2000-unsplash-people/2001_people_by-anastasia-pivnenko-prng6r1nspq-unsplash_2272x3072.sdr.png	o6	10	32	41978	623.2341480063042	199.11799999999857	58.445	
2000-unsplash-people	imazen-26-png-v3/png-v3/2000-unsplash-people/2001_people_by-anastasia-pivnenko-prng6r1nspq-unsplash_2272x3072.sdr.png	o6	10	44	8505	142.1864879957866	257.9720000000094	19.466	
2000-unsplash-people	imazen-26-png-v3/png-v3/2000-unsplash-people/2001_people_by-anastasia-pivnenko-prng6r1nspq-unsplash_2272x3072.sdr.png	o7	4	20	72824	455.1953750051325	1245.6379999999995	80.680	
2000-unsplash-people	imazen-26-png-v3/png-v3/2000-unsplash-people/2001_people_by-anastasia-pivnenko-prng6r1nspq-unsplash_2272x3072.sdr.png	o7	4	32	35956	492.3842889984371	1521.4289999999905	54.281	
2000-unsplash-people	imazen-26-png-v3/png-v3/2000-unsplash-people/2001_people_by-anastasia-pivnenko-prng6r1nspq-unsplash_2272x3072.sdr.png	o7	4	44	6262	352.90236699802335	759.009000000006	15.610	
2000-unsplash-people	imazen-26-png-v3/png-v3/2000-unsplash-people/2001_people_by-anastasia-pivnenko-prng6r1nspq-unsplash_2272x3072.sdr.png	o7	6	20	72643	296.0971709981095	285.9240000000014	79.458	
2000-unsplash-people	imazen-26-png-v3/png-v3/2000-unsplash-people/2001_people_by-anastasia-pivnenko-prng6r1nspq-unsplash_2272x3072.sdr.png	o7	6	32	37221	304.40819398791064	605.3270000000026	56.055	
2000-unsplash-people	imazen-26-png-v3/png-v3/2000-unsplash-people/2001_people_by-anastasia-pivnenko-prng6r1nspq-unsplash_2272x3072.sdr.png	o7	6	44	6888	294.3631279922556	1396.1029999999894	15.973	
2000-unsplash-people	imazen-26-png-v3/png-v3/2000-unsplash-people/2001_people_by-anastasia-pivnenko-prng6r1nspq-unsplash_2272x3072.sdr.png	o7	8	20	73115	206.2977379973745	1510.10500000001	77.951	
2000-unsplash-people	imazen-26-png-v3/png-v3/2000-unsplash-people/2001_people_by-anastasia-pivnenko-prng6r1nspq-unsplash_2272x3072.sdr.png	o7	8	32	36612	205.53994900546968	1282.824000000005	53.796	
2000-unsplash-people	imazen-26-png-v3/png-v3/2000-unsplash-people/2001_people_by-anastasia-pivnenko-prng6r1nspq-unsplash_2272x3072.sdr.png	o7	8	44	7253	221.85495198937133	834.0290000000082	15.990	
2000-unsplash-people	imazen-26-png-v3/png-v3/2000-unsplash-people/2001_people_by-anastasia-pivnenko-prng6r1nspq-unsplash_2272x3072.sdr.png	o7	10	20	73085	188.71038900397252	85.32100000000042	79.425	
2000-unsplash-people	imazen-26-png-v3/png-v3/2000-unsplash-people/2001_people_by-anastasia-pivnenko-prng6r1nspq-unsplash_2272x3072.sdr.png	o7	10	32	36500	583.1722080038162	206.1960000000127	53.957	
2000-unsplash-people	imazen-26-png-v3/png-v3/2000-unsplash-people/2001_people_by-anastasia-pivnenko-prng6r1nspq-unsplash_2272x3072.sdr.png	o7	10	44	7386	525.8633260091301	161.2130000000036	16.351	
2000-unsplash-people	imazen-26-png-v3/png-v3/2000-unsplash-people/2001_people_by-anastasia-pivnenko-prng6r1nspq-unsplash_2272x3072.sdr.png	o8	4	20	70804	506.7609399993671	1072.2469999999973	79.429	
2000-unsplash-people	imazen-26-png-v3/png-v3/2000-unsplash-people/2001_people_by-anastasia-pivnenko-prng6r1nspq-unsplash_2272x3072.sdr.png	o8	4	32	32688	438.49931900331285	1329.1830000000075	51.378	
2000-unsplash-people	imazen-26-png-v3/png-v3/2000-unsplash-people/2001_people_by-anastasia-pivnenko-prng6r1nspq-unsplash_2272x3072.sdr.png	o8	4	44	5456	313.241960000596	336.77000000000845	12.208	
2000-unsplash-people	imazen-26-png-v3/png-v3/2000-unsplash-people/2001_people_by-anastasia-pivnenko-prng6r1nspq-unsplash_2272x3072.sdr.png	o8	6	20	70554	324.8734780063387	433.99000000000143	78.336	
2000-unsplash-people	imazen-26-png-v3/png-v3/2000-unsplash-people/2001_people_by-anastasia-pivnenko-prng6r1nspq-unsplash_2272x3072.sdr.png	o8	6	32	33584	335.26862900180276	595.7790000000002	52.833	
2000-unsplash-people	imazen-26-png-v3/png-v3/2000-unsplash-people/2001_people_by-anastasia-pivnenko-prng6r1nspq-unsplash_2272x3072.sdr.png	o8	6	44	6085	208.42288399580866	1390.4149999999902	12.641	
2000-unsplash-people	imazen-26-png-v3/png-v3/2000-unsplash-people/2001_people_by-anastasia-pivnenko-prng6r1nspq-unsplash_2272x3072.sdr.png	o8	8	20	70363	261.11722299538087	1480.9650000000047	76.302	
2000-unsplash-people	imazen-26-png-v3/png-v3/2000-unsplash-people/2001_people_by-anastasia-pivnenko-prng6r1nspq-unsplash_2272x3072.sdr.png	o8	8	32	32629	187.01568100368604	1007.1410000000114	50.184	
2000-unsplash-people	imazen-26-png-v3/png-v3/2000-unsplash-people/2001_people_by-anastasia-pivnenko-prng6r1nspq-unsplash_2272x3072.sdr.png	o8	8	44	6345	332.3076160013443	1081.2960000000019	12.146	
2000-unsplash-people	imazen-26-png-v3/png-v3/2000-unsplash-people/2001_people_by-anastasia-pivnenko-prng6r1nspq-unsplash_2272x3072.sdr.png	o8	10	20	70909	765.6078309955774	336.77900000001415	78.170	
2000-unsplash-people	imazen-26-png-v3/png-v3/2000-unsplash-people/2001_people_by-anastasia-pivnenko-prng6r1nspq-unsplash_2272x3072.sdr.png	o8	10	32	32615	208.9108700020006	92.72299999998523	50.352	
2000-unsplash-people	imazen-26-png-v3/png-v3/2000-unsplash-people/2001_people_by-anastasia-pivnenko-prng6r1nspq-unsplash_2272x3072.sdr.png	o8	10	44	6500	272.42153001134284	165.3339999999801	12.463	
2000-unsplash-people	imazen-26-png-v3/png-v3/2000-unsplash-people/2001_people_by-anastasia-pivnenko-prng6r1nspq-unsplash_2272x3072.sdr.png	o7ac	4	20	72868	399.57419800339267	450.3520000000094	80.620	
2000-unsplash-people	imazen-26-png-v3/png-v3/2000-unsplash-people/2001_people_by-anastasia-pivnenko-prng6r1nspq-unsplash_2272x3072.sdr.png	o7ac	4	32	36195	477.4055129964836	1105.5210000000102	54.358	
2000-unsplash-people	imazen-26-png-v3/png-v3/2000-unsplash-people/2001_people_by-anastasia-pivnenko-prng6r1nspq-unsplash_2272x3072.sdr.png	o7ac	4	44	6272	470.92220099875703	1694.611000000016	15.227	
2000-unsplash-people	imazen-26-png-v3/png-v3/2000-unsplash-people/2001_people_by-anastasia-pivnenko-prng6r1nspq-unsplash_2272x3072.sdr.png	o7ac	6	20	72645	166.41599099966697	481.96399999999784	79.452	
2000-unsplash-people	imazen-26-png-v3/png-v3/2000-unsplash-people/2001_people_by-anastasia-pivnenko-prng6r1nspq-unsplash_2272x3072.sdr.png	o7ac	6	32	37422	194.30857000406832	1149.070000000016	56.118	
2000-unsplash-people	imazen-26-png-v3/png-v3/2000-unsplash-people/2001_people_by-anastasia-pivnenko-prng6r1nspq-unsplash_2272x3072.sdr.png	o7ac	6	44	6905	136.15735799248796	960.1830000000077	16.086	
2000-unsplash-people	imazen-26-png-v3/png-v3/2000-unsplash-people/2001_people_by-anastasia-pivnenko-prng6r1nspq-unsplash_2272x3072.sdr.png	o7ac	8	20	73114	133.54042900027707	925.4309999999819	77.945	
2000-unsplash-people	imazen-26-png-v3/png-v3/2000-unsplash-people/2001_people_by-anastasia-pivnenko-prng6r1nspq-unsplash_2272x3072.sdr.png	o7ac	8	32	36645	312.09884899726603	542.775000000013	53.803	
2000-unsplash-people	imazen-26-png-v3/png-v3/2000-unsplash-people/2001_people_by-anastasia-pivnenko-prng6r1nspq-unsplash_2272x3072.sdr.png	o7ac	8	44	7253	309.30896099016536	179.5800000000014	15.990	
2000-unsplash-people	imazen-26-png-v3/png-v3/2000-unsplash-people/2001_people_by-anastasia-pivnenko-prng6r1nspq-unsplash_2272x3072.sdr.png	o7ac	10	20	73085	232.61650900531095	87.71800000000951	79.425	
2000-unsplash-people	imazen-26-png-v3/png-v3/2000-unsplash-people/2001_people_by-anastasia-pivnenko-prng6r1nspq-unsplash_2272x3072.sdr.png	o7ac	10	32	36502	329.9247410031967	270.36700000000735	53.963	
2000-unsplash-people	imazen-26-png-v3/png-v3/2000-unsplash-people/2001_people_by-anastasia-pivnenko-prng6r1nspq-unsplash_2272x3072.sdr.png	o7ac	10	44	7386	329.0800160029903	140.1249999999905	16.351	
2200-unsplash-renders	imazen-26-png-v3/png-v3/2200-unsplash-renders/2200_renders_abstract-folded-ribbons_by-a-chosen-soul-moigsaj8te0-unsplash_7680x4320.sdr.png	t1	4	20	10880	448.75129799766	653.6700000000124	72.739	
2200-unsplash-renders	imazen-26-png-v3/png-v3/2200-unsplash-renders/2200_renders_abstract-folded-ribbons_by-a-chosen-soul-moigsaj8te0-unsplash_7680x4320.sdr.png	t1	4	32	4638	356.20760299207177	950.6940000000128	57.361	
2200-unsplash-renders	imazen-26-png-v3/png-v3/2200-unsplash-renders/2200_renders_abstract-folded-ribbons_by-a-chosen-soul-moigsaj8te0-unsplash_7680x4320.sdr.png	t1	4	44	487	406.4967049926054	1223.6309999999976	36.606	
2200-unsplash-renders	imazen-26-png-v3/png-v3/2200-unsplash-renders/2200_renders_abstract-folded-ribbons_by-a-chosen-soul-moigsaj8te0-unsplash_7680x4320.sdr.png	t1	6	20	11556	318.68099799612537	1848.592999999994	72.489	
2200-unsplash-renders	imazen-26-png-v3/png-v3/2200-unsplash-renders/2200_renders_abstract-folded-ribbons_by-a-chosen-soul-moigsaj8te0-unsplash_7680x4320.sdr.png	t1	6	32	5227	284.7601109970128	1521.1380000000077	55.926	
2200-unsplash-renders	imazen-26-png-v3/png-v3/2200-unsplash-renders/2200_renders_abstract-folded-ribbons_by-a-chosen-soul-moigsaj8te0-unsplash_7680x4320.sdr.png	t1	6	44	821	254.04494200483896	1278.9219999999943	35.329	
2200-unsplash-renders	imazen-26-png-v3/png-v3/2200-unsplash-renders/2200_renders_abstract-folded-ribbons_by-a-chosen-soul-moigsaj8te0-unsplash_7680x4320.sdr.png	t1	8	20	11798	330.78385300177615	2475.933000000005	72.407	
2200-unsplash-renders	imazen-26-png-v3/png-v3/2200-unsplash-renders/2200_renders_abstract-folded-ribbons_by-a-chosen-soul-moigsaj8te0-unsplash_7680x4320.sdr.png	t1	8	32	5273	308.03597399790306	1949.514999999984	56.641	
2200-unsplash-renders	imazen-26-png-v3/png-v3/2200-unsplash-renders/2200_renders_abstract-folded-ribbons_by-a-chosen-soul-moigsaj8te0-unsplash_7680x4320.sdr.png	t1	8	44	813	287.6050339982612	2188.1209999999883	33.562	
2200-unsplash-renders	imazen-26-png-v3/png-v3/2200-unsplash-renders/2200_renders_abstract-folded-ribbons_by-a-chosen-soul-moigsaj8te0-unsplash_7680x4320.sdr.png	t1	10	20	11718	267.6364330109209	2588.0070000000046	71.236	
2200-unsplash-renders	imazen-26-png-v3/png-v3/2200-unsplash-renders/2200_renders_abstract-folded-ribbons_by-a-chosen-soul-moigsaj8te0-unsplash_7680x4320.sdr.png	t1	10	32	5084	263.1847089942312	2262.894000000003	56.826	
2200-unsplash-renders	imazen-26-png-v3/png-v3/2200-unsplash-renders/2200_renders_abstract-folded-ribbons_by-a-chosen-soul-moigsaj8te0-unsplash_7680x4320.sdr.png	t1	10	44	830	313.2852010021452	962.8759999999943	34.466	
2200-unsplash-renders	imazen-26-png-v3/png-v3/2200-unsplash-renders/2200_renders_abstract-folded-ribbons_by-a-chosen-soul-moigsaj8te0-unsplash_7680x4320.sdr.png	t3	4	20	14418	396.55076700728387	1129.4700000000048	80.699	
2200-unsplash-renders	imazen-26-png-v3/png-v3/2200-unsplash-renders/2200_renders_abstract-folded-ribbons_by-a-chosen-soul-moigsaj8te0-unsplash_7680x4320.sdr.png	t3	4	32	7331	425.9826189954765	1676.7749999999992	66.969	
2200-unsplash-renders	imazen-26-png-v3/png-v3/2200-unsplash-renders/2200_renders_abstract-folded-ribbons_by-a-chosen-soul-moigsaj8te0-unsplash_7680x4320.sdr.png	t3	4	44	1685	312.7637020079419	537.801999999985	47.166	
2200-unsplash-renders	imazen-26-png-v3/png-v3/2200-unsplash-renders/2200_renders_abstract-folded-ribbons_by-a-chosen-soul-moigsaj8te0-unsplash_7680x4320.sdr.png	t3	6	20	15028	339.01517299818806	1098.3059999999937	81.517	
2200-unsplash-renders	imazen-26-png-v3/png-v3/2200-unsplash-renders/2200_renders_abstract-folded-ribbons_by-a-chosen-soul-moigsaj8te0-unsplash_7680x4320.sdr.png	t3	6	32	8393	284.6457839914365	1613.8349999999946	68.512	
2200-unsplash-renders	imazen-26-png-v3/png-v3/2200-unsplash-renders/2200_renders_abstract-folded-ribbons_by-a-chosen-soul-moigsaj8te0-unsplash_7680x4320.sdr.png	t3	6	44	2134	311.3788610062329	1794.3100000000243	46.952	
2200-unsplash-renders	imazen-26-png-v3/png-v3/2200-unsplash-renders/2200_renders_abstract-folded-ribbons_by-a-chosen-soul-moigsaj8te0-unsplash_7680x4320.sdr.png	t3	8	20	15364	298.925783004961	2031.9740000000195	80.909	
2200-unsplash-renders	imazen-26-png-v3/png-v3/2200-unsplash-renders/2200_renders_abstract-folded-ribbons_by-a-chosen-soul-moigsaj8te0-unsplash_7680x4320.sdr.png	t3	8	32	8804	282.40019000077154	2463.625999999998	68.918	
2200-unsplash-renders	imazen-26-png-v3/png-v3/2200-unsplash-renders/2200_renders_abstract-folded-ribbons_by-a-chosen-soul-moigsaj8te0-unsplash_7680x4320.sdr.png	t3	8	44	2248	292.75854100706056	2951.371999999985	48.171	
2200-unsplash-renders	imazen-26-png-v3/png-v3/2200-unsplash-renders/2200_renders_abstract-folded-ribbons_by-a-chosen-soul-moigsaj8te0-unsplash_7680x4320.sdr.png	t3	10	20	15375	276.4146629924653	2670.600999999998	81.182	
2200-unsplash-renders	imazen-26-png-v3/png-v3/2200-unsplash-renders/2200_renders_abstract-folded-ribbons_by-a-chosen-soul-moigsaj8te0-unsplash_7680x4320.sdr.png	t3	10	32	8853	265.21245900949	2886.2159999999903	68.759	
2200-unsplash-renders	imazen-26-png-v3/png-v3/2200-unsplash-renders/2200_renders_abstract-folded-ribbons_by-a-chosen-soul-moigsaj8te0-unsplash_7680x4320.sdr.png	t3	10	44	2384	271.08778699766845	3088.8150000000037	48.595	
2200-unsplash-renders	imazen-26-png-v3/png-v3/2200-unsplash-renders/2200_renders_abstract-folded-ribbons_by-a-chosen-soul-moigsaj8te0-unsplash_7680x4320.sdr.png	o6	4	20	13853	904.0204930061009	367.6670000000044	79.876	
2200-unsplash-renders	imazen-26-png-v3/png-v3/2200-unsplash-renders/2200_renders_abstract-folded-ribbons_by-a-chosen-soul-moigsaj8te0-unsplash_7680x4320.sdr.png	o6	4	32	6661	514.7134730068501	859.8120000000122	65.822	
2200-unsplash-renders	imazen-26-png-v3/png-v3/2200-unsplash-renders/2200_renders_abstract-folded-ribbons_by-a-chosen-soul-moigsaj8te0-unsplash_7680x4320.sdr.png	o6	4	44	1449	365.4563369927928	871.5689999999938	45.214	
2200-unsplash-renders	imazen-26-png-v3/png-v3/2200-unsplash-renders/2200_renders_abstract-folded-ribbons_by-a-chosen-soul-moigsaj8te0-unsplash_7680x4320.sdr.png	o6	6	20	14448	498.7232359999325	1651.9720000000148	80.948	
2200-unsplash-renders	imazen-26-png-v3/png-v3/2200-unsplash-renders/2200_renders_abstract-folded-ribbons_by-a-chosen-soul-moigsaj8te0-unsplash_7680x4320.sdr.png	o6	6	32	7734	483.2521360076498	2360.789000000011	67.054	
2200-unsplash-renders	imazen-26-png-v3/png-v3/2200-unsplash-renders/2200_renders_abstract-folded-ribbons_by-a-chosen-soul-moigsaj8te0-unsplash_7680x4320.sdr.png	o6	6	44	1876	341.71095400233753	1971.765000000019	46.202	
2200-unsplash-renders	imazen-26-png-v3/png-v3/2200-unsplash-renders/2200_renders_abstract-folded-ribbons_by-a-chosen-soul-moigsaj8te0-unsplash_7680x4320.sdr.png	o6	8	20	14819	372.85739099024795	2630.9430000000093	80.499	
2200-unsplash-renders	imazen-26-png-v3/png-v3/2200-unsplash-renders/2200_renders_abstract-folded-ribbons_by-a-chosen-soul-moigsaj8te0-unsplash_7680x4320.sdr.png	o6	8	32	8040	300.31221600074787	901.6439999999832	67.151	
2200-unsplash-renders	imazen-26-png-v3/png-v3/2200-unsplash-renders/2200_renders_abstract-folded-ribbons_by-a-chosen-soul-moigsaj8te0-unsplash_7680x4320.sdr.png	o6	8	44	1949	367.515697987983	2630.9430000000093	47.007	
2200-unsplash-renders	imazen-26-png-v3/png-v3/2200-unsplash-renders/2200_renders_abstract-folded-ribbons_by-a-chosen-soul-moigsaj8te0-unsplash_7680x4320.sdr.png	o6	10	20	14808	330.78658700105734	1800.9050000000072	80.736	
2200-unsplash-renders	imazen-26-png-v3/png-v3/2200-unsplash-renders/2200_renders_abstract-folded-ribbons_by-a-chosen-soul-moigsaj8te0-unsplash_7680x4320.sdr.png	o6	10	32	8021	314.56965098914225	1770.3640000000007	67.123	
2200-unsplash-renders	imazen-26-png-v3/png-v3/2200-unsplash-renders/2200_renders_abstract-folded-ribbons_by-a-chosen-soul-moigsaj8te0-unsplash_7680x4320.sdr.png	o6	10	44	2071	283.4309470053995	1524.4120000000123	47.108	
2200-unsplash-renders	imazen-26-png-v3/png-v3/2200-unsplash-renders/2200_renders_abstract-folded-ribbons_by-a-chosen-soul-moigsaj8te0-unsplash_7680x4320.sdr.png	o7	4	20	13103	458.7665970029775	302.5820000000081	79.242	
2200-unsplash-renders	imazen-26-png-v3/png-v3/2200-unsplash-renders/2200_renders_abstract-folded-ribbons_by-a-chosen-soul-moigsaj8te0-unsplash_7680x4320.sdr.png	o7	4	32	5796	817.5743980100378	1222.2380000000044	63.837	
2200-unsplash-renders	imazen-26-png-v3/png-v3/2200-unsplash-renders/2200_renders_abstract-folded-ribbons_by-a-chosen-soul-moigsaj8te0-unsplash_7680x4320.sdr.png	o7	4	44	1084	473.5248630022397	339.5089999999925	43.170	
2200-unsplash-renders	imazen-26-png-v3/png-v3/2200-unsplash-renders/2200_renders_abstract-folded-ribbons_by-a-chosen-soul-moigsaj8te0-unsplash_7680x4320.sdr.png	o7	6	20	13722	372.44675200781785	617.8849999999869	80.208	
2200-unsplash-renders	imazen-26-png-v3/png-v3/2200-unsplash-renders/2200_renders_abstract-folded-ribbons_by-a-chosen-soul-moigsaj8te0-unsplash_7680x4320.sdr.png	o7	6	32	6631	511.12780200492125	860.7280000000088	64.153	
2200-unsplash-renders	imazen-26-png-v3/png-v3/2200-unsplash-renders/2200_renders_abstract-folded-ribbons_by-a-chosen-soul-moigsaj8te0-unsplash_7680x4320.sdr.png	o7	6	44	1479	402.6132190047065	1225.3509999999962	44.218	
2200-unsplash-renders	imazen-26-png-v3/png-v3/2200-unsplash-renders/2200_renders_abstract-folded-ribbons_by-a-chosen-soul-moigsaj8te0-unsplash_7680x4320.sdr.png	o7	8	20	14071	433.18767100572586	1220.5249999999878	79.687	
2200-unsplash-renders	imazen-26-png-v3/png-v3/2200-unsplash-renders/2200_renders_abstract-folded-ribbons_by-a-chosen-soul-moigsaj8te0-unsplash_7680x4320.sdr.png	o7	8	32	6786	407.39258500980213	1181.0429999999953	64.151	
2200-unsplash-renders	imazen-26-png-v3/png-v3/2200-unsplash-renders/2200_renders_abstract-folded-ribbons_by-a-chosen-soul-moigsaj8te0-unsplash_7680x4320.sdr.png	o7	8	44	1545	395.5816660018172	1292.189999999991	43.682	
2200-unsplash-renders	imazen-26-png-v3/png-v3/2200-unsplash-renders/2200_renders_abstract-folded-ribbons_by-a-chosen-soul-moigsaj8te0-unsplash_7680x4320.sdr.png	o7	10	20	14006	286.6314749990124	1216.9420000000032	79.901	
2200-unsplash-renders	imazen-26-png-v3/png-v3/2200-unsplash-renders/2200_renders_abstract-folded-ribbons_by-a-chosen-soul-moigsaj8te0-unsplash_7680x4320.sdr.png	o7	10	32	6667	622.7429840073455	1460.3680000000097	63.990	
2200-unsplash-renders	imazen-26-png-v3/png-v3/2200-unsplash-renders/2200_renders_abstract-folded-ribbons_by-a-chosen-soul-moigsaj8te0-unsplash_7680x4320.sdr.png	o7	10	44	1618	349.73965999961365	1237.0419999999954	44.129	
2200-unsplash-renders	imazen-26-png-v3/png-v3/2200-unsplash-renders/2200_renders_abstract-folded-ribbons_by-a-chosen-soul-moigsaj8te0-unsplash_7680x4320.sdr.png	o8	4	20	12579	516.1642470047809	1286.994	78.093	
2200-unsplash-renders	imazen-26-png-v3/png-v3/2200-unsplash-renders/2200_renders_abstract-folded-ribbons_by-a-chosen-soul-moigsaj8te0-unsplash_7680x4320.sdr.png	o8	4	32	5265	596.1472490016604	664.5129999999781	62.033	
2200-unsplash-renders	imazen-26-png-v3/png-v3/2200-unsplash-renders/2200_renders_abstract-folded-ribbons_by-a-chosen-soul-moigsaj8te0-unsplash_7680x4320.sdr.png	o8	4	44	951	464.5611109881429	589.1579999999976	41.827	
2200-unsplash-renders	imazen-26-png-v3/png-v3/2200-unsplash-renders/2200_renders_abstract-folded-ribbons_by-a-chosen-soul-moigsaj8te0-unsplash_7680x4320.sdr.png	o8	6	20	13214	600.2937329903943	1189.3989999999944	79.359	
2200-unsplash-renders	imazen-26-png-v3/png-v3/2200-unsplash-renders/2200_renders_abstract-folded-ribbons_by-a-chosen-soul-moigsaj8te0-unsplash_7680x4320.sdr.png	o8	6	32	6013	329.06016999913845	335.8390000000071	62.416	
2200-unsplash-renders	imazen-26-png-v3/png-v3/2200-unsplash-renders/2200_renders_abstract-folded-ribbons_by-a-chosen-soul-moigsaj8te0-unsplash_7680x4320.sdr.png	o8	6	44	1266	618.7707119970582	812.8080000000111	42.074	
2200-unsplash-renders	imazen-26-png-v3/png-v3/2200-unsplash-renders/2200_renders_abstract-folded-ribbons_by-a-chosen-soul-moigsaj8te0-unsplash_7680x4320.sdr.png	o8	8	20	13482	603.637231994071	1268.3190000000054	79.097	
2200-unsplash-renders	imazen-26-png-v3/png-v3/2200-unsplash-renders/2200_renders_abstract-folded-ribbons_by-a-chosen-soul-moigsaj8te0-unsplash_7680x4320.sdr.png	o8	8	32	6029	371.89491400204133	1001.2220000000057	62.456	
2200-unsplash-renders	imazen-26-png-v3/png-v3/2200-unsplash-renders/2200_renders_abstract-folded-ribbons_by-a-chosen-soul-moigsaj8te0-unsplash_7680x4320.sdr.png	o8	8	44	1330	403.89654600585345	1091.9290000000146	41.641	
2200-unsplash-renders	imazen-26-png-v3/png-v3/2200-unsplash-renders/2200_renders_abstract-folded-ribbons_by-a-chosen-soul-moigsaj8te0-unsplash_7680x4320.sdr.png	o8	10	20	13471	336.93997299997136	375.17299999999665	79.045	
2200-unsplash-renders	imazen-26-png-v3/png-v3/2200-unsplash-renders/2200_renders_abstract-folded-ribbons_by-a-chosen-soul-moigsaj8te0-unsplash_7680x4320.sdr.png	o8	10	32	5986	373.065347012016	705.779000000021	62.351	
2200-unsplash-renders	imazen-26-png-v3/png-v3/2200-unsplash-renders/2200_renders_abstract-folded-ribbons_by-a-chosen-soul-moigsaj8te0-unsplash_7680x4320.sdr.png	o8	10	44	1379	370.64478000684176	936.2100000000027	41.802	
2200-unsplash-renders	imazen-26-png-v3/png-v3/2200-unsplash-renders/2200_renders_abstract-folded-ribbons_by-a-chosen-soul-moigsaj8te0-unsplash_7680x4320.sdr.png	o7ac	4	20	13101	599.0095839952119	1581.5099999999943	79.240	
2200-unsplash-renders	imazen-26-png-v3/png-v3/2200-unsplash-renders/2200_renders_abstract-folded-ribbons_by-a-chosen-soul-moigsaj8te0-unsplash_7680x4320.sdr.png	o7ac	4	32	5773	541.2151099881157	1018.7530000000108	63.713	
2200-unsplash-renders	imazen-26-png-v3/png-v3/2200-unsplash-renders/2200_renders_abstract-folded-ribbons_by-a-chosen-soul-moigsaj8te0-unsplash_7680x4320.sdr.png	o7ac	4	44	1095	457.8636420046678	983.6739999999722	43.205	
2200-unsplash-renders	imazen-26-png-v3/png-v3/2200-unsplash-renders/2200_renders_abstract-folded-ribbons_by-a-chosen-soul-moigsaj8te0-unsplash_7680x4320.sdr.png	o7ac	6	20	13737	505.8911380037898	619.6059999999975	80.181	
2200-unsplash-renders	imazen-26-png-v3/png-v3/2200-unsplash-renders/2200_renders_abstract-folded-ribbons_by-a-chosen-soul-moigsaj8te0-unsplash_7680x4320.sdr.png	o7ac	6	32	6658	419.89290399942547	756.0109999999867	64.223	
2200-unsplash-renders	imazen-26-png-v3/png-v3/2200-unsplash-renders/2200_renders_abstract-folded-ribbons_by-a-chosen-soul-moigsaj8te0-unsplash_7680x4320.sdr.png	o7ac	6	44	1478	345.1518270012457	510.96300000001804	44.015	
2200-unsplash-renders	imazen-26-png-v3/png-v3/2200-unsplash-renders/2200_renders_abstract-folded-ribbons_by-a-chosen-soul-moigsaj8te0-unsplash_7680x4320.sdr.png	o7ac	8	20	14074	354.9350169923855	976.5110000000093	79.688	
2200-unsplash-renders	imazen-26-png-v3/png-v3/2200-unsplash-renders/2200_renders_abstract-folded-ribbons_by-a-chosen-soul-moigsaj8te0-unsplash_7680x4320.sdr.png	o7ac	8	32	6796	459.9036569998134	723.6899999999835	64.152	
2200-unsplash-renders	imazen-26-png-v3/png-v3/2200-unsplash-renders/2200_renders_abstract-folded-ribbons_by-a-chosen-soul-moigsaj8te0-unsplash_7680x4320.sdr.png	o7ac	8	44	1545	410.9878739982378	645.1489999999751	43.682	
2200-unsplash-renders	imazen-26-png-v3/png-v3/2200-unsplash-renders/2200_renders_abstract-folded-ribbons_by-a-chosen-soul-moigsaj8te0-unsplash_7680x4320.sdr.png	o7ac	10	20	14006	446.74652100366075	881.7590000000166	79.901	
2200-unsplash-renders	imazen-26-png-v3/png-v3/2200-unsplash-renders/2200_renders_abstract-folded-ribbons_by-a-chosen-soul-moigsaj8te0-unsplash_7680x4320.sdr.png	o7ac	10	32	6667	570.7817989896284	1309.1309999999794	63.991	
2200-unsplash-renders	imazen-26-png-v3/png-v3/2200-unsplash-renders/2200_renders_abstract-folded-ribbons_by-a-chosen-soul-moigsaj8te0-unsplash_7680x4320.sdr.png	o7ac	10	44	1618	554.8687889968278	1047.8179999999782	44.129	
2200-unsplash-renders	imazen-26-png-v3/png-v3/2200-unsplash-renders/2201_renders_abstract-dark-curves_by-anton-sobotyak-g7ayfxxntva-unsplash_3840x2160.sdr.png	t1	4	20	320	254.80377300118562	537.8449999999759	82.120	
2200-unsplash-renders	imazen-26-png-v3/png-v3/2200-unsplash-renders/2201_renders_abstract-dark-curves_by-anton-sobotyak-g7ayfxxntva-unsplash_3840x2160.sdr.png	t1	4	32	214	162.35827500349842	565.2050000000131	78.284	
2200-unsplash-renders	imazen-26-png-v3/png-v3/2200-unsplash-renders/2201_renders_abstract-dark-curves_by-anton-sobotyak-g7ayfxxntva-unsplash_3840x2160.sdr.png	t1	4	44	142	365.95258899615146	165.66699999999202	68.854	
2200-unsplash-renders	imazen-26-png-v3/png-v3/2200-unsplash-renders/2201_renders_abstract-dark-curves_by-anton-sobotyak-g7ayfxxntva-unsplash_3840x2160.sdr.png	t1	6	20	414	207.51934799773153	87.58600000000172	82.039	
2200-unsplash-renders	imazen-26-png-v3/png-v3/2200-unsplash-renders/2201_renders_abstract-dark-curves_by-anton-sobotyak-g7ayfxxntva-unsplash_3840x2160.sdr.png	t1	6	32	251	299.33944799995515	136.82399999999717	77.433	
2200-unsplash-renders	imazen-26-png-v3/png-v3/2200-unsplash-renders/2201_renders_abstract-dark-curves_by-anton-sobotyak-g7ayfxxntva-unsplash_3840x2160.sdr.png	t1	6	44	151	127.78379699739162	57.78600000002854	67.940	
2200-unsplash-renders	imazen-26-png-v3/png-v3/2200-unsplash-renders/2201_renders_abstract-dark-curves_by-anton-sobotyak-g7ayfxxntva-unsplash_3840x2160.sdr.png	t1	8	20	443	114.0711150073912	49.94300000002028	80.495	
2200-unsplash-renders	imazen-26-png-v3/png-v3/2200-unsplash-renders/2201_renders_abstract-dark-curves_by-anton-sobotyak-g7ayfxxntva-unsplash_3840x2160.sdr.png	t1	8	32	265	333.88117399590556	296.2229999999977	76.651	
2200-unsplash-renders	imazen-26-png-v3/png-v3/2200-unsplash-renders/2201_renders_abstract-dark-curves_by-anton-sobotyak-g7ayfxxntva-unsplash_3840x2160.sdr.png	t1	8	44	148	189.90809300157707	247.76800000000776	65.088	
2200-unsplash-renders	imazen-26-png-v3/png-v3/2200-unsplash-renders/2201_renders_abstract-dark-curves_by-anton-sobotyak-g7ayfxxntva-unsplash_3840x2160.sdr.png	t1	10	20	421	158.65124600532	197.15700000000425	81.429	
2200-unsplash-renders	imazen-26-png-v3/png-v3/2200-unsplash-renders/2201_renders_abstract-dark-curves_by-anton-sobotyak-g7ayfxxntva-unsplash_3840x2160.sdr.png	t1	10	32	263	128.06633301079273	180.55500000001246	76.089	
2200-unsplash-renders	imazen-26-png-v3/png-v3/2200-unsplash-renders/2201_renders_abstract-dark-curves_by-anton-sobotyak-g7ayfxxntva-unsplash_3840x2160.sdr.png	t1	10	44	150	196.6901929990854	278.62000000000364	65.422	
2200-unsplash-renders	imazen-26-png-v3/png-v3/2200-unsplash-renders/2201_renders_abstract-dark-curves_by-anton-sobotyak-g7ayfxxntva-unsplash_3840x2160.sdr.png	t3	4	20	902	243.7169890035875	448.461000000016	87.085	
2200-unsplash-renders	imazen-26-png-v3/png-v3/2200-unsplash-renders/2201_renders_abstract-dark-curves_by-anton-sobotyak-g7ayfxxntva-unsplash_3840x2160.sdr.png	t3	4	32	486	218.2025959918974	381.2780000000089	83.022	
2200-unsplash-renders	imazen-26-png-v3/png-v3/2200-unsplash-renders/2201_renders_abstract-dark-curves_by-anton-sobotyak-g7ayfxxntva-unsplash_3840x2160.sdr.png	t3	4	44	310	307.8317750041606	364.9440000000297	78.850	
2200-unsplash-renders	imazen-26-png-v3/png-v3/2200-unsplash-renders/2201_renders_abstract-dark-curves_by-anton-sobotyak-g7ayfxxntva-unsplash_3840x2160.sdr.png	t3	6	20	1046	214.85222299816087	95.64899999998744	87.212	
2200-unsplash-renders	imazen-26-png-v3/png-v3/2200-unsplash-renders/2201_renders_abstract-dark-curves_by-anton-sobotyak-g7ayfxxntva-unsplash_3840x2160.sdr.png	t3	6	32	606	489.4599149993155	199.78899999998845	83.381	
2200-unsplash-renders	imazen-26-png-v3/png-v3/2200-unsplash-renders/2201_renders_abstract-dark-curves_by-anton-sobotyak-g7ayfxxntva-unsplash_3840x2160.sdr.png	t3	6	44	344	326.54940099746455	54.986000000013746	79.097	
2200-unsplash-renders	imazen-26-png-v3/png-v3/2200-unsplash-renders/2201_renders_abstract-dark-curves_by-anton-sobotyak-g7ayfxxntva-unsplash_3840x2160.sdr.png	t3	8	20	1272	157.77662499749567	148.77799999998587	86.947	
2200-unsplash-renders	imazen-26-png-v3/png-v3/2200-unsplash-renders/2201_renders_abstract-dark-curves_by-anton-sobotyak-g7ayfxxntva-unsplash_3840x2160.sdr.png	t3	8	32	659	417.6838089915691	196.44800000002505	83.092	
2200-unsplash-renders	imazen-26-png-v3/png-v3/2200-unsplash-renders/2201_renders_abstract-dark-curves_by-anton-sobotyak-g7ayfxxntva-unsplash_3840x2160.sdr.png	t3	8	44	384	148.3616850018734	50.67900000002368	80.444	
2200-unsplash-renders	imazen-26-png-v3/png-v3/2200-unsplash-renders/2201_renders_abstract-dark-curves_by-anton-sobotyak-g7ayfxxntva-unsplash_3840x2160.sdr.png	t3	10	20	1083	177.776515003643	140.4059999999845	87.095	
2200-unsplash-renders	imazen-26-png-v3/png-v3/2200-unsplash-renders/2201_renders_abstract-dark-curves_by-anton-sobotyak-g7ayfxxntva-unsplash_3840x2160.sdr.png	t3	10	32	642	147.3706620017765	189.63399999999098	83.743	
2200-unsplash-renders	imazen-26-png-v3/png-v3/2200-unsplash-renders/2201_renders_abstract-dark-curves_by-anton-sobotyak-g7ayfxxntva-unsplash_3840x2160.sdr.png	t3	10	44	389	113.4222729888279	178.83399999999483	80.210	
2200-unsplash-renders	imazen-26-png-v3/png-v3/2200-unsplash-renders/2201_renders_abstract-dark-curves_by-anton-sobotyak-g7ayfxxntva-unsplash_3840x2160.sdr.png	o6	4	20	873	184.73514000652358	190.58999999999315	86.973	
2200-unsplash-renders	imazen-26-png-v3/png-v3/2200-unsplash-renders/2201_renders_abstract-dark-curves_by-anton-sobotyak-g7ayfxxntva-unsplash_3840x2160.sdr.png	o6	4	32	492	339.053967007203	329.65599999999284	83.589	
2200-unsplash-renders	imazen-26-png-v3/png-v3/2200-unsplash-renders/2201_renders_abstract-dark-curves_by-anton-sobotyak-g7ayfxxntva-unsplash_3840x2160.sdr.png	o6	4	44	306	205.48259001225233	158.89899999999102	77.817	
2200-unsplash-renders	imazen-26-png-v3/png-v3/2200-unsplash-renders/2201_renders_abstract-dark-curves_by-anton-sobotyak-g7ayfxxntva-unsplash_3840x2160.sdr.png	o6	6	20	1036	303.20514999039005	357.5559999999882	87.159	
2200-unsplash-renders	imazen-26-png-v3/png-v3/2200-unsplash-renders/2201_renders_abstract-dark-curves_by-anton-sobotyak-g7ayfxxntva-unsplash_3840x2160.sdr.png	o6	6	32	614	256.83004000165965	357.5559999999882	82.733	
2200-unsplash-renders	imazen-26-png-v3/png-v3/2200-unsplash-renders/2201_renders_abstract-dark-curves_by-anton-sobotyak-g7ayfxxntva-unsplash_3840x2160.sdr.png	o6	6	44	354	255.39805099833757	87.79600000001153	78.774	
2200-unsplash-renders	imazen-26-png-v3/png-v3/2200-unsplash-renders/2201_renders_abstract-dark-curves_by-anton-sobotyak-g7ayfxxntva-unsplash_3840x2160.sdr.png	o6	8	20	1240	320.3416120086331	137.63399999999848	86.987	
2200-unsplash-renders	imazen-26-png-v3/png-v3/2200-unsplash-renders/2201_renders_abstract-dark-curves_by-anton-sobotyak-g7ayfxxntva-unsplash_3840x2160.sdr.png	o6	8	32	657	280.71269500651397	104.85300000000564	82.986	
2200-unsplash-renders	imazen-26-png-v3/png-v3/2200-unsplash-renders/2201_renders_abstract-dark-curves_by-anton-sobotyak-g7ayfxxntva-unsplash_3840x2160.sdr.png	o6	8	44	380	190.57280599372461	190.66000000000827	80.345	
2200-unsplash-renders	imazen-26-png-v3/png-v3/2200-unsplash-renders/2201_renders_abstract-dark-curves_by-anton-sobotyak-g7ayfxxntva-unsplash_3840x2160.sdr.png	o6	10	20	1082	159.3519760062918	216.56300000000073	87.055	
2200-unsplash-renders	imazen-26-png-v3/png-v3/2200-unsplash-renders/2201_renders_abstract-dark-curves_by-anton-sobotyak-g7ayfxxntva-unsplash_3840x2160.sdr.png	o6	10	32	639	125.32541799009778	135.2629999999948	83.643	
2200-unsplash-renders	imazen-26-png-v3/png-v3/2200-unsplash-renders/2201_renders_abstract-dark-curves_by-anton-sobotyak-g7ayfxxntva-unsplash_3840x2160.sdr.png	o6	10	44	381	207.75861298898235	232.63900000002025	79.788	
2200-unsplash-renders	imazen-26-png-v3/png-v3/2200-unsplash-renders/2201_renders_abstract-dark-curves_by-anton-sobotyak-g7ayfxxntva-unsplash_3840x2160.sdr.png	o7	4	20	874	378.68966700625606	328.8920000000175	86.876	
2200-unsplash-renders	imazen-26-png-v3/png-v3/2200-unsplash-renders/2201_renders_abstract-dark-curves_by-anton-sobotyak-g7ayfxxntva-unsplash_3840x2160.sdr.png	o7	4	32	496	271.6607250040397	360.77900000000085	83.217	
2200-unsplash-renders	imazen-26-png-v3/png-v3/2200-unsplash-renders/2201_renders_abstract-dark-curves_by-anton-sobotyak-g7ayfxxntva-unsplash_3840x2160.sdr.png	o7	4	44	310	158.61149999545887	360.2559999999855	77.241	
2200-unsplash-renders	imazen-26-png-v3/png-v3/2200-unsplash-renders/2201_renders_abstract-dark-curves_by-anton-sobotyak-g7ayfxxntva-unsplash_3840x2160.sdr.png	o7	6	20	1026	72.15647799603175	136.9709999999884	86.871	
2200-unsplash-renders	imazen-26-png-v3/png-v3/2200-unsplash-renders/2201_renders_abstract-dark-curves_by-anton-sobotyak-g7ayfxxntva-unsplash_3840x2160.sdr.png	o7	6	32	606	158.34575600456446	201.52199999998288	83.344	
2200-unsplash-renders	imazen-26-png-v3/png-v3/2200-unsplash-renders/2201_renders_abstract-dark-curves_by-anton-sobotyak-g7ayfxxntva-unsplash_3840x2160.sdr.png	o7	6	44	343	171.25843699614052	88.28400000000869	78.547	
2200-unsplash-renders	imazen-26-png-v3/png-v3/2200-unsplash-renders/2201_renders_abstract-dark-curves_by-anton-sobotyak-g7ayfxxntva-unsplash_3840x2160.sdr.png	o7	8	20	1254	358.66811600863	172.7560000000068	86.943	
2200-unsplash-renders	imazen-26-png-v3/png-v3/2200-unsplash-renders/2201_renders_abstract-dark-curves_by-anton-sobotyak-g7ayfxxntva-unsplash_3840x2160.sdr.png	o7	8	32	646	401.39345299394336	293.98600000000386	82.788	
2200-unsplash-renders	imazen-26-png-v3/png-v3/2200-unsplash-renders/2201_renders_abstract-dark-curves_by-anton-sobotyak-g7ayfxxntva-unsplash_3840x2160.sdr.png	o7	8	44	364	207.18846000090707	107.41000000000156	79.725	
2200-unsplash-renders	imazen-26-png-v3/png-v3/2200-unsplash-renders/2201_renders_abstract-dark-curves_by-anton-sobotyak-g7ayfxxntva-unsplash_3840x2160.sdr.png	o7	10	20	1063	151.2127089954447	199.64999999998412	86.866	
2200-unsplash-renders	imazen-26-png-v3/png-v3/2200-unsplash-renders/2201_renders_abstract-dark-curves_by-anton-sobotyak-g7ayfxxntva-unsplash_3840x2160.sdr.png	o7	10	32	633	258.2298500055913	289.30800000000545	83.376	
2200-unsplash-renders	imazen-26-png-v3/png-v3/2200-unsplash-renders/2201_renders_abstract-dark-curves_by-anton-sobotyak-g7ayfxxntva-unsplash_3840x2160.sdr.png	o7	10	44	370	327.2995860024821	408.30199999999195	79.215	
2200-unsplash-renders	imazen-26-png-v3/png-v3/2200-unsplash-renders/2201_renders_abstract-dark-curves_by-anton-sobotyak-g7ayfxxntva-unsplash_3840x2160.sdr.png	o8	4	20	855	348.53011299856007	408.30199999999195	86.914	
2200-unsplash-renders	imazen-26-png-v3/png-v3/2200-unsplash-renders/2201_renders_abstract-dark-curves_by-anton-sobotyak-g7ayfxxntva-unsplash_3840x2160.sdr.png	o8	4	32	487	234.89951400551945	395.26599999999235	82.919	
2200-unsplash-renders	imazen-26-png-v3/png-v3/2200-unsplash-renders/2201_renders_abstract-dark-curves_by-anton-sobotyak-g7ayfxxntva-unsplash_3840x2160.sdr.png	o8	4	44	302	158.42560699093156	183.1239999999923	77.685	
2200-unsplash-renders	imazen-26-png-v3/png-v3/2200-unsplash-renders/2201_renders_abstract-dark-curves_by-anton-sobotyak-g7ayfxxntva-unsplash_3840x2160.sdr.png	o8	6	20	1008	123.56541599729098	270.96300000001605	86.884	
2200-unsplash-renders	imazen-26-png-v3/png-v3/2200-unsplash-renders/2201_renders_abstract-dark-curves_by-anton-sobotyak-g7ayfxxntva-unsplash_3840x2160.sdr.png	o8	6	32	600	625.0408179912483	62.10499999998831	83.087	
2200-unsplash-renders	imazen-26-png-v3/png-v3/2200-unsplash-renders/2201_renders_abstract-dark-curves_by-anton-sobotyak-g7ayfxxntva-unsplash_3840x2160.sdr.png	o8	6	44	336	541.6019639960723	90.4029999999807	77.854	
2200-unsplash-renders	imazen-26-png-v3/png-v3/2200-unsplash-renders/2201_renders_abstract-dark-curves_by-anton-sobotyak-g7ayfxxntva-unsplash_3840x2160.sdr.png	o8	8	20	1185	149.14393999788444	243.4070000000048	86.424	
2200-unsplash-renders	imazen-26-png-v3/png-v3/2200-unsplash-renders/2201_renders_abstract-dark-curves_by-anton-sobotyak-g7ayfxxntva-unsplash_3840x2160.sdr.png	o8	8	32	643	168.47921899170615	463.362999999994	82.462	
2200-unsplash-renders	imazen-26-png-v3/png-v3/2200-unsplash-renders/2201_renders_abstract-dark-curves_by-anton-sobotyak-g7ayfxxntva-unsplash_3840x2160.sdr.png	o8	8	44	365	133.2882300048368	430.4560000000066	78.063	
2200-unsplash-renders	imazen-26-png-v3/png-v3/2200-unsplash-renders/2201_renders_abstract-dark-curves_by-anton-sobotyak-g7ayfxxntva-unsplash_3840x2160.sdr.png	o8	10	20	1042	100.6865779927466	266.14500000000874	86.760	
2200-unsplash-renders	imazen-26-png-v3/png-v3/2200-unsplash-renders/2201_renders_abstract-dark-curves_by-anton-sobotyak-g7ayfxxntva-unsplash_3840x2160.sdr.png	o8	10	32	629	153.43319698877167	444.0879999999936	82.935	
2200-unsplash-renders	imazen-26-png-v3/png-v3/2200-unsplash-renders/2201_renders_abstract-dark-curves_by-anton-sobotyak-g7ayfxxntva-unsplash_3840x2160.sdr.png	o8	10	44	365	111.71650400501676	304.9570000000301	78.063	
2200-unsplash-renders	imazen-26-png-v3/png-v3/2200-unsplash-renders/2201_renders_abstract-dark-curves_by-anton-sobotyak-g7ayfxxntva-unsplash_3840x2160.sdr.png	o7ac	4	20	886	122.0276259991806	384.4359999999938	86.898	
2200-unsplash-renders	imazen-26-png-v3/png-v3/2200-unsplash-renders/2201_renders_abstract-dark-curves_by-anton-sobotyak-g7ayfxxntva-unsplash_3840x2160.sdr.png	o7ac	4	32	496	209.42993600328919	387.2609999999881	83.241	
2200-unsplash-renders	imazen-26-png-v3/png-v3/2200-unsplash-renders/2201_renders_abstract-dark-curves_by-anton-sobotyak-g7ayfxxntva-unsplash_3840x2160.sdr.png	o7ac	4	44	310	144.14411599864252	278.34799999998694	77.241	
2200-unsplash-renders	imazen-26-png-v3/png-v3/2200-unsplash-renders/2201_renders_abstract-dark-curves_by-anton-sobotyak-g7ayfxxntva-unsplash_3840x2160.sdr.png	o7ac	6	20	1030	321.899200003827	394.2779999999999	86.951	
2200-unsplash-renders	imazen-26-png-v3/png-v3/2200-unsplash-renders/2201_renders_abstract-dark-curves_by-anton-sobotyak-g7ayfxxntva-unsplash_3840x2160.sdr.png	o7ac	6	32	607	342.42104199074674	163.76099999999383	83.514	
2200-unsplash-renders	imazen-26-png-v3/png-v3/2200-unsplash-renders/2201_renders_abstract-dark-curves_by-anton-sobotyak-g7ayfxxntva-unsplash_3840x2160.sdr.png	o7ac	6	44	343	547.3356730071828	112.5719999999859	78.653	
2200-unsplash-renders	imazen-26-png-v3/png-v3/2200-unsplash-renders/2201_renders_abstract-dark-curves_by-anton-sobotyak-g7ayfxxntva-unsplash_3840x2160.sdr.png	o7ac	8	20	1254	401.6751180024585	88.55099999998828	86.943	
2200-unsplash-renders	imazen-26-png-v3/png-v3/2200-unsplash-renders/2201_renders_abstract-dark-curves_by-anton-sobotyak-g7ayfxxntva-unsplash_3840x2160.sdr.png	o7ac	8	32	646	300.2667590044439	200.40699999998424	82.788	
2200-unsplash-renders	imazen-26-png-v3/png-v3/2200-unsplash-renders/2201_renders_abstract-dark-curves_by-anton-sobotyak-g7ayfxxntva-unsplash_3840x2160.sdr.png	o7ac	8	44	364	172.63417999492958	316.295000000018	79.725	
2200-unsplash-renders	imazen-26-png-v3/png-v3/2200-unsplash-renders/2201_renders_abstract-dark-curves_by-anton-sobotyak-g7ayfxxntva-unsplash_3840x2160.sdr.png	o7ac	10	20	1063	115.0273919920437	164.68499999999864	86.866	
2200-unsplash-renders	imazen-26-png-v3/png-v3/2200-unsplash-renders/2201_renders_abstract-dark-curves_by-anton-sobotyak-g7ayfxxntva-unsplash_3840x2160.sdr.png	o7ac	10	32	633	176.48049398849253	343.6799999999991	83.376	
2200-unsplash-renders	imazen-26-png-v3/png-v3/2200-unsplash-renders/2201_renders_abstract-dark-curves_by-anton-sobotyak-g7ayfxxntva-unsplash_3840x2160.sdr.png	o7ac	10	44	370	81.31667399720754	261.17699999998933	79.215	
2400-unsplash-textures	imazen-26-png-v3/png-v3/2400-unsplash-textures/2404_textures_tree-bark-texture_by-hwang-sanguk-k0tljwrabxg-unsplash_3024x3024.sdr.png	t1	4	20	87024	396.0456670029089	732.7579999999756	81.743	
2400-unsplash-textures	imazen-26-png-v3/png-v3/2400-unsplash-textures/2404_textures_tree-bark-texture_by-hwang-sanguk-k0tljwrabxg-unsplash_3024x3024.sdr.png	t1	4	32	51818	483.215205007582	1303.8429999999862	66.731	
2400-unsplash-textures	imazen-26-png-v3/png-v3/2400-unsplash-textures/2404_textures_tree-bark-texture_by-hwang-sanguk-k0tljwrabxg-unsplash_3024x3024.sdr.png	t1	4	44	16947	376.4642419992015	622.4530000000143	30.544	
2400-unsplash-textures	imazen-26-png-v3/png-v3/2400-unsplash-textures/2404_textures_tree-bark-texture_by-hwang-sanguk-k0tljwrabxg-unsplash_3024x3024.sdr.png	t1	6	20	87842	274.94274800119456	1127.5380000000014	82.218	
2400-unsplash-textures	imazen-26-png-v3/png-v3/2400-unsplash-textures/2404_textures_tree-bark-texture_by-hwang-sanguk-k0tljwrabxg-unsplash_3024x3024.sdr.png	t1	6	32	52488	487.10488200595137	761.0819999999806	66.476	
2400-unsplash-textures	imazen-26-png-v3/png-v3/2400-unsplash-textures/2404_textures_tree-bark-texture_by-hwang-sanguk-k0tljwrabxg-unsplash_3024x3024.sdr.png	t1	6	44	17228	426.39586399309337	348.28600000000165	29.760	
2400-unsplash-textures	imazen-26-png-v3/png-v3/2400-unsplash-textures/2404_textures_tree-bark-texture_by-hwang-sanguk-k0tljwrabxg-unsplash_3024x3024.sdr.png	t1	8	20	88141	186.7599550023442	110.74499999998721	81.923	
2400-unsplash-textures	imazen-26-png-v3/png-v3/2400-unsplash-textures/2404_textures_tree-bark-texture_by-hwang-sanguk-k0tljwrabxg-unsplash_3024x3024.sdr.png	t1	8	32	51020	294.07995998917613	462.9809999999921	64.590	
2400-unsplash-textures	imazen-26-png-v3/png-v3/2400-unsplash-textures/2404_textures_tree-bark-texture_by-hwang-sanguk-k0tljwrabxg-unsplash_3024x3024.sdr.png	t1	8	44	14927	237.64301401388366	334.6119999999999	26.016	
2400-unsplash-textures	imazen-26-png-v3/png-v3/2400-unsplash-textures/2404_textures_tree-bark-texture_by-hwang-sanguk-k0tljwrabxg-unsplash_3024x3024.sdr.png	t1	10	20	87660	311.7382140044356	256.6310000000058	81.458	
2400-unsplash-textures	imazen-26-png-v3/png-v3/2400-unsplash-textures/2404_textures_tree-bark-texture_by-hwang-sanguk-k0tljwrabxg-unsplash_3024x3024.sdr.png	t1	10	32	52980	384.1377939970698	241.34200000002437	64.844	
2400-unsplash-textures	imazen-26-png-v3/png-v3/2400-unsplash-textures/2404_textures_tree-bark-texture_by-hwang-sanguk-k0tljwrabxg-unsplash_3024x3024.sdr.png	t1	10	44	17112	382.3771199968178	177.1489999999929	28.448	
2400-unsplash-textures	imazen-26-png-v3/png-v3/2400-unsplash-textures/2404_textures_tree-bark-texture_by-hwang-sanguk-k0tljwrabxg-unsplash_3024x3024.sdr.png	t3	4	20	85344	908.7094979913672	1519.330999999994	84.207	
2400-unsplash-textures	imazen-26-png-v3/png-v3/2400-unsplash-textures/2404_textures_tree-bark-texture_by-hwang-sanguk-k0tljwrabxg-unsplash_3024x3024.sdr.png	t3	4	32	46213	619.7971109941136	1387.1799999999937	68.362	
2400-unsplash-textures	imazen-26-png-v3/png-v3/2400-unsplash-textures/2404_textures_tree-bark-texture_by-hwang-sanguk-k0tljwrabxg-unsplash_3024x3024.sdr.png	t3	4	44	19058	572.2353290038882	924.3009999999998	40.365	
2400-unsplash-textures	imazen-26-png-v3/png-v3/2400-unsplash-textures/2404_textures_tree-bark-texture_by-hwang-sanguk-k0tljwrabxg-unsplash_3024x3024.sdr.png	t3	6	20	85512	434.411274996819	172.72699999998764	84.391	
2400-unsplash-textures	imazen-26-png-v3/png-v3/2400-unsplash-textures/2404_textures_tree-bark-texture_by-hwang-sanguk-k0tljwrabxg-unsplash_3024x3024.sdr.png	t3	6	32	46724	308.4187299973564	617.7380000000098	68.492	
2400-unsplash-textures	imazen-26-png-v3/png-v3/2400-unsplash-textures/2404_textures_tree-bark-texture_by-hwang-sanguk-k0tljwrabxg-unsplash_3024x3024.sdr.png	t3	6	44	19773	332.0974469970679	667.9779999999909	40.218	
2400-unsplash-textures	imazen-26-png-v3/png-v3/2400-unsplash-textures/2404_textures_tree-bark-texture_by-hwang-sanguk-k0tljwrabxg-unsplash_3024x3024.sdr.png	t3	8	20	86715	236.92528100218624	224.82799999998804	83.796	
2400-unsplash-textures	imazen-26-png-v3/png-v3/2400-unsplash-textures/2404_textures_tree-bark-texture_by-hwang-sanguk-k0tljwrabxg-unsplash_3024x3024.sdr.png	t3	8	32	46948	306.0322279925458	647.088999999994	66.986	
2400-unsplash-textures	imazen-26-png-v3/png-v3/2400-unsplash-textures/2404_textures_tree-bark-texture_by-hwang-sanguk-k0tljwrabxg-unsplash_3024x3024.sdr.png	t3	8	44	20139	249.91803501325194	626.0400000000175	39.141	
2400-unsplash-textures	imazen-26-png-v3/png-v3/2400-unsplash-textures/2404_textures_tree-bark-texture_by-hwang-sanguk-k0tljwrabxg-unsplash_3024x3024.sdr.png	t3	10	20	86458	125.29211500077508	502.41499999998496	83.873	
2400-unsplash-textures	imazen-26-png-v3/png-v3/2400-unsplash-textures/2404_textures_tree-bark-texture_by-hwang-sanguk-k0tljwrabxg-unsplash_3024x3024.sdr.png	t3	10	32	46987	162.35654200136196	251.84500000000298	67.037	
2400-unsplash-textures	imazen-26-png-v3/png-v3/2400-unsplash-textures/2404_textures_tree-bark-texture_by-hwang-sanguk-k0tljwrabxg-unsplash_3024x3024.sdr.png	t3	10	44	20040	154.6002520044567	209.23599999998999	38.677	
2400-unsplash-textures	imazen-26-png-v3/png-v3/2400-unsplash-textures/2404_textures_tree-bark-texture_by-hwang-sanguk-k0tljwrabxg-unsplash_3024x3024.sdr.png	o6	4	20	83551	884.796454993193	516.0070000000089	83.628	
2400-unsplash-textures	imazen-26-png-v3/png-v3/2400-unsplash-textures/2404_textures_tree-bark-texture_by-hwang-sanguk-k0tljwrabxg-unsplash_3024x3024.sdr.png	o6	4	32	44312	762.8944489988498	1162.8849999999816	67.144	
2400-unsplash-textures	imazen-26-png-v3/png-v3/2400-unsplash-textures/2404_textures_tree-bark-texture_by-hwang-sanguk-k0tljwrabxg-unsplash_3024x3024.sdr.png	o6	4	44	18130	503.7746090092696	780.7389999999757	38.055	
2400-unsplash-textures	imazen-26-png-v3/png-v3/2400-unsplash-textures/2404_textures_tree-bark-texture_by-hwang-sanguk-k0tljwrabxg-unsplash_3024x3024.sdr.png	o6	6	20	83807	279.32850700744893	1110.387999999972	83.658	
2400-unsplash-textures	imazen-26-png-v3/png-v3/2400-unsplash-textures/2404_textures_tree-bark-texture_by-hwang-sanguk-k0tljwrabxg-unsplash_3024x3024.sdr.png	o6	6	32	44510	218.89428999566007	1270.2400000000011	67.131	
2400-unsplash-textures	imazen-26-png-v3/png-v3/2400-unsplash-textures/2404_textures_tree-bark-texture_by-hwang-sanguk-k0tljwrabxg-unsplash_3024x3024.sdr.png	o6	6	44	18761	265.95903698762413	929.362999999988	37.397	
2400-unsplash-textures	imazen-26-png-v3/png-v3/2400-unsplash-textures/2404_textures_tree-bark-texture_by-hwang-sanguk-k0tljwrabxg-unsplash_3024x3024.sdr.png	o6	8	20	85002	250.006503003533	594.1659999999943	83.172	
2400-unsplash-textures	imazen-26-png-v3/png-v3/2400-unsplash-textures/2404_textures_tree-bark-texture_by-hwang-sanguk-k0tljwrabxg-unsplash_3024x3024.sdr.png	o6	8	32	44485	221.8796080123866	948.2360000000085	65.655	
2400-unsplash-textures	imazen-26-png-v3/png-v3/2400-unsplash-textures/2404_textures_tree-bark-texture_by-hwang-sanguk-k0tljwrabxg-unsplash_3024x3024.sdr.png	o6	8	44	19102	180.78651200630702	851.6449999999907	36.465	
2400-unsplash-textures	imazen-26-png-v3/png-v3/2400-unsplash-textures/2404_textures_tree-bark-texture_by-hwang-sanguk-k0tljwrabxg-unsplash_3024x3024.sdr.png	o6	10	20	84670	159.98143100296147	640.4969999999963	82.893	
2400-unsplash-textures	imazen-26-png-v3/png-v3/2400-unsplash-textures/2404_textures_tree-bark-texture_by-hwang-sanguk-k0tljwrabxg-unsplash_3024x3024.sdr.png	o6	10	32	44668	255.14140400628094	683.7530000000029	65.850	
2400-unsplash-textures	imazen-26-png-v3/png-v3/2400-unsplash-textures/2404_textures_tree-bark-texture_by-hwang-sanguk-k0tljwrabxg-unsplash_3024x3024.sdr.png	o6	10	44	18985	470.9255780035164	91.27199999999647	35.949	
2400-unsplash-textures	imazen-26-png-v3/png-v3/2400-unsplash-textures/2404_textures_tree-bark-texture_by-hwang-sanguk-k0tljwrabxg-unsplash_3024x3024.sdr.png	o7	4	20	81907	620.7228699931875	571.0450000000051	83.095	
2400-unsplash-textures	imazen-26-png-v3/png-v3/2400-unsplash-textures/2404_textures_tree-bark-texture_by-hwang-sanguk-k0tljwrabxg-unsplash_3024x3024.sdr.png	o7	4	32	43091	427.65334200521465	1068.7870000000146	66.096	
2400-unsplash-textures	imazen-26-png-v3/png-v3/2400-unsplash-textures/2404_textures_tree-bark-texture_by-hwang-sanguk-k0tljwrabxg-unsplash_3024x3024.sdr.png	o7	4	44	17445	663.106316991616	2382.9270000000024	35.953	
2400-unsplash-textures	imazen-26-png-v3/png-v3/2400-unsplash-textures/2404_textures_tree-bark-texture_by-hwang-sanguk-k0tljwrabxg-unsplash_3024x3024.sdr.png	o7	6	20	82149	201.76847699622158	1481.9980000000187	83.061	
2400-unsplash-textures	imazen-26-png-v3/png-v3/2400-unsplash-textures/2404_textures_tree-bark-texture_by-hwang-sanguk-k0tljwrabxg-unsplash_3024x3024.sdr.png	o7	6	32	42669	201.80287200491875	1634.0119999999984	65.509	
2400-unsplash-textures	imazen-26-png-v3/png-v3/2400-unsplash-textures/2404_textures_tree-bark-texture_by-hwang-sanguk-k0tljwrabxg-unsplash_3024x3024.sdr.png	o7	6	44	17843	150.27679200284183	809.9170000000058	35.162	
2400-unsplash-textures	imazen-26-png-v3/png-v3/2400-unsplash-textures/2404_textures_tree-bark-texture_by-hwang-sanguk-k0tljwrabxg-unsplash_3024x3024.sdr.png	o7	8	20	83298	134.69996099593118	643.8069999999741	82.576	
2400-unsplash-textures	imazen-26-png-v3/png-v3/2400-unsplash-textures/2404_textures_tree-bark-texture_by-hwang-sanguk-k0tljwrabxg-unsplash_3024x3024.sdr.png	o7	8	32	42486	115.05283100996166	787.0749999999803	64.388	
2400-unsplash-textures	imazen-26-png-v3/png-v3/2400-unsplash-textures/2404_textures_tree-bark-texture_by-hwang-sanguk-k0tljwrabxg-unsplash_3024x3024.sdr.png	o7	8	44	18227	494.73423000017647	1416.5439999999946	34.067	
2400-unsplash-textures	imazen-26-png-v3/png-v3/2400-unsplash-textures/2404_textures_tree-bark-texture_by-hwang-sanguk-k0tljwrabxg-unsplash_3024x3024.sdr.png	o7	10	20	82917	530.1720080024097	1856.476000000022	82.331	
2400-unsplash-textures	imazen-26-png-v3/png-v3/2400-unsplash-textures/2404_textures_tree-bark-texture_by-hwang-sanguk-k0tljwrabxg-unsplash_3024x3024.sdr.png	o7	10	32	42910	514.5137030049227	1416.5439999999946	64.653	
2400-unsplash-textures	imazen-26-png-v3/png-v3/2400-unsplash-textures/2404_textures_tree-bark-texture_by-hwang-sanguk-k0tljwrabxg-unsplash_3024x3024.sdr.png	o7	10	44	18143	447.12715299101546	761.435999999982	33.722	
2400-unsplash-textures	imazen-26-png-v3/png-v3/2400-unsplash-textures/2404_textures_tree-bark-texture_by-hwang-sanguk-k0tljwrabxg-unsplash_3024x3024.sdr.png	o8	4	20	81587	804.9757429980673	495.61800000002876	82.817	
2400-unsplash-textures	imazen-26-png-v3/png-v3/2400-unsplash-textures/2404_textures_tree-bark-texture_by-hwang-sanguk-k0tljwrabxg-unsplash_3024x3024.sdr.png	o8	4	32	42771	565.6053079874255	846.2519999999997	65.913	
2400-unsplash-textures	imazen-26-png-v3/png-v3/2400-unsplash-textures/2404_textures_tree-bark-texture_by-hwang-sanguk-k0tljwrabxg-unsplash_3024x3024.sdr.png	o8	4	44	17306	547.4799669900676	1506.8669999999784	35.236	
2400-unsplash-textures	imazen-26-png-v3/png-v3/2400-unsplash-textures/2404_textures_tree-bark-texture_by-hwang-sanguk-k0tljwrabxg-unsplash_3024x3024.sdr.png	o8	6	20	81786	326.2418469967088	744.9529999999953	82.899	
2400-unsplash-textures	imazen-26-png-v3/png-v3/2400-unsplash-textures/2404_textures_tree-bark-texture_by-hwang-sanguk-k0tljwrabxg-unsplash_3024x3024.sdr.png	o8	6	32	42432	420.62602599617094	1093.2589999999961	65.306	
2400-unsplash-textures	imazen-26-png-v3/png-v3/2400-unsplash-textures/2404_textures_tree-bark-texture_by-hwang-sanguk-k0tljwrabxg-unsplash_3024x3024.sdr.png	o8	6	44	17670	221.53882200655062	566.7649999999967	34.387	
2400-unsplash-textures	imazen-26-png-v3/png-v3/2400-unsplash-textures/2404_textures_tree-bark-texture_by-hwang-sanguk-k0tljwrabxg-unsplash_3024x3024.sdr.png	o8	8	20	82943	301.51143299008254	1015.5449999999817	82.410	
2400-unsplash-textures	imazen-26-png-v3/png-v3/2400-unsplash-textures/2404_textures_tree-bark-texture_by-hwang-sanguk-k0tljwrabxg-unsplash_3024x3024.sdr.png	o8	8	32	42240	271.61322500614915	1075.9759999999972	64.264	
2400-unsplash-textures	imazen-26-png-v3/png-v3/2400-unsplash-textures/2404_textures_tree-bark-texture_by-hwang-sanguk-k0tljwrabxg-unsplash_3024x3024.sdr.png	o8	8	44	18037	273.57426899834536	887.5500000000045	33.310	
2400-unsplash-textures	imazen-26-png-v3/png-v3/2400-unsplash-textures/2404_textures_tree-bark-texture_by-hwang-sanguk-k0tljwrabxg-unsplash_3024x3024.sdr.png	o8	10	20	82523	157.49331600090954	404.685999999991	82.165	
2400-unsplash-textures	imazen-26-png-v3/png-v3/2400-unsplash-textures/2404_textures_tree-bark-texture_by-hwang-sanguk-k0tljwrabxg-unsplash_3024x3024.sdr.png	o8	10	32	42657	215.92109299672302	476.3329999999897	64.441	
2400-unsplash-textures	imazen-26-png-v3/png-v3/2400-unsplash-textures/2404_textures_tree-bark-texture_by-hwang-sanguk-k0tljwrabxg-unsplash_3024x3024.sdr.png	o8	10	44	17966	209.58347799023613	277.82599999999746	32.849	
2400-unsplash-textures	imazen-26-png-v3/png-v3/2400-unsplash-textures/2404_textures_tree-bark-texture_by-hwang-sanguk-k0tljwrabxg-unsplash_3024x3024.sdr.png	o7ac	4	20	81858	688.3577999979025	821.8000000000175	82.983	
2400-unsplash-textures	imazen-26-png-v3/png-v3/2400-unsplash-textures/2404_textures_tree-bark-texture_by-hwang-sanguk-k0tljwrabxg-unsplash_3024x3024.sdr.png	o7ac	4	32	42895	601.8226470041554	422.7519999999956	65.979	
2400-unsplash-textures	imazen-26-png-v3/png-v3/2400-unsplash-textures/2404_textures_tree-bark-texture_by-hwang-sanguk-k0tljwrabxg-unsplash_3024x3024.sdr.png	o7ac	4	44	17421	517.8099530021427	421.55099999996537	35.829	
2400-unsplash-textures	imazen-26-png-v3/png-v3/2400-unsplash-textures/2404_textures_tree-bark-texture_by-hwang-sanguk-k0tljwrabxg-unsplash_3024x3024.sdr.png	o7ac	6	20	82133	247.20245800563134	558.0339999999921	83.146	
2400-unsplash-textures	imazen-26-png-v3/png-v3/2400-unsplash-textures/2404_textures_tree-bark-texture_by-hwang-sanguk-k0tljwrabxg-unsplash_3024x3024.sdr.png	o7ac	6	32	42847	263.51928399526514	845.2320000000313	65.438	
2400-unsplash-textures	imazen-26-png-v3/png-v3/2400-unsplash-textures/2404_textures_tree-bark-texture_by-hwang-sanguk-k0tljwrabxg-unsplash_3024x3024.sdr.png	o7ac	6	44	17906	257.55743200716097	715.1600000000044	35.130	
2400-unsplash-textures	imazen-26-png-v3/png-v3/2400-unsplash-textures/2404_textures_tree-bark-texture_by-hwang-sanguk-k0tljwrabxg-unsplash_3024x3024.sdr.png	o7ac	8	20	83296	192.2850269911578	500.70700000000556	82.568	
2400-unsplash-textures	imazen-26-png-v3/png-v3/2400-unsplash-textures/2404_textures_tree-bark-texture_by-hwang-sanguk-k0tljwrabxg-unsplash_3024x3024.sdr.png	o7ac	8	32	42508	176.11586100247223	690.0220000000274	64.407	
2400-unsplash-textures	imazen-26-png-v3/png-v3/2400-unsplash-textures/2404_textures_tree-bark-texture_by-hwang-sanguk-k0tljwrabxg-unsplash_3024x3024.sdr.png	o7ac	8	44	18225	123.38296900270507	281.5219999999954	34.037	
2400-unsplash-textures	imazen-26-png-v3/png-v3/2400-unsplash-textures/2404_textures_tree-bark-texture_by-hwang-sanguk-k0tljwrabxg-unsplash_3024x3024.sdr.png	o7ac	10	20	82916	191.5140130004147	721.4249999999893	82.330	
2400-unsplash-textures	imazen-26-png-v3/png-v3/2400-unsplash-textures/2404_textures_tree-bark-texture_by-hwang-sanguk-k0tljwrabxg-unsplash_3024x3024.sdr.png	o7ac	10	32	42908	276.9747069978621	859.8730000000146	64.652	
2400-unsplash-textures	imazen-26-png-v3/png-v3/2400-unsplash-textures/2404_textures_tree-bark-texture_by-hwang-sanguk-k0tljwrabxg-unsplash_3024x3024.sdr.png	o7ac	10	44	18143	234.54984001000412	358.1260000000128	33.722	
2400-unsplash-textures	imazen-26-png-v3/png-v3/2400-unsplash-textures/2407_textures_blue-wabring-threads_by-pawel-czerwinski-kra9zndplra-unsplash_4000x6000.sdr.png	t1	4	20	5604	718.4229259873973	608.0589999999902	66.454	
2400-unsplash-textures	imazen-26-png-v3/png-v3/2400-unsplash-textures/2407_textures_blue-wabring-threads_by-pawel-czerwinski-kra9zndplra-unsplash_4000x6000.sdr.png	t1	4	32	1522	324.71093999629375	294.87500000001177	53.895	
2400-unsplash-textures	imazen-26-png-v3/png-v3/2400-unsplash-textures/2407_textures_blue-wabring-threads_by-pawel-czerwinski-kra9zndplra-unsplash_4000x6000.sdr.png	t1	4	44	757	491.9021330133546	607.8749999999857	27.311	
2400-unsplash-textures	imazen-26-png-v3/png-v3/2400-unsplash-textures/2407_textures_blue-wabring-threads_by-pawel-czerwinski-kra9zndplra-unsplash_4000x6000.sdr.png	t1	6	20	9281	383.50704600452445	773.4279999999956	67.162	
2400-unsplash-textures	imazen-26-png-v3/png-v3/2400-unsplash-textures/2407_textures_blue-wabring-threads_by-pawel-czerwinski-kra9zndplra-unsplash_4000x6000.sdr.png	t1	6	32	2721	309.83334699703846	699.233999999997	53.780	
2400-unsplash-textures	imazen-26-png-v3/png-v3/2400-unsplash-textures/2407_textures_blue-wabring-threads_by-pawel-czerwinski-kra9zndplra-unsplash_4000x6000.sdr.png	t1	6	44	1229	581.7316219909117	1116.3329999999833	24.811	
2400-unsplash-textures	imazen-26-png-v3/png-v3/2400-unsplash-textures/2407_textures_blue-wabring-threads_by-pawel-czerwinski-kra9zndplra-unsplash_4000x6000.sdr.png	t1	8	20	8736	306.5154159994563	228.7369999999953	66.506	
2400-unsplash-textures	imazen-26-png-v3/png-v3/2400-unsplash-textures/2407_textures_blue-wabring-threads_by-pawel-czerwinski-kra9zndplra-unsplash_4000x6000.sdr.png	t1	8	32	2730	347.9162779985927	700.5499999999856	51.727	
2400-unsplash-textures	imazen-26-png-v3/png-v3/2400-unsplash-textures/2407_textures_blue-wabring-threads_by-pawel-czerwinski-kra9zndplra-unsplash_4000x6000.sdr.png	t1	8	44	1200	331.7811570013873	665.6350000000018	21.513	
2400-unsplash-textures	imazen-26-png-v3/png-v3/2400-unsplash-textures/2407_textures_blue-wabring-threads_by-pawel-czerwinski-kra9zndplra-unsplash_4000x6000.sdr.png	t1	10	20	7543	388.36103401263244	808.4180000000032	65.791	
2400-unsplash-textures	imazen-26-png-v3/png-v3/2400-unsplash-textures/2407_textures_blue-wabring-threads_by-pawel-czerwinski-kra9zndplra-unsplash_4000x6000.sdr.png	t1	10	32	2810	266.3534570019692	586.8579999999923	51.498	
2400-unsplash-textures	imazen-26-png-v3/png-v3/2400-unsplash-textures/2407_textures_blue-wabring-threads_by-pawel-czerwinski-kra9zndplra-unsplash_4000x6000.sdr.png	t1	10	44	1209	404.1589349944843	627.9559999999904	20.679	
2400-unsplash-textures	imazen-26-png-v3/png-v3/2400-unsplash-textures/2407_textures_blue-wabring-threads_by-pawel-czerwinski-kra9zndplra-unsplash_4000x6000.sdr.png	t3	4	20	17233	433.650019011111	934.7560000000072	77.981	
2400-unsplash-textures	imazen-26-png-v3/png-v3/2400-unsplash-textures/2407_textures_blue-wabring-threads_by-pawel-czerwinski-kra9zndplra-unsplash_4000x6000.sdr.png	t3	4	32	5586	434.83610200928524	826.1819999999957	66.920	
2400-unsplash-textures	imazen-26-png-v3/png-v3/2400-unsplash-textures/2407_textures_blue-wabring-threads_by-pawel-czerwinski-kra9zndplra-unsplash_4000x6000.sdr.png	t3	4	44	1743	349.9596680048853	856.5949999999987	54.004	
2400-unsplash-textures	imazen-26-png-v3/png-v3/2400-unsplash-textures/2407_textures_blue-wabring-threads_by-pawel-czerwinski-kra9zndplra-unsplash_4000x6000.sdr.png	t3	6	20	20860	365.4036360094324	758.6920000000248	79.077	
2400-unsplash-textures	imazen-26-png-v3/png-v3/2400-unsplash-textures/2407_textures_blue-wabring-threads_by-pawel-czerwinski-kra9zndplra-unsplash_4000x6000.sdr.png	t3	6	32	7585	481.90387499926146	727.4660000000068	67.302	
2400-unsplash-textures	imazen-26-png-v3/png-v3/2400-unsplash-textures/2407_textures_blue-wabring-threads_by-pawel-czerwinski-kra9zndplra-unsplash_4000x6000.sdr.png	t3	6	44	2854	429.90807301248424	456.46899999999135	54.062	
2400-unsplash-textures	imazen-26-png-v3/png-v3/2400-unsplash-textures/2407_textures_blue-wabring-threads_by-pawel-czerwinski-kra9zndplra-unsplash_4000x6000.sdr.png	t3	8	20	21228	482.4341330095194	611.3639999999805	78.968	
2400-unsplash-textures	imazen-26-png-v3/png-v3/2400-unsplash-textures/2407_textures_blue-wabring-threads_by-pawel-czerwinski-kra9zndplra-unsplash_4000x6000.sdr.png	t3	8	32	8642	278.9874189911643	371.4920000000035	67.168	
2400-unsplash-textures	imazen-26-png-v3/png-v3/2400-unsplash-textures/2407_textures_blue-wabring-threads_by-pawel-czerwinski-kra9zndplra-unsplash_4000x6000.sdr.png	t3	8	44	3448	218.02005999779794	395.29999999998466	51.506	
2400-unsplash-textures	imazen-26-png-v3/png-v3/2400-unsplash-textures/2407_textures_blue-wabring-threads_by-pawel-czerwinski-kra9zndplra-unsplash_4000x6000.sdr.png	t3	10	20	22497	265.80881199333817	456.257000000015	79.299	
2400-unsplash-textures	imazen-26-png-v3/png-v3/2400-unsplash-textures/2407_textures_blue-wabring-threads_by-pawel-czerwinski-kra9zndplra-unsplash_4000x6000.sdr.png	t3	10	32	9302	287.28876399691217	518.521999999976	67.744	
2400-unsplash-textures	imazen-26-png-v3/png-v3/2400-unsplash-textures/2407_textures_blue-wabring-threads_by-pawel-czerwinski-kra9zndplra-unsplash_4000x6000.sdr.png	t3	10	44	3516	539.4189490034478	984.7430000000159	51.209	
2400-unsplash-textures	imazen-26-png-v3/png-v3/2400-unsplash-textures/2407_textures_blue-wabring-threads_by-pawel-czerwinski-kra9zndplra-unsplash_4000x6000.sdr.png	o6	4	20	16610	535.850070999004	1040.5099999999904	77.152	
2400-unsplash-textures	imazen-26-png-v3/png-v3/2400-unsplash-textures/2407_textures_blue-wabring-threads_by-pawel-czerwinski-kra9zndplra-unsplash_4000x6000.sdr.png	o6	4	32	5243	395.92122100293636	696.2199999999896	66.260	
2400-unsplash-textures	imazen-26-png-v3/png-v3/2400-unsplash-textures/2407_textures_blue-wabring-threads_by-pawel-czerwinski-kra9zndplra-unsplash_4000x6000.sdr.png	o6	4	44	1641	612.8490659903036	1123.533999999978	52.978	
2400-unsplash-textures	imazen-26-png-v3/png-v3/2400-unsplash-textures/2407_textures_blue-wabring-threads_by-pawel-czerwinski-kra9zndplra-unsplash_4000x6000.sdr.png	o6	6	20	20496	335.3912419988774	835.2750000000028	78.781	
2400-unsplash-textures	imazen-26-png-v3/png-v3/2400-unsplash-textures/2407_textures_blue-wabring-threads_by-pawel-czerwinski-kra9zndplra-unsplash_4000x6000.sdr.png	o6	6	32	7244	330.34350600792095	1043.48599999998	66.814	
2400-unsplash-textures	imazen-26-png-v3/png-v3/2400-unsplash-textures/2407_textures_blue-wabring-threads_by-pawel-czerwinski-kra9zndplra-unsplash_4000x6000.sdr.png	o6	6	44	2748	386.99333599652164	955.8430000000087	53.201	
2400-unsplash-textures	imazen-26-png-v3/png-v3/2400-unsplash-textures/2407_textures_blue-wabring-threads_by-pawel-czerwinski-kra9zndplra-unsplash_4000x6000.sdr.png	o6	8	20	20731	376.535896997666	900.1340000000226	78.684	
2400-unsplash-textures	imazen-26-png-v3/png-v3/2400-unsplash-textures/2407_textures_blue-wabring-threads_by-pawel-czerwinski-kra9zndplra-unsplash_4000x6000.sdr.png	o6	8	32	8282	740.790993993869	627.7340000000322	66.797	
2400-unsplash-textures	imazen-26-png-v3/png-v3/2400-unsplash-textures/2407_textures_blue-wabring-threads_by-pawel-czerwinski-kra9zndplra-unsplash_4000x6000.sdr.png	o6	8	44	3295	518.6643150082091	383.19400000002446	50.307	
2400-unsplash-textures	imazen-26-png-v3/png-v3/2400-unsplash-textures/2407_textures_blue-wabring-threads_by-pawel-czerwinski-kra9zndplra-unsplash_4000x6000.sdr.png	o6	10	20	21996	495.3665920038475	765.5919999999838	79.016	
2400-unsplash-textures	imazen-26-png-v3/png-v3/2400-unsplash-textures/2407_textures_blue-wabring-threads_by-pawel-czerwinski-kra9zndplra-unsplash_4000x6000.sdr.png	o6	10	32	8852	337.98313401348423	359.0509999999796	67.232	
2400-unsplash-textures	imazen-26-png-v3/png-v3/2400-unsplash-textures/2407_textures_blue-wabring-threads_by-pawel-czerwinski-kra9zndplra-unsplash_4000x6000.sdr.png	o6	10	44	3358	317.28487700456753	541.4660000000282	50.130	
2400-unsplash-textures	imazen-26-png-v3/png-v3/2400-unsplash-textures/2407_textures_blue-wabring-threads_by-pawel-czerwinski-kra9zndplra-unsplash_4000x6000.sdr.png	o7	4	20	15825	489.814237007522	1664.0739999999994	76.983	
2400-unsplash-textures	imazen-26-png-v3/png-v3/2400-unsplash-textures/2407_textures_blue-wabring-threads_by-pawel-czerwinski-kra9zndplra-unsplash_4000x6000.sdr.png	o7	4	32	4699	387.89241400081664	903.3599999999922	65.538	
2400-unsplash-textures	imazen-26-png-v3/png-v3/2400-unsplash-textures/2407_textures_blue-wabring-threads_by-pawel-czerwinski-kra9zndplra-unsplash_4000x6000.sdr.png	o7	4	44	1555	340.0065559981158	1285.0070000000073	51.545	
2400-unsplash-textures	imazen-26-png-v3/png-v3/2400-unsplash-textures/2407_textures_blue-wabring-threads_by-pawel-czerwinski-kra9zndplra-unsplash_4000x6000.sdr.png	o7	6	20	19659	335.720967996167	1292.72899999998	78.390	
2400-unsplash-textures	imazen-26-png-v3/png-v3/2400-unsplash-textures/2407_textures_blue-wabring-threads_by-pawel-czerwinski-kra9zndplra-unsplash_4000x6000.sdr.png	o7	6	32	6428	524.8703609977383	1441.6319999999841	65.872	
2400-unsplash-textures	imazen-26-png-v3/png-v3/2400-unsplash-textures/2407_textures_blue-wabring-threads_by-pawel-czerwinski-kra9zndplra-unsplash_4000x6000.sdr.png	o7	6	44	2524	512.3351250076666	702.6780000000059	51.082	
2400-unsplash-textures	imazen-26-png-v3/png-v3/2400-unsplash-textures/2407_textures_blue-wabring-threads_by-pawel-czerwinski-kra9zndplra-unsplash_4000x6000.sdr.png	o7	8	20	19921	321.79060400812887	266.9090000000054	78.112	
2400-unsplash-textures	imazen-26-png-v3/png-v3/2400-unsplash-textures/2407_textures_blue-wabring-threads_by-pawel-czerwinski-kra9zndplra-unsplash_4000x6000.sdr.png	o7	8	32	7495	673.4664910036372	824.7169999999926	65.690	
2400-unsplash-textures	imazen-26-png-v3/png-v3/2400-unsplash-textures/2407_textures_blue-wabring-threads_by-pawel-czerwinski-kra9zndplra-unsplash_4000x6000.sdr.png	o7	8	44	3032	369.2145039967727	418.9079999999876	48.018	
2400-unsplash-textures	imazen-26-png-v3/png-v3/2400-unsplash-textures/2407_textures_blue-wabring-threads_by-pawel-czerwinski-kra9zndplra-unsplash_4000x6000.sdr.png	o7	10	20	21234	507.46788301330525	600.8039999999966	78.574	
2400-unsplash-textures	imazen-26-png-v3/png-v3/2400-unsplash-textures/2407_textures_blue-wabring-threads_by-pawel-czerwinski-kra9zndplra-unsplash_4000x6000.sdr.png	o7	10	32	8001	569.702569002402	357.28000000000293	65.865	
2400-unsplash-textures	imazen-26-png-v3/png-v3/2400-unsplash-textures/2407_textures_blue-wabring-threads_by-pawel-czerwinski-kra9zndplra-unsplash_4000x6000.sdr.png	o7	10	44	3088	433.1672419939423	578.8530000000094	48.199	
2400-unsplash-textures	imazen-26-png-v3/png-v3/2400-unsplash-textures/2407_textures_blue-wabring-threads_by-pawel-czerwinski-kra9zndplra-unsplash_4000x6000.sdr.png	o8	4	20	15194	377.83959400258027	915.554999999955	76.375	
2400-unsplash-textures	imazen-26-png-v3/png-v3/2400-unsplash-textures/2407_textures_blue-wabring-threads_by-pawel-czerwinski-kra9zndplra-unsplash_4000x6000.sdr.png	o8	4	32	4328	304.14614599430934	1318.9629999999825	64.885	
2400-unsplash-textures	imazen-26-png-v3/png-v3/2400-unsplash-textures/2407_textures_blue-wabring-threads_by-pawel-czerwinski-kra9zndplra-unsplash_4000x6000.sdr.png	o8	4	44	1542	243.4300839959178	1035.1020000000233	50.049	
2400-unsplash-textures	imazen-26-png-v3/png-v3/2400-unsplash-textures/2407_textures_blue-wabring-threads_by-pawel-czerwinski-kra9zndplra-unsplash_4000x6000.sdr.png	o8	6	20	18817	293.13099800492637	1502.6450000000011	77.829	
2400-unsplash-textures	imazen-26-png-v3/png-v3/2400-unsplash-textures/2407_textures_blue-wabring-threads_by-pawel-czerwinski-kra9zndplra-unsplash_4000x6000.sdr.png	o8	6	32	5836	267.68916299624834	1458.2329999999642	64.946	
2400-unsplash-textures	imazen-26-png-v3/png-v3/2400-unsplash-textures/2407_textures_blue-wabring-threads_by-pawel-czerwinski-kra9zndplra-unsplash_4000x6000.sdr.png	o8	6	44	2396	231.75634500512388	1256.7749999999905	48.715	
2400-unsplash-textures	imazen-26-png-v3/png-v3/2400-unsplash-textures/2407_textures_blue-wabring-threads_by-pawel-czerwinski-kra9zndplra-unsplash_4000x6000.sdr.png	o8	8	20	19218	292.65199799556285	1617.9900000000132	77.774	
2400-unsplash-textures	imazen-26-png-v3/png-v3/2400-unsplash-textures/2407_textures_blue-wabring-threads_by-pawel-czerwinski-kra9zndplra-unsplash_4000x6000.sdr.png	o8	8	32	6870	338.1462940014899	1802.710999999981	64.662	
2400-unsplash-textures	imazen-26-png-v3/png-v3/2400-unsplash-textures/2407_textures_blue-wabring-threads_by-pawel-czerwinski-kra9zndplra-unsplash_4000x6000.sdr.png	o8	8	44	2874	835.3776169969933	384.2109999999863	46.376	
2400-unsplash-textures	imazen-26-png-v3/png-v3/2400-unsplash-textures/2407_textures_blue-wabring-threads_by-pawel-czerwinski-kra9zndplra-unsplash_4000x6000.sdr.png	o8	10	20	20439	761.0827380121918	206.29500000001144	78.054	
2400-unsplash-textures	imazen-26-png-v3/png-v3/2400-unsplash-textures/2407_textures_blue-wabring-threads_by-pawel-czerwinski-kra9zndplra-unsplash_4000x6000.sdr.png	o8	10	32	7315	249.42440701124724	570.557000000015	64.658	
2400-unsplash-textures	imazen-26-png-v3/png-v3/2400-unsplash-textures/2407_textures_blue-wabring-threads_by-pawel-czerwinski-kra9zndplra-unsplash_4000x6000.sdr.png	o8	10	44	2933	233.36699401261285	310.9569999999948	46.499	
2400-unsplash-textures	imazen-26-png-v3/png-v3/2400-unsplash-textures/2407_textures_blue-wabring-threads_by-pawel-czerwinski-kra9zndplra-unsplash_4000x6000.sdr.png	o7ac	4	20	15783	407.78221598884556	842.275000000015	76.860	
2400-unsplash-textures	imazen-26-png-v3/png-v3/2400-unsplash-textures/2407_textures_blue-wabring-threads_by-pawel-czerwinski-kra9zndplra-unsplash_4000x6000.sdr.png	o7ac	4	32	4749	405.8597550028935	1101.538000000019	65.700	
2400-unsplash-textures	imazen-26-png-v3/png-v3/2400-unsplash-textures/2407_textures_blue-wabring-threads_by-pawel-czerwinski-kra9zndplra-unsplash_4000x6000.sdr.png	o7ac	4	44	1568	288.2730020064628	1476.192999999995	51.757	
2400-unsplash-textures	imazen-26-png-v3/png-v3/2400-unsplash-textures/2407_textures_blue-wabring-threads_by-pawel-czerwinski-kra9zndplra-unsplash_4000x6000.sdr.png	o7ac	6	20	19686	270.1993089867756	1443.5410000000034	78.364	
2400-unsplash-textures	imazen-26-png-v3/png-v3/2400-unsplash-textures/2407_textures_blue-wabring-threads_by-pawel-czerwinski-kra9zndplra-unsplash_4000x6000.sdr.png	o7ac	6	32	6477	254.9701990064932	1246.218000000006	65.886	
2400-unsplash-textures	imazen-26-png-v3/png-v3/2400-unsplash-textures/2407_textures_blue-wabring-threads_by-pawel-czerwinski-kra9zndplra-unsplash_4000x6000.sdr.png	o7ac	6	44	2524	285.86583099968266	1482.8080000000127	51.050	
2400-unsplash-textures	imazen-26-png-v3/png-v3/2400-unsplash-textures/2407_textures_blue-wabring-threads_by-pawel-czerwinski-kra9zndplra-unsplash_4000x6000.sdr.png	o7ac	8	20	19914	630.8407930046087	1609.1199999999901	78.104	
2400-unsplash-textures	imazen-26-png-v3/png-v3/2400-unsplash-textures/2407_textures_blue-wabring-threads_by-pawel-czerwinski-kra9zndplra-unsplash_4000x6000.sdr.png	o7ac	8	32	7495	334.01920599862933	239.2330000000129	65.692	
2400-unsplash-textures	imazen-26-png-v3/png-v3/2400-unsplash-textures/2407_textures_blue-wabring-threads_by-pawel-czerwinski-kra9zndplra-unsplash_4000x6000.sdr.png	o7ac	8	44	3032	898.6188849958126	821.9449999999995	48.018	
2400-unsplash-textures	imazen-26-png-v3/png-v3/2400-unsplash-textures/2407_textures_blue-wabring-threads_by-pawel-czerwinski-kra9zndplra-unsplash_4000x6000.sdr.png	o7ac	10	20	21234	407.0682890014723	410.9160000000003	78.574	
2400-unsplash-textures	imazen-26-png-v3/png-v3/2400-unsplash-textures/2407_textures_blue-wabring-threads_by-pawel-czerwinski-kra9zndplra-unsplash_4000x6000.sdr.png	o7ac	10	32	8001	277.2956160042668	294.16899999998947	65.865	
2400-unsplash-textures	imazen-26-png-v3/png-v3/2400-unsplash-textures/2407_textures_blue-wabring-threads_by-pawel-czerwinski-kra9zndplra-unsplash_4000x6000.sdr.png	o7ac	10	44	3088	443.0547390074935	510.73000000000235	48.199	
3000-art-institute-of-chicago-photos	imazen-26-png-v3/png-v3/3000-art-institute-of-chicago-photos/3001_aic_self-portrait_11_4000x5226.sdr.png	t1	4	20	12155	477.4407900113147	803.4390000000116	59.190	
3000-art-institute-of-chicago-photos	imazen-26-png-v3/png-v3/3000-art-institute-of-chicago-photos/3001_aic_self-portrait_11_4000x5226.sdr.png	t1	4	32	3056	463.76673300983384	1117.4500000000194	26.444	
3000-art-institute-of-chicago-photos	imazen-26-png-v3/png-v3/3000-art-institute-of-chicago-photos/3001_aic_self-portrait_11_4000x5226.sdr.png	t1	4	44	643	370.7635360042332	825.1750000000015	-5.675	
3000-art-institute-of-chicago-photos	imazen-26-png-v3/png-v3/3000-art-institute-of-chicago-photos/3001_aic_self-portrait_11_4000x5226.sdr.png	t1	6	20	12594	242.071123997448	1241.5409999999908	60.520	
3000-art-institute-of-chicago-photos	imazen-26-png-v3/png-v3/3000-art-institute-of-chicago-photos/3001_aic_self-portrait_11_4000x5226.sdr.png	t1	6	32	3378	329.99240899516735	1608.1459999999906	26.729	
3000-art-institute-of-chicago-photos	imazen-26-png-v3/png-v3/3000-art-institute-of-chicago-photos/3001_aic_self-portrait_11_4000x5226.sdr.png	t1	6	44	671	243.7191119970521	1350.5559999999832	-5.613	
3000-art-institute-of-chicago-photos	imazen-26-png-v3/png-v3/3000-art-institute-of-chicago-photos/3001_aic_self-portrait_11_4000x5226.sdr.png	t1	8	20	11702	199.89281499874778	888.8009999999795	58.960	
3000-art-institute-of-chicago-photos	imazen-26-png-v3/png-v3/3000-art-institute-of-chicago-photos/3001_aic_self-portrait_11_4000x5226.sdr.png	t1	8	32	3294	522.1752129873494	392.20400000001376	26.204	
3000-art-institute-of-chicago-photos	imazen-26-png-v3/png-v3/3000-art-institute-of-chicago-photos/3001_aic_self-portrait_11_4000x5226.sdr.png	t1	8	44	693	449.69793599739205	353.23599999998834	-5.350	
3000-art-institute-of-chicago-photos	imazen-26-png-v3/png-v3/3000-art-institute-of-chicago-photos/3001_aic_self-portrait_11_4000x5226.sdr.png	t1	10	20	11708	213.47685100045055	191.48799999999255	58.480	
3000-art-institute-of-chicago-photos	imazen-26-png-v3/png-v3/3000-art-institute-of-chicago-photos/3001_aic_self-portrait_11_4000x5226.sdr.png	t1	10	32	3093	355.8520080114249	421.5979999999959	24.941	
3000-art-institute-of-chicago-photos	imazen-26-png-v3/png-v3/3000-art-institute-of-chicago-photos/3001_aic_self-portrait_11_4000x5226.sdr.png	t1	10	44	653	254.74988100177143	342.7330000000097	-5.897	
3000-art-institute-of-chicago-photos	imazen-26-png-v3/png-v3/3000-art-institute-of-chicago-photos/3001_aic_self-portrait_11_4000x5226.sdr.png	t3	4	20	26360	398.4297550050542	702.3820000000001	76.115	
3000-art-institute-of-chicago-photos	imazen-26-png-v3/png-v3/3000-art-institute-of-chicago-photos/3001_aic_self-portrait_11_4000x5226.sdr.png	t3	4	32	13705	383.79144499776885	1108.163999999995	63.363	
3000-art-institute-of-chicago-photos	imazen-26-png-v3/png-v3/3000-art-institute-of-chicago-photos/3001_aic_self-portrait_11_4000x5226.sdr.png	t3	4	44	3817	312.0013340085279	450.3649999999979	31.500	
3000-art-institute-of-chicago-photos	imazen-26-png-v3/png-v3/3000-art-institute-of-chicago-photos/3001_aic_self-portrait_11_4000x5226.sdr.png	t3	6	20	27040	296.5501609869534	450.3649999999979	76.185	
3000-art-institute-of-chicago-photos	imazen-26-png-v3/png-v3/3000-art-institute-of-chicago-photos/3001_aic_self-portrait_11_4000x5226.sdr.png	t3	6	32	14564	497.94709199341014	743.8780000000022	63.609	
3000-art-institute-of-chicago-photos	imazen-26-png-v3/png-v3/3000-art-institute-of-chicago-photos/3001_aic_self-portrait_11_4000x5226.sdr.png	t3	6	44	4075	308.9337879937375	461.83500000000066	32.019	
3000-art-institute-of-chicago-photos	imazen-26-png-v3/png-v3/3000-art-institute-of-chicago-photos/3001_aic_self-portrait_11_4000x5226.sdr.png	t3	8	20	27853	258.7005940004019	464.8300000000063	76.115	
3000-art-institute-of-chicago-photos	imazen-26-png-v3/png-v3/3000-art-institute-of-chicago-photos/3001_aic_self-portrait_11_4000x5226.sdr.png	t3	8	32	15205	304.1800500068348	873.3400000000061	64.488	
3000-art-institute-of-chicago-photos	imazen-26-png-v3/png-v3/3000-art-institute-of-chicago-photos/3001_aic_self-portrait_11_4000x5226.sdr.png	t3	8	44	4273	390.56367699231487	1144.0490000000239	32.687	
3000-art-institute-of-chicago-photos	imazen-26-png-v3/png-v3/3000-art-institute-of-chicago-photos/3001_aic_self-portrait_11_4000x5226.sdr.png	t3	10	20	27690	354.10573199624196	967.552000000012	75.874	
3000-art-institute-of-chicago-photos	imazen-26-png-v3/png-v3/3000-art-institute-of-chicago-photos/3001_aic_self-portrait_11_4000x5226.sdr.png	t3	10	32	15227	359.66753400862217	1144.0490000000239	64.330	
3000-art-institute-of-chicago-photos	imazen-26-png-v3/png-v3/3000-art-institute-of-chicago-photos/3001_aic_self-portrait_11_4000x5226.sdr.png	t3	10	44	4287	247.18323099659756	729.8180000000016	32.718	
3000-art-institute-of-chicago-photos	imazen-26-png-v3/png-v3/3000-art-institute-of-chicago-photos/3001_aic_self-portrait_11_4000x5226.sdr.png	o6	4	20	26026	488.8702349999221	392.2049999999899	75.835	
3000-art-institute-of-chicago-photos	imazen-26-png-v3/png-v3/3000-art-institute-of-chicago-photos/3001_aic_self-portrait_11_4000x5226.sdr.png	o6	4	32	13516	535.1186119951308	660.3560000000143	62.836	
3000-art-institute-of-chicago-photos	imazen-26-png-v3/png-v3/3000-art-institute-of-chicago-photos/3001_aic_self-portrait_11_4000x5226.sdr.png	o6	4	44	3583	753.3589810045669	862.2779999999821	29.986	
3000-art-institute-of-chicago-photos	imazen-26-png-v3/png-v3/3000-art-institute-of-chicago-photos/3001_aic_self-portrait_11_4000x5226.sdr.png	o6	6	20	26632	823.6916449968703	1125.2719999999954	76.129	
3000-art-institute-of-chicago-photos	imazen-26-png-v3/png-v3/3000-art-institute-of-chicago-photos/3001_aic_self-portrait_11_4000x5226.sdr.png	o6	6	32	14360	388.20774300256744	514.2419999999888	63.628	
3000-art-institute-of-chicago-photos	imazen-26-png-v3/png-v3/3000-art-institute-of-chicago-photos/3001_aic_self-portrait_11_4000x5226.sdr.png	o6	6	44	3845	266.3457919989014	541.7440000000156	30.661	
3000-art-institute-of-chicago-photos	imazen-26-png-v3/png-v3/3000-art-institute-of-chicago-photos/3001_aic_self-portrait_11_4000x5226.sdr.png	o6	8	20	27538	332.28979200066533	722.9620000000168	75.886	
3000-art-institute-of-chicago-photos	imazen-26-png-v3/png-v3/3000-art-institute-of-chicago-photos/3001_aic_self-portrait_11_4000x5226.sdr.png	o6	8	32	14998	271.82623000408057	691.0419999999888	64.174	
3000-art-institute-of-chicago-photos	imazen-26-png-v3/png-v3/3000-art-institute-of-chicago-photos/3001_aic_self-portrait_11_4000x5226.sdr.png	o6	8	44	4019	358.5320470010629	1150.9750000000097	31.167	
3000-art-institute-of-chicago-photos	imazen-26-png-v3/png-v3/3000-art-institute-of-chicago-photos/3001_aic_self-portrait_11_4000x5226.sdr.png	o6	10	20	27298	243.51058700995054	770.2349999999853	75.558	
3000-art-institute-of-chicago-photos	imazen-26-png-v3/png-v3/3000-art-institute-of-chicago-photos/3001_aic_self-portrait_11_4000x5226.sdr.png	o6	10	32	15014	329.95261398900766	1117.8139999999814	63.960	
3000-art-institute-of-chicago-photos	imazen-26-png-v3/png-v3/3000-art-institute-of-chicago-photos/3001_aic_self-portrait_11_4000x5226.sdr.png	o6	10	44	4034	288.57287199934945	611.0510000000033	31.164	
3000-art-institute-of-chicago-photos	imazen-26-png-v3/png-v3/3000-art-institute-of-chicago-photos/3001_aic_self-portrait_11_4000x5226.sdr.png	o7	4	20	25278	342.7311810082756	547.9260000000039	75.405	
3000-art-institute-of-chicago-photos	imazen-26-png-v3/png-v3/3000-art-institute-of-chicago-photos/3001_aic_self-portrait_11_4000x5226.sdr.png	o7	4	32	12787	563.1161109922687	822.0099999999989	61.339	
3000-art-institute-of-chicago-photos	imazen-26-png-v3/png-v3/3000-art-institute-of-chicago-photos/3001_aic_self-portrait_11_4000x5226.sdr.png	o7	4	44	3227	588.5639569896739	1064.4260000000118	27.664	
3000-art-institute-of-chicago-photos	imazen-26-png-v3/png-v3/3000-art-institute-of-chicago-photos/3001_aic_self-portrait_11_4000x5226.sdr.png	o7	6	20	25983	426.9066139968345	790.025	75.487	
3000-art-institute-of-chicago-photos	imazen-26-png-v3/png-v3/3000-art-institute-of-chicago-photos/3001_aic_self-portrait_11_4000x5226.sdr.png	o7	6	32	13578	444.926704003592	268.72799999999586	62.124	
3000-art-institute-of-chicago-photos	imazen-26-png-v3/png-v3/3000-art-institute-of-chicago-photos/3001_aic_self-portrait_11_4000x5226.sdr.png	o7	6	44	3463	369.287533001625	483.3049999999659	27.842	
3000-art-institute-of-chicago-photos	imazen-26-png-v3/png-v3/3000-art-institute-of-chicago-photos/3001_aic_self-portrait_11_4000x5226.sdr.png	o7	8	20	26780	258.0784119927557	692.4530000000075	75.385	
3000-art-institute-of-chicago-photos	imazen-26-png-v3/png-v3/3000-art-institute-of-chicago-photos/3001_aic_self-portrait_11_4000x5226.sdr.png	o7	8	32	14140	230.14502500882372	477.61000000000564	62.910	
3000-art-institute-of-chicago-photos	imazen-26-png-v3/png-v3/3000-art-institute-of-chicago-photos/3001_aic_self-portrait_11_4000x5226.sdr.png	o7	8	44	3629	370.8496089966502	1057.883000000011	28.599	
3000-art-institute-of-chicago-photos	imazen-26-png-v3/png-v3/3000-art-institute-of-chicago-photos/3001_aic_self-portrait_11_4000x5226.sdr.png	o7	10	20	26637	242.09672199503984	613.4500000000216	75.101	
3000-art-institute-of-chicago-photos	imazen-26-png-v3/png-v3/3000-art-institute-of-chicago-photos/3001_aic_self-portrait_11_4000x5226.sdr.png	o7	10	32	14244	247.6273950014729	826.486999999993	62.625	
3000-art-institute-of-chicago-photos	imazen-26-png-v3/png-v3/3000-art-institute-of-chicago-photos/3001_aic_self-portrait_11_4000x5226.sdr.png	o7	10	44	3628	431.850402004784	1018.652000000003	28.733	
3000-art-institute-of-chicago-photos	imazen-26-png-v3/png-v3/3000-art-institute-of-chicago-photos/3001_aic_self-portrait_11_4000x5226.sdr.png	o8	4	20	24454	337.78630099550355	920.6980000000016	74.725	
3000-art-institute-of-chicago-photos	imazen-26-png-v3/png-v3/3000-art-institute-of-chicago-photos/3001_aic_self-portrait_11_4000x5226.sdr.png	o8	4	32	12009	625.908776986762	1089.2330000000002	59.844	
3000-art-institute-of-chicago-photos	imazen-26-png-v3/png-v3/3000-art-institute-of-chicago-photos/3001_aic_self-portrait_11_4000x5226.sdr.png	o8	4	44	2755	486.63996999675874	896.1690000000004	23.322	
3000-art-institute-of-chicago-photos	imazen-26-png-v3/png-v3/3000-art-institute-of-chicago-photos/3001_aic_self-portrait_11_4000x5226.sdr.png	o8	6	20	25109	640.6957680010237	1035.9100000000153	75.122	
3000-art-institute-of-chicago-photos	imazen-26-png-v3/png-v3/3000-art-institute-of-chicago-photos/3001_aic_self-portrait_11_4000x5226.sdr.png	o8	6	32	12804	237.88923099345993	237.9940000000147	60.692	
3000-art-institute-of-chicago-photos	imazen-26-png-v3/png-v3/3000-art-institute-of-chicago-photos/3001_aic_self-portrait_11_4000x5226.sdr.png	o8	6	44	2955	257.9599370073993	489.29300000001774	24.032	
3000-art-institute-of-chicago-photos	imazen-26-png-v3/png-v3/3000-art-institute-of-chicago-photos/3001_aic_self-portrait_11_4000x5226.sdr.png	o8	8	20	25955	449.1806930018356	662.6420000000053	74.742	
3000-art-institute-of-chicago-photos	imazen-26-png-v3/png-v3/3000-art-institute-of-chicago-photos/3001_aic_self-portrait_11_4000x5226.sdr.png	o8	8	32	13362	299.9317020003218	443.733000000023	61.225	
3000-art-institute-of-chicago-photos	imazen-26-png-v3/png-v3/3000-art-institute-of-chicago-photos/3001_aic_self-portrait_11_4000x5226.sdr.png	o8	8	44	3053	512.7347349916818	624.009000000008	24.646	
3000-art-institute-of-chicago-photos	imazen-26-png-v3/png-v3/3000-art-institute-of-chicago-photos/3001_aic_self-portrait_11_4000x5226.sdr.png	o8	10	20	25826	383.6500470060855	429.4170000000008	74.462	
3000-art-institute-of-chicago-photos	imazen-26-png-v3/png-v3/3000-art-institute-of-chicago-photos/3001_aic_self-portrait_11_4000x5226.sdr.png	o8	10	32	13404	392.832384997746	599.8380000000268	60.825	
3000-art-institute-of-chicago-photos	imazen-26-png-v3/png-v3/3000-art-institute-of-chicago-photos/3001_aic_self-portrait_11_4000x5226.sdr.png	o8	10	44	3057	233.9220279973233	282.7489999999955	24.862	
3000-art-institute-of-chicago-photos	imazen-26-png-v3/png-v3/3000-art-institute-of-chicago-photos/3001_aic_self-portrait_11_4000x5226.sdr.png	o7ac	4	20	25270	431.05367799580563	611.8139999999812	75.435	
3000-art-institute-of-chicago-photos	imazen-26-png-v3/png-v3/3000-art-institute-of-chicago-photos/3001_aic_self-portrait_11_4000x5226.sdr.png	o7ac	4	32	12800	606.4029749977635	906.4260000000033	61.648	
3000-art-institute-of-chicago-photos	imazen-26-png-v3/png-v3/3000-art-institute-of-chicago-photos/3001_aic_self-portrait_11_4000x5226.sdr.png	o7ac	4	44	3233	478.2337060023565	1297.0740000000021	27.372	
3000-art-institute-of-chicago-photos	imazen-26-png-v3/png-v3/3000-art-institute-of-chicago-photos/3001_aic_self-portrait_11_4000x5226.sdr.png	o7ac	6	20	25972	457.7807050081901	1053.525999999998	75.563	
3000-art-institute-of-chicago-photos	imazen-26-png-v3/png-v3/3000-art-institute-of-chicago-photos/3001_aic_self-portrait_11_4000x5226.sdr.png	o7ac	6	32	13606	324.37140500405803	968.0090000000234	62.435	
3000-art-institute-of-chicago-photos	imazen-26-png-v3/png-v3/3000-art-institute-of-chicago-photos/3001_aic_self-portrait_11_4000x5226.sdr.png	o7ac	6	44	3461	453.45857698703185	1240.4349999999909	27.826	
3000-art-institute-of-chicago-photos	imazen-26-png-v3/png-v3/3000-art-institute-of-chicago-photos/3001_aic_self-portrait_11_4000x5226.sdr.png	o7ac	8	20	26787	287.77684099623	438.8099999999895	75.375	
3000-art-institute-of-chicago-photos	imazen-26-png-v3/png-v3/3000-art-institute-of-chicago-photos/3001_aic_self-portrait_11_4000x5226.sdr.png	o7ac	8	32	14139	378.7992859870428	749.9149999999943	62.926	
3000-art-institute-of-chicago-photos	imazen-26-png-v3/png-v3/3000-art-institute-of-chicago-photos/3001_aic_self-portrait_11_4000x5226.sdr.png	o7ac	8	44	3629	363.1336859980365	745.0299999999856	28.599	
3000-art-institute-of-chicago-photos	imazen-26-png-v3/png-v3/3000-art-institute-of-chicago-photos/3001_aic_self-portrait_11_4000x5226.sdr.png	o7ac	10	20	26637	486.572462003096	411.49599999998543	75.101	
3000-art-institute-of-chicago-photos	imazen-26-png-v3/png-v3/3000-art-institute-of-chicago-photos/3001_aic_self-portrait_11_4000x5226.sdr.png	o7ac	10	32	14244	349.82788799970876	549.4450000000129	62.625	
3000-art-institute-of-chicago-photos	imazen-26-png-v3/png-v3/3000-art-institute-of-chicago-photos/3001_aic_self-portrait_11_4000x5226.sdr.png	o7ac	10	44	3628	339.53278699482325	549.4450000000129	28.733	
3000-art-institute-of-chicago-photos	imazen-26-png-v3/png-v3/3000-art-institute-of-chicago-photos/3002_aic_the-irish-question_181777_4000x4860.sdr.png	t1	4	20	24470	588.1969500042032	894.2980000000134	71.865	
3000-art-institute-of-chicago-photos	imazen-26-png-v3/png-v3/3000-art-institute-of-chicago-photos/3002_aic_the-irish-question_181777_4000x4860.sdr.png	t1	4	32	11107	482.54754800291266	1077.067999999997	44.841	
3000-art-institute-of-chicago-photos	imazen-26-png-v3/png-v3/3000-art-institute-of-chicago-photos/3002_aic_the-irish-question_181777_4000x4860.sdr.png	t1	4	44	3300	434.6792739961529	815.1030000000219	-16.093	
3000-art-institute-of-chicago-photos	imazen-26-png-v3/png-v3/3000-art-institute-of-chicago-photos/3002_aic_the-irish-question_181777_4000x4860.sdr.png	t1	6	20	24994	229.92476700164843	743.339000000006	72.159	
3000-art-institute-of-chicago-photos	imazen-26-png-v3/png-v3/3000-art-institute-of-chicago-photos/3002_aic_the-irish-question_181777_4000x4860.sdr.png	t1	6	32	11480	252.72272099391557	553.7779999999799	45.575	
3000-art-institute-of-chicago-photos	imazen-26-png-v3/png-v3/3000-art-institute-of-chicago-photos/3002_aic_the-irish-question_181777_4000x4860.sdr.png	t1	6	44	3412	308.110604993999	502.6120000000134	-14.505	
3000-art-institute-of-chicago-photos	imazen-26-png-v3/png-v3/3000-art-institute-of-chicago-photos/3002_aic_the-irish-question_181777_4000x4860.sdr.png	t1	8	20	23624	288.83617199608125	484.26900000003315	70.871	
3000-art-institute-of-chicago-photos	imazen-26-png-v3/png-v3/3000-art-institute-of-chicago-photos/3002_aic_the-irish-question_181777_4000x4860.sdr.png	t1	8	32	11039	451.68013000511564	1046.387000000017	43.613	
3000-art-institute-of-chicago-photos	imazen-26-png-v3/png-v3/3000-art-institute-of-chicago-photos/3002_aic_the-irish-question_181777_4000x4860.sdr.png	t1	8	44	3322	241.55174699262716	600.0859999999903	-17.902	
3000-art-institute-of-chicago-photos	imazen-26-png-v3/png-v3/3000-art-institute-of-chicago-photos/3002_aic_the-irish-question_181777_4000x4860.sdr.png	t1	10	20	24406	282.6874649908859	788.5410000000022	71.299	
3000-art-institute-of-chicago-photos	imazen-26-png-v3/png-v3/3000-art-institute-of-chicago-photos/3002_aic_the-irish-question_181777_4000x4860.sdr.png	t1	10	32	11087	366.11668100522365	401.75399999998973	43.389	
3000-art-institute-of-chicago-photos	imazen-26-png-v3/png-v3/3000-art-institute-of-chicago-photos/3002_aic_the-irish-question_181777_4000x4860.sdr.png	t1	10	44	3236	607.8312869940419	415.72300000002116	-17.734	
3000-art-institute-of-chicago-photos	imazen-26-png-v3/png-v3/3000-art-institute-of-chicago-photos/3002_aic_the-irish-question_181777_4000x4860.sdr.png	t3	4	20	37142	427.336970999022	422.9439999999869	81.447	
3000-art-institute-of-chicago-photos	imazen-26-png-v3/png-v3/3000-art-institute-of-chicago-photos/3002_aic_the-irish-question_181777_4000x4860.sdr.png	t3	4	32	23083	560.1686640002299	756.2589999999858	70.329	
3000-art-institute-of-chicago-photos	imazen-26-png-v3/png-v3/3000-art-institute-of-chicago-photos/3002_aic_the-irish-question_181777_4000x4860.sdr.png	t3	4	44	9563	625.7717270054854	2479.190000000003	35.811	
3000-art-institute-of-chicago-photos	imazen-26-png-v3/png-v3/3000-art-institute-of-chicago-photos/3002_aic_the-irish-question_181777_4000x4860.sdr.png	t3	6	20	37686	450.0630389957223	1337.9649999999829	81.408	
3000-art-institute-of-chicago-photos	imazen-26-png-v3/png-v3/3000-art-institute-of-chicago-photos/3002_aic_the-irish-question_181777_4000x4860.sdr.png	t3	6	32	23984	360.3367040050216	733.460000000015	70.823	
3000-art-institute-of-chicago-photos	imazen-26-png-v3/png-v3/3000-art-institute-of-chicago-photos/3002_aic_the-irish-question_181777_4000x4860.sdr.png	t3	6	44	10175	367.2473080077907	1764.1490000000176	37.228	
3000-art-institute-of-chicago-photos	imazen-26-png-v3/png-v3/3000-art-institute-of-chicago-photos/3002_aic_the-irish-question_181777_4000x4860.sdr.png	t3	8	20	39078	335.3097070066724	1519.7319999999977	81.478	
3000-art-institute-of-chicago-photos	imazen-26-png-v3/png-v3/3000-art-institute-of-chicago-photos/3002_aic_the-irish-question_181777_4000x4860.sdr.png	t3	8	32	25037	268.01351900212467	1283.916000000005	70.574	
3000-art-institute-of-chicago-photos	imazen-26-png-v3/png-v3/3000-art-institute-of-chicago-photos/3002_aic_the-irish-question_181777_4000x4860.sdr.png	t3	8	44	10631	211.83760900748894	1397.9170000000138	38.065	
3000-art-institute-of-chicago-photos	imazen-26-png-v3/png-v3/3000-art-institute-of-chicago-photos/3002_aic_the-irish-question_181777_4000x4860.sdr.png	t3	10	20	38804	211.8047059921082	1589.9709999999984	81.356	
3000-art-institute-of-chicago-photos	imazen-26-png-v3/png-v3/3000-art-institute-of-chicago-photos/3002_aic_the-irish-question_181777_4000x4860.sdr.png	t3	10	32	24872	384.063422010513	1792.9150000000077	70.589	
3000-art-institute-of-chicago-photos	imazen-26-png-v3/png-v3/3000-art-institute-of-chicago-photos/3002_aic_the-irish-question_181777_4000x4860.sdr.png	t3	10	44	10629	623.044217005372	1716.8399999999765	38.401	
3000-art-institute-of-chicago-photos	imazen-26-png-v3/png-v3/3000-art-institute-of-chicago-photos/3002_aic_the-irish-question_181777_4000x4860.sdr.png	o6	4	20	36521	699.459833005676	393.8220000000143	81.076	
3000-art-institute-of-chicago-photos	imazen-26-png-v3/png-v3/3000-art-institute-of-chicago-photos/3002_aic_the-irish-question_181777_4000x4860.sdr.png	o6	4	32	22297	481.18714400334284	718.8930000000084	69.283	
3000-art-institute-of-chicago-photos	imazen-26-png-v3/png-v3/3000-art-institute-of-chicago-photos/3002_aic_the-irish-question_181777_4000x4860.sdr.png	o6	4	44	8952	620.772632988519	1612.243999999997	34.141	
3000-art-institute-of-chicago-photos	imazen-26-png-v3/png-v3/3000-art-institute-of-chicago-photos/3002_aic_the-irish-question_181777_4000x4860.sdr.png	o6	6	20	37109	369.9356230063131	924.779000000008	81.089	
3000-art-institute-of-chicago-photos	imazen-26-png-v3/png-v3/3000-art-institute-of-chicago-photos/3002_aic_the-irish-question_181777_4000x4860.sdr.png	o6	6	32	23168	256.63208500191104	327.17699999999184	69.928	
3000-art-institute-of-chicago-photos	imazen-26-png-v3/png-v3/3000-art-institute-of-chicago-photos/3002_aic_the-irish-question_181777_4000x4860.sdr.png	o6	6	44	9554	283.48639300384093	1055.1080000000184	34.944	
3000-art-institute-of-chicago-photos	imazen-26-png-v3/png-v3/3000-art-institute-of-chicago-photos/3002_aic_the-irish-question_181777_4000x4860.sdr.png	o6	8	20	38390	680.3546519950032	2177.053999999977	81.149	
3000-art-institute-of-chicago-photos	imazen-26-png-v3/png-v3/3000-art-institute-of-chicago-photos/3002_aic_the-irish-question_181777_4000x4860.sdr.png	o6	8	32	24141	430.4308860009769	1562.0299999999859	69.756	
3000-art-institute-of-chicago-photos	imazen-26-png-v3/png-v3/3000-art-institute-of-chicago-photos/3002_aic_the-irish-question_181777_4000x4860.sdr.png	o6	8	44	9933	496.80882100074086	1879.2959999999966	35.271	
3000-art-institute-of-chicago-photos	imazen-26-png-v3/png-v3/3000-art-institute-of-chicago-photos/3002_aic_the-irish-question_181777_4000x4860.sdr.png	o6	10	20	38111	394.2887910088757	700.725999999996	81.049	
3000-art-institute-of-chicago-photos	imazen-26-png-v3/png-v3/3000-art-institute-of-chicago-photos/3002_aic_the-irish-question_181777_4000x4860.sdr.png	o6	10	32	24029	431.2775239959592	1240.103999999988	69.561	
3000-art-institute-of-chicago-photos	imazen-26-png-v3/png-v3/3000-art-institute-of-chicago-photos/3002_aic_the-irish-question_181777_4000x4860.sdr.png	o6	10	44	9937	353.51157300465275	286.6470000000021	35.245	
3000-art-institute-of-chicago-photos	imazen-26-png-v3/png-v3/3000-art-institute-of-chicago-photos/3002_aic_the-irish-question_181777_4000x4860.sdr.png	o7	4	20	34832	388.27274600043893	1499.9729999999972	80.263	
3000-art-institute-of-chicago-photos	imazen-26-png-v3/png-v3/3000-art-institute-of-chicago-photos/3002_aic_the-irish-question_181777_4000x4860.sdr.png	o7	4	32	20377	500.69964899739716	1868.5180000000016	66.265	
3000-art-institute-of-chicago-photos	imazen-26-png-v3/png-v3/3000-art-institute-of-chicago-photos/3002_aic_the-irish-question_181777_4000x4860.sdr.png	o7	4	44	7952	566.7865610012086	631.4890000000162	27.774	
3000-art-institute-of-chicago-photos	imazen-26-png-v3/png-v3/3000-art-institute-of-chicago-photos/3002_aic_the-irish-question_181777_4000x4860.sdr.png	o7	6	20	35483	255.3296519909054	249.286000000005	80.149	
3000-art-institute-of-chicago-photos	imazen-26-png-v3/png-v3/3000-art-institute-of-chicago-photos/3002_aic_the-irish-question_181777_4000x4860.sdr.png	o7	6	32	21107	469.64115800801665	774.0030000000147	66.804	
3000-art-institute-of-chicago-photos	imazen-26-png-v3/png-v3/3000-art-institute-of-chicago-photos/3002_aic_the-irish-question_181777_4000x4860.sdr.png	o7	6	44	8469	610.0772630015854	992.7500000000009	28.742	
3000-art-institute-of-chicago-photos	imazen-26-png-v3/png-v3/3000-art-institute-of-chicago-photos/3002_aic_the-irish-question_181777_4000x4860.sdr.png	o7	8	20	36624	237.72085200471338	608.3169999999996	79.988	
3000-art-institute-of-chicago-photos	imazen-26-png-v3/png-v3/3000-art-institute-of-chicago-photos/3002_aic_the-irish-question_181777_4000x4860.sdr.png	o7	8	32	21928	253.98376600060146	599.0740000000017	66.615	
3000-art-institute-of-chicago-photos	imazen-26-png-v3/png-v3/3000-art-institute-of-chicago-photos/3002_aic_the-irish-question_181777_4000x4860.sdr.png	o7	8	44	8817	276.5989330073353	691.7830000000009	29.522	
3000-art-institute-of-chicago-photos	imazen-26-png-v3/png-v3/3000-art-institute-of-chicago-photos/3002_aic_the-irish-question_181777_4000x4860.sdr.png	o7	10	20	36438	385.61733400274534	1085.9349999999636	79.984	
3000-art-institute-of-chicago-photos	imazen-26-png-v3/png-v3/3000-art-institute-of-chicago-photos/3002_aic_the-irish-question_181777_4000x4860.sdr.png	o7	10	32	21932	426.58892000326887	1314.5019999999904	66.172	
3000-art-institute-of-chicago-photos	imazen-26-png-v3/png-v3/3000-art-institute-of-chicago-photos/3002_aic_the-irish-question_181777_4000x4860.sdr.png	o7	10	44	8804	297.1136410051258	1050.8599999999788	28.780	
3000-art-institute-of-chicago-photos	imazen-26-png-v3/png-v3/3000-art-institute-of-chicago-photos/3002_aic_the-irish-question_181777_4000x4860.sdr.png	o8	4	20	33359	451.29405600891914	1720.3110000000095	79.194	
3000-art-institute-of-chicago-photos	imazen-26-png-v3/png-v3/3000-art-institute-of-chicago-photos/3002_aic_the-irish-question_181777_4000x4860.sdr.png	o8	4	32	18654	394.53985799627844	1366.4660000000167	63.607	
3000-art-institute-of-chicago-photos	imazen-26-png-v3/png-v3/3000-art-institute-of-chicago-photos/3002_aic_the-irish-question_181777_4000x4860.sdr.png	o8	4	44	7096	503.18208399403375	1043.0059999999912	21.570	
3000-art-institute-of-chicago-photos	imazen-26-png-v3/png-v3/3000-art-institute-of-chicago-photos/3002_aic_the-irish-question_181777_4000x4860.sdr.png	o8	6	20	33970	279.82836500450503	531.1179999999993	79.176	
3000-art-institute-of-chicago-photos	imazen-26-png-v3/png-v3/3000-art-institute-of-chicago-photos/3002_aic_the-irish-question_181777_4000x4860.sdr.png	o8	6	32	19339	497.8946530027315	773.6779999999967	63.622	
3000-art-institute-of-chicago-photos	imazen-26-png-v3/png-v3/3000-art-institute-of-chicago-photos/3002_aic_the-irish-question_181777_4000x4860.sdr.png	o8	6	44	7467	492.4495720042614	495.04399999998583	21.985	
3000-art-institute-of-chicago-photos	imazen-26-png-v3/png-v3/3000-art-institute-of-chicago-photos/3002_aic_the-irish-question_181777_4000x4860.sdr.png	o8	8	20	35124	361.8987109948648	654.8119999999997	78.839	
3000-art-institute-of-chicago-photos	imazen-26-png-v3/png-v3/3000-art-institute-of-chicago-photos/3002_aic_the-irish-question_181777_4000x4860.sdr.png	o8	8	32	20080	292.12062899023294	264.0919999999909	63.139	
3000-art-institute-of-chicago-photos	imazen-26-png-v3/png-v3/3000-art-institute-of-chicago-photos/3002_aic_the-irish-question_181777_4000x4860.sdr.png	o8	8	44	7809	358.79748201114126	635.5050000000091	22.761	
3000-art-institute-of-chicago-photos	imazen-26-png-v3/png-v3/3000-art-institute-of-chicago-photos/3002_aic_the-irish-question_181777_4000x4860.sdr.png	o8	10	20	34923	372.1590049972292	722.6810000000157	78.881	
3000-art-institute-of-chicago-photos	imazen-26-png-v3/png-v3/3000-art-institute-of-chicago-photos/3002_aic_the-irish-question_181777_4000x4860.sdr.png	o8	10	32	20044	377.804596995702	905.7649999999953	62.814	
3000-art-institute-of-chicago-photos	imazen-26-png-v3/png-v3/3000-art-institute-of-chicago-photos/3002_aic_the-irish-question_181777_4000x4860.sdr.png	o8	10	44	7794	381.3810380088398	721.5500000000006	22.145	
3000-art-institute-of-chicago-photos	imazen-26-png-v3/png-v3/3000-art-institute-of-chicago-photos/3002_aic_the-irish-question_181777_4000x4860.sdr.png	o7ac	4	20	34896	376.57036299060564	1040.5850000000144	80.143	
3000-art-institute-of-chicago-photos	imazen-26-png-v3/png-v3/3000-art-institute-of-chicago-photos/3002_aic_the-irish-question_181777_4000x4860.sdr.png	o7ac	4	32	20373	465.3659500036156	1182.7169999999967	66.299	
3000-art-institute-of-chicago-photos	imazen-26-png-v3/png-v3/3000-art-institute-of-chicago-photos/3002_aic_the-irish-question_181777_4000x4860.sdr.png	o7ac	4	44	7983	553.2863440021174	1498.168000000007	27.421	
3000-art-institute-of-chicago-photos	imazen-26-png-v3/png-v3/3000-art-institute-of-chicago-photos/3002_aic_the-irish-question_181777_4000x4860.sdr.png	o7ac	6	20	35456	445.1916770049138	1174.9100000000253	80.053	
3000-art-institute-of-chicago-photos	imazen-26-png-v3/png-v3/3000-art-institute-of-chicago-photos/3002_aic_the-irish-question_181777_4000x4860.sdr.png	o7ac	6	32	21101	479.62237300816923	1494.337999999992	66.789	
3000-art-institute-of-chicago-photos	imazen-26-png-v3/png-v3/3000-art-institute-of-chicago-photos/3002_aic_the-irish-question_181777_4000x4860.sdr.png	o7ac	6	44	8478	453.1887640041532	1351.0750000000157	28.526	
3000-art-institute-of-chicago-photos	imazen-26-png-v3/png-v3/3000-art-institute-of-chicago-photos/3002_aic_the-irish-question_181777_4000x4860.sdr.png	o7ac	8	20	36624	351.81404900504276	1170.1639999999857	79.988	
3000-art-institute-of-chicago-photos	imazen-26-png-v3/png-v3/3000-art-institute-of-chicago-photos/3002_aic_the-irish-question_181777_4000x4860.sdr.png	o7ac	8	32	21927	449.60551999974996	276.27599999999575	66.621	
3000-art-institute-of-chicago-photos	imazen-26-png-v3/png-v3/3000-art-institute-of-chicago-photos/3002_aic_the-irish-question_181777_4000x4860.sdr.png	o7ac	8	44	8817	383.7981389951892	410.88800000001413	29.522	
3000-art-institute-of-chicago-photos	imazen-26-png-v3/png-v3/3000-art-institute-of-chicago-photos/3002_aic_the-irish-question_181777_4000x4860.sdr.png	o7ac	10	20	36438	367.70816300122533	400.81899999997717	79.984	
3000-art-institute-of-chicago-photos	imazen-26-png-v3/png-v3/3000-art-institute-of-chicago-photos/3002_aic_the-irish-question_181777_4000x4860.sdr.png	o7ac	10	32	21932	400.51168799982406	376.5640000000161	66.172	
3000-art-institute-of-chicago-photos	imazen-26-png-v3/png-v3/3000-art-institute-of-chicago-photos/3002_aic_the-irish-question_181777_4000x4860.sdr.png	o7ac	10	44	8804	479.068371001631	1047.51600000003	28.780	
3300-met-museum-photos	imazen-26-png-v3/png-v3/3300-met-museum-photos/3311_met_jamb-stove_3689_2002x1717.sdr.png	t1	4	20	57567	322.57591500820126	543.8020000000065	85.036	
3300-met-museum-photos	imazen-26-png-v3/png-v3/3300-met-museum-photos/3311_met_jamb-stove_3689_2002x1717.sdr.png	t1	4	32	28314	289.7483640117571	1056.539999999991	70.413	
3300-met-museum-photos	imazen-26-png-v3/png-v3/3300-met-museum-photos/3311_met_jamb-stove_3689_2002x1717.sdr.png	t1	4	44	11519	267.03629300754983	1023.2260000000153	37.722	
3300-met-museum-photos	imazen-26-png-v3/png-v3/3300-met-museum-photos/3311_met_jamb-stove_3689_2002x1717.sdr.png	t1	6	20	58016	228.04358399298508	718.4290000000217	84.851	
3300-met-museum-photos	imazen-26-png-v3/png-v3/3300-met-museum-photos/3311_met_jamb-stove_3689_2002x1717.sdr.png	t1	6	32	28794	164.22045099898241	685.8710000000059	70.252	
3300-met-museum-photos	imazen-26-png-v3/png-v3/3300-met-museum-photos/3311_met_jamb-stove_3689_2002x1717.sdr.png	t1	6	44	11752	200.29073000478093	167.20400000001234	38.795	
3300-met-museum-photos	imazen-26-png-v3/png-v3/3300-met-museum-photos/3311_met_jamb-stove_3689_2002x1717.sdr.png	t1	8	20	57710	243.04941098671407	134.97700000000634	83.620	
3300-met-museum-photos	imazen-26-png-v3/png-v3/3300-met-museum-photos/3311_met_jamb-stove_3689_2002x1717.sdr.png	t1	8	32	26637	371.84955799602903	71.22000000001805	67.856	
3300-met-museum-photos	imazen-26-png-v3/png-v3/3300-met-museum-photos/3311_met_jamb-stove_3689_2002x1717.sdr.png	t1	8	44	11339	190.02078800986055	65.99199999997296	37.768	
3300-met-museum-photos	imazen-26-png-v3/png-v3/3300-met-museum-photos/3311_met_jamb-stove_3689_2002x1717.sdr.png	t1	10	20	58363	191.17630200344138	163.5480000000058	84.131	
3300-met-museum-photos	imazen-26-png-v3/png-v3/3300-met-museum-photos/3311_met_jamb-stove_3689_2002x1717.sdr.png	t1	10	32	28658	62.801983003737405	62.702000000022906	68.569	
3300-met-museum-photos	imazen-26-png-v3/png-v3/3300-met-museum-photos/3311_met_jamb-stove_3689_2002x1717.sdr.png	t1	10	44	11787	175.23656200501136	187.33000000001	35.195	
3300-met-museum-photos	imazen-26-png-v3/png-v3/3300-met-museum-photos/3311_met_jamb-stove_3689_2002x1717.sdr.png	t3	4	20	57969	322.45950399374124	696.7779999999877	85.854	
3300-met-museum-photos	imazen-26-png-v3/png-v3/3300-met-museum-photos/3311_met_jamb-stove_3689_2002x1717.sdr.png	t3	4	32	31945	280.597876990214	395.0880000000083	74.626	
3300-met-museum-photos	imazen-26-png-v3/png-v3/3300-met-museum-photos/3311_met_jamb-stove_3689_2002x1717.sdr.png	t3	4	44	14568	387.10963699850254	839.2660000000162	49.861	
3300-met-museum-photos	imazen-26-png-v3/png-v3/3300-met-museum-photos/3311_met_jamb-stove_3689_2002x1717.sdr.png	t3	6	20	58323	367.84635500225704	887.46900000001	85.659	
3300-met-museum-photos	imazen-26-png-v3/png-v3/3300-met-museum-photos/3311_met_jamb-stove_3689_2002x1717.sdr.png	t3	6	32	32412	168.5101780021796	564.2869999999931	74.830	
3300-met-museum-photos	imazen-26-png-v3/png-v3/3300-met-museum-photos/3311_met_jamb-stove_3689_2002x1717.sdr.png	t3	6	44	14990	215.17181099625304	652.4049999999875	47.982	
3300-met-museum-photos	imazen-26-png-v3/png-v3/3300-met-museum-photos/3311_met_jamb-stove_3689_2002x1717.sdr.png	t3	8	20	59187	397.33830199111253	106.00200000001081	85.167	
3300-met-museum-photos	imazen-26-png-v3/png-v3/3300-met-museum-photos/3311_met_jamb-stove_3689_2002x1717.sdr.png	t3	8	32	33290	270.92712199373636	106.35400000000317	74.179	
3300-met-museum-photos	imazen-26-png-v3/png-v3/3300-met-museum-photos/3311_met_jamb-stove_3689_2002x1717.sdr.png	t3	8	44	15391	250.52051901002415	97.42599999999157	49.755	
3300-met-museum-photos	imazen-26-png-v3/png-v3/3300-met-museum-photos/3311_met_jamb-stove_3689_2002x1717.sdr.png	t3	10	20	59923	174.4013050047215	83.26100000000736	85.443	
3300-met-museum-photos	imazen-26-png-v3/png-v3/3300-met-museum-photos/3311_met_jamb-stove_3689_2002x1717.sdr.png	t3	10	32	33811	162.8118969965726	69.97399999999487	74.347	
3300-met-museum-photos	imazen-26-png-v3/png-v3/3300-met-museum-photos/3311_met_jamb-stove_3689_2002x1717.sdr.png	t3	10	44	15674	125.7832480041543	98.99000000000768	49.819	
3300-met-museum-photos	imazen-26-png-v3/png-v3/3300-met-museum-photos/3311_met_jamb-stove_3689_2002x1717.sdr.png	o6	4	20	55689	289.7261219914071	325.452999999996	85.261	
3300-met-museum-photos	imazen-26-png-v3/png-v3/3300-met-museum-photos/3311_met_jamb-stove_3689_2002x1717.sdr.png	o6	4	32	30037	263.85426000342704	535.7819999999975	72.931	
3300-met-museum-photos	imazen-26-png-v3/png-v3/3300-met-museum-photos/3311_met_jamb-stove_3689_2002x1717.sdr.png	o6	4	44	13616	629.0513249987271	926.0099999999838	46.857	
3300-met-museum-photos	imazen-26-png-v3/png-v3/3300-met-museum-photos/3311_met_jamb-stove_3689_2002x1717.sdr.png	o6	6	20	55917	170.69550800079014	606.4849999999708	84.909	
3300-met-museum-photos	imazen-26-png-v3/png-v3/3300-met-museum-photos/3311_met_jamb-stove_3689_2002x1717.sdr.png	o6	6	32	30410	114.05412400199566	68.43799999999334	73.082	
3300-met-museum-photos	imazen-26-png-v3/png-v3/3300-met-museum-photos/3311_met_jamb-stove_3689_2002x1717.sdr.png	o6	6	44	13988	395.3833090054104	283.6120000000335	44.598	
3300-met-museum-photos	imazen-26-png-v3/png-v3/3300-met-museum-photos/3311_met_jamb-stove_3689_2002x1717.sdr.png	o6	8	20	56762	381.6453699982958	132.66500000000292	84.555	
3300-met-museum-photos	imazen-26-png-v3/png-v3/3300-met-museum-photos/3311_met_jamb-stove_3689_2002x1717.sdr.png	o6	8	32	31242	347.54199600138236	144.84200000001124	72.853	
3300-met-museum-photos	imazen-26-png-v3/png-v3/3300-met-museum-photos/3311_met_jamb-stove_3689_2002x1717.sdr.png	o6	8	44	14335	117.89873499947134	60.60700000001873	46.606	
3300-met-museum-photos	imazen-26-png-v3/png-v3/3300-met-museum-photos/3311_met_jamb-stove_3689_2002x1717.sdr.png	o6	10	20	57490	260.20518099539913	131.43199999997535	84.757	
3300-met-museum-photos	imazen-26-png-v3/png-v3/3300-met-museum-photos/3311_met_jamb-stove_3689_2002x1717.sdr.png	o6	10	32	31717	118.60222100222018	95.98300000002524	72.933	
3300-met-museum-photos	imazen-26-png-v3/png-v3/3300-met-museum-photos/3311_met_jamb-stove_3689_2002x1717.sdr.png	o6	10	44	14601	128.6105870094616	86.13799999999117	46.938	
3300-met-museum-photos	imazen-26-png-v3/png-v3/3300-met-museum-photos/3311_met_jamb-stove_3689_2002x1717.sdr.png	o7	4	20	53299	586.0339129867498	405.42100000001824	84.332	
3300-met-museum-photos	imazen-26-png-v3/png-v3/3300-met-museum-photos/3311_met_jamb-stove_3689_2002x1717.sdr.png	o7	4	32	28196	593.1648650002899	731.9979999999973	71.046	
3300-met-museum-photos	imazen-26-png-v3/png-v3/3300-met-museum-photos/3311_met_jamb-stove_3689_2002x1717.sdr.png	o7	4	44	12636	658.737090008799	898.8930000000082	43.071	
3300-met-museum-photos	imazen-26-png-v3/png-v3/3300-met-museum-photos/3311_met_jamb-stove_3689_2002x1717.sdr.png	o7	6	20	53479	266.24216500204057	357.91899999998833	84.110	
3300-met-museum-photos	imazen-26-png-v3/png-v3/3300-met-museum-photos/3311_met_jamb-stove_3689_2002x1717.sdr.png	o7	6	32	28559	142.70687600946985	70.72800000000967	71.488	
3300-met-museum-photos	imazen-26-png-v3/png-v3/3300-met-museum-photos/3311_met_jamb-stove_3689_2002x1717.sdr.png	o7	6	44	12989	184.4181979977293	190.78300000001747	42.909	
3300-met-museum-photos	imazen-26-png-v3/png-v3/3300-met-museum-photos/3311_met_jamb-stove_3689_2002x1717.sdr.png	o7	8	20	54198	183.0783929908648	53.71100000000695	83.245	
3300-met-museum-photos	imazen-26-png-v3/png-v3/3300-met-museum-photos/3311_met_jamb-stove_3689_2002x1717.sdr.png	o7	8	32	29265	338.70121800282504	165.95299999998048	70.793	
3300-met-museum-photos	imazen-26-png-v3/png-v3/3300-met-museum-photos/3311_met_jamb-stove_3689_2002x1717.sdr.png	o7	8	44	13328	198.5440330026904	98.88199999998903	43.235	
3300-met-museum-photos	imazen-26-png-v3/png-v3/3300-met-museum-photos/3311_met_jamb-stove_3689_2002x1717.sdr.png	o7	10	20	54825	297.78976600209717	197.2899999999953	83.719	
3300-met-museum-photos	imazen-26-png-v3/png-v3/3300-met-museum-photos/3311_met_jamb-stove_3689_2002x1717.sdr.png	o7	10	32	29780	160.80603799491655	129.25899999998336	70.916	
3300-met-museum-photos	imazen-26-png-v3/png-v3/3300-met-museum-photos/3311_met_jamb-stove_3689_2002x1717.sdr.png	o7	10	44	13527	248.76889200822916	183.39700000000647	43.453	
3300-met-museum-photos	imazen-26-png-v3/png-v3/3300-met-museum-photos/3311_met_jamb-stove_3689_2002x1717.sdr.png	o8	4	20	52845	387.13022600859404	307.3359999999994	84.165	
3300-met-museum-photos	imazen-26-png-v3/png-v3/3300-met-museum-photos/3311_met_jamb-stove_3689_2002x1717.sdr.png	o8	4	32	27881	305.00904499785975	422.13899999998006	70.786	
3300-met-museum-photos	imazen-26-png-v3/png-v3/3300-met-museum-photos/3311_met_jamb-stove_3689_2002x1717.sdr.png	o8	4	44	12428	387.2708239941858	570.6279999999992	42.465	
3300-met-museum-photos	imazen-26-png-v3/png-v3/3300-met-museum-photos/3311_met_jamb-stove_3689_2002x1717.sdr.png	o8	6	20	52937	434.1018169943709	589.2820000000042	83.960	
3300-met-museum-photos	imazen-26-png-v3/png-v3/3300-met-museum-photos/3311_met_jamb-stove_3689_2002x1717.sdr.png	o8	6	32	28220	132.49625600292347	60.61600000001732	70.951	
3300-met-museum-photos	imazen-26-png-v3/png-v3/3300-met-museum-photos/3311_met_jamb-stove_3689_2002x1717.sdr.png	o8	6	44	12810	189.53653700009454	323.37399999997984	42.030	
3300-met-museum-photos	imazen-26-png-v3/png-v3/3300-met-museum-photos/3311_met_jamb-stove_3689_2002x1717.sdr.png	o8	8	20	53702	199.86556300136726	103.51500000000868	82.458	
3300-met-museum-photos	imazen-26-png-v3/png-v3/3300-met-museum-photos/3311_met_jamb-stove_3689_2002x1717.sdr.png	o8	8	32	28882	291.11702399677597	76.7190000000113	70.341	
3300-met-museum-photos	imazen-26-png-v3/png-v3/3300-met-museum-photos/3311_met_jamb-stove_3689_2002x1717.sdr.png	o8	8	44	13147	246.67009699624032	209.59200000000777	41.912	
3300-met-museum-photos	imazen-26-png-v3/png-v3/3300-met-museum-photos/3311_met_jamb-stove_3689_2002x1717.sdr.png	o8	10	20	54277	205.08773998881225	108.90200000001471	83.521	
3300-met-museum-photos	imazen-26-png-v3/png-v3/3300-met-museum-photos/3311_met_jamb-stove_3689_2002x1717.sdr.png	o8	10	32	29382	169.39585999352857	66.89099999996273	70.496	
3300-met-museum-photos	imazen-26-png-v3/png-v3/3300-met-museum-photos/3311_met_jamb-stove_3689_2002x1717.sdr.png	o8	10	44	13328	203.57036900531966	172.01000000000022	42.426	
3300-met-museum-photos	imazen-26-png-v3/png-v3/3300-met-museum-photos/3311_met_jamb-stove_3689_2002x1717.sdr.png	o7ac	4	20	53388	419.1667650011368	340.2410000000202	84.319	
3300-met-museum-photos	imazen-26-png-v3/png-v3/3300-met-museum-photos/3311_met_jamb-stove_3689_2002x1717.sdr.png	o7ac	4	32	28146	415.3185570030473	500.0830000000249	70.921	
3300-met-museum-photos	imazen-26-png-v3/png-v3/3300-met-museum-photos/3311_met_jamb-stove_3689_2002x1717.sdr.png	o7ac	4	44	12659	371.5740839979844	714.0160000000151	43.558	
3300-met-museum-photos	imazen-26-png-v3/png-v3/3300-met-museum-photos/3311_met_jamb-stove_3689_2002x1717.sdr.png	o7ac	6	20	53481	100.70251800061669	301.8390000000011	84.106	
3300-met-museum-photos	imazen-26-png-v3/png-v3/3300-met-museum-photos/3311_met_jamb-stove_3689_2002x1717.sdr.png	o7ac	6	32	28607	361.8822599964915	387.35799999997766	71.287	
3300-met-museum-photos	imazen-26-png-v3/png-v3/3300-met-museum-photos/3311_met_jamb-stove_3689_2002x1717.sdr.png	o7ac	6	44	13007	398.5588600044139	172.27900000001029	43.160	
3300-met-museum-photos	imazen-26-png-v3/png-v3/3300-met-museum-photos/3311_met_jamb-stove_3689_2002x1717.sdr.png	o7ac	8	20	54200	454.38584800285753	198.87900000001935	83.261	
3300-met-museum-photos	imazen-26-png-v3/png-v3/3300-met-museum-photos/3311_met_jamb-stove_3689_2002x1717.sdr.png	o7ac	8	32	29263	391.8538670113776	178.64499999998884	70.792	
3300-met-museum-photos	imazen-26-png-v3/png-v3/3300-met-museum-photos/3311_met_jamb-stove_3689_2002x1717.sdr.png	o7ac	8	44	13328	329.5001840015175	178.64499999998884	43.233	
3300-met-museum-photos	imazen-26-png-v3/png-v3/3300-met-museum-photos/3311_met_jamb-stove_3689_2002x1717.sdr.png	o7ac	10	20	54830	249.81245399976615	176.24400000000406	83.719	
3300-met-museum-photos	imazen-26-png-v3/png-v3/3300-met-museum-photos/3311_met_jamb-stove_3689_2002x1717.sdr.png	o7ac	10	32	29782	189.69479799852706	138.2329999999925	70.919	
3300-met-museum-photos	imazen-26-png-v3/png-v3/3300-met-museum-photos/3311_met_jamb-stove_3689_2002x1717.sdr.png	o7ac	10	44	13527	285.5790360044921	100.12500000000557	43.453	
3300-met-museum-photos	imazen-26-png-v3/png-v3/3300-met-museum-photos/3318_met_vessel_479496_2505x2596.sdr.png	t1	4	20	13339	349.20758999942336	271.7089999999942	71.100	
3300-met-museum-photos	imazen-26-png-v3/png-v3/3300-met-museum-photos/3318_met_vessel_479496_2505x2596.sdr.png	t1	4	32	5213	251.13186000089627	367.1990000000136	51.230	
3300-met-museum-photos	imazen-26-png-v3/png-v3/3300-met-museum-photos/3318_met_vessel_479496_2505x2596.sdr.png	t1	4	44	1672	255.6669320038054	489.7749999999945	20.965	
3300-met-museum-photos	imazen-26-png-v3/png-v3/3300-met-museum-photos/3318_met_vessel_479496_2505x2596.sdr.png	t1	6	20	13935	242.45333900034893	317.3879999999798	71.058	
3300-met-museum-photos	imazen-26-png-v3/png-v3/3300-met-museum-photos/3318_met_vessel_479496_2505x2596.sdr.png	t1	6	32	5410	206.42888599832077	196.12099999998378	51.121	
3300-met-museum-photos	imazen-26-png-v3/png-v3/3300-met-museum-photos/3318_met_vessel_479496_2505x2596.sdr.png	t1	6	44	1786	119.54605299979448	197.72699999999332	20.296	
3300-met-museum-photos	imazen-26-png-v3/png-v3/3300-met-museum-photos/3318_met_vessel_479496_2505x2596.sdr.png	t1	8	20	13775	176.0796320013469	152.4999999999892	70.669	
3300-met-museum-photos	imazen-26-png-v3/png-v3/3300-met-museum-photos/3318_met_vessel_479496_2505x2596.sdr.png	t1	8	32	5390	606.9247249979526	137.50199999998358	49.832	
3300-met-museum-photos	imazen-26-png-v3/png-v3/3300-met-museum-photos/3318_met_vessel_479496_2505x2596.sdr.png	t1	8	44	1757	561.6784599988023	294.0439999999711	19.383	
3300-met-museum-photos	imazen-26-png-v3/png-v3/3300-met-museum-photos/3318_met_vessel_479496_2505x2596.sdr.png	t1	10	20	14332	171.63867899216712	261.3089999999687	70.762	
3300-met-museum-photos	imazen-26-png-v3/png-v3/3300-met-museum-photos/3318_met_vessel_479496_2505x2596.sdr.png	t1	10	32	6138	261.9321800011676	358.460000000008	49.858	
3300-met-museum-photos	imazen-26-png-v3/png-v3/3300-met-museum-photos/3318_met_vessel_479496_2505x2596.sdr.png	t1	10	44	2147	349.1073789919028	676.5469999999993	19.288	
3300-met-museum-photos	imazen-26-png-v3/png-v3/3300-met-museum-photos/3318_met_vessel_479496_2505x2596.sdr.png	t3	4	20	25078	329.05531900178175	779.0780000000054	81.625	
3300-met-museum-photos	imazen-26-png-v3/png-v3/3300-met-museum-photos/3318_met_vessel_479496_2505x2596.sdr.png	t3	4	32	13870	266.35310500569176	526.4180000000067	72.606	
3300-met-museum-photos	imazen-26-png-v3/png-v3/3300-met-museum-photos/3318_met_vessel_479496_2505x2596.sdr.png	t3	4	44	4965	178.77632399904542	208.33100000001537	51.003	
3300-met-museum-photos	imazen-26-png-v3/png-v3/3300-met-museum-photos/3318_met_vessel_479496_2505x2596.sdr.png	t3	6	20	25985	378.87893700099085	826.7960000000301	81.742	
3300-met-museum-photos	imazen-26-png-v3/png-v3/3300-met-museum-photos/3318_met_vessel_479496_2505x2596.sdr.png	t3	6	32	14804	186.78288799128495	427.6530000000136	73.344	
3300-met-museum-photos	imazen-26-png-v3/png-v3/3300-met-museum-photos/3318_met_vessel_479496_2505x2596.sdr.png	t3	6	44	5374	236.4199409930734	329.99000000000933	52.049	
3300-met-museum-photos	imazen-26-png-v3/png-v3/3300-met-museum-photos/3318_met_vessel_479496_2505x2596.sdr.png	t3	8	20	27037	188.57895900146104	252.26600000002009	81.488	
3300-met-museum-photos	imazen-26-png-v3/png-v3/3300-met-museum-photos/3318_met_vessel_479496_2505x2596.sdr.png	t3	8	32	15456	538.5521129937842	235.55200000001975	73.220	
3300-met-museum-photos	imazen-26-png-v3/png-v3/3300-met-museum-photos/3318_met_vessel_479496_2505x2596.sdr.png	t3	8	44	5559	261.8246259953594	96.26599999999996	52.408	
3300-met-museum-photos	imazen-26-png-v3/png-v3/3300-met-museum-photos/3318_met_vessel_479496_2505x2596.sdr.png	t3	10	20	27605	126.72419400769286	170.20000000000124	81.710	
3300-met-museum-photos	imazen-26-png-v3/png-v3/3300-met-museum-photos/3318_met_vessel_479496_2505x2596.sdr.png	t3	10	32	16016	173.69053499714937	149.73299999997636	73.520	
3300-met-museum-photos	imazen-26-png-v3/png-v3/3300-met-museum-photos/3318_met_vessel_479496_2505x2596.sdr.png	t3	10	44	6071	313.0370199942263	310.6509999999929	52.412	
3300-met-museum-photos	imazen-26-png-v3/png-v3/3300-met-museum-photos/3318_met_vessel_479496_2505x2596.sdr.png	o6	4	20	24229	455.19992300251033	707.7329999999974	81.253	
3300-met-museum-photos	imazen-26-png-v3/png-v3/3300-met-museum-photos/3318_met_vessel_479496_2505x2596.sdr.png	o6	4	32	12847	280.97404100117274	358.30100000003284	71.577	
3300-met-museum-photos	imazen-26-png-v3/png-v3/3300-met-museum-photos/3318_met_vessel_479496_2505x2596.sdr.png	o6	4	44	4541	362.9975670046406	868.0189999999968	49.128	
3300-met-museum-photos	imazen-26-png-v3/png-v3/3300-met-museum-photos/3318_met_vessel_479496_2505x2596.sdr.png	o6	6	20	25130	234.7105050139362	603.0179999999916	81.330	
3300-met-museum-photos	imazen-26-png-v3/png-v3/3300-met-museum-photos/3318_met_vessel_479496_2505x2596.sdr.png	o6	6	32	13697	364.6421500016004	839.0349999999742	72.354	
3300-met-museum-photos	imazen-26-png-v3/png-v3/3300-met-museum-photos/3318_met_vessel_479496_2505x2596.sdr.png	o6	6	44	4886	209.34589600074105	693.5869999999937	50.022	
3300-met-museum-photos	imazen-26-png-v3/png-v3/3300-met-museum-photos/3318_met_vessel_479496_2505x2596.sdr.png	o6	8	20	26101	92.21928800980095	73.87600000001271	81.124	
3300-met-museum-photos	imazen-26-png-v3/png-v3/3300-met-museum-photos/3318_met_vessel_479496_2505x2596.sdr.png	o6	8	32	14299	411.4376679935958	205.8210000000429	72.105	
3300-met-museum-photos	imazen-26-png-v3/png-v3/3300-met-museum-photos/3318_met_vessel_479496_2505x2596.sdr.png	o6	8	44	5033	283.8223410071805	168.88799999995285	50.008	
3300-met-museum-photos	imazen-26-png-v3/png-v3/3300-met-museum-photos/3318_met_vessel_479496_2505x2596.sdr.png	o6	10	20	26593	387.38036100403406	176.34499999999065	81.317	
3300-met-museum-photos	imazen-26-png-v3/png-v3/3300-met-museum-photos/3318_met_vessel_479496_2505x2596.sdr.png	o6	10	32	14877	163.39629600406624	149.30299999996066	72.556	
3300-met-museum-photos	imazen-26-png-v3/png-v3/3300-met-museum-photos/3318_met_vessel_479496_2505x2596.sdr.png	o6	10	44	5550	422.10109799634665	497.43500000001006	50.522	
3300-met-museum-photos	imazen-26-png-v3/png-v3/3300-met-museum-photos/3318_met_vessel_479496_2505x2596.sdr.png	o7	4	20	22412	422.1689569967566	497.43500000001006	80.364	
3300-met-museum-photos	imazen-26-png-v3/png-v3/3300-met-museum-photos/3318_met_vessel_479496_2505x2596.sdr.png	o7	4	32	11157	375.0964729988482	252.3440000000079	68.923	
3300-met-museum-photos	imazen-26-png-v3/png-v3/3300-met-museum-photos/3318_met_vessel_479496_2505x2596.sdr.png	o7	4	44	3853	455.1769799873	684.4279999999969	44.074	
3300-met-museum-photos	imazen-26-png-v3/png-v3/3300-met-museum-photos/3318_met_vessel_479496_2505x2596.sdr.png	o7	6	20	23133	413.59864101104904	684.4279999999969	80.456	
3300-met-museum-photos	imazen-26-png-v3/png-v3/3300-met-museum-photos/3318_met_vessel_479496_2505x2596.sdr.png	o7	6	32	11872	180.7992749963887	206.56700000001393	69.482	
3300-met-museum-photos	imazen-26-png-v3/png-v3/3300-met-museum-photos/3318_met_vessel_479496_2505x2596.sdr.png	o7	6	44	4133	280.12529999250546	308.5830000000058	45.406	
3300-met-museum-photos	imazen-26-png-v3/png-v3/3300-met-museum-photos/3318_met_vessel_479496_2505x2596.sdr.png	o7	8	20	24118	294.23997399862856	252.30399999997388	79.890	
3300-met-museum-photos	imazen-26-png-v3/png-v3/3300-met-museum-photos/3318_met_vessel_479496_2505x2596.sdr.png	o7	8	32	12413	125.37022300239187	67.4940000000035	69.108	
3300-met-museum-photos	imazen-26-png-v3/png-v3/3300-met-museum-photos/3318_met_vessel_479496_2505x2596.sdr.png	o7	8	44	4250	215.80127600464039	110.51199999999994	44.727	
3300-met-museum-photos	imazen-26-png-v3/png-v3/3300-met-museum-photos/3318_met_vessel_479496_2505x2596.sdr.png	o7	10	20	24614	549.2509800096741	205.0620000000123	80.170	
3300-met-museum-photos	imazen-26-png-v3/png-v3/3300-met-museum-photos/3318_met_vessel_479496_2505x2596.sdr.png	o7	10	32	12966	523.8705619995017	205.0620000000123	69.688	
3300-met-museum-photos	imazen-26-png-v3/png-v3/3300-met-museum-photos/3318_met_vessel_479496_2505x2596.sdr.png	o7	10	44	4718	368.5977319983067	564.8950000000141	45.141	
3300-met-museum-photos	imazen-26-png-v3/png-v3/3300-met-museum-photos/3318_met_vessel_479496_2505x2596.sdr.png	o8	4	20	21159	301.6219529963564	328.8029999999722	79.600	
3300-met-museum-photos	imazen-26-png-v3/png-v3/3300-met-museum-photos/3318_met_vessel_479496_2505x2596.sdr.png	o8	4	32	10075	291.13069000595715	515.8600000000106	66.992	
3300-met-museum-photos	imazen-26-png-v3/png-v3/3300-met-museum-photos/3318_met_vessel_479496_2505x2596.sdr.png	o8	4	44	3323	381.76808299613185	766.4419999999978	39.879	
3300-met-museum-photos	imazen-26-png-v3/png-v3/3300-met-museum-photos/3318_met_vessel_479496_2505x2596.sdr.png	o8	6	20	21897	327.52256898675114	532.6099999999983	79.721	
3300-met-museum-photos	imazen-26-png-v3/png-v3/3300-met-museum-photos/3318_met_vessel_479496_2505x2596.sdr.png	o8	6	32	10789	272.59579100064	760.3290000000271	67.407	
3300-met-museum-photos	imazen-26-png-v3/png-v3/3300-met-museum-photos/3318_met_vessel_479496_2505x2596.sdr.png	o8	6	44	3545	257.5653380044969	133.95399999998858	40.709	
3300-met-museum-photos	imazen-26-png-v3/png-v3/3300-met-museum-photos/3318_met_vessel_479496_2505x2596.sdr.png	o8	8	20	22879	289.69944099662825	192.84100000000137	78.889	
3300-met-museum-photos	imazen-26-png-v3/png-v3/3300-met-museum-photos/3318_met_vessel_479496_2505x2596.sdr.png	o8	8	32	11284	356.2147070042556	217.1600000000069	66.951	
3300-met-museum-photos	imazen-26-png-v3/png-v3/3300-met-museum-photos/3318_met_vessel_479496_2505x2596.sdr.png	o8	8	44	3636	469.76631600409746	213.66799999999841	40.609	
3300-met-museum-photos	imazen-26-png-v3/png-v3/3300-met-museum-photos/3318_met_vessel_479496_2505x2596.sdr.png	o8	10	20	23337	280.4261499986751	74.1830000000192	79.273	
3300-met-museum-photos	imazen-26-png-v3/png-v3/3300-met-museum-photos/3318_met_vessel_479496_2505x2596.sdr.png	o8	10	32	11788	481.1947390116984	267.8489999999698	67.239	
3300-met-museum-photos	imazen-26-png-v3/png-v3/3300-met-museum-photos/3318_met_vessel_479496_2505x2596.sdr.png	o8	10	44	4104	424.77764999784995	195.67099999996174	40.984	
3300-met-museum-photos	imazen-26-png-v3/png-v3/3300-met-museum-photos/3318_met_vessel_479496_2505x2596.sdr.png	o7ac	4	20	22446	460.3001600044081	356.91700000002413	80.360	
3300-met-museum-photos	imazen-26-png-v3/png-v3/3300-met-museum-photos/3318_met_vessel_479496_2505x2596.sdr.png	o7ac	4	32	11158	492.46640400087927	865.1780000000002	69.323	
3300-met-museum-photos	imazen-26-png-v3/png-v3/3300-met-museum-photos/3318_met_vessel_479496_2505x2596.sdr.png	o7ac	4	44	3867	420.5651999945985	765.1879999999949	44.427	
3300-met-museum-photos	imazen-26-png-v3/png-v3/3300-met-museum-photos/3318_met_vessel_479496_2505x2596.sdr.png	o7ac	6	20	23139	163.56794199964497	309.31300000000306	80.567	
3300-met-museum-photos	imazen-26-png-v3/png-v3/3300-met-museum-photos/3318_met_vessel_479496_2505x2596.sdr.png	o7ac	6	32	11890	357.57492000993807	428.5589999999786	69.541	
3300-met-museum-photos	imazen-26-png-v3/png-v3/3300-met-museum-photos/3318_met_vessel_479496_2505x2596.sdr.png	o7ac	6	44	4135	216.80400999321137	807.9660000000217	45.090	
3300-met-museum-photos	imazen-26-png-v3/png-v3/3300-met-museum-photos/3318_met_vessel_479496_2505x2596.sdr.png	o7ac	8	20	24122	130.32297900645062	481.8509999999776	79.900	
3300-met-museum-photos	imazen-26-png-v3/png-v3/3300-met-museum-photos/3318_met_vessel_479496_2505x2596.sdr.png	o7ac	8	32	12413	292.2876969969366	132.66300000000797	69.108	
3300-met-museum-photos	imazen-26-png-v3/png-v3/3300-met-museum-photos/3318_met_vessel_479496_2505x2596.sdr.png	o7ac	8	44	4250	316.9118090008851	164.95599999998944	44.727	
3300-met-museum-photos	imazen-26-png-v3/png-v3/3300-met-museum-photos/3318_met_vessel_479496_2505x2596.sdr.png	o7ac	10	20	24612	424.2949430044973	214.05100000001198	80.173	
3300-met-museum-photos	imazen-26-png-v3/png-v3/3300-met-museum-photos/3318_met_vessel_479496_2505x2596.sdr.png	o7ac	10	32	12966	226.3178169960156	140.92399999996985	69.688	
3300-met-museum-photos	imazen-26-png-v3/png-v3/3300-met-museum-photos/3318_met_vessel_479496_2505x2596.sdr.png	o7ac	10	44	4718	279.93942600733135	206.633999999994	45.141	
5000-national-park-service-brochures	imazen-26-png-v3/png-v3/5000-national-park-service-brochures/grayscale/5044_nps_mora-ohanapecosh7-2019_gray_p01_2550x3300.sdr.png	t1	4	20	11125	467.1689229871845	520.0220000000257	89.481	
5000-national-park-service-brochures	imazen-26-png-v3/png-v3/5000-national-park-service-brochures/grayscale/5044_nps_mora-ohanapecosh7-2019_gray_p01_2550x3300.sdr.png	t1	4	32	8151	240.45976299385075	234.84700000000203	85.174	
5000-national-park-service-brochures	imazen-26-png-v3/png-v3/5000-national-park-service-brochures/grayscale/5044_nps_mora-ohanapecosh7-2019_gray_p01_2550x3300.sdr.png	t1	4	44	5156	378.0035149975447	630.3859999999872	58.943	
5000-national-park-service-brochures	imazen-26-png-v3/png-v3/5000-national-park-service-brochures/grayscale/5044_nps_mora-ohanapecosh7-2019_gray_p01_2550x3300.sdr.png	t1	6	20	13346	379.3361950083636	751.0459999999739	90.248	
5000-national-park-service-brochures	imazen-26-png-v3/png-v3/5000-national-park-service-brochures/grayscale/5044_nps_mora-ohanapecosh7-2019_gray_p01_2550x3300.sdr.png	t1	6	32	10460	180.0344929943094	482.0929999999777	86.009	
5000-national-park-service-brochures	imazen-26-png-v3/png-v3/5000-national-park-service-brochures/grayscale/5044_nps_mora-ohanapecosh7-2019_gray_p01_2550x3300.sdr.png	t1	6	44	7372	137.92444400314707	213.444999999993	63.057	
5000-national-park-service-brochures	imazen-26-png-v3/png-v3/5000-national-park-service-brochures/grayscale/5044_nps_mora-ohanapecosh7-2019_gray_p01_2550x3300.sdr.png	t1	8	20	18599	113.87945200840477	424.83399999998994	88.356	
5000-national-park-service-brochures	imazen-26-png-v3/png-v3/5000-national-park-service-brochures/grayscale/5044_nps_mora-ohanapecosh7-2019_gray_p01_2550x3300.sdr.png	t1	8	32	13196	122.98053500126116	78.24700000001883	77.164	
5000-national-park-service-brochures	imazen-26-png-v3/png-v3/5000-national-park-service-brochures/grayscale/5044_nps_mora-ohanapecosh7-2019_gray_p01_2550x3300.sdr.png	t1	8	44	7724	366.3446830032626	155.15099999996096	54.357	
5000-national-park-service-brochures	imazen-26-png-v3/png-v3/5000-national-park-service-brochures/grayscale/5044_nps_mora-ohanapecosh7-2019_gray_p01_2550x3300.sdr.png	t1	10	20	22273	219.82866400503553	146.5379999999641	85.794	
5000-national-park-service-brochures	imazen-26-png-v3/png-v3/5000-national-park-service-brochures/grayscale/5044_nps_mora-ohanapecosh7-2019_gray_p01_2550x3300.sdr.png	t1	10	32	14875	143.15408600668889	34.45500000002255	76.412	
5000-national-park-service-brochures	imazen-26-png-v3/png-v3/5000-national-park-service-brochures/grayscale/5044_nps_mora-ohanapecosh7-2019_gray_p01_2550x3300.sdr.png	t1	10	44	8147	204.52633399690967	298.5790000000179	54.563	
5000-national-park-service-brochures	imazen-26-png-v3/png-v3/5000-national-park-service-brochures/grayscale/5044_nps_mora-ohanapecosh7-2019_gray_p01_2550x3300.sdr.png	t3	4	20	12007	342.8556069993647	815.1119999999992	89.764	
5000-national-park-service-brochures	imazen-26-png-v3/png-v3/5000-national-park-service-brochures/grayscale/5044_nps_mora-ohanapecosh7-2019_gray_p01_2550x3300.sdr.png	t3	4	32	8963	605.234606002341	1028.113999999988	84.574	
5000-national-park-service-brochures	imazen-26-png-v3/png-v3/5000-national-park-service-brochures/grayscale/5044_nps_mora-ohanapecosh7-2019_gray_p01_2550x3300.sdr.png	t3	4	44	5789	220.7825650111772	366.81900000000667	68.875	
5000-national-park-service-brochures	imazen-26-png-v3/png-v3/5000-national-park-service-brochures/grayscale/5044_nps_mora-ohanapecosh7-2019_gray_p01_2550x3300.sdr.png	t3	6	20	14230	138.49099999060854	195.32300000001612	90.497	
5000-national-park-service-brochures	imazen-26-png-v3/png-v3/5000-national-park-service-brochures/grayscale/5044_nps_mora-ohanapecosh7-2019_gray_p01_2550x3300.sdr.png	t3	6	32	11201	117.98412700591143	195.32300000001612	85.715	
5000-national-park-service-brochures	imazen-26-png-v3/png-v3/5000-national-park-service-brochures/grayscale/5044_nps_mora-ohanapecosh7-2019_gray_p01_2550x3300.sdr.png	t3	6	44	7909	124.51399699784815	402.2059999999925	71.077	
5000-national-park-service-brochures	imazen-26-png-v3/png-v3/5000-national-park-service-brochures/grayscale/5044_nps_mora-ohanapecosh7-2019_gray_p01_2550x3300.sdr.png	t3	8	20	14895	156.69148300366942	302.79500000001747	89.899	
5000-national-park-service-brochures	imazen-26-png-v3/png-v3/5000-national-park-service-brochures/grayscale/5044_nps_mora-ohanapecosh7-2019_gray_p01_2550x3300.sdr.png	t3	8	32	11991	285.4543389985338	448.0429999999842	81.985	
5000-national-park-service-brochures	imazen-26-png-v3/png-v3/5000-national-park-service-brochures/grayscale/5044_nps_mora-ohanapecosh7-2019_gray_p01_2550x3300.sdr.png	t3	8	44	7716	346.7574060050538	524.8420000000351	68.452	
5000-national-park-service-brochures	imazen-26-png-v3/png-v3/5000-national-park-service-brochures/grayscale/5044_nps_mora-ohanapecosh7-2019_gray_p01_2550x3300.sdr.png	t3	10	20	15422	473.27671200037	71.1419999999805	89.558	
5000-national-park-service-brochures	imazen-26-png-v3/png-v3/5000-national-park-service-brochures/grayscale/5044_nps_mora-ohanapecosh7-2019_gray_p01_2550x3300.sdr.png	t3	10	32	12464	160.3676040103892	75.13400000000559	80.961	
5000-national-park-service-brochures	imazen-26-png-v3/png-v3/5000-national-park-service-brochures/grayscale/5044_nps_mora-ohanapecosh7-2019_gray_p01_2550x3300.sdr.png	t3	10	44	8241	170.83052499219775	85.23699999999224	66.731	
5000-national-park-service-brochures	imazen-26-png-v3/png-v3/5000-national-park-service-brochures/grayscale/5044_nps_mora-ohanapecosh7-2019_gray_p01_2550x3300.sdr.png	o6	4	20	11570	285.29855399392545	195.1459999999514	89.590	
5000-national-park-service-brochures	imazen-26-png-v3/png-v3/5000-national-park-service-brochures/grayscale/5044_nps_mora-ohanapecosh7-2019_gray_p01_2550x3300.sdr.png	o6	4	32	8516	314.8002489906503	392.02899999997953	84.079	
5000-national-park-service-brochures	imazen-26-png-v3/png-v3/5000-national-park-service-brochures/grayscale/5044_nps_mora-ohanapecosh7-2019_gray_p01_2550x3300.sdr.png	o6	4	44	5321	227.06726999604143	587.6149999999853	63.784	
5000-national-park-service-brochures	imazen-26-png-v3/png-v3/5000-national-park-service-brochures/grayscale/5044_nps_mora-ohanapecosh7-2019_gray_p01_2550x3300.sdr.png	o6	6	20	13803	180.18519000906963	365.88999999999317	89.945	
5000-national-park-service-brochures	imazen-26-png-v3/png-v3/5000-national-park-service-brochures/grayscale/5044_nps_mora-ohanapecosh7-2019_gray_p01_2550x3300.sdr.png	o6	6	32	10603	149.19234300032258	95.90200000000948	84.753	
5000-national-park-service-brochures	imazen-26-png-v3/png-v3/5000-national-park-service-brochures/grayscale/5044_nps_mora-ohanapecosh7-2019_gray_p01_2550x3300.sdr.png	o6	6	44	7383	372.5955940026324	338.2829999999757	65.294	
5000-national-park-service-brochures	imazen-26-png-v3/png-v3/5000-national-park-service-brochures/grayscale/5044_nps_mora-ohanapecosh7-2019_gray_p01_2550x3300.sdr.png	o6	8	20	14341	430.28426700038835	360.31899999997563	89.817	
5000-national-park-service-brochures	imazen-26-png-v3/png-v3/5000-national-park-service-brochures/grayscale/5044_nps_mora-ohanapecosh7-2019_gray_p01_2550x3300.sdr.png	o6	8	32	11355	240.42287300108	179.55999999998085	81.308	
5000-national-park-service-brochures	imazen-26-png-v3/png-v3/5000-national-park-service-brochures/grayscale/5044_nps_mora-ohanapecosh7-2019_gray_p01_2550x3300.sdr.png	o6	8	44	7006	349.22048400039785	154.89900000002876	64.306	
5000-national-park-service-brochures	imazen-26-png-v3/png-v3/5000-national-park-service-brochures/grayscale/5044_nps_mora-ohanapecosh7-2019_gray_p01_2550x3300.sdr.png	o6	10	20	14873	402.1562309935689	194.83599999999512	89.007	
5000-national-park-service-brochures	imazen-26-png-v3/png-v3/5000-national-park-service-brochures/grayscale/5044_nps_mora-ohanapecosh7-2019_gray_p01_2550x3300.sdr.png	o6	10	32	11598	282.5468480004929	179.97800000000552	79.613	
5000-national-park-service-brochures	imazen-26-png-v3/png-v3/5000-national-park-service-brochures/grayscale/5044_nps_mora-ohanapecosh7-2019_gray_p01_2550x3300.sdr.png	o6	10	44	7449	418.4644409979228	188.22600000002865	61.870	
5000-national-park-service-brochures	imazen-26-png-v3/png-v3/5000-national-park-service-brochures/grayscale/5044_nps_mora-ohanapecosh7-2019_gray_p01_2550x3300.sdr.png	o7	4	20	11370	427.49450998962857	412.5280000000515	89.552	
5000-national-park-service-brochures	imazen-26-png-v3/png-v3/5000-national-park-service-brochures/grayscale/5044_nps_mora-ohanapecosh7-2019_gray_p01_2550x3300.sdr.png	o7	4	32	8233	391.70689800812397	246.84399999999584	84.012	
5000-national-park-service-brochures	imazen-26-png-v3/png-v3/5000-national-park-service-brochures/grayscale/5044_nps_mora-ohanapecosh7-2019_gray_p01_2550x3300.sdr.png	o7	4	44	5121	402.8556090052007	346.67199999995546	62.316	
5000-national-park-service-brochures	imazen-26-png-v3/png-v3/5000-national-park-service-brochures/grayscale/5044_nps_mora-ohanapecosh7-2019_gray_p01_2550x3300.sdr.png	o7	6	20	13565	357.2358359961072	330.4550000000006	90.188	
5000-national-park-service-brochures	imazen-26-png-v3/png-v3/5000-national-park-service-brochures/grayscale/5044_nps_mora-ohanapecosh7-2019_gray_p01_2550x3300.sdr.png	o7	6	32	10342	447.97537400154397	448.59699999997815	84.654	
5000-national-park-service-brochures	imazen-26-png-v3/png-v3/5000-national-park-service-brochures/grayscale/5044_nps_mora-ohanapecosh7-2019_gray_p01_2550x3300.sdr.png	o7	6	44	7119	229.322293002042	348.1210000000061	64.660	
5000-national-park-service-brochures	imazen-26-png-v3/png-v3/5000-national-park-service-brochures/grayscale/5044_nps_mora-ohanapecosh7-2019_gray_p01_2550x3300.sdr.png	o7	8	20	14016	250.64269101130776	257.52400000001785	89.477	
5000-national-park-service-brochures	imazen-26-png-v3/png-v3/5000-national-park-service-brochures/grayscale/5044_nps_mora-ohanapecosh7-2019_gray_p01_2550x3300.sdr.png	o7	8	32	11017	259.99859800504055	205.35000000002412	81.028	
5000-national-park-service-brochures	imazen-26-png-v3/png-v3/5000-national-park-service-brochures/grayscale/5044_nps_mora-ohanapecosh7-2019_gray_p01_2550x3300.sdr.png	o7	8	44	6630	571.7260419914965	138.4259999999813	63.366	
5000-national-park-service-brochures	imazen-26-png-v3/png-v3/5000-national-park-service-brochures/grayscale/5044_nps_mora-ohanapecosh7-2019_gray_p01_2550x3300.sdr.png	o7	10	20	14405	365.07536300632637	467.1800000000417	88.946	
5000-national-park-service-brochures	imazen-26-png-v3/png-v3/5000-national-park-service-brochures/grayscale/5044_nps_mora-ohanapecosh7-2019_gray_p01_2550x3300.sdr.png	o7	10	32	11230	170.24279800534714	153.03099999998437	79.403	
5000-national-park-service-brochures	imazen-26-png-v3/png-v3/5000-national-park-service-brochures/grayscale/5044_nps_mora-ohanapecosh7-2019_gray_p01_2550x3300.sdr.png	o7	10	44	7034	149.60168000834528	153.03099999998437	60.675	
5000-national-park-service-brochures	imazen-26-png-v3/png-v3/5000-national-park-service-brochures/grayscale/5044_nps_mora-ohanapecosh7-2019_gray_p01_2550x3300.sdr.png	o8	4	20	11284	215.6602879986167	375.65700000004654	89.406	
5000-national-park-service-brochures	imazen-26-png-v3/png-v3/5000-national-park-service-brochures/grayscale/5044_nps_mora-ohanapecosh7-2019_gray_p01_2550x3300.sdr.png	o8	4	32	8206	321.2903030071175	565.4159999999706	83.481	
5000-national-park-service-brochures	imazen-26-png-v3/png-v3/5000-national-park-service-brochures/grayscale/5044_nps_mora-ohanapecosh7-2019_gray_p01_2550x3300.sdr.png	o8	4	44	5093	300.68206699797884	565.4159999999706	61.236	
5000-national-park-service-brochures	imazen-26-png-v3/png-v3/5000-national-park-service-brochures/grayscale/5044_nps_mora-ohanapecosh7-2019_gray_p01_2550x3300.sdr.png	o8	6	20	13561	388.3309660013765	462.0909999999725	89.800	
5000-national-park-service-brochures	imazen-26-png-v3/png-v3/5000-national-park-service-brochures/grayscale/5044_nps_mora-ohanapecosh7-2019_gray_p01_2550x3300.sdr.png	o8	6	32	10324	784.2344530072296	258.7289999999882	84.407	
5000-national-park-service-brochures	imazen-26-png-v3/png-v3/5000-national-park-service-brochures/grayscale/5044_nps_mora-ohanapecosh7-2019_gray_p01_2550x3300.sdr.png	o8	6	44	7072	591.05685200484	284.4299999999862	64.876	
5000-national-park-service-brochures	imazen-26-png-v3/png-v3/5000-national-park-service-brochures/grayscale/5044_nps_mora-ohanapecosh7-2019_gray_p01_2550x3300.sdr.png	o8	8	20	13970	273.70542800053954	76.1879999999735	89.372	
5000-national-park-service-brochures	imazen-26-png-v3/png-v3/5000-national-park-service-brochures/grayscale/5044_nps_mora-ohanapecosh7-2019_gray_p01_2550x3300.sdr.png	o8	8	32	10976	369.3650589993922	87.4870000000243	80.711	
5000-national-park-service-brochures	imazen-26-png-v3/png-v3/5000-national-park-service-brochures/grayscale/5044_nps_mora-ohanapecosh7-2019_gray_p01_2550x3300.sdr.png	o8	8	44	6577	340.24022000085097	200.53200000005234	63.061	
5000-national-park-service-brochures	imazen-26-png-v3/png-v3/5000-national-park-service-brochures/grayscale/5044_nps_mora-ohanapecosh7-2019_gray_p01_2550x3300.sdr.png	o8	10	20	14372	288.8623409962747	127.80700000000422	88.918	
5000-national-park-service-brochures	imazen-26-png-v3/png-v3/5000-national-park-service-brochures/grayscale/5044_nps_mora-ohanapecosh7-2019_gray_p01_2550x3300.sdr.png	o8	10	32	11202	175.831291009672	78.45700000000022	79.199	
5000-national-park-service-brochures	imazen-26-png-v3/png-v3/5000-national-park-service-brochures/grayscale/5044_nps_mora-ohanapecosh7-2019_gray_p01_2550x3300.sdr.png	o8	10	44	6977	266.5180890035117	234.95199999999272	60.534	
5000-national-park-service-brochures	imazen-26-png-v3/png-v3/5000-national-park-service-brochures/grayscale/5044_nps_mora-ohanapecosh7-2019_gray_p01_2550x3300.sdr.png	o7ac	4	20	11417	681.3965899928007	578.2370000000014	89.534	
5000-national-park-service-brochures	imazen-26-png-v3/png-v3/5000-national-park-service-brochures/grayscale/5044_nps_mora-ohanapecosh7-2019_gray_p01_2550x3300.sdr.png	o7ac	4	32	8233	349.1442590020597	342.28799999998216	83.884	
5000-national-park-service-brochures	imazen-26-png-v3/png-v3/5000-national-park-service-brochures/grayscale/5044_nps_mora-ohanapecosh7-2019_gray_p01_2550x3300.sdr.png	o7ac	4	44	5122	385.1454469986493	183.64199999999187	61.973	
5000-national-park-service-brochures	imazen-26-png-v3/png-v3/5000-national-park-service-brochures/grayscale/5044_nps_mora-ohanapecosh7-2019_gray_p01_2550x3300.sdr.png	o7ac	6	20	13572	334.2605149955489	146.13300000002027	89.771	
5000-national-park-service-brochures	imazen-26-png-v3/png-v3/5000-national-park-service-brochures/grayscale/5044_nps_mora-ohanapecosh7-2019_gray_p01_2550x3300.sdr.png	o7ac	6	32	10355	380.67244399280753	259.33299999999804	84.736	
5000-national-park-service-brochures	imazen-26-png-v3/png-v3/5000-national-park-service-brochures/grayscale/5044_nps_mora-ohanapecosh7-2019_gray_p01_2550x3300.sdr.png	o7ac	6	44	7120	90.1429170044139	58.78900000000442	64.658	
5000-national-park-service-brochures	imazen-26-png-v3/png-v3/5000-national-park-service-brochures/grayscale/5044_nps_mora-ohanapecosh7-2019_gray_p01_2550x3300.sdr.png	o7ac	8	20	14038	311.75129899929743	303.3189999999877	89.507	
5000-national-park-service-brochures	imazen-26-png-v3/png-v3/5000-national-park-service-brochures/grayscale/5044_nps_mora-ohanapecosh7-2019_gray_p01_2550x3300.sdr.png	o7ac	8	32	11044	144.7943410021253	123.1679999999642	81.080	
5000-national-park-service-brochures	imazen-26-png-v3/png-v3/5000-national-park-service-brochures/grayscale/5044_nps_mora-ohanapecosh7-2019_gray_p01_2550x3300.sdr.png	o7ac	8	44	6634	139.52724800037686	123.1679999999642	63.366	
5000-national-park-service-brochures	imazen-26-png-v3/png-v3/5000-national-park-service-brochures/grayscale/5044_nps_mora-ohanapecosh7-2019_gray_p01_2550x3300.sdr.png	o7ac	10	20	14432	218.1963940092828	272.56099999999606	88.948	
5000-national-park-service-brochures	imazen-26-png-v3/png-v3/5000-national-park-service-brochures/grayscale/5044_nps_mora-ohanapecosh7-2019_gray_p01_2550x3300.sdr.png	o7ac	10	32	11235	259.1850729950238	223.1599999999787	79.408	
5000-national-park-service-brochures	imazen-26-png-v3/png-v3/5000-national-park-service-brochures/grayscale/5044_nps_mora-ohanapecosh7-2019_gray_p01_2550x3300.sdr.png	o7ac	10	44	7061	134.59486099600326	148.10299999999188	60.839	
5000-national-park-service-brochures	imazen-26-png-v3/png-v3/5000-national-park-service-brochures/grayscale/5058_nps_shen-bigmeadows-roadtrail_gray_p02_2550x3300.sdr.png	t1	4	20	12081	258.0778200062923	364.36099999997396	92.883	
5000-national-park-service-brochures	imazen-26-png-v3/png-v3/5000-national-park-service-brochures/grayscale/5058_nps_shen-bigmeadows-roadtrail_gray_p02_2550x3300.sdr.png	t1	4	32	9497	485.6691759923706	417.792999999989	90.000	
5000-national-park-service-brochures	imazen-26-png-v3/png-v3/5000-national-park-service-brochures/grayscale/5058_nps_shen-bigmeadows-roadtrail_gray_p02_2550x3300.sdr.png	t1	4	44	6923	402.40397200977895	218.26599999998564	82.346	
5000-national-park-service-brochures	imazen-26-png-v3/png-v3/5000-national-park-service-brochures/grayscale/5058_nps_shen-bigmeadows-roadtrail_gray_p02_2550x3300.sdr.png	t1	6	20	20741	139.81588601018302	265.76299999999264	92.321	
5000-national-park-service-brochures	imazen-26-png-v3/png-v3/5000-national-park-service-brochures/grayscale/5058_nps_shen-bigmeadows-roadtrail_gray_p02_2550x3300.sdr.png	t1	6	32	16479	169.00682100094855	72.83199999999113	90.535	
5000-national-park-service-brochures	imazen-26-png-v3/png-v3/5000-national-park-service-brochures/grayscale/5058_nps_shen-bigmeadows-roadtrail_gray_p02_2550x3300.sdr.png	t1	6	44	12988	145.85374199668877	126.82500000001085	85.865	
5000-national-park-service-brochures	imazen-26-png-v3/png-v3/5000-national-park-service-brochures/grayscale/5058_nps_shen-bigmeadows-roadtrail_gray_p02_2550x3300.sdr.png	t1	8	20	32941	166.710260004038	139.6739999999852	89.900	
5000-national-park-service-brochures	imazen-26-png-v3/png-v3/5000-national-park-service-brochures/grayscale/5058_nps_shen-bigmeadows-roadtrail_gray_p02_2550x3300.sdr.png	t1	8	32	23858	223.3262259978801	129.5170000000212	86.523	
5000-national-park-service-brochures	imazen-26-png-v3/png-v3/5000-national-park-service-brochures/grayscale/5058_nps_shen-bigmeadows-roadtrail_gray_p02_2550x3300.sdr.png	t1	8	44	15112	219.66841899848077	94.6050000000156	72.905	
5000-national-park-service-brochures	imazen-26-png-v3/png-v3/5000-national-park-service-brochures/grayscale/5058_nps_shen-bigmeadows-roadtrail_gray_p02_2550x3300.sdr.png	t1	10	20	41628	137.2539309959393	176.59399999998016	89.429	
5000-national-park-service-brochures	imazen-26-png-v3/png-v3/5000-national-park-service-brochures/grayscale/5058_nps_shen-bigmeadows-roadtrail_gray_p02_2550x3300.sdr.png	t1	10	32	29028	221.49894598987885	119.4759999999917	83.694	
5000-national-park-service-brochures	imazen-26-png-v3/png-v3/5000-national-park-service-brochures/grayscale/5058_nps_shen-bigmeadows-roadtrail_gray_p02_2550x3300.sdr.png	t1	10	44	16533	277.2334379988024	125.6739999999752	68.603	
5000-national-park-service-brochures	imazen-26-png-v3/png-v3/5000-national-park-service-brochures/grayscale/5058_nps_shen-bigmeadows-roadtrail_gray_p02_2550x3300.sdr.png	t3	4	20	12388	384.6478820050834	367.13600000004476	90.001	
5000-national-park-service-brochures	imazen-26-png-v3/png-v3/5000-national-park-service-brochures/grayscale/5058_nps_shen-bigmeadows-roadtrail_gray_p02_2550x3300.sdr.png	t3	4	32	9558	415.3559080004925	490.15500000001566	88.941	
5000-national-park-service-brochures	imazen-26-png-v3/png-v3/5000-national-park-service-brochures/grayscale/5058_nps_shen-bigmeadows-roadtrail_gray_p02_2550x3300.sdr.png	t3	4	44	6885	343.8338450068841	576.572999999982	82.149	
5000-national-park-service-brochures	imazen-26-png-v3/png-v3/5000-national-park-service-brochures/grayscale/5058_nps_shen-bigmeadows-roadtrail_gray_p02_2550x3300.sdr.png	t3	6	20	21147	455.8285569946747	650.9040000000113	92.168	
5000-national-park-service-brochures	imazen-26-png-v3/png-v3/5000-national-park-service-brochures/grayscale/5058_nps_shen-bigmeadows-roadtrail_gray_p02_2550x3300.sdr.png	t3	6	32	16142	312.5642929953756	142.69200000001092	90.060	
5000-national-park-service-brochures	imazen-26-png-v3/png-v3/5000-national-park-service-brochures/grayscale/5058_nps_shen-bigmeadows-roadtrail_gray_p02_2550x3300.sdr.png	t3	6	44	13009	146.28985998569988	167.19400000000917	84.681	
5000-national-park-service-brochures	imazen-26-png-v3/png-v3/5000-national-park-service-brochures/grayscale/5058_nps_shen-bigmeadows-roadtrail_gray_p02_2550x3300.sdr.png	t3	8	20	21447	380.9860779874725	257.6909999999941	90.828	
5000-national-park-service-brochures	imazen-26-png-v3/png-v3/5000-national-park-service-brochures/grayscale/5058_nps_shen-bigmeadows-roadtrail_gray_p02_2550x3300.sdr.png	t3	8	32	17556	121.64118100190535	145.29099999995765	86.634	
5000-national-park-service-brochures	imazen-26-png-v3/png-v3/5000-national-park-service-brochures/grayscale/5058_nps_shen-bigmeadows-roadtrail_gray_p02_2550x3300.sdr.png	t3	8	44	11073	240.19200500333682	63.056999999986374	79.492	
5000-national-park-service-brochures	imazen-26-png-v3/png-v3/5000-national-park-service-brochures/grayscale/5058_nps_shen-bigmeadows-roadtrail_gray_p02_2550x3300.sdr.png	t3	10	20	20638	286.4271869912045	125.19699999998579	91.083	
5000-national-park-service-brochures	imazen-26-png-v3/png-v3/5000-national-park-service-brochures/grayscale/5058_nps_shen-bigmeadows-roadtrail_gray_p02_2550x3300.sdr.png	t3	10	32	16639	246.91662500845268	186.15900000003194	84.768	
5000-national-park-service-brochures	imazen-26-png-v3/png-v3/5000-national-park-service-brochures/grayscale/5058_nps_shen-bigmeadows-roadtrail_gray_p02_2550x3300.sdr.png	t3	10	44	10669	384.59638399945106	231.56900000000746	77.036	
5000-national-park-service-brochures	imazen-26-png-v3/png-v3/5000-national-park-service-brochures/grayscale/5058_nps_shen-bigmeadows-roadtrail_gray_p02_2550x3300.sdr.png	o6	4	20	12323	326.8275600130437	307.9919999999987	90.087	
5000-national-park-service-brochures	imazen-26-png-v3/png-v3/5000-national-park-service-brochures/grayscale/5058_nps_shen-bigmeadows-roadtrail_gray_p02_2550x3300.sdr.png	o6	4	32	9402	362.73459799122065	453.27199999999834	88.904	
5000-national-park-service-brochures	imazen-26-png-v3/png-v3/5000-national-park-service-brochures/grayscale/5058_nps_shen-bigmeadows-roadtrail_gray_p02_2550x3300.sdr.png	o6	4	44	6769	469.4034569984069	621.8290000000053	81.957	
5000-national-park-service-brochures	imazen-26-png-v3/png-v3/5000-national-park-service-brochures/grayscale/5058_nps_shen-bigmeadows-roadtrail_gray_p02_2550x3300.sdr.png	o6	6	20	20992	319.11125499755144	435.6040000000121	92.162	
5000-national-park-service-brochures	imazen-26-png-v3/png-v3/5000-national-park-service-brochures/grayscale/5058_nps_shen-bigmeadows-roadtrail_gray_p02_2550x3300.sdr.png	o6	6	32	16014	137.87603200762533	106.6780000000449	90.203	
5000-national-park-service-brochures	imazen-26-png-v3/png-v3/5000-national-park-service-brochures/grayscale/5058_nps_shen-bigmeadows-roadtrail_gray_p02_2550x3300.sdr.png	o6	6	44	12914	397.4061609915225	298.2560000000092	84.603	
5000-national-park-service-brochures	imazen-26-png-v3/png-v3/5000-national-park-service-brochures/grayscale/5058_nps_shen-bigmeadows-roadtrail_gray_p02_2550x3300.sdr.png	o6	8	20	21235	198.9952600124525	148.81299999997566	90.891	
5000-national-park-service-brochures	imazen-26-png-v3/png-v3/5000-national-park-service-brochures/grayscale/5058_nps_shen-bigmeadows-roadtrail_gray_p02_2550x3300.sdr.png	o6	8	32	17334	153.1773300084751	116.98099999998135	86.584	
5000-national-park-service-brochures	imazen-26-png-v3/png-v3/5000-national-park-service-brochures/grayscale/5058_nps_shen-bigmeadows-roadtrail_gray_p02_2550x3300.sdr.png	o6	8	44	10799	473.7038540042704	208.3329999999961	79.393	
5000-national-park-service-brochures	imazen-26-png-v3/png-v3/5000-national-park-service-brochures/grayscale/5058_nps_shen-bigmeadows-roadtrail_gray_p02_2550x3300.sdr.png	o6	10	20	20370	338.1422569946153	118.32099999999457	90.999	
5000-national-park-service-brochures	imazen-26-png-v3/png-v3/5000-national-park-service-brochures/grayscale/5058_nps_shen-bigmeadows-roadtrail_gray_p02_2550x3300.sdr.png	o6	10	32	16392	110.22029300511349	93.16000000001168	84.737	
5000-national-park-service-brochures	imazen-26-png-v3/png-v3/5000-national-park-service-brochures/grayscale/5058_nps_shen-bigmeadows-roadtrail_gray_p02_2550x3300.sdr.png	o6	10	44	10339	312.5817950058263	224.31499999999005	76.824	
5000-national-park-service-brochures	imazen-26-png-v3/png-v3/5000-national-park-service-brochures/grayscale/5058_nps_shen-bigmeadows-roadtrail_gray_p02_2550x3300.sdr.png	o7	4	20	12260	371.0773209895706	327.6100000000355	90.069	
5000-national-park-service-brochures	imazen-26-png-v3/png-v3/5000-national-park-service-brochures/grayscale/5058_nps_shen-bigmeadows-roadtrail_gray_p02_2550x3300.sdr.png	o7	4	32	9318	284.2870029999176	398.4439999999978	88.983	
5000-national-park-service-brochures	imazen-26-png-v3/png-v3/5000-national-park-service-brochures/grayscale/5058_nps_shen-bigmeadows-roadtrail_gray_p02_2550x3300.sdr.png	o7	4	44	6708	274.27715400699526	613.9859999999828	82.036	
5000-national-park-service-brochures	imazen-26-png-v3/png-v3/5000-national-park-service-brochures/grayscale/5058_nps_shen-bigmeadows-roadtrail_gray_p02_2550x3300.sdr.png	o7	6	20	20947	253.68765300663654	613.9859999999828	92.235	
5000-national-park-service-brochures	imazen-26-png-v3/png-v3/5000-national-park-service-brochures/grayscale/5058_nps_shen-bigmeadows-roadtrail_gray_p02_2550x3300.sdr.png	o7	6	32	15905	205.80979199439753	244.91300000002525	90.191	
5000-national-park-service-brochures	imazen-26-png-v3/png-v3/5000-national-park-service-brochures/grayscale/5058_nps_shen-bigmeadows-roadtrail_gray_p02_2550x3300.sdr.png	o7	6	44	12864	210.84380100364797	237.65600000002962	84.660	
5000-national-park-service-brochures	imazen-26-png-v3/png-v3/5000-national-park-service-brochures/grayscale/5058_nps_shen-bigmeadows-roadtrail_gray_p02_2550x3300.sdr.png	o7	8	20	21092	464.44158400117885	332.9140000000308	90.947	
5000-national-park-service-brochures	imazen-26-png-v3/png-v3/5000-national-park-service-brochures/grayscale/5058_nps_shen-bigmeadows-roadtrail_gray_p02_2550x3300.sdr.png	o7	8	32	17220	484.0803189872531	392.91000000000054	86.619	
5000-national-park-service-brochures	imazen-26-png-v3/png-v3/5000-national-park-service-brochures/grayscale/5058_nps_shen-bigmeadows-roadtrail_gray_p02_2550x3300.sdr.png	o7	8	44	10604	193.7534360040445	126.6729999999967	79.320	
5000-national-park-service-brochures	imazen-26-png-v3/png-v3/5000-national-park-service-brochures/grayscale/5058_nps_shen-bigmeadows-roadtrail_gray_p02_2550x3300.sdr.png	o7	10	20	20200	188.5996890050592	148.438999999982	91.044	
5000-national-park-service-brochures	imazen-26-png-v3/png-v3/5000-national-park-service-brochures/grayscale/5058_nps_shen-bigmeadows-roadtrail_gray_p02_2550x3300.sdr.png	o7	10	32	16267	148.08112199534662	130.43299999996805	84.745	
5000-national-park-service-brochures	imazen-26-png-v3/png-v3/5000-national-park-service-brochures/grayscale/5058_nps_shen-bigmeadows-roadtrail_gray_p02_2550x3300.sdr.png	o7	10	44	10115	137.4798899923917	130.43299999996805	76.720	
5000-national-park-service-brochures	imazen-26-png-v3/png-v3/5000-national-park-service-brochures/grayscale/5058_nps_shen-bigmeadows-roadtrail_gray_p02_2550x3300.sdr.png	o8	4	20	12260	512.564119999297	559.6320000000077	90.069	
5000-national-park-service-brochures	imazen-26-png-v3/png-v3/5000-national-park-service-brochures/grayscale/5058_nps_shen-bigmeadows-roadtrail_gray_p02_2550x3300.sdr.png	o8	4	32	9318	253.27904699952342	398.1600000000043	88.983	
5000-national-park-service-brochures	imazen-26-png-v3/png-v3/5000-national-park-service-brochures/grayscale/5058_nps_shen-bigmeadows-roadtrail_gray_p02_2550x3300.sdr.png	o8	4	44	6708	335.84681700449437	681.4239999999785	82.034	
5000-national-park-service-brochures	imazen-26-png-v3/png-v3/5000-national-park-service-brochures/grayscale/5058_nps_shen-bigmeadows-roadtrail_gray_p02_2550x3300.sdr.png	o8	6	20	20947	250.6825070013292	642.8789999999935	92.239	
5000-national-park-service-brochures	imazen-26-png-v3/png-v3/5000-national-park-service-brochures/grayscale/5058_nps_shen-bigmeadows-roadtrail_gray_p02_2550x3300.sdr.png	o8	6	32	15905	213.6082910001278	337.46200000000215	90.191	
5000-national-park-service-brochures	imazen-26-png-v3/png-v3/5000-national-park-service-brochures/grayscale/5058_nps_shen-bigmeadows-roadtrail_gray_p02_2550x3300.sdr.png	o8	6	44	12861	103.54004699911457	175.7029999999702	84.660	
5000-national-park-service-brochures	imazen-26-png-v3/png-v3/5000-national-park-service-brochures/grayscale/5058_nps_shen-bigmeadows-roadtrail_gray_p02_2550x3300.sdr.png	o8	8	20	21092	221.15110600134358	128.130999999982	90.965	
5000-national-park-service-brochures	imazen-26-png-v3/png-v3/5000-national-park-service-brochures/grayscale/5058_nps_shen-bigmeadows-roadtrail_gray_p02_2550x3300.sdr.png	o8	8	32	17220	237.52568100462668	157.86799999997925	86.610	
5000-national-park-service-brochures	imazen-26-png-v3/png-v3/5000-national-park-service-brochures/grayscale/5058_nps_shen-bigmeadows-roadtrail_gray_p02_2550x3300.sdr.png	o8	8	44	10601	257.6202220079722	232.90000000000077	79.319	
5000-national-park-service-brochures	imazen-26-png-v3/png-v3/5000-national-park-service-brochures/grayscale/5058_nps_shen-bigmeadows-roadtrail_gray_p02_2550x3300.sdr.png	o8	10	20	20199	387.4300359893823	85.0979999999737	91.039	
5000-national-park-service-brochures	imazen-26-png-v3/png-v3/5000-national-park-service-brochures/grayscale/5058_nps_shen-bigmeadows-roadtrail_gray_p02_2550x3300.sdr.png	o8	10	32	16267	370.9342200018	109.27300000000173	84.741	
5000-national-park-service-brochures	imazen-26-png-v3/png-v3/5000-national-park-service-brochures/grayscale/5058_nps_shen-bigmeadows-roadtrail_gray_p02_2550x3300.sdr.png	o8	10	44	10115	249.39763599832077	146.38199999998847	76.709	
5000-national-park-service-brochures	imazen-26-png-v3/png-v3/5000-national-park-service-brochures/grayscale/5058_nps_shen-bigmeadows-roadtrail_gray_p02_2550x3300.sdr.png	o7ac	4	20	12324	296.7698079883121	260.506000000035	92.081	
5000-national-park-service-brochures	imazen-26-png-v3/png-v3/5000-national-park-service-brochures/grayscale/5058_nps_shen-bigmeadows-roadtrail_gray_p02_2550x3300.sdr.png	o7ac	4	32	9328	275.36939799028914	417.6300000000168	89.011	
5000-national-park-service-brochures	imazen-26-png-v3/png-v3/5000-national-park-service-brochures/grayscale/5058_nps_shen-bigmeadows-roadtrail_gray_p02_2550x3300.sdr.png	o7ac	4	44	6705	332.5576200004434	649.8780000000153	82.058	
5000-national-park-service-brochures	imazen-26-png-v3/png-v3/5000-national-park-service-brochures/grayscale/5058_nps_shen-bigmeadows-roadtrail_gray_p02_2550x3300.sdr.png	o7ac	6	20	20960	199.95536300120875	337.08600000001354	92.111	
5000-national-park-service-brochures	imazen-26-png-v3/png-v3/5000-national-park-service-brochures/grayscale/5058_nps_shen-bigmeadows-roadtrail_gray_p02_2550x3300.sdr.png	o7ac	6	32	15941	315.1820039929589	430.1020000000051	90.156	
5000-national-park-service-brochures	imazen-26-png-v3/png-v3/5000-national-park-service-brochures/grayscale/5058_nps_shen-bigmeadows-roadtrail_gray_p02_2550x3300.sdr.png	o7ac	6	44	12860	351.58301099727396	441.599999999994	84.704	
5000-national-park-service-brochures	imazen-26-png-v3/png-v3/5000-national-park-service-brochures/grayscale/5058_nps_shen-bigmeadows-roadtrail_gray_p02_2550x3300.sdr.png	o7ac	8	20	21134	167.31290500320029	196.01399999999103	91.004	
5000-national-park-service-brochures	imazen-26-png-v3/png-v3/5000-national-park-service-brochures/grayscale/5058_nps_shen-bigmeadows-roadtrail_gray_p02_2550x3300.sdr.png	o7ac	8	32	17246	194.7257520077983	185.12299999997595	86.665	
5000-national-park-service-brochures	imazen-26-png-v3/png-v3/5000-national-park-service-brochures/grayscale/5058_nps_shen-bigmeadows-roadtrail_gray_p02_2550x3300.sdr.png	o7ac	8	44	10617	154.13610100222286	136.56200000001206	79.350	
5000-national-park-service-brochures	imazen-26-png-v3/png-v3/5000-national-park-service-brochures/grayscale/5058_nps_shen-bigmeadows-roadtrail_gray_p02_2550x3300.sdr.png	o7ac	10	20	20200	163.82720399997197	202.47799999998506	91.044	
5000-national-park-service-brochures	imazen-26-png-v3/png-v3/5000-national-park-service-brochures/grayscale/5058_nps_shen-bigmeadows-roadtrail_gray_p02_2550x3300.sdr.png	o7ac	10	32	16269	417.7884480013745	187.4790000000388	84.754	
5000-national-park-service-brochures	imazen-26-png-v3/png-v3/5000-national-park-service-brochures/grayscale/5058_nps_shen-bigmeadows-roadtrail_gray_p02_2550x3300.sdr.png	o7ac	10	44	10115	230.09179400105495	139.66699999996024	76.720	
5200-epa-climate-impact-2021-report	imazen-26-png-v3/png-v3/5200-epa-climate-impact-2021-report/5202_epa_climate-impact-2021_fig-es1-six-impacts_p005_2968x3841.sdr.png	t1	4	20	10552	519.927914996515	191.31799999999544	80.770	
5200-epa-climate-impact-2021-report	imazen-26-png-v3/png-v3/5200-epa-climate-impact-2021-report/5202_epa_climate-impact-2021_fig-es1-six-impacts_p005_2968x3841.sdr.png	t1	4	32	6079	308.23923999560066	807.0440000000332	67.817	
5200-epa-climate-impact-2021-report	imazen-26-png-v3/png-v3/5200-epa-climate-impact-2021-report/5202_epa_climate-impact-2021_fig-es1-six-impacts_p005_2968x3841.sdr.png	t1	4	44	3061	212.63691599597223	920.8569999999696	47.580	
5200-epa-climate-impact-2021-report	imazen-26-png-v3/png-v3/5200-epa-climate-impact-2021-report/5202_epa_climate-impact-2021_fig-es1-six-impacts_p005_2968x3841.sdr.png	t1	6	20	11407	186.35512700711843	717.6249999999555	80.574	
5200-epa-climate-impact-2021-report	imazen-26-png-v3/png-v3/5200-epa-climate-impact-2021-report/5202_epa_climate-impact-2021_fig-es1-six-impacts_p005_2968x3841.sdr.png	t1	6	32	6668	181.0415960062528	633.1980000000073	66.830	
5200-epa-climate-impact-2021-report	imazen-26-png-v3/png-v3/5200-epa-climate-impact-2021-report/5202_epa_climate-impact-2021_fig-es1-six-impacts_p005_2968x3841.sdr.png	t1	6	44	3264	165.34305299865082	355.3490000000039	46.698	
5200-epa-climate-impact-2021-report	imazen-26-png-v3/png-v3/5200-epa-climate-impact-2021-report/5202_epa_climate-impact-2021_fig-es1-six-impacts_p005_2968x3841.sdr.png	t1	8	20	12455	107.94248798629269	169.19700000002535	80.422	
5200-epa-climate-impact-2021-report	imazen-26-png-v3/png-v3/5200-epa-climate-impact-2021-report/5202_epa_climate-impact-2021_fig-es1-six-impacts_p005_2968x3841.sdr.png	t1	8	32	7255	149.81916299439035	600.213000000025	67.067	
5200-epa-climate-impact-2021-report	imazen-26-png-v3/png-v3/5200-epa-climate-impact-2021-report/5202_epa_climate-impact-2021_fig-es1-six-impacts_p005_2968x3841.sdr.png	t1	8	44	3458	160.39028800150845	828.7169999999549	44.242	
5200-epa-climate-impact-2021-report	imazen-26-png-v3/png-v3/5200-epa-climate-impact-2021-report/5202_epa_climate-impact-2021_fig-es1-six-impacts_p005_2968x3841.sdr.png	t1	10	20	13931	178.45124599989504	889.8299999999892	80.594	
5200-epa-climate-impact-2021-report	imazen-26-png-v3/png-v3/5200-epa-climate-impact-2021-report/5202_epa_climate-impact-2021_fig-es1-six-impacts_p005_2968x3841.sdr.png	t1	10	32	7749	139.41871099814307	792.2409999999616	67.875	
5200-epa-climate-impact-2021-report	imazen-26-png-v3/png-v3/5200-epa-climate-impact-2021-report/5202_epa_climate-impact-2021_fig-es1-six-impacts_p005_2968x3841.sdr.png	t1	10	44	3663	828.3474460040452	235.78500000002123	45.200	
5200-epa-climate-impact-2021-report	imazen-26-png-v3/png-v3/5200-epa-climate-impact-2021-report/5202_epa_climate-impact-2021_fig-es1-six-impacts_p005_2968x3841.sdr.png	t3	4	20	13401	686.4278849971015	205.1060000000149	86.069	
5200-epa-climate-impact-2021-report	imazen-26-png-v3/png-v3/5200-epa-climate-impact-2021-report/5202_epa_climate-impact-2021_fig-es1-six-impacts_p005_2968x3841.sdr.png	t3	4	32	8636	327.76725399889983	543.0290000000042	79.040	
5200-epa-climate-impact-2021-report	imazen-26-png-v3/png-v3/5200-epa-climate-impact-2021-report/5202_epa_climate-impact-2021_fig-es1-six-impacts_p005_2968x3841.sdr.png	t3	4	44	4486	247.05186199571472	473.23000000002935	62.892	
5200-epa-climate-impact-2021-report	imazen-26-png-v3/png-v3/5200-epa-climate-impact-2021-report/5202_epa_climate-impact-2021_fig-es1-six-impacts_p005_2968x3841.sdr.png	t3	6	20	14283	280.6109020020813	622.651999999988	86.041	
5200-epa-climate-impact-2021-report	imazen-26-png-v3/png-v3/5200-epa-climate-impact-2021-report/5202_epa_climate-impact-2021_fig-es1-six-impacts_p005_2968x3841.sdr.png	t3	6	32	9309	204.23430000664666	112.27699999997753	79.130	
5200-epa-climate-impact-2021-report	imazen-26-png-v3/png-v3/5200-epa-climate-impact-2021-report/5202_epa_climate-impact-2021_fig-es1-six-impacts_p005_2968x3841.sdr.png	t3	6	44	4825	300.3338169946801	814.5020000000045	62.795	
5200-epa-climate-impact-2021-report	imazen-26-png-v3/png-v3/5200-epa-climate-impact-2021-report/5202_epa_climate-impact-2021_fig-es1-six-impacts_p005_2968x3841.sdr.png	t3	8	20	15612	197.1085969998967	306.11999999999284	85.768	
5200-epa-climate-impact-2021-report	imazen-26-png-v3/png-v3/5200-epa-climate-impact-2021-report/5202_epa_climate-impact-2021_fig-es1-six-impacts_p005_2968x3841.sdr.png	t3	8	32	10145	204.59829099127091	320.3549999999922	78.815	
5200-epa-climate-impact-2021-report	imazen-26-png-v3/png-v3/5200-epa-climate-impact-2021-report/5202_epa_climate-impact-2021_fig-es1-six-impacts_p005_2968x3841.sdr.png	t3	8	44	5188	188.75094500253908	280.7379999999995	63.680	
5200-epa-climate-impact-2021-report	imazen-26-png-v3/png-v3/5200-epa-climate-impact-2021-report/5202_epa_climate-impact-2021_fig-es1-six-impacts_p005_2968x3841.sdr.png	t3	10	20	17143	193.6723919934593	344.70800000003976	85.395	
5200-epa-climate-impact-2021-report	imazen-26-png-v3/png-v3/5200-epa-climate-impact-2021-report/5202_epa_climate-impact-2021_fig-es1-six-impacts_p005_2968x3841.sdr.png	t3	10	32	11001	187.75293001090176	371.9279999999969	78.388	
5200-epa-climate-impact-2021-report	imazen-26-png-v3/png-v3/5200-epa-climate-impact-2021-report/5202_epa_climate-impact-2021_fig-es1-six-impacts_p005_2968x3841.sdr.png	t3	10	44	5613	132.96870299382135	77.76700000000858	63.252	
5200-epa-climate-impact-2021-report	imazen-26-png-v3/png-v3/5200-epa-climate-impact-2021-report/5202_epa_climate-impact-2021_fig-es1-six-impacts_p005_2968x3841.sdr.png	o6	4	20	12787	265.13882000290323	148.10400000001778	85.717	
5200-epa-climate-impact-2021-report	imazen-26-png-v3/png-v3/5200-epa-climate-impact-2021-report/5202_epa_climate-impact-2021_fig-es1-six-impacts_p005_2968x3841.sdr.png	o6	4	32	7981	440.00663100450765	276.56200000002684	77.629	
5200-epa-climate-impact-2021-report	imazen-26-png-v3/png-v3/5200-epa-climate-impact-2021-report/5202_epa_climate-impact-2021_fig-es1-six-impacts_p005_2968x3841.sdr.png	o6	4	44	3935	289.11305700603407	342.330000000004	61.372	
5200-epa-climate-impact-2021-report	imazen-26-png-v3/png-v3/5200-epa-climate-impact-2021-report/5202_epa_climate-impact-2021_fig-es1-six-impacts_p005_2968x3841.sdr.png	o6	6	20	13526	297.5231989985332	680.7569999999998	85.352	
5200-epa-climate-impact-2021-report	imazen-26-png-v3/png-v3/5200-epa-climate-impact-2021-report/5202_epa_climate-impact-2021_fig-es1-six-impacts_p005_2968x3841.sdr.png	o6	6	32	8523	192.4210459983442	387.872999999999	77.510	
5200-epa-climate-impact-2021-report	imazen-26-png-v3/png-v3/5200-epa-climate-impact-2021-report/5202_epa_climate-impact-2021_fig-es1-six-impacts_p005_2968x3841.sdr.png	o6	6	44	4234	200.52753000345547	468.3780000000297	59.481	
5200-epa-climate-impact-2021-report	imazen-26-png-v3/png-v3/5200-epa-climate-impact-2021-report/5202_epa_climate-impact-2021_fig-es1-six-impacts_p005_2968x3841.sdr.png	o6	8	20	14809	134.1542350128293	367.6320000000004	84.867	
5200-epa-climate-impact-2021-report	imazen-26-png-v3/png-v3/5200-epa-climate-impact-2021-report/5202_epa_climate-impact-2021_fig-es1-six-impacts_p005_2968x3841.sdr.png	o6	8	32	9259	159.92795999045484	420.8849999999984	77.305	
5200-epa-climate-impact-2021-report	imazen-26-png-v3/png-v3/5200-epa-climate-impact-2021-report/5202_epa_climate-impact-2021_fig-es1-six-impacts_p005_2968x3841.sdr.png	o6	8	44	4520	154.9565189925488	372.967999999986	60.068	
5200-epa-climate-impact-2021-report	imazen-26-png-v3/png-v3/5200-epa-climate-impact-2021-report/5202_epa_climate-impact-2021_fig-es1-six-impacts_p005_2968x3841.sdr.png	o6	10	20	16177	185.8803840004839	438.64399999998227	84.959	
5200-epa-climate-impact-2021-report	imazen-26-png-v3/png-v3/5200-epa-climate-impact-2021-report/5202_epa_climate-impact-2021_fig-es1-six-impacts_p005_2968x3841.sdr.png	o6	10	32	9979	138.70703100110404	309.6079999999972	76.969	
5200-epa-climate-impact-2021-report	imazen-26-png-v3/png-v3/5200-epa-climate-impact-2021-report/5202_epa_climate-impact-2021_fig-es1-six-impacts_p005_2968x3841.sdr.png	o6	10	44	4834	113.70100299245678	213.96799999997995	60.185	
5200-epa-climate-impact-2021-report	imazen-26-png-v3/png-v3/5200-epa-climate-impact-2021-report/5202_epa_climate-impact-2021_fig-es1-six-impacts_p005_2968x3841.sdr.png	o7	4	20	11914	269.39801799017005	156.866999999977	83.935	
5200-epa-climate-impact-2021-report	imazen-26-png-v3/png-v3/5200-epa-climate-impact-2021-report/5202_epa_climate-impact-2021_fig-es1-six-impacts_p005_2968x3841.sdr.png	o7	4	32	7133	392.17713999096304	205.7259999999843	75.157	
5200-epa-climate-impact-2021-report	imazen-26-png-v3/png-v3/5200-epa-climate-impact-2021-report/5202_epa_climate-impact-2021_fig-es1-six-impacts_p005_2968x3841.sdr.png	o7	4	44	3503	374.94716099172365	310.99200000002725	56.861	
5200-epa-climate-impact-2021-report	imazen-26-png-v3/png-v3/5200-epa-climate-impact-2021-report/5202_epa_climate-impact-2021_fig-es1-six-impacts_p005_2968x3841.sdr.png	o7	6	20	12672	171.0000759921968	213.73499999998558	84.371	
5200-epa-climate-impact-2021-report	imazen-26-png-v3/png-v3/5200-epa-climate-impact-2021-report/5202_epa_climate-impact-2021_fig-es1-six-impacts_p005_2968x3841.sdr.png	o7	6	32	7586	205.51123398763593	197.81999999995037	75.100	
5200-epa-climate-impact-2021-report	imazen-26-png-v3/png-v3/5200-epa-climate-impact-2021-report/5202_epa_climate-impact-2021_fig-es1-six-impacts_p005_2968x3841.sdr.png	o7	6	44	3745	133.21108400123194	72.91799999997295	55.605	
5200-epa-climate-impact-2021-report	imazen-26-png-v3/png-v3/5200-epa-climate-impact-2021-report/5202_epa_climate-impact-2021_fig-es1-six-impacts_p005_2968x3841.sdr.png	o7	8	20	13820	399.7063690039795	425.6720000000058	83.507	
5200-epa-climate-impact-2021-report	imazen-26-png-v3/png-v3/5200-epa-climate-impact-2021-report/5202_epa_climate-impact-2021_fig-es1-six-impacts_p005_2968x3841.sdr.png	o7	8	32	8251	159.09561999433208	165.48200000003987	74.750	
5200-epa-climate-impact-2021-report	imazen-26-png-v3/png-v3/5200-epa-climate-impact-2021-report/5202_epa_climate-impact-2021_fig-es1-six-impacts_p005_2968x3841.sdr.png	o7	8	44	3945	337.9065290064318	318.23700000001054	55.584	
5200-epa-climate-impact-2021-report	imazen-26-png-v3/png-v3/5200-epa-climate-impact-2021-report/5202_epa_climate-impact-2021_fig-es1-six-impacts_p005_2968x3841.sdr.png	o7	10	20	15107	214.99764900363516	188.90000000000384	83.738	
5200-epa-climate-impact-2021-report	imazen-26-png-v3/png-v3/5200-epa-climate-impact-2021-report/5202_epa_climate-impact-2021_fig-es1-six-impacts_p005_2968x3841.sdr.png	o7	10	32	8843	295.0705820112489	385.7799999999685	74.739	
5200-epa-climate-impact-2021-report	imazen-26-png-v3/png-v3/5200-epa-climate-impact-2021-report/5202_epa_climate-impact-2021_fig-es1-six-impacts_p005_2968x3841.sdr.png	o7	10	44	4178	179.31039800168946	286.0979999999955	55.302	
5200-epa-climate-impact-2021-report	imazen-26-png-v3/png-v3/5200-epa-climate-impact-2021-report/5202_epa_climate-impact-2021_fig-es1-six-impacts_p005_2968x3841.sdr.png	o8	4	20	11483	264.1343430004781	498.85899999998173	83.489	
5200-epa-climate-impact-2021-report	imazen-26-png-v3/png-v3/5200-epa-climate-impact-2021-report/5202_epa_climate-impact-2021_fig-es1-six-impacts_p005_2968x3841.sdr.png	o8	4	32	6808	337.5816619955003	407.4690000000061	73.687	
5200-epa-climate-impact-2021-report	imazen-26-png-v3/png-v3/5200-epa-climate-impact-2021-report/5202_epa_climate-impact-2021_fig-es1-six-impacts_p005_2968x3841.sdr.png	o8	4	44	3332	511.7628990119556	210.01100000002282	54.892	
5200-epa-climate-impact-2021-report	imazen-26-png-v3/png-v3/5200-epa-climate-impact-2021-report/5202_epa_climate-impact-2021_fig-es1-six-impacts_p005_2968x3841.sdr.png	o8	6	20	12245	648.8943669974105	468.1269999999955	83.831	
5200-epa-climate-impact-2021-report	imazen-26-png-v3/png-v3/5200-epa-climate-impact-2021-report/5202_epa_climate-impact-2021_fig-es1-six-impacts_p005_2968x3841.sdr.png	o8	6	32	7221	541.9929869967746	292.7869999999899	73.393	
5200-epa-climate-impact-2021-report	imazen-26-png-v3/png-v3/5200-epa-climate-impact-2021-report/5202_epa_climate-impact-2021_fig-es1-six-impacts_p005_2968x3841.sdr.png	o8	6	44	3537	201.80617799633183	110.54400000004705	54.396	
5200-epa-climate-impact-2021-report	imazen-26-png-v3/png-v3/5200-epa-climate-impact-2021-report/5202_epa_climate-impact-2021_fig-es1-six-impacts_p005_2968x3841.sdr.png	o8	8	20	13356	244.95726398890838	293.61699999996915	82.829	
5200-epa-climate-impact-2021-report	imazen-26-png-v3/png-v3/5200-epa-climate-impact-2021-report/5202_epa_climate-impact-2021_fig-es1-six-impacts_p005_2968x3841.sdr.png	o8	8	32	7856	167.14443400269374	225.2950000000169	73.517	
5200-epa-climate-impact-2021-report	imazen-26-png-v3/png-v3/5200-epa-climate-impact-2021-report/5202_epa_climate-impact-2021_fig-es1-six-impacts_p005_2968x3841.sdr.png	o8	8	44	3738	161.92112499265932	234.55199999999365	52.918	
5200-epa-climate-impact-2021-report	imazen-26-png-v3/png-v3/5200-epa-climate-impact-2021-report/5202_epa_climate-impact-2021_fig-es1-six-impacts_p005_2968x3841.sdr.png	o8	10	20	14595	314.14689899247605	316.8129999999678	82.943	
5200-epa-climate-impact-2021-report	imazen-26-png-v3/png-v3/5200-epa-climate-impact-2021-report/5202_epa_climate-impact-2021_fig-es1-six-impacts_p005_2968x3841.sdr.png	o8	10	32	8429	182.5346109981183	239.76700000001472	73.367	
5200-epa-climate-impact-2021-report	imazen-26-png-v3/png-v3/5200-epa-climate-impact-2021-report/5202_epa_climate-impact-2021_fig-es1-six-impacts_p005_2968x3841.sdr.png	o8	10	44	3930	243.05218599329237	368.7750000000136	53.246	
5200-epa-climate-impact-2021-report	imazen-26-png-v3/png-v3/5200-epa-climate-impact-2021-report/5202_epa_climate-impact-2021_fig-es1-six-impacts_p005_2968x3841.sdr.png	o7ac	4	20	11964	319.94968801154755	432.50400000002287	83.948	
5200-epa-climate-impact-2021-report	imazen-26-png-v3/png-v3/5200-epa-climate-impact-2021-report/5202_epa_climate-impact-2021_fig-es1-six-impacts_p005_2968x3841.sdr.png	o7ac	4	32	7106	395.94668900826946	360.32399999999143	75.194	
5200-epa-climate-impact-2021-report	imazen-26-png-v3/png-v3/5200-epa-climate-impact-2021-report/5202_epa_climate-impact-2021_fig-es1-six-impacts_p005_2968x3841.sdr.png	o7ac	4	44	3496	258.09448200743645	165.0160000000085	57.150	
5200-epa-climate-impact-2021-report	imazen-26-png-v3/png-v3/5200-epa-climate-impact-2021-report/5202_epa_climate-impact-2021_fig-es1-six-impacts_p005_2968x3841.sdr.png	o7ac	6	20	12665	615.8484610059531	87.8709999999927	84.497	
5200-epa-climate-impact-2021-report	imazen-26-png-v3/png-v3/5200-epa-climate-impact-2021-report/5202_epa_climate-impact-2021_fig-es1-six-impacts_p005_2968x3841.sdr.png	o7ac	6	32	7600	121.08307200833224	290.30900000005033	74.751	
5200-epa-climate-impact-2021-report	imazen-26-png-v3/png-v3/5200-epa-climate-impact-2021-report/5202_epa_climate-impact-2021_fig-es1-six-impacts_p005_2968x3841.sdr.png	o7ac	6	44	3739	127.63452400395181	458.81400000004646	55.848	
5200-epa-climate-impact-2021-report	imazen-26-png-v3/png-v3/5200-epa-climate-impact-2021-report/5202_epa_climate-impact-2021_fig-es1-six-impacts_p005_2968x3841.sdr.png	o7ac	8	20	13819	122.03845700423699	384.17499999999905	83.521	
5200-epa-climate-impact-2021-report	imazen-26-png-v3/png-v3/5200-epa-climate-impact-2021-report/5202_epa_climate-impact-2021_fig-es1-six-impacts_p005_2968x3841.sdr.png	o7ac	8	32	8255	111.62937899644021	350.94799999998827	74.749	
5200-epa-climate-impact-2021-report	imazen-26-png-v3/png-v3/5200-epa-climate-impact-2021-report/5202_epa_climate-impact-2021_fig-es1-six-impacts_p005_2968x3841.sdr.png	o7ac	8	44	3945	158.4257369977422	278.1089999999864	55.584	
5200-epa-climate-impact-2021-report	imazen-26-png-v3/png-v3/5200-epa-climate-impact-2021-report/5202_epa_climate-impact-2021_fig-es1-six-impacts_p005_2968x3841.sdr.png	o7ac	10	20	15112	158.34407199872658	348.4030000000331	83.860	
5200-epa-climate-impact-2021-report	imazen-26-png-v3/png-v3/5200-epa-climate-impact-2021-report/5202_epa_climate-impact-2021_fig-es1-six-impacts_p005_2968x3841.sdr.png	o7ac	10	32	8843	215.23923901258968	495.7860000000238	74.739	
5200-epa-climate-impact-2021-report	imazen-26-png-v3/png-v3/5200-epa-climate-impact-2021-report/5202_epa_climate-impact-2021_fig-es1-six-impacts_p005_2968x3841.sdr.png	o7ac	10	44	4178	178.65379099384882	428.299999999993	55.302	
5200-epa-climate-impact-2021-report	imazen-26-png-v3/png-v3/5200-epa-climate-impact-2021-report/5204_epa_climate-impact-2021_key-findings-income-education-age_p007_2968x3841.sdr.png	t1	4	20	4838	286.1360349925235	645.6969999999984	80.936	
5200-epa-climate-impact-2021-report	imazen-26-png-v3/png-v3/5200-epa-climate-impact-2021-report/5204_epa_climate-impact-2021_key-findings-income-education-age_p007_2968x3841.sdr.png	t1	4	32	3094	1251.8623689975357	487.23199999997746	68.073	
5200-epa-climate-impact-2021-report	imazen-26-png-v3/png-v3/5200-epa-climate-impact-2021-report/5204_epa_climate-impact-2021_key-findings-income-education-age_p007_2968x3841.sdr.png	t1	4	44	1922	227.34098001092207	151.21699999997418	51.221	
5200-epa-climate-impact-2021-report	imazen-26-png-v3/png-v3/5200-epa-climate-impact-2021-report/5204_epa_climate-impact-2021_key-findings-income-education-age_p007_2968x3841.sdr.png	t1	6	20	5618	212.6621640054509	493.8980000000157	80.821	
5200-epa-climate-impact-2021-report	imazen-26-png-v3/png-v3/5200-epa-climate-impact-2021-report/5204_epa_climate-impact-2021_key-findings-income-education-age_p007_2968x3841.sdr.png	t1	6	32	3718	155.95642699918244	342.8289999999947	69.294	
5200-epa-climate-impact-2021-report	imazen-26-png-v3/png-v3/5200-epa-climate-impact-2021-report/5204_epa_climate-impact-2021_key-findings-income-education-age_p007_2968x3841.sdr.png	t1	6	44	2712	173.3873799967114	615.1060000000257	52.326	
5200-epa-climate-impact-2021-report	imazen-26-png-v3/png-v3/5200-epa-climate-impact-2021-report/5204_epa_climate-impact-2021_key-findings-income-education-age_p007_2968x3841.sdr.png	t1	8	20	9061	120.96919500618242	428.3550000000105	80.297	
5200-epa-climate-impact-2021-report	imazen-26-png-v3/png-v3/5200-epa-climate-impact-2021-report/5204_epa_climate-impact-2021_key-findings-income-education-age_p007_2968x3841.sdr.png	t1	8	32	5700	152.3592970042955	638.5290000000055	68.070	
5200-epa-climate-impact-2021-report	imazen-26-png-v3/png-v3/5200-epa-climate-impact-2021-report/5204_epa_climate-impact-2021_key-findings-income-education-age_p007_2968x3841.sdr.png	t1	8	44	3131	120.91664600302465	501.086000000015	49.359	
5200-epa-climate-impact-2021-report	imazen-26-png-v3/png-v3/5200-epa-climate-impact-2021-report/5204_epa_climate-impact-2021_key-findings-income-education-age_p007_2968x3841.sdr.png	t1	10	20	11045	99.64394799317233	422.8449999999526	79.931	
5200-epa-climate-impact-2021-report	imazen-26-png-v3/png-v3/5200-epa-climate-impact-2021-report/5204_epa_climate-impact-2021_key-findings-income-education-age_p007_2968x3841.sdr.png	t1	10	32	6619	409.0436109981965	440.75000000005105	68.323	
5200-epa-climate-impact-2021-report	imazen-26-png-v3/png-v3/5200-epa-climate-impact-2021-report/5204_epa_climate-impact-2021_key-findings-income-education-age_p007_2968x3841.sdr.png	t1	10	44	3597	768.1420239969157	314.8039999999952	50.952	
5200-epa-climate-impact-2021-report	imazen-26-png-v3/png-v3/5200-epa-climate-impact-2021-report/5204_epa_climate-impact-2021_key-findings-income-education-age_p007_2968x3841.sdr.png	t3	4	20	6740	512.8019530093297	245.01699999997584	86.261	
5200-epa-climate-impact-2021-report	imazen-26-png-v3/png-v3/5200-epa-climate-impact-2021-report/5204_epa_climate-impact-2021_key-findings-income-education-age_p007_2968x3841.sdr.png	t3	4	32	4520	406.3388749927981	473.67300000001933	81.048	
5200-epa-climate-impact-2021-report	imazen-26-png-v3/png-v3/5200-epa-climate-impact-2021-report/5204_epa_climate-impact-2021_key-findings-income-education-age_p007_2968x3841.sdr.png	t3	4	44	2687	233.6751589900814	249.93999999998096	67.764	
5200-epa-climate-impact-2021-report	imazen-26-png-v3/png-v3/5200-epa-climate-impact-2021-report/5204_epa_climate-impact-2021_key-findings-income-education-age_p007_2968x3841.sdr.png	t3	6	20	7504	285.70280100393575	584.3449999999848	86.505	
5200-epa-climate-impact-2021-report	imazen-26-png-v3/png-v3/5200-epa-climate-impact-2021-report/5204_epa_climate-impact-2021_key-findings-income-education-age_p007_2968x3841.sdr.png	t3	6	32	5281	261.1886780068744	467.3689999999624	81.646	
5200-epa-climate-impact-2021-report	imazen-26-png-v3/png-v3/5200-epa-climate-impact-2021-report/5204_epa_climate-impact-2021_key-findings-income-education-age_p007_2968x3841.sdr.png	t3	6	44	3290	318.6974590062164	741.6039999999953	69.608	
5200-epa-climate-impact-2021-report	imazen-26-png-v3/png-v3/5200-epa-climate-impact-2021-report/5204_epa_climate-impact-2021_key-findings-income-education-age_p007_2968x3841.sdr.png	t3	8	20	9066	271.52872500300873	567.536000000004	86.765	
5200-epa-climate-impact-2021-report	imazen-26-png-v3/png-v3/5200-epa-climate-impact-2021-report/5204_epa_climate-impact-2021_key-findings-income-education-age_p007_2968x3841.sdr.png	t3	8	32	6330	125.52596899331547	451.96200000000886	81.325	
5200-epa-climate-impact-2021-report	imazen-26-png-v3/png-v3/5200-epa-climate-impact-2021-report/5204_epa_climate-impact-2021_key-findings-income-education-age_p007_2968x3841.sdr.png	t3	8	44	3570	159.74263800308108	404.9530000000061	69.424	
5200-epa-climate-impact-2021-report	imazen-26-png-v3/png-v3/5200-epa-climate-impact-2021-report/5204_epa_climate-impact-2021_key-findings-income-education-age_p007_2968x3841.sdr.png	t3	10	20	9578	159.21837199130096	449.1740000000135	86.613	
5200-epa-climate-impact-2021-report	imazen-26-png-v3/png-v3/5200-epa-climate-impact-2021-report/5204_epa_climate-impact-2021_key-findings-income-education-age_p007_2968x3841.sdr.png	t3	10	32	6719	281.5450859925477	316.71599999997113	80.762	
5200-epa-climate-impact-2021-report	imazen-26-png-v3/png-v3/5200-epa-climate-impact-2021-report/5204_epa_climate-impact-2021_key-findings-income-education-age_p007_2968x3841.sdr.png	t3	10	44	4199	148.37641299527604	230.04900000003659	69.385	
5200-epa-climate-impact-2021-report	imazen-26-png-v3/png-v3/5200-epa-climate-impact-2021-report/5204_epa_climate-impact-2021_key-findings-income-education-age_p007_2968x3841.sdr.png	o6	4	20	6562	402.32130499498453	205.6529999999981	85.826	
5200-epa-climate-impact-2021-report	imazen-26-png-v3/png-v3/5200-epa-climate-impact-2021-report/5204_epa_climate-impact-2021_key-findings-income-education-age_p007_2968x3841.sdr.png	o6	4	32	4397	466.5028790041106	357.38399999998194	80.494	
5200-epa-climate-impact-2021-report	imazen-26-png-v3/png-v3/5200-epa-climate-impact-2021-report/5204_epa_climate-impact-2021_key-findings-income-education-age_p007_2968x3841.sdr.png	o6	4	44	2556	299.2011449969141	348.48700000000576	66.183	
5200-epa-climate-impact-2021-report	imazen-26-png-v3/png-v3/5200-epa-climate-impact-2021-report/5204_epa_climate-impact-2021_key-findings-income-education-age_p007_2968x3841.sdr.png	o6	6	20	7309	208.0478510033572	239.75100000005511	86.419	
5200-epa-climate-impact-2021-report	imazen-26-png-v3/png-v3/5200-epa-climate-impact-2021-report/5204_epa_climate-impact-2021_key-findings-income-education-age_p007_2968x3841.sdr.png	o6	6	32	5179	234.49517598783132	248.19300000000055	80.818	
5200-epa-climate-impact-2021-report	imazen-26-png-v3/png-v3/5200-epa-climate-impact-2021-report/5204_epa_climate-impact-2021_key-findings-income-education-age_p007_2968x3841.sdr.png	o6	6	44	3086	217.4384850077331	372.96099999998944	68.428	
5200-epa-climate-impact-2021-report	imazen-26-png-v3/png-v3/5200-epa-climate-impact-2021-report/5204_epa_climate-impact-2021_key-findings-income-education-age_p007_2968x3841.sdr.png	o6	8	20	8808	166.17532400414348	289.12900000001684	86.301	
5200-epa-climate-impact-2021-report	imazen-26-png-v3/png-v3/5200-epa-climate-impact-2021-report/5204_epa_climate-impact-2021_key-findings-income-education-age_p007_2968x3841.sdr.png	o6	8	32	6035	120.04143299418502	387.74500000000955	80.690	
5200-epa-climate-impact-2021-report	imazen-26-png-v3/png-v3/5200-epa-climate-impact-2021-report/5204_epa_climate-impact-2021_key-findings-income-education-age_p007_2968x3841.sdr.png	o6	8	44	3334	114.69682399183512	456.07099999998013	67.750	
5200-epa-climate-impact-2021-report	imazen-26-png-v3/png-v3/5200-epa-climate-impact-2021-report/5204_epa_climate-impact-2021_key-findings-income-education-age_p007_2968x3841.sdr.png	o6	10	20	9296	458.4941689972766	535.0499999999982	86.223	
5200-epa-climate-impact-2021-report	imazen-26-png-v3/png-v3/5200-epa-climate-impact-2021-report/5204_epa_climate-impact-2021_key-findings-income-education-age_p007_2968x3841.sdr.png	o6	10	32	6401	236.40290900948457	424.85899999998367	80.325	
5200-epa-climate-impact-2021-report	imazen-26-png-v3/png-v3/5200-epa-climate-impact-2021-report/5204_epa_climate-impact-2021_key-findings-income-education-age_p007_2968x3841.sdr.png	o6	10	44	3931	298.9842430106364	160.42600000001528	67.810	
5200-epa-climate-impact-2021-report	imazen-26-png-v3/png-v3/5200-epa-climate-impact-2021-report/5204_epa_climate-impact-2021_key-findings-income-education-age_p007_2968x3841.sdr.png	o7	4	20	6270	417.2489439952187	161.76299999999344	85.496	
5200-epa-climate-impact-2021-report	imazen-26-png-v3/png-v3/5200-epa-climate-impact-2021-report/5204_epa_climate-impact-2021_key-findings-income-education-age_p007_2968x3841.sdr.png	o7	4	32	4087	277.1602690045256	345.1130000000262	77.826	
5200-epa-climate-impact-2021-report	imazen-26-png-v3/png-v3/5200-epa-climate-impact-2021-report/5204_epa_climate-impact-2021_key-findings-income-education-age_p007_2968x3841.sdr.png	o7	4	44	2348	387.927479998325	542.7449999999965	62.452	
5200-epa-climate-impact-2021-report	imazen-26-png-v3/png-v3/5200-epa-climate-impact-2021-report/5204_epa_climate-impact-2021_key-findings-income-education-age_p007_2968x3841.sdr.png	o7	6	20	7061	169.50227199413348	122.41400000002045	85.949	
5200-epa-climate-impact-2021-report	imazen-26-png-v3/png-v3/5200-epa-climate-impact-2021-report/5204_epa_climate-impact-2021_key-findings-income-education-age_p007_2968x3841.sdr.png	o7	6	32	4771	183.98084701038897	348.6600000000095	79.046	
5200-epa-climate-impact-2021-report	imazen-26-png-v3/png-v3/5200-epa-climate-impact-2021-report/5204_epa_climate-impact-2021_key-findings-income-education-age_p007_2968x3841.sdr.png	o7	6	44	2884	201.23964299273212	506.1690000000425	65.323	
5200-epa-climate-impact-2021-report	imazen-26-png-v3/png-v3/5200-epa-climate-impact-2021-report/5204_epa_climate-impact-2021_key-findings-income-education-age_p007_2968x3841.sdr.png	o7	8	20	8483	159.51039698848035	506.1690000000425	85.543	
5200-epa-climate-impact-2021-report	imazen-26-png-v3/png-v3/5200-epa-climate-impact-2021-report/5204_epa_climate-impact-2021_key-findings-income-education-age_p007_2968x3841.sdr.png	o7	8	32	5603	231.81837300944608	366.9180000000125	78.963	
5200-epa-climate-impact-2021-report	imazen-26-png-v3/png-v3/5200-epa-climate-impact-2021-report/5204_epa_climate-impact-2021_key-findings-income-education-age_p007_2968x3841.sdr.png	o7	8	44	3086	164.6707859908929	215.2179999999646	63.177	
5200-epa-climate-impact-2021-report	imazen-26-png-v3/png-v3/5200-epa-climate-impact-2021-report/5204_epa_climate-impact-2021_key-findings-income-education-age_p007_2968x3841.sdr.png	o7	10	20	8857	296.23698598879855	295.67599999998606	85.695	
5200-epa-climate-impact-2021-report	imazen-26-png-v3/png-v3/5200-epa-climate-impact-2021-report/5204_epa_climate-impact-2021_key-findings-income-education-age_p007_2968x3841.sdr.png	o7	10	32	5958	280.89684501173906	227.13800000002493	78.451	
5200-epa-climate-impact-2021-report	imazen-26-png-v3/png-v3/5200-epa-climate-impact-2021-report/5204_epa_climate-impact-2021_key-findings-income-education-age_p007_2968x3841.sdr.png	o7	10	44	3594	395.6987179990392	333.1519999999841	63.806	
5200-epa-climate-impact-2021-report	imazen-26-png-v3/png-v3/5200-epa-climate-impact-2021-report/5204_epa_climate-impact-2021_key-findings-income-education-age_p007_2968x3841.sdr.png	o8	4	20	6031	285.9282900026301	223.98999999998637	84.421	
5200-epa-climate-impact-2021-report	imazen-26-png-v3/png-v3/5200-epa-climate-impact-2021-report/5204_epa_climate-impact-2021_key-findings-income-education-age_p007_2968x3841.sdr.png	o8	4	32	3880	598.479326989036	292.38700000000506	76.111	
5200-epa-climate-impact-2021-report	imazen-26-png-v3/png-v3/5200-epa-climate-impact-2021-report/5204_epa_climate-impact-2021_key-findings-income-education-age_p007_2968x3841.sdr.png	o8	4	44	2258	297.6193819922628	522.2750000000076	59.586	
5200-epa-climate-impact-2021-report	imazen-26-png-v3/png-v3/5200-epa-climate-impact-2021-report/5204_epa_climate-impact-2021_key-findings-income-education-age_p007_2968x3841.sdr.png	o8	6	20	6762	236.61648499546573	153.34299999996404	85.443	
5200-epa-climate-impact-2021-report	imazen-26-png-v3/png-v3/5200-epa-climate-impact-2021-report/5204_epa_climate-impact-2021_key-findings-income-education-age_p007_2968x3841.sdr.png	o8	6	32	4596	256.94296600704547	389.844999999994	77.456	
5200-epa-climate-impact-2021-report	imazen-26-png-v3/png-v3/5200-epa-climate-impact-2021-report/5204_epa_climate-impact-2021_key-findings-income-education-age_p007_2968x3841.sdr.png	o8	6	44	2796	203.38062799419276	533.988999999977	62.929	
5200-epa-climate-impact-2021-report	imazen-26-png-v3/png-v3/5200-epa-climate-impact-2021-report/5204_epa_climate-impact-2021_key-findings-income-education-age_p007_2968x3841.sdr.png	o8	8	20	8252	176.99860798893496	492.89400000002104	84.929	
5200-epa-climate-impact-2021-report	imazen-26-png-v3/png-v3/5200-epa-climate-impact-2021-report/5204_epa_climate-impact-2021_key-findings-income-education-age_p007_2968x3841.sdr.png	o8	8	32	5429	193.2741350028664	585.5340000000382	77.042	
5200-epa-climate-impact-2021-report	imazen-26-png-v3/png-v3/5200-epa-climate-impact-2021-report/5204_epa_climate-impact-2021_key-findings-income-education-age_p007_2968x3841.sdr.png	o8	8	44	3002	139.2234910017578	275.32100000000526	60.508	
5200-epa-climate-impact-2021-report	imazen-26-png-v3/png-v3/5200-epa-climate-impact-2021-report/5204_epa_climate-impact-2021_key-findings-income-education-age_p007_2968x3841.sdr.png	o8	10	20	8578	174.11784701107536	235.14799999999525	84.862	
5200-epa-climate-impact-2021-report	imazen-26-png-v3/png-v3/5200-epa-climate-impact-2021-report/5204_epa_climate-impact-2021_key-findings-income-education-age_p007_2968x3841.sdr.png	o8	10	32	5761	188.2296160038095	285.6180000000279	76.871	
5200-epa-climate-impact-2021-report	imazen-26-png-v3/png-v3/5200-epa-climate-impact-2021-report/5204_epa_climate-impact-2021_key-findings-income-education-age_p007_2968x3841.sdr.png	o8	10	44	3436	280.67884100892115	199.8000000000104	62.124	
5200-epa-climate-impact-2021-report	imazen-26-png-v3/png-v3/5200-epa-climate-impact-2021-report/5204_epa_climate-impact-2021_key-findings-income-education-age_p007_2968x3841.sdr.png	o7ac	4	20	6292	387.994347998756	276.68299999996293	85.385	
5200-epa-climate-impact-2021-report	imazen-26-png-v3/png-v3/5200-epa-climate-impact-2021-report/5204_epa_climate-impact-2021_key-findings-income-education-age_p007_2968x3841.sdr.png	o7ac	4	32	4114	670.8975520014064	323.5140000000314	77.921	
5200-epa-climate-impact-2021-report	imazen-26-png-v3/png-v3/5200-epa-climate-impact-2021-report/5204_epa_climate-impact-2021_key-findings-income-education-age_p007_2968x3841.sdr.png	o7ac	4	44	2348	294.89718200056814	691.2849999999793	62.452	
5200-epa-climate-impact-2021-report	imazen-26-png-v3/png-v3/5200-epa-climate-impact-2021-report/5204_epa_climate-impact-2021_key-findings-income-education-age_p007_2968x3841.sdr.png	o7ac	6	20	7046	207.6400069927331	247.31099999999628	86.008	
5200-epa-climate-impact-2021-report	imazen-26-png-v3/png-v3/5200-epa-climate-impact-2021-report/5204_epa_climate-impact-2021_key-findings-income-education-age_p007_2968x3841.sdr.png	o7ac	6	32	4745	141.2023790035164	154.14400000000228	79.073	
5200-epa-climate-impact-2021-report	imazen-26-png-v3/png-v3/5200-epa-climate-impact-2021-report/5204_epa_climate-impact-2021_key-findings-income-education-age_p007_2968x3841.sdr.png	o7ac	6	44	2881	243.32188900734764	639.0220000000397	65.324	
5200-epa-climate-impact-2021-report	imazen-26-png-v3/png-v3/5200-epa-climate-impact-2021-report/5204_epa_climate-impact-2021_key-findings-income-education-age_p007_2968x3841.sdr.png	o7ac	8	20	8480	243.29214199678972	639.0220000000397	85.514	
5200-epa-climate-impact-2021-report	imazen-26-png-v3/png-v3/5200-epa-climate-impact-2021-report/5204_epa_climate-impact-2021_key-findings-income-education-age_p007_2968x3841.sdr.png	o7ac	8	32	5606	186.76637699536514	408.2479999999862	78.919	
5200-epa-climate-impact-2021-report	imazen-26-png-v3/png-v3/5200-epa-climate-impact-2021-report/5204_epa_climate-impact-2021_key-findings-income-education-age_p007_2968x3841.sdr.png	o7ac	8	44	3082	146.15142699040007	209.53999999998985	63.206	
5200-epa-climate-impact-2021-report	imazen-26-png-v3/png-v3/5200-epa-climate-impact-2021-report/5204_epa_climate-impact-2021_key-findings-income-education-age_p007_2968x3841.sdr.png	o7ac	10	20	8857	256.21350000437815	304.64000000000624	85.695	
5200-epa-climate-impact-2021-report	imazen-26-png-v3/png-v3/5200-epa-climate-impact-2021-report/5204_epa_climate-impact-2021_key-findings-income-education-age_p007_2968x3841.sdr.png	o7ac	10	32	5958	162.31130599044263	163.75499999998056	78.451	
5200-epa-climate-impact-2021-report	imazen-26-png-v3/png-v3/5200-epa-climate-impact-2021-report/5204_epa_climate-impact-2021_key-findings-income-education-age_p007_2968x3841.sdr.png	o7ac	10	44	3594	492.0092760003172	108.55199999998888	63.806	
5300-noaa-hurricane-documents	imazen-26-png-v3/png-v3/5300-noaa-hurricane-documents/5300_noaa_nhc-verification-report-2024_page1_p01_2550x3300.sdr.png	t1	4	20	14903	249.97201800579205	297.95000000001437	85.988	
5300-noaa-hurricane-documents	imazen-26-png-v3/png-v3/5300-noaa-hurricane-documents/5300_noaa_nhc-verification-report-2024_page1_p01_2550x3300.sdr.png	t1	4	32	10594	281.63518699875567	395.5400000000253	75.411	
5300-noaa-hurricane-documents	imazen-26-png-v3/png-v3/5300-noaa-hurricane-documents/5300_noaa_nhc-verification-report-2024_page1_p01_2550x3300.sdr.png	t1	4	44	6889	291.58618400106207	314.62699999998733	54.057	
5300-noaa-hurricane-documents	imazen-26-png-v3/png-v3/5300-noaa-hurricane-documents/5300_noaa_nhc-verification-report-2024_page1_p01_2550x3300.sdr.png	t1	6	20	19442	430.6841979996534	570.9559999999811	85.856	
5300-noaa-hurricane-documents	imazen-26-png-v3/png-v3/5300-noaa-hurricane-documents/5300_noaa_nhc-verification-report-2024_page1_p01_2550x3300.sdr.png	t1	6	32	14377	363.67627599975094	400.2450000000124	72.775	
5300-noaa-hurricane-documents	imazen-26-png-v3/png-v3/5300-noaa-hurricane-documents/5300_noaa_nhc-verification-report-2024_page1_p01_2550x3300.sdr.png	t1	6	44	9405	261.20968800387345	299.5770000000135	53.094	
5300-noaa-hurricane-documents	imazen-26-png-v3/png-v3/5300-noaa-hurricane-documents/5300_noaa_nhc-verification-report-2024_page1_p01_2550x3300.sdr.png	t1	8	20	27209	390.72456199210137	365.6910000000124	80.084	
5300-noaa-hurricane-documents	imazen-26-png-v3/png-v3/5300-noaa-hurricane-documents/5300_noaa_nhc-verification-report-2024_page1_p01_2550x3300.sdr.png	t1	8	32	18590	128.4383699967293	203.96399999997072	65.298	
5300-noaa-hurricane-documents	imazen-26-png-v3/png-v3/5300-noaa-hurricane-documents/5300_noaa_nhc-verification-report-2024_page1_p01_2550x3300.sdr.png	t1	8	44	10746	208.21603099466302	116.81600000001424	49.907	
5300-noaa-hurricane-documents	imazen-26-png-v3/png-v3/5300-noaa-hurricane-documents/5300_noaa_nhc-verification-report-2024_page1_p01_2550x3300.sdr.png	t1	10	20	33568	132.56241100316402	101.38799999997161	78.753	
5300-noaa-hurricane-documents	imazen-26-png-v3/png-v3/5300-noaa-hurricane-documents/5300_noaa_nhc-verification-report-2024_page1_p01_2550x3300.sdr.png	t1	10	32	21800	336.8898379994789	124.0319999999997	65.797	
5300-noaa-hurricane-documents	imazen-26-png-v3/png-v3/5300-noaa-hurricane-documents/5300_noaa_nhc-verification-report-2024_page1_p01_2550x3300.sdr.png	t1	10	44	11560	234.3095730029745	82.52500000001817	45.997	
5300-noaa-hurricane-documents	imazen-26-png-v3/png-v3/5300-noaa-hurricane-documents/5300_noaa_nhc-verification-report-2024_page1_p01_2550x3300.sdr.png	t3	4	20	16068	497.46405499172397	220.84200000003307	87.518	
5300-noaa-hurricane-documents	imazen-26-png-v3/png-v3/5300-noaa-hurricane-documents/5300_noaa_nhc-verification-report-2024_page1_p01_2550x3300.sdr.png	t3	4	32	11609	345.7101679960033	382.3849999999993	79.812	
5300-noaa-hurricane-documents	imazen-26-png-v3/png-v3/5300-noaa-hurricane-documents/5300_noaa_nhc-verification-report-2024_page1_p01_2550x3300.sdr.png	t3	4	44	7422	341.7750559892738	366.65599999997767	59.603	
5300-noaa-hurricane-documents	imazen-26-png-v3/png-v3/5300-noaa-hurricane-documents/5300_noaa_nhc-verification-report-2024_page1_p01_2550x3300.sdr.png	t3	6	20	20314	156.39085300790612	296.7509999999862	88.045	
5300-noaa-hurricane-documents	imazen-26-png-v3/png-v3/5300-noaa-hurricane-documents/5300_noaa_nhc-verification-report-2024_page1_p01_2550x3300.sdr.png	t3	6	32	15065	208.14106898615137	510.75099999998486	77.990	
5300-noaa-hurricane-documents	imazen-26-png-v3/png-v3/5300-noaa-hurricane-documents/5300_noaa_nhc-verification-report-2024_page1_p01_2550x3300.sdr.png	t3	6	44	10018	202.82491299440153	464.49900000000355	59.879	
5300-noaa-hurricane-documents	imazen-26-png-v3/png-v3/5300-noaa-hurricane-documents/5300_noaa_nhc-verification-report-2024_page1_p01_2550x3300.sdr.png	t3	8	20	21280	118.43313000281341	316.9419999999974	87.067	
5300-noaa-hurricane-documents	imazen-26-png-v3/png-v3/5300-noaa-hurricane-documents/5300_noaa_nhc-verification-report-2024_page1_p01_2550x3300.sdr.png	t3	8	32	16310	144.5115340029588	510.75099999998486	77.075	
5300-noaa-hurricane-documents	imazen-26-png-v3/png-v3/5300-noaa-hurricane-documents/5300_noaa_nhc-verification-report-2024_page1_p01_2550x3300.sdr.png	t3	8	44	9465	180.6451019947417	147.8389999999763	58.890	
5300-noaa-hurricane-documents	imazen-26-png-v3/png-v3/5300-noaa-hurricane-documents/5300_noaa_nhc-verification-report-2024_page1_p01_2550x3300.sdr.png	t3	10	20	20041	460.6187939934898	285.90500000001384	87.513	
5300-noaa-hurricane-documents	imazen-26-png-v3/png-v3/5300-noaa-hurricane-documents/5300_noaa_nhc-verification-report-2024_page1_p01_2550x3300.sdr.png	t3	10	32	15126	342.28924199123867	215.04400000003443	76.977	
5300-noaa-hurricane-documents	imazen-26-png-v3/png-v3/5300-noaa-hurricane-documents/5300_noaa_nhc-verification-report-2024_page1_p01_2550x3300.sdr.png	t3	10	44	9243	118.15212600049563	137.71599999996909	60.902	
5300-noaa-hurricane-documents	imazen-26-png-v3/png-v3/5300-noaa-hurricane-documents/5300_noaa_nhc-verification-report-2024_page1_p01_2550x3300.sdr.png	o6	4	20	15566	346.5893380052876	360.41500000000326	86.964	
5300-noaa-hurricane-documents	imazen-26-png-v3/png-v3/5300-noaa-hurricane-documents/5300_noaa_nhc-verification-report-2024_page1_p01_2550x3300.sdr.png	o6	4	32	11170	428.5009409941267	293.1029999999879	75.135	
5300-noaa-hurricane-documents	imazen-26-png-v3/png-v3/5300-noaa-hurricane-documents/5300_noaa_nhc-verification-report-2024_page1_p01_2550x3300.sdr.png	o6	4	44	7055	294.8673349892488	632.7749999999952	56.496	
5300-noaa-hurricane-documents	imazen-26-png-v3/png-v3/5300-noaa-hurricane-documents/5300_noaa_nhc-verification-report-2024_page1_p01_2550x3300.sdr.png	o6	6	20	19877	248.74600899056531	376.6149999999726	87.471	
5300-noaa-hurricane-documents	imazen-26-png-v3/png-v3/5300-noaa-hurricane-documents/5300_noaa_nhc-verification-report-2024_page1_p01_2550x3300.sdr.png	o6	6	32	14442	325.6612139957724	477.1380000000107	75.428	
5300-noaa-hurricane-documents	imazen-26-png-v3/png-v3/5300-noaa-hurricane-documents/5300_noaa_nhc-verification-report-2024_page1_p01_2550x3300.sdr.png	o6	6	44	9609	135.32764199771918	172.6929999999669	58.006	
5300-noaa-hurricane-documents	imazen-26-png-v3/png-v3/5300-noaa-hurricane-documents/5300_noaa_nhc-verification-report-2024_page1_p01_2550x3300.sdr.png	o6	8	20	20637	269.6091690013418	362.3409999999865	86.278	
5300-noaa-hurricane-documents	imazen-26-png-v3/png-v3/5300-noaa-hurricane-documents/5300_noaa_nhc-verification-report-2024_page1_p01_2550x3300.sdr.png	o6	8	32	15521	130.006488005165	103.60599999998499	73.889	
5300-noaa-hurricane-documents	imazen-26-png-v3/png-v3/5300-noaa-hurricane-documents/5300_noaa_nhc-verification-report-2024_page1_p01_2550x3300.sdr.png	o6	8	44	9000	304.10211299022194	174.92199999996672	57.119	
5300-noaa-hurricane-documents	imazen-26-png-v3/png-v3/5300-noaa-hurricane-documents/5300_noaa_nhc-verification-report-2024_page1_p01_2550x3300.sdr.png	o6	10	20	19397	355.20271499990486	223.99499999998795	86.832	
5300-noaa-hurricane-documents	imazen-26-png-v3/png-v3/5300-noaa-hurricane-documents/5300_noaa_nhc-verification-report-2024_page1_p01_2550x3300.sdr.png	o6	10	32	14392	279.06952500052284	233.4820000000093	74.207	
5300-noaa-hurricane-documents	imazen-26-png-v3/png-v3/5300-noaa-hurricane-documents/5300_noaa_nhc-verification-report-2024_page1_p01_2550x3300.sdr.png	o6	10	44	8775	229.54012599075213	85.3089999999952	56.509	
5300-noaa-hurricane-documents	imazen-26-png-v3/png-v3/5300-noaa-hurricane-documents/5300_noaa_nhc-verification-report-2024_page1_p01_2550x3300.sdr.png	o7	4	20	15385	681.6536089900183	416.48000000000707	86.767	
5300-noaa-hurricane-documents	imazen-26-png-v3/png-v3/5300-noaa-hurricane-documents/5300_noaa_nhc-verification-report-2024_page1_p01_2550x3300.sdr.png	o7	4	32	10971	382.8685030021006	453.8949999999886	74.677	
5300-noaa-hurricane-documents	imazen-26-png-v3/png-v3/5300-noaa-hurricane-documents/5300_noaa_nhc-verification-report-2024_page1_p01_2550x3300.sdr.png	o7	4	44	6925	295.5570060003083	230.8179999999993	55.764	
5300-noaa-hurricane-documents	imazen-26-png-v3/png-v3/5300-noaa-hurricane-documents/5300_noaa_nhc-verification-report-2024_page1_p01_2550x3300.sdr.png	o7	6	20	19683	304.81550699914806	320.4740000000328	86.932	
5300-noaa-hurricane-documents	imazen-26-png-v3/png-v3/5300-noaa-hurricane-documents/5300_noaa_nhc-verification-report-2024_page1_p01_2550x3300.sdr.png	o7	6	32	14228	342.87603599659633	336.0479999999768	74.119	
5300-noaa-hurricane-documents	imazen-26-png-v3/png-v3/5300-noaa-hurricane-documents/5300_noaa_nhc-verification-report-2024_page1_p01_2550x3300.sdr.png	o7	6	44	9474	264.99240200791974	201.64700000002256	57.386	
5300-noaa-hurricane-documents	imazen-26-png-v3/png-v3/5300-noaa-hurricane-documents/5300_noaa_nhc-verification-report-2024_page1_p01_2550x3300.sdr.png	o7	8	20	20413	158.55439199367538	304.86199999998576	86.053	
5300-noaa-hurricane-documents	imazen-26-png-v3/png-v3/5300-noaa-hurricane-documents/5300_noaa_nhc-verification-report-2024_page1_p01_2550x3300.sdr.png	o7	8	32	15237	105.16509298759047	157.97299999998415	73.378	
5300-noaa-hurricane-documents	imazen-26-png-v3/png-v3/5300-noaa-hurricane-documents/5300_noaa_nhc-verification-report-2024_page1_p01_2550x3300.sdr.png	o7	8	44	8808	170.88557899114676	184.75700000003314	56.120	
5300-noaa-hurricane-documents	imazen-26-png-v3/png-v3/5300-noaa-hurricane-documents/5300_noaa_nhc-verification-report-2024_page1_p01_2550x3300.sdr.png	o7	10	20	19111	606.8070809997153	203.26000000000022	86.596	
5300-noaa-hurricane-documents	imazen-26-png-v3/png-v3/5300-noaa-hurricane-documents/5300_noaa_nhc-verification-report-2024_page1_p01_2550x3300.sdr.png	o7	10	32	14113	250.05967299512122	113.62200000002076	73.603	
5300-noaa-hurricane-documents	imazen-26-png-v3/png-v3/5300-noaa-hurricane-documents/5300_noaa_nhc-verification-report-2024_page1_p01_2550x3300.sdr.png	o7	10	44	8559	331.8907739885617	134.70399999998506	55.192	
5300-noaa-hurricane-documents	imazen-26-png-v3/png-v3/5300-noaa-hurricane-documents/5300_noaa_nhc-verification-report-2024_page1_p01_2550x3300.sdr.png	o8	4	20	15303	326.8721740023466	324.14499999997304	86.635	
5300-noaa-hurricane-documents	imazen-26-png-v3/png-v3/5300-noaa-hurricane-documents/5300_noaa_nhc-verification-report-2024_page1_p01_2550x3300.sdr.png	o8	4	32	10880	487.9945019929437	739.7040000000175	74.512	
5300-noaa-hurricane-documents	imazen-26-png-v3/png-v3/5300-noaa-hurricane-documents/5300_noaa_nhc-verification-report-2024_page1_p01_2550x3300.sdr.png	o8	4	44	6836	282.7541820006445	286.62300000000585	55.189	
5300-noaa-hurricane-documents	imazen-26-png-v3/png-v3/5300-noaa-hurricane-documents/5300_noaa_nhc-verification-report-2024_page1_p01_2550x3300.sdr.png	o8	6	20	19548	364.35670900391415	645.5670000000282	87.146	
5300-noaa-hurricane-documents	imazen-26-png-v3/png-v3/5300-noaa-hurricane-documents/5300_noaa_nhc-verification-report-2024_page1_p01_2550x3300.sdr.png	o8	6	32	14103	387.849702994572	687.9059999999839	73.690	
5300-noaa-hurricane-documents	imazen-26-png-v3/png-v3/5300-noaa-hurricane-documents/5300_noaa_nhc-verification-report-2024_page1_p01_2550x3300.sdr.png	o8	6	44	9381	154.52180300781038	581.1100000000096	56.987	
5300-noaa-hurricane-documents	imazen-26-png-v3/png-v3/5300-noaa-hurricane-documents/5300_noaa_nhc-verification-report-2024_page1_p01_2550x3300.sdr.png	o8	8	20	20260	268.1442969915224	164.4759999999934	85.855	
5300-noaa-hurricane-documents	imazen-26-png-v3/png-v3/5300-noaa-hurricane-documents/5300_noaa_nhc-verification-report-2024_page1_p01_2550x3300.sdr.png	o8	8	32	15072	201.60398400912527	212.32199999998613	73.013	
5300-noaa-hurricane-documents	imazen-26-png-v3/png-v3/5300-noaa-hurricane-documents/5300_noaa_nhc-verification-report-2024_page1_p01_2550x3300.sdr.png	o8	8	44	8766	233.0819920025533	160.51600000004385	55.867	
5300-noaa-hurricane-documents	imazen-26-png-v3/png-v3/5300-noaa-hurricane-documents/5300_noaa_nhc-verification-report-2024_page1_p01_2550x3300.sdr.png	o8	10	20	18980	672.2989640111336	208.11199999999985	86.547	
5300-noaa-hurricane-documents	imazen-26-png-v3/png-v3/5300-noaa-hurricane-documents/5300_noaa_nhc-verification-report-2024_page1_p01_2550x3300.sdr.png	o8	10	32	13989	112.37809099839069	51.333999999997104	73.119	
5300-noaa-hurricane-documents	imazen-26-png-v3/png-v3/5300-noaa-hurricane-documents/5300_noaa_nhc-verification-report-2024_page1_p01_2550x3300.sdr.png	o8	10	44	8478	336.0214580025058	130.06499999997345	54.699	
5300-noaa-hurricane-documents	imazen-26-png-v3/png-v3/5300-noaa-hurricane-documents/5300_noaa_nhc-verification-report-2024_page1_p01_2550x3300.sdr.png	o7ac	4	20	15351	280.37228899484035	243.5769999999451	86.473	
5300-noaa-hurricane-documents	imazen-26-png-v3/png-v3/5300-noaa-hurricane-documents/5300_noaa_nhc-verification-report-2024_page1_p01_2550x3300.sdr.png	o7ac	4	32	10974	376.30376699962653	327.13999999997156	76.514	
5300-noaa-hurricane-documents	imazen-26-png-v3/png-v3/5300-noaa-hurricane-documents/5300_noaa_nhc-verification-report-2024_page1_p01_2550x3300.sdr.png	o7ac	4	44	6912	380.8994839928346	520.0560000000252	56.196	
5300-noaa-hurricane-documents	imazen-26-png-v3/png-v3/5300-noaa-hurricane-documents/5300_noaa_nhc-verification-report-2024_page1_p01_2550x3300.sdr.png	o7ac	6	20	19691	381.6763200011337	771.5429999999941	87.051	
5300-noaa-hurricane-documents	imazen-26-png-v3/png-v3/5300-noaa-hurricane-documents/5300_noaa_nhc-verification-report-2024_page1_p01_2550x3300.sdr.png	o7ac	6	32	14224	318.74688300013077	575.5709999999823	74.252	
5300-noaa-hurricane-documents	imazen-26-png-v3/png-v3/5300-noaa-hurricane-documents/5300_noaa_nhc-verification-report-2024_page1_p01_2550x3300.sdr.png	o7ac	6	44	9466	250.38008199771866	504.7900000000283	57.348	
5300-noaa-hurricane-documents	imazen-26-png-v3/png-v3/5300-noaa-hurricane-documents/5300_noaa_nhc-verification-report-2024_page1_p01_2550x3300.sdr.png	o7ac	8	20	20425	199.24093699955847	474.0170000000177	86.020	
5300-noaa-hurricane-documents	imazen-26-png-v3/png-v3/5300-noaa-hurricane-documents/5300_noaa_nhc-verification-report-2024_page1_p01_2550x3300.sdr.png	o7ac	8	32	15250	123.88286899658851	222.10399999998742	73.370	
5300-noaa-hurricane-documents	imazen-26-png-v3/png-v3/5300-noaa-hurricane-documents/5300_noaa_nhc-verification-report-2024_page1_p01_2550x3300.sdr.png	o7ac	8	44	8819	92.69765700446442	135.37900000000036	56.558	
5300-noaa-hurricane-documents	imazen-26-png-v3/png-v3/5300-noaa-hurricane-documents/5300_noaa_nhc-verification-report-2024_page1_p01_2550x3300.sdr.png	o7ac	10	20	19127	381.8782930029556	243.6159999999461	86.661	
5300-noaa-hurricane-documents	imazen-26-png-v3/png-v3/5300-noaa-hurricane-documents/5300_noaa_nhc-verification-report-2024_page1_p01_2550x3300.sdr.png	o7ac	10	32	14115	540.6354400038254	295.1760000000263	73.622	
5300-noaa-hurricane-documents	imazen-26-png-v3/png-v3/5300-noaa-hurricane-documents/5300_noaa_nhc-verification-report-2024_page1_p01_2550x3300.sdr.png	o7ac	10	44	8592	302.18530299316626	292.1620000000473	55.251	
5300-noaa-hurricane-documents	imazen-26-png-v3/png-v3/5300-noaa-hurricane-documents/5312_noaa_nhc-al042024-debby_p19_2550x3300.sdr.png	t1	4	20	4737	367.3890369973378	175.20500000000538	88.561	
5300-noaa-hurricane-documents	imazen-26-png-v3/png-v3/5300-noaa-hurricane-documents/5312_noaa_nhc-al042024-debby_p19_2550x3300.sdr.png	t1	4	32	3284	486.9758169952547	129.09299999998325	83.284	
5300-noaa-hurricane-documents	imazen-26-png-v3/png-v3/5300-noaa-hurricane-documents/5312_noaa_nhc-al042024-debby_p19_2550x3300.sdr.png	t1	4	44	2401	397.65129699662793	273.07800000001237	74.487	
5300-noaa-hurricane-documents	imazen-26-png-v3/png-v3/5300-noaa-hurricane-documents/5312_noaa_nhc-al042024-debby_p19_2550x3300.sdr.png	t1	6	20	8555	280.503547997796	249.129000000039	87.517	
5300-noaa-hurricane-documents	imazen-26-png-v3/png-v3/5300-noaa-hurricane-documents/5312_noaa_nhc-al042024-debby_p19_2550x3300.sdr.png	t1	6	32	6929	217.33226299693342	112.68099999999492	84.021	
5300-noaa-hurricane-documents	imazen-26-png-v3/png-v3/5300-noaa-hurricane-documents/5312_noaa_nhc-al042024-debby_p19_2550x3300.sdr.png	t1	6	44	5550	94.76719700614922	52.31399999998132	73.856	
5300-noaa-hurricane-documents	imazen-26-png-v3/png-v3/5300-noaa-hurricane-documents/5312_noaa_nhc-al042024-debby_p19_2550x3300.sdr.png	t1	8	20	14773	410.41302200756036	262.6690000000309	85.141	
5300-noaa-hurricane-documents	imazen-26-png-v3/png-v3/5300-noaa-hurricane-documents/5312_noaa_nhc-al042024-debby_p19_2550x3300.sdr.png	t1	8	32	10630	155.15278199745808	304.7899999999544	75.583	
5300-noaa-hurricane-documents	imazen-26-png-v3/png-v3/5300-noaa-hurricane-documents/5312_noaa_nhc-al042024-debby_p19_2550x3300.sdr.png	t1	8	44	6627	113.09496199828573	153.5610000000105	57.062	
5300-noaa-hurricane-documents	imazen-26-png-v3/png-v3/5300-noaa-hurricane-documents/5312_noaa_nhc-al042024-debby_p19_2550x3300.sdr.png	t1	10	20	22134	118.19907500466798	259.4230000000124	81.324	
5300-noaa-hurricane-documents	imazen-26-png-v3/png-v3/5300-noaa-hurricane-documents/5312_noaa_nhc-al042024-debby_p19_2550x3300.sdr.png	t1	10	32	15104	118.21833199064713	265.8959999999837	74.794	
5300-noaa-hurricane-documents	imazen-26-png-v3/png-v3/5300-noaa-hurricane-documents/5312_noaa_nhc-al042024-debby_p19_2550x3300.sdr.png	t1	10	44	8463	93.98755599977449	228.4569999999917	56.765	
5300-noaa-hurricane-documents	imazen-26-png-v3/png-v3/5300-noaa-hurricane-documents/5312_noaa_nhc-al042024-debby_p19_2550x3300.sdr.png	t3	4	20	5659	394.7815870051272	221.83600000003878	89.150	
5300-noaa-hurricane-documents	imazen-26-png-v3/png-v3/5300-noaa-hurricane-documents/5312_noaa_nhc-al042024-debby_p19_2550x3300.sdr.png	t3	4	32	4081	485.93529099889565	350.18400000001293	84.936	
5300-noaa-hurricane-documents	imazen-26-png-v3/png-v3/5300-noaa-hurricane-documents/5312_noaa_nhc-al042024-debby_p19_2550x3300.sdr.png	t3	4	44	2853	505.98335299582686	417.6489999999973	76.852	
5300-noaa-hurricane-documents	imazen-26-png-v3/png-v3/5300-noaa-hurricane-documents/5312_noaa_nhc-al042024-debby_p19_2550x3300.sdr.png	t3	6	20	10145	452.85924900963437	359.1299999999933	88.873	
5300-noaa-hurricane-documents	imazen-26-png-v3/png-v3/5300-noaa-hurricane-documents/5312_noaa_nhc-al042024-debby_p19_2550x3300.sdr.png	t3	6	32	7616	185.60320801043417	131.04499999997188	84.858	
5300-noaa-hurricane-documents	imazen-26-png-v3/png-v3/5300-noaa-hurricane-documents/5312_noaa_nhc-al042024-debby_p19_2550x3300.sdr.png	t3	6	44	6011	111.46325399749912	115.9290000000226	78.617	
5300-noaa-hurricane-documents	imazen-26-png-v3/png-v3/5300-noaa-hurricane-documents/5312_noaa_nhc-al042024-debby_p19_2550x3300.sdr.png	t3	8	20	10856	290.2737319964217	205.5570000000273	88.333	
5300-noaa-hurricane-documents	imazen-26-png-v3/png-v3/5300-noaa-hurricane-documents/5312_noaa_nhc-al042024-debby_p19_2550x3300.sdr.png	t3	8	32	8919	302.7105999935884	225.04199999995933	82.258	
5300-noaa-hurricane-documents	imazen-26-png-v3/png-v3/5300-noaa-hurricane-documents/5312_noaa_nhc-al042024-debby_p19_2550x3300.sdr.png	t3	8	44	6047	168.45245800504927	102.48699999998223	74.715	
5300-noaa-hurricane-documents	imazen-26-png-v3/png-v3/5300-noaa-hurricane-documents/5312_noaa_nhc-al042024-debby_p19_2550x3300.sdr.png	t3	10	20	14020	131.07250300527085	111.88399999996079	88.601	
5300-noaa-hurricane-documents	imazen-26-png-v3/png-v3/5300-noaa-hurricane-documents/5312_noaa_nhc-al042024-debby_p19_2550x3300.sdr.png	t3	10	32	11273	153.99073499429505	291.751000000005	80.955	
5300-noaa-hurricane-documents	imazen-26-png-v3/png-v3/5300-noaa-hurricane-documents/5312_noaa_nhc-al042024-debby_p19_2550x3300.sdr.png	t3	10	44	7857	118.24571300530806	188.8519999999687	72.814	
5300-noaa-hurricane-documents	imazen-26-png-v3/png-v3/5300-noaa-hurricane-documents/5312_noaa_nhc-al042024-debby_p19_2550x3300.sdr.png	o6	4	20	5349	289.3213530041976	600.1260000000173	88.785	
5300-noaa-hurricane-documents	imazen-26-png-v3/png-v3/5300-noaa-hurricane-documents/5312_noaa_nhc-al042024-debby_p19_2550x3300.sdr.png	o6	4	32	3731	206.4756259933347	308.53100000004474	83.516	
5300-noaa-hurricane-documents	imazen-26-png-v3/png-v3/5300-noaa-hurricane-documents/5312_noaa_nhc-al042024-debby_p19_2550x3300.sdr.png	o6	4	44	2634	190.62161799229216	437.5130000000098	72.791	
5300-noaa-hurricane-documents	imazen-26-png-v3/png-v3/5300-noaa-hurricane-documents/5312_noaa_nhc-al042024-debby_p19_2550x3300.sdr.png	o6	6	20	9397	200.600188007229	437.5130000000098	88.772	
5300-noaa-hurricane-documents	imazen-26-png-v3/png-v3/5300-noaa-hurricane-documents/5312_noaa_nhc-al042024-debby_p19_2550x3300.sdr.png	o6	6	32	7273	333.5225030023139	519.9829999999537	83.560	
5300-noaa-hurricane-documents	imazen-26-png-v3/png-v3/5300-noaa-hurricane-documents/5312_noaa_nhc-al042024-debby_p19_2550x3300.sdr.png	o6	6	44	5803	326.95928899920546	86.69600000001765	74.035	
5300-noaa-hurricane-documents	imazen-26-png-v3/png-v3/5300-noaa-hurricane-documents/5312_noaa_nhc-al042024-debby_p19_2550x3300.sdr.png	o6	8	20	10087	142.84758400754072	74.63900000000478	88.431	
5300-noaa-hurricane-documents	imazen-26-png-v3/png-v3/5300-noaa-hurricane-documents/5312_noaa_nhc-al042024-debby_p19_2550x3300.sdr.png	o6	8	32	8421	279.9620199948549	150.58900000002495	80.903	
5300-noaa-hurricane-documents	imazen-26-png-v3/png-v3/5300-noaa-hurricane-documents/5312_noaa_nhc-al042024-debby_p19_2550x3300.sdr.png	o6	8	44	5469	180.80273200757802	102.23400000000993	70.497	
5300-noaa-hurricane-documents	imazen-26-png-v3/png-v3/5300-noaa-hurricane-documents/5312_noaa_nhc-al042024-debby_p19_2550x3300.sdr.png	o6	10	20	13289	332.0313810108928	208.09400000000267	88.204	
5300-noaa-hurricane-documents	imazen-26-png-v3/png-v3/5300-noaa-hurricane-documents/5312_noaa_nhc-al042024-debby_p19_2550x3300.sdr.png	o6	10	32	10562	235.594993995619	177.84699999999987	80.088	
5300-noaa-hurricane-documents	imazen-26-png-v3/png-v3/5300-noaa-hurricane-documents/5312_noaa_nhc-al042024-debby_p19_2550x3300.sdr.png	o6	10	44	6891	266.62776700686663	139.65600000001643	69.374	
5300-noaa-hurricane-documents	imazen-26-png-v3/png-v3/5300-noaa-hurricane-documents/5312_noaa_nhc-al042024-debby_p19_2550x3300.sdr.png	o7	4	20	5244	425.59791800158564	487.40000000002226	88.657	
5300-noaa-hurricane-documents	imazen-26-png-v3/png-v3/5300-noaa-hurricane-documents/5312_noaa_nhc-al042024-debby_p19_2550x3300.sdr.png	o7	4	32	3574	298.0834530026186	246.5389999999985	82.318	
5300-noaa-hurricane-documents	imazen-26-png-v3/png-v3/5300-noaa-hurricane-documents/5312_noaa_nhc-al042024-debby_p19_2550x3300.sdr.png	o7	4	44	2493	261.0917230049381	458.640000000031	72.722	
5300-noaa-hurricane-documents	imazen-26-png-v3/png-v3/5300-noaa-hurricane-documents/5312_noaa_nhc-al042024-debby_p19_2550x3300.sdr.png	o7	6	20	9169	128.48823399690446	188.6440000000391	88.797	
5300-noaa-hurricane-documents	imazen-26-png-v3/png-v3/5300-noaa-hurricane-documents/5312_noaa_nhc-al042024-debby_p19_2550x3300.sdr.png	o7	6	32	7003	235.6365640007425	132.4939999999657	84.405	
5300-noaa-hurricane-documents	imazen-26-png-v3/png-v3/5300-noaa-hurricane-documents/5312_noaa_nhc-al042024-debby_p19_2550x3300.sdr.png	o7	6	44	5639	267.43949799856637	191.73799999997243	71.998	
5300-noaa-hurricane-documents	imazen-26-png-v3/png-v3/5300-noaa-hurricane-documents/5312_noaa_nhc-al042024-debby_p19_2550x3300.sdr.png	o7	8	20	9691	185.33335599931888	102.03599999998403	87.702	
5300-noaa-hurricane-documents	imazen-26-png-v3/png-v3/5300-noaa-hurricane-documents/5312_noaa_nhc-al042024-debby_p19_2550x3300.sdr.png	o7	8	32	8130	625.663030994474	174.36399999999708	79.992	
5300-noaa-hurricane-documents	imazen-26-png-v3/png-v3/5300-noaa-hurricane-documents/5312_noaa_nhc-al042024-debby_p19_2550x3300.sdr.png	o7	8	44	5134	118.01546700007748	151.3670000000218	68.561	
5300-noaa-hurricane-documents	imazen-26-png-v3/png-v3/5300-noaa-hurricane-documents/5312_noaa_nhc-al042024-debby_p19_2550x3300.sdr.png	o7	10	20	12709	172.63320701022167	192.91599999999676	87.890	
5300-noaa-hurricane-documents	imazen-26-png-v3/png-v3/5300-noaa-hurricane-documents/5312_noaa_nhc-al042024-debby_p19_2550x3300.sdr.png	o7	10	32	10095	133.09761800337583	83.5090000000207	79.199	
5300-noaa-hurricane-documents	imazen-26-png-v3/png-v3/5300-noaa-hurricane-documents/5312_noaa_nhc-al042024-debby_p19_2550x3300.sdr.png	o7	10	44	6247	214.5806180051295	158.68599999998878	68.116	
5300-noaa-hurricane-documents	imazen-26-png-v3/png-v3/5300-noaa-hurricane-documents/5312_noaa_nhc-al042024-debby_p19_2550x3300.sdr.png	o8	4	20	5237	232.70542800310068	215.24600000003602	88.840	
5300-noaa-hurricane-documents	imazen-26-png-v3/png-v3/5300-noaa-hurricane-documents/5312_noaa_nhc-al042024-debby_p19_2550x3300.sdr.png	o8	4	32	3512	379.55763599893544	254.99299999999891	82.556	
5300-noaa-hurricane-documents	imazen-26-png-v3/png-v3/5300-noaa-hurricane-documents/5312_noaa_nhc-al042024-debby_p19_2550x3300.sdr.png	o8	4	44	2496	476.74628101231065	400.7909999999839	72.295	
5300-noaa-hurricane-documents	imazen-26-png-v3/png-v3/5300-noaa-hurricane-documents/5312_noaa_nhc-al042024-debby_p19_2550x3300.sdr.png	o8	6	20	9124	584.6891690016491	332.4980000000153	88.746	
5300-noaa-hurricane-documents	imazen-26-png-v3/png-v3/5300-noaa-hurricane-documents/5312_noaa_nhc-al042024-debby_p19_2550x3300.sdr.png	o8	6	32	7090	336.315125998226	240.98299999999995	82.583	
5300-noaa-hurricane-documents	imazen-26-png-v3/png-v3/5300-noaa-hurricane-documents/5312_noaa_nhc-al042024-debby_p19_2550x3300.sdr.png	o8	6	44	5632	263.8609429995995	142.49500000002513	70.569	
5300-noaa-hurricane-documents	imazen-26-png-v3/png-v3/5300-noaa-hurricane-documents/5312_noaa_nhc-al042024-debby_p19_2550x3300.sdr.png	o8	8	20	9645	285.18000899930485	208.25599999999156	87.296	
5300-noaa-hurricane-documents	imazen-26-png-v3/png-v3/5300-noaa-hurricane-documents/5312_noaa_nhc-al042024-debby_p19_2550x3300.sdr.png	o8	8	32	8081	533.3258080063388	144.07500000000084	78.813	
5300-noaa-hurricane-documents	imazen-26-png-v3/png-v3/5300-noaa-hurricane-documents/5312_noaa_nhc-al042024-debby_p19_2550x3300.sdr.png	o8	8	44	5099	616.6123420116492	188.58500000000333	67.339	
5300-noaa-hurricane-documents	imazen-26-png-v3/png-v3/5300-noaa-hurricane-documents/5312_noaa_nhc-al042024-debby_p19_2550x3300.sdr.png	o8	10	20	12535	532.3596939997515	147.1010000000348	87.743	
5300-noaa-hurricane-documents	imazen-26-png-v3/png-v3/5300-noaa-hurricane-documents/5312_noaa_nhc-al042024-debby_p19_2550x3300.sdr.png	o8	10	32	9943	170.9256650065072	122.6050000000356	78.613	
5300-noaa-hurricane-documents	imazen-26-png-v3/png-v3/5300-noaa-hurricane-documents/5312_noaa_nhc-al042024-debby_p19_2550x3300.sdr.png	o8	10	44	6143	151.2180999998236	160.05400000001657	67.650	
5300-noaa-hurricane-documents	imazen-26-png-v3/png-v3/5300-noaa-hurricane-documents/5312_noaa_nhc-al042024-debby_p19_2550x3300.sdr.png	o7ac	4	20	5243	147.55764800065663	312.3800000000472	88.508	
5300-noaa-hurricane-documents	imazen-26-png-v3/png-v3/5300-noaa-hurricane-documents/5312_noaa_nhc-al042024-debby_p19_2550x3300.sdr.png	o7ac	4	32	3582	271.25070699548814	415.6289999999956	82.693	
5300-noaa-hurricane-documents	imazen-26-png-v3/png-v3/5300-noaa-hurricane-documents/5312_noaa_nhc-al042024-debby_p19_2550x3300.sdr.png	o7ac	4	44	2494	256.0140019922983	598.1470000000115	72.689	
5300-noaa-hurricane-documents	imazen-26-png-v3/png-v3/5300-noaa-hurricane-documents/5312_noaa_nhc-al042024-debby_p19_2550x3300.sdr.png	o7ac	6	20	9213	235.14597199391574	380.92400000000737	88.812	
5300-noaa-hurricane-documents	imazen-26-png-v3/png-v3/5300-noaa-hurricane-documents/5312_noaa_nhc-al042024-debby_p19_2550x3300.sdr.png	o7ac	6	32	7017	178.7663139984943	198.40599999999142	84.392	
5300-noaa-hurricane-documents	imazen-26-png-v3/png-v3/5300-noaa-hurricane-documents/5312_noaa_nhc-al042024-debby_p19_2550x3300.sdr.png	o7ac	6	44	5653	367.7489510009764	476.1400000000009	72.187	
5300-noaa-hurricane-documents	imazen-26-png-v3/png-v3/5300-noaa-hurricane-documents/5312_noaa_nhc-al042024-debby_p19_2550x3300.sdr.png	o7ac	8	20	9694	905.8560090052197	92.88000000003649	87.743	
5300-noaa-hurricane-documents	imazen-26-png-v3/png-v3/5300-noaa-hurricane-documents/5312_noaa_nhc-al042024-debby_p19_2550x3300.sdr.png	o7ac	8	32	8124	661.2448619998759	213.28600000001074	80.003	
5300-noaa-hurricane-documents	imazen-26-png-v3/png-v3/5300-noaa-hurricane-documents/5312_noaa_nhc-al042024-debby_p19_2550x3300.sdr.png	o7ac	8	44	5134	209.89822498813737	214.5269999999897	68.561	
5300-noaa-hurricane-documents	imazen-26-png-v3/png-v3/5300-noaa-hurricane-documents/5312_noaa_nhc-al042024-debby_p19_2550x3300.sdr.png	o7ac	10	20	12709	126.30182299471926	323.7760000000378	87.890	
5300-noaa-hurricane-documents	imazen-26-png-v3/png-v3/5300-noaa-hurricane-documents/5312_noaa_nhc-al042024-debby_p19_2550x3300.sdr.png	o7ac	10	32	10095	136.65945200773422	449.80300000003126	79.199	
5300-noaa-hurricane-documents	imazen-26-png-v3/png-v3/5300-noaa-hurricane-documents/5312_noaa_nhc-al042024-debby_p19_2550x3300.sdr.png	o7ac	10	44	6247	125.93556700448971	406.4730000000196	68.116	
6000-lilith-scans-public-patents	imazen-26-png-v3/png-v3/6000-lilith-scans-public-patents/lynn_conway_us5046022_printrescangray300/6069_scans-patents_lynn-conway-us5046022-rescan-gray_p011_2479x3230.sdr.png	t1	4	20	37651	335.5610639991937	799.120000000002	88.038	
6000-lilith-scans-public-patents	imazen-26-png-v3/png-v3/6000-lilith-scans-public-patents/lynn_conway_us5046022_printrescangray300/6069_scans-patents_lynn-conway-us5046022-rescan-gray_p011_2479x3230.sdr.png	t1	4	32	25123	643.9499779953621	1354.714999999956	83.775	
6000-lilith-scans-public-patents	imazen-26-png-v3/png-v3/6000-lilith-scans-public-patents/lynn_conway_us5046022_printrescangray300/6069_scans-patents_lynn-conway-us5046022-rescan-gray_p011_2479x3230.sdr.png	t1	4	44	14075	465.3212849952979	1051.7830000000004	70.535	
6000-lilith-scans-public-patents	imazen-26-png-v3/png-v3/6000-lilith-scans-public-patents/lynn_conway_us5046022_printrescangray300/6069_scans-patents_lynn-conway-us5046022-rescan-gray_p011_2479x3230.sdr.png	t1	6	20	39932	240.48234600923024	335.3259999999665	88.289	
6000-lilith-scans-public-patents	imazen-26-png-v3/png-v3/6000-lilith-scans-public-patents/lynn_conway_us5046022_printrescangray300/6069_scans-patents_lynn-conway-us5046022-rescan-gray_p011_2479x3230.sdr.png	t1	6	32	26573	235.23642399231903	552.6739999999819	84.560	
6000-lilith-scans-public-patents	imazen-26-png-v3/png-v3/6000-lilith-scans-public-patents/lynn_conway_us5046022_printrescangray300/6069_scans-patents_lynn-conway-us5046022-rescan-gray_p011_2479x3230.sdr.png	t1	6	44	14544	148.11793199623935	86.37799999998208	72.212	
6000-lilith-scans-public-patents	imazen-26-png-v3/png-v3/6000-lilith-scans-public-patents/lynn_conway_us5046022_printrescangray300/6069_scans-patents_lynn-conway-us5046022-rescan-gray_p011_2479x3230.sdr.png	t1	8	20	42383	306.9323170057032	120.6269999999563	86.738	
6000-lilith-scans-public-patents	imazen-26-png-v3/png-v3/6000-lilith-scans-public-patents/lynn_conway_us5046022_printrescangray300/6069_scans-patents_lynn-conway-us5046022-rescan-gray_p011_2479x3230.sdr.png	t1	8	32	27959	240.74099700374063	83.73500000001854	83.256	
6000-lilith-scans-public-patents	imazen-26-png-v3/png-v3/6000-lilith-scans-public-patents/lynn_conway_us5046022_printrescangray300/6069_scans-patents_lynn-conway-us5046022-rescan-gray_p011_2479x3230.sdr.png	t1	8	44	15275	344.38282799965236	241.10200000004056	68.860	
6000-lilith-scans-public-patents	imazen-26-png-v3/png-v3/6000-lilith-scans-public-patents/lynn_conway_us5046022_printrescangray300/6069_scans-patents_lynn-conway-us5046022-rescan-gray_p011_2479x3230.sdr.png	t1	10	20	45625	215.14514899172354	152.1929999999827	86.554	
6000-lilith-scans-public-patents	imazen-26-png-v3/png-v3/6000-lilith-scans-public-patents/lynn_conway_us5046022_printrescangray300/6069_scans-patents_lynn-conway-us5046022-rescan-gray_p011_2479x3230.sdr.png	t1	10	32	29349	87.4806899955729	132.81599999999116	80.940	
6000-lilith-scans-public-patents	imazen-26-png-v3/png-v3/6000-lilith-scans-public-patents/lynn_conway_us5046022_printrescangray300/6069_scans-patents_lynn-conway-us5046022-rescan-gray_p011_2479x3230.sdr.png	t1	10	44	15237	144.8637719877297	189.39100000000053	66.751	
6000-lilith-scans-public-patents	imazen-26-png-v3/png-v3/6000-lilith-scans-public-patents/lynn_conway_us5046022_printrescangray300/6069_scans-patents_lynn-conway-us5046022-rescan-gray_p011_2479x3230.sdr.png	t3	4	20	37915	462.46269599942025	1134.6360000000145	88.107	
6000-lilith-scans-public-patents	imazen-26-png-v3/png-v3/6000-lilith-scans-public-patents/lynn_conway_us5046022_printrescangray300/6069_scans-patents_lynn-conway-us5046022-rescan-gray_p011_2479x3230.sdr.png	t3	4	32	24629	415.5718580004759	754.4299999999851	83.466	
6000-lilith-scans-public-patents	imazen-26-png-v3/png-v3/6000-lilith-scans-public-patents/lynn_conway_us5046022_printrescangray300/6069_scans-patents_lynn-conway-us5046022-rescan-gray_p011_2479x3230.sdr.png	t3	4	44	14078	343.2538439956261	405.9999999999917	70.032	
6000-lilith-scans-public-patents	imazen-26-png-v3/png-v3/6000-lilith-scans-public-patents/lynn_conway_us5046022_printrescangray300/6069_scans-patents_lynn-conway-us5046022-rescan-gray_p011_2479x3230.sdr.png	t3	6	20	38753	316.6267079941463	1040.2350000000383	88.007	
6000-lilith-scans-public-patents	imazen-26-png-v3/png-v3/6000-lilith-scans-public-patents/lynn_conway_us5046022_printrescangray300/6069_scans-patents_lynn-conway-us5046022-rescan-gray_p011_2479x3230.sdr.png	t3	6	32	25277	305.8023810008308	136.41500000002793	83.978	
6000-lilith-scans-public-patents	imazen-26-png-v3/png-v3/6000-lilith-scans-public-patents/lynn_conway_us5046022_printrescangray300/6069_scans-patents_lynn-conway-us5046022-rescan-gray_p011_2479x3230.sdr.png	t3	6	44	14419	254.53220699273515	178.4369999999882	71.458	
6000-lilith-scans-public-patents	imazen-26-png-v3/png-v3/6000-lilith-scans-public-patents/lynn_conway_us5046022_printrescangray300/6069_scans-patents_lynn-conway-us5046022-rescan-gray_p011_2479x3230.sdr.png	t3	8	20	41237	376.7386830004398	117.69300000001692	87.687	
6000-lilith-scans-public-patents	imazen-26-png-v3/png-v3/6000-lilith-scans-public-patents/lynn_conway_us5046022_printrescangray300/6069_scans-patents_lynn-conway-us5046022-rescan-gray_p011_2479x3230.sdr.png	t3	8	32	26913	310.5362820060691	202.04200000003425	81.826	
6000-lilith-scans-public-patents	imazen-26-png-v3/png-v3/6000-lilith-scans-public-patents/lynn_conway_us5046022_printrescangray300/6069_scans-patents_lynn-conway-us5046022-rescan-gray_p011_2479x3230.sdr.png	t3	8	44	15448	181.85490999894682	374.6380000000329	69.026	
6000-lilith-scans-public-patents	imazen-26-png-v3/png-v3/6000-lilith-scans-public-patents/lynn_conway_us5046022_printrescangray300/6069_scans-patents_lynn-conway-us5046022-rescan-gray_p011_2479x3230.sdr.png	t3	10	20	42097	130.03359900903888	169.66499999998064	87.430	
6000-lilith-scans-public-patents	imazen-26-png-v3/png-v3/6000-lilith-scans-public-patents/lynn_conway_us5046022_printrescangray300/6069_scans-patents_lynn-conway-us5046022-rescan-gray_p011_2479x3230.sdr.png	t3	10	32	26980	119.81623600877356	289.8460000000256	81.299	
6000-lilith-scans-public-patents	imazen-26-png-v3/png-v3/6000-lilith-scans-public-patents/lynn_conway_us5046022_printrescangray300/6069_scans-patents_lynn-conway-us5046022-rescan-gray_p011_2479x3230.sdr.png	t3	10	44	15172	140.911477006739	304.73999999999535	68.575	
6000-lilith-scans-public-patents	imazen-26-png-v3/png-v3/6000-lilith-scans-public-patents/lynn_conway_us5046022_printrescangray300/6069_scans-patents_lynn-conway-us5046022-rescan-gray_p011_2479x3230.sdr.png	o6	4	20	37289	387.4824649974471	467.117000000016	87.970	
6000-lilith-scans-public-patents	imazen-26-png-v3/png-v3/6000-lilith-scans-public-patents/lynn_conway_us5046022_printrescangray300/6069_scans-patents_lynn-conway-us5046022-rescan-gray_p011_2479x3230.sdr.png	o6	4	32	24128	559.873873993638	1079.4939999999826	83.076	
6000-lilith-scans-public-patents	imazen-26-png-v3/png-v3/6000-lilith-scans-public-patents/lynn_conway_us5046022_printrescangray300/6069_scans-patents_lynn-conway-us5046022-rescan-gray_p011_2479x3230.sdr.png	o6	4	44	13673	405.5398570053512	992.3900000000003	69.670	
6000-lilith-scans-public-patents	imazen-26-png-v3/png-v3/6000-lilith-scans-public-patents/lynn_conway_us5046022_printrescangray300/6069_scans-patents_lynn-conway-us5046022-rescan-gray_p011_2479x3230.sdr.png	o6	6	20	38084	464.55392699863296	1055.0929999999853	87.815	
6000-lilith-scans-public-patents	imazen-26-png-v3/png-v3/6000-lilith-scans-public-patents/lynn_conway_us5046022_printrescangray300/6069_scans-patents_lynn-conway-us5046022-rescan-gray_p011_2479x3230.sdr.png	o6	6	32	24696	281.49090299848467	217.41600000001426	83.929	
6000-lilith-scans-public-patents	imazen-26-png-v3/png-v3/6000-lilith-scans-public-patents/lynn_conway_us5046022_printrescangray300/6069_scans-patents_lynn-conway-us5046022-rescan-gray_p011_2479x3230.sdr.png	o6	6	44	13899	269.82403700822033	272.22799999998415	71.482	
6000-lilith-scans-public-patents	imazen-26-png-v3/png-v3/6000-lilith-scans-public-patents/lynn_conway_us5046022_printrescangray300/6069_scans-patents_lynn-conway-us5046022-rescan-gray_p011_2479x3230.sdr.png	o6	8	20	40551	149.37595100491308	65.95000000000084	87.605	
6000-lilith-scans-public-patents	imazen-26-png-v3/png-v3/6000-lilith-scans-public-patents/lynn_conway_us5046022_printrescangray300/6069_scans-patents_lynn-conway-us5046022-rescan-gray_p011_2479x3230.sdr.png	o6	8	32	26219	285.54584400262684	260.7420000000076	81.530	
6000-lilith-scans-public-patents	imazen-26-png-v3/png-v3/6000-lilith-scans-public-patents/lynn_conway_us5046022_printrescangray300/6069_scans-patents_lynn-conway-us5046022-rescan-gray_p011_2479x3230.sdr.png	o6	8	44	14896	164.55357400991488	148.19199999995192	68.487	
6000-lilith-scans-public-patents	imazen-26-png-v3/png-v3/6000-lilith-scans-public-patents/lynn_conway_us5046022_printrescangray300/6069_scans-patents_lynn-conway-us5046022-rescan-gray_p011_2479x3230.sdr.png	o6	10	20	41363	264.36022100097034	265.1060000000314	87.293	
6000-lilith-scans-public-patents	imazen-26-png-v3/png-v3/6000-lilith-scans-public-patents/lynn_conway_us5046022_printrescangray300/6069_scans-patents_lynn-conway-us5046022-rescan-gray_p011_2479x3230.sdr.png	o6	10	32	26177	204.3442690046504	247.68700000005595	80.988	
6000-lilith-scans-public-patents	imazen-26-png-v3/png-v3/6000-lilith-scans-public-patents/lynn_conway_us5046022_printrescangray300/6069_scans-patents_lynn-conway-us5046022-rescan-gray_p011_2479x3230.sdr.png	o6	10	44	14577	137.95954099623486	144.86800000001665	67.845	
6000-lilith-scans-public-patents	imazen-26-png-v3/png-v3/6000-lilith-scans-public-patents/lynn_conway_us5046022_printrescangray300/6069_scans-patents_lynn-conway-us5046022-rescan-gray_p011_2479x3230.sdr.png	o7	4	20	37127	633.790174004389	420.7929999999749	87.910	
6000-lilith-scans-public-patents	imazen-26-png-v3/png-v3/6000-lilith-scans-public-patents/lynn_conway_us5046022_printrescangray300/6069_scans-patents_lynn-conway-us5046022-rescan-gray_p011_2479x3230.sdr.png	o7	4	32	24030	626.9747619953705	738.4239999999949	83.022	
6000-lilith-scans-public-patents	imazen-26-png-v3/png-v3/6000-lilith-scans-public-patents/lynn_conway_us5046022_printrescangray300/6069_scans-patents_lynn-conway-us5046022-rescan-gray_p011_2479x3230.sdr.png	o7	4	44	13603	426.2931789999129	1102.0209999999934	69.310	
6000-lilith-scans-public-patents	imazen-26-png-v3/png-v3/6000-lilith-scans-public-patents/lynn_conway_us5046022_printrescangray300/6069_scans-patents_lynn-conway-us5046022-rescan-gray_p011_2479x3230.sdr.png	o7	6	20	37933	307.96636099694297	753.2010000000326	87.851	
6000-lilith-scans-public-patents	imazen-26-png-v3/png-v3/6000-lilith-scans-public-patents/lynn_conway_us5046022_printrescangray300/6069_scans-patents_lynn-conway-us5046022-rescan-gray_p011_2479x3230.sdr.png	o7	6	32	24573	400.8227589947637	544.692999999981	83.765	
6000-lilith-scans-public-patents	imazen-26-png-v3/png-v3/6000-lilith-scans-public-patents/lynn_conway_us5046022_printrescangray300/6069_scans-patents_lynn-conway-us5046022-rescan-gray_p011_2479x3230.sdr.png	o7	6	44	13850	318.06371599668637	652.6230000000055	71.360	
6000-lilith-scans-public-patents	imazen-26-png-v3/png-v3/6000-lilith-scans-public-patents/lynn_conway_us5046022_printrescangray300/6069_scans-patents_lynn-conway-us5046022-rescan-gray_p011_2479x3230.sdr.png	o7	8	20	40357	98.19391400378663	302.2889999999592	87.579	
6000-lilith-scans-public-patents	imazen-26-png-v3/png-v3/6000-lilith-scans-public-patents/lynn_conway_us5046022_printrescangray300/6069_scans-patents_lynn-conway-us5046022-rescan-gray_p011_2479x3230.sdr.png	o7	8	32	26092	221.30447599920444	273.2910000000004	81.414	
6000-lilith-scans-public-patents	imazen-26-png-v3/png-v3/6000-lilith-scans-public-patents/lynn_conway_us5046022_printrescangray300/6069_scans-patents_lynn-conway-us5046022-rescan-gray_p011_2479x3230.sdr.png	o7	8	44	14748	236.48974399839062	364.4870000000253	68.258	
6000-lilith-scans-public-patents	imazen-26-png-v3/png-v3/6000-lilith-scans-public-patents/lynn_conway_us5046022_printrescangray300/6069_scans-patents_lynn-conway-us5046022-rescan-gray_p011_2479x3230.sdr.png	o7	10	20	41171	269.6060029993532	284.60999999995806	87.273	
6000-lilith-scans-public-patents	imazen-26-png-v3/png-v3/6000-lilith-scans-public-patents/lynn_conway_us5046022_printrescangray300/6069_scans-patents_lynn-conway-us5046022-rescan-gray_p011_2479x3230.sdr.png	o7	10	32	25990	222.89845399791375	140.45199999999625	80.747	
6000-lilith-scans-public-patents	imazen-26-png-v3/png-v3/6000-lilith-scans-public-patents/lynn_conway_us5046022_printrescangray300/6069_scans-patents_lynn-conway-us5046022-rescan-gray_p011_2479x3230.sdr.png	o7	10	44	14426	263.40262200392317	149.64200000000005	67.562	
6000-lilith-scans-public-patents	imazen-26-png-v3/png-v3/6000-lilith-scans-public-patents/lynn_conway_us5046022_printrescangray300/6069_scans-patents_lynn-conway-us5046022-rescan-gray_p011_2479x3230.sdr.png	o8	4	20	37127	587.8249140077969	1428.5620000000135	87.910	
6000-lilith-scans-public-patents	imazen-26-png-v3/png-v3/6000-lilith-scans-public-patents/lynn_conway_us5046022_printrescangray300/6069_scans-patents_lynn-conway-us5046022-rescan-gray_p011_2479x3230.sdr.png	o8	4	32	24030	639.0342329978012	1782.0329999999842	83.022	
6000-lilith-scans-public-patents	imazen-26-png-v3/png-v3/6000-lilith-scans-public-patents/lynn_conway_us5046022_printrescangray300/6069_scans-patents_lynn-conway-us5046022-rescan-gray_p011_2479x3230.sdr.png	o8	4	44	13603	346.97949899418745	853.8889999999952	69.310	
6000-lilith-scans-public-patents	imazen-26-png-v3/png-v3/6000-lilith-scans-public-patents/lynn_conway_us5046022_printrescangray300/6069_scans-patents_lynn-conway-us5046022-rescan-gray_p011_2479x3230.sdr.png	o8	6	20	37933	252.02679001085926	188.33600000000672	87.851	
6000-lilith-scans-public-patents	imazen-26-png-v3/png-v3/6000-lilith-scans-public-patents/lynn_conway_us5046022_printrescangray300/6069_scans-patents_lynn-conway-us5046022-rescan-gray_p011_2479x3230.sdr.png	o8	6	32	24573	125.39141399611253	250.1840000000044	83.765	
6000-lilith-scans-public-patents	imazen-26-png-v3/png-v3/6000-lilith-scans-public-patents/lynn_conway_us5046022_printrescangray300/6069_scans-patents_lynn-conway-us5046022-rescan-gray_p011_2479x3230.sdr.png	o8	6	44	13850	172.8416629921412	789.8969999999821	71.360	
6000-lilith-scans-public-patents	imazen-26-png-v3/png-v3/6000-lilith-scans-public-patents/lynn_conway_us5046022_printrescangray300/6069_scans-patents_lynn-conway-us5046022-rescan-gray_p011_2479x3230.sdr.png	o8	8	20	40357	95.5726969987154	366.72300000000746	87.579	
6000-lilith-scans-public-patents	imazen-26-png-v3/png-v3/6000-lilith-scans-public-patents/lynn_conway_us5046022_printrescangray300/6069_scans-patents_lynn-conway-us5046022-rescan-gray_p011_2479x3230.sdr.png	o8	8	32	26092	86.97098100674339	546.3410000000124	81.414	
6000-lilith-scans-public-patents	imazen-26-png-v3/png-v3/6000-lilith-scans-public-patents/lynn_conway_us5046022_printrescangray300/6069_scans-patents_lynn-conway-us5046022-rescan-gray_p011_2479x3230.sdr.png	o8	8	44	14748	117.90756200207397	545.0630000000416	68.258	
6000-lilith-scans-public-patents	imazen-26-png-v3/png-v3/6000-lilith-scans-public-patents/lynn_conway_us5046022_printrescangray300/6069_scans-patents_lynn-conway-us5046022-rescan-gray_p011_2479x3230.sdr.png	o8	10	20	41171	153.3756670105504	224.96499999999742	87.273	
6000-lilith-scans-public-patents	imazen-26-png-v3/png-v3/6000-lilith-scans-public-patents/lynn_conway_us5046022_printrescangray300/6069_scans-patents_lynn-conway-us5046022-rescan-gray_p011_2479x3230.sdr.png	o8	10	32	25990	188.94783999712672	237.48299999998324	80.747	
6000-lilith-scans-public-patents	imazen-26-png-v3/png-v3/6000-lilith-scans-public-patents/lynn_conway_us5046022_printrescangray300/6069_scans-patents_lynn-conway-us5046022-rescan-gray_p011_2479x3230.sdr.png	o8	10	44	14426	378.86555200384464	118.38799999999594	67.562	
6000-lilith-scans-public-patents	imazen-26-png-v3/png-v3/6000-lilith-scans-public-patents/lynn_conway_us5046022_printrescangray300/6069_scans-patents_lynn-conway-us5046022-rescan-gray_p011_2479x3230.sdr.png	o7ac	4	20	37277	1053.537171013886	356.83400000003473	88.059	
6000-lilith-scans-public-patents	imazen-26-png-v3/png-v3/6000-lilith-scans-public-patents/lynn_conway_us5046022_printrescangray300/6069_scans-patents_lynn-conway-us5046022-rescan-gray_p011_2479x3230.sdr.png	o7ac	4	32	23998	357.9294929950265	1444.8509999999856	83.038	
6000-lilith-scans-public-patents	imazen-26-png-v3/png-v3/6000-lilith-scans-public-patents/lynn_conway_us5046022_printrescangray300/6069_scans-patents_lynn-conway-us5046022-rescan-gray_p011_2479x3230.sdr.png	o7ac	4	44	13516	463.01253999990877	1451.9289999999642	69.446	
6000-lilith-scans-public-patents	imazen-26-png-v3/png-v3/6000-lilith-scans-public-patents/lynn_conway_us5046022_printrescangray300/6069_scans-patents_lynn-conway-us5046022-rescan-gray_p011_2479x3230.sdr.png	o7ac	6	20	38064	146.87002199934795	262.98600000002637	87.896	
6000-lilith-scans-public-patents	imazen-26-png-v3/png-v3/6000-lilith-scans-public-patents/lynn_conway_us5046022_printrescangray300/6069_scans-patents_lynn-conway-us5046022-rescan-gray_p011_2479x3230.sdr.png	o7ac	6	32	24621	141.34594200004358	356.1939999999595	83.846	
6000-lilith-scans-public-patents	imazen-26-png-v3/png-v3/6000-lilith-scans-public-patents/lynn_conway_us5046022_printrescangray300/6069_scans-patents_lynn-conway-us5046022-rescan-gray_p011_2479x3230.sdr.png	o7ac	6	44	13850	146.4659049961483	511.55000000001394	71.240	
6000-lilith-scans-public-patents	imazen-26-png-v3/png-v3/6000-lilith-scans-public-patents/lynn_conway_us5046022_printrescangray300/6069_scans-patents_lynn-conway-us5046022-rescan-gray_p011_2479x3230.sdr.png	o7ac	8	20	40366	94.48048200283665	373.6599999999868	87.532	
6000-lilith-scans-public-patents	imazen-26-png-v3/png-v3/6000-lilith-scans-public-patents/lynn_conway_us5046022_printrescangray300/6069_scans-patents_lynn-conway-us5046022-rescan-gray_p011_2479x3230.sdr.png	o7ac	8	32	26100	109.58514700178057	440.7380000000245	81.430	
6000-lilith-scans-public-patents	imazen-26-png-v3/png-v3/6000-lilith-scans-public-patents/lynn_conway_us5046022_printrescangray300/6069_scans-patents_lynn-conway-us5046022-rescan-gray_p011_2479x3230.sdr.png	o7ac	8	44	14753	83.60731400898658	447.361000000015	68.277	
6000-lilith-scans-public-patents	imazen-26-png-v3/png-v3/6000-lilith-scans-public-patents/lynn_conway_us5046022_printrescangray300/6069_scans-patents_lynn-conway-us5046022-rescan-gray_p011_2479x3230.sdr.png	o7ac	10	20	41175	73.31636000890285	277.2220000000232	87.225	
6000-lilith-scans-public-patents	imazen-26-png-v3/png-v3/6000-lilith-scans-public-patents/lynn_conway_us5046022_printrescangray300/6069_scans-patents_lynn-conway-us5046022-rescan-gray_p011_2479x3230.sdr.png	o7ac	10	32	25995	99.63581300689839	345.5030000000079	80.732	
6000-lilith-scans-public-patents	imazen-26-png-v3/png-v3/6000-lilith-scans-public-patents/lynn_conway_us5046022_printrescangray300/6069_scans-patents_lynn-conway-us5046022-rescan-gray_p011_2479x3230.sdr.png	o7ac	10	44	14432	614.6678799996153	84.94200000001229	67.576	
6000-lilith-scans-public-patents	imazen-26-png-v3/png-v3/6000-lilith-scans-public-patents/martha_jones_us77494_printrescancolor300/6093_scans-patents_martha-jones-us77494-rescan-color_p002_2479x3230.sdr.png	t1	4	20	36304	507.8915070043877	373.63099999998894	83.266	
6000-lilith-scans-public-patents	imazen-26-png-v3/png-v3/6000-lilith-scans-public-patents/martha_jones_us77494_printrescancolor300/6093_scans-patents_martha-jones-us77494-rescan-color_p002_2479x3230.sdr.png	t1	4	32	24487	587.8829249995761	886.2209999999919	79.644	
6000-lilith-scans-public-patents	imazen-26-png-v3/png-v3/6000-lilith-scans-public-patents/martha_jones_us77494_printrescancolor300/6093_scans-patents_martha-jones-us77494-rescan-color_p002_2479x3230.sdr.png	t1	4	44	14696	374.5898909983225	1336.6449999999759	70.882	
6000-lilith-scans-public-patents	imazen-26-png-v3/png-v3/6000-lilith-scans-public-patents/martha_jones_us77494_printrescancolor300/6093_scans-patents_martha-jones-us77494-rescan-color_p002_2479x3230.sdr.png	t1	6	20	38747	240.7546329923207	1006.3839999999828	82.823	
6000-lilith-scans-public-patents	imazen-26-png-v3/png-v3/6000-lilith-scans-public-patents/martha_jones_us77494_printrescancolor300/6093_scans-patents_martha-jones-us77494-rescan-color_p002_2479x3230.sdr.png	t1	6	32	26103	224.92450100253336	935.4299999999824	80.441	
6000-lilith-scans-public-patents	imazen-26-png-v3/png-v3/6000-lilith-scans-public-patents/martha_jones_us77494_printrescancolor300/6093_scans-patents_martha-jones-us77494-rescan-color_p002_2479x3230.sdr.png	t1	6	44	15443	228.3059229957871	1041.7360000000003	73.267	
6000-lilith-scans-public-patents	imazen-26-png-v3/png-v3/6000-lilith-scans-public-patents/martha_jones_us77494_printrescancolor300/6093_scans-patents_martha-jones-us77494-rescan-color_p002_2479x3230.sdr.png	t1	8	20	42939	142.99275900702924	1084.5790000000193	83.904	
6000-lilith-scans-public-patents	imazen-26-png-v3/png-v3/6000-lilith-scans-public-patents/martha_jones_us77494_printrescancolor300/6093_scans-patents_martha-jones-us77494-rescan-color_p002_2479x3230.sdr.png	t1	8	32	28366	436.44314400444273	389.994999999999	78.443	
6000-lilith-scans-public-patents	imazen-26-png-v3/png-v3/6000-lilith-scans-public-patents/martha_jones_us77494_printrescancolor300/6093_scans-patents_martha-jones-us77494-rescan-color_p002_2479x3230.sdr.png	t1	8	44	16016	307.7807380032027	153.9470000000307	67.755	
6000-lilith-scans-public-patents	imazen-26-png-v3/png-v3/6000-lilith-scans-public-patents/martha_jones_us77494_printrescancolor300/6093_scans-patents_martha-jones-us77494-rescan-color_p002_2479x3230.sdr.png	t1	10	20	47609	360.88050800026394	228.1319999999738	83.668	
6000-lilith-scans-public-patents	imazen-26-png-v3/png-v3/6000-lilith-scans-public-patents/martha_jones_us77494_printrescancolor300/6093_scans-patents_martha-jones-us77494-rescan-color_p002_2479x3230.sdr.png	t1	10	32	30814	250.7741699955659	247.11300000001302	77.620	
6000-lilith-scans-public-patents	imazen-26-png-v3/png-v3/6000-lilith-scans-public-patents/martha_jones_us77494_printrescancolor300/6093_scans-patents_martha-jones-us77494-rescan-color_p002_2479x3230.sdr.png	t1	10	44	16348	428.2289340044372	95.36499999998682	66.271	
6000-lilith-scans-public-patents	imazen-26-png-v3/png-v3/6000-lilith-scans-public-patents/martha_jones_us77494_printrescancolor300/6093_scans-patents_martha-jones-us77494-rescan-color_p002_2479x3230.sdr.png	t3	4	20	38268	551.2219339871081	729.1769999999929	84.115	
6000-lilith-scans-public-patents	imazen-26-png-v3/png-v3/6000-lilith-scans-public-patents/martha_jones_us77494_printrescancolor300/6093_scans-patents_martha-jones-us77494-rescan-color_p002_2479x3230.sdr.png	t3	4	32	24838	505.32470300095156	1004.1829999999976	78.228	
6000-lilith-scans-public-patents	imazen-26-png-v3/png-v3/6000-lilith-scans-public-patents/martha_jones_us77494_printrescancolor300/6093_scans-patents_martha-jones-us77494-rescan-color_p002_2479x3230.sdr.png	t3	4	44	14646	398.62100800382905	1512.3740000000084	69.859	
6000-lilith-scans-public-patents	imazen-26-png-v3/png-v3/6000-lilith-scans-public-patents/martha_jones_us77494_printrescancolor300/6093_scans-patents_martha-jones-us77494-rescan-color_p002_2479x3230.sdr.png	t3	6	20	39668	297.0672130031744	922.229999999999	84.515	
6000-lilith-scans-public-patents	imazen-26-png-v3/png-v3/6000-lilith-scans-public-patents/martha_jones_us77494_printrescancolor300/6093_scans-patents_martha-jones-us77494-rescan-color_p002_2479x3230.sdr.png	t3	6	32	25881	332.22156298870686	1024.1619999999757	79.469	
6000-lilith-scans-public-patents	imazen-26-png-v3/png-v3/6000-lilith-scans-public-patents/martha_jones_us77494_printrescancolor300/6093_scans-patents_martha-jones-us77494-rescan-color_p002_2479x3230.sdr.png	t3	6	44	15132	301.30812599963974	1455.9730000000286	71.091	
6000-lilith-scans-public-patents	imazen-26-png-v3/png-v3/6000-lilith-scans-public-patents/martha_jones_us77494_printrescancolor300/6093_scans-patents_martha-jones-us77494-rescan-color_p002_2479x3230.sdr.png	t3	8	20	42686	204.37466600560583	1356.1200000000042	84.253	
6000-lilith-scans-public-patents	imazen-26-png-v3/png-v3/6000-lilith-scans-public-patents/martha_jones_us77494_printrescancolor300/6093_scans-patents_martha-jones-us77494-rescan-color_p002_2479x3230.sdr.png	t3	8	32	27739	249.03531800373457	1437.3120000000483	78.125	
6000-lilith-scans-public-patents	imazen-26-png-v3/png-v3/6000-lilith-scans-public-patents/martha_jones_us77494_printrescancolor300/6093_scans-patents_martha-jones-us77494-rescan-color_p002_2479x3230.sdr.png	t3	8	44	15878	326.0365869937232	147.68699999999058	66.538	
6000-lilith-scans-public-patents	imazen-26-png-v3/png-v3/6000-lilith-scans-public-patents/martha_jones_us77494_printrescancolor300/6093_scans-patents_martha-jones-us77494-rescan-color_p002_2479x3230.sdr.png	t3	10	20	44386	434.2453499994008	214.1720000000049	83.782	
6000-lilith-scans-public-patents	imazen-26-png-v3/png-v3/6000-lilith-scans-public-patents/martha_jones_us77494_printrescancolor300/6093_scans-patents_martha-jones-us77494-rescan-color_p002_2479x3230.sdr.png	t3	10	32	27752	266.5747169958195	134.77699999997128	77.325	
6000-lilith-scans-public-patents	imazen-26-png-v3/png-v3/6000-lilith-scans-public-patents/martha_jones_us77494_printrescancolor300/6093_scans-patents_martha-jones-us77494-rescan-color_p002_2479x3230.sdr.png	t3	10	44	15673	266.6898250026861	147.97599999999989	65.551	
6000-lilith-scans-public-patents	imazen-26-png-v3/png-v3/6000-lilith-scans-public-patents/martha_jones_us77494_printrescancolor300/6093_scans-patents_martha-jones-us77494-rescan-color_p002_2479x3230.sdr.png	o6	4	20	37650	486.49099699105136	500.9730000000019	83.924	
6000-lilith-scans-public-patents	imazen-26-png-v3/png-v3/6000-lilith-scans-public-patents/martha_jones_us77494_printrescancolor300/6093_scans-patents_martha-jones-us77494-rescan-color_p002_2479x3230.sdr.png	o6	4	32	24350	585.8344540029066	1109.0090000000005	78.079	
6000-lilith-scans-public-patents	imazen-26-png-v3/png-v3/6000-lilith-scans-public-patents/martha_jones_us77494_printrescancolor300/6093_scans-patents_martha-jones-us77494-rescan-color_p002_2479x3230.sdr.png	o6	4	44	14293	692.3444809945067	1751.5570000000052	69.489	
6000-lilith-scans-public-patents	imazen-26-png-v3/png-v3/6000-lilith-scans-public-patents/martha_jones_us77494_printrescancolor300/6093_scans-patents_martha-jones-us77494-rescan-color_p002_2479x3230.sdr.png	o6	6	20	39011	283.0006309959572	961.1330000000038	84.178	
6000-lilith-scans-public-patents	imazen-26-png-v3/png-v3/6000-lilith-scans-public-patents/martha_jones_us77494_printrescancolor300/6093_scans-patents_martha-jones-us77494-rescan-color_p002_2479x3230.sdr.png	o6	6	32	25270	288.3000240108231	1042.6709999999703	79.343	
6000-lilith-scans-public-patents	imazen-26-png-v3/png-v3/6000-lilith-scans-public-patents/martha_jones_us77494_printrescancolor300/6093_scans-patents_martha-jones-us77494-rescan-color_p002_2479x3230.sdr.png	o6	6	44	14693	247.27548600640148	829.5739999999938	70.943	
6000-lilith-scans-public-patents	imazen-26-png-v3/png-v3/6000-lilith-scans-public-patents/martha_jones_us77494_printrescancolor300/6093_scans-patents_martha-jones-us77494-rescan-color_p002_2479x3230.sdr.png	o6	8	20	41931	128.4394819958834	657.8279999999666	84.020	
6000-lilith-scans-public-patents	imazen-26-png-v3/png-v3/6000-lilith-scans-public-patents/martha_jones_us77494_printrescancolor300/6093_scans-patents_martha-jones-us77494-rescan-color_p002_2479x3230.sdr.png	o6	8	32	27098	226.1096220026957	906.9780000000094	78.012	
6000-lilith-scans-public-patents	imazen-26-png-v3/png-v3/6000-lilith-scans-public-patents/martha_jones_us77494_printrescancolor300/6093_scans-patents_martha-jones-us77494-rescan-color_p002_2479x3230.sdr.png	o6	8	44	15341	245.19691900059115	429.5229999999606	66.270	
6000-lilith-scans-public-patents	imazen-26-png-v3/png-v3/6000-lilith-scans-public-patents/martha_jones_us77494_printrescancolor300/6093_scans-patents_martha-jones-us77494-rescan-color_p002_2479x3230.sdr.png	o6	10	20	43533	147.72858200012706	462.4110000000172	83.582	
6000-lilith-scans-public-patents	imazen-26-png-v3/png-v3/6000-lilith-scans-public-patents/martha_jones_us77494_printrescancolor300/6093_scans-patents_martha-jones-us77494-rescan-color_p002_2479x3230.sdr.png	o6	10	32	27030	171.71186799532734	170.43099999996514	77.046	
6000-lilith-scans-public-patents	imazen-26-png-v3/png-v3/6000-lilith-scans-public-patents/martha_jones_us77494_printrescancolor300/6093_scans-patents_martha-jones-us77494-rescan-color_p002_2479x3230.sdr.png	o6	10	44	15119	156.76452200568747	135.22500000000548	65.281	
6000-lilith-scans-public-patents	imazen-26-png-v3/png-v3/6000-lilith-scans-public-patents/martha_jones_us77494_printrescancolor300/6093_scans-patents_martha-jones-us77494-rescan-color_p002_2479x3230.sdr.png	o7	4	20	37379	522.3111309896922	1370.3740000000125	83.799	
6000-lilith-scans-public-patents	imazen-26-png-v3/png-v3/6000-lilith-scans-public-patents/martha_jones_us77494_printrescancolor300/6093_scans-patents_martha-jones-us77494-rescan-color_p002_2479x3230.sdr.png	o7	4	32	24222	496.4790539961541	1014.4779999999542	78.111	
6000-lilith-scans-public-patents	imazen-26-png-v3/png-v3/6000-lilith-scans-public-patents/martha_jones_us77494_printrescancolor300/6093_scans-patents_martha-jones-us77494-rescan-color_p002_2479x3230.sdr.png	o7	4	44	14220	517.333588009933	1673.5870000000118	69.604	
6000-lilith-scans-public-patents	imazen-26-png-v3/png-v3/6000-lilith-scans-public-patents/martha_jones_us77494_printrescancolor300/6093_scans-patents_martha-jones-us77494-rescan-color_p002_2479x3230.sdr.png	o7	6	20	38759	191.32014500792138	326.88400000000684	84.086	
6000-lilith-scans-public-patents	imazen-26-png-v3/png-v3/6000-lilith-scans-public-patents/martha_jones_us77494_printrescancolor300/6093_scans-patents_martha-jones-us77494-rescan-color_p002_2479x3230.sdr.png	o7	6	32	25112	176.29323799337726	373.56899999997495	79.344	
6000-lilith-scans-public-patents	imazen-26-png-v3/png-v3/6000-lilith-scans-public-patents/martha_jones_us77494_printrescancolor300/6093_scans-patents_martha-jones-us77494-rescan-color_p002_2479x3230.sdr.png	o7	6	44	14664	144.66752999578603	261.572000000001	71.281	
6000-lilith-scans-public-patents	imazen-26-png-v3/png-v3/6000-lilith-scans-public-patents/martha_jones_us77494_printrescancolor300/6093_scans-patents_martha-jones-us77494-rescan-color_p002_2479x3230.sdr.png	o7	8	20	41675	288.81025200826116	1190.0970000000086	83.885	
6000-lilith-scans-public-patents	imazen-26-png-v3/png-v3/6000-lilith-scans-public-patents/martha_jones_us77494_printrescancolor300/6093_scans-patents_martha-jones-us77494-rescan-color_p002_2479x3230.sdr.png	o7	8	32	26869	189.72821100032888	1200.3050000000285	77.888	
6000-lilith-scans-public-patents	imazen-26-png-v3/png-v3/6000-lilith-scans-public-patents/martha_jones_us77494_printrescancolor300/6093_scans-patents_martha-jones-us77494-rescan-color_p002_2479x3230.sdr.png	o7	8	44	15180	215.21582400600892	1288.886000000005	66.025	
6000-lilith-scans-public-patents	imazen-26-png-v3/png-v3/6000-lilith-scans-public-patents/martha_jones_us77494_printrescancolor300/6093_scans-patents_martha-jones-us77494-rescan-color_p002_2479x3230.sdr.png	o7	10	20	43234	129.77712199790403	572.8919999999817	83.421	
6000-lilith-scans-public-patents	imazen-26-png-v3/png-v3/6000-lilith-scans-public-patents/martha_jones_us77494_printrescancolor300/6093_scans-patents_martha-jones-us77494-rescan-color_p002_2479x3230.sdr.png	o7	10	32	26745	407.6263589959126	119.79699999999127	76.913	
6000-lilith-scans-public-patents	imazen-26-png-v3/png-v3/6000-lilith-scans-public-patents/martha_jones_us77494_printrescancolor300/6093_scans-patents_martha-jones-us77494-rescan-color_p002_2479x3230.sdr.png	o7	10	44	14918	839.9004460079595	179.54800000003956	64.951	
6000-lilith-scans-public-patents	imazen-26-png-v3/png-v3/6000-lilith-scans-public-patents/martha_jones_us77494_printrescancolor300/6093_scans-patents_martha-jones-us77494-rescan-color_p002_2479x3230.sdr.png	o8	4	20	37379	527.8420940012438	623.8740000000433	83.799	
6000-lilith-scans-public-patents	imazen-26-png-v3/png-v3/6000-lilith-scans-public-patents/martha_jones_us77494_printrescancolor300/6093_scans-patents_martha-jones-us77494-rescan-color_p002_2479x3230.sdr.png	o8	4	32	24222	417.52230199927	1579.5399999999802	78.111	
6000-lilith-scans-public-patents	imazen-26-png-v3/png-v3/6000-lilith-scans-public-patents/martha_jones_us77494_printrescancolor300/6093_scans-patents_martha-jones-us77494-rescan-color_p002_2479x3230.sdr.png	o8	4	44	14220	524.9872529966524	1923.4760000000222	69.604	
6000-lilith-scans-public-patents	imazen-26-png-v3/png-v3/6000-lilith-scans-public-patents/martha_jones_us77494_printrescancolor300/6093_scans-patents_martha-jones-us77494-rescan-color_p002_2479x3230.sdr.png	o8	6	20	38759	161.1866099992767	607.3889999999977	84.086	
6000-lilith-scans-public-patents	imazen-26-png-v3/png-v3/6000-lilith-scans-public-patents/martha_jones_us77494_printrescancolor300/6093_scans-patents_martha-jones-us77494-rescan-color_p002_2479x3230.sdr.png	o8	6	32	25112	186.76637700991705	804.7179999999798	79.344	
6000-lilith-scans-public-patents	imazen-26-png-v3/png-v3/6000-lilith-scans-public-patents/martha_jones_us77494_printrescancolor300/6093_scans-patents_martha-jones-us77494-rescan-color_p002_2479x3230.sdr.png	o8	6	44	14664	186.97156698908657	804.7179999999798	71.281	
6000-lilith-scans-public-patents	imazen-26-png-v3/png-v3/6000-lilith-scans-public-patents/martha_jones_us77494_printrescancolor300/6093_scans-patents_martha-jones-us77494-rescan-color_p002_2479x3230.sdr.png	o8	8	20	41675	146.0855829936918	832.971000000029	83.885	
6000-lilith-scans-public-patents	imazen-26-png-v3/png-v3/6000-lilith-scans-public-patents/martha_jones_us77494_printrescancolor300/6093_scans-patents_martha-jones-us77494-rescan-color_p002_2479x3230.sdr.png	o8	8	32	26869	116.67458000010811	603.5090000000025	77.888	
6000-lilith-scans-public-patents	imazen-26-png-v3/png-v3/6000-lilith-scans-public-patents/martha_jones_us77494_printrescancolor300/6093_scans-patents_martha-jones-us77494-rescan-color_p002_2479x3230.sdr.png	o8	8	44	15180	148.09985800820868	589.0569999999826	66.025	
6000-lilith-scans-public-patents	imazen-26-png-v3/png-v3/6000-lilith-scans-public-patents/martha_jones_us77494_printrescancolor300/6093_scans-patents_martha-jones-us77494-rescan-color_p002_2479x3230.sdr.png	o8	10	20	43234	168.27131499303505	710.5089999999734	83.421	
6000-lilith-scans-public-patents	imazen-26-png-v3/png-v3/6000-lilith-scans-public-patents/martha_jones_us77494_printrescancolor300/6093_scans-patents_martha-jones-us77494-rescan-color_p002_2479x3230.sdr.png	o8	10	32	26745	276.2884230032796	88.22000000000685	76.913	
6000-lilith-scans-public-patents	imazen-26-png-v3/png-v3/6000-lilith-scans-public-patents/martha_jones_us77494_printrescancolor300/6093_scans-patents_martha-jones-us77494-rescan-color_p002_2479x3230.sdr.png	o8	10	44	14918	122.39182699704543	73.77400000001444	64.951	
6000-lilith-scans-public-patents	imazen-26-png-v3/png-v3/6000-lilith-scans-public-patents/martha_jones_us77494_printrescancolor300/6093_scans-patents_martha-jones-us77494-rescan-color_p002_2479x3230.sdr.png	o7ac	4	20	37509	422.46497799351346	603.424000000004	84.043	
6000-lilith-scans-public-patents	imazen-26-png-v3/png-v3/6000-lilith-scans-public-patents/martha_jones_us77494_printrescancolor300/6093_scans-patents_martha-jones-us77494-rescan-color_p002_2479x3230.sdr.png	o7ac	4	32	24212	422.37662999832537	937.3160000000098	78.301	
6000-lilith-scans-public-patents	imazen-26-png-v3/png-v3/6000-lilith-scans-public-patents/martha_jones_us77494_printrescancolor300/6093_scans-patents_martha-jones-us77494-rescan-color_p002_2479x3230.sdr.png	o7ac	4	44	14218	460.64380199823063	1419.5389999999861	69.530	
6000-lilith-scans-public-patents	imazen-26-png-v3/png-v3/6000-lilith-scans-public-patents/martha_jones_us77494_printrescancolor300/6093_scans-patents_martha-jones-us77494-rescan-color_p002_2479x3230.sdr.png	o7ac	6	20	38785	222.64764699502848	532.5210000000027	84.334	
6000-lilith-scans-public-patents	imazen-26-png-v3/png-v3/6000-lilith-scans-public-patents/martha_jones_us77494_printrescancolor300/6093_scans-patents_martha-jones-us77494-rescan-color_p002_2479x3230.sdr.png	o7ac	6	32	25169	200.20068901067134	1343.9010000000026	79.176	
6000-lilith-scans-public-patents	imazen-26-png-v3/png-v3/6000-lilith-scans-public-patents/martha_jones_us77494_printrescancolor300/6093_scans-patents_martha-jones-us77494-rescan-color_p002_2479x3230.sdr.png	o7ac	6	44	14684	243.5490500065498	1036.3910000000515	71.214	
6000-lilith-scans-public-patents	imazen-26-png-v3/png-v3/6000-lilith-scans-public-patents/martha_jones_us77494_printrescancolor300/6093_scans-patents_martha-jones-us77494-rescan-color_p002_2479x3230.sdr.png	o7ac	8	20	41727	598.3201540075243	873.0189999999851	83.870	
6000-lilith-scans-public-patents	imazen-26-png-v3/png-v3/6000-lilith-scans-public-patents/martha_jones_us77494_printrescancolor300/6093_scans-patents_martha-jones-us77494-rescan-color_p002_2479x3230.sdr.png	o7ac	8	32	26893	469.93297200242523	307.03500000001327	77.906	
6000-lilith-scans-public-patents	imazen-26-png-v3/png-v3/6000-lilith-scans-public-patents/martha_jones_us77494_printrescancolor300/6093_scans-patents_martha-jones-us77494-rescan-color_p002_2479x3230.sdr.png	o7ac	8	44	15197	332.1711569878971	139.10000000001332	66.014	
6000-lilith-scans-public-patents	imazen-26-png-v3/png-v3/6000-lilith-scans-public-patents/martha_jones_us77494_printrescancolor300/6093_scans-patents_martha-jones-us77494-rescan-color_p002_2479x3230.sdr.png	o7ac	10	20	43227	392.97340299526695	352.5430000000256	83.428	
6000-lilith-scans-public-patents	imazen-26-png-v3/png-v3/6000-lilith-scans-public-patents/martha_jones_us77494_printrescancolor300/6093_scans-patents_martha-jones-us77494-rescan-color_p002_2479x3230.sdr.png	o7ac	10	32	26752	138.7167389912065	311.6759999999914	76.893	
6000-lilith-scans-public-patents	imazen-26-png-v3/png-v3/6000-lilith-scans-public-patents/martha_jones_us77494_printrescancolor300/6093_scans-patents_martha-jones-us77494-rescan-color_p002_2479x3230.sdr.png	o7ac	10	44	14915	756.6863289976027	190.78699999998605	64.935	
6600-ia-scans-manuscript-illustrations	imazen-26-png-v3/png-v3/6600-ia-scans-manuscript-illustrations/6609_scans-illustrations_hokusai-insects-creatures_plate0019_6234x4925.sdr.png	t1	4	20	17146	736.543477003579	512.9750000000257	69.426	
6600-ia-scans-manuscript-illustrations	imazen-26-png-v3/png-v3/6600-ia-scans-manuscript-illustrations/6609_scans-illustrations_hokusai-insects-creatures_plate0019_6234x4925.sdr.png	t1	4	32	6529	408.70284399716184	895.8459999999917	39.739	
6600-ia-scans-manuscript-illustrations	imazen-26-png-v3/png-v3/6600-ia-scans-manuscript-illustrations/6609_scans-illustrations_hokusai-insects-creatures_plate0019_6234x4925.sdr.png	t1	4	44	1594	728.8150999956997	1659.7020000000243	-7.225	
6600-ia-scans-manuscript-illustrations	imazen-26-png-v3/png-v3/6600-ia-scans-manuscript-illustrations/6609_scans-illustrations_hokusai-insects-creatures_plate0019_6234x4925.sdr.png	t1	6	20	17458	489.03462699672673	2270.0790000000097	69.583	
6600-ia-scans-manuscript-illustrations	imazen-26-png-v3/png-v3/6600-ia-scans-manuscript-illustrations/6609_scans-illustrations_hokusai-insects-creatures_plate0019_6234x4925.sdr.png	t1	6	32	6755	422.5513330020476	1882.943999999995	40.020	
6600-ia-scans-manuscript-illustrations	imazen-26-png-v3/png-v3/6600-ia-scans-manuscript-illustrations/6609_scans-illustrations_hokusai-insects-creatures_plate0019_6234x4925.sdr.png	t1	6	44	1747	351.15271400718484	996.2410000000261	-7.982	
6600-ia-scans-manuscript-illustrations	imazen-26-png-v3/png-v3/6600-ia-scans-manuscript-illustrations/6609_scans-illustrations_hokusai-insects-creatures_plate0019_6234x4925.sdr.png	t1	8	20	17117	335.6752109975787	1777.575000000013	68.440	
6600-ia-scans-manuscript-illustrations	imazen-26-png-v3/png-v3/6600-ia-scans-manuscript-illustrations/6609_scans-illustrations_hokusai-insects-creatures_plate0019_6234x4925.sdr.png	t1	8	32	6670	346.08244500122964	1777.575000000013	38.074	
6600-ia-scans-manuscript-illustrations	imazen-26-png-v3/png-v3/6600-ia-scans-manuscript-illustrations/6609_scans-illustrations_hokusai-insects-creatures_plate0019_6234x4925.sdr.png	t1	8	44	1760	564.9113600084092	2019.8569999999877	-8.816	
6600-ia-scans-manuscript-illustrations	imazen-26-png-v3/png-v3/6600-ia-scans-manuscript-illustrations/6609_scans-illustrations_hokusai-insects-creatures_plate0019_6234x4925.sdr.png	t1	10	20	17392	328.28036800492555	2277.89099999994	68.657	
6600-ia-scans-manuscript-illustrations	imazen-26-png-v3/png-v3/6600-ia-scans-manuscript-illustrations/6609_scans-illustrations_hokusai-insects-creatures_plate0019_6234x4925.sdr.png	t1	10	32	6763	475.9281370061217	842.2090000000111	38.441	
6600-ia-scans-manuscript-illustrations	imazen-26-png-v3/png-v3/6600-ia-scans-manuscript-illustrations/6609_scans-illustrations_hokusai-insects-creatures_plate0019_6234x4925.sdr.png	t1	10	44	1826	795.4262179991929	585.944000000012	-8.566	
6600-ia-scans-manuscript-illustrations	imazen-26-png-v3/png-v3/6600-ia-scans-manuscript-illustrations/6609_scans-illustrations_hokusai-insects-creatures_plate0019_6234x4925.sdr.png	t3	4	20	27077	750.5571490037255	980.5769999999683	79.881	
6600-ia-scans-manuscript-illustrations	imazen-26-png-v3/png-v3/6600-ia-scans-manuscript-illustrations/6609_scans-illustrations_hokusai-insects-creatures_plate0019_6234x4925.sdr.png	t3	4	32	16539	440.6013200059533	610.0000000000279	69.423	
6600-ia-scans-manuscript-illustrations	imazen-26-png-v3/png-v3/6600-ia-scans-manuscript-illustrations/6609_scans-illustrations_hokusai-insects-creatures_plate0019_6234x4925.sdr.png	t3	4	44	6157	437.7641020109877	1229.6709999999678	38.280	
6600-ia-scans-manuscript-illustrations	imazen-26-png-v3/png-v3/6600-ia-scans-manuscript-illustrations/6609_scans-illustrations_hokusai-insects-creatures_plate0019_6234x4925.sdr.png	t3	6	20	27836	389.22231999458745	1154.192999999978	80.156	
6600-ia-scans-manuscript-illustrations	imazen-26-png-v3/png-v3/6600-ia-scans-manuscript-illustrations/6609_scans-illustrations_hokusai-insects-creatures_plate0019_6234x4925.sdr.png	t3	6	32	17200	425.0248600001214	1441.1779999999935	69.275	
6600-ia-scans-manuscript-illustrations	imazen-26-png-v3/png-v3/6600-ia-scans-manuscript-illustrations/6609_scans-illustrations_hokusai-insects-creatures_plate0019_6234x4925.sdr.png	t3	6	44	6597	514.4204660027754	1949.944999999957	39.518	
6600-ia-scans-manuscript-illustrations	imazen-26-png-v3/png-v3/6600-ia-scans-manuscript-illustrations/6609_scans-illustrations_hokusai-insects-creatures_plate0019_6234x4925.sdr.png	t3	8	20	29087	332.58522299001925	1662.3319999999353	80.058	
6600-ia-scans-manuscript-illustrations	imazen-26-png-v3/png-v3/6600-ia-scans-manuscript-illustrations/6609_scans-illustrations_hokusai-insects-creatures_plate0019_6234x4925.sdr.png	t3	8	32	17893	509.6226850000676	2220.872999999983	69.453	
6600-ia-scans-manuscript-illustrations	imazen-26-png-v3/png-v3/6600-ia-scans-manuscript-illustrations/6609_scans-illustrations_hokusai-insects-creatures_plate0019_6234x4925.sdr.png	t3	8	44	6877	573.9511269930517	1496.109000000004	40.523	
6600-ia-scans-manuscript-illustrations	imazen-26-png-v3/png-v3/6600-ia-scans-manuscript-illustrations/6609_scans-illustrations_hokusai-insects-creatures_plate0019_6234x4925.sdr.png	t3	10	20	29360	352.0807760069147	601.3609999999829	79.930	
6600-ia-scans-manuscript-illustrations	imazen-26-png-v3/png-v3/6600-ia-scans-manuscript-illustrations/6609_scans-illustrations_hokusai-insects-creatures_plate0019_6234x4925.sdr.png	t3	10	32	18022	535.3041850030422	847.7069999999856	69.304	
6600-ia-scans-manuscript-illustrations	imazen-26-png-v3/png-v3/6600-ia-scans-manuscript-illustrations/6609_scans-illustrations_hokusai-insects-creatures_plate0019_6234x4925.sdr.png	t3	10	44	6999	408.6669759999495	549.6249999999918	40.538	
6600-ia-scans-manuscript-illustrations	imazen-26-png-v3/png-v3/6600-ia-scans-manuscript-illustrations/6609_scans-illustrations_hokusai-insects-creatures_plate0019_6234x4925.sdr.png	o6	4	20	26200	942.516268012696	1006.9179999999989	79.440	
6600-ia-scans-manuscript-illustrations	imazen-26-png-v3/png-v3/6600-ia-scans-manuscript-illustrations/6609_scans-illustrations_hokusai-insects-creatures_plate0019_6234x4925.sdr.png	o6	4	32	15606	524.5716630015522	1211.9840000000295	67.296	
6600-ia-scans-manuscript-illustrations	imazen-26-png-v3/png-v3/6600-ia-scans-manuscript-illustrations/6609_scans-illustrations_hokusai-insects-creatures_plate0019_6234x4925.sdr.png	o6	4	44	5667	498.07043599139433	818.5240000000249	35.670	
6600-ia-scans-manuscript-illustrations	imazen-26-png-v3/png-v3/6600-ia-scans-manuscript-illustrations/6609_scans-illustrations_hokusai-insects-creatures_plate0019_6234x4925.sdr.png	o6	6	20	26940	372.6489159889752	1247.930000000025	79.498	
6600-ia-scans-manuscript-illustrations	imazen-26-png-v3/png-v3/6600-ia-scans-manuscript-illustrations/6609_scans-illustrations_hokusai-insects-creatures_plate0019_6234x4925.sdr.png	o6	6	32	16241	353.70863700518385	1190.5359999999519	68.224	
6600-ia-scans-manuscript-illustrations	imazen-26-png-v3/png-v3/6600-ia-scans-manuscript-illustrations/6609_scans-illustrations_hokusai-insects-creatures_plate0019_6234x4925.sdr.png	o6	6	44	6036	327.60418399993796	996.2959999999725	36.772	
6600-ia-scans-manuscript-illustrations	imazen-26-png-v3/png-v3/6600-ia-scans-manuscript-illustrations/6609_scans-illustrations_hokusai-insects-creatures_plate0019_6234x4925.sdr.png	o6	8	20	28141	514.0269180119503	1803.7749999999874	79.584	
6600-ia-scans-manuscript-illustrations	imazen-26-png-v3/png-v3/6600-ia-scans-manuscript-illustrations/6609_scans-illustrations_hokusai-insects-creatures_plate0019_6234x4925.sdr.png	o6	8	32	16887	329.23676499922294	1292.9560000000038	68.272	
6600-ia-scans-manuscript-illustrations	imazen-26-png-v3/png-v3/6600-ia-scans-manuscript-illustrations/6609_scans-illustrations_hokusai-insects-creatures_plate0019_6234x4925.sdr.png	o6	8	44	6270	329.1193009936251	1531.189999999995	37.570	
6600-ia-scans-manuscript-illustrations	imazen-26-png-v3/png-v3/6600-ia-scans-manuscript-illustrations/6609_scans-illustrations_hokusai-insects-creatures_plate0019_6234x4925.sdr.png	o6	10	20	28447	419.78786399704404	1720.9620000000427	79.410	
6600-ia-scans-manuscript-illustrations	imazen-26-png-v3/png-v3/6600-ia-scans-manuscript-illustrations/6609_scans-illustrations_hokusai-insects-creatures_plate0019_6234x4925.sdr.png	o6	10	32	16963	353.10377899440937	1445.7560000000171	67.978	
6600-ia-scans-manuscript-illustrations	imazen-26-png-v3/png-v3/6600-ia-scans-manuscript-illustrations/6609_scans-illustrations_hokusai-insects-creatures_plate0019_6234x4925.sdr.png	o6	10	44	6368	360.53814699698705	1661.3329999999705	37.160	
6600-ia-scans-manuscript-illustrations	imazen-26-png-v3/png-v3/6600-ia-scans-manuscript-illustrations/6609_scans-illustrations_hokusai-insects-creatures_plate0019_6234x4925.sdr.png	o7	4	20	24654	833.407726007863	736.6380000000419	78.284	
6600-ia-scans-manuscript-illustrations	imazen-26-png-v3/png-v3/6600-ia-scans-manuscript-illustrations/6609_scans-illustrations_hokusai-insects-creatures_plate0019_6234x4925.sdr.png	o7	4	32	13419	796.6555119928671	1272.0340000000333	63.484	
6600-ia-scans-manuscript-illustrations	imazen-26-png-v3/png-v3/6600-ia-scans-manuscript-illustrations/6609_scans-illustrations_hokusai-insects-creatures_plate0019_6234x4925.sdr.png	o7	4	44	4560	665.4321329988306	780.1309999999972	27.707	
6600-ia-scans-manuscript-illustrations	imazen-26-png-v3/png-v3/6600-ia-scans-manuscript-illustrations/6609_scans-illustrations_hokusai-insects-creatures_plate0019_6234x4925.sdr.png	o7	6	20	25262	611.995104001835	1201.2240000000247	78.599	
6600-ia-scans-manuscript-illustrations	imazen-26-png-v3/png-v3/6600-ia-scans-manuscript-illustrations/6609_scans-illustrations_hokusai-insects-creatures_plate0019_6234x4925.sdr.png	o7	6	32	14011	407.70886599784717	1059.4730000000113	64.272	
6600-ia-scans-manuscript-illustrations	imazen-26-png-v3/png-v3/6600-ia-scans-manuscript-illustrations/6609_scans-illustrations_hokusai-insects-creatures_plate0019_6234x4925.sdr.png	o7	6	44	4889	392.1943640016252	914.0039999999345	29.190	
6600-ia-scans-manuscript-illustrations	imazen-26-png-v3/png-v3/6600-ia-scans-manuscript-illustrations/6609_scans-illustrations_hokusai-insects-creatures_plate0019_6234x4925.sdr.png	o7	8	20	26332	899.9209069879726	1597.3389999999908	78.250	
6600-ia-scans-manuscript-illustrations	imazen-26-png-v3/png-v3/6600-ia-scans-manuscript-illustrations/6609_scans-illustrations_hokusai-insects-creatures_plate0019_6234x4925.sdr.png	o7	8	32	14506	818.4305540053174	1832.4680000000342	64.336	
6600-ia-scans-manuscript-illustrations	imazen-26-png-v3/png-v3/6600-ia-scans-manuscript-illustrations/6609_scans-illustrations_hokusai-insects-creatures_plate0019_6234x4925.sdr.png	o7	8	44	5091	682.2395019989926	2042.0939999999916	29.878	
6600-ia-scans-manuscript-illustrations	imazen-26-png-v3/png-v3/6600-ia-scans-manuscript-illustrations/6609_scans-illustrations_hokusai-insects-creatures_plate0019_6234x4925.sdr.png	o7	10	20	26659	571.6386049898574	1719.0990000000568	78.087	
6600-ia-scans-manuscript-illustrations	imazen-26-png-v3/png-v3/6600-ia-scans-manuscript-illustrations/6609_scans-illustrations_hokusai-insects-creatures_plate0019_6234x4925.sdr.png	o7	10	32	14614	453.9545290026581	883.2760000000093	63.867	
6600-ia-scans-manuscript-illustrations	imazen-26-png-v3/png-v3/6600-ia-scans-manuscript-illustrations/6609_scans-illustrations_hokusai-insects-creatures_plate0019_6234x4925.sdr.png	o7	10	44	5164	472.06050300155766	1367.5689999999604	29.843	
6600-ia-scans-manuscript-illustrations	imazen-26-png-v3/png-v3/6600-ia-scans-manuscript-illustrations/6609_scans-illustrations_hokusai-insects-creatures_plate0019_6234x4925.sdr.png	o8	4	20	23087	795.3672849980649	2115.8180000000184	77.184	
6600-ia-scans-manuscript-illustrations	imazen-26-png-v3/png-v3/6600-ia-scans-manuscript-illustrations/6609_scans-illustrations_hokusai-insects-creatures_plate0019_6234x4925.sdr.png	o8	4	32	12168	497.10770799720194	884.4100000000168	60.572	
6600-ia-scans-manuscript-illustrations	imazen-26-png-v3/png-v3/6600-ia-scans-manuscript-illustrations/6609_scans-illustrations_hokusai-insects-creatures_plate0019_6234x4925.sdr.png	o8	4	44	3795	506.7559809976956	1110.7380000000546	21.304	
6600-ia-scans-manuscript-illustrations	imazen-26-png-v3/png-v3/6600-ia-scans-manuscript-illustrations/6609_scans-illustrations_hokusai-insects-creatures_plate0019_6234x4925.sdr.png	o8	6	20	23667	394.2327239929	723.988000000034	77.000	
6600-ia-scans-manuscript-illustrations	imazen-26-png-v3/png-v3/6600-ia-scans-manuscript-illustrations/6609_scans-illustrations_hokusai-insects-creatures_plate0019_6234x4925.sdr.png	o8	6	32	12734	548.0632550024893	1364.64100000002	60.613	
6600-ia-scans-manuscript-illustrations	imazen-26-png-v3/png-v3/6600-ia-scans-manuscript-illustrations/6609_scans-illustrations_hokusai-insects-creatures_plate0019_6234x4925.sdr.png	o8	6	44	4098	583.470555007807	1919.1259999999772	22.494	
6600-ia-scans-manuscript-illustrations	imazen-26-png-v3/png-v3/6600-ia-scans-manuscript-illustrations/6609_scans-illustrations_hokusai-insects-creatures_plate0019_6234x4925.sdr.png	o8	8	20	24640	385.30901800550055	1516.2189999999641	76.648	
6600-ia-scans-manuscript-illustrations	imazen-26-png-v3/png-v3/6600-ia-scans-manuscript-illustrations/6609_scans-illustrations_hokusai-insects-creatures_plate0019_6234x4925.sdr.png	o8	8	32	13149	789.5795539952815	1490.711000000033	60.384	
6600-ia-scans-manuscript-illustrations	imazen-26-png-v3/png-v3/6600-ia-scans-manuscript-illustrations/6609_scans-illustrations_hokusai-insects-creatures_plate0019_6234x4925.sdr.png	o8	8	44	4276	682.3171989963157	1144.9100000000244	23.083	
6600-ia-scans-manuscript-illustrations	imazen-26-png-v3/png-v3/6600-ia-scans-manuscript-illustrations/6609_scans-illustrations_hokusai-insects-creatures_plate0019_6234x4925.sdr.png	o8	10	20	24826	592.6469310070388	319.5460000000594	76.437	
6600-ia-scans-manuscript-illustrations	imazen-26-png-v3/png-v3/6600-ia-scans-manuscript-illustrations/6609_scans-illustrations_hokusai-insects-creatures_plate0019_6234x4925.sdr.png	o8	10	32	13197	509.92783400579356	544.3740000000474	60.094	
6600-ia-scans-manuscript-illustrations	imazen-26-png-v3/png-v3/6600-ia-scans-manuscript-illustrations/6609_scans-illustrations_hokusai-insects-creatures_plate0019_6234x4925.sdr.png	o8	10	44	4334	638.4374890039908	1386.3419999999992	22.508	
6600-ia-scans-manuscript-illustrations	imazen-26-png-v3/png-v3/6600-ia-scans-manuscript-illustrations/6609_scans-illustrations_hokusai-insects-creatures_plate0019_6234x4925.sdr.png	o7ac	4	20	24723	704.1034110006876	971.0610000000486	78.349	
6600-ia-scans-manuscript-illustrations	imazen-26-png-v3/png-v3/6600-ia-scans-manuscript-illustrations/6609_scans-illustrations_hokusai-insects-creatures_plate0019_6234x4925.sdr.png	o7ac	4	32	13450	622.5673919980181	517.9119999999955	63.685	
6600-ia-scans-manuscript-illustrations	imazen-26-png-v3/png-v3/6600-ia-scans-manuscript-illustrations/6609_scans-illustrations_hokusai-insects-creatures_plate0019_6234x4925.sdr.png	o7ac	4	44	4600	504.0741780103417	1267.421000000027	27.815	
6600-ia-scans-manuscript-illustrations	imazen-26-png-v3/png-v3/6600-ia-scans-manuscript-illustrations/6609_scans-illustrations_hokusai-insects-creatures_plate0019_6234x4925.sdr.png	o7ac	6	20	25318	591.390675996081	1612.5300000000352	78.750	
6600-ia-scans-manuscript-illustrations	imazen-26-png-v3/png-v3/6600-ia-scans-manuscript-illustrations/6609_scans-illustrations_hokusai-insects-creatures_plate0019_6234x4925.sdr.png	o7ac	6	32	14042	499.3515690002823	2210.3649999999816	64.131	
6600-ia-scans-manuscript-illustrations	imazen-26-png-v3/png-v3/6600-ia-scans-manuscript-illustrations/6609_scans-illustrations_hokusai-insects-creatures_plate0019_6234x4925.sdr.png	o7ac	6	44	4920	389.1537399904337	1067.5130000000195	29.480	
6600-ia-scans-manuscript-illustrations	imazen-26-png-v3/png-v3/6600-ia-scans-manuscript-illustrations/6609_scans-illustrations_hokusai-insects-creatures_plate0019_6234x4925.sdr.png	o7ac	8	20	26334	443.49683000473306	1770.007000000021	78.248	
6600-ia-scans-manuscript-illustrations	imazen-26-png-v3/png-v3/6600-ia-scans-manuscript-illustrations/6609_scans-illustrations_hokusai-insects-creatures_plate0019_6234x4925.sdr.png	o7ac	8	32	14505	312.0780699973693	1203.2580000000194	64.325	
6600-ia-scans-manuscript-illustrations	imazen-26-png-v3/png-v3/6600-ia-scans-manuscript-illustrations/6609_scans-illustrations_hokusai-insects-creatures_plate0019_6234x4925.sdr.png	o7ac	8	44	5091	408.7145759986015	1729.9959999999855	29.878	
6600-ia-scans-manuscript-illustrations	imazen-26-png-v3/png-v3/6600-ia-scans-manuscript-illustrations/6609_scans-illustrations_hokusai-insects-creatures_plate0019_6234x4925.sdr.png	o7ac	10	20	26659	585.3829560073791	1709.0639999999837	78.087	
6600-ia-scans-manuscript-illustrations	imazen-26-png-v3/png-v3/6600-ia-scans-manuscript-illustrations/6609_scans-illustrations_hokusai-insects-creatures_plate0019_6234x4925.sdr.png	o7ac	10	32	14614	364.95410300267395	1120.06599999998	63.867	
6600-ia-scans-manuscript-illustrations	imazen-26-png-v3/png-v3/6600-ia-scans-manuscript-illustrations/6609_scans-illustrations_hokusai-insects-creatures_plate0019_6234x4925.sdr.png	o7ac	10	44	5164	333.2774779992178	796.141999999989	29.843	
6600-ia-scans-manuscript-illustrations	imazen-26-png-v3/png-v3/6600-ia-scans-manuscript-illustrations/6619_scans-illustrations_redoute-rose-pale-pink_plate0057_2912x4368.sdr.png	t1	4	20	14758	270.7913140038727	246.99199999996324	70.252	
6600-ia-scans-manuscript-illustrations	imazen-26-png-v3/png-v3/6600-ia-scans-manuscript-illustrations/6619_scans-illustrations_redoute-rose-pale-pink_plate0057_2912x4368.sdr.png	t1	4	32	6119	342.08287998626474	400.82500000001176	38.942	
6600-ia-scans-manuscript-illustrations	imazen-26-png-v3/png-v3/6600-ia-scans-manuscript-illustrations/6619_scans-illustrations_redoute-rose-pale-pink_plate0057_2912x4368.sdr.png	t1	4	44	1154	611.2308130104793	584.1879999999833	-14.351	
6600-ia-scans-manuscript-illustrations	imazen-26-png-v3/png-v3/6600-ia-scans-manuscript-illustrations/6619_scans-illustrations_redoute-rose-pale-pink_plate0057_2912x4368.sdr.png	t1	6	20	14935	301.6488639987074	188.82899999998415	70.450	
6600-ia-scans-manuscript-illustrations	imazen-26-png-v3/png-v3/6600-ia-scans-manuscript-illustrations/6619_scans-illustrations_redoute-rose-pale-pink_plate0057_2912x4368.sdr.png	t1	6	32	6271	321.2066650012275	308.1940000000145	40.243	
6600-ia-scans-manuscript-illustrations	imazen-26-png-v3/png-v3/6600-ia-scans-manuscript-illustrations/6619_scans-illustrations_redoute-rose-pale-pink_plate0057_2912x4368.sdr.png	t1	6	44	1265	324.3616870022379	546.3849999999866	-13.371	
6600-ia-scans-manuscript-illustrations	imazen-26-png-v3/png-v3/6600-ia-scans-manuscript-illustrations/6619_scans-illustrations_redoute-rose-pale-pink_plate0057_2912x4368.sdr.png	t1	8	20	13910	148.46625400241464	245.86499999996647	69.539	
6600-ia-scans-manuscript-illustrations	imazen-26-png-v3/png-v3/6600-ia-scans-manuscript-illustrations/6619_scans-illustrations_redoute-rose-pale-pink_plate0057_2912x4368.sdr.png	t1	8	32	5992	185.38867100141943	582.8599999999682	37.869	
6600-ia-scans-manuscript-illustrations	imazen-26-png-v3/png-v3/6600-ia-scans-manuscript-illustrations/6619_scans-illustrations_redoute-rose-pale-pink_plate0057_2912x4368.sdr.png	t1	8	44	1206	175.08852000173647	468.884999999986	-15.123	
6600-ia-scans-manuscript-illustrations	imazen-26-png-v3/png-v3/6600-ia-scans-manuscript-illustrations/6619_scans-illustrations_redoute-rose-pale-pink_plate0057_2912x4368.sdr.png	t1	10	20	14673	213.89051699952688	501.52199999999425	69.827	
6600-ia-scans-manuscript-illustrations	imazen-26-png-v3/png-v3/6600-ia-scans-manuscript-illustrations/6619_scans-illustrations_redoute-rose-pale-pink_plate0057_2912x4368.sdr.png	t1	10	32	5957	203.12372100306675	274.26399999995965	37.839	
6600-ia-scans-manuscript-illustrations	imazen-26-png-v3/png-v3/6600-ia-scans-manuscript-illustrations/6619_scans-illustrations_redoute-rose-pale-pink_plate0057_2912x4368.sdr.png	t1	10	44	1179	515.4939739877591	822.8690000000256	-15.211	
6600-ia-scans-manuscript-illustrations	imazen-26-png-v3/png-v3/6600-ia-scans-manuscript-illustrations/6619_scans-illustrations_redoute-rose-pale-pink_plate0057_2912x4368.sdr.png	t3	4	20	24274	500.1506369881099	822.8690000000256	80.489	
6600-ia-scans-manuscript-illustrations	imazen-26-png-v3/png-v3/6600-ia-scans-manuscript-illustrations/6619_scans-illustrations_redoute-rose-pale-pink_plate0057_2912x4368.sdr.png	t3	4	32	15309	483.81416298798285	822.8690000000256	69.547	
6600-ia-scans-manuscript-illustrations	imazen-26-png-v3/png-v3/6600-ia-scans-manuscript-illustrations/6619_scans-illustrations_redoute-rose-pale-pink_plate0057_2912x4368.sdr.png	t3	4	44	6080	358.7328889989294	846.0619999999892	35.873	
6600-ia-scans-manuscript-illustrations	imazen-26-png-v3/png-v3/6600-ia-scans-manuscript-illustrations/6619_scans-illustrations_redoute-rose-pale-pink_plate0057_2912x4368.sdr.png	t3	6	20	24541	173.79529499157798	225.91500000002895	80.624	
6600-ia-scans-manuscript-illustrations	imazen-26-png-v3/png-v3/6600-ia-scans-manuscript-illustrations/6619_scans-illustrations_redoute-rose-pale-pink_plate0057_2912x4368.sdr.png	t3	6	32	15724	325.77055200817995	465.51099999999224	70.287	
6600-ia-scans-manuscript-illustrations	imazen-26-png-v3/png-v3/6600-ia-scans-manuscript-illustrations/6619_scans-illustrations_redoute-rose-pale-pink_plate0057_2912x4368.sdr.png	t3	6	44	6418	471.92118800012395	604.7510000000216	37.122	
6600-ia-scans-manuscript-illustrations	imazen-26-png-v3/png-v3/6600-ia-scans-manuscript-illustrations/6619_scans-illustrations_redoute-rose-pale-pink_plate0057_2912x4368.sdr.png	t3	8	20	25047	477.5048320007045	670.6049999999806	80.470	
6600-ia-scans-manuscript-illustrations	imazen-26-png-v3/png-v3/6600-ia-scans-manuscript-illustrations/6619_scans-illustrations_redoute-rose-pale-pink_plate0057_2912x4368.sdr.png	t3	8	32	16097	279.61620199494064	271.2219999999803	70.120	
6600-ia-scans-manuscript-illustrations	imazen-26-png-v3/png-v3/6600-ia-scans-manuscript-illustrations/6619_scans-illustrations_redoute-rose-pale-pink_plate0057_2912x4368.sdr.png	t3	8	44	6590	228.0836310092127	605.3220000000152	37.647	
6600-ia-scans-manuscript-illustrations	imazen-26-png-v3/png-v3/6600-ia-scans-manuscript-illustrations/6619_scans-illustrations_redoute-rose-pale-pink_plate0057_2912x4368.sdr.png	t3	10	20	24732	250.98619400523603	193.4980000000337	80.401	
6600-ia-scans-manuscript-illustrations	imazen-26-png-v3/png-v3/6600-ia-scans-manuscript-illustrations/6619_scans-illustrations_redoute-rose-pale-pink_plate0057_2912x4368.sdr.png	t3	10	32	16025	270.9947999974247	286.0560000000163	70.031	
6600-ia-scans-manuscript-illustrations	imazen-26-png-v3/png-v3/6600-ia-scans-manuscript-illustrations/6619_scans-illustrations_redoute-rose-pale-pink_plate0057_2912x4368.sdr.png	t3	10	44	6566	214.97020799142774	279.27699999999334	37.523	
6600-ia-scans-manuscript-illustrations	imazen-26-png-v3/png-v3/6600-ia-scans-manuscript-illustrations/6619_scans-illustrations_redoute-rose-pale-pink_plate0057_2912x4368.sdr.png	o6	4	20	24041	508.2131079980172	679.9829999999645	80.212	
6600-ia-scans-manuscript-illustrations	imazen-26-png-v3/png-v3/6600-ia-scans-manuscript-illustrations/6619_scans-illustrations_redoute-rose-pale-pink_plate0057_2912x4368.sdr.png	o6	4	32	15074	344.61290399485733	648.6319999999779	69.045	
6600-ia-scans-manuscript-illustrations	imazen-26-png-v3/png-v3/6600-ia-scans-manuscript-illustrations/6619_scans-illustrations_redoute-rose-pale-pink_plate0057_2912x4368.sdr.png	o6	4	44	5878	364.9195879988838	464.7210000000399	34.323	
6600-ia-scans-manuscript-illustrations	imazen-26-png-v3/png-v3/6600-ia-scans-manuscript-illustrations/6619_scans-illustrations_redoute-rose-pale-pink_plate0057_2912x4368.sdr.png	o6	6	20	24305	363.0593049892923	556.0750000000638	80.354	
6600-ia-scans-manuscript-illustrations	imazen-26-png-v3/png-v3/6600-ia-scans-manuscript-illustrations/6619_scans-illustrations_redoute-rose-pale-pink_plate0057_2912x4368.sdr.png	o6	6	32	15483	235.01149599906057	233.34300000003338	69.703	
6600-ia-scans-manuscript-illustrations	imazen-26-png-v3/png-v3/6600-ia-scans-manuscript-illustrations/6619_scans-illustrations_redoute-rose-pale-pink_plate0057_2912x4368.sdr.png	o6	6	44	6161	462.8839860088192	766.2290000000382	35.256	
6600-ia-scans-manuscript-illustrations	imazen-26-png-v3/png-v3/6600-ia-scans-manuscript-illustrations/6619_scans-illustrations_redoute-rose-pale-pink_plate0057_2912x4368.sdr.png	o6	8	20	24794	403.34666200214997	639.7980000000558	80.293	
6600-ia-scans-manuscript-illustrations	imazen-26-png-v3/png-v3/6600-ia-scans-manuscript-illustrations/6619_scans-illustrations_redoute-rose-pale-pink_plate0057_2912x4368.sdr.png	o6	8	32	15848	465.4047429939965	572.0730000000032	69.525	
6600-ia-scans-manuscript-illustrations	imazen-26-png-v3/png-v3/6600-ia-scans-manuscript-illustrations/6619_scans-illustrations_redoute-rose-pale-pink_plate0057_2912x4368.sdr.png	o6	8	44	6319	221.59097000258043	271.85199999999554	36.056	
6600-ia-scans-manuscript-illustrations	imazen-26-png-v3/png-v3/6600-ia-scans-manuscript-illustrations/6619_scans-illustrations_redoute-rose-pale-pink_plate0057_2912x4368.sdr.png	o6	10	20	24475	200.17118399846368	181.59700000001067	80.297	
6600-ia-scans-manuscript-illustrations	imazen-26-png-v3/png-v3/6600-ia-scans-manuscript-illustrations/6619_scans-illustrations_redoute-rose-pale-pink_plate0057_2912x4368.sdr.png	o6	10	32	15779	475.693661996047	374.96199999996804	69.421	
6600-ia-scans-manuscript-illustrations	imazen-26-png-v3/png-v3/6600-ia-scans-manuscript-illustrations/6619_scans-illustrations_redoute-rose-pale-pink_plate0057_2912x4368.sdr.png	o6	10	44	6317	193.3037319977302	115.32999999997173	36.126	
6600-ia-scans-manuscript-illustrations	imazen-26-png-v3/png-v3/6600-ia-scans-manuscript-illustrations/6619_scans-illustrations_redoute-rose-pale-pink_plate0057_2912x4368.sdr.png	o7	4	20	23326	439.5562559948303	319.8820000000495	79.632	
6600-ia-scans-manuscript-illustrations	imazen-26-png-v3/png-v3/6600-ia-scans-manuscript-illustrations/6619_scans-illustrations_redoute-rose-pale-pink_plate0057_2912x4368.sdr.png	o7	4	32	14290	486.29754000285175	701.7509999999874	67.330	
6600-ia-scans-manuscript-illustrations	imazen-26-png-v3/png-v3/6600-ia-scans-manuscript-illustrations/6619_scans-illustrations_redoute-rose-pale-pink_plate0057_2912x4368.sdr.png	o7	4	44	5264	355.8970839949325	446.7680000000058	29.649	
6600-ia-scans-manuscript-illustrations	imazen-26-png-v3/png-v3/6600-ia-scans-manuscript-illustrations/6619_scans-illustrations_redoute-rose-pale-pink_plate0057_2912x4368.sdr.png	o7	6	20	23574	350.5212250020122	844.5470000000057	79.840	
6600-ia-scans-manuscript-illustrations	imazen-26-png-v3/png-v3/6600-ia-scans-manuscript-illustrations/6619_scans-illustrations_redoute-rose-pale-pink_plate0057_2912x4368.sdr.png	o7	6	32	14679	251.18775600276422	160.31399999999962	68.014	
6600-ia-scans-manuscript-illustrations	imazen-26-png-v3/png-v3/6600-ia-scans-manuscript-illustrations/6619_scans-illustrations_redoute-rose-pale-pink_plate0057_2912x4368.sdr.png	o7	6	44	5504	395.0973260070896	1087.9350000000443	31.271	
6600-ia-scans-manuscript-illustrations	imazen-26-png-v3/png-v3/6600-ia-scans-manuscript-illustrations/6619_scans-illustrations_redoute-rose-pale-pink_plate0057_2912x4368.sdr.png	o7	8	20	24092	149.5939449960133	927.6210000000589	79.642	
6600-ia-scans-manuscript-illustrations	imazen-26-png-v3/png-v3/6600-ia-scans-manuscript-illustrations/6619_scans-illustrations_redoute-rose-pale-pink_plate0057_2912x4368.sdr.png	o7	8	32	15030	294.098586004111	833.284999999961	67.792	
6600-ia-scans-manuscript-illustrations	imazen-26-png-v3/png-v3/6600-ia-scans-manuscript-illustrations/6619_scans-illustrations_redoute-rose-pale-pink_plate0057_2912x4368.sdr.png	o7	8	44	5672	205.41671499086078	674.5479999999873	31.798	
6600-ia-scans-manuscript-illustrations	imazen-26-png-v3/png-v3/6600-ia-scans-manuscript-illustrations/6619_scans-illustrations_redoute-rose-pale-pink_plate0057_2912x4368.sdr.png	o7	10	20	23789	188.93960400600918	634.2689999999891	79.714	
6600-ia-scans-manuscript-illustrations	imazen-26-png-v3/png-v3/6600-ia-scans-manuscript-illustrations/6619_scans-illustrations_redoute-rose-pale-pink_plate0057_2912x4368.sdr.png	o7	10	32	14936	303.36388100113254	514.8259999999283	67.728	
6600-ia-scans-manuscript-illustrations	imazen-26-png-v3/png-v3/6600-ia-scans-manuscript-illustrations/6619_scans-illustrations_redoute-rose-pale-pink_plate0057_2912x4368.sdr.png	o7	10	44	5678	235.6718609953532	247.21699999997782	31.666	
6600-ia-scans-manuscript-illustrations	imazen-26-png-v3/png-v3/6600-ia-scans-manuscript-illustrations/6619_scans-illustrations_redoute-rose-pale-pink_plate0057_2912x4368.sdr.png	o8	4	20	22645	693.1991339952219	302.1500000000117	79.218	
6600-ia-scans-manuscript-illustrations	imazen-26-png-v3/png-v3/6600-ia-scans-manuscript-illustrations/6619_scans-illustrations_redoute-rose-pale-pink_plate0057_2912x4368.sdr.png	o8	4	32	13313	247.69824900431558	485.2229999999764	65.096	
6600-ia-scans-manuscript-illustrations	imazen-26-png-v3/png-v3/6600-ia-scans-manuscript-illustrations/6619_scans-illustrations_redoute-rose-pale-pink_plate0057_2912x4368.sdr.png	o8	4	44	4725	410.3135619952809	1066.0179999999855	26.317	
6600-ia-scans-manuscript-illustrations	imazen-26-png-v3/png-v3/6600-ia-scans-manuscript-illustrations/6619_scans-illustrations_redoute-rose-pale-pink_plate0057_2912x4368.sdr.png	o8	6	20	22939	184.15379500947893	643.993999999978	79.290	
6600-ia-scans-manuscript-illustrations	imazen-26-png-v3/png-v3/6600-ia-scans-manuscript-illustrations/6619_scans-illustrations_redoute-rose-pale-pink_plate0057_2912x4368.sdr.png	o8	6	32	13691	187.6954119943548	702.7290000000193	65.968	
6600-ia-scans-manuscript-illustrations	imazen-26-png-v3/png-v3/6600-ia-scans-manuscript-illustrations/6619_scans-illustrations_redoute-rose-pale-pink_plate0057_2912x4368.sdr.png	o8	6	44	4934	194.2435170058161	1044.89999999997	26.878	
6600-ia-scans-manuscript-illustrations	imazen-26-png-v3/png-v3/6600-ia-scans-manuscript-illustrations/6619_scans-illustrations_redoute-rose-pale-pink_plate0057_2912x4368.sdr.png	o8	8	20	23426	210.45785798924044	1080.364999999972	79.116	
6600-ia-scans-manuscript-illustrations	imazen-26-png-v3/png-v3/6600-ia-scans-manuscript-illustrations/6619_scans-illustrations_redoute-rose-pale-pink_plate0057_2912x4368.sdr.png	o8	8	32	14034	166.32260399637744	706.8599999999918	65.857	
6600-ia-scans-manuscript-illustrations	imazen-26-png-v3/png-v3/6600-ia-scans-manuscript-illustrations/6619_scans-illustrations_redoute-rose-pale-pink_plate0057_2912x4368.sdr.png	o8	8	44	5066	189.34202899981756	1051.2149999999992	27.202	
6600-ia-scans-manuscript-illustrations	imazen-26-png-v3/png-v3/6600-ia-scans-manuscript-illustrations/6619_scans-illustrations_redoute-rose-pale-pink_plate0057_2912x4368.sdr.png	o8	10	20	23145	189.43978399329353	1162.5920000000037	79.101	
6600-ia-scans-manuscript-illustrations	imazen-26-png-v3/png-v3/6600-ia-scans-manuscript-illustrations/6619_scans-illustrations_redoute-rose-pale-pink_plate0057_2912x4368.sdr.png	o8	10	32	13983	172.41342000488658	938.2570000000072	65.711	
6600-ia-scans-manuscript-illustrations	imazen-26-png-v3/png-v3/6600-ia-scans-manuscript-illustrations/6619_scans-illustrations_redoute-rose-pale-pink_plate0057_2912x4368.sdr.png	o8	10	44	5051	150.44159500394017	828.6110000000093	27.094	
6600-ia-scans-manuscript-illustrations	imazen-26-png-v3/png-v3/6600-ia-scans-manuscript-illustrations/6619_scans-illustrations_redoute-rose-pale-pink_plate0057_2912x4368.sdr.png	o7ac	4	20	23361	468.75588700640947	209.6100000000547	79.711	
6600-ia-scans-manuscript-illustrations	imazen-26-png-v3/png-v3/6600-ia-scans-manuscript-illustrations/6619_scans-illustrations_redoute-rose-pale-pink_plate0057_2912x4368.sdr.png	o7ac	4	32	14308	835.7226120133419	504.2920000000777	67.549	
6600-ia-scans-manuscript-illustrations	imazen-26-png-v3/png-v3/6600-ia-scans-manuscript-illustrations/6619_scans-illustrations_redoute-rose-pale-pink_plate0057_2912x4368.sdr.png	o7ac	4	44	5252	257.26883400056977	655.6250000000006	30.008	
6600-ia-scans-manuscript-illustrations	imazen-26-png-v3/png-v3/6600-ia-scans-manuscript-illustrations/6619_scans-illustrations_redoute-rose-pale-pink_plate0057_2912x4368.sdr.png	o7ac	6	20	23570	204.48445399233606	420.7200000000171	79.842	
6600-ia-scans-manuscript-illustrations	imazen-26-png-v3/png-v3/6600-ia-scans-manuscript-illustrations/6619_scans-illustrations_redoute-rose-pale-pink_plate0057_2912x4368.sdr.png	o7ac	6	32	14695	170.89083899918478	569.2570000000217	68.123	
6600-ia-scans-manuscript-illustrations	imazen-26-png-v3/png-v3/6600-ia-scans-manuscript-illustrations/6619_scans-illustrations_redoute-rose-pale-pink_plate0057_2912x4368.sdr.png	o7ac	6	44	5504	197.400702003506	407.4810000000326	31.237	
6600-ia-scans-manuscript-illustrations	imazen-26-png-v3/png-v3/6600-ia-scans-manuscript-illustrations/6619_scans-illustrations_redoute-rose-pale-pink_plate0057_2912x4368.sdr.png	o7ac	8	20	24092	166.63101999438368	457.96199999995224	79.642	
6600-ia-scans-manuscript-illustrations	imazen-26-png-v3/png-v3/6600-ia-scans-manuscript-illustrations/6619_scans-illustrations_redoute-rose-pale-pink_plate0057_2912x4368.sdr.png	o7ac	8	32	15030	161.6600489942357	393.0429999999916	67.792	
6600-ia-scans-manuscript-illustrations	imazen-26-png-v3/png-v3/6600-ia-scans-manuscript-illustrations/6619_scans-illustrations_redoute-rose-pale-pink_plate0057_2912x4368.sdr.png	o7ac	8	44	5672	443.3413740043761	659.1219999999822	31.798	
6600-ia-scans-manuscript-illustrations	imazen-26-png-v3/png-v3/6600-ia-scans-manuscript-illustrations/6619_scans-illustrations_redoute-rose-pale-pink_plate0057_2912x4368.sdr.png	o7ac	10	20	23789	417.23848300171085	508.8930000000005	79.714	
6600-ia-scans-manuscript-illustrations	imazen-26-png-v3/png-v3/6600-ia-scans-manuscript-illustrations/6619_scans-illustrations_redoute-rose-pale-pink_plate0057_2912x4368.sdr.png	o7ac	10	32	14936	318.24772599793505	197.5710000000106	67.728	
6600-ia-scans-manuscript-illustrations	imazen-26-png-v3/png-v3/6600-ia-scans-manuscript-illustrations/6619_scans-illustrations_redoute-rose-pale-pink_plate0057_2912x4368.sdr.png	o7ac	10	44	5678	441.9691280054394	455.8559999999403	31.666	
6800-ia-scans-manuscript-text	imazen-26-png-v3/png-v3/6800-ia-scans-manuscript-text/6825_scans-text_redoute-fr-description_p0060_2415x3528.sdr.png	t1	4	20	6937	431.0566850035684	423.4629999999555	65.241	
6800-ia-scans-manuscript-text	imazen-26-png-v3/png-v3/6800-ia-scans-manuscript-text/6825_scans-text_redoute-fr-description_p0060_2415x3528.sdr.png	t1	4	32	1543	351.83988900098484	446.9680000000551	38.772	
6800-ia-scans-manuscript-text	imazen-26-png-v3/png-v3/6800-ia-scans-manuscript-text/6825_scans-text_redoute-fr-description_p0060_2415x3528.sdr.png	t1	4	44	554	235.4957260104129	328.2280000000668	22.388	
6800-ia-scans-manuscript-text	imazen-26-png-v3/png-v3/6800-ia-scans-manuscript-text/6825_scans-text_redoute-fr-description_p0060_2415x3528.sdr.png	t1	6	20	7351	267.7581839961931	324.8790000000099	66.013	
6800-ia-scans-manuscript-text	imazen-26-png-v3/png-v3/6800-ia-scans-manuscript-text/6825_scans-text_redoute-fr-description_p0060_2415x3528.sdr.png	t1	6	32	1603	418.1256589945406	186.02499999997235	38.506	
6800-ia-scans-manuscript-text	imazen-26-png-v3/png-v3/6800-ia-scans-manuscript-text/6825_scans-text_redoute-fr-description_p0060_2415x3528.sdr.png	t1	6	44	585	626.3398059963947	327.9719999999742	21.332	
6800-ia-scans-manuscript-text	imazen-26-png-v3/png-v3/6800-ia-scans-manuscript-text/6825_scans-text_redoute-fr-description_p0060_2415x3528.sdr.png	t1	8	20	7245	555.6410949939163	174.15299999997558	65.395	
6800-ia-scans-manuscript-text	imazen-26-png-v3/png-v3/6800-ia-scans-manuscript-text/6825_scans-text_redoute-fr-description_p0060_2415x3528.sdr.png	t1	8	32	1555	234.96027900546324	240.60199999996712	37.066	
6800-ia-scans-manuscript-text	imazen-26-png-v3/png-v3/6800-ia-scans-manuscript-text/6825_scans-text_redoute-fr-description_p0060_2415x3528.sdr.png	t1	8	44	566	154.92356700997334	274.3820000000028	21.012	
6800-ia-scans-manuscript-text	imazen-26-png-v3/png-v3/6800-ia-scans-manuscript-text/6825_scans-text_redoute-fr-description_p0060_2415x3528.sdr.png	t1	10	20	7357	141.0048739926424	461.57300000002977	65.310	
6800-ia-scans-manuscript-text	imazen-26-png-v3/png-v3/6800-ia-scans-manuscript-text/6825_scans-text_redoute-fr-description_p0060_2415x3528.sdr.png	t1	10	32	1564	114.85539498971775	335.16499999997507	37.193	
6800-ia-scans-manuscript-text	imazen-26-png-v3/png-v3/6800-ia-scans-manuscript-text/6825_scans-text_redoute-fr-description_p0060_2415x3528.sdr.png	t1	10	44	578	333.4097490005661	581.5930000000407	20.899	
6800-ia-scans-manuscript-text	imazen-26-png-v3/png-v3/6800-ia-scans-manuscript-text/6825_scans-text_redoute-fr-description_p0060_2415x3528.sdr.png	t3	4	20	16912	260.94015600392595	389.45400000001484	79.164	
6800-ia-scans-manuscript-text	imazen-26-png-v3/png-v3/6800-ia-scans-manuscript-text/6825_scans-text_redoute-fr-description_p0060_2415x3528.sdr.png	t3	4	32	9085	415.7944720063824	620.529999999988	68.905	
6800-ia-scans-manuscript-text	imazen-26-png-v3/png-v3/6800-ia-scans-manuscript-text/6825_scans-text_redoute-fr-description_p0060_2415x3528.sdr.png	t3	4	44	2444	211.29086099972483	343.0929999999677	47.009	
6800-ia-scans-manuscript-text	imazen-26-png-v3/png-v3/6800-ia-scans-manuscript-text/6825_scans-text_redoute-fr-description_p0060_2415x3528.sdr.png	t3	6	20	17401	369.34534199826885	109.92099999992888	79.098	
6800-ia-scans-manuscript-text	imazen-26-png-v3/png-v3/6800-ia-scans-manuscript-text/6825_scans-text_redoute-fr-description_p0060_2415x3528.sdr.png	t3	6	32	9576	229.15178901166655	153.33700000007866	69.007	
6800-ia-scans-manuscript-text	imazen-26-png-v3/png-v3/6800-ia-scans-manuscript-text/6825_scans-text_redoute-fr-description_p0060_2415x3528.sdr.png	t3	6	44	2579	345.1906610134756	391.6380000000004	47.053	
6800-ia-scans-manuscript-text	imazen-26-png-v3/png-v3/6800-ia-scans-manuscript-text/6825_scans-text_redoute-fr-description_p0060_2415x3528.sdr.png	t3	8	20	18055	161.47999701206572	144.6679999999958	78.907	
6800-ia-scans-manuscript-text	imazen-26-png-v3/png-v3/6800-ia-scans-manuscript-text/6825_scans-text_redoute-fr-description_p0060_2415x3528.sdr.png	t3	8	32	10003	243.68074000813067	290.5720000000116	69.538	
6800-ia-scans-manuscript-text	imazen-26-png-v3/png-v3/6800-ia-scans-manuscript-text/6825_scans-text_redoute-fr-description_p0060_2415x3528.sdr.png	t3	8	44	2705	294.49669099994935	403.32600000000696	46.869	
6800-ia-scans-manuscript-text	imazen-26-png-v3/png-v3/6800-ia-scans-manuscript-text/6825_scans-text_redoute-fr-description_p0060_2415x3528.sdr.png	t3	10	20	18418	169.25482200167608	274.91699999994523	79.112	
6800-ia-scans-manuscript-text	imazen-26-png-v3/png-v3/6800-ia-scans-manuscript-text/6825_scans-text_redoute-fr-description_p0060_2415x3528.sdr.png	t3	10	32	10214	202.9632159974426	276.15400000000534	68.920	
6800-ia-scans-manuscript-text	imazen-26-png-v3/png-v3/6800-ia-scans-manuscript-text/6825_scans-text_redoute-fr-description_p0060_2415x3528.sdr.png	t3	10	44	2765	398.79473799373955	545.2879999999567	47.476	
6800-ia-scans-manuscript-text	imazen-26-png-v3/png-v3/6800-ia-scans-manuscript-text/6825_scans-text_redoute-fr-description_p0060_2415x3528.sdr.png	o6	4	20	16477	515.436336005223	506.5440000000194	78.538	
6800-ia-scans-manuscript-text	imazen-26-png-v3/png-v3/6800-ia-scans-manuscript-text/6825_scans-text_redoute-fr-description_p0060_2415x3528.sdr.png	o6	4	32	8868	249.76181800593622	474.5919999999728	68.050	
6800-ia-scans-manuscript-text	imazen-26-png-v3/png-v3/6800-ia-scans-manuscript-text/6825_scans-text_redoute-fr-description_p0060_2415x3528.sdr.png	o6	4	44	2228	406.1563580034999	600.2270000000323	44.792	
6800-ia-scans-manuscript-text	imazen-26-png-v3/png-v3/6800-ia-scans-manuscript-text/6825_scans-text_redoute-fr-description_p0060_2415x3528.sdr.png	o6	6	20	16967	259.8516610014485	324.50799999999447	78.928	
6800-ia-scans-manuscript-text	imazen-26-png-v3/png-v3/6800-ia-scans-manuscript-text/6825_scans-text_redoute-fr-description_p0060_2415x3528.sdr.png	o6	6	32	9347	180.46669400064275	286.78199999994547	68.667	
6800-ia-scans-manuscript-text	imazen-26-png-v3/png-v3/6800-ia-scans-manuscript-text/6825_scans-text_redoute-fr-description_p0060_2415x3528.sdr.png	o6	6	44	2344	456.67596701241564	339.8910000000228	45.466	
6800-ia-scans-manuscript-text	imazen-26-png-v3/png-v3/6800-ia-scans-manuscript-text/6825_scans-text_redoute-fr-description_p0060_2415x3528.sdr.png	o6	8	20	17597	411.070190006285	202.91900000003693	78.431	
6800-ia-scans-manuscript-text	imazen-26-png-v3/png-v3/6800-ia-scans-manuscript-text/6825_scans-text_redoute-fr-description_p0060_2415x3528.sdr.png	o6	8	32	9737	407.70593100751285	293.89900000002456	69.321	
6800-ia-scans-manuscript-text	imazen-26-png-v3/png-v3/6800-ia-scans-manuscript-text/6825_scans-text_redoute-fr-description_p0060_2415x3528.sdr.png	o6	8	44	2448	275.68653000344057	141.1629999999917	45.052	
6800-ia-scans-manuscript-text	imazen-26-png-v3/png-v3/6800-ia-scans-manuscript-text/6825_scans-text_redoute-fr-description_p0060_2415x3528.sdr.png	o6	10	20	17877	284.23827000369783	189.25500000004547	78.526	
6800-ia-scans-manuscript-text	imazen-26-png-v3/png-v3/6800-ia-scans-manuscript-text/6825_scans-text_redoute-fr-description_p0060_2415x3528.sdr.png	o6	10	32	9943	273.7204169970937	231.91899999997645	68.477	
6800-ia-scans-manuscript-text	imazen-26-png-v3/png-v3/6800-ia-scans-manuscript-text/6825_scans-text_redoute-fr-description_p0060_2415x3528.sdr.png	o6	10	44	2517	139.04804800404236	225.24100000006797	45.386	
6800-ia-scans-manuscript-text	imazen-26-png-v3/png-v3/6800-ia-scans-manuscript-text/6825_scans-text_redoute-fr-description_p0060_2415x3528.sdr.png	o7	4	20	15687	260.72970699169673	356.09099999999216	77.744	
6800-ia-scans-manuscript-text	imazen-26-png-v3/png-v3/6800-ia-scans-manuscript-text/6825_scans-text_redoute-fr-description_p0060_2415x3528.sdr.png	o7	4	32	7936	301.7123250028817	526.2519999999995	65.251	
6800-ia-scans-manuscript-text	imazen-26-png-v3/png-v3/6800-ia-scans-manuscript-text/6825_scans-text_redoute-fr-description_p0060_2415x3528.sdr.png	o7	4	44	1754	425.16369301301893	611.9999999999521	41.293	
6800-ia-scans-manuscript-text	imazen-26-png-v3/png-v3/6800-ia-scans-manuscript-text/6825_scans-text_redoute-fr-description_p0060_2415x3528.sdr.png	o7	6	20	16136	496.9352010084549	571.7270000000241	77.788	
6800-ia-scans-manuscript-text	imazen-26-png-v3/png-v3/6800-ia-scans-manuscript-text/6825_scans-text_redoute-fr-description_p0060_2415x3528.sdr.png	o7	6	32	8358	313.2496140024159	225.2730000000014	65.765	
6800-ia-scans-manuscript-text	imazen-26-png-v3/png-v3/6800-ia-scans-manuscript-text/6825_scans-text_redoute-fr-description_p0060_2415x3528.sdr.png	o7	6	44	1867	194.81304798682686	221.50399999998172	42.198	
6800-ia-scans-manuscript-text	imazen-26-png-v3/png-v3/6800-ia-scans-manuscript-text/6825_scans-text_redoute-fr-description_p0060_2415x3528.sdr.png	o7	8	20	16745	168.8078629958909	151.82699999999727	77.362	
6800-ia-scans-manuscript-text	imazen-26-png-v3/png-v3/6800-ia-scans-manuscript-text/6825_scans-text_redoute-fr-description_p0060_2415x3528.sdr.png	o7	8	32	8698	240.03189099312294	202.9849999999982	65.954	
6800-ia-scans-manuscript-text	imazen-26-png-v3/png-v3/6800-ia-scans-manuscript-text/6825_scans-text_redoute-fr-description_p0060_2415x3528.sdr.png	o7	8	44	1917	437.8314999921713	223.30799999997453	41.301	
6800-ia-scans-manuscript-text	imazen-26-png-v3/png-v3/6800-ia-scans-manuscript-text/6825_scans-text_redoute-fr-description_p0060_2415x3528.sdr.png	o7	10	20	17066	401.94067200354766	268.4369999999632	77.409	
6800-ia-scans-manuscript-text	imazen-26-png-v3/png-v3/6800-ia-scans-manuscript-text/6825_scans-text_redoute-fr-description_p0060_2415x3528.sdr.png	o7	10	32	8859	310.59795900364406	223.38100000000338	65.387	
6800-ia-scans-manuscript-text	imazen-26-png-v3/png-v3/6800-ia-scans-manuscript-text/6825_scans-text_redoute-fr-description_p0060_2415x3528.sdr.png	o7	10	44	1942	459.33208100905176	249.92500000003304	41.519	
6800-ia-scans-manuscript-text	imazen-26-png-v3/png-v3/6800-ia-scans-manuscript-text/6825_scans-text_redoute-fr-description_p0060_2415x3528.sdr.png	o8	4	20	15164	389.2228399927262	639.3570000000466	77.578	
6800-ia-scans-manuscript-text	imazen-26-png-v3/png-v3/6800-ia-scans-manuscript-text/6825_scans-text_redoute-fr-description_p0060_2415x3528.sdr.png	o8	4	32	7593	420.276343007572	711.4400000000103	64.642	
6800-ia-scans-manuscript-text	imazen-26-png-v3/png-v3/6800-ia-scans-manuscript-text/6825_scans-text_redoute-fr-description_p0060_2415x3528.sdr.png	o8	4	44	1532	300.93964700063225	529.2660000000495	37.837	
6800-ia-scans-manuscript-text	imazen-26-png-v3/png-v3/6800-ia-scans-manuscript-text/6825_scans-text_redoute-fr-description_p0060_2415x3528.sdr.png	o8	6	20	15562	511.55168800323736	284.21099999995647	77.426	
6800-ia-scans-manuscript-text	imazen-26-png-v3/png-v3/6800-ia-scans-manuscript-text/6825_scans-text_redoute-fr-description_p0060_2415x3528.sdr.png	o8	6	32	7961	368.4851889993297	183.7489999999633	64.459	
6800-ia-scans-manuscript-text	imazen-26-png-v3/png-v3/6800-ia-scans-manuscript-text/6825_scans-text_redoute-fr-description_p0060_2415x3528.sdr.png	o8	6	44	1631	574.2202880064724	421.86199999996177	38.541	
6800-ia-scans-manuscript-text	imazen-26-png-v3/png-v3/6800-ia-scans-manuscript-text/6825_scans-text_redoute-fr-description_p0060_2415x3528.sdr.png	o8	8	20	16199	359.01530500268564	374.83199999999783	76.949	
6800-ia-scans-manuscript-text	imazen-26-png-v3/png-v3/6800-ia-scans-manuscript-text/6825_scans-text_redoute-fr-description_p0060_2415x3528.sdr.png	o8	8	32	8260	217.35491600702517	419.3039999999826	65.142	
6800-ia-scans-manuscript-text	imazen-26-png-v3/png-v3/6800-ia-scans-manuscript-text/6825_scans-text_redoute-fr-description_p0060_2415x3528.sdr.png	o8	8	44	1643	217.1557380061131	413.47899999999527	37.821	
6800-ia-scans-manuscript-text	imazen-26-png-v3/png-v3/6800-ia-scans-manuscript-text/6825_scans-text_redoute-fr-description_p0060_2415x3528.sdr.png	o8	10	20	16587	165.38529400713742	165.12600000001498	77.106	
6800-ia-scans-manuscript-text	imazen-26-png-v3/png-v3/6800-ia-scans-manuscript-text/6825_scans-text_redoute-fr-description_p0060_2415x3528.sdr.png	o8	10	32	8370	353.29976098728366	140.3430000000725	64.334	
6800-ia-scans-manuscript-text	imazen-26-png-v3/png-v3/6800-ia-scans-manuscript-text/6825_scans-text_redoute-fr-description_p0060_2415x3528.sdr.png	o8	10	44	1664	351.03840599185787	234.85900000004278	38.035	
6800-ia-scans-manuscript-text	imazen-26-png-v3/png-v3/6800-ia-scans-manuscript-text/6825_scans-text_redoute-fr-description_p0060_2415x3528.sdr.png	o7ac	4	20	15671	306.7534779984271	364.1279999999796	77.764	
6800-ia-scans-manuscript-text	imazen-26-png-v3/png-v3/6800-ia-scans-manuscript-text/6825_scans-text_redoute-fr-description_p0060_2415x3528.sdr.png	o7ac	4	32	7961	425.7503880071454	456.43400000003	64.970	
6800-ia-scans-manuscript-text	imazen-26-png-v3/png-v3/6800-ia-scans-manuscript-text/6825_scans-text_redoute-fr-description_p0060_2415x3528.sdr.png	o7ac	4	44	1762	266.3188300066395	195.79400000000646	41.435	
6800-ia-scans-manuscript-text	imazen-26-png-v3/png-v3/6800-ia-scans-manuscript-text/6825_scans-text_redoute-fr-description_p0060_2415x3528.sdr.png	o7ac	6	20	16130	253.07989899010863	360.50699999999836	77.887	
6800-ia-scans-manuscript-text	imazen-26-png-v3/png-v3/6800-ia-scans-manuscript-text/6825_scans-text_redoute-fr-description_p0060_2415x3528.sdr.png	o7ac	6	32	8366	176.52536899549887	256.4519999999817	65.752	
6800-ia-scans-manuscript-text	imazen-26-png-v3/png-v3/6800-ia-scans-manuscript-text/6825_scans-text_redoute-fr-description_p0060_2415x3528.sdr.png	o7ac	6	44	1876	321.42928800021764	302.02500000001464	42.073	
6800-ia-scans-manuscript-text	imazen-26-png-v3/png-v3/6800-ia-scans-manuscript-text/6825_scans-text_redoute-fr-description_p0060_2415x3528.sdr.png	o7ac	8	20	16746	295.58129199722316	186.03399999997805	77.391	
6800-ia-scans-manuscript-text	imazen-26-png-v3/png-v3/6800-ia-scans-manuscript-text/6825_scans-text_redoute-fr-description_p0060_2415x3528.sdr.png	o7ac	8	32	8698	153.85391499148682	280.9590000000526	65.954	
6800-ia-scans-manuscript-text	imazen-26-png-v3/png-v3/6800-ia-scans-manuscript-text/6825_scans-text_redoute-fr-description_p0060_2415x3528.sdr.png	o7ac	8	44	1917	317.1536779991584	332.3450000000179	41.301	
6800-ia-scans-manuscript-text	imazen-26-png-v3/png-v3/6800-ia-scans-manuscript-text/6825_scans-text_redoute-fr-description_p0060_2415x3528.sdr.png	o7ac	10	20	17066	388.75456199457403	450.55700000004606	77.409	
6800-ia-scans-manuscript-text	imazen-26-png-v3/png-v3/6800-ia-scans-manuscript-text/6825_scans-text_redoute-fr-description_p0060_2415x3528.sdr.png	o7ac	10	32	8859	128.3864909928525	81.16200000000617	65.387	
6800-ia-scans-manuscript-text	imazen-26-png-v3/png-v3/6800-ia-scans-manuscript-text/6825_scans-text_redoute-fr-description_p0060_2415x3528.sdr.png	o7ac	10	44	1942	302.99193400423974	194.375999999977	41.519	
6800-ia-scans-manuscript-text	imazen-26-png-v3/png-v3/6800-ia-scans-manuscript-text/6833_scans-text_redoute-fr-description_p0146_2415x3528.sdr.png	t1	4	20	9881	395.26124799158424	252.64900000000523	69.624	
6800-ia-scans-manuscript-text	imazen-26-png-v3/png-v3/6800-ia-scans-manuscript-text/6833_scans-text_redoute-fr-description_p0146_2415x3528.sdr.png	t1	4	32	5586	362.3423730023205	425.60500000000445	56.918	
6800-ia-scans-manuscript-text	imazen-26-png-v3/png-v3/6800-ia-scans-manuscript-text/6833_scans-text_redoute-fr-description_p0146_2415x3528.sdr.png	t1	4	44	3111	307.1246829931624	527.5499999999909	45.197	
6800-ia-scans-manuscript-text	imazen-26-png-v3/png-v3/6800-ia-scans-manuscript-text/6833_scans-text_redoute-fr-description_p0146_2415x3528.sdr.png	t1	6	20	10115	209.22650999273174	390.2740000000051	69.750	
6800-ia-scans-manuscript-text	imazen-26-png-v3/png-v3/6800-ia-scans-manuscript-text/6833_scans-text_redoute-fr-description_p0146_2415x3528.sdr.png	t1	6	32	5836	250.39015201036818	249.3450000000479	56.660	
6800-ia-scans-manuscript-text	imazen-26-png-v3/png-v3/6800-ia-scans-manuscript-text/6833_scans-text_redoute-fr-description_p0146_2415x3528.sdr.png	t1	6	44	3217	147.64704799745232	231.0610000000537	43.935	
6800-ia-scans-manuscript-text	imazen-26-png-v3/png-v3/6800-ia-scans-manuscript-text/6833_scans-text_redoute-fr-description_p0146_2415x3528.sdr.png	t1	8	20	10660	451.58920699032024	393.03199999997673	69.386	
6800-ia-scans-manuscript-text	imazen-26-png-v3/png-v3/6800-ia-scans-manuscript-text/6833_scans-text_redoute-fr-description_p0146_2415x3528.sdr.png	t1	8	32	6092	298.7346589943627	312.8409999999633	53.876	
6800-ia-scans-manuscript-text	imazen-26-png-v3/png-v3/6800-ia-scans-manuscript-text/6833_scans-text_redoute-fr-description_p0146_2415x3528.sdr.png	t1	8	44	3389	428.72109900054056	443.9609999999732	40.731	
6800-ia-scans-manuscript-text	imazen-26-png-v3/png-v3/6800-ia-scans-manuscript-text/6833_scans-text_redoute-fr-description_p0146_2415x3528.sdr.png	t1	10	20	10963	300.70564200286753	259.06100000001686	68.076	
6800-ia-scans-manuscript-text	imazen-26-png-v3/png-v3/6800-ia-scans-manuscript-text/6833_scans-text_redoute-fr-description_p0146_2415x3528.sdr.png	t1	10	32	6364	107.1021919924533	76.0980000000302	54.230	
6800-ia-scans-manuscript-text	imazen-26-png-v3/png-v3/6800-ia-scans-manuscript-text/6833_scans-text_redoute-fr-description_p0146_2415x3528.sdr.png	t1	10	44	3442	234.3851770128822	165.86400000001333	41.785	
6800-ia-scans-manuscript-text	imazen-26-png-v3/png-v3/6800-ia-scans-manuscript-text/6833_scans-text_redoute-fr-description_p0146_2415x3528.sdr.png	t3	4	20	14973	361.16756200499367	329.4609999999949	81.203	
6800-ia-scans-manuscript-text	imazen-26-png-v3/png-v3/6800-ia-scans-manuscript-text/6833_scans-text_redoute-fr-description_p0146_2415x3528.sdr.png	t3	4	32	8633	440.78049100062344	523.0629999999934	72.329	
6800-ia-scans-manuscript-text	imazen-26-png-v3/png-v3/6800-ia-scans-manuscript-text/6833_scans-text_redoute-fr-description_p0146_2415x3528.sdr.png	t3	4	44	4125	415.07600600016303	523.0629999999934	57.731	
6800-ia-scans-manuscript-text	imazen-26-png-v3/png-v3/6800-ia-scans-manuscript-text/6833_scans-text_redoute-fr-description_p0146_2415x3528.sdr.png	t3	6	20	15272	530.0498370052082	614.477999999977	81.292	
6800-ia-scans-manuscript-text	imazen-26-png-v3/png-v3/6800-ia-scans-manuscript-text/6833_scans-text_redoute-fr-description_p0146_2415x3528.sdr.png	t3	6	32	8956	270.92825500585604	476.0800000000387	72.902	
6800-ia-scans-manuscript-text	imazen-26-png-v3/png-v3/6800-ia-scans-manuscript-text/6833_scans-text_redoute-fr-description_p0146_2415x3528.sdr.png	t3	6	44	4287	198.01179300702643	221.23100000001727	57.603	
6800-ia-scans-manuscript-text	imazen-26-png-v3/png-v3/6800-ia-scans-manuscript-text/6833_scans-text_redoute-fr-description_p0146_2415x3528.sdr.png	t3	8	20	16088	176.32725299336016	269.85500000002105	81.249	
6800-ia-scans-manuscript-text	imazen-26-png-v3/png-v3/6800-ia-scans-manuscript-text/6833_scans-text_redoute-fr-description_p0146_2415x3528.sdr.png	t3	8	32	9425	406.2299079960212	589.4840000000414	72.689	
6800-ia-scans-manuscript-text	imazen-26-png-v3/png-v3/6800-ia-scans-manuscript-text/6833_scans-text_redoute-fr-description_p0146_2415x3528.sdr.png	t3	8	44	4567	220.97727499203756	436.224999999979	57.208	
6800-ia-scans-manuscript-text	imazen-26-png-v3/png-v3/6800-ia-scans-manuscript-text/6833_scans-text_redoute-fr-description_p0146_2415x3528.sdr.png	t3	10	20	16594	208.76387099269778	436.224999999979	81.064	
6800-ia-scans-manuscript-text	imazen-26-png-v3/png-v3/6800-ia-scans-manuscript-text/6833_scans-text_redoute-fr-description_p0146_2415x3528.sdr.png	t3	10	32	9613	301.5890000096988	334.3380000000167	72.677	
6800-ia-scans-manuscript-text	imazen-26-png-v3/png-v3/6800-ia-scans-manuscript-text/6833_scans-text_redoute-fr-description_p0146_2415x3528.sdr.png	t3	10	44	4641	578.5904369986383	84.9349999999589	57.895	
6800-ia-scans-manuscript-text	imazen-26-png-v3/png-v3/6800-ia-scans-manuscript-text/6833_scans-text_redoute-fr-description_p0146_2415x3528.sdr.png	o6	4	20	13889	258.45884399313945	317.02500000004363	80.361	
6800-ia-scans-manuscript-text	imazen-26-png-v3/png-v3/6800-ia-scans-manuscript-text/6833_scans-text_redoute-fr-description_p0146_2415x3528.sdr.png	o6	4	32	7718	332.7972260012757	561.1059999999526	70.455	
6800-ia-scans-manuscript-text	imazen-26-png-v3/png-v3/6800-ia-scans-manuscript-text/6833_scans-text_redoute-fr-description_p0146_2415x3528.sdr.png	o6	4	44	3596	269.36281099915504	764.033000000012	56.828	
6800-ia-scans-manuscript-text	imazen-26-png-v3/png-v3/6800-ia-scans-manuscript-text/6833_scans-text_redoute-fr-description_p0146_2415x3528.sdr.png	o6	6	20	14144	209.83025600435212	310.97800000001996	80.652	
6800-ia-scans-manuscript-text	imazen-26-png-v3/png-v3/6800-ia-scans-manuscript-text/6833_scans-text_redoute-fr-description_p0146_2415x3528.sdr.png	o6	6	32	8075	188.5932959994534	430.40600000000495	70.998	
6800-ia-scans-manuscript-text	imazen-26-png-v3/png-v3/6800-ia-scans-manuscript-text/6833_scans-text_redoute-fr-description_p0146_2415x3528.sdr.png	o6	6	44	3766	209.6605639962945	571.6029999999819	56.157	
6800-ia-scans-manuscript-text	imazen-26-png-v3/png-v3/6800-ia-scans-manuscript-text/6833_scans-text_redoute-fr-description_p0146_2415x3528.sdr.png	o6	8	20	14942	201.67720400786493	438.2489999999848	80.310	
6800-ia-scans-manuscript-text	imazen-26-png-v3/png-v3/6800-ia-scans-manuscript-text/6833_scans-text_redoute-fr-description_p0146_2415x3528.sdr.png	o6	8	32	8442	245.12359000800643	482.2950000000219	70.562	
6800-ia-scans-manuscript-text	imazen-26-png-v3/png-v3/6800-ia-scans-manuscript-text/6833_scans-text_redoute-fr-description_p0146_2415x3528.sdr.png	o6	8	44	3972	236.7188889911631	355.99899999999707	54.631	
6800-ia-scans-manuscript-text	imazen-26-png-v3/png-v3/6800-ia-scans-manuscript-text/6833_scans-text_redoute-fr-description_p0146_2415x3528.sdr.png	o6	10	20	15350	369.08824401325546	152.61800000001813	80.161	
6800-ia-scans-manuscript-text	imazen-26-png-v3/png-v3/6800-ia-scans-manuscript-text/6833_scans-text_redoute-fr-description_p0146_2415x3528.sdr.png	o6	10	32	8610	317.0602210011566	223.41199999999617	70.727	
6800-ia-scans-manuscript-text	imazen-26-png-v3/png-v3/6800-ia-scans-manuscript-text/6833_scans-text_redoute-fr-description_p0146_2415x3528.sdr.png	o6	10	44	4021	838.8899069977924	340.16499999998473	55.163	
6800-ia-scans-manuscript-text	imazen-26-png-v3/png-v3/6800-ia-scans-manuscript-text/6833_scans-text_redoute-fr-description_p0146_2415x3528.sdr.png	o7	4	20	13519	345.1943889958784	226.79500000002406	80.099	
6800-ia-scans-manuscript-text	imazen-26-png-v3/png-v3/6800-ia-scans-manuscript-text/6833_scans-text_redoute-fr-description_p0146_2415x3528.sdr.png	o7	4	32	7392	337.4464549997356	499.6550000000326	69.475	
6800-ia-scans-manuscript-text	imazen-26-png-v3/png-v3/6800-ia-scans-manuscript-text/6833_scans-text_redoute-fr-description_p0146_2415x3528.sdr.png	o7	4	44	3411	265.0108670059126	232.23099999997032	54.697	
6800-ia-scans-manuscript-text	imazen-26-png-v3/png-v3/6800-ia-scans-manuscript-text/6833_scans-text_redoute-fr-description_p0146_2415x3528.sdr.png	o7	6	20	13828	251.01739200181328	321.68900000000633	80.165	
6800-ia-scans-manuscript-text	imazen-26-png-v3/png-v3/6800-ia-scans-manuscript-text/6833_scans-text_redoute-fr-description_p0146_2415x3528.sdr.png	o7	6	32	7697	349.30896300647873	718.0269999999211	70.202	
6800-ia-scans-manuscript-text	imazen-26-png-v3/png-v3/6800-ia-scans-manuscript-text/6833_scans-text_redoute-fr-description_p0146_2415x3528.sdr.png	o7	6	44	3557	287.87609800929204	557.4359999999672	54.046	
6800-ia-scans-manuscript-text	imazen-26-png-v3/png-v3/6800-ia-scans-manuscript-text/6833_scans-text_redoute-fr-description_p0146_2415x3528.sdr.png	o7	8	20	14562	293.729805998737	796.2359999999791	79.881	
6800-ia-scans-manuscript-text	imazen-26-png-v3/png-v3/6800-ia-scans-manuscript-text/6833_scans-text_redoute-fr-description_p0146_2415x3528.sdr.png	o7	8	32	8023	150.0571139913518	516.4929999999686	69.688	
6800-ia-scans-manuscript-text	imazen-26-png-v3/png-v3/6800-ia-scans-manuscript-text/6833_scans-text_redoute-fr-description_p0146_2415x3528.sdr.png	o7	8	44	3735	139.44409000396263	208.30100000003426	52.182	
6800-ia-scans-manuscript-text	imazen-26-png-v3/png-v3/6800-ia-scans-manuscript-text/6833_scans-text_redoute-fr-description_p0146_2415x3528.sdr.png	o7	10	20	14932	262.1416680049151	259.6650000000409	79.767	
6800-ia-scans-manuscript-text	imazen-26-png-v3/png-v3/6800-ia-scans-manuscript-text/6833_scans-text_redoute-fr-description_p0146_2415x3528.sdr.png	o7	10	32	8204	352.2943620046135	204.75099999997326	69.780	
6800-ia-scans-manuscript-text	imazen-26-png-v3/png-v3/6800-ia-scans-manuscript-text/6833_scans-text_redoute-fr-description_p0146_2415x3528.sdr.png	o7	10	44	3774	450.33776099444367	284.40200000000004	52.496	
6800-ia-scans-manuscript-text	imazen-26-png-v3/png-v3/6800-ia-scans-manuscript-text/6833_scans-text_redoute-fr-description_p0146_2415x3528.sdr.png	o8	4	20	13349	373.72140200750437	385.0160000000642	79.838	
6800-ia-scans-manuscript-text	imazen-26-png-v3/png-v3/6800-ia-scans-manuscript-text/6833_scans-text_redoute-fr-description_p0146_2415x3528.sdr.png	o8	4	32	7261	253.56851799006108	456.68200000004333	69.151	
6800-ia-scans-manuscript-text	imazen-26-png-v3/png-v3/6800-ia-scans-manuscript-text/6833_scans-text_redoute-fr-description_p0146_2415x3528.sdr.png	o8	4	44	3348	376.70757400337607	740.2410000000117	51.846	
6800-ia-scans-manuscript-text	imazen-26-png-v3/png-v3/6800-ia-scans-manuscript-text/6833_scans-text_redoute-fr-description_p0146_2415x3528.sdr.png	o8	6	20	13628	186.33885600138456	627.3279999999914	79.969	
6800-ia-scans-manuscript-text	imazen-26-png-v3/png-v3/6800-ia-scans-manuscript-text/6833_scans-text_redoute-fr-description_p0146_2415x3528.sdr.png	o8	6	32	7576	128.0936460098019	373.53900000000806	69.788	
6800-ia-scans-manuscript-text	imazen-26-png-v3/png-v3/6800-ia-scans-manuscript-text/6833_scans-text_redoute-fr-description_p0146_2415x3528.sdr.png	o8	6	44	3496	381.5966680122074	190.56299999999737	51.248	
6800-ia-scans-manuscript-text	imazen-26-png-v3/png-v3/6800-ia-scans-manuscript-text/6833_scans-text_redoute-fr-description_p0146_2415x3528.sdr.png	o8	8	20	14374	478.57260900491383	315.4440000000278	79.606	
6800-ia-scans-manuscript-text	imazen-26-png-v3/png-v3/6800-ia-scans-manuscript-text/6833_scans-text_redoute-fr-description_p0146_2415x3528.sdr.png	o8	8	32	7884	483.22498399647884	349.8800000000273	69.215	
6800-ia-scans-manuscript-text	imazen-26-png-v3/png-v3/6800-ia-scans-manuscript-text/6833_scans-text_redoute-fr-description_p0146_2415x3528.sdr.png	o8	8	44	3674	228.99889899417758	170.14600000001678	50.227	
6800-ia-scans-manuscript-text	imazen-26-png-v3/png-v3/6800-ia-scans-manuscript-text/6833_scans-text_redoute-fr-description_p0146_2415x3528.sdr.png	o8	10	20	14742	269.85871301440056	76.50000000001	79.501	
6800-ia-scans-manuscript-text	imazen-26-png-v3/png-v3/6800-ia-scans-manuscript-text/6833_scans-text_redoute-fr-description_p0146_2415x3528.sdr.png	o8	10	32	8065	217.58811899053399	173.3430000000311	69.226	
6800-ia-scans-manuscript-text	imazen-26-png-v3/png-v3/6800-ia-scans-manuscript-text/6833_scans-text_redoute-fr-description_p0146_2415x3528.sdr.png	o8	10	44	3711	291.2530419998802	280.3660000000434	50.663	
6800-ia-scans-manuscript-text	imazen-26-png-v3/png-v3/6800-ia-scans-manuscript-text/6833_scans-text_redoute-fr-description_p0146_2415x3528.sdr.png	o7ac	4	20	13545	273.17066201067064	809.9519999999671	80.022	
6800-ia-scans-manuscript-text	imazen-26-png-v3/png-v3/6800-ia-scans-manuscript-text/6833_scans-text_redoute-fr-description_p0146_2415x3528.sdr.png	o7ac	4	32	7386	256.7695960024139	778.6169999999828	69.580	
6800-ia-scans-manuscript-text	imazen-26-png-v3/png-v3/6800-ia-scans-manuscript-text/6833_scans-text_redoute-fr-description_p0146_2415x3528.sdr.png	o7ac	4	44	3417	215.80083399021532	448.3929999999958	54.837	
6800-ia-scans-manuscript-text	imazen-26-png-v3/png-v3/6800-ia-scans-manuscript-text/6833_scans-text_redoute-fr-description_p0146_2415x3528.sdr.png	o7ac	6	20	13812	148.97956799541134	228.5450000000253	80.214	
6800-ia-scans-manuscript-text	imazen-26-png-v3/png-v3/6800-ia-scans-manuscript-text/6833_scans-text_redoute-fr-description_p0146_2415x3528.sdr.png	o7ac	6	32	7708	289.3396080035018	788.8799999999918	70.278	
6800-ia-scans-manuscript-text	imazen-26-png-v3/png-v3/6800-ia-scans-manuscript-text/6833_scans-text_redoute-fr-description_p0146_2415x3528.sdr.png	o7ac	6	44	3552	199.31635000102688	690.8299999999912	54.239	
6800-ia-scans-manuscript-text	imazen-26-png-v3/png-v3/6800-ia-scans-manuscript-text/6833_scans-text_redoute-fr-description_p0146_2415x3528.sdr.png	o7ac	8	20	14563	359.21874101040885	183.26600000000326	79.861	
6800-ia-scans-manuscript-text	imazen-26-png-v3/png-v3/6800-ia-scans-manuscript-text/6833_scans-text_redoute-fr-description_p0146_2415x3528.sdr.png	o7ac	8	32	8023	284.9017900007311	139.0270000000129	69.639	
6800-ia-scans-manuscript-text	imazen-26-png-v3/png-v3/6800-ia-scans-manuscript-text/6833_scans-text_redoute-fr-description_p0146_2415x3528.sdr.png	o7ac	8	44	3735	300.410240990459	177.8630000000021	52.182	
6800-ia-scans-manuscript-text	imazen-26-png-v3/png-v3/6800-ia-scans-manuscript-text/6833_scans-text_redoute-fr-description_p0146_2415x3528.sdr.png	o7ac	10	20	14932	160.4378180054482	249.4020000000603	79.767	
6800-ia-scans-manuscript-text	imazen-26-png-v3/png-v3/6800-ia-scans-manuscript-text/6833_scans-text_redoute-fr-description_p0146_2415x3528.sdr.png	o7ac	10	32	8204	312.8069030062761	275.56300000003375	69.780	
6800-ia-scans-manuscript-text	imazen-26-png-v3/png-v3/6800-ia-scans-manuscript-text/6833_scans-text_redoute-fr-description_p0146_2415x3528.sdr.png	o7ac	10	44	3774	302.4270119931316	213.07899999996494	52.496	
7000-lilith-plots	imazen-26-png-v3/png-v3/7000-lilith-plots/lines/7070_plots_line-voronoi-00012-s2be0c08d_1024x1024.sdr.png	t1	4	20	45343	562.1166430064477	620.904999999965	86.817	
7000-lilith-plots	imazen-26-png-v3/png-v3/7000-lilith-plots/lines/7070_plots_line-voronoi-00012-s2be0c08d_1024x1024.sdr.png	t1	4	32	33520	495.6668520026142	1255.5459999999953	81.162	
7000-lilith-plots	imazen-26-png-v3/png-v3/7000-lilith-plots/lines/7070_plots_line-voronoi-00012-s2be0c08d_1024x1024.sdr.png	t1	4	44	22235	408.0258180038072	881.6460000000035	63.243	
7000-lilith-plots	imazen-26-png-v3/png-v3/7000-lilith-plots/lines/7070_plots_line-voronoi-00012-s2be0c08d_1024x1024.sdr.png	t1	6	20	56379	189.9369289894821	766.604000000001	84.635	
7000-lilith-plots	imazen-26-png-v3/png-v3/7000-lilith-plots/lines/7070_plots_line-voronoi-00012-s2be0c08d_1024x1024.sdr.png	t1	6	32	41658	169.05382099503186	776.323999999974	82.266	
7000-lilith-plots	imazen-26-png-v3/png-v3/7000-lilith-plots/lines/7070_plots_line-voronoi-00012-s2be0c08d_1024x1024.sdr.png	t1	6	44	29464	189.84996298968326	842.6919999999853	66.489	
7000-lilith-plots	imazen-26-png-v3/png-v3/7000-lilith-plots/lines/7070_plots_line-voronoi-00012-s2be0c08d_1024x1024.sdr.png	t1	8	20	68245	128.85326800460462	484.43500000003326	84.157	
7000-lilith-plots	imazen-26-png-v3/png-v3/7000-lilith-plots/lines/7070_plots_line-voronoi-00012-s2be0c08d_1024x1024.sdr.png	t1	8	32	49390	105.28848800458945	89.54999999994584	76.093	
7000-lilith-plots	imazen-26-png-v3/png-v3/7000-lilith-plots/lines/7070_plots_line-voronoi-00012-s2be0c08d_1024x1024.sdr.png	t1	8	44	30528	74.67923899821471	79.81500000002484	54.059	
7000-lilith-plots	imazen-26-png-v3/png-v3/7000-lilith-plots/lines/7070_plots_line-voronoi-00012-s2be0c08d_1024x1024.sdr.png	t1	10	20	76282	773.6846799962223	155.70899999995902	84.099	
7000-lilith-plots	imazen-26-png-v3/png-v3/7000-lilith-plots/lines/7070_plots_line-voronoi-00012-s2be0c08d_1024x1024.sdr.png	t1	10	32	53775	153.10213700286113	22.681000000005724	76.492	
7000-lilith-plots	imazen-26-png-v3/png-v3/7000-lilith-plots/lines/7070_plots_line-voronoi-00012-s2be0c08d_1024x1024.sdr.png	t1	10	44	32291	148.65857899712864	19.88299999997878	55.620	
7000-lilith-plots	imazen-26-png-v3/png-v3/7000-lilith-plots/lines/7070_plots_line-voronoi-00012-s2be0c08d_1024x1024.sdr.png	t3	4	20	46948	478.68993200245313	401.31999999998413	84.956	
7000-lilith-plots	imazen-26-png-v3/png-v3/7000-lilith-plots/lines/7070_plots_line-voronoi-00012-s2be0c08d_1024x1024.sdr.png	t3	4	32	34095	475.51553399534896	941.8840000000159	76.566	
7000-lilith-plots	imazen-26-png-v3/png-v3/7000-lilith-plots/lines/7070_plots_line-voronoi-00012-s2be0c08d_1024x1024.sdr.png	t3	4	44	22526	316.191271005664	433.19300000001704	60.646	
7000-lilith-plots	imazen-26-png-v3/png-v3/7000-lilith-plots/lines/7070_plots_line-voronoi-00012-s2be0c08d_1024x1024.sdr.png	t3	6	20	56065	204.7271050105337	816.6980000000166	84.507	
7000-lilith-plots	imazen-26-png-v3/png-v3/7000-lilith-plots/lines/7070_plots_line-voronoi-00012-s2be0c08d_1024x1024.sdr.png	t3	6	32	40753	200.23847099218983	827.8279999999825	76.368	
7000-lilith-plots	imazen-26-png-v3/png-v3/7000-lilith-plots/lines/7070_plots_line-voronoi-00012-s2be0c08d_1024x1024.sdr.png	t3	6	44	28335	203.10198899824172	899.2869999999868	58.248	
7000-lilith-plots	imazen-26-png-v3/png-v3/7000-lilith-plots/lines/7070_plots_line-voronoi-00012-s2be0c08d_1024x1024.sdr.png	t3	8	20	56458	212.72290000342764	690.4660000000149	83.340	
7000-lilith-plots	imazen-26-png-v3/png-v3/7000-lilith-plots/lines/7070_plots_line-voronoi-00012-s2be0c08d_1024x1024.sdr.png	t3	8	32	41575	133.51390800380614	106.80900000004101	71.726	
7000-lilith-plots	imazen-26-png-v3/png-v3/7000-lilith-plots/lines/7070_plots_line-voronoi-00012-s2be0c08d_1024x1024.sdr.png	t3	8	44	24068	483.31304198654834	230.04099999997152	50.679	
7000-lilith-plots	imazen-26-png-v3/png-v3/7000-lilith-plots/lines/7070_plots_line-voronoi-00012-s2be0c08d_1024x1024.sdr.png	t3	10	20	58664	131.18722999934107	123.48499999995965	83.257	
7000-lilith-plots	imazen-26-png-v3/png-v3/7000-lilith-plots/lines/7070_plots_line-voronoi-00012-s2be0c08d_1024x1024.sdr.png	t3	10	32	41407	540.8841309981653	139.19499999997242	71.790	
7000-lilith-plots	imazen-26-png-v3/png-v3/7000-lilith-plots/lines/7070_plots_line-voronoi-00012-s2be0c08d_1024x1024.sdr.png	t3	10	44	24018	597.0275799918454	428.67100000000846	49.931	
7000-lilith-plots	imazen-26-png-v3/png-v3/7000-lilith-plots/lines/7070_plots_line-voronoi-00012-s2be0c08d_1024x1024.sdr.png	o6	4	20	46842	449.06190800247714	382.5920000000025	84.923	
7000-lilith-plots	imazen-26-png-v3/png-v3/7000-lilith-plots/lines/7070_plots_line-voronoi-00012-s2be0c08d_1024x1024.sdr.png	o6	4	32	34027	790.7763969997177	1302.964000000003	76.487	
7000-lilith-plots	imazen-26-png-v3/png-v3/7000-lilith-plots/lines/7070_plots_line-voronoi-00012-s2be0c08d_1024x1024.sdr.png	o6	4	44	22478	363.9838700037217	356.5099999999859	60.396	
7000-lilith-plots	imazen-26-png-v3/png-v3/7000-lilith-plots/lines/7070_plots_line-voronoi-00012-s2be0c08d_1024x1024.sdr.png	o6	6	20	55946	502.8113089938415	614.2440000000136	84.486	
7000-lilith-plots	imazen-26-png-v3/png-v3/7000-lilith-plots/lines/7070_plots_line-voronoi-00012-s2be0c08d_1024x1024.sdr.png	o6	6	32	40676	202.76376701076515	447.5119999999606	76.337	
7000-lilith-plots	imazen-26-png-v3/png-v3/7000-lilith-plots/lines/7070_plots_line-voronoi-00012-s2be0c08d_1024x1024.sdr.png	o6	6	44	28285	155.59676500561181	368.44699999994646	58.290	
7000-lilith-plots	imazen-26-png-v3/png-v3/7000-lilith-plots/lines/7070_plots_line-voronoi-00012-s2be0c08d_1024x1024.sdr.png	o6	8	20	56309	89.12429001065902	80.14700000001085	83.324	
7000-lilith-plots	imazen-26-png-v3/png-v3/7000-lilith-plots/lines/7070_plots_line-voronoi-00012-s2be0c08d_1024x1024.sdr.png	o6	8	32	41498	103.61206300149206	204.63000000000875	71.702	
7000-lilith-plots	imazen-26-png-v3/png-v3/7000-lilith-plots/lines/7070_plots_line-voronoi-00012-s2be0c08d_1024x1024.sdr.png	o6	8	44	23965	66.921215999173	303.56600000000356	50.672	
7000-lilith-plots	imazen-26-png-v3/png-v3/7000-lilith-plots/lines/7070_plots_line-voronoi-00012-s2be0c08d_1024x1024.sdr.png	o6	10	20	58527	224.64554099133238	546.1220000000111	83.241	
7000-lilith-plots	imazen-26-png-v3/png-v3/7000-lilith-plots/lines/7070_plots_line-voronoi-00012-s2be0c08d_1024x1024.sdr.png	o6	10	32	41316	132.13759499194566	427.35400000002244	71.758	
7000-lilith-plots	imazen-26-png-v3/png-v3/7000-lilith-plots/lines/7070_plots_line-voronoi-00012-s2be0c08d_1024x1024.sdr.png	o6	10	44	23889	213.81379100785125	52.25800000000902	50.013	
7000-lilith-plots	imazen-26-png-v3/png-v3/7000-lilith-plots/lines/7070_plots_line-voronoi-00012-s2be0c08d_1024x1024.sdr.png	o7	4	20	46812	501.8595219880808	358.11800000006144	84.919	
7000-lilith-plots	imazen-26-png-v3/png-v3/7000-lilith-plots/lines/7070_plots_line-voronoi-00012-s2be0c08d_1024x1024.sdr.png	o7	4	32	34016	704.8832830041647	669.823000000008	76.488	
7000-lilith-plots	imazen-26-png-v3/png-v3/7000-lilith-plots/lines/7070_plots_line-voronoi-00012-s2be0c08d_1024x1024.sdr.png	o7	4	44	22481	558.5331280017272	648.1530000000504	60.437	
7000-lilith-plots	imazen-26-png-v3/png-v3/7000-lilith-plots/lines/7070_plots_line-voronoi-00012-s2be0c08d_1024x1024.sdr.png	o7	6	20	55934	282.9492320015561	520.4750000000189	84.467	
7000-lilith-plots	imazen-26-png-v3/png-v3/7000-lilith-plots/lines/7070_plots_line-voronoi-00012-s2be0c08d_1024x1024.sdr.png	o7	6	32	40666	164.3200709950179	257.0029999999548	76.332	
7000-lilith-plots	imazen-26-png-v3/png-v3/7000-lilith-plots/lines/7070_plots_line-voronoi-00012-s2be0c08d_1024x1024.sdr.png	o7	6	44	28275	144.1181659902213	290.1439999999553	58.212	
7000-lilith-plots	imazen-26-png-v3/png-v3/7000-lilith-plots/lines/7070_plots_line-voronoi-00012-s2be0c08d_1024x1024.sdr.png	o7	8	20	56300	128.13693699717987	295.90799999996875	83.311	
7000-lilith-plots	imazen-26-png-v3/png-v3/7000-lilith-plots/lines/7070_plots_line-voronoi-00012-s2be0c08d_1024x1024.sdr.png	o7	8	32	41487	148.76684499904513	343.2069999999783	71.699	
7000-lilith-plots	imazen-26-png-v3/png-v3/7000-lilith-plots/lines/7070_plots_line-voronoi-00012-s2be0c08d_1024x1024.sdr.png	o7	8	44	23936	149.1179309959989	342.41300000005026	50.617	
7000-lilith-plots	imazen-26-png-v3/png-v3/7000-lilith-plots/lines/7070_plots_line-voronoi-00012-s2be0c08d_1024x1024.sdr.png	o7	10	20	58493	148.9939349994529	188.0300000000119	83.248	
7000-lilith-plots	imazen-26-png-v3/png-v3/7000-lilith-plots/lines/7070_plots_line-voronoi-00012-s2be0c08d_1024x1024.sdr.png	o7	10	32	41307	82.69603399094194	109.30099999995946	71.769	
7000-lilith-plots	imazen-26-png-v3/png-v3/7000-lilith-plots/lines/7070_plots_line-voronoi-00012-s2be0c08d_1024x1024.sdr.png	o7	10	44	23875	329.5662800082937	186.4400000000188	49.950	
7000-lilith-plots	imazen-26-png-v3/png-v3/7000-lilith-plots/lines/7070_plots_line-voronoi-00012-s2be0c08d_1024x1024.sdr.png	o8	4	20	46812	839.3516939977417	468.56900000000223	84.919	
7000-lilith-plots	imazen-26-png-v3/png-v3/7000-lilith-plots/lines/7070_plots_line-voronoi-00012-s2be0c08d_1024x1024.sdr.png	o8	4	32	34016	752.4621369957458	727.2719999999708	76.488	
7000-lilith-plots	imazen-26-png-v3/png-v3/7000-lilith-plots/lines/7070_plots_line-voronoi-00012-s2be0c08d_1024x1024.sdr.png	o8	4	44	22481	471.5810819907347	691.7690000000221	60.437	
7000-lilith-plots	imazen-26-png-v3/png-v3/7000-lilith-plots/lines/7070_plots_line-voronoi-00012-s2be0c08d_1024x1024.sdr.png	o8	6	20	55934	148.68549999664538	706.0130000000129	84.467	
7000-lilith-plots	imazen-26-png-v3/png-v3/7000-lilith-plots/lines/7070_plots_line-voronoi-00012-s2be0c08d_1024x1024.sdr.png	o8	6	32	40666	191.58307400357444	587.5910000000033	76.332	
7000-lilith-plots	imazen-26-png-v3/png-v3/7000-lilith-plots/lines/7070_plots_line-voronoi-00012-s2be0c08d_1024x1024.sdr.png	o8	6	44	28275	107.79825400095433	274.8399999999833	58.212	
7000-lilith-plots	imazen-26-png-v3/png-v3/7000-lilith-plots/lines/7070_plots_line-voronoi-00012-s2be0c08d_1024x1024.sdr.png	o8	8	20	56300	220.28997000597883	385.97599999999943	83.311	
7000-lilith-plots	imazen-26-png-v3/png-v3/7000-lilith-plots/lines/7070_plots_line-voronoi-00012-s2be0c08d_1024x1024.sdr.png	o8	8	32	41487	123.69095400208607	147.4200000000252	71.699	
7000-lilith-plots	imazen-26-png-v3/png-v3/7000-lilith-plots/lines/7070_plots_line-voronoi-00012-s2be0c08d_1024x1024.sdr.png	o8	8	44	23936	427.9347650008276	258.28999999998814	50.617	
7000-lilith-plots	imazen-26-png-v3/png-v3/7000-lilith-plots/lines/7070_plots_line-voronoi-00012-s2be0c08d_1024x1024.sdr.png	o8	10	20	58493	340.8026679971954	151.95399999997505	83.248	
7000-lilith-plots	imazen-26-png-v3/png-v3/7000-lilith-plots/lines/7070_plots_line-voronoi-00012-s2be0c08d_1024x1024.sdr.png	o8	10	32	41307	284.35337799601257	143.77499999999088	71.769	
7000-lilith-plots	imazen-26-png-v3/png-v3/7000-lilith-plots/lines/7070_plots_line-voronoi-00012-s2be0c08d_1024x1024.sdr.png	o8	10	44	23875	352.1441670018248	168.7700000000092	49.950	
7000-lilith-plots	imazen-26-png-v3/png-v3/7000-lilith-plots/lines/7070_plots_line-voronoi-00012-s2be0c08d_1024x1024.sdr.png	o7ac	4	20	46806	450.4835769912461	427.0609999999522	85.206	
7000-lilith-plots	imazen-26-png-v3/png-v3/7000-lilith-plots/lines/7070_plots_line-voronoi-00012-s2be0c08d_1024x1024.sdr.png	o7ac	4	32	34045	730.4568780091358	1171.3180000000136	77.044	
7000-lilith-plots	imazen-26-png-v3/png-v3/7000-lilith-plots/lines/7070_plots_line-voronoi-00012-s2be0c08d_1024x1024.sdr.png	o7ac	4	44	22482	356.05741800100077	641.4240000000007	60.167	
7000-lilith-plots	imazen-26-png-v3/png-v3/7000-lilith-plots/lines/7070_plots_line-voronoi-00012-s2be0c08d_1024x1024.sdr.png	o7ac	6	20	56000	123.53961700864602	387.00500000003046	84.635	
7000-lilith-plots	imazen-26-png-v3/png-v3/7000-lilith-plots/lines/7070_plots_line-voronoi-00012-s2be0c08d_1024x1024.sdr.png	o7ac	6	32	40725	253.591079992475	426.85399999999163	76.308	
7000-lilith-plots	imazen-26-png-v3/png-v3/7000-lilith-plots/lines/7070_plots_line-voronoi-00012-s2be0c08d_1024x1024.sdr.png	o7ac	6	44	28354	279.515722009819	547.3590000000286	58.350	
7000-lilith-plots	imazen-26-png-v3/png-v3/7000-lilith-plots/lines/7070_plots_line-voronoi-00012-s2be0c08d_1024x1024.sdr.png	o7ac	8	20	56338	253.6749389983015	544.3920000000162	83.382	
7000-lilith-plots	imazen-26-png-v3/png-v3/7000-lilith-plots/lines/7070_plots_line-voronoi-00012-s2be0c08d_1024x1024.sdr.png	o7ac	8	32	41513	153.11636500700843	114.93499999997425	71.712	
7000-lilith-plots	imazen-26-png-v3/png-v3/7000-lilith-plots/lines/7070_plots_line-voronoi-00012-s2be0c08d_1024x1024.sdr.png	o7ac	8	44	23942	224.91069500392769	168.46299999996006	50.639	
7000-lilith-plots	imazen-26-png-v3/png-v3/7000-lilith-plots/lines/7070_plots_line-voronoi-00012-s2be0c08d_1024x1024.sdr.png	o7ac	10	20	58515	169.98133200104348	108.71400000004883	83.270	
7000-lilith-plots	imazen-26-png-v3/png-v3/7000-lilith-plots/lines/7070_plots_line-voronoi-00012-s2be0c08d_1024x1024.sdr.png	o7ac	10	32	41289	247.34820499725174	140.8039999999744	71.776	
7000-lilith-plots	imazen-26-png-v3/png-v3/7000-lilith-plots/lines/7070_plots_line-voronoi-00012-s2be0c08d_1024x1024.sdr.png	o7ac	10	44	23876	420.0242640072247	147.03999999997563	49.929	
7000-lilith-plots	imazen-26-png-v3/png-v3/7000-lilith-plots/real-charts/7125_plots_chart-violin-16-forest_1024x1024.sdr.png	t1	4	20	2105	244.59392399876378	87.40499999996132	86.439	
7000-lilith-plots	imazen-26-png-v3/png-v3/7000-lilith-plots/real-charts/7125_plots_chart-violin-16-forest_1024x1024.sdr.png	t1	4	32	1352	350.7296000025235	183.53600000004633	73.676	
7000-lilith-plots	imazen-26-png-v3/png-v3/7000-lilith-plots/real-charts/7125_plots_chart-violin-16-forest_1024x1024.sdr.png	t1	4	44	620	230.67839800205547	159.56799999999305	50.165	
7000-lilith-plots	imazen-26-png-v3/png-v3/7000-lilith-plots/real-charts/7125_plots_chart-violin-16-forest_1024x1024.sdr.png	t1	6	20	3144	307.5184100016486	172.16099999994583	85.227	
7000-lilith-plots	imazen-26-png-v3/png-v3/7000-lilith-plots/real-charts/7125_plots_chart-violin-16-forest_1024x1024.sdr.png	t1	6	32	2140	215.15408699633554	87.04699999998411	70.931	
7000-lilith-plots	imazen-26-png-v3/png-v3/7000-lilith-plots/real-charts/7125_plots_chart-violin-16-forest_1024x1024.sdr.png	t1	6	44	1254	332.7576410083566	184.599999999989	49.549	
7000-lilith-plots	imazen-26-png-v3/png-v3/7000-lilith-plots/real-charts/7125_plots_chart-violin-16-forest_1024x1024.sdr.png	t1	8	20	3693	194.06376499682665	50.00900000001707	85.385	
7000-lilith-plots	imazen-26-png-v3/png-v3/7000-lilith-plots/real-charts/7125_plots_chart-violin-16-forest_1024x1024.sdr.png	t1	8	32	2378	235.1450610003667	111.73999999996909	70.610	
7000-lilith-plots	imazen-26-png-v3/png-v3/7000-lilith-plots/real-charts/7125_plots_chart-violin-16-forest_1024x1024.sdr.png	t1	8	44	1273	72.40871699468698	63.24499999996647	48.486	
7000-lilith-plots	imazen-26-png-v3/png-v3/7000-lilith-plots/real-charts/7125_plots_chart-violin-16-forest_1024x1024.sdr.png	t1	10	20	4880	169.3836569902487	85.04100000001813	83.907	
7000-lilith-plots	imazen-26-png-v3/png-v3/7000-lilith-plots/real-charts/7125_plots_chart-violin-16-forest_1024x1024.sdr.png	t1	10	32	2651	162.07411600043997	56.21799999997279	63.618	
7000-lilith-plots	imazen-26-png-v3/png-v3/7000-lilith-plots/real-charts/7125_plots_chart-violin-16-forest_1024x1024.sdr.png	t1	10	44	1403	130.6713500089245	40.302000000039584	48.168	
7000-lilith-plots	imazen-26-png-v3/png-v3/7000-lilith-plots/real-charts/7125_plots_chart-violin-16-forest_1024x1024.sdr.png	t3	4	20	2947	551.4851330081001	127.25899999998092	89.467	
7000-lilith-plots	imazen-26-png-v3/png-v3/7000-lilith-plots/real-charts/7125_plots_chart-violin-16-forest_1024x1024.sdr.png	t3	4	32	2086	585.0516270002117	169.30299999999932	87.033	
7000-lilith-plots	imazen-26-png-v3/png-v3/7000-lilith-plots/real-charts/7125_plots_chart-violin-16-forest_1024x1024.sdr.png	t3	4	44	1394	691.5664930129424	111.81200000002889	73.713	
7000-lilith-plots	imazen-26-png-v3/png-v3/7000-lilith-plots/real-charts/7125_plots_chart-violin-16-forest_1024x1024.sdr.png	t3	6	20	4212	190.60695001098793	129.99700000000303	89.428	
7000-lilith-plots	imazen-26-png-v3/png-v3/7000-lilith-plots/real-charts/7125_plots_chart-violin-16-forest_1024x1024.sdr.png	t3	6	32	3181	74.1921330045443	69.27600000000211	86.497	
7000-lilith-plots	imazen-26-png-v3/png-v3/7000-lilith-plots/real-charts/7125_plots_chart-violin-16-forest_1024x1024.sdr.png	t3	6	44	2304	125.74185899575241	167.74000000003753	77.623	
7000-lilith-plots	imazen-26-png-v3/png-v3/7000-lilith-plots/real-charts/7125_plots_chart-violin-16-forest_1024x1024.sdr.png	t3	8	20	5196	41.8749829987064	13.778999999999542	88.587	
7000-lilith-plots	imazen-26-png-v3/png-v3/7000-lilith-plots/real-charts/7125_plots_chart-violin-16-forest_1024x1024.sdr.png	t3	8	32	3926	128.81384299544152	141.35699999995666	86.400	
7000-lilith-plots	imazen-26-png-v3/png-v3/7000-lilith-plots/real-charts/7125_plots_chart-violin-16-forest_1024x1024.sdr.png	t3	8	44	2908	229.37997200642712	94.03199999995593	78.492	
7000-lilith-plots	imazen-26-png-v3/png-v3/7000-lilith-plots/real-charts/7125_plots_chart-violin-16-forest_1024x1024.sdr.png	t3	10	20	6369	229.4287139957305	106.18799999996043	88.205	
7000-lilith-plots	imazen-26-png-v3/png-v3/7000-lilith-plots/real-charts/7125_plots_chart-violin-16-forest_1024x1024.sdr.png	t3	10	32	4848	234.8196020029718	53.495000000026494	85.195	
7000-lilith-plots	imazen-26-png-v3/png-v3/7000-lilith-plots/real-charts/7125_plots_chart-violin-16-forest_1024x1024.sdr.png	t3	10	44	3099	194.43663400306832	57.13699999998312	76.625	
7000-lilith-plots	imazen-26-png-v3/png-v3/7000-lilith-plots/real-charts/7125_plots_chart-violin-16-forest_1024x1024.sdr.png	o6	4	20	2857	353.00103400368243	157.42699999998422	89.123	
7000-lilith-plots	imazen-26-png-v3/png-v3/7000-lilith-plots/real-charts/7125_plots_chart-violin-16-forest_1024x1024.sdr.png	o6	4	32	1972	212.35615298792254	69.79999999998654	86.443	
7000-lilith-plots	imazen-26-png-v3/png-v3/7000-lilith-plots/real-charts/7125_plots_chart-violin-16-forest_1024x1024.sdr.png	o6	4	44	1212	484.093713996117	93.07600000006744	69.244	
7000-lilith-plots	imazen-26-png-v3/png-v3/7000-lilith-plots/real-charts/7125_plots_chart-violin-16-forest_1024x1024.sdr.png	o6	6	20	4030	588.2766819995595	140.49399999994705	89.122	
7000-lilith-plots	imazen-26-png-v3/png-v3/7000-lilith-plots/real-charts/7125_plots_chart-violin-16-forest_1024x1024.sdr.png	o6	6	32	3010	394.5881589897908	83.88599999996416	85.634	
7000-lilith-plots	imazen-26-png-v3/png-v3/7000-lilith-plots/real-charts/7125_plots_chart-violin-16-forest_1024x1024.sdr.png	o6	6	44	2081	260.3269620012725	116.28500000000486	75.361	
7000-lilith-plots	imazen-26-png-v3/png-v3/7000-lilith-plots/real-charts/7125_plots_chart-violin-16-forest_1024x1024.sdr.png	o6	8	20	5038	265.34341799560934	64.46600000006697	88.319	
7000-lilith-plots	imazen-26-png-v3/png-v3/7000-lilith-plots/real-charts/7125_plots_chart-violin-16-forest_1024x1024.sdr.png	o6	8	32	3715	341.25056900666095	109.61800000004018	85.397	
7000-lilith-plots	imazen-26-png-v3/png-v3/7000-lilith-plots/real-charts/7125_plots_chart-violin-16-forest_1024x1024.sdr.png	o6	8	44	2585	324.7304359974805	127.49900000000025	73.954	
7000-lilith-plots	imazen-26-png-v3/png-v3/7000-lilith-plots/real-charts/7125_plots_chart-violin-16-forest_1024x1024.sdr.png	o6	10	20	6143	136.5133349900134	62.461999999996465	87.914	
7000-lilith-plots	imazen-26-png-v3/png-v3/7000-lilith-plots/real-charts/7125_plots_chart-violin-16-forest_1024x1024.sdr.png	o6	10	32	4583	44.75092299981043	56.782000000012545	84.527	
7000-lilith-plots	imazen-26-png-v3/png-v3/7000-lilith-plots/real-charts/7125_plots_chart-violin-16-forest_1024x1024.sdr.png	o6	10	44	2750	152.94715299387462	70.91400000004455	72.683	
7000-lilith-plots	imazen-26-png-v3/png-v3/7000-lilith-plots/real-charts/7125_plots_chart-violin-16-forest_1024x1024.sdr.png	o7	4	20	2589	427.8265910106711	129.7969999999964	88.476	
7000-lilith-plots	imazen-26-png-v3/png-v3/7000-lilith-plots/real-charts/7125_plots_chart-violin-16-forest_1024x1024.sdr.png	o7	4	32	1756	335.78355801000725	181.51299999993853	83.398	
7000-lilith-plots	imazen-26-png-v3/png-v3/7000-lilith-plots/real-charts/7125_plots_chart-violin-16-forest_1024x1024.sdr.png	o7	4	44	887	128.08023000252433	174.46099999995113	58.148	
7000-lilith-plots	imazen-26-png-v3/png-v3/7000-lilith-plots/real-charts/7125_plots_chart-violin-16-forest_1024x1024.sdr.png	o7	6	20	3751	153.95097000873648	195.60500000000047	88.300	
7000-lilith-plots	imazen-26-png-v3/png-v3/7000-lilith-plots/real-charts/7125_plots_chart-violin-16-forest_1024x1024.sdr.png	o7	6	32	2700	220.42601800058037	126.65799999994931	83.343	
7000-lilith-plots	imazen-26-png-v3/png-v3/7000-lilith-plots/real-charts/7125_plots_chart-violin-16-forest_1024x1024.sdr.png	o7	6	44	1591	153.50393000699114	67.79500000003225	59.646	
7000-lilith-plots	imazen-26-png-v3/png-v3/7000-lilith-plots/real-charts/7125_plots_chart-violin-16-forest_1024x1024.sdr.png	o7	8	20	4510	205.26542799780145	85.44799999995689	86.656	
7000-lilith-plots	imazen-26-png-v3/png-v3/7000-lilith-plots/real-charts/7125_plots_chart-violin-16-forest_1024x1024.sdr.png	o7	8	32	3026	347.7102159959031	37.43199999999547	82.422	
7000-lilith-plots	imazen-26-png-v3/png-v3/7000-lilith-plots/real-charts/7125_plots_chart-violin-16-forest_1024x1024.sdr.png	o7	8	44	1775	103.04903400538024	11.275999999995179	56.558	
7000-lilith-plots	imazen-26-png-v3/png-v3/7000-lilith-plots/real-charts/7125_plots_chart-violin-16-forest_1024x1024.sdr.png	o7	10	20	5533	523.9729669992812	122.40200000000812	86.166	
7000-lilith-plots	imazen-26-png-v3/png-v3/7000-lilith-plots/real-charts/7125_plots_chart-violin-16-forest_1024x1024.sdr.png	o7	10	32	3689	291.78174599655904	130.70700000004365	80.633	
7000-lilith-plots	imazen-26-png-v3/png-v3/7000-lilith-plots/real-charts/7125_plots_chart-violin-16-forest_1024x1024.sdr.png	o7	10	44	1893	162.72838800796308	11.876000000043518	56.215	
7000-lilith-plots	imazen-26-png-v3/png-v3/7000-lilith-plots/real-charts/7125_plots_chart-violin-16-forest_1024x1024.sdr.png	o8	4	20	2457	241.65757799346466	274.7269999999986	87.739	
7000-lilith-plots	imazen-26-png-v3/png-v3/7000-lilith-plots/real-charts/7125_plots_chart-violin-16-forest_1024x1024.sdr.png	o8	4	32	1625	128.75384899962228	134.6359999999578	83.179	
7000-lilith-plots	imazen-26-png-v3/png-v3/7000-lilith-plots/real-charts/7125_plots_chart-violin-16-forest_1024x1024.sdr.png	o8	4	44	777	128.5634670057334	219.70399999999302	57.233	
7000-lilith-plots	imazen-26-png-v3/png-v3/7000-lilith-plots/real-charts/7125_plots_chart-violin-16-forest_1024x1024.sdr.png	o8	6	20	3564	297.0849869889207	231.3039999999944	87.777	
7000-lilith-plots	imazen-26-png-v3/png-v3/7000-lilith-plots/real-charts/7125_plots_chart-violin-16-forest_1024x1024.sdr.png	o8	6	32	2521	399.56602299935184	257.18300000002614	80.999	
7000-lilith-plots	imazen-26-png-v3/png-v3/7000-lilith-plots/real-charts/7125_plots_chart-violin-16-forest_1024x1024.sdr.png	o8	6	44	1491	179.3624260026263	70.64199999999232	56.577	
7000-lilith-plots	imazen-26-png-v3/png-v3/7000-lilith-plots/real-charts/7125_plots_chart-violin-16-forest_1024x1024.sdr.png	o8	8	20	4266	257.9325240076287	51.482000000049766	85.270	
7000-lilith-plots	imazen-26-png-v3/png-v3/7000-lilith-plots/real-charts/7125_plots_chart-violin-16-forest_1024x1024.sdr.png	o8	8	32	2821	268.2653770025354	64.3970000000138	78.746	
7000-lilith-plots	imazen-26-png-v3/png-v3/7000-lilith-plots/real-charts/7125_plots_chart-violin-16-forest_1024x1024.sdr.png	o8	8	44	1638	255.4284399957396	78.66999999997404	54.907	
7000-lilith-plots	imazen-26-png-v3/png-v3/7000-lilith-plots/real-charts/7125_plots_chart-violin-16-forest_1024x1024.sdr.png	o8	10	20	5284	663.6732729966752	210.3159999999633	84.907	
7000-lilith-plots	imazen-26-png-v3/png-v3/7000-lilith-plots/real-charts/7125_plots_chart-violin-16-forest_1024x1024.sdr.png	o8	10	32	3445	273.7070809962461	132.15999999997052	76.983	
7000-lilith-plots	imazen-26-png-v3/png-v3/7000-lilith-plots/real-charts/7125_plots_chart-violin-16-forest_1024x1024.sdr.png	o8	10	44	1709	132.5134490034543	12.512999999998442	53.956	
7000-lilith-plots	imazen-26-png-v3/png-v3/7000-lilith-plots/real-charts/7125_plots_chart-violin-16-forest_1024x1024.sdr.png	o7ac	4	20	2574	180.81141899165232	81.64600000002054	88.911	
7000-lilith-plots	imazen-26-png-v3/png-v3/7000-lilith-plots/real-charts/7125_plots_chart-violin-16-forest_1024x1024.sdr.png	o7ac	4	32	1731	252.2410259989556	230.78399999999988	82.956	
7000-lilith-plots	imazen-26-png-v3/png-v3/7000-lilith-plots/real-charts/7125_plots_chart-violin-16-forest_1024x1024.sdr.png	o7ac	4	44	890	201.13015398965217	130.78000000001566	58.186	
7000-lilith-plots	imazen-26-png-v3/png-v3/7000-lilith-plots/real-charts/7125_plots_chart-violin-16-forest_1024x1024.sdr.png	o7ac	6	20	3741	129.51990400324576	74.9810000000366	88.309	
7000-lilith-plots	imazen-26-png-v3/png-v3/7000-lilith-plots/real-charts/7125_plots_chart-violin-16-forest_1024x1024.sdr.png	o7ac	6	32	2702	119.0837749891216	74.9810000000366	83.281	
7000-lilith-plots	imazen-26-png-v3/png-v3/7000-lilith-plots/real-charts/7125_plots_chart-violin-16-forest_1024x1024.sdr.png	o7ac	6	44	1606	209.68034100951627	202.26399999999956	59.723	
7000-lilith-plots	imazen-26-png-v3/png-v3/7000-lilith-plots/real-charts/7125_plots_chart-violin-16-forest_1024x1024.sdr.png	o7ac	8	20	4506	892.3027090058895	123.45800000002782	86.646	
7000-lilith-plots	imazen-26-png-v3/png-v3/7000-lilith-plots/real-charts/7125_plots_chart-violin-16-forest_1024x1024.sdr.png	o7ac	8	32	3030	461.1705920106033	55.391999999983454	82.416	
7000-lilith-plots	imazen-26-png-v3/png-v3/7000-lilith-plots/real-charts/7125_plots_chart-violin-16-forest_1024x1024.sdr.png	o7ac	8	44	1775	292.89260499353986	24.810999999985484	56.558	
7000-lilith-plots	imazen-26-png-v3/png-v3/7000-lilith-plots/real-charts/7125_plots_chart-violin-16-forest_1024x1024.sdr.png	o7ac	10	20	5523	177.70379698777106	54.802000000023554	86.217	
7000-lilith-plots	imazen-26-png-v3/png-v3/7000-lilith-plots/real-charts/7125_plots_chart-violin-16-forest_1024x1024.sdr.png	o7ac	10	32	3689	153.8717889925465	76.91699999993773	80.633	
7000-lilith-plots	imazen-26-png-v3/png-v3/7000-lilith-plots/real-charts/7125_plots_chart-violin-16-forest_1024x1024.sdr.png	o7ac	10	44	1893	383.0179280048469	468.89600000000087	56.215	
8000-lilith-mobile-screenshots	imazen-26-png-v3/png-v3/8000-lilith-mobile-screenshots/8000_mobile-screenshots_imageflow-server_screenshot-20260526-065435-brave_1968x2184.sdr.png	t1	4	20	9867	264.44686600007117	233.6389999999824	83.746	
8000-lilith-mobile-screenshots	imazen-26-png-v3/png-v3/8000-lilith-mobile-screenshots/8000_mobile-screenshots_imageflow-server_screenshot-20260526-065435-brave_1968x2184.sdr.png	t1	4	32	7510	280.67492399713956	369.6369999999547	70.612	
8000-lilith-mobile-screenshots	imazen-26-png-v3/png-v3/8000-lilith-mobile-screenshots/8000_mobile-screenshots_imageflow-server_screenshot-20260526-065435-brave_1968x2184.sdr.png	t1	4	44	5425	414.0967470011674	588.8580000000445	58.970	
8000-lilith-mobile-screenshots	imazen-26-png-v3/png-v3/8000-lilith-mobile-screenshots/8000_mobile-screenshots_imageflow-server_screenshot-20260526-065435-brave_1968x2184.sdr.png	t1	6	20	12106	306.93718600377906	544.8599999999857	83.239	
8000-lilith-mobile-screenshots	imazen-26-png-v3/png-v3/8000-lilith-mobile-screenshots/8000_mobile-screenshots_imageflow-server_screenshot-20260526-065435-brave_1968x2184.sdr.png	t1	6	32	9592	381.18995500553865	309.3090000000416	69.582	
8000-lilith-mobile-screenshots	imazen-26-png-v3/png-v3/8000-lilith-mobile-screenshots/8000_mobile-screenshots_imageflow-server_screenshot-20260526-065435-brave_1968x2184.sdr.png	t1	6	44	7641	459.6195159974741	200.75000000004195	58.926	
8000-lilith-mobile-screenshots	imazen-26-png-v3/png-v3/8000-lilith-mobile-screenshots/8000_mobile-screenshots_imageflow-server_screenshot-20260526-065435-brave_1968x2184.sdr.png	t1	8	20	21515	375.5650940001942	188.40799999999547	80.000	
8000-lilith-mobile-screenshots	imazen-26-png-v3/png-v3/8000-lilith-mobile-screenshots/8000_mobile-screenshots_imageflow-server_screenshot-20260526-065435-brave_1968x2184.sdr.png	t1	8	32	14844	160.2117879956495	83.69199999999921	69.821	
8000-lilith-mobile-screenshots	imazen-26-png-v3/png-v3/8000-lilith-mobile-screenshots/8000_mobile-screenshots_imageflow-server_screenshot-20260526-065435-brave_1968x2184.sdr.png	t1	8	44	8774	464.1227389947744	78.78500000002475	51.216	
8000-lilith-mobile-screenshots	imazen-26-png-v3/png-v3/8000-lilith-mobile-screenshots/8000_mobile-screenshots_imageflow-server_screenshot-20260526-065435-brave_1968x2184.sdr.png	t1	10	20	27217	357.13828999723773	75.89500000000271	80.747	
8000-lilith-mobile-screenshots	imazen-26-png-v3/png-v3/8000-lilith-mobile-screenshots/8000_mobile-screenshots_imageflow-server_screenshot-20260526-065435-brave_1968x2184.sdr.png	t1	10	32	17716	159.0752910124138	33.55200000002867	68.493	
8000-lilith-mobile-screenshots	imazen-26-png-v3/png-v3/8000-lilith-mobile-screenshots/8000_mobile-screenshots_imageflow-server_screenshot-20260526-065435-brave_1968x2184.sdr.png	t1	10	44	9566	207.98936000210233	100.08899999999699	49.330	
8000-lilith-mobile-screenshots	imazen-26-png-v3/png-v3/8000-lilith-mobile-screenshots/8000_mobile-screenshots_imageflow-server_screenshot-20260526-065435-brave_1968x2184.sdr.png	t3	4	20	10712	227.66985499765724	247.95899999995186	86.811	
8000-lilith-mobile-screenshots	imazen-26-png-v3/png-v3/8000-lilith-mobile-screenshots/8000_mobile-screenshots_imageflow-server_screenshot-20260526-065435-brave_1968x2184.sdr.png	t3	4	32	8398	219.81001799576916	381.0179999999974	77.980	
8000-lilith-mobile-screenshots	imazen-26-png-v3/png-v3/8000-lilith-mobile-screenshots/8000_mobile-screenshots_imageflow-server_screenshot-20260526-065435-brave_1968x2184.sdr.png	t3	4	44	5971	295.2597209950909	606.6890000000029	63.827	
8000-lilith-mobile-screenshots	imazen-26-png-v3/png-v3/8000-lilith-mobile-screenshots/8000_mobile-screenshots_imageflow-server_screenshot-20260526-065435-brave_1968x2184.sdr.png	t3	6	20	13287	172.34139300126117	266.415999999964	88.798	
8000-lilith-mobile-screenshots	imazen-26-png-v3/png-v3/8000-lilith-mobile-screenshots/8000_mobile-screenshots_imageflow-server_screenshot-20260526-065435-brave_1968x2184.sdr.png	t3	6	32	10571	154.24114000052214	132.84500000006005	80.233	
8000-lilith-mobile-screenshots	imazen-26-png-v3/png-v3/8000-lilith-mobile-screenshots/8000_mobile-screenshots_imageflow-server_screenshot-20260526-065435-brave_1968x2184.sdr.png	t3	6	44	8326	196.14683200779837	217.0720000000017	67.387	
8000-lilith-mobile-screenshots	imazen-26-png-v3/png-v3/8000-lilith-mobile-screenshots/8000_mobile-screenshots_imageflow-server_screenshot-20260526-065435-brave_1968x2184.sdr.png	t3	8	20	14898	168.34868099249434	120.03499999998724	87.428	
8000-lilith-mobile-screenshots	imazen-26-png-v3/png-v3/8000-lilith-mobile-screenshots/8000_mobile-screenshots_imageflow-server_screenshot-20260526-065435-brave_1968x2184.sdr.png	t3	8	32	12078	501.94145800196566	174.07099999998366	77.598	
8000-lilith-mobile-screenshots	imazen-26-png-v3/png-v3/8000-lilith-mobile-screenshots/8000_mobile-screenshots_imageflow-server_screenshot-20260526-065435-brave_1968x2184.sdr.png	t3	8	44	7955	466.7590650060447	174.07099999998366	64.192	
8000-lilith-mobile-screenshots	imazen-26-png-v3/png-v3/8000-lilith-mobile-screenshots/8000_mobile-screenshots_imageflow-server_screenshot-20260526-065435-brave_1968x2184.sdr.png	t3	10	20	14676	96.2823239970021	45.643000000012535	87.366	
8000-lilith-mobile-screenshots	imazen-26-png-v3/png-v3/8000-lilith-mobile-screenshots/8000_mobile-screenshots_imageflow-server_screenshot-20260526-065435-brave_1968x2184.sdr.png	t3	10	32	12169	138.63488400238566	104.32100000001299	78.112	
8000-lilith-mobile-screenshots	imazen-26-png-v3/png-v3/8000-lilith-mobile-screenshots/8000_mobile-screenshots_imageflow-server_screenshot-20260526-065435-brave_1968x2184.sdr.png	t3	10	44	7823	204.4989109999733	65.76899999998886	66.213	
8000-lilith-mobile-screenshots	imazen-26-png-v3/png-v3/8000-lilith-mobile-screenshots/8000_mobile-screenshots_imageflow-server_screenshot-20260526-065435-brave_1968x2184.sdr.png	o6	4	20	10105	283.23760999774095	420.5919999999992	85.960	
8000-lilith-mobile-screenshots	imazen-26-png-v3/png-v3/8000-lilith-mobile-screenshots/8000_mobile-screenshots_imageflow-server_screenshot-20260526-065435-brave_1968x2184.sdr.png	o6	4	32	7987	277.88428400526755	289.33799999998655	73.747	
8000-lilith-mobile-screenshots	imazen-26-png-v3/png-v3/8000-lilith-mobile-screenshots/8000_mobile-screenshots_imageflow-server_screenshot-20260526-065435-brave_1968x2184.sdr.png	o6	4	44	5681	430.35595399851445	615.8519999999754	60.347	
8000-lilith-mobile-screenshots	imazen-26-png-v3/png-v3/8000-lilith-mobile-screenshots/8000_mobile-screenshots_imageflow-server_screenshot-20260526-065435-brave_1968x2184.sdr.png	o6	6	20	12624	280.97269899444655	255.2880000000215	88.349	
8000-lilith-mobile-screenshots	imazen-26-png-v3/png-v3/8000-lilith-mobile-screenshots/8000_mobile-screenshots_imageflow-server_screenshot-20260526-065435-brave_1968x2184.sdr.png	o6	6	32	9903	290.8991800068179	368.54899999998736	76.871	
8000-lilith-mobile-screenshots	imazen-26-png-v3/png-v3/8000-lilith-mobile-screenshots/8000_mobile-screenshots_imageflow-server_screenshot-20260526-065435-brave_1968x2184.sdr.png	o6	6	44	7707	219.34050699928775	317.76499999995167	62.557	
8000-lilith-mobile-screenshots	imazen-26-png-v3/png-v3/8000-lilith-mobile-screenshots/8000_mobile-screenshots_imageflow-server_screenshot-20260526-065435-brave_1968x2184.sdr.png	o6	8	20	13881	306.09527800697833	377.20599999998683	86.386	
8000-lilith-mobile-screenshots	imazen-26-png-v3/png-v3/8000-lilith-mobile-screenshots/8000_mobile-screenshots_imageflow-server_screenshot-20260526-065435-brave_1968x2184.sdr.png	o6	8	32	11031	246.9352399930358	158.8939999999468	75.317	
8000-lilith-mobile-screenshots	imazen-26-png-v3/png-v3/8000-lilith-mobile-screenshots/8000_mobile-screenshots_imageflow-server_screenshot-20260526-065435-brave_1968x2184.sdr.png	o6	8	44	6950	269.903147011064	109.44599999999127	58.459	
8000-lilith-mobile-screenshots	imazen-26-png-v3/png-v3/8000-lilith-mobile-screenshots/8000_mobile-screenshots_imageflow-server_screenshot-20260526-065435-brave_1968x2184.sdr.png	o6	10	20	13646	478.1034180050483	73.96700000002454	86.133	
8000-lilith-mobile-screenshots	imazen-26-png-v3/png-v3/8000-lilith-mobile-screenshots/8000_mobile-screenshots_imageflow-server_screenshot-20260526-065435-brave_1968x2184.sdr.png	o6	10	32	11041	278.81057299964596	78.4009999999995	75.313	
8000-lilith-mobile-screenshots	imazen-26-png-v3/png-v3/8000-lilith-mobile-screenshots/8000_mobile-screenshots_imageflow-server_screenshot-20260526-065435-brave_1968x2184.sdr.png	o6	10	44	6777	323.513274997822	161.15200000002972	59.445	
8000-lilith-mobile-screenshots	imazen-26-png-v3/png-v3/8000-lilith-mobile-screenshots/8000_mobile-screenshots_imageflow-server_screenshot-20260526-065435-brave_1968x2184.sdr.png	o7	4	20	10001	248.84902499616146	332.2909999999837	85.226	
8000-lilith-mobile-screenshots	imazen-26-png-v3/png-v3/8000-lilith-mobile-screenshots/8000_mobile-screenshots_imageflow-server_screenshot-20260526-065435-brave_1968x2184.sdr.png	o7	4	32	7876	236.09308099548798	463.63700000001984	73.536	
8000-lilith-mobile-screenshots	imazen-26-png-v3/png-v3/8000-lilith-mobile-screenshots/8000_mobile-screenshots_imageflow-server_screenshot-20260526-065435-brave_1968x2184.sdr.png	o7	4	44	5647	430.68543999106623	687.3620000000216	59.090	
8000-lilith-mobile-screenshots	imazen-26-png-v3/png-v3/8000-lilith-mobile-screenshots/8000_mobile-screenshots_imageflow-server_screenshot-20260526-065435-brave_1968x2184.sdr.png	o7	6	20	12532	153.6611789924791	246.87200000001042	87.026	
8000-lilith-mobile-screenshots	imazen-26-png-v3/png-v3/8000-lilith-mobile-screenshots/8000_mobile-screenshots_imageflow-server_screenshot-20260526-065435-brave_1968x2184.sdr.png	o7	6	32	9729	131.1331769975368	233.12900000001946	76.227	
8000-lilith-mobile-screenshots	imazen-26-png-v3/png-v3/8000-lilith-mobile-screenshots/8000_mobile-screenshots_imageflow-server_screenshot-20260526-065435-brave_1968x2184.sdr.png	o7	6	44	7562	156.52555901033338	372.71899999998936	62.003	
8000-lilith-mobile-screenshots	imazen-26-png-v3/png-v3/8000-lilith-mobile-screenshots/8000_mobile-screenshots_imageflow-server_screenshot-20260526-065435-brave_1968x2184.sdr.png	o7	8	20	13654	256.5753780072555	329.3030000000243	85.715	
8000-lilith-mobile-screenshots	imazen-26-png-v3/png-v3/8000-lilith-mobile-screenshots/8000_mobile-screenshots_imageflow-server_screenshot-20260526-065435-brave_1968x2184.sdr.png	o7	8	32	10766	332.7533130068332	280.96599999997807	74.589	
8000-lilith-mobile-screenshots	imazen-26-png-v3/png-v3/8000-lilith-mobile-screenshots/8000_mobile-screenshots_imageflow-server_screenshot-20260526-065435-brave_1968x2184.sdr.png	o7	8	44	6778	373.27322200872004	180.72899999998526	58.136	
8000-lilith-mobile-screenshots	imazen-26-png-v3/png-v3/8000-lilith-mobile-screenshots/8000_mobile-screenshots_imageflow-server_screenshot-20260526-065435-brave_1968x2184.sdr.png	o7	10	20	13377	138.27954899170436	51.7009999999658	85.653	
8000-lilith-mobile-screenshots	imazen-26-png-v3/png-v3/8000-lilith-mobile-screenshots/8000_mobile-screenshots_imageflow-server_screenshot-20260526-065435-brave_1968x2184.sdr.png	o7	10	32	10784	562.3896809993312	176.1459999999886	74.302	
8000-lilith-mobile-screenshots	imazen-26-png-v3/png-v3/8000-lilith-mobile-screenshots/8000_mobile-screenshots_imageflow-server_screenshot-20260526-065435-brave_1968x2184.sdr.png	o7	10	44	6627	214.1460620041471	78.83199999999135	58.705	
8000-lilith-mobile-screenshots	imazen-26-png-v3/png-v3/8000-lilith-mobile-screenshots/8000_mobile-screenshots_imageflow-server_screenshot-20260526-065435-brave_1968x2184.sdr.png	o8	4	20	9984	556.6243630019017	608.8509999999872	85.204	
8000-lilith-mobile-screenshots	imazen-26-png-v3/png-v3/8000-lilith-mobile-screenshots/8000_mobile-screenshots_imageflow-server_screenshot-20260526-065435-brave_1968x2184.sdr.png	o8	4	32	7861	536.2418160075322	479.4290000000103	73.575	
8000-lilith-mobile-screenshots	imazen-26-png-v3/png-v3/8000-lilith-mobile-screenshots/8000_mobile-screenshots_imageflow-server_screenshot-20260526-065435-brave_1968x2184.sdr.png	o8	4	44	5621	208.86490400880575	191.8579999999821	59.227	
8000-lilith-mobile-screenshots	imazen-26-png-v3/png-v3/8000-lilith-mobile-screenshots/8000_mobile-screenshots_imageflow-server_screenshot-20260526-065435-brave_1968x2184.sdr.png	o8	6	20	12521	256.01158700010274	446.07100000001765	87.026	
8000-lilith-mobile-screenshots	imazen-26-png-v3/png-v3/8000-lilith-mobile-screenshots/8000_mobile-screenshots_imageflow-server_screenshot-20260526-065435-brave_1968x2184.sdr.png	o8	6	32	9718	259.8459989967523	446.07100000001765	76.209	
8000-lilith-mobile-screenshots	imazen-26-png-v3/png-v3/8000-lilith-mobile-screenshots/8000_mobile-screenshots_imageflow-server_screenshot-20260526-065435-brave_1968x2184.sdr.png	o8	6	44	7541	181.42560399428476	222.5249999999619	62.019	
8000-lilith-mobile-screenshots	imazen-26-png-v3/png-v3/8000-lilith-mobile-screenshots/8000_mobile-screenshots_imageflow-server_screenshot-20260526-065435-brave_1968x2184.sdr.png	o8	8	20	13640	109.80680798820686	85.30199999994181	85.659	
8000-lilith-mobile-screenshots	imazen-26-png-v3/png-v3/8000-lilith-mobile-screenshots/8000_mobile-screenshots_imageflow-server_screenshot-20260526-065435-brave_1968x2184.sdr.png	o8	8	32	10748	281.61411700421013	131.8199999999905	74.573	
8000-lilith-mobile-screenshots	imazen-26-png-v3/png-v3/8000-lilith-mobile-screenshots/8000_mobile-screenshots_imageflow-server_screenshot-20260526-065435-brave_1968x2184.sdr.png	o8	8	44	6761	71.7361900024116	65.5039999999616	58.212	
8000-lilith-mobile-screenshots	imazen-26-png-v3/png-v3/8000-lilith-mobile-screenshots/8000_mobile-screenshots_imageflow-server_screenshot-20260526-065435-brave_1968x2184.sdr.png	o8	10	20	13356	651.2077110091923	148.68400000001714	85.599	
8000-lilith-mobile-screenshots	imazen-26-png-v3/png-v3/8000-lilith-mobile-screenshots/8000_mobile-screenshots_imageflow-server_screenshot-20260526-065435-brave_1968x2184.sdr.png	o8	10	32	10771	620.6936029921053	148.68400000001714	74.327	
8000-lilith-mobile-screenshots	imazen-26-png-v3/png-v3/8000-lilith-mobile-screenshots/8000_mobile-screenshots_imageflow-server_screenshot-20260526-065435-brave_1968x2184.sdr.png	o8	10	44	6610	257.3471329960739	159.69199999999262	58.691	
8000-lilith-mobile-screenshots	imazen-26-png-v3/png-v3/8000-lilith-mobile-screenshots/8000_mobile-screenshots_imageflow-server_screenshot-20260526-065435-brave_1968x2184.sdr.png	o7ac	4	20	9982	217.1856549975928	327.9879999999906	85.240	
8000-lilith-mobile-screenshots	imazen-26-png-v3/png-v3/8000-lilith-mobile-screenshots/8000_mobile-screenshots_imageflow-server_screenshot-20260526-065435-brave_1968x2184.sdr.png	o7ac	4	32	7924	207.3173849930754	489.88199999996596	74.109	
8000-lilith-mobile-screenshots	imazen-26-png-v3/png-v3/8000-lilith-mobile-screenshots/8000_mobile-screenshots_imageflow-server_screenshot-20260526-065435-brave_1968x2184.sdr.png	o7ac	4	44	5675	242.86183499498293	728.7380000000496	59.116	
8000-lilith-mobile-screenshots	imazen-26-png-v3/png-v3/8000-lilith-mobile-screenshots/8000_mobile-screenshots_imageflow-server_screenshot-20260526-065435-brave_1968x2184.sdr.png	o7ac	6	20	12575	185.86263099859934	486.33600000002275	87.059	
8000-lilith-mobile-screenshots	imazen-26-png-v3/png-v3/8000-lilith-mobile-screenshots/8000_mobile-screenshots_imageflow-server_screenshot-20260526-065435-brave_1968x2184.sdr.png	o7ac	6	32	9760	165.65536700363737	696.7000000000354	76.269	
8000-lilith-mobile-screenshots	imazen-26-png-v3/png-v3/8000-lilith-mobile-screenshots/8000_mobile-screenshots_imageflow-server_screenshot-20260526-065435-brave_1968x2184.sdr.png	o7ac	6	44	7599	175.91208399971947	589.9459999999976	62.006	
8000-lilith-mobile-screenshots	imazen-26-png-v3/png-v3/8000-lilith-mobile-screenshots/8000_mobile-screenshots_imageflow-server_screenshot-20260526-065435-brave_1968x2184.sdr.png	o7ac	8	20	13659	154.00168500491418	343.38899999998773	85.683	
8000-lilith-mobile-screenshots	imazen-26-png-v3/png-v3/8000-lilith-mobile-screenshots/8000_mobile-screenshots_imageflow-server_screenshot-20260526-065435-brave_1968x2184.sdr.png	o7ac	8	32	10774	327.74154501385055	196.53800000000388	74.584	
8000-lilith-mobile-screenshots	imazen-26-png-v3/png-v3/8000-lilith-mobile-screenshots/8000_mobile-screenshots_imageflow-server_screenshot-20260526-065435-brave_1968x2184.sdr.png	o7ac	8	44	6779	286.0796669992851	76.94200000000251	58.121	
8000-lilith-mobile-screenshots	imazen-26-png-v3/png-v3/8000-lilith-mobile-screenshots/8000_mobile-screenshots_imageflow-server_screenshot-20260526-065435-brave_1968x2184.sdr.png	o7ac	10	20	13377	244.37263399886433	96.24399999997024	85.653	
8000-lilith-mobile-screenshots	imazen-26-png-v3/png-v3/8000-lilith-mobile-screenshots/8000_mobile-screenshots_imageflow-server_screenshot-20260526-065435-brave_1968x2184.sdr.png	o7ac	10	32	10784	234.8238310078159	97.22900000001289	74.302	
8000-lilith-mobile-screenshots	imazen-26-png-v3/png-v3/8000-lilith-mobile-screenshots/8000_mobile-screenshots_imageflow-server_screenshot-20260526-065435-brave_1968x2184.sdr.png	o7ac	10	44	6630	474.6702889970038	113.89499999997099	58.710	
8000-lilith-mobile-screenshots	imazen-26-png-v3/png-v3/8000-lilith-mobile-screenshots/8012_mobile-screenshots_on-screen-keyboard_screenshot-20260526-070935-calculator_1080x2520.sdr.png	t1	4	20	2232	169.9363270017784	179.1470000000004	87.696	
8000-lilith-mobile-screenshots	imazen-26-png-v3/png-v3/8000-lilith-mobile-screenshots/8012_mobile-screenshots_on-screen-keyboard_screenshot-20260526-070935-calculator_1080x2520.sdr.png	t1	4	32	1556	263.04447300208267	458.6310000000253	81.703	
8000-lilith-mobile-screenshots	imazen-26-png-v3/png-v3/8000-lilith-mobile-screenshots/8012_mobile-screenshots_on-screen-keyboard_screenshot-20260526-070935-calculator_1080x2520.sdr.png	t1	4	44	970	199.9717240105383	310.5099999999652	63.832	
8000-lilith-mobile-screenshots	imazen-26-png-v3/png-v3/8000-lilith-mobile-screenshots/8012_mobile-screenshots_on-screen-keyboard_screenshot-20260526-070935-calculator_1080x2520.sdr.png	t1	6	20	3440	184.50757800019346	274.6330000000228	89.033	
8000-lilith-mobile-screenshots	imazen-26-png-v3/png-v3/8000-lilith-mobile-screenshots/8012_mobile-screenshots_on-screen-keyboard_screenshot-20260526-070935-calculator_1080x2520.sdr.png	t1	6	32	2358	316.3759010058129	502.78399999999124	83.273	
8000-lilith-mobile-screenshots	imazen-26-png-v3/png-v3/8000-lilith-mobile-screenshots/8012_mobile-screenshots_on-screen-keyboard_screenshot-20260526-070935-calculator_1080x2520.sdr.png	t1	6	44	1713	203.49283100222237	329.3960000000169	67.941	
8000-lilith-mobile-screenshots	imazen-26-png-v3/png-v3/8000-lilith-mobile-screenshots/8012_mobile-screenshots_on-screen-keyboard_screenshot-20260526-070935-calculator_1080x2520.sdr.png	t1	8	20	4607	98.87593999155797	166.52600000006146	86.672	
8000-lilith-mobile-screenshots	imazen-26-png-v3/png-v3/8000-lilith-mobile-screenshots/8012_mobile-screenshots_on-screen-keyboard_screenshot-20260526-070935-calculator_1080x2520.sdr.png	t1	8	32	2996	77.12405201164074	85.47599999999989	78.461	
8000-lilith-mobile-screenshots	imazen-26-png-v3/png-v3/8000-lilith-mobile-screenshots/8012_mobile-screenshots_on-screen-keyboard_screenshot-20260526-070935-calculator_1080x2520.sdr.png	t1	8	44	1700	540.0557889952324	95.94499999998618	55.872	
8000-lilith-mobile-screenshots	imazen-26-png-v3/png-v3/8000-lilith-mobile-screenshots/8012_mobile-screenshots_on-screen-keyboard_screenshot-20260526-070935-calculator_1080x2520.sdr.png	t1	10	20	5502	356.7298249981832	47.33999999997707	85.031	
8000-lilith-mobile-screenshots	imazen-26-png-v3/png-v3/8000-lilith-mobile-screenshots/8012_mobile-screenshots_on-screen-keyboard_screenshot-20260526-070935-calculator_1080x2520.sdr.png	t1	10	32	3413	316.24017299327534	81.08599999995647	76.877	
8000-lilith-mobile-screenshots	imazen-26-png-v3/png-v3/8000-lilith-mobile-screenshots/8012_mobile-screenshots_on-screen-keyboard_screenshot-20260526-070935-calculator_1080x2520.sdr.png	t1	10	44	1803	112.4876289977692	49.16999999996108	52.158	
8000-lilith-mobile-screenshots	imazen-26-png-v3/png-v3/8000-lilith-mobile-screenshots/8012_mobile-screenshots_on-screen-keyboard_screenshot-20260526-070935-calculator_1080x2520.sdr.png	t3	4	20	2850	222.65287701156922	233.18099999998765	91.087	
8000-lilith-mobile-screenshots	imazen-26-png-v3/png-v3/8000-lilith-mobile-screenshots/8012_mobile-screenshots_on-screen-keyboard_screenshot-20260526-070935-calculator_1080x2520.sdr.png	t3	4	32	2100	304.9179719964741	218.69499999998254	88.675	
8000-lilith-mobile-screenshots	imazen-26-png-v3/png-v3/8000-lilith-mobile-screenshots/8012_mobile-screenshots_on-screen-keyboard_screenshot-20260526-070935-calculator_1080x2520.sdr.png	t3	4	44	1488	221.10820400121156	340.78599999999426	79.551	
8000-lilith-mobile-screenshots	imazen-26-png-v3/png-v3/8000-lilith-mobile-screenshots/8012_mobile-screenshots_on-screen-keyboard_screenshot-20260526-070935-calculator_1080x2520.sdr.png	t3	6	20	3912	205.74662199942395	265.31700000002445	92.425	
8000-lilith-mobile-screenshots	imazen-26-png-v3/png-v3/8000-lilith-mobile-screenshots/8012_mobile-screenshots_on-screen-keyboard_screenshot-20260526-070935-calculator_1080x2520.sdr.png	t3	6	32	3110	265.5960080010118	332.6929999999919	88.891	
8000-lilith-mobile-screenshots	imazen-26-png-v3/png-v3/8000-lilith-mobile-screenshots/8012_mobile-screenshots_on-screen-keyboard_screenshot-20260526-070935-calculator_1080x2520.sdr.png	t3	6	44	2351	239.83940499601886	300.9489999999886	80.237	
8000-lilith-mobile-screenshots	imazen-26-png-v3/png-v3/8000-lilith-mobile-screenshots/8012_mobile-screenshots_on-screen-keyboard_screenshot-20260526-070935-calculator_1080x2520.sdr.png	t3	8	20	4055	144.38368000264745	147.18899999995472	92.669	
8000-lilith-mobile-screenshots	imazen-26-png-v3/png-v3/8000-lilith-mobile-screenshots/8012_mobile-screenshots_on-screen-keyboard_screenshot-20260526-070935-calculator_1080x2520.sdr.png	t3	8	32	3520	87.079368007835	74.86800000002347	87.564	
8000-lilith-mobile-screenshots	imazen-26-png-v3/png-v3/8000-lilith-mobile-screenshots/8012_mobile-screenshots_on-screen-keyboard_screenshot-20260526-070935-calculator_1080x2520.sdr.png	t3	8	44	2558	495.130473995232	140.17300000001853	79.673	
8000-lilith-mobile-screenshots	imazen-26-png-v3/png-v3/8000-lilith-mobile-screenshots/8012_mobile-screenshots_on-screen-keyboard_screenshot-20260526-070935-calculator_1080x2520.sdr.png	t3	10	20	4096	271.09407899843063	84.63199999998494	92.522	
8000-lilith-mobile-screenshots	imazen-26-png-v3/png-v3/8000-lilith-mobile-screenshots/8012_mobile-screenshots_on-screen-keyboard_screenshot-20260526-070935-calculator_1080x2520.sdr.png	t3	10	32	3628	96.66557201126125	37.51599999999655	87.280	
8000-lilith-mobile-screenshots	imazen-26-png-v3/png-v3/8000-lilith-mobile-screenshots/8012_mobile-screenshots_on-screen-keyboard_screenshot-20260526-070935-calculator_1080x2520.sdr.png	t3	10	44	2623	143.11682399420533	88.51199999998016	78.717	
8000-lilith-mobile-screenshots	imazen-26-png-v3/png-v3/8000-lilith-mobile-screenshots/8012_mobile-screenshots_on-screen-keyboard_screenshot-20260526-070935-calculator_1080x2520.sdr.png	o6	4	20	2690	360.4804570059059	177.22099999997454	91.093	
8000-lilith-mobile-screenshots	imazen-26-png-v3/png-v3/8000-lilith-mobile-screenshots/8012_mobile-screenshots_on-screen-keyboard_screenshot-20260526-070935-calculator_1080x2520.sdr.png	o6	4	32	1974	417.27819899097085	248.02699999999334	87.477	
8000-lilith-mobile-screenshots	imazen-26-png-v3/png-v3/8000-lilith-mobile-screenshots/8012_mobile-screenshots_on-screen-keyboard_screenshot-20260526-070935-calculator_1080x2520.sdr.png	o6	4	44	1355	519.2848939914256	338.5119999999944	77.253	
8000-lilith-mobile-screenshots	imazen-26-png-v3/png-v3/8000-lilith-mobile-screenshots/8012_mobile-screenshots_on-screen-keyboard_screenshot-20260526-070935-calculator_1080x2520.sdr.png	o6	6	20	3749	202.53749699622858	120.61200000002259	91.922	
8000-lilith-mobile-screenshots	imazen-26-png-v3/png-v3/8000-lilith-mobile-screenshots/8012_mobile-screenshots_on-screen-keyboard_screenshot-20260526-070935-calculator_1080x2520.sdr.png	o6	6	32	2962	72.53498698992189	165.11400000000265	88.319	
8000-lilith-mobile-screenshots	imazen-26-png-v3/png-v3/8000-lilith-mobile-screenshots/8012_mobile-screenshots_on-screen-keyboard_screenshot-20260526-070935-calculator_1080x2520.sdr.png	o6	6	44	2200	98.06855699571315	93.60500000002503	78.786	
8000-lilith-mobile-screenshots	imazen-26-png-v3/png-v3/8000-lilith-mobile-screenshots/8012_mobile-screenshots_on-screen-keyboard_screenshot-20260526-070935-calculator_1080x2520.sdr.png	o6	8	20	3844	119.2577350011561	208.0450000000269	92.141	
8000-lilith-mobile-screenshots	imazen-26-png-v3/png-v3/8000-lilith-mobile-screenshots/8012_mobile-screenshots_on-screen-keyboard_screenshot-20260526-070935-calculator_1080x2520.sdr.png	o6	8	32	3174	93.11700300895609	183.4050000000218	86.634	
8000-lilith-mobile-screenshots	imazen-26-png-v3/png-v3/8000-lilith-mobile-screenshots/8012_mobile-screenshots_on-screen-keyboard_screenshot-20260526-070935-calculator_1080x2520.sdr.png	o6	8	44	2269	561.3856349955313	253.81500000004564	77.844	
8000-lilith-mobile-screenshots	imazen-26-png-v3/png-v3/8000-lilith-mobile-screenshots/8012_mobile-screenshots_on-screen-keyboard_screenshot-20260526-070935-calculator_1080x2520.sdr.png	o6	10	20	3850	494.2800190037815	91.94699999994782	91.999	
8000-lilith-mobile-screenshots	imazen-26-png-v3/png-v3/8000-lilith-mobile-screenshots/8012_mobile-screenshots_on-screen-keyboard_screenshot-20260526-070935-calculator_1080x2520.sdr.png	o6	10	32	3163	499.23303500690963	110.83100000001878	86.464	
8000-lilith-mobile-screenshots	imazen-26-png-v3/png-v3/8000-lilith-mobile-screenshots/8012_mobile-screenshots_on-screen-keyboard_screenshot-20260526-070935-calculator_1080x2520.sdr.png	o6	10	44	2330	376.3720759889111	83.39499999999589	76.786	
8000-lilith-mobile-screenshots	imazen-26-png-v3/png-v3/8000-lilith-mobile-screenshots/8012_mobile-screenshots_on-screen-keyboard_screenshot-20260526-070935-calculator_1080x2520.sdr.png	o7	4	20	2539	380.6525550025981	162.97200000005319	90.481	
8000-lilith-mobile-screenshots	imazen-26-png-v3/png-v3/8000-lilith-mobile-screenshots/8012_mobile-screenshots_on-screen-keyboard_screenshot-20260526-070935-calculator_1080x2520.sdr.png	o7	4	32	1837	286.41811999841593	218.9540000000676	86.213	
8000-lilith-mobile-screenshots	imazen-26-png-v3/png-v3/8000-lilith-mobile-screenshots/8012_mobile-screenshots_on-screen-keyboard_screenshot-20260526-070935-calculator_1080x2520.sdr.png	o7	4	44	1301	225.5711889883969	178.43600000000492	69.860	
8000-lilith-mobile-screenshots	imazen-26-png-v3/png-v3/8000-lilith-mobile-screenshots/8012_mobile-screenshots_on-screen-keyboard_screenshot-20260526-070935-calculator_1080x2520.sdr.png	o7	6	20	3658	265.8983309956966	102.12300000002017	91.710	
8000-lilith-mobile-screenshots	imazen-26-png-v3/png-v3/8000-lilith-mobile-screenshots/8012_mobile-screenshots_on-screen-keyboard_screenshot-20260526-070935-calculator_1080x2520.sdr.png	o7	6	32	2752	296.70431299018674	130.86199999999337	87.718	
8000-lilith-mobile-screenshots	imazen-26-png-v3/png-v3/8000-lilith-mobile-screenshots/8012_mobile-screenshots_on-screen-keyboard_screenshot-20260526-070935-calculator_1080x2520.sdr.png	o7	6	44	1947	200.5051279993495	123.9559999999642	74.354	
8000-lilith-mobile-screenshots	imazen-26-png-v3/png-v3/8000-lilith-mobile-screenshots/8012_mobile-screenshots_on-screen-keyboard_screenshot-20260526-070935-calculator_1080x2520.sdr.png	o7	8	20	3723	194.32940900151152	54.22500000003083	91.282	
8000-lilith-mobile-screenshots	imazen-26-png-v3/png-v3/8000-lilith-mobile-screenshots/8012_mobile-screenshots_on-screen-keyboard_screenshot-20260526-070935-calculator_1080x2520.sdr.png	o7	8	32	2942	106.09716299222782	61.79600000000107	84.828	
8000-lilith-mobile-screenshots	imazen-26-png-v3/png-v3/8000-lilith-mobile-screenshots/8012_mobile-screenshots_on-screen-keyboard_screenshot-20260526-070935-calculator_1080x2520.sdr.png	o7	8	44	1992	118.54764699819498	102.40400000006389	73.555	
8000-lilith-mobile-screenshots	imazen-26-png-v3/png-v3/8000-lilith-mobile-screenshots/8012_mobile-screenshots_on-screen-keyboard_screenshot-20260526-070935-calculator_1080x2520.sdr.png	o7	10	20	3687	296.720213998924	186.40300000001275	91.512	
8000-lilith-mobile-screenshots	imazen-26-png-v3/png-v3/8000-lilith-mobile-screenshots/8012_mobile-screenshots_on-screen-keyboard_screenshot-20260526-070935-calculator_1080x2520.sdr.png	o7	10	32	2891	311.65316299302503	97.73599999996918	84.859	
8000-lilith-mobile-screenshots	imazen-26-png-v3/png-v3/8000-lilith-mobile-screenshots/8012_mobile-screenshots_on-screen-keyboard_screenshot-20260526-070935-calculator_1080x2520.sdr.png	o7	10	44	2034	359.5526449935278	281.1370000000437	74.264	
8000-lilith-mobile-screenshots	imazen-26-png-v3/png-v3/8000-lilith-mobile-screenshots/8012_mobile-screenshots_on-screen-keyboard_screenshot-20260526-070935-calculator_1080x2520.sdr.png	o8	4	20	2493	289.50339899165556	173.53400000000363	90.482	
8000-lilith-mobile-screenshots	imazen-26-png-v3/png-v3/8000-lilith-mobile-screenshots/8012_mobile-screenshots_on-screen-keyboard_screenshot-20260526-070935-calculator_1080x2520.sdr.png	o8	4	32	1781	262.14947299740743	177.9269999999542	85.492	
8000-lilith-mobile-screenshots	imazen-26-png-v3/png-v3/8000-lilith-mobile-screenshots/8012_mobile-screenshots_on-screen-keyboard_screenshot-20260526-070935-calculator_1080x2520.sdr.png	o8	4	44	1183	388.8864819891751	312.7759999999853	69.600	
8000-lilith-mobile-screenshots	imazen-26-png-v3/png-v3/8000-lilith-mobile-screenshots/8012_mobile-screenshots_on-screen-keyboard_screenshot-20260526-070935-calculator_1080x2520.sdr.png	o8	6	20	3601	107.59211199183483	59.598000000022466	91.533	
8000-lilith-mobile-screenshots	imazen-26-png-v3/png-v3/8000-lilith-mobile-screenshots/8012_mobile-screenshots_on-screen-keyboard_screenshot-20260526-070935-calculator_1080x2520.sdr.png	o8	6	32	2595	284.75580300437286	195.46600000002456	87.061	
8000-lilith-mobile-screenshots	imazen-26-png-v3/png-v3/8000-lilith-mobile-screenshots/8012_mobile-screenshots_on-screen-keyboard_screenshot-20260526-070935-calculator_1080x2520.sdr.png	o8	6	44	1865	136.68330700602382	68.38400000000888	75.170	
8000-lilith-mobile-screenshots	imazen-26-png-v3/png-v3/8000-lilith-mobile-screenshots/8012_mobile-screenshots_on-screen-keyboard_screenshot-20260526-070935-calculator_1080x2520.sdr.png	o8	8	20	3701	249.4305889995303	169.99199999999348	90.790	
8000-lilith-mobile-screenshots	imazen-26-png-v3/png-v3/8000-lilith-mobile-screenshots/8012_mobile-screenshots_on-screen-keyboard_screenshot-20260526-070935-calculator_1080x2520.sdr.png	o8	8	32	2855	143.47760900272988	105.98599999998726	84.550	
8000-lilith-mobile-screenshots	imazen-26-png-v3/png-v3/8000-lilith-mobile-screenshots/8012_mobile-screenshots_on-screen-keyboard_screenshot-20260526-070935-calculator_1080x2520.sdr.png	o8	8	44	1855	198.44722900597844	46.29200000003664	69.974	
8000-lilith-mobile-screenshots	imazen-26-png-v3/png-v3/8000-lilith-mobile-screenshots/8012_mobile-screenshots_on-screen-keyboard_screenshot-20260526-070935-calculator_1080x2520.sdr.png	o8	10	20	3670	483.2436099968618	208.11499999997807	91.252	
8000-lilith-mobile-screenshots	imazen-26-png-v3/png-v3/8000-lilith-mobile-screenshots/8012_mobile-screenshots_on-screen-keyboard_screenshot-20260526-070935-calculator_1080x2520.sdr.png	o8	10	32	2843	304.12823299411684	223.38100000000338	84.650	
8000-lilith-mobile-screenshots	imazen-26-png-v3/png-v3/8000-lilith-mobile-screenshots/8012_mobile-screenshots_on-screen-keyboard_screenshot-20260526-070935-calculator_1080x2520.sdr.png	o8	10	44	1938	275.7584270002553	132.92499999998597	69.139	
8000-lilith-mobile-screenshots	imazen-26-png-v3/png-v3/8000-lilith-mobile-screenshots/8012_mobile-screenshots_on-screen-keyboard_screenshot-20260526-070935-calculator_1080x2520.sdr.png	o7ac	4	20	2546	204.6683530061273	552.843999999979	90.802	
8000-lilith-mobile-screenshots	imazen-26-png-v3/png-v3/8000-lilith-mobile-screenshots/8012_mobile-screenshots_on-screen-keyboard_screenshot-20260526-070935-calculator_1080x2520.sdr.png	o7ac	4	32	1875	225.27955600526184	616.0309999999924	86.068	
8000-lilith-mobile-screenshots	imazen-26-png-v3/png-v3/8000-lilith-mobile-screenshots/8012_mobile-screenshots_on-screen-keyboard_screenshot-20260526-070935-calculator_1080x2520.sdr.png	o7ac	4	44	1301	148.4333609987516	522.32699999999	69.865	
8000-lilith-mobile-screenshots	imazen-26-png-v3/png-v3/8000-lilith-mobile-screenshots/8012_mobile-screenshots_on-screen-keyboard_screenshot-20260526-070935-calculator_1080x2520.sdr.png	o7ac	6	20	3664	60.587718995520845	181.78700000002834	91.722	
8000-lilith-mobile-screenshots	imazen-26-png-v3/png-v3/8000-lilith-mobile-screenshots/8012_mobile-screenshots_on-screen-keyboard_screenshot-20260526-070935-calculator_1080x2520.sdr.png	o7ac	6	32	2754	80.69901101407595	190.55899999997905	87.738	
8000-lilith-mobile-screenshots	imazen-26-png-v3/png-v3/8000-lilith-mobile-screenshots/8012_mobile-screenshots_on-screen-keyboard_screenshot-20260526-070935-calculator_1080x2520.sdr.png	o7ac	6	44	1947	37.163966000662185	71.27300000001924	74.407	
8000-lilith-mobile-screenshots	imazen-26-png-v3/png-v3/8000-lilith-mobile-screenshots/8012_mobile-screenshots_on-screen-keyboard_screenshot-20260526-070935-calculator_1080x2520.sdr.png	o7ac	8	20	3731	223.2022600073833	373.7459999999828	91.395	
8000-lilith-mobile-screenshots	imazen-26-png-v3/png-v3/8000-lilith-mobile-screenshots/8012_mobile-screenshots_on-screen-keyboard_screenshot-20260526-070935-calculator_1080x2520.sdr.png	o7ac	8	32	2946	107.73112600145396	333.15599999997403	84.834	
8000-lilith-mobile-screenshots	imazen-26-png-v3/png-v3/8000-lilith-mobile-screenshots/8012_mobile-screenshots_on-screen-keyboard_screenshot-20260526-070935-calculator_1080x2520.sdr.png	o7ac	8	44	1992	371.0903259925544	75.618999999989	73.555	
8000-lilith-mobile-screenshots	imazen-26-png-v3/png-v3/8000-lilith-mobile-screenshots/8012_mobile-screenshots_on-screen-keyboard_screenshot-20260526-070935-calculator_1080x2520.sdr.png	o7ac	10	20	3687	510.75298100477085	19.207999999977687	91.512	
8000-lilith-mobile-screenshots	imazen-26-png-v3/png-v3/8000-lilith-mobile-screenshots/8012_mobile-screenshots_on-screen-keyboard_screenshot-20260526-070935-calculator_1080x2520.sdr.png	o7ac	10	32	2890	173.6446180002531	172.75800000003017	84.871	
8000-lilith-mobile-screenshots	imazen-26-png-v3/png-v3/8000-lilith-mobile-screenshots/8012_mobile-screenshots_on-screen-keyboard_screenshot-20260526-070935-calculator_1080x2520.sdr.png	o7ac	10	44	2030	122.48154800909106	172.75800000003017	74.346	
8100-lilith-web-screenshots	imazen-26-png-v3/png-v3/8100-lilith-web-screenshots/1440x900/8106_web-screenshots_climate-news_dpr1_page1_1440x900.sdr.png	t1	4	20	16091	209.65468299982604	517.1109999999999	82.668	
8100-lilith-web-screenshots	imazen-26-png-v3/png-v3/8100-lilith-web-screenshots/1440x900/8106_web-screenshots_climate-news_dpr1_page1_1440x900.sdr.png	t1	4	32	10646	173.29420300666243	288.8009999999781	70.010	
8100-lilith-web-screenshots	imazen-26-png-v3/png-v3/8100-lilith-web-screenshots/1440x900/8106_web-screenshots_climate-news_dpr1_page1_1440x900.sdr.png	t1	4	44	6698	217.78068398998585	653.9489999999546	44.383	
8100-lilith-web-screenshots	imazen-26-png-v3/png-v3/8100-lilith-web-screenshots/1440x900/8106_web-screenshots_climate-news_dpr1_page1_1440x900.sdr.png	t1	6	20	17845	112.7544159971876	233.08099999997012	82.344	
8100-lilith-web-screenshots	imazen-26-png-v3/png-v3/8100-lilith-web-screenshots/1440x900/8106_web-screenshots_climate-news_dpr1_page1_1440x900.sdr.png	t1	6	32	12287	130.33512099354994	437.6980000000117	70.102	
8100-lilith-web-screenshots	imazen-26-png-v3/png-v3/8100-lilith-web-screenshots/1440x900/8106_web-screenshots_climate-news_dpr1_page1_1440x900.sdr.png	t1	6	44	7616	172.02740799984895	282.22799999998927	42.344	
8100-lilith-web-screenshots	imazen-26-png-v3/png-v3/8100-lilith-web-screenshots/1440x900/8106_web-screenshots_climate-news_dpr1_page1_1440x900.sdr.png	t1	8	20	25733	52.11037000117358	56.94999999998629	81.725	
8100-lilith-web-screenshots	imazen-26-png-v3/png-v3/8100-lilith-web-screenshots/1440x900/8106_web-screenshots_climate-news_dpr1_page1_1440x900.sdr.png	t1	8	32	15930	624.5022749935742	59.39099999997666	66.793	
8100-lilith-web-screenshots	imazen-26-png-v3/png-v3/8100-lilith-web-screenshots/1440x900/8106_web-screenshots_climate-news_dpr1_page1_1440x900.sdr.png	t1	8	44	8089	528.0945539998356	89.09300000001963	36.002	
8100-lilith-web-screenshots	imazen-26-png-v3/png-v3/8100-lilith-web-screenshots/1440x900/8106_web-screenshots_climate-news_dpr1_page1_1440x900.sdr.png	t1	10	20	29384	281.9164109969279	130.99900000000275	81.166	
8100-lilith-web-screenshots	imazen-26-png-v3/png-v3/8100-lilith-web-screenshots/1440x900/8106_web-screenshots_climate-news_dpr1_page1_1440x900.sdr.png	t1	10	32	18139	174.74229299114086	104.13499999998521	65.546	
8100-lilith-web-screenshots	imazen-26-png-v3/png-v3/8100-lilith-web-screenshots/1440x900/8106_web-screenshots_climate-news_dpr1_page1_1440x900.sdr.png	t1	10	44	8522	144.12828600325156	87.5870000000134	32.974	
8100-lilith-web-screenshots	imazen-26-png-v3/png-v3/8100-lilith-web-screenshots/1440x900/8106_web-screenshots_climate-news_dpr1_page1_1440x900.sdr.png	t3	4	20	17877	204.72733600763604	318.9150000000467	85.463	
8100-lilith-web-screenshots	imazen-26-png-v3/png-v3/8100-lilith-web-screenshots/1440x900/8106_web-screenshots_climate-news_dpr1_page1_1440x900.sdr.png	t3	4	32	12689	240.16591500549112	647.5129999999751	78.085	
8100-lilith-web-screenshots	imazen-26-png-v3/png-v3/8100-lilith-web-screenshots/1440x900/8106_web-screenshots_climate-news_dpr1_page1_1440x900.sdr.png	t3	4	44	7409	239.85810099111404	647.5129999999751	57.690	
8100-lilith-web-screenshots	imazen-26-png-v3/png-v3/8100-lilith-web-screenshots/1440x900/8106_web-screenshots_climate-news_dpr1_page1_1440x900.sdr.png	t3	6	20	20228	152.1149729960598	235.3740000000073	85.278	
8100-lilith-web-screenshots	imazen-26-png-v3/png-v3/8100-lilith-web-screenshots/1440x900/8106_web-screenshots_climate-news_dpr1_page1_1440x900.sdr.png	t3	6	32	14366	279.45207100128755	177.40099999997483	78.226	
8100-lilith-web-screenshots	imazen-26-png-v3/png-v3/8100-lilith-web-screenshots/1440x900/8106_web-screenshots_climate-news_dpr1_page1_1440x900.sdr.png	t3	6	44	8375	183.49127800320275	54.861999999985755	57.437	
8100-lilith-web-screenshots	imazen-26-png-v3/png-v3/8100-lilith-web-screenshots/1440x900/8106_web-screenshots_climate-news_dpr1_page1_1440x900.sdr.png	t3	8	20	21877	291.54992499388754	106.09599999997954	85.255	
8100-lilith-web-screenshots	imazen-26-png-v3/png-v3/8100-lilith-web-screenshots/1440x900/8106_web-screenshots_climate-news_dpr1_page1_1440x900.sdr.png	t3	8	32	15268	166.208907001419	80.01200000001063	76.425	
8100-lilith-web-screenshots	imazen-26-png-v3/png-v3/8100-lilith-web-screenshots/1440x900/8106_web-screenshots_climate-news_dpr1_page1_1440x900.sdr.png	t3	8	44	8885	205.86187101434916	89.17599999999481	58.565	
8100-lilith-web-screenshots	imazen-26-png-v3/png-v3/8100-lilith-web-screenshots/1440x900/8106_web-screenshots_climate-news_dpr1_page1_1440x900.sdr.png	t3	10	20	22297	184.17321200831793	111.53099999994254	85.280	
8100-lilith-web-screenshots	imazen-26-png-v3/png-v3/8100-lilith-web-screenshots/1440x900/8106_web-screenshots_climate-news_dpr1_page1_1440x900.sdr.png	t3	10	32	15945	169.18365699530113	131.27000000000066	76.125	
8100-lilith-web-screenshots	imazen-26-png-v3/png-v3/8100-lilith-web-screenshots/1440x900/8106_web-screenshots_climate-news_dpr1_page1_1440x900.sdr.png	t3	10	44	9109	573.9855019928655	602.887999999993	54.375	
8100-lilith-web-screenshots	imazen-26-png-v3/png-v3/8100-lilith-web-screenshots/1440x900/8106_web-screenshots_climate-news_dpr1_page1_1440x900.sdr.png	o6	4	20	17265	254.92152699735016	275.04099999998743	85.243	
8100-lilith-web-screenshots	imazen-26-png-v3/png-v3/8100-lilith-web-screenshots/1440x900/8106_web-screenshots_climate-news_dpr1_page1_1440x900.sdr.png	o6	4	32	12115	365.2021540037822	452.03099999999097	76.871	
8100-lilith-web-screenshots	imazen-26-png-v3/png-v3/8100-lilith-web-screenshots/1440x900/8106_web-screenshots_climate-news_dpr1_page1_1440x900.sdr.png	o6	4	44	6943	496.1153140029637	502.8470000000027	55.825	
8100-lilith-web-screenshots	imazen-26-png-v3/png-v3/8100-lilith-web-screenshots/1440x900/8106_web-screenshots_climate-news_dpr1_page1_1440x900.sdr.png	o6	6	20	19597	217.85026699944865	275.2859999999657	85.124	
8100-lilith-web-screenshots	imazen-26-png-v3/png-v3/8100-lilith-web-screenshots/1440x900/8106_web-screenshots_climate-news_dpr1_page1_1440x900.sdr.png	o6	6	32	13806	414.90288700151723	341.0219999999953	76.900	
8100-lilith-web-screenshots	imazen-26-png-v3/png-v3/8100-lilith-web-screenshots/1440x900/8106_web-screenshots_climate-news_dpr1_page1_1440x900.sdr.png	o6	6	44	7828	114.96939099743031	192.94800000001544	55.670	
8100-lilith-web-screenshots	imazen-26-png-v3/png-v3/8100-lilith-web-screenshots/1440x900/8106_web-screenshots_climate-news_dpr1_page1_1440x900.sdr.png	o6	8	20	21047	350.8569520054152	95.53699999997889	84.988	
8100-lilith-web-screenshots	imazen-26-png-v3/png-v3/8100-lilith-web-screenshots/1440x900/8106_web-screenshots_climate-news_dpr1_page1_1440x900.sdr.png	o6	8	32	14318	300.9665580029832	87.55399999999725	75.515	
8100-lilith-web-screenshots	imazen-26-png-v3/png-v3/8100-lilith-web-screenshots/1440x900/8106_web-screenshots_climate-news_dpr1_page1_1440x900.sdr.png	o6	8	44	8227	429.97131300217006	58.596999999991795	56.743	
8100-lilith-web-screenshots	imazen-26-png-v3/png-v3/8100-lilith-web-screenshots/1440x900/8106_web-screenshots_climate-news_dpr1_page1_1440x900.sdr.png	o6	10	20	21444	261.65798999136314	29.60900000002198	84.864	
8100-lilith-web-screenshots	imazen-26-png-v3/png-v3/8100-lilith-web-screenshots/1440x900/8106_web-screenshots_climate-news_dpr1_page1_1440x900.sdr.png	o6	10	32	14854	161.53915900213178	141.61699999998234	75.061	
8100-lilith-web-screenshots	imazen-26-png-v3/png-v3/8100-lilith-web-screenshots/1440x900/8106_web-screenshots_climate-news_dpr1_page1_1440x900.sdr.png	o6	10	44	8275	99.81163698830642	56.17899999994336	53.279	
8100-lilith-web-screenshots	imazen-26-png-v3/png-v3/8100-lilith-web-screenshots/1440x900/8106_web-screenshots_climate-news_dpr1_page1_1440x900.sdr.png	o7	4	20	16622	301.8944900104543	270.2469999999977	84.820	
8100-lilith-web-screenshots	imazen-26-png-v3/png-v3/8100-lilith-web-screenshots/1440x900/8106_web-screenshots_climate-news_dpr1_page1_1440x900.sdr.png	o7	4	32	11312	442.4034230032703	459.6140000000162	75.206	
8100-lilith-web-screenshots	imazen-26-png-v3/png-v3/8100-lilith-web-screenshots/1440x900/8106_web-screenshots_climate-news_dpr1_page1_1440x900.sdr.png	o7	4	44	6558	401.78569698764477	639.2659999999779	50.439	
8100-lilith-web-screenshots	imazen-26-png-v3/png-v3/8100-lilith-web-screenshots/1440x900/8106_web-screenshots_climate-news_dpr1_page1_1440x900.sdr.png	o7	6	20	18974	133.02233499416616	280.1979999999986	84.547	
8100-lilith-web-screenshots	imazen-26-png-v3/png-v3/8100-lilith-web-screenshots/1440x900/8106_web-screenshots_climate-news_dpr1_page1_1440x900.sdr.png	o7	6	32	13047	174.33152301236987	252.15499999997348	74.889	
8100-lilith-web-screenshots	imazen-26-png-v3/png-v3/8100-lilith-web-screenshots/1440x900/8106_web-screenshots_climate-news_dpr1_page1_1440x900.sdr.png	o7	6	44	7412	163.91580300114583	95.53600000005247	51.721	
8100-lilith-web-screenshots	imazen-26-png-v3/png-v3/8100-lilith-web-screenshots/1440x900/8106_web-screenshots_climate-news_dpr1_page1_1440x900.sdr.png	o7	8	20	20252	485.8520340058021	64.17799999996987	84.241	
8100-lilith-web-screenshots	imazen-26-png-v3/png-v3/8100-lilith-web-screenshots/1440x900/8106_web-screenshots_climate-news_dpr1_page1_1440x900.sdr.png	o7	8	32	13532	208.4258190006949	24.375000000006253	73.273	
8100-lilith-web-screenshots	imazen-26-png-v3/png-v3/8100-lilith-web-screenshots/1440x900/8106_web-screenshots_climate-news_dpr1_page1_1440x900.sdr.png	o7	8	44	7738	485.76256399974227	156.2579999999798	49.737	
8100-lilith-web-screenshots	imazen-26-png-v3/png-v3/8100-lilith-web-screenshots/1440x900/8106_web-screenshots_climate-news_dpr1_page1_1440x900.sdr.png	o7	10	20	20418	374.5460790087236	101.07499999996605	83.867	
8100-lilith-web-screenshots	imazen-26-png-v3/png-v3/8100-lilith-web-screenshots/1440x900/8106_web-screenshots_climate-news_dpr1_page1_1440x900.sdr.png	o7	10	32	13883	129.43609400826972	96.27800000002651	72.333	
8100-lilith-web-screenshots	imazen-26-png-v3/png-v3/8100-lilith-web-screenshots/1440x900/8106_web-screenshots_climate-news_dpr1_page1_1440x900.sdr.png	o7	10	44	7737	141.84659300372005	123.147000000003	50.016	
8100-lilith-web-screenshots	imazen-26-png-v3/png-v3/8100-lilith-web-screenshots/1440x900/8106_web-screenshots_climate-news_dpr1_page1_1440x900.sdr.png	o8	4	20	16210	279.34001899848226	343.9029999999832	83.966	
8100-lilith-web-screenshots	imazen-26-png-v3/png-v3/8100-lilith-web-screenshots/1440x900/8106_web-screenshots_climate-news_dpr1_page1_1440x900.sdr.png	o8	4	32	10930	385.6443650001893	729.3349999999776	73.097	
8100-lilith-web-screenshots	imazen-26-png-v3/png-v3/8100-lilith-web-screenshots/1440x900/8106_web-screenshots_climate-news_dpr1_page1_1440x900.sdr.png	o8	4	44	6289	201.9705599959707	368.4420000000017	48.090	
8100-lilith-web-screenshots	imazen-26-png-v3/png-v3/8100-lilith-web-screenshots/1440x900/8106_web-screenshots_climate-news_dpr1_page1_1440x900.sdr.png	o8	6	20	18418	278.7150920048589	429.3540000000462	83.876	
8100-lilith-web-screenshots	imazen-26-png-v3/png-v3/8100-lilith-web-screenshots/1440x900/8106_web-screenshots_climate-news_dpr1_page1_1440x900.sdr.png	o8	6	32	12584	242.42564699670766	381.41600000000153	73.354	
8100-lilith-web-screenshots	imazen-26-png-v3/png-v3/8100-lilith-web-screenshots/1440x900/8106_web-screenshots_climate-news_dpr1_page1_1440x900.sdr.png	o8	6	44	7099	517.7453099895502	205.3919999999465	49.517	
8100-lilith-web-screenshots	imazen-26-png-v3/png-v3/8100-lilith-web-screenshots/1440x900/8106_web-screenshots_climate-news_dpr1_page1_1440x900.sdr.png	o8	8	20	19754	451.25683599326294	134.71599999994055	83.503	
8100-lilith-web-screenshots	imazen-26-png-v3/png-v3/8100-lilith-web-screenshots/1440x900/8106_web-screenshots_climate-news_dpr1_page1_1440x900.sdr.png	o8	8	32	13013	409.1502540104557	38.061999999939644	71.895	
8100-lilith-web-screenshots	imazen-26-png-v3/png-v3/8100-lilith-web-screenshots/1440x900/8106_web-screenshots_climate-news_dpr1_page1_1440x900.sdr.png	o8	8	44	7414	211.35178599797655	98.66500000002532	46.241	
8100-lilith-web-screenshots	imazen-26-png-v3/png-v3/8100-lilith-web-screenshots/1440x900/8106_web-screenshots_climate-news_dpr1_page1_1440x900.sdr.png	o8	10	20	19865	230.29326600953937	90.29399999994325	83.172	
8100-lilith-web-screenshots	imazen-26-png-v3/png-v3/8100-lilith-web-screenshots/1440x900/8106_web-screenshots_climate-news_dpr1_page1_1440x900.sdr.png	o8	10	32	13388	287.2070579905994	86.37000000005912	70.457	
8100-lilith-web-screenshots	imazen-26-png-v3/png-v3/8100-lilith-web-screenshots/1440x900/8106_web-screenshots_climate-news_dpr1_page1_1440x900.sdr.png	o8	10	44	7412	178.96061400824692	64.92299999997897	47.455	
8100-lilith-web-screenshots	imazen-26-png-v3/png-v3/8100-lilith-web-screenshots/1440x900/8106_web-screenshots_climate-news_dpr1_page1_1440x900.sdr.png	o7ac	4	20	16657	316.79038899892475	280.51499999997986	84.762	
8100-lilith-web-screenshots	imazen-26-png-v3/png-v3/8100-lilith-web-screenshots/1440x900/8106_web-screenshots_climate-news_dpr1_page1_1440x900.sdr.png	o7ac	4	32	11357	392.20327998918947	589.9740000000406	75.115	
8100-lilith-web-screenshots	imazen-26-png-v3/png-v3/8100-lilith-web-screenshots/1440x900/8106_web-screenshots_climate-news_dpr1_page1_1440x900.sdr.png	o7ac	4	44	6597	270.5075350095285	381.0650000000493	50.442	
8100-lilith-web-screenshots	imazen-26-png-v3/png-v3/8100-lilith-web-screenshots/1440x900/8106_web-screenshots_climate-news_dpr1_page1_1440x900.sdr.png	o7ac	6	20	18924	284.9947369977599	156.08199999998362	84.598	
8100-lilith-web-screenshots	imazen-26-png-v3/png-v3/8100-lilith-web-screenshots/1440x900/8106_web-screenshots_climate-news_dpr1_page1_1440x900.sdr.png	o7ac	6	32	13076	129.03646600898355	173.62200000003725	75.082	
8100-lilith-web-screenshots	imazen-26-png-v3/png-v3/8100-lilith-web-screenshots/1440x900/8106_web-screenshots_climate-news_dpr1_page1_1440x900.sdr.png	o7ac	6	44	7407	239.58666500402614	247.68600000001584	52.666	
8100-lilith-web-screenshots	imazen-26-png-v3/png-v3/8100-lilith-web-screenshots/1440x900/8106_web-screenshots_climate-news_dpr1_page1_1440x900.sdr.png	o7ac	8	20	20262	283.74608600279316	277.7640000000048	84.236	
8100-lilith-web-screenshots	imazen-26-png-v3/png-v3/8100-lilith-web-screenshots/1440x900/8106_web-screenshots_climate-news_dpr1_page1_1440x900.sdr.png	o7ac	8	32	13540	178.92192098952364	174.04899999999657	73.265	
8100-lilith-web-screenshots	imazen-26-png-v3/png-v3/8100-lilith-web-screenshots/1440x900/8106_web-screenshots_climate-news_dpr1_page1_1440x900.sdr.png	o7ac	8	44	7766	59.389422996900976	36.908999999965886	51.314	
8100-lilith-web-screenshots	imazen-26-png-v3/png-v3/8100-lilith-web-screenshots/1440x900/8106_web-screenshots_climate-news_dpr1_page1_1440x900.sdr.png	o7ac	10	20	20407	678.1276719993912	216.75200000002803	83.879	
8100-lilith-web-screenshots	imazen-26-png-v3/png-v3/8100-lilith-web-screenshots/1440x900/8106_web-screenshots_climate-news_dpr1_page1_1440x900.sdr.png	o7ac	10	32	13879	344.9113109963946	71.11999999999341	72.334	
8100-lilith-web-screenshots	imazen-26-png-v3/png-v3/8100-lilith-web-screenshots/1440x900/8106_web-screenshots_climate-news_dpr1_page1_1440x900.sdr.png	o7ac	10	44	7737	293.5454449907411	40.74500000002956	50.016	
8100-lilith-web-screenshots	imazen-26-png-v3/png-v3/8100-lilith-web-screenshots/2880x1800/8267_web-screenshots_usgs-topoview_dpr2_page1_2880x1800.sdr.png	t1	4	20	21213	369.8447100032354	510.1629999999773	80.977	
8100-lilith-web-screenshots	imazen-26-png-v3/png-v3/8100-lilith-web-screenshots/2880x1800/8267_web-screenshots_usgs-topoview_dpr2_page1_2880x1800.sdr.png	t1	4	32	12731	323.82595899980515	456.0290000000009	63.605	
8100-lilith-web-screenshots	imazen-26-png-v3/png-v3/8100-lilith-web-screenshots/2880x1800/8267_web-screenshots_usgs-topoview_dpr2_page1_2880x1800.sdr.png	t1	4	44	7129	416.1714570072945	677.0479999999566	34.495	
8100-lilith-web-screenshots	imazen-26-png-v3/png-v3/8100-lilith-web-screenshots/2880x1800/8267_web-screenshots_usgs-topoview_dpr2_page1_2880x1800.sdr.png	t1	6	20	24936	261.7102789954515	282.09900000001653	81.085	
8100-lilith-web-screenshots	imazen-26-png-v3/png-v3/8100-lilith-web-screenshots/2880x1800/8267_web-screenshots_usgs-topoview_dpr2_page1_2880x1800.sdr.png	t1	6	32	14744	332.8730000066571	243.5000000000116	62.950	
8100-lilith-web-screenshots	imazen-26-png-v3/png-v3/8100-lilith-web-screenshots/2880x1800/8267_web-screenshots_usgs-topoview_dpr2_page1_2880x1800.sdr.png	t1	6	44	7961	424.7000030009076	404.26199999996015	35.114	
8100-lilith-web-screenshots	imazen-26-png-v3/png-v3/8100-lilith-web-screenshots/2880x1800/8267_web-screenshots_usgs-topoview_dpr2_page1_2880x1800.sdr.png	t1	8	20	27583	158.98334600206	124.24299999997857	79.734	
8100-lilith-web-screenshots	imazen-26-png-v3/png-v3/8100-lilith-web-screenshots/2880x1800/8267_web-screenshots_usgs-topoview_dpr2_page1_2880x1800.sdr.png	t1	8	32	15976	133.7030270078685	205.89700000002154	63.272	
8100-lilith-web-screenshots	imazen-26-png-v3/png-v3/8100-lilith-web-screenshots/2880x1800/8267_web-screenshots_usgs-topoview_dpr2_page1_2880x1800.sdr.png	t1	8	44	7928	159.27244500198867	194.85199999996894	32.518	
8100-lilith-web-screenshots	imazen-26-png-v3/png-v3/8100-lilith-web-screenshots/2880x1800/8267_web-screenshots_usgs-topoview_dpr2_page1_2880x1800.sdr.png	t1	10	20	29787	557.2244220093125	189.15099999996698	78.349	
8100-lilith-web-screenshots	imazen-26-png-v3/png-v3/8100-lilith-web-screenshots/2880x1800/8267_web-screenshots_usgs-topoview_dpr2_page1_2880x1800.sdr.png	t1	10	32	16802	444.35312499990687	128.1749999999846	63.026	
8100-lilith-web-screenshots	imazen-26-png-v3/png-v3/8100-lilith-web-screenshots/2880x1800/8267_web-screenshots_usgs-topoview_dpr2_page1_2880x1800.sdr.png	t1	10	44	8172	346.1128729977645	203.2700000000034	32.275	
8100-lilith-web-screenshots	imazen-26-png-v3/png-v3/8100-lilith-web-screenshots/2880x1800/8267_web-screenshots_usgs-topoview_dpr2_page1_2880x1800.sdr.png	t3	4	20	24228	321.31113299692515	369.578999999959	84.738	
8100-lilith-web-screenshots	imazen-26-png-v3/png-v3/8100-lilith-web-screenshots/2880x1800/8267_web-screenshots_usgs-topoview_dpr2_page1_2880x1800.sdr.png	t3	4	32	15876	491.5893379948102	1192.3969999999854	74.517	
8100-lilith-web-screenshots	imazen-26-png-v3/png-v3/8100-lilith-web-screenshots/2880x1800/8267_web-screenshots_usgs-topoview_dpr2_page1_2880x1800.sdr.png	t3	4	44	8833	420.8622150035808	901.5120000000252	51.321	
8100-lilith-web-screenshots	imazen-26-png-v3/png-v3/8100-lilith-web-screenshots/2880x1800/8267_web-screenshots_usgs-topoview_dpr2_page1_2880x1800.sdr.png	t3	6	20	27518	152.94133199495263	386.3839999999925	85.084	
8100-lilith-web-screenshots	imazen-26-png-v3/png-v3/8100-lilith-web-screenshots/2880x1800/8267_web-screenshots_usgs-topoview_dpr2_page1_2880x1800.sdr.png	t3	6	32	18198	157.92703999613877	435.9789999999748	74.868	
8100-lilith-web-screenshots	imazen-26-png-v3/png-v3/8100-lilith-web-screenshots/2880x1800/8267_web-screenshots_usgs-topoview_dpr2_page1_2880x1800.sdr.png	t3	6	44	9984	102.85504600324202	287.72899999995616	52.780	
8100-lilith-web-screenshots	imazen-26-png-v3/png-v3/8100-lilith-web-screenshots/2880x1800/8267_web-screenshots_usgs-topoview_dpr2_page1_2880x1800.sdr.png	t3	8	20	29017	286.17418599606026	689.6010000000388	84.982	
8100-lilith-web-screenshots	imazen-26-png-v3/png-v3/8100-lilith-web-screenshots/2880x1800/8267_web-screenshots_usgs-topoview_dpr2_page1_2880x1800.sdr.png	t3	8	32	19387	418.1367790006334	697.0019999999977	74.615	
8100-lilith-web-screenshots	imazen-26-png-v3/png-v3/8100-lilith-web-screenshots/2880x1800/8267_web-screenshots_usgs-topoview_dpr2_page1_2880x1800.sdr.png	t3	8	44	10483	124.13710200053174	115.91900000001942	51.907	
8100-lilith-web-screenshots	imazen-26-png-v3/png-v3/8100-lilith-web-screenshots/2880x1800/8267_web-screenshots_usgs-topoview_dpr2_page1_2880x1800.sdr.png	t3	10	20	30374	145.50799499556888	70.78200000002255	84.383	
8100-lilith-web-screenshots	imazen-26-png-v3/png-v3/8100-lilith-web-screenshots/2880x1800/8267_web-screenshots_usgs-topoview_dpr2_page1_2880x1800.sdr.png	t3	10	32	20004	171.48696100048255	177.97600000001523	73.981	
8100-lilith-web-screenshots	imazen-26-png-v3/png-v3/8100-lilith-web-screenshots/2880x1800/8267_web-screenshots_usgs-topoview_dpr2_page1_2880x1800.sdr.png	t3	10	44	10856	153.43184300581925	105.03099999998255	50.434	
8100-lilith-web-screenshots	imazen-26-png-v3/png-v3/8100-lilith-web-screenshots/2880x1800/8267_web-screenshots_usgs-topoview_dpr2_page1_2880x1800.sdr.png	o6	4	20	23330	454.56078999268357	388.55999999998403	83.846	
8100-lilith-web-screenshots	imazen-26-png-v3/png-v3/8100-lilith-web-screenshots/2880x1800/8267_web-screenshots_usgs-topoview_dpr2_page1_2880x1800.sdr.png	o6	4	32	14812	570.1453499932541	836.5890000000036	71.658	
8100-lilith-web-screenshots	imazen-26-png-v3/png-v3/8100-lilith-web-screenshots/2880x1800/8267_web-screenshots_usgs-topoview_dpr2_page1_2880x1800.sdr.png	o6	4	44	8202	275.11969399347436	498.87300000000323	47.734	
8100-lilith-web-screenshots	imazen-26-png-v3/png-v3/8100-lilith-web-screenshots/2880x1800/8267_web-screenshots_usgs-topoview_dpr2_page1_2880x1800.sdr.png	o6	6	20	26717	390.5832939926768	834.1790000000202	84.618	
8100-lilith-web-screenshots	imazen-26-png-v3/png-v3/8100-lilith-web-screenshots/2880x1800/8267_web-screenshots_usgs-topoview_dpr2_page1_2880x1800.sdr.png	o6	6	32	16865	218.79617299418896	109.29299999999387	72.294	
8100-lilith-web-screenshots	imazen-26-png-v3/png-v3/8100-lilith-web-screenshots/2880x1800/8267_web-screenshots_usgs-topoview_dpr2_page1_2880x1800.sdr.png	o6	6	44	9194	194.63684399670456	97.13900000002695	50.076	
8100-lilith-web-screenshots	imazen-26-png-v3/png-v3/8100-lilith-web-screenshots/2880x1800/8267_web-screenshots_usgs-topoview_dpr2_page1_2880x1800.sdr.png	o6	8	20	27983	527.1140409895452	290.35600000003114	84.401	
8100-lilith-web-screenshots	imazen-26-png-v3/png-v3/8100-lilith-web-screenshots/2880x1800/8267_web-screenshots_usgs-topoview_dpr2_page1_2880x1800.sdr.png	o6	8	32	18141	331.18048499454744	193.00000000004047	72.747	
8100-lilith-web-screenshots	imazen-26-png-v3/png-v3/8100-lilith-web-screenshots/2880x1800/8267_web-screenshots_usgs-topoview_dpr2_page1_2880x1800.sdr.png	o6	8	44	9465	243.91816099523567	207.01799999999082	47.599	
8100-lilith-web-screenshots	imazen-26-png-v3/png-v3/8100-lilith-web-screenshots/2880x1800/8267_web-screenshots_usgs-topoview_dpr2_page1_2880x1800.sdr.png	o6	10	20	28981	165.85237100662198	224.60700000003442	83.691	
8100-lilith-web-screenshots	imazen-26-png-v3/png-v3/8100-lilith-web-screenshots/2880x1800/8267_web-screenshots_usgs-topoview_dpr2_page1_2880x1800.sdr.png	o6	10	32	18563	269.2507290048525	145.93400000002532	71.932	
8100-lilith-web-screenshots	imazen-26-png-v3/png-v3/8100-lilith-web-screenshots/2880x1800/8267_web-screenshots_usgs-topoview_dpr2_page1_2880x1800.sdr.png	o6	10	44	9755	126.82855299499352	131.68000000004554	45.961	
8100-lilith-web-screenshots	imazen-26-png-v3/png-v3/8100-lilith-web-screenshots/2880x1800/8267_web-screenshots_usgs-topoview_dpr2_page1_2880x1800.sdr.png	o7	4	20	22503	331.36968499457	319.4530000000242	83.429	
8100-lilith-web-screenshots	imazen-26-png-v3/png-v3/8100-lilith-web-screenshots/2880x1800/8267_web-screenshots_usgs-topoview_dpr2_page1_2880x1800.sdr.png	o7	4	32	13844	606.5151669899933	627.9089999999599	69.653	
8100-lilith-web-screenshots	imazen-26-png-v3/png-v3/8100-lilith-web-screenshots/2880x1800/8267_web-screenshots_usgs-topoview_dpr2_page1_2880x1800.sdr.png	o7	4	44	7549	475.23915900092106	815.6400000000019	44.426	
8100-lilith-web-screenshots	imazen-26-png-v3/png-v3/8100-lilith-web-screenshots/2880x1800/8267_web-screenshots_usgs-topoview_dpr2_page1_2880x1800.sdr.png	o7	6	20	25758	357.11408501083497	343.68300000001284	83.870	
8100-lilith-web-screenshots	imazen-26-png-v3/png-v3/8100-lilith-web-screenshots/2880x1800/8267_web-screenshots_usgs-topoview_dpr2_page1_2880x1800.sdr.png	o7	6	32	15622	305.44214700057637	594.9199999999877	70.574	
8100-lilith-web-screenshots	imazen-26-png-v3/png-v3/8100-lilith-web-screenshots/2880x1800/8267_web-screenshots_usgs-topoview_dpr2_page1_2880x1800.sdr.png	o7	6	44	8448	352.59851899172645	225.73900000001856	45.772	
8100-lilith-web-screenshots	imazen-26-png-v3/png-v3/8100-lilith-web-screenshots/2880x1800/8267_web-screenshots_usgs-topoview_dpr2_page1_2880x1800.sdr.png	o7	8	20	26834	316.4184220077004	152.1390000000622	83.288	
8100-lilith-web-screenshots	imazen-26-png-v3/png-v3/8100-lilith-web-screenshots/2880x1800/8267_web-screenshots_usgs-topoview_dpr2_page1_2880x1800.sdr.png	o7	8	32	16851	227.3152310081059	239.04899999996587	70.311	
8100-lilith-web-screenshots	imazen-26-png-v3/png-v3/8100-lilith-web-screenshots/2880x1800/8267_web-screenshots_usgs-topoview_dpr2_page1_2880x1800.sdr.png	o7	8	44	8620	186.55320300604217	136.55699999998205	43.167	
8100-lilith-web-screenshots	imazen-26-png-v3/png-v3/8100-lilith-web-screenshots/2880x1800/8267_web-screenshots_usgs-topoview_dpr2_page1_2880x1800.sdr.png	o7	10	20	27750	107.74869899614714	164.46299999995517	82.757	
8100-lilith-web-screenshots	imazen-26-png-v3/png-v3/8100-lilith-web-screenshots/2880x1800/8267_web-screenshots_usgs-topoview_dpr2_page1_2880x1800.sdr.png	o7	10	32	17262	168.94097600015812	197.4400000000145	69.666	
8100-lilith-web-screenshots	imazen-26-png-v3/png-v3/8100-lilith-web-screenshots/2880x1800/8267_web-screenshots_usgs-topoview_dpr2_page1_2880x1800.sdr.png	o7	10	44	8866	235.6997339957161	110.76200000002245	42.089	
8100-lilith-web-screenshots	imazen-26-png-v3/png-v3/8100-lilith-web-screenshots/2880x1800/8267_web-screenshots_usgs-topoview_dpr2_page1_2880x1800.sdr.png	o8	4	20	22345	367.7651410107501	313.1389999999783	83.201	
8100-lilith-web-screenshots	imazen-26-png-v3/png-v3/8100-lilith-web-screenshots/2880x1800/8267_web-screenshots_usgs-topoview_dpr2_page1_2880x1800.sdr.png	o8	4	32	13679	481.36292900016997	559.8719999999844	68.998	
8100-lilith-web-screenshots	imazen-26-png-v3/png-v3/8100-lilith-web-screenshots/2880x1800/8267_web-screenshots_usgs-topoview_dpr2_page1_2880x1800.sdr.png	o8	4	44	7518	580.8640949981054	674.3580000000406	43.113	
8100-lilith-web-screenshots	imazen-26-png-v3/png-v3/8100-lilith-web-screenshots/2880x1800/8267_web-screenshots_usgs-topoview_dpr2_page1_2880x1800.sdr.png	o8	6	20	25577	273.61928499885835	396.8179999999961	84.310	
8100-lilith-web-screenshots	imazen-26-png-v3/png-v3/8100-lilith-web-screenshots/2880x1800/8267_web-screenshots_usgs-topoview_dpr2_page1_2880x1800.sdr.png	o8	6	32	15441	215.62204499787185	344.38599999998587	70.076	
8100-lilith-web-screenshots	imazen-26-png-v3/png-v3/8100-lilith-web-screenshots/2880x1800/8267_web-screenshots_usgs-topoview_dpr2_page1_2880x1800.sdr.png	o8	6	44	8391	262.8136439889204	371.4409999999617	45.242	
8100-lilith-web-screenshots	imazen-26-png-v3/png-v3/8100-lilith-web-screenshots/2880x1800/8267_web-screenshots_usgs-topoview_dpr2_page1_2880x1800.sdr.png	o8	8	20	26605	292.2209500102326	405.0280000000015	82.789	
8100-lilith-web-screenshots	imazen-26-png-v3/png-v3/8100-lilith-web-screenshots/2880x1800/8267_web-screenshots_usgs-topoview_dpr2_page1_2880x1800.sdr.png	o8	8	32	16682	295.77175300801173	373.93699999996954	69.877	
8100-lilith-web-screenshots	imazen-26-png-v3/png-v3/8100-lilith-web-screenshots/2880x1800/8267_web-screenshots_usgs-topoview_dpr2_page1_2880x1800.sdr.png	o8	8	44	8528	200.49257400387432	151.54700000000787	42.679	
8100-lilith-web-screenshots	imazen-26-png-v3/png-v3/8100-lilith-web-screenshots/2880x1800/8267_web-screenshots_usgs-topoview_dpr2_page1_2880x1800.sdr.png	o8	10	20	27541	244.9679749988718	236.8889999999766	82.227	
8100-lilith-web-screenshots	imazen-26-png-v3/png-v3/8100-lilith-web-screenshots/2880x1800/8267_web-screenshots_usgs-topoview_dpr2_page1_2880x1800.sdr.png	o8	10	32	17058	110.89708900544792	265.4529999999937	69.120	
8100-lilith-web-screenshots	imazen-26-png-v3/png-v3/8100-lilith-web-screenshots/2880x1800/8267_web-screenshots_usgs-topoview_dpr2_page1_2880x1800.sdr.png	o8	10	44	8776	208.44475500052795	336.63599999995597	41.114	
8100-lilith-web-screenshots	imazen-26-png-v3/png-v3/8100-lilith-web-screenshots/2880x1800/8267_web-screenshots_usgs-topoview_dpr2_page1_2880x1800.sdr.png	o7ac	4	20	22480	716.0375649982598	599.0109999999618	83.395	
8100-lilith-web-screenshots	imazen-26-png-v3/png-v3/8100-lilith-web-screenshots/2880x1800/8267_web-screenshots_usgs-topoview_dpr2_page1_2880x1800.sdr.png	o7ac	4	32	13875	631.9574829976773	742.6369999999736	69.607	
8100-lilith-web-screenshots	imazen-26-png-v3/png-v3/8100-lilith-web-screenshots/2880x1800/8267_web-screenshots_usgs-topoview_dpr2_page1_2880x1800.sdr.png	o7ac	4	44	7562	580.3383059974294	736.526000000012	44.144	
8100-lilith-web-screenshots	imazen-26-png-v3/png-v3/8100-lilith-web-screenshots/2880x1800/8267_web-screenshots_usgs-topoview_dpr2_page1_2880x1800.sdr.png	o7ac	6	20	25816	293.99665199161973	287.4980000000278	84.259	
8100-lilith-web-screenshots	imazen-26-png-v3/png-v3/8100-lilith-web-screenshots/2880x1800/8267_web-screenshots_usgs-topoview_dpr2_page1_2880x1800.sdr.png	o7ac	6	32	15636	172.95522900531068	128.35699999999406	70.462	
8100-lilith-web-screenshots	imazen-26-png-v3/png-v3/8100-lilith-web-screenshots/2880x1800/8267_web-screenshots_usgs-topoview_dpr2_page1_2880x1800.sdr.png	o7ac	6	44	8480	127.97340701217763	196.99899999997683	46.253	
8100-lilith-web-screenshots	imazen-26-png-v3/png-v3/8100-lilith-web-screenshots/2880x1800/8267_web-screenshots_usgs-topoview_dpr2_page1_2880x1800.sdr.png	o7ac	8	20	26891	241.33661801170092	274.46999999995114	83.314	
8100-lilith-web-screenshots	imazen-26-png-v3/png-v3/8100-lilith-web-screenshots/2880x1800/8267_web-screenshots_usgs-topoview_dpr2_page1_2880x1800.sdr.png	o7ac	8	32	16881	185.22233499970753	227.1080000000012	70.462	
8100-lilith-web-screenshots	imazen-26-png-v3/png-v3/8100-lilith-web-screenshots/2880x1800/8267_web-screenshots_usgs-topoview_dpr2_page1_2880x1800.sdr.png	o7ac	8	44	8620	123.06806100241374	170.0779999999611	43.207	
8100-lilith-web-screenshots	imazen-26-png-v3/png-v3/8100-lilith-web-screenshots/2880x1800/8267_web-screenshots_usgs-topoview_dpr2_page1_2880x1800.sdr.png	o7ac	10	20	27740	160.57412800728343	176.10300000005452	82.724	
8100-lilith-web-screenshots	imazen-26-png-v3/png-v3/8100-lilith-web-screenshots/2880x1800/8267_web-screenshots_usgs-topoview_dpr2_page1_2880x1800.sdr.png	o7ac	10	32	17265	186.16378300066572	185.31699999998352	69.635	
8100-lilith-web-screenshots	imazen-26-png-v3/png-v3/8100-lilith-web-screenshots/2880x1800/8267_web-screenshots_usgs-topoview_dpr2_page1_2880x1800.sdr.png	o7ac	10	44	8890	392.5792739901226	151.71799999997404	42.134	
9000-lilith-ai-clipart	imazen-26-png-v3/png-v3/9000-lilith-ai-clipart/9036_gen_clipart_laptop-coffee_1024x1024.sdr.png	t1	4	20	12747	225.5231479939539	154.20999999997775	86.119	
9000-lilith-ai-clipart	imazen-26-png-v3/png-v3/9000-lilith-ai-clipart/9036_gen_clipart_laptop-coffee_1024x1024.sdr.png	t1	4	32	8407	348.48255300312303	239.04599999995924	78.449	
9000-lilith-ai-clipart	imazen-26-png-v3/png-v3/9000-lilith-ai-clipart/9036_gen_clipart_laptop-coffee_1024x1024.sdr.png	t1	4	44	4902	331.19017400895245	231.99000000003878	64.531	
9000-lilith-ai-clipart	imazen-26-png-v3/png-v3/9000-lilith-ai-clipart/9036_gen_clipart_laptop-coffee_1024x1024.sdr.png	t1	6	20	16548	265.01271000597626	137.71400000000256	85.925	
9000-lilith-ai-clipart	imazen-26-png-v3/png-v3/9000-lilith-ai-clipart/9036_gen_clipart_laptop-coffee_1024x1024.sdr.png	t1	6	32	11612	333.48832800402306	106.34699999999953	77.825	
9000-lilith-ai-clipart	imazen-26-png-v3/png-v3/9000-lilith-ai-clipart/9036_gen_clipart_laptop-coffee_1024x1024.sdr.png	t1	6	44	7055	240.559182013385	93.46500000000901	61.966	
9000-lilith-ai-clipart	imazen-26-png-v3/png-v3/9000-lilith-ai-clipart/9036_gen_clipart_laptop-coffee_1024x1024.sdr.png	t1	8	20	17515	298.5451699933037	167.42300000001364	85.836	
9000-lilith-ai-clipart	imazen-26-png-v3/png-v3/9000-lilith-ai-clipart/9036_gen_clipart_laptop-coffee_1024x1024.sdr.png	t1	8	32	12246	273.67093300563283	186.37000000002502	77.690	
9000-lilith-ai-clipart	imazen-26-png-v3/png-v3/9000-lilith-ai-clipart/9036_gen_clipart_laptop-coffee_1024x1024.sdr.png	t1	8	44	7376	68.48709999758285	52.592999999987455	59.395	
9000-lilith-ai-clipart	imazen-26-png-v3/png-v3/9000-lilith-ai-clipart/9036_gen_clipart_laptop-coffee_1024x1024.sdr.png	t1	10	20	19729	105.43071800202597	91.13999999996736	84.754	
9000-lilith-ai-clipart	imazen-26-png-v3/png-v3/9000-lilith-ai-clipart/9036_gen_clipart_laptop-coffee_1024x1024.sdr.png	t1	10	32	13381	115.00704300124198	116.16899999998509	77.042	
9000-lilith-ai-clipart	imazen-26-png-v3/png-v3/9000-lilith-ai-clipart/9036_gen_clipart_laptop-coffee_1024x1024.sdr.png	t1	10	44	7738	205.68594700307585	171.525000000031	58.460	
9000-lilith-ai-clipart	imazen-26-png-v3/png-v3/9000-lilith-ai-clipart/9036_gen_clipart_laptop-coffee_1024x1024.sdr.png	t3	4	20	13395	270.68127499660477	187.37500000001717	88.085	
9000-lilith-ai-clipart	imazen-26-png-v3/png-v3/9000-lilith-ai-clipart/9036_gen_clipart_laptop-coffee_1024x1024.sdr.png	t3	4	32	8771	510.7651750004152	238.1019999999836	81.765	
9000-lilith-ai-clipart	imazen-26-png-v3/png-v3/9000-lilith-ai-clipart/9036_gen_clipart_laptop-coffee_1024x1024.sdr.png	t3	4	44	4986	437.15021599200554	291.294999999991	67.669	
9000-lilith-ai-clipart	imazen-26-png-v3/png-v3/9000-lilith-ai-clipart/9036_gen_clipart_laptop-coffee_1024x1024.sdr.png	t3	6	20	17211	426.2486240040744	291.294999999991	88.209	
9000-lilith-ai-clipart	imazen-26-png-v3/png-v3/9000-lilith-ai-clipart/9036_gen_clipart_laptop-coffee_1024x1024.sdr.png	t3	6	32	11870	254.31153799581807	52.09699999998918	81.255	
9000-lilith-ai-clipart	imazen-26-png-v3/png-v3/9000-lilith-ai-clipart/9036_gen_clipart_laptop-coffee_1024x1024.sdr.png	t3	6	44	7073	158.3725160016911	121.15800000003674	66.315	
9000-lilith-ai-clipart	imazen-26-png-v3/png-v3/9000-lilith-ai-clipart/9036_gen_clipart_laptop-coffee_1024x1024.sdr.png	t3	8	20	18269	122.31020200124476	121.15800000003674	86.072	
9000-lilith-ai-clipart	imazen-26-png-v3/png-v3/9000-lilith-ai-clipart/9036_gen_clipart_laptop-coffee_1024x1024.sdr.png	t3	8	32	12548	484.1197439964162	146.94399999999064	78.402	
9000-lilith-ai-clipart	imazen-26-png-v3/png-v3/9000-lilith-ai-clipart/9036_gen_clipart_laptop-coffee_1024x1024.sdr.png	t3	8	44	7334	275.97640099702403	59.933999999955745	63.268	
9000-lilith-ai-clipart	imazen-26-png-v3/png-v3/9000-lilith-ai-clipart/9036_gen_clipart_laptop-coffee_1024x1024.sdr.png	t3	10	20	19986	285.22924199933186	129.38100000003772	85.220	
9000-lilith-ai-clipart	imazen-26-png-v3/png-v3/9000-lilith-ai-clipart/9036_gen_clipart_laptop-coffee_1024x1024.sdr.png	t3	10	32	13353	268.06905400007963	93.03500000004306	77.119	
9000-lilith-ai-clipart	imazen-26-png-v3/png-v3/9000-lilith-ai-clipart/9036_gen_clipart_laptop-coffee_1024x1024.sdr.png	t3	10	44	7654	364.75698799767997	204.9339999999944	61.512	
9000-lilith-ai-clipart	imazen-26-png-v3/png-v3/9000-lilith-ai-clipart/9036_gen_clipart_laptop-coffee_1024x1024.sdr.png	o6	4	20	12971	216.94869399652816	110.37599999997383	87.926	
9000-lilith-ai-clipart	imazen-26-png-v3/png-v3/9000-lilith-ai-clipart/9036_gen_clipart_laptop-coffee_1024x1024.sdr.png	o6	4	32	8411	635.3344369999832	170.84400000003086	80.867	
9000-lilith-ai-clipart	imazen-26-png-v3/png-v3/9000-lilith-ai-clipart/9036_gen_clipart_laptop-coffee_1024x1024.sdr.png	o6	4	44	4730	189.28651401074603	274.42299999998454	66.648	
9000-lilith-ai-clipart	imazen-26-png-v3/png-v3/9000-lilith-ai-clipart/9036_gen_clipart_laptop-coffee_1024x1024.sdr.png	o6	6	20	16749	79.4626930000959	35.876000000001795	87.460	
9000-lilith-ai-clipart	imazen-26-png-v3/png-v3/9000-lilith-ai-clipart/9036_gen_clipart_laptop-coffee_1024x1024.sdr.png	o6	6	32	11393	259.9171730107628	311.8180000000166	80.258	
9000-lilith-ai-clipart	imazen-26-png-v3/png-v3/9000-lilith-ai-clipart/9036_gen_clipart_laptop-coffee_1024x1024.sdr.png	o6	6	44	6690	239.6226429991657	355.3539999999913	64.220	
9000-lilith-ai-clipart	imazen-26-png-v3/png-v3/9000-lilith-ai-clipart/9036_gen_clipart_laptop-coffee_1024x1024.sdr.png	o6	8	20	17735	159.49974599061534	86.22499999998468	85.648	
9000-lilith-ai-clipart	imazen-26-png-v3/png-v3/9000-lilith-ai-clipart/9036_gen_clipart_laptop-coffee_1024x1024.sdr.png	o6	8	32	11999	155.5929270107299	106.03900000003819	77.508	
9000-lilith-ai-clipart	imazen-26-png-v3/png-v3/9000-lilith-ai-clipart/9036_gen_clipart_laptop-coffee_1024x1024.sdr.png	o6	8	44	6829	110.09515498881228	186.93399999999372	61.104	
9000-lilith-ai-clipart	imazen-26-png-v3/png-v3/9000-lilith-ai-clipart/9036_gen_clipart_laptop-coffee_1024x1024.sdr.png	o6	10	20	19359	231.68985899246763	96.061999999975	84.861	
9000-lilith-ai-clipart	imazen-26-png-v3/png-v3/9000-lilith-ai-clipart/9036_gen_clipart_laptop-coffee_1024x1024.sdr.png	o6	10	32	12724	485.61995300406124	109.10200000002135	76.297	
9000-lilith-ai-clipart	imazen-26-png-v3/png-v3/9000-lilith-ai-clipart/9036_gen_clipart_laptop-coffee_1024x1024.sdr.png	o6	10	44	7116	673.6180280131521	191.37200000001542	59.884	
9000-lilith-ai-clipart	imazen-26-png-v3/png-v3/9000-lilith-ai-clipart/9036_gen_clipart_laptop-coffee_1024x1024.sdr.png	o7	4	20	12811	331.2048920051893	115.72100000000773	87.560	
9000-lilith-ai-clipart	imazen-26-png-v3/png-v3/9000-lilith-ai-clipart/9036_gen_clipart_laptop-coffee_1024x1024.sdr.png	o7	4	32	8237	224.6493879938498	215.68300000002694	80.406	
9000-lilith-ai-clipart	imazen-26-png-v3/png-v3/9000-lilith-ai-clipart/9036_gen_clipart_laptop-coffee_1024x1024.sdr.png	o7	4	44	4652	511.3284039980499	138.9769999999828	65.474	
9000-lilith-ai-clipart	imazen-26-png-v3/png-v3/9000-lilith-ai-clipart/9036_gen_clipart_laptop-coffee_1024x1024.sdr.png	o7	6	20	16578	464.30979399883654	171.0300000000018	87.405	
9000-lilith-ai-clipart	imazen-26-png-v3/png-v3/9000-lilith-ai-clipart/9036_gen_clipart_laptop-coffee_1024x1024.sdr.png	o7	6	32	11132	362.13828600011766	225.35900000001163	79.712	
9000-lilith-ai-clipart	imazen-26-png-v3/png-v3/9000-lilith-ai-clipart/9036_gen_clipart_laptop-coffee_1024x1024.sdr.png	o7	6	44	6523	351.51212599885184	161.07399999997085	63.613	
9000-lilith-ai-clipart	imazen-26-png-v3/png-v3/9000-lilith-ai-clipart/9036_gen_clipart_laptop-coffee_1024x1024.sdr.png	o7	8	20	17472	79.39873199211434	101.06300000002477	85.263	
9000-lilith-ai-clipart	imazen-26-png-v3/png-v3/9000-lilith-ai-clipart/9036_gen_clipart_laptop-coffee_1024x1024.sdr.png	o7	8	32	11725	64.24338099895976	150.2569999999963	76.838	
9000-lilith-ai-clipart	imazen-26-png-v3/png-v3/9000-lilith-ai-clipart/9036_gen_clipart_laptop-coffee_1024x1024.sdr.png	o7	8	44	6624	59.18539500271436	120.99199999995847	59.205	
9000-lilith-ai-clipart	imazen-26-png-v3/png-v3/9000-lilith-ai-clipart/9036_gen_clipart_laptop-coffee_1024x1024.sdr.png	o7	10	20	19027	103.54408499551937	118.79099999998743	84.461	
9000-lilith-ai-clipart	imazen-26-png-v3/png-v3/9000-lilith-ai-clipart/9036_gen_clipart_laptop-coffee_1024x1024.sdr.png	o7	10	32	12380	216.35010799218435	96.50500000000761	75.770	
9000-lilith-ai-clipart	imazen-26-png-v3/png-v3/9000-lilith-ai-clipart/9036_gen_clipart_laptop-coffee_1024x1024.sdr.png	o7	10	44	6870	133.82147300580982	21.644999999978154	58.282	
9000-lilith-ai-clipart	imazen-26-png-v3/png-v3/9000-lilith-ai-clipart/9036_gen_clipart_laptop-coffee_1024x1024.sdr.png	o8	4	20	12802	611.0749660001602	129.68299999998578	87.759	
9000-lilith-ai-clipart	imazen-26-png-v3/png-v3/9000-lilith-ai-clipart/9036_gen_clipart_laptop-coffee_1024x1024.sdr.png	o8	4	32	8267	394.3389570049476	99.65399999998681	80.464	
9000-lilith-ai-clipart	imazen-26-png-v3/png-v3/9000-lilith-ai-clipart/9036_gen_clipart_laptop-coffee_1024x1024.sdr.png	o8	4	44	4579	280.7126250118017	443.7780000000089	65.553	
9000-lilith-ai-clipart	imazen-26-png-v3/png-v3/9000-lilith-ai-clipart/9036_gen_clipart_laptop-coffee_1024x1024.sdr.png	o8	6	20	16523	175.60702499758918	404.2190000000119	87.448	
9000-lilith-ai-clipart	imazen-26-png-v3/png-v3/9000-lilith-ai-clipart/9036_gen_clipart_laptop-coffee_1024x1024.sdr.png	o8	6	32	11143	114.62527800176758	134.0470000000238	79.822	
9000-lilith-ai-clipart	imazen-26-png-v3/png-v3/9000-lilith-ai-clipart/9036_gen_clipart_laptop-coffee_1024x1024.sdr.png	o8	6	44	6504	128.24538300628774	297.7780000000081	63.851	
9000-lilith-ai-clipart	imazen-26-png-v3/png-v3/9000-lilith-ai-clipart/9036_gen_clipart_laptop-coffee_1024x1024.sdr.png	o8	8	20	17444	134.39507198927458	352.5560000000354	85.132	
9000-lilith-ai-clipart	imazen-26-png-v3/png-v3/9000-lilith-ai-clipart/9036_gen_clipart_laptop-coffee_1024x1024.sdr.png	o8	8	32	11709	128.02526498853695	284.6759999999904	76.740	
9000-lilith-ai-clipart	imazen-26-png-v3/png-v3/9000-lilith-ai-clipart/9036_gen_clipart_laptop-coffee_1024x1024.sdr.png	o8	8	44	6612	107.27956899791025	284.6759999999904	58.769	
9000-lilith-ai-clipart	imazen-26-png-v3/png-v3/9000-lilith-ai-clipart/9036_gen_clipart_laptop-coffee_1024x1024.sdr.png	o8	10	20	19008	110.27507699327543	121.54199999997672	84.482	
9000-lilith-ai-clipart	imazen-26-png-v3/png-v3/9000-lilith-ai-clipart/9036_gen_clipart_laptop-coffee_1024x1024.sdr.png	o8	10	32	12365	168.60256300424226	69.17500000001553	75.724	
9000-lilith-ai-clipart	imazen-26-png-v3/png-v3/9000-lilith-ai-clipart/9036_gen_clipart_laptop-coffee_1024x1024.sdr.png	o8	10	44	6845	153.19563500816002	48.93899999994744	57.841	
9000-lilith-ai-clipart	imazen-26-png-v3/png-v3/9000-lilith-ai-clipart/9036_gen_clipart_laptop-coffee_1024x1024.sdr.png	o7ac	4	20	12804	327.06035100272857	193.29299999998284	87.631	
9000-lilith-ai-clipart	imazen-26-png-v3/png-v3/9000-lilith-ai-clipart/9036_gen_clipart_laptop-coffee_1024x1024.sdr.png	o7ac	4	32	8235	273.44970298872795	193.29299999998284	80.366	
9000-lilith-ai-clipart	imazen-26-png-v3/png-v3/9000-lilith-ai-clipart/9036_gen_clipart_laptop-coffee_1024x1024.sdr.png	o7ac	4	44	4637	139.70170900574885	207.6250000000215	65.263	
9000-lilith-ai-clipart	imazen-26-png-v3/png-v3/9000-lilith-ai-clipart/9036_gen_clipart_laptop-coffee_1024x1024.sdr.png	o7ac	6	20	16589	117.30301400530152	210.6809999999797	87.560	
9000-lilith-ai-clipart	imazen-26-png-v3/png-v3/9000-lilith-ai-clipart/9036_gen_clipart_laptop-coffee_1024x1024.sdr.png	o7ac	6	32	11128	60.58728699281346	204.60299999997744	79.705	
9000-lilith-ai-clipart	imazen-26-png-v3/png-v3/9000-lilith-ai-clipart/9036_gen_clipart_laptop-coffee_1024x1024.sdr.png	o7ac	6	44	6532	94.24626699183136	287.2859999999804	63.916	
9000-lilith-ai-clipart	imazen-26-png-v3/png-v3/9000-lilith-ai-clipart/9036_gen_clipart_laptop-coffee_1024x1024.sdr.png	o7ac	8	20	17474	62.035989001742564	126.41199999997355	85.253	
9000-lilith-ai-clipart	imazen-26-png-v3/png-v3/9000-lilith-ai-clipart/9036_gen_clipart_laptop-coffee_1024x1024.sdr.png	o7ac	8	32	11731	256.33972900686786	140.0350000000401	76.840	
9000-lilith-ai-clipart	imazen-26-png-v3/png-v3/9000-lilith-ai-clipart/9036_gen_clipart_laptop-coffee_1024x1024.sdr.png	o7ac	8	44	6625	245.51239900756627	123.20399999998699	59.210	
9000-lilith-ai-clipart	imazen-26-png-v3/png-v3/9000-lilith-ai-clipart/9036_gen_clipart_laptop-coffee_1024x1024.sdr.png	o7ac	10	20	19033	239.8718269978417	121.56400000000644	84.466	
9000-lilith-ai-clipart	imazen-26-png-v3/png-v3/9000-lilith-ai-clipart/9036_gen_clipart_laptop-coffee_1024x1024.sdr.png	o7ac	10	32	12380	157.2858930012444	71.04700000000719	75.770	
9000-lilith-ai-clipart	imazen-26-png-v3/png-v3/9000-lilith-ai-clipart/9036_gen_clipart_laptop-coffee_1024x1024.sdr.png	o7ac	10	44	6869	280.8766759990249	35.859000000016295	58.293	
9000-lilith-ai-clipart	imazen-26-png-v3/png-v3/9000-lilith-ai-clipart/9070_gen_clipart_sunflower-cheerful_1024x1536.sdr.png	t1	4	20	8688	444.15136199677363	284.3549999999766	84.799	
9000-lilith-ai-clipart	imazen-26-png-v3/png-v3/9000-lilith-ai-clipart/9070_gen_clipart_sunflower-cheerful_1024x1536.sdr.png	t1	4	32	5259	327.2371069906512	538.8920000000468	75.539	
9000-lilith-ai-clipart	imazen-26-png-v3/png-v3/9000-lilith-ai-clipart/9070_gen_clipart_sunflower-cheerful_1024x1536.sdr.png	t1	4	44	2848	253.4344419982517	512.9750000000257	55.724	
9000-lilith-ai-clipart	imazen-26-png-v3/png-v3/9000-lilith-ai-clipart/9070_gen_clipart_sunflower-cheerful_1024x1536.sdr.png	t1	6	20	13123	258.78811899747234	557.8980000000087	85.263	
9000-lilith-ai-clipart	imazen-26-png-v3/png-v3/9000-lilith-ai-clipart/9070_gen_clipart_sunflower-cheerful_1024x1536.sdr.png	t1	6	32	8154	142.43645200622268	165.51300000000424	76.620	
9000-lilith-ai-clipart	imazen-26-png-v3/png-v3/9000-lilith-ai-clipart/9070_gen_clipart_sunflower-cheerful_1024x1536.sdr.png	t1	6	44	4840	169.4672849989729	159.63399999998273	57.461	
9000-lilith-ai-clipart	imazen-26-png-v3/png-v3/9000-lilith-ai-clipart/9070_gen_clipart_sunflower-cheerful_1024x1536.sdr.png	t1	8	20	15970	56.103012000676244	67.87299999996321	83.426	
9000-lilith-ai-clipart	imazen-26-png-v3/png-v3/9000-lilith-ai-clipart/9070_gen_clipart_sunflower-cheerful_1024x1536.sdr.png	t1	8	32	9914	220.88959800021257	104.94299999999157	72.589	
9000-lilith-ai-clipart	imazen-26-png-v3/png-v3/9000-lilith-ai-clipart/9070_gen_clipart_sunflower-cheerful_1024x1536.sdr.png	t1	8	44	5350	232.43941299733706	16.283999999998855	52.056	
9000-lilith-ai-clipart	imazen-26-png-v3/png-v3/9000-lilith-ai-clipart/9070_gen_clipart_sunflower-cheerful_1024x1536.sdr.png	t1	10	20	18277	506.6916079958901	38.79600000000494	82.488	
9000-lilith-ai-clipart	imazen-26-png-v3/png-v3/9000-lilith-ai-clipart/9070_gen_clipart_sunflower-cheerful_1024x1536.sdr.png	t1	10	32	11215	570.7220650074305	101.94000000002745	72.770	
9000-lilith-ai-clipart	imazen-26-png-v3/png-v3/9000-lilith-ai-clipart/9070_gen_clipart_sunflower-cheerful_1024x1536.sdr.png	t1	10	44	5992	418.52971600019373	70.35799999995618	53.001	
9000-lilith-ai-clipart	imazen-26-png-v3/png-v3/9000-lilith-ai-clipart/9070_gen_clipart_sunflower-cheerful_1024x1536.sdr.png	t3	4	20	11478	423.951050004689	201.36599999997884	87.369	
9000-lilith-ai-clipart	imazen-26-png-v3/png-v3/9000-lilith-ai-clipart/9070_gen_clipart_sunflower-cheerful_1024x1536.sdr.png	t3	4	32	7593	353.44231099588796	348.9020000000238	82.371	
9000-lilith-ai-clipart	imazen-26-png-v3/png-v3/9000-lilith-ai-clipart/9070_gen_clipart_sunflower-cheerful_1024x1536.sdr.png	t3	4	44	4334	400.78924599220045	514.127000000002	68.288	
9000-lilith-ai-clipart	imazen-26-png-v3/png-v3/9000-lilith-ai-clipart/9070_gen_clipart_sunflower-cheerful_1024x1536.sdr.png	t3	6	20	16205	195.81716500397306	92.51700000001506	87.592	
9000-lilith-ai-clipart	imazen-26-png-v3/png-v3/9000-lilith-ai-clipart/9070_gen_clipart_sunflower-cheerful_1024x1536.sdr.png	t3	6	32	11061	72.10170500911772	101.5740000000136	83.162	
9000-lilith-ai-clipart	imazen-26-png-v3/png-v3/9000-lilith-ai-clipart/9070_gen_clipart_sunflower-cheerful_1024x1536.sdr.png	t3	6	44	6587	354.0283750044182	313.6060000000498	71.643	
9000-lilith-ai-clipart	imazen-26-png-v3/png-v3/9000-lilith-ai-clipart/9070_gen_clipart_sunflower-cheerful_1024x1536.sdr.png	t3	8	20	17845	92.18803900876082	110.38600000007648	87.202	
9000-lilith-ai-clipart	imazen-26-png-v3/png-v3/9000-lilith-ai-clipart/9070_gen_clipart_sunflower-cheerful_1024x1536.sdr.png	t3	8	32	12182	500.4286650073482	202.26499999999703	82.309	
9000-lilith-ai-clipart	imazen-26-png-v3/png-v3/9000-lilith-ai-clipart/9070_gen_clipart_sunflower-cheerful_1024x1536.sdr.png	t3	8	44	7262	145.33189199573826	47.042999999987956	69.407	
9000-lilith-ai-clipart	imazen-26-png-v3/png-v3/9000-lilith-ai-clipart/9070_gen_clipart_sunflower-cheerful_1024x1536.sdr.png	t3	10	20	19601	313.70472800335847	97.83099999998512	87.071	
9000-lilith-ai-clipart	imazen-26-png-v3/png-v3/9000-lilith-ai-clipart/9070_gen_clipart_sunflower-cheerful_1024x1536.sdr.png	t3	10	32	13664	426.2472609989345	102.08399999997653	82.001	
9000-lilith-ai-clipart	imazen-26-png-v3/png-v3/9000-lilith-ai-clipart/9070_gen_clipart_sunflower-cheerful_1024x1536.sdr.png	t3	10	44	7954	188.77418000192847	63.5340000000042	69.259	
9000-lilith-ai-clipart	imazen-26-png-v3/png-v3/9000-lilith-ai-clipart/9070_gen_clipart_sunflower-cheerful_1024x1536.sdr.png	o6	4	20	10485	278.1008849997306	228.326000000024	86.163	
9000-lilith-ai-clipart	imazen-26-png-v3/png-v3/9000-lilith-ai-clipart/9070_gen_clipart_sunflower-cheerful_1024x1536.sdr.png	o6	4	32	6499	374.4442250026623	440.4289999999662	79.349	
9000-lilith-ai-clipart	imazen-26-png-v3/png-v3/9000-lilith-ai-clipart/9070_gen_clipart_sunflower-cheerful_1024x1536.sdr.png	o6	4	44	3559	369.32529500336386	332.33599999996954	63.462	
9000-lilith-ai-clipart	imazen-26-png-v3/png-v3/9000-lilith-ai-clipart/9070_gen_clipart_sunflower-cheerful_1024x1536.sdr.png	o6	6	20	14656	384.80934900871944	454.97499999996194	86.922	
9000-lilith-ai-clipart	imazen-26-png-v3/png-v3/9000-lilith-ai-clipart/9070_gen_clipart_sunflower-cheerful_1024x1536.sdr.png	o6	6	32	9420	369.3183909927029	376.1090000000138	81.431	
9000-lilith-ai-clipart	imazen-26-png-v3/png-v3/9000-lilith-ai-clipart/9070_gen_clipart_sunflower-cheerful_1024x1536.sdr.png	o6	6	44	5551	301.5019449958345	360.46400000002166	67.060	
9000-lilith-ai-clipart	imazen-26-png-v3/png-v3/9000-lilith-ai-clipart/9070_gen_clipart_sunflower-cheerful_1024x1536.sdr.png	o6	8	20	16113	286.01613600039855	327.2709999999819	86.143	
9000-lilith-ai-clipart	imazen-26-png-v3/png-v3/9000-lilith-ai-clipart/9070_gen_clipart_sunflower-cheerful_1024x1536.sdr.png	o6	8	32	10409	101.47245999542065	110.7120000000208	79.415	
9000-lilith-ai-clipart	imazen-26-png-v3/png-v3/9000-lilith-ai-clipart/9070_gen_clipart_sunflower-cheerful_1024x1536.sdr.png	o6	8	44	5959	378.3838169911178	66.44199999996658	64.154	
9000-lilith-ai-clipart	imazen-26-png-v3/png-v3/9000-lilith-ai-clipart/9070_gen_clipart_sunflower-cheerful_1024x1536.sdr.png	o6	10	20	17643	631.8948039988754	114.90000000001999	85.638	
9000-lilith-ai-clipart	imazen-26-png-v3/png-v3/9000-lilith-ai-clipart/9070_gen_clipart_sunflower-cheerful_1024x1536.sdr.png	o6	10	32	11400	155.00402898760512	53.90000000001294	79.069	
9000-lilith-ai-clipart	imazen-26-png-v3/png-v3/9000-lilith-ai-clipart/9070_gen_clipart_sunflower-cheerful_1024x1536.sdr.png	o6	10	44	6473	567.0831239986001	154.00599999999542	65.092	
9000-lilith-ai-clipart	imazen-26-png-v3/png-v3/9000-lilith-ai-clipart/9070_gen_clipart_sunflower-cheerful_1024x1536.sdr.png	o7	4	20	9734	275.6224679906154	158.91600000001915	85.927	
9000-lilith-ai-clipart	imazen-26-png-v3/png-v3/9000-lilith-ai-clipart/9070_gen_clipart_sunflower-cheerful_1024x1536.sdr.png	o7	4	32	5952	463.2474870013539	372.0989999999773	78.270	
9000-lilith-ai-clipart	imazen-26-png-v3/png-v3/9000-lilith-ai-clipart/9070_gen_clipart_sunflower-cheerful_1024x1536.sdr.png	o7	4	44	3294	295.7945960079087	438.54799999996885	61.935	
9000-lilith-ai-clipart	imazen-26-png-v3/png-v3/9000-lilith-ai-clipart/9070_gen_clipart_sunflower-cheerful_1024x1536.sdr.png	o7	6	20	13809	172.13623400311917	289.27699999999845	86.663	
9000-lilith-ai-clipart	imazen-26-png-v3/png-v3/9000-lilith-ai-clipart/9070_gen_clipart_sunflower-cheerful_1024x1536.sdr.png	o7	6	32	8680	152.46646000014152	289.27699999999845	80.665	
9000-lilith-ai-clipart	imazen-26-png-v3/png-v3/9000-lilith-ai-clipart/9070_gen_clipart_sunflower-cheerful_1024x1536.sdr.png	o7	6	44	5070	239.14904399134684	327.03200000000265	64.252	
9000-lilith-ai-clipart	imazen-26-png-v3/png-v3/9000-lilith-ai-clipart/9070_gen_clipart_sunflower-cheerful_1024x1536.sdr.png	o7	8	20	15130	216.84594999533147	346.12400000006005	85.261	
9000-lilith-ai-clipart	imazen-26-png-v3/png-v3/9000-lilith-ai-clipart/9070_gen_clipart_sunflower-cheerful_1024x1536.sdr.png	o7	8	32	9572	180.17844700079877	213.09100000004833	77.564	
9000-lilith-ai-clipart	imazen-26-png-v3/png-v3/9000-lilith-ai-clipart/9070_gen_clipart_sunflower-cheerful_1024x1536.sdr.png	o7	8	44	5437	161.9078299991088	39.959999999965135	60.150	
9000-lilith-ai-clipart	imazen-26-png-v3/png-v3/9000-lilith-ai-clipart/9070_gen_clipart_sunflower-cheerful_1024x1536.sdr.png	o7	10	20	16535	505.8580259938026	68.94400000000189	85.035	
9000-lilith-ai-clipart	imazen-26-png-v3/png-v3/9000-lilith-ai-clipart/9070_gen_clipart_sunflower-cheerful_1024x1536.sdr.png	o7	10	32	10461	263.80361399787944	150.15599999999552	76.867	
9000-lilith-ai-clipart	imazen-26-png-v3/png-v3/9000-lilith-ai-clipart/9070_gen_clipart_sunflower-cheerful_1024x1536.sdr.png	o7	10	44	5912	197.03684099658858	140.97600000003752	61.465	
9000-lilith-ai-clipart	imazen-26-png-v3/png-v3/9000-lilith-ai-clipart/9070_gen_clipart_sunflower-cheerful_1024x1536.sdr.png	o8	4	20	9646	234.90240999672096	229.96399999998118	85.787	
9000-lilith-ai-clipart	imazen-26-png-v3/png-v3/9000-lilith-ai-clipart/9070_gen_clipart_sunflower-cheerful_1024x1536.sdr.png	o8	4	32	5917	457.55731100507546	590.6440000000259	78.104	
9000-lilith-ai-clipart	imazen-26-png-v3/png-v3/9000-lilith-ai-clipart/9070_gen_clipart_sunflower-cheerful_1024x1536.sdr.png	o8	4	44	3248	335.65421200182755	417.53300000002014	61.653	
9000-lilith-ai-clipart	imazen-26-png-v3/png-v3/9000-lilith-ai-clipart/9070_gen_clipart_sunflower-cheerful_1024x1536.sdr.png	o8	6	20	13746	152.6728919998277	185.96399999997004	86.536	
9000-lilith-ai-clipart	imazen-26-png-v3/png-v3/9000-lilith-ai-clipart/9070_gen_clipart_sunflower-cheerful_1024x1536.sdr.png	o8	6	32	8619	183.94040100974962	286.02699999999004	80.772	
9000-lilith-ai-clipart	imazen-26-png-v3/png-v3/9000-lilith-ai-clipart/9070_gen_clipart_sunflower-cheerful_1024x1536.sdr.png	o8	6	44	5047	51.447429999825545	44.286000000042236	64.036	
9000-lilith-ai-clipart	imazen-26-png-v3/png-v3/9000-lilith-ai-clipart/9070_gen_clipart_sunflower-cheerful_1024x1536.sdr.png	o8	8	20	15085	287.8547380096279	68.8109999999682	85.185	
9000-lilith-ai-clipart	imazen-26-png-v3/png-v3/9000-lilith-ai-clipart/9070_gen_clipart_sunflower-cheerful_1024x1536.sdr.png	o8	8	32	9528	220.25464300531894	66.67800000001023	77.469	
9000-lilith-ai-clipart	imazen-26-png-v3/png-v3/9000-lilith-ai-clipart/9070_gen_clipart_sunflower-cheerful_1024x1536.sdr.png	o8	8	44	5398	409.03688900289126	49.693000000061716	59.841	
9000-lilith-ai-clipart	imazen-26-png-v3/png-v3/9000-lilith-ai-clipart/9070_gen_clipart_sunflower-cheerful_1024x1536.sdr.png	o8	10	20	16493	165.20136399776675	87.25900000000308	84.911	
9000-lilith-ai-clipart	imazen-26-png-v3/png-v3/9000-lilith-ai-clipart/9070_gen_clipart_sunflower-cheerful_1024x1536.sdr.png	o8	10	32	10425	302.2615980007686	217.3349999999914	76.822	
9000-lilith-ai-clipart	imazen-26-png-v3/png-v3/9000-lilith-ai-clipart/9070_gen_clipart_sunflower-cheerful_1024x1536.sdr.png	o8	10	44	5878	293.55880100047216	295.24400000002515	61.175	
9000-lilith-ai-clipart	imazen-26-png-v3/png-v3/9000-lilith-ai-clipart/9070_gen_clipart_sunflower-cheerful_1024x1536.sdr.png	o7ac	4	20	9692	284.859993000282	733.5080000000289	85.932	
9000-lilith-ai-clipart	imazen-26-png-v3/png-v3/9000-lilith-ai-clipart/9070_gen_clipart_sunflower-cheerful_1024x1536.sdr.png	o7ac	4	32	5882	187.39770801039413	275.5620000000363	78.492	
9000-lilith-ai-clipart	imazen-26-png-v3/png-v3/9000-lilith-ai-clipart/9070_gen_clipart_sunflower-cheerful_1024x1536.sdr.png	o7ac	4	44	3279	188.25610699423123	394.03499999997393	61.707	
9000-lilith-ai-clipart	imazen-26-png-v3/png-v3/9000-lilith-ai-clipart/9070_gen_clipart_sunflower-cheerful_1024x1536.sdr.png	o7ac	6	20	13764	166.3853130012285	267.7100000000223	86.758	
9000-lilith-ai-clipart	imazen-26-png-v3/png-v3/9000-lilith-ai-clipart/9070_gen_clipart_sunflower-cheerful_1024x1536.sdr.png	o7ac	6	32	8687	155.43707300093956	470.0139999999777	80.790	
9000-lilith-ai-clipart	imazen-26-png-v3/png-v3/9000-lilith-ai-clipart/9070_gen_clipart_sunflower-cheerful_1024x1536.sdr.png	o7ac	6	44	5066	118.95912699401379	225.02200000002404	64.299	
9000-lilith-ai-clipart	imazen-26-png-v3/png-v3/9000-lilith-ai-clipart/9070_gen_clipart_sunflower-cheerful_1024x1536.sdr.png	o7ac	8	20	15118	276.52922000561375	147.73600000000897	85.222	
9000-lilith-ai-clipart	imazen-26-png-v3/png-v3/9000-lilith-ai-clipart/9070_gen_clipart_sunflower-cheerful_1024x1536.sdr.png	o7ac	8	32	9589	574.742419004906	81.11399999995683	77.592	
9000-lilith-ai-clipart	imazen-26-png-v3/png-v3/9000-lilith-ai-clipart/9070_gen_clipart_sunflower-cheerful_1024x1536.sdr.png	o7ac	8	44	5437	622.7989719918696	61.65100000004031	60.235	
9000-lilith-ai-clipart	imazen-26-png-v3/png-v3/9000-lilith-ai-clipart/9070_gen_clipart_sunflower-cheerful_1024x1536.sdr.png	o7ac	10	20	16526	357.87380699184723	150.6739999999951	85.061	
9000-lilith-ai-clipart	imazen-26-png-v3/png-v3/9000-lilith-ai-clipart/9070_gen_clipart_sunflower-cheerful_1024x1536.sdr.png	o7ac	10	32	10454	249.18356999114621	92.94299999999112	76.916	
9000-lilith-ai-clipart	imazen-26-png-v3/png-v3/9000-lilith-ai-clipart/9070_gen_clipart_sunflower-cheerful_1024x1536.sdr.png	o7ac	10	44	5926	322.32674199622124	138.49899999998172	61.460	
9094-lilith-ai-illustrations	imazen-26-png-v3/png-v3/9094-lilith-ai-illustrations/9100_gen_illustrations_bath-candles-evening_1024x1536.sdr.png	t1	4	20	34691	332.3665880016051	284.66399999997805	69.176	
9094-lilith-ai-illustrations	imazen-26-png-v3/png-v3/9094-lilith-ai-illustrations/9100_gen_illustrations_bath-candles-evening_1024x1536.sdr.png	t1	4	32	13417	225.7558900018921	363.8210000000015	41.498	
9094-lilith-ai-illustrations	imazen-26-png-v3/png-v3/9094-lilith-ai-illustrations/9100_gen_illustrations_bath-candles-evening_1024x1536.sdr.png	t1	4	44	3634	211.09108098607976	367.8239999999846	-2.467	
9094-lilith-ai-illustrations	imazen-26-png-v3/png-v3/9094-lilith-ai-illustrations/9100_gen_illustrations_bath-candles-evening_1024x1536.sdr.png	t1	6	20	36003	195.3771590051474	367.8239999999846	69.922	
9094-lilith-ai-illustrations	imazen-26-png-v3/png-v3/9094-lilith-ai-illustrations/9100_gen_illustrations_bath-candles-evening_1024x1536.sdr.png	t1	6	32	14726	279.51941901119426	151.8710000000425	41.325	
9094-lilith-ai-illustrations	imazen-26-png-v3/png-v3/9094-lilith-ai-illustrations/9100_gen_illustrations_bath-candles-evening_1024x1536.sdr.png	t1	6	44	4021	696.8369420064846	124.12000000003331	-2.836	
9094-lilith-ai-illustrations	imazen-26-png-v3/png-v3/9094-lilith-ai-illustrations/9100_gen_illustrations_bath-candles-evening_1024x1536.sdr.png	t1	8	20	35912	534.7311369987438	86.64900000005105	68.830	
9094-lilith-ai-illustrations	imazen-26-png-v3/png-v3/9094-lilith-ai-illustrations/9100_gen_illustrations_bath-candles-evening_1024x1536.sdr.png	t1	8	32	14422	564.829915005248	93.15999999998326	40.302	
9094-lilith-ai-illustrations	imazen-26-png-v3/png-v3/9094-lilith-ai-illustrations/9100_gen_illustrations_bath-candles-evening_1024x1536.sdr.png	t1	8	44	4045	165.27165699517354	168.99400000001208	-4.801	
9094-lilith-ai-illustrations	imazen-26-png-v3/png-v3/9094-lilith-ai-illustrations/9100_gen_illustrations_bath-candles-evening_1024x1536.sdr.png	t1	10	20	36541	85.14915198611561	101.56999999998106	69.222	
9094-lilith-ai-illustrations	imazen-26-png-v3/png-v3/9094-lilith-ai-illustrations/9100_gen_illustrations_bath-candles-evening_1024x1536.sdr.png	t1	10	32	13957	79.80537399998866	66.12099999996701	39.785	
9094-lilith-ai-illustrations	imazen-26-png-v3/png-v3/9094-lilith-ai-illustrations/9100_gen_illustrations_bath-candles-evening_1024x1536.sdr.png	t1	10	44	4039	154.64677099953406	122.79200000001822	-6.123	
9094-lilith-ai-illustrations	imazen-26-png-v3/png-v3/9094-lilith-ai-illustrations/9100_gen_illustrations_bath-candles-evening_1024x1536.sdr.png	t3	4	20	46765	415.03021999960765	379.89100000000064	78.543	
9094-lilith-ai-illustrations	imazen-26-png-v3/png-v3/9094-lilith-ai-illustrations/9100_gen_illustrations_bath-candles-evening_1024x1536.sdr.png	t3	4	32	26304	550.3481140040094	495.9740000000181	66.168	
9094-lilith-ai-illustrations	imazen-26-png-v3/png-v3/9094-lilith-ai-illustrations/9100_gen_illustrations_bath-candles-evening_1024x1536.sdr.png	t3	4	44	9337	291.15724899747875	394.5830000000399	34.948	
9094-lilith-ai-illustrations	imazen-26-png-v3/png-v3/9094-lilith-ai-illustrations/9100_gen_illustrations_bath-candles-evening_1024x1536.sdr.png	t3	6	20	48039	252.16590400668792	430.347000000026	78.798	
9094-lilith-ai-illustrations	imazen-26-png-v3/png-v3/9094-lilith-ai-illustrations/9100_gen_illustrations_bath-candles-evening_1024x1536.sdr.png	t3	6	32	27682	241.59769399557263	239.8560000000174	66.821	
9094-lilith-ai-illustrations	imazen-26-png-v3/png-v3/9094-lilith-ai-illustrations/9100_gen_illustrations_bath-candles-evening_1024x1536.sdr.png	t3	6	44	10149	162.44525100046303	115.04899999999907	35.828	
9094-lilith-ai-illustrations	imazen-26-png-v3/png-v3/9094-lilith-ai-illustrations/9100_gen_illustrations_bath-candles-evening_1024x1536.sdr.png	t3	8	20	49655	111.54698199243285	115.04899999999907	78.759	
9094-lilith-ai-illustrations	imazen-26-png-v3/png-v3/9094-lilith-ai-illustrations/9100_gen_illustrations_bath-candles-evening_1024x1536.sdr.png	t3	8	32	28872	205.31726599438116	79.69399999998927	66.890	
9094-lilith-ai-illustrations	imazen-26-png-v3/png-v3/9094-lilith-ai-illustrations/9100_gen_illustrations_bath-candles-evening_1024x1536.sdr.png	t3	8	44	10823	148.814175001462	78.94599999995933	36.883	
9094-lilith-ai-illustrations	imazen-26-png-v3/png-v3/9094-lilith-ai-illustrations/9100_gen_illustrations_bath-candles-evening_1024x1536.sdr.png	t3	10	20	49695	246.93251500139013	131.699000000026	78.645	
9094-lilith-ai-illustrations	imazen-26-png-v3/png-v3/9094-lilith-ai-illustrations/9100_gen_illustrations_bath-candles-evening_1024x1536.sdr.png	t3	10	32	28976	139.6049250033684	31.61500000003059	67.079	
9094-lilith-ai-illustrations	imazen-26-png-v3/png-v3/9094-lilith-ai-illustrations/9100_gen_illustrations_bath-candles-evening_1024x1536.sdr.png	t3	10	44	10911	684.5223369891755	86.096999999981	37.047	
9094-lilith-ai-illustrations	imazen-26-png-v3/png-v3/9094-lilith-ai-illustrations/9100_gen_illustrations_bath-candles-evening_1024x1536.sdr.png	o6	4	20	45874	258.1513199984329	708.1110000000024	78.312	
9094-lilith-ai-illustrations	imazen-26-png-v3/png-v3/9094-lilith-ai-illustrations/9100_gen_illustrations_bath-candles-evening_1024x1536.sdr.png	o6	4	32	24914	242.61205099173822	672.1789999999856	65.003	
9094-lilith-ai-illustrations	imazen-26-png-v3/png-v3/9094-lilith-ai-illustrations/9100_gen_illustrations_bath-candles-evening_1024x1536.sdr.png	o6	4	44	8494	214.90431198617443	238.61099999994906	32.017	
9094-lilith-ai-illustrations	imazen-26-png-v3/png-v3/9094-lilith-ai-illustrations/9100_gen_illustrations_bath-candles-evening_1024x1536.sdr.png	o6	6	20	47072	109.72156599746086	727.0459999999872	78.355	
9094-lilith-ai-illustrations	imazen-26-png-v3/png-v3/9094-lilith-ai-illustrations/9100_gen_illustrations_bath-candles-evening_1024x1536.sdr.png	o6	6	32	26327	86.17018000222743	188.03600000002518	65.812	
9094-lilith-ai-illustrations	imazen-26-png-v3/png-v3/9094-lilith-ai-illustrations/9100_gen_illustrations_bath-candles-evening_1024x1536.sdr.png	o6	6	44	9217	84.18446000723634	145.47900000005143	32.495	
9094-lilith-ai-illustrations	imazen-26-png-v3/png-v3/9094-lilith-ai-illustrations/9100_gen_illustrations_bath-candles-evening_1024x1536.sdr.png	o6	8	20	48636	115.21712200192269	172.72299999997642	78.537	
9094-lilith-ai-illustrations	imazen-26-png-v3/png-v3/9094-lilith-ai-illustrations/9100_gen_illustrations_bath-candles-evening_1024x1536.sdr.png	o6	8	32	27551	140.30706899939105	193.1499999999744	65.936	
9094-lilith-ai-illustrations	imazen-26-png-v3/png-v3/9094-lilith-ai-illustrations/9100_gen_illustrations_bath-candles-evening_1024x1536.sdr.png	o6	8	44	9800	113.90449899772648	176.53699999995354	33.585	
9094-lilith-ai-illustrations	imazen-26-png-v3/png-v3/9094-lilith-ai-illustrations/9100_gen_illustrations_bath-candles-evening_1024x1536.sdr.png	o6	10	20	48657	215.63278599933255	107.20899999999745	78.290	
9094-lilith-ai-illustrations	imazen-26-png-v3/png-v3/9094-lilith-ai-illustrations/9100_gen_illustrations_bath-candles-evening_1024x1536.sdr.png	o6	10	32	27650	341.20580401213374	23.42000000000155	65.982	
9094-lilith-ai-illustrations	imazen-26-png-v3/png-v3/9094-lilith-ai-illustrations/9100_gen_illustrations_bath-candles-evening_1024x1536.sdr.png	o6	10	44	9893	346.2754719948862	46.16800000003707	33.423	
9094-lilith-ai-illustrations	imazen-26-png-v3/png-v3/9094-lilith-ai-illustrations/9100_gen_illustrations_bath-candles-evening_1024x1536.sdr.png	o7	4	20	42507	363.7020249880152	411.4969999999829	76.417	
9094-lilith-ai-illustrations	imazen-26-png-v3/png-v3/9094-lilith-ai-illustrations/9100_gen_illustrations_bath-candles-evening_1024x1536.sdr.png	o7	4	32	21605	281.1766569939209	975.8539999999982	59.855	
9094-lilith-ai-illustrations	imazen-26-png-v3/png-v3/9094-lilith-ai-illustrations/9100_gen_illustrations_bath-candles-evening_1024x1536.sdr.png	o7	4	44	7117	182.35095299314708	659.5010000000059	24.470	
9094-lilith-ai-illustrations	imazen-26-png-v3/png-v3/9094-lilith-ai-illustrations/9100_gen_illustrations_bath-candles-evening_1024x1536.sdr.png	o7	6	20	43717	109.98644900973886	396.36899999999287	76.502	
9094-lilith-ai-illustrations	imazen-26-png-v3/png-v3/9094-lilith-ai-illustrations/9100_gen_illustrations_bath-candles-evening_1024x1536.sdr.png	o7	6	32	22870	152.98525500111282	663.564000000008	60.469	
9094-lilith-ai-illustrations	imazen-26-png-v3/png-v3/9094-lilith-ai-illustrations/9100_gen_illustrations_bath-candles-evening_1024x1536.sdr.png	o7	6	44	7751	74.72165999934077	301.63399999997864	25.444	
9094-lilith-ai-illustrations	imazen-26-png-v3/png-v3/9094-lilith-ai-illustrations/9100_gen_illustrations_bath-candles-evening_1024x1536.sdr.png	o7	8	20	44912	126.86115500400774	440.0980000000345	76.382	
9094-lilith-ai-illustrations	imazen-26-png-v3/png-v3/9094-lilith-ai-illustrations/9100_gen_illustrations_bath-candles-evening_1024x1536.sdr.png	o7	8	32	23836	63.31552899791859	321.33599999997386	60.689	
9094-lilith-ai-illustrations	imazen-26-png-v3/png-v3/9094-lilith-ai-illustrations/9100_gen_illustrations_bath-candles-evening_1024x1536.sdr.png	o7	8	44	8264	62.671967010828666	290.05400000006887	26.237	
9094-lilith-ai-illustrations	imazen-26-png-v3/png-v3/9094-lilith-ai-illustrations/9100_gen_illustrations_bath-candles-evening_1024x1536.sdr.png	o7	10	20	44961	959.3464179924922	141.26500000003261	76.275	
9094-lilith-ai-illustrations	imazen-26-png-v3/png-v3/9094-lilith-ai-illustrations/9100_gen_illustrations_bath-candles-evening_1024x1536.sdr.png	o7	10	32	23906	268.20242700341623	85.51300000000595	60.614	
9094-lilith-ai-illustrations	imazen-26-png-v3/png-v3/9094-lilith-ai-illustrations/9100_gen_illustrations_bath-candles-evening_1024x1536.sdr.png	o7	10	44	8326	181.36429799778853	45.613000000045645	25.767	
9094-lilith-ai-illustrations	imazen-26-png-v3/png-v3/9094-lilith-ai-illustrations/9100_gen_illustrations_bath-candles-evening_1024x1536.sdr.png	o8	4	20	41001	309.6763889916474	368.4470000000317	75.842	
9094-lilith-ai-illustrations	imazen-26-png-v3/png-v3/9094-lilith-ai-illustrations/9100_gen_illustrations_bath-candles-evening_1024x1536.sdr.png	o8	4	32	20280	363.90843699336983	706.1169999999493	58.277	
9094-lilith-ai-illustrations	imazen-26-png-v3/png-v3/9094-lilith-ai-illustrations/9100_gen_illustrations_bath-candles-evening_1024x1536.sdr.png	o8	4	44	6484	261.85173699923325	671.9199999999717	22.043	
9094-lilith-ai-illustrations	imazen-26-png-v3/png-v3/9094-lilith-ai-illustrations/9100_gen_illustrations_bath-candles-evening_1024x1536.sdr.png	o8	6	20	42168	292.4897000048077	786.8870000000214	75.878	
9094-lilith-ai-illustrations	imazen-26-png-v3/png-v3/9094-lilith-ai-illustrations/9100_gen_illustrations_bath-candles-evening_1024x1536.sdr.png	o8	6	32	21435	323.4539620025316	600.8209999999821	59.018	
9094-lilith-ai-illustrations	imazen-26-png-v3/png-v3/9094-lilith-ai-illustrations/9100_gen_illustrations_bath-candles-evening_1024x1536.sdr.png	o8	6	44	7103	154.35974599677138	484.989000000013	21.986	
9094-lilith-ai-illustrations	imazen-26-png-v3/png-v3/9094-lilith-ai-illustrations/9100_gen_illustrations_bath-candles-evening_1024x1536.sdr.png	o8	8	20	43303	83.98621299420483	177.5190000000606	75.727	
9094-lilith-ai-illustrations	imazen-26-png-v3/png-v3/9094-lilith-ai-illustrations/9100_gen_illustrations_bath-candles-evening_1024x1536.sdr.png	o8	8	32	22462	156.6858419973869	221.1149999999833	59.249	
9094-lilith-ai-illustrations	imazen-26-png-v3/png-v3/9094-lilith-ai-illustrations/9100_gen_illustrations_bath-candles-evening_1024x1536.sdr.png	o8	8	44	7544	360.1306730124634	94.47600000002865	23.105	
9094-lilith-ai-illustrations	imazen-26-png-v3/png-v3/9094-lilith-ai-illustrations/9100_gen_illustrations_bath-candles-evening_1024x1536.sdr.png	o8	10	20	43412	688.8556560006691	105.11499999998364	75.550	
9094-lilith-ai-illustrations	imazen-26-png-v3/png-v3/9094-lilith-ai-illustrations/9100_gen_illustrations_bath-candles-evening_1024x1536.sdr.png	o8	10	32	22479	91.52223500132095	22.811000000018566	58.761	
9094-lilith-ai-illustrations	imazen-26-png-v3/png-v3/9094-lilith-ai-illustrations/9100_gen_illustrations_bath-candles-evening_1024x1536.sdr.png	o8	10	44	7571	134.66122701356653	42.69899999999893	22.908	
9094-lilith-ai-illustrations	imazen-26-png-v3/png-v3/9094-lilith-ai-illustrations/9100_gen_illustrations_bath-candles-evening_1024x1536.sdr.png	o7ac	4	20	42653	468.32099099992774	767.9990000000458	76.435	
9094-lilith-ai-illustrations	imazen-26-png-v3/png-v3/9094-lilith-ai-illustrations/9100_gen_illustrations_bath-candles-evening_1024x1536.sdr.png	o7ac	4	32	21621	437.71528999786824	767.9990000000458	59.851	
9094-lilith-ai-illustrations	imazen-26-png-v3/png-v3/9094-lilith-ai-illustrations/9100_gen_illustrations_bath-candles-evening_1024x1536.sdr.png	o7ac	4	44	7155	198.36214701354038	273.31500000001085	25.421	
9094-lilith-ai-illustrations	imazen-26-png-v3/png-v3/9094-lilith-ai-illustrations/9100_gen_illustrations_bath-candles-evening_1024x1536.sdr.png	o7ac	6	20	43757	522.5819250044879	834.3389999999431	76.427	
9094-lilith-ai-illustrations	imazen-26-png-v3/png-v3/9094-lilith-ai-illustrations/9100_gen_illustrations_bath-candles-evening_1024x1536.sdr.png	o7ac	6	32	22899	320.8063539932482	688.0439999999908	60.253	
9094-lilith-ai-illustrations	imazen-26-png-v3/png-v3/9094-lilith-ai-illustrations/9100_gen_illustrations_bath-candles-evening_1024x1536.sdr.png	o7ac	6	44	7752	431.7782550060656	760.6809999999626	25.325	
9094-lilith-ai-illustrations	imazen-26-png-v3/png-v3/9094-lilith-ai-illustrations/9100_gen_illustrations_bath-candles-evening_1024x1536.sdr.png	o7ac	8	20	44923	279.7968259983463	102.97100000005344	76.379	
9094-lilith-ai-illustrations	imazen-26-png-v3/png-v3/9094-lilith-ai-illustrations/9100_gen_illustrations_bath-candles-evening_1024x1536.sdr.png	o7ac	8	32	23835	91.72585199121386	60.27799999998251	60.744	
9094-lilith-ai-illustrations	imazen-26-png-v3/png-v3/9094-lilith-ai-illustrations/9100_gen_illustrations_bath-candles-evening_1024x1536.sdr.png	o7ac	8	44	8264	382.5752970005851	85.65800000000934	26.237	
9094-lilith-ai-illustrations	imazen-26-png-v3/png-v3/9094-lilith-ai-illustrations/9100_gen_illustrations_bath-candles-evening_1024x1536.sdr.png	o7ac	10	20	44961	600.5397499975516	130.58599999997966	76.275	
9094-lilith-ai-illustrations	imazen-26-png-v3/png-v3/9094-lilith-ai-illustrations/9100_gen_illustrations_bath-candles-evening_1024x1536.sdr.png	o7ac	10	32	23906	187.82722200558055	82.57700000000057	60.614	
9094-lilith-ai-illustrations	imazen-26-png-v3/png-v3/9094-lilith-ai-illustrations/9100_gen_illustrations_bath-candles-evening_1024x1536.sdr.png	o7ac	10	44	8326	187.98892899940256	45.59399999999414	25.767	
9094-lilith-ai-illustrations	imazen-26-png-v3/png-v3/9094-lilith-ai-illustrations/9135_gen_illustrations_old-fisherman-river_1024x1536.sdr.png	t1	4	20	43719	469.09226599382237	368.89700000003245	70.594	
9094-lilith-ai-illustrations	imazen-26-png-v3/png-v3/9094-lilith-ai-illustrations/9135_gen_illustrations_old-fisherman-river_1024x1536.sdr.png	t1	4	32	19939	351.49983200244606	862.9139999999609	42.310	
9094-lilith-ai-illustrations	imazen-26-png-v3/png-v3/9094-lilith-ai-illustrations/9135_gen_illustrations_old-fisherman-river_1024x1536.sdr.png	t1	4	44	6605	278.5246900020866	533.4210000000041	-6.331	
9094-lilith-ai-illustrations	imazen-26-png-v3/png-v3/9094-lilith-ai-illustrations/9135_gen_illustrations_old-fisherman-river_1024x1536.sdr.png	t1	6	20	45150	216.58075599407312	287.55300000004524	70.950	
9094-lilith-ai-illustrations	imazen-26-png-v3/png-v3/9094-lilith-ai-illustrations/9135_gen_illustrations_old-fisherman-river_1024x1536.sdr.png	t1	6	32	20991	265.9794859937392	777.3080000000476	42.320	
9094-lilith-ai-illustrations	imazen-26-png-v3/png-v3/9094-lilith-ai-illustrations/9135_gen_illustrations_old-fisherman-river_1024x1536.sdr.png	t1	6	44	6968	273.62122799968347	428.82399999997745	-6.689	
9094-lilith-ai-illustrations	imazen-26-png-v3/png-v3/9094-lilith-ai-illustrations/9135_gen_illustrations_old-fisherman-river_1024x1536.sdr.png	t1	8	20	47277	223.67829499125946	159.01400000007015	69.793	
9094-lilith-ai-illustrations	imazen-26-png-v3/png-v3/9094-lilith-ai-illustrations/9135_gen_illustrations_old-fisherman-river_1024x1536.sdr.png	t1	8	32	21519	264.01925399841275	99.81299999995485	40.921	
9094-lilith-ai-illustrations	imazen-26-png-v3/png-v3/9094-lilith-ai-illustrations/9135_gen_illustrations_old-fisherman-river_1024x1536.sdr.png	t1	8	44	6957	135.99854700441938	30.804999999958227	-8.040	
9094-lilith-ai-illustrations	imazen-26-png-v3/png-v3/9094-lilith-ai-illustrations/9135_gen_illustrations_old-fisherman-river_1024x1536.sdr.png	t1	10	20	47736	690.3373599925544	198.52000000000203	69.124	
9094-lilith-ai-illustrations	imazen-26-png-v3/png-v3/9094-lilith-ai-illustrations/9135_gen_illustrations_old-fisherman-river_1024x1536.sdr.png	t1	10	32	20628	447.4494349997258	28.411000000005515	38.406	
9094-lilith-ai-illustrations	imazen-26-png-v3/png-v3/9094-lilith-ai-illustrations/9135_gen_illustrations_old-fisherman-river_1024x1536.sdr.png	t1	10	44	6662	166.8634500092594	163.38500000001943	-8.709	
9094-lilith-ai-illustrations	imazen-26-png-v3/png-v3/9094-lilith-ai-illustrations/9135_gen_illustrations_old-fisherman-river_1024x1536.sdr.png	t3	4	20	54245	402.0708690077299	390.8620000000127	78.362	
9094-lilith-ai-illustrations	imazen-26-png-v3/png-v3/9094-lilith-ai-illustrations/9135_gen_illustrations_old-fisherman-river_1024x1536.sdr.png	t3	4	32	30696	365.77149499498773	537.943999999996	64.531	
9094-lilith-ai-illustrations	imazen-26-png-v3/png-v3/9094-lilith-ai-illustrations/9135_gen_illustrations_old-fisherman-river_1024x1536.sdr.png	t3	4	44	12051	358.74720501306	731.8359999999586	29.473	
9094-lilith-ai-illustrations	imazen-26-png-v3/png-v3/9094-lilith-ai-illustrations/9135_gen_illustrations_old-fisherman-river_1024x1536.sdr.png	t3	6	20	55710	286.0685360064963	356.8960000000345	78.339	
9094-lilith-ai-illustrations	imazen-26-png-v3/png-v3/9094-lilith-ai-illustrations/9135_gen_illustrations_old-fisherman-river_1024x1536.sdr.png	t3	6	32	32079	299.2325550003443	356.8960000000345	64.941	
9094-lilith-ai-illustrations	imazen-26-png-v3/png-v3/9094-lilith-ai-illustrations/9135_gen_illustrations_old-fisherman-river_1024x1536.sdr.png	t3	6	44	12886	256.8019379978068	167.54200000002584	30.027	
9094-lilith-ai-illustrations	imazen-26-png-v3/png-v3/9094-lilith-ai-illustrations/9135_gen_illustrations_old-fisherman-river_1024x1536.sdr.png	t3	8	20	59396	184.75773300451692	304.6730000000082	78.163	
9094-lilith-ai-illustrations	imazen-26-png-v3/png-v3/9094-lilith-ai-illustrations/9135_gen_illustrations_old-fisherman-river_1024x1536.sdr.png	t3	8	32	34335	332.2617289959453	298.43800000006127	64.937	
9094-lilith-ai-illustrations	imazen-26-png-v3/png-v3/9094-lilith-ai-illustrations/9135_gen_illustrations_old-fisherman-river_1024x1536.sdr.png	t3	8	44	13647	286.203862997354	73.84000000000412	31.066	
9094-lilith-ai-illustrations	imazen-26-png-v3/png-v3/9094-lilith-ai-illustrations/9135_gen_illustrations_old-fisherman-river_1024x1536.sdr.png	t3	10	20	60180	288.5160839941818	33.84900000003199	77.893	
9094-lilith-ai-illustrations	imazen-26-png-v3/png-v3/9094-lilith-ai-illustrations/9135_gen_illustrations_old-fisherman-river_1024x1536.sdr.png	t3	10	32	34654	114.12354599451646	93.37099999997633	64.562	
9094-lilith-ai-illustrations	imazen-26-png-v3/png-v3/9094-lilith-ai-illustrations/9135_gen_illustrations_old-fisherman-river_1024x1536.sdr.png	t3	10	44	13616	170.6938550050836	185.44799999999384	30.381	
9094-lilith-ai-illustrations	imazen-26-png-v3/png-v3/9094-lilith-ai-illustrations/9135_gen_illustrations_old-fisherman-river_1024x1536.sdr.png	o6	4	20	52413	339.48064800642896	712.1250000000003	77.694	
9094-lilith-ai-illustrations	imazen-26-png-v3/png-v3/9094-lilith-ai-illustrations/9135_gen_illustrations_old-fisherman-river_1024x1536.sdr.png	o6	4	32	28739	395.4432140017161	1257.4700000000548	62.443	
9094-lilith-ai-illustrations	imazen-26-png-v3/png-v3/9094-lilith-ai-illustrations/9135_gen_illustrations_old-fisherman-river_1024x1536.sdr.png	o6	4	44	10924	226.16243199445307	815.308999999985	24.909	
9094-lilith-ai-illustrations	imazen-26-png-v3/png-v3/9094-lilith-ai-illustrations/9135_gen_illustrations_old-fisherman-river_1024x1536.sdr.png	o6	6	20	53850	142.0722009934252	232.5779999999611	77.682	
9094-lilith-ai-illustrations	imazen-26-png-v3/png-v3/9094-lilith-ai-illustrations/9135_gen_illustrations_old-fisherman-river_1024x1536.sdr.png	o6	6	32	29913	179.31230200338177	560.8119999999275	62.882	
9094-lilith-ai-illustrations	imazen-26-png-v3/png-v3/9094-lilith-ai-illustrations/9135_gen_illustrations_old-fisherman-river_1024x1536.sdr.png	o6	6	44	11687	80.33901700400747	100.72599999999454	25.521	
9094-lilith-ai-illustrations	imazen-26-png-v3/png-v3/9094-lilith-ai-illustrations/9135_gen_illustrations_old-fisherman-river_1024x1536.sdr.png	o6	8	20	57448	106.6787169984309	199.2670000000345	77.452	
9094-lilith-ai-illustrations	imazen-26-png-v3/png-v3/9094-lilith-ai-illustrations/9135_gen_illustrations_old-fisherman-river_1024x1536.sdr.png	o6	8	32	32000	61.29167499602772	565.9800000000246	62.556	
9094-lilith-ai-illustrations	imazen-26-png-v3/png-v3/9094-lilith-ai-illustrations/9135_gen_illustrations_old-fisherman-river_1024x1536.sdr.png	o6	8	44	12336	182.29183000221383	58.93000000001791	26.057	
9094-lilith-ai-illustrations	imazen-26-png-v3/png-v3/9094-lilith-ai-illustrations/9135_gen_illustrations_old-fisherman-river_1024x1536.sdr.png	o6	10	20	58134	511.752840000554	67.62699999997324	77.112	
9094-lilith-ai-illustrations	imazen-26-png-v3/png-v3/9094-lilith-ai-illustrations/9135_gen_illustrations_old-fisherman-river_1024x1536.sdr.png	o6	10	32	32295	386.4735800016206	55.673999999953594	62.326	
9094-lilith-ai-illustrations	imazen-26-png-v3/png-v3/9094-lilith-ai-illustrations/9135_gen_illustrations_old-fisherman-river_1024x1536.sdr.png	o6	10	44	12270	151.17340500000864	162.18199999998717	25.242	
9094-lilith-ai-illustrations	imazen-26-png-v3/png-v3/9094-lilith-ai-illustrations/9135_gen_illustrations_old-fisherman-river_1024x1536.sdr.png	o7	4	20	48593	283.9067609893391	810.0910000000141	75.788	
9094-lilith-ai-illustrations	imazen-26-png-v3/png-v3/9094-lilith-ai-illustrations/9135_gen_illustrations_old-fisherman-river_1024x1536.sdr.png	o7	4	32	25155	357.20970599504653	1269.9750000000165	57.464	
9094-lilith-ai-illustrations	imazen-26-png-v3/png-v3/9094-lilith-ai-illustrations/9135_gen_illustrations_old-fisherman-river_1024x1536.sdr.png	o7	4	44	9162	258.3293380012037	958.9059999999847	16.962	
9094-lilith-ai-illustrations	imazen-26-png-v3/png-v3/9094-lilith-ai-illustrations/9135_gen_illustrations_old-fisherman-river_1024x1536.sdr.png	o7	6	20	49778	145.3008120006416	201.18999999998266	75.652	
9094-lilith-ai-illustrations	imazen-26-png-v3/png-v3/9094-lilith-ai-illustrations/9135_gen_illustrations_old-fisherman-river_1024x1536.sdr.png	o7	6	32	26215	176.38255799829494	307.2910000000064	57.836	
9094-lilith-ai-illustrations	imazen-26-png-v3/png-v3/9094-lilith-ai-illustrations/9135_gen_illustrations_old-fisherman-river_1024x1536.sdr.png	o7	6	44	9781	127.31766200158745	370.21900000003427	17.398	
9094-lilith-ai-illustrations	imazen-26-png-v3/png-v3/9094-lilith-ai-illustrations/9135_gen_illustrations_old-fisherman-river_1024x1536.sdr.png	o7	8	20	52933	95.392264003749	246.32800000000543	75.215	
9094-lilith-ai-illustrations	imazen-26-png-v3/png-v3/9094-lilith-ai-illustrations/9135_gen_illustrations_old-fisherman-river_1024x1536.sdr.png	o7	8	32	27743	75.18989899836015	542.9600000000505	57.387	
9094-lilith-ai-illustrations	imazen-26-png-v3/png-v3/9094-lilith-ai-illustrations/9135_gen_illustrations_old-fisherman-river_1024x1536.sdr.png	o7	8	44	10208	82.0676699950127	696.7829999999964	17.412	
9094-lilith-ai-illustrations	imazen-26-png-v3/png-v3/9094-lilith-ai-illustrations/9135_gen_illustrations_old-fisherman-river_1024x1536.sdr.png	o7	10	20	53494	674.8445080011152	108.01399999999717	74.964	
9094-lilith-ai-illustrations	imazen-26-png-v3/png-v3/9094-lilith-ai-illustrations/9135_gen_illustrations_old-fisherman-river_1024x1536.sdr.png	o7	10	32	27905	92.35005699156318	184.92699999998763	57.128	
9094-lilith-ai-illustrations	imazen-26-png-v3/png-v3/9094-lilith-ai-illustrations/9135_gen_illustrations_old-fisherman-river_1024x1536.sdr.png	o7	10	44	10146	95.5478590040002	156.07800000002214	16.038	
9094-lilith-ai-illustrations	imazen-26-png-v3/png-v3/9094-lilith-ai-illustrations/9135_gen_illustrations_old-fisherman-river_1024x1536.sdr.png	o8	4	20	46292	390.31508400512394	1065.7790000000632	74.705	
9094-lilith-ai-illustrations	imazen-26-png-v3/png-v3/9094-lilith-ai-illustrations/9135_gen_illustrations_old-fisherman-river_1024x1536.sdr.png	o8	4	32	23388	354.3222030129982	567.1959999999672	54.832	
9094-lilith-ai-illustrations	imazen-26-png-v3/png-v3/9094-lilith-ai-illustrations/9135_gen_illustrations_old-fisherman-river_1024x1536.sdr.png	o8	4	44	8405	328.54694400157314	773.2030000000094	11.071	
9094-lilith-ai-illustrations	imazen-26-png-v3/png-v3/9094-lilith-ai-illustrations/9135_gen_illustrations_old-fisherman-river_1024x1536.sdr.png	o8	6	20	47428	189.95409000490326	240.26699999994605	74.566	
9094-lilith-ai-illustrations	imazen-26-png-v3/png-v3/9094-lilith-ai-illustrations/9135_gen_illustrations_old-fisherman-river_1024x1536.sdr.png	o8	6	32	24349	126.88602200068999	204.7489999999641	54.380	
9094-lilith-ai-illustrations	imazen-26-png-v3/png-v3/9094-lilith-ai-illustrations/9135_gen_illustrations_old-fisherman-river_1024x1536.sdr.png	o8	6	44	8889	238.3095900004264	468.4360000000112	12.844	
9094-lilith-ai-illustrations	imazen-26-png-v3/png-v3/9094-lilith-ai-illustrations/9135_gen_illustrations_old-fisherman-river_1024x1536.sdr.png	o8	8	20	50323	246.9005239981925	91.28200000000675	73.863	
9094-lilith-ai-illustrations	imazen-26-png-v3/png-v3/9094-lilith-ai-illustrations/9135_gen_illustrations_old-fisherman-river_1024x1536.sdr.png	o8	8	32	25628	755.7356739998795	175.46800000000928	54.056	
9094-lilith-ai-illustrations	imazen-26-png-v3/png-v3/9094-lilith-ai-illustrations/9135_gen_illustrations_old-fisherman-river_1024x1536.sdr.png	o8	8	44	9204	409.76747500826605	87.68500000000756	11.942	
9094-lilith-ai-illustrations	imazen-26-png-v3/png-v3/9094-lilith-ai-illustrations/9135_gen_illustrations_old-fisherman-river_1024x1536.sdr.png	o8	10	20	50849	138.26479999988806	60.978999999989014	73.610	
9094-lilith-ai-illustrations	imazen-26-png-v3/png-v3/9094-lilith-ai-illustrations/9135_gen_illustrations_old-fisherman-river_1024x1536.sdr.png	o8	10	32	25716	195.41413900151383	80.2940000000234	53.610	
9094-lilith-ai-illustrations	imazen-26-png-v3/png-v3/9094-lilith-ai-illustrations/9135_gen_illustrations_old-fisherman-river_1024x1536.sdr.png	o8	10	44	9105	400.1532880065497	377.506000000011	10.177	
9094-lilith-ai-illustrations	imazen-26-png-v3/png-v3/9094-lilith-ai-illustrations/9135_gen_illustrations_old-fisherman-river_1024x1536.sdr.png	o7ac	4	20	48633	405.36981500918046	560.7200000000034	75.779	
9094-lilith-ai-illustrations	imazen-26-png-v3/png-v3/9094-lilith-ai-illustrations/9135_gen_illustrations_old-fisherman-river_1024x1536.sdr.png	o7ac	4	32	25153	348.6956669948995	308.9540000000284	57.796	
9094-lilith-ai-illustrations	imazen-26-png-v3/png-v3/9094-lilith-ai-illustrations/9135_gen_illustrations_old-fisherman-river_1024x1536.sdr.png	o7ac	4	44	9163	323.04323199787177	831.5940000000239	17.610	
9094-lilith-ai-illustrations	imazen-26-png-v3/png-v3/9094-lilith-ai-illustrations/9135_gen_illustrations_old-fisherman-river_1024x1536.sdr.png	o7ac	6	20	49821	259.21825600380544	365.14200000002006	75.828	
9094-lilith-ai-illustrations	imazen-26-png-v3/png-v3/9094-lilith-ai-illustrations/9135_gen_illustrations_old-fisherman-river_1024x1536.sdr.png	o7ac	6	32	26182	264.18019901029766	427.0270000000238	58.013	
9094-lilith-ai-illustrations	imazen-26-png-v3/png-v3/9094-lilith-ai-illustrations/9135_gen_illustrations_old-fisherman-river_1024x1536.sdr.png	o7ac	6	44	9787	342.70545199979097	188.87199999996085	17.320	
9094-lilith-ai-illustrations	imazen-26-png-v3/png-v3/9094-lilith-ai-illustrations/9135_gen_illustrations_old-fisherman-river_1024x1536.sdr.png	o7ac	8	20	52942	145.3694230003748	118.01500000001397	75.264	
9094-lilith-ai-illustrations	imazen-26-png-v3/png-v3/9094-lilith-ai-illustrations/9135_gen_illustrations_old-fisherman-river_1024x1536.sdr.png	o7ac	8	32	27745	342.8421510034241	188.87199999996085	57.386	
9094-lilith-ai-illustrations	imazen-26-png-v3/png-v3/9094-lilith-ai-illustrations/9135_gen_illustrations_old-fisherman-river_1024x1536.sdr.png	o7ac	8	44	10203	227.5844830001006	122.8800000000092	17.369	
9094-lilith-ai-illustrations	imazen-26-png-v3/png-v3/9094-lilith-ai-illustrations/9135_gen_illustrations_old-fisherman-river_1024x1536.sdr.png	o7ac	10	20	53493	261.72758200846147	45.07900000001541	74.963	
9094-lilith-ai-illustrations	imazen-26-png-v3/png-v3/9094-lilith-ai-illustrations/9135_gen_illustrations_old-fisherman-river_1024x1536.sdr.png	o7ac	10	32	27910	366.0913219937356	32.0459999999656	57.129	
9094-lilith-ai-illustrations	imazen-26-png-v3/png-v3/9094-lilith-ai-illustrations/9135_gen_illustrations_old-fisherman-river_1024x1536.sdr.png	o7ac	10	44	10146	176.51468901021872	91.6520000000105	16.038	
9226-lilith-ai-products	imazen-26-png-v3/png-v3/9226-lilith-ai-products/beauty/9303_gen_products-beauty_florwell-bath-soak-back_ingredients_p0074_1024x1536.sdr.png	t1	4	20	24755	303.6988459934946	900.7980000000515	65.048	
9226-lilith-ai-products	imazen-26-png-v3/png-v3/9226-lilith-ai-products/beauty/9303_gen_products-beauty_florwell-bath-soak-back_ingredients_p0074_1024x1536.sdr.png	t1	4	32	12685	270.2622689976124	839.9079999999799	43.238	
9226-lilith-ai-products	imazen-26-png-v3/png-v3/9226-lilith-ai-products/beauty/9303_gen_products-beauty_florwell-bath-soak-back_ingredients_p0074_1024x1536.sdr.png	t1	4	44	6882	222.08193301048595	642.2760000000096	25.359	
9226-lilith-ai-products	imazen-26-png-v3/png-v3/9226-lilith-ai-products/beauty/9303_gen_products-beauty_florwell-bath-soak-back_ingredients_p0074_1024x1536.sdr.png	t1	6	20	25800	181.7313350038603	449.00700000003724	65.766	
9226-lilith-ai-products	imazen-26-png-v3/png-v3/9226-lilith-ai-products/beauty/9303_gen_products-beauty_florwell-bath-soak-back_ingredients_p0074_1024x1536.sdr.png	t1	6	32	13417	94.25316100532655	154.06600000002868	43.051	
9226-lilith-ai-products	imazen-26-png-v3/png-v3/9226-lilith-ai-products/beauty/9303_gen_products-beauty_florwell-bath-soak-back_ingredients_p0074_1024x1536.sdr.png	t1	6	44	7009	151.88213001238182	685.525000000041	24.415	
9226-lilith-ai-products	imazen-26-png-v3/png-v3/9226-lilith-ai-products/beauty/9303_gen_products-beauty_florwell-bath-soak-back_ingredients_p0074_1024x1536.sdr.png	t1	8	20	27236	72.80771400837693	283.395999999982	64.987	
9226-lilith-ai-products	imazen-26-png-v3/png-v3/9226-lilith-ai-products/beauty/9303_gen_products-beauty_florwell-bath-soak-back_ingredients_p0074_1024x1536.sdr.png	t1	8	32	14036	90.46992599905934	628.7069999999915	41.858	
9226-lilith-ai-products	imazen-26-png-v3/png-v3/9226-lilith-ai-products/beauty/9303_gen_products-beauty_florwell-bath-soak-back_ingredients_p0074_1024x1536.sdr.png	t1	8	44	7174	85.81525699992198	643.9180000000277	22.666	
9226-lilith-ai-products	imazen-26-png-v3/png-v3/9226-lilith-ai-products/beauty/9303_gen_products-beauty_florwell-bath-soak-back_ingredients_p0074_1024x1536.sdr.png	t1	10	20	30571	98.7693670031149	82.97800000001132	65.313	
9226-lilith-ai-products	imazen-26-png-v3/png-v3/9226-lilith-ai-products/beauty/9303_gen_products-beauty_florwell-bath-soak-back_ingredients_p0074_1024x1536.sdr.png	t1	10	32	15213	343.1264520040713	70.43599999997241	42.260	
9226-lilith-ai-products	imazen-26-png-v3/png-v3/9226-lilith-ai-products/beauty/9303_gen_products-beauty_florwell-bath-soak-back_ingredients_p0074_1024x1536.sdr.png	t1	10	44	7316	302.3179340088973	38.01699999995378	21.279	
9226-lilith-ai-products	imazen-26-png-v3/png-v3/9226-lilith-ai-products/beauty/9303_gen_products-beauty_florwell-bath-soak-back_ingredients_p0074_1024x1536.sdr.png	t3	4	20	37322	309.5420739991823	490.73500000002923	75.876	
9226-lilith-ai-products	imazen-26-png-v3/png-v3/9226-lilith-ai-products/beauty/9303_gen_products-beauty_florwell-bath-soak-back_ingredients_p0074_1024x1536.sdr.png	t3	4	32	19949	222.18550900288392	258.08399999999665	62.356	
9226-lilith-ai-products	imazen-26-png-v3/png-v3/9226-lilith-ai-products/beauty/9303_gen_products-beauty_florwell-bath-soak-back_ingredients_p0074_1024x1536.sdr.png	t3	4	44	8219	356.0202369990293	795.6760000000145	38.003	
9226-lilith-ai-products	imazen-26-png-v3/png-v3/9226-lilith-ai-products/beauty/9303_gen_products-beauty_florwell-bath-soak-back_ingredients_p0074_1024x1536.sdr.png	t3	6	20	38349	283.0595119885402	757.6190000000338	75.771	
9226-lilith-ai-products	imazen-26-png-v3/png-v3/9226-lilith-ai-products/beauty/9303_gen_products-beauty_florwell-bath-soak-back_ingredients_p0074_1024x1536.sdr.png	t3	6	32	21035	231.3278410001658	426.4899999999727	63.016	
9226-lilith-ai-products	imazen-26-png-v3/png-v3/9226-lilith-ai-products/beauty/9303_gen_products-beauty_florwell-bath-soak-back_ingredients_p0074_1024x1536.sdr.png	t3	6	44	8553	298.7818389956374	372.53599999998244	38.626	
9226-lilith-ai-products	imazen-26-png-v3/png-v3/9226-lilith-ai-products/beauty/9303_gen_products-beauty_florwell-bath-soak-back_ingredients_p0074_1024x1536.sdr.png	t3	8	20	40768	107.43531399930362	190.40700000000754	75.308	
9226-lilith-ai-products	imazen-26-png-v3/png-v3/9226-lilith-ai-products/beauty/9303_gen_products-beauty_florwell-bath-soak-back_ingredients_p0074_1024x1536.sdr.png	t3	8	32	22486	154.05651000037324	310.7569999999811	62.846	
9226-lilith-ai-products	imazen-26-png-v3/png-v3/9226-lilith-ai-products/beauty/9303_gen_products-beauty_florwell-bath-soak-back_ingredients_p0074_1024x1536.sdr.png	t3	8	44	9114	210.21271200152114	165.25100000002624	38.050	
9226-lilith-ai-products	imazen-26-png-v3/png-v3/9226-lilith-ai-products/beauty/9303_gen_products-beauty_florwell-bath-soak-back_ingredients_p0074_1024x1536.sdr.png	t3	10	20	42326	250.11627200001385	125.43600000002186	75.005	
9226-lilith-ai-products	imazen-26-png-v3/png-v3/9226-lilith-ai-products/beauty/9303_gen_products-beauty_florwell-bath-soak-back_ingredients_p0074_1024x1536.sdr.png	t3	10	32	23697	127.61842300824355	52.08700000000022	61.919	
9226-lilith-ai-products	imazen-26-png-v3/png-v3/9226-lilith-ai-products/beauty/9303_gen_products-beauty_florwell-bath-soak-back_ingredients_p0074_1024x1536.sdr.png	t3	10	44	9422	303.2663850026438	54.22900000000652	35.775	
9226-lilith-ai-products	imazen-26-png-v3/png-v3/9226-lilith-ai-products/beauty/9303_gen_products-beauty_florwell-bath-soak-back_ingredients_p0074_1024x1536.sdr.png	o6	4	20	35320	380.69161999737844	290.2289999999681	74.891	
9226-lilith-ai-products	imazen-26-png-v3/png-v3/9226-lilith-ai-products/beauty/9303_gen_products-beauty_florwell-bath-soak-back_ingredients_p0074_1024x1536.sdr.png	o6	4	32	18275	280.6670689897146	442.26199999997107	59.936	
9226-lilith-ai-products	imazen-26-png-v3/png-v3/9226-lilith-ai-products/beauty/9303_gen_products-beauty_florwell-bath-soak-back_ingredients_p0074_1024x1536.sdr.png	o6	4	44	7650	236.31854899576865	639.2980000000108	36.443	
9226-lilith-ai-products	imazen-26-png-v3/png-v3/9226-lilith-ai-products/beauty/9303_gen_products-beauty_florwell-bath-soak-back_ingredients_p0074_1024x1536.sdr.png	o6	6	20	36274	141.08372399641667	527.2400000000204	74.665	
9226-lilith-ai-products	imazen-26-png-v3/png-v3/9226-lilith-ai-products/beauty/9303_gen_products-beauty_florwell-bath-soak-back_ingredients_p0074_1024x1536.sdr.png	o6	6	32	19145	102.00612399785314	311.88400000000627	60.545	
9226-lilith-ai-products	imazen-26-png-v3/png-v3/9226-lilith-ai-products/beauty/9303_gen_products-beauty_florwell-bath-soak-back_ingredients_p0074_1024x1536.sdr.png	o6	6	44	7794	207.8087780100759	319.36200000002657	36.447	
9226-lilith-ai-products	imazen-26-png-v3/png-v3/9226-lilith-ai-products/beauty/9303_gen_products-beauty_florwell-bath-soak-back_ingredients_p0074_1024x1536.sdr.png	o6	8	20	38560	123.33002800005488	137.85100000002615	73.982	
9226-lilith-ai-products	imazen-26-png-v3/png-v3/9226-lilith-ai-products/beauty/9303_gen_products-beauty_florwell-bath-soak-back_ingredients_p0074_1024x1536.sdr.png	o6	8	32	20374	135.3908729943214	189.8259999999965	60.223	
9226-lilith-ai-products	imazen-26-png-v3/png-v3/9226-lilith-ai-products/beauty/9303_gen_products-beauty_florwell-bath-soak-back_ingredients_p0074_1024x1536.sdr.png	o6	8	44	8258	89.24774600018281	175.73600000000056	35.405	
9226-lilith-ai-products	imazen-26-png-v3/png-v3/9226-lilith-ai-products/beauty/9303_gen_products-beauty_florwell-bath-soak-back_ingredients_p0074_1024x1536.sdr.png	o6	10	20	40000	158.97824600688182	136.09199999996235	73.699	
9226-lilith-ai-products	imazen-26-png-v3/png-v3/9226-lilith-ai-products/beauty/9303_gen_products-beauty_florwell-bath-soak-back_ingredients_p0074_1024x1536.sdr.png	o6	10	32	21301	71.79794799594674	97.62899999998353	59.200	
9226-lilith-ai-products	imazen-26-png-v3/png-v3/9226-lilith-ai-products/beauty/9303_gen_products-beauty_florwell-bath-soak-back_ingredients_p0074_1024x1536.sdr.png	o6	10	44	8446	310.59467200248037	55.02099999996801	32.760	
9226-lilith-ai-products	imazen-26-png-v3/png-v3/9226-lilith-ai-products/beauty/9303_gen_products-beauty_florwell-bath-soak-back_ingredients_p0074_1024x1536.sdr.png	o7	4	20	33611	606.9365779985674	284.3130000000258	73.689	
9226-lilith-ai-products	imazen-26-png-v3/png-v3/9226-lilith-ai-products/beauty/9303_gen_products-beauty_florwell-bath-soak-back_ingredients_p0074_1024x1536.sdr.png	o7	4	32	17073	471.34513400669675	428.6070000000137	58.051	
9226-lilith-ai-products	imazen-26-png-v3/png-v3/9226-lilith-ai-products/beauty/9303_gen_products-beauty_florwell-bath-soak-back_ingredients_p0074_1024x1536.sdr.png	o7	4	44	7161	432.5208649970591	919.0749999999781	34.005	
9226-lilith-ai-products	imazen-26-png-v3/png-v3/9226-lilith-ai-products/beauty/9303_gen_products-beauty_florwell-bath-soak-back_ingredients_p0074_1024x1536.sdr.png	o7	6	20	34509	109.73126400494948	268.7490000000139	73.514	
9226-lilith-ai-products	imazen-26-png-v3/png-v3/9226-lilith-ai-products/beauty/9303_gen_products-beauty_florwell-bath-soak-back_ingredients_p0074_1024x1536.sdr.png	o7	6	32	17916	109.70658699807245	363.69999999999436	58.232	
9226-lilith-ai-products	imazen-26-png-v3/png-v3/9226-lilith-ai-products/beauty/9303_gen_products-beauty_florwell-bath-soak-back_ingredients_p0074_1024x1536.sdr.png	o7	6	44	7347	115.71965600887779	84.52299999996171	34.052	
9226-lilith-ai-products	imazen-26-png-v3/png-v3/9226-lilith-ai-products/beauty/9303_gen_products-beauty_florwell-bath-soak-back_ingredients_p0074_1024x1536.sdr.png	o7	8	20	36626	106.15972201048862	300.55199999998194	72.594	
9226-lilith-ai-products	imazen-26-png-v3/png-v3/9226-lilith-ai-products/beauty/9303_gen_products-beauty_florwell-bath-soak-back_ingredients_p0074_1024x1536.sdr.png	o7	8	32	18868	97.98137100005988	250.66900000001624	57.851	
9226-lilith-ai-products	imazen-26-png-v3/png-v3/9226-lilith-ai-products/beauty/9303_gen_products-beauty_florwell-bath-soak-back_ingredients_p0074_1024x1536.sdr.png	o7	8	44	7681	93.37839999352582	98.73800000001154	32.718	
9226-lilith-ai-products	imazen-26-png-v3/png-v3/9226-lilith-ai-products/beauty/9303_gen_products-beauty_florwell-bath-soak-back_ingredients_p0074_1024x1536.sdr.png	o7	10	20	38054	388.57981900218874	120.89800000002526	72.267	
9226-lilith-ai-products	imazen-26-png-v3/png-v3/9226-lilith-ai-products/beauty/9303_gen_products-beauty_florwell-bath-soak-back_ingredients_p0074_1024x1536.sdr.png	o7	10	32	19493	168.80416599451564	36.788000000015586	56.911	
9226-lilith-ai-products	imazen-26-png-v3/png-v3/9226-lilith-ai-products/beauty/9303_gen_products-beauty_florwell-bath-soak-back_ingredients_p0074_1024x1536.sdr.png	o7	10	44	7765	565.1994080108125	67.69599999998377	29.844	
9226-lilith-ai-products	imazen-26-png-v3/png-v3/9226-lilith-ai-products/beauty/9303_gen_products-beauty_florwell-bath-soak-back_ingredients_p0074_1024x1536.sdr.png	o8	4	20	33067	357.2932050010422	641.7129999999531	73.309	
9226-lilith-ai-products	imazen-26-png-v3/png-v3/9226-lilith-ai-products/beauty/9303_gen_products-beauty_florwell-bath-soak-back_ingredients_p0074_1024x1536.sdr.png	o8	4	32	16543	326.47877700219397	609.0139999999735	57.079	
9226-lilith-ai-products	imazen-26-png-v3/png-v3/9226-lilith-ai-products/beauty/9303_gen_products-beauty_florwell-bath-soak-back_ingredients_p0074_1024x1536.sdr.png	o8	4	44	7021	198.19741499668453	569.8059999999714	33.213	
9226-lilith-ai-products	imazen-26-png-v3/png-v3/9226-lilith-ai-products/beauty/9303_gen_products-beauty_florwell-bath-soak-back_ingredients_p0074_1024x1536.sdr.png	o8	6	20	34003	226.93949801032431	709.5709999999826	73.171	
9226-lilith-ai-products	imazen-26-png-v3/png-v3/9226-lilith-ai-products/beauty/9303_gen_products-beauty_florwell-bath-soak-back_ingredients_p0074_1024x1536.sdr.png	o8	6	32	17467	109.05572099727578	616.6270000000509	57.491	
9226-lilith-ai-products	imazen-26-png-v3/png-v3/9226-lilith-ai-products/beauty/9303_gen_products-beauty_florwell-bath-soak-back_ingredients_p0074_1024x1536.sdr.png	o8	6	44	7260	174.59913100174163	178.31399999995767	33.235	
9226-lilith-ai-products	imazen-26-png-v3/png-v3/9226-lilith-ai-products/beauty/9303_gen_products-beauty_florwell-bath-soak-back_ingredients_p0074_1024x1536.sdr.png	o8	8	20	36012	218.22135099500883	134.6690000000308	72.144	
9226-lilith-ai-products	imazen-26-png-v3/png-v3/9226-lilith-ai-products/beauty/9303_gen_products-beauty_florwell-bath-soak-back_ingredients_p0074_1024x1536.sdr.png	o8	8	32	18339	290.96153799036983	105.74799999994866	56.843	
9226-lilith-ai-products	imazen-26-png-v3/png-v3/9226-lilith-ai-products/beauty/9303_gen_products-beauty_florwell-bath-soak-back_ingredients_p0074_1024x1536.sdr.png	o8	8	44	7533	670.1950490096351	122.76599999995597	31.815	
9226-lilith-ai-products	imazen-26-png-v3/png-v3/9226-lilith-ai-products/beauty/9303_gen_products-beauty_florwell-bath-soak-back_ingredients_p0074_1024x1536.sdr.png	o8	10	20	37407	618.1483889959054	112.04899999998474	71.820	
9226-lilith-ai-products	imazen-26-png-v3/png-v3/9226-lilith-ai-products/beauty/9303_gen_products-beauty_florwell-bath-soak-back_ingredients_p0074_1024x1536.sdr.png	o8	10	32	18909	269.889280985808	168.4919999999579	55.955	
9226-lilith-ai-products	imazen-26-png-v3/png-v3/9226-lilith-ai-products/beauty/9303_gen_products-beauty_florwell-bath-soak-back_ingredients_p0074_1024x1536.sdr.png	o8	10	44	7588	73.74437400721945	66.61800000003382	29.036	
9226-lilith-ai-products	imazen-26-png-v3/png-v3/9226-lilith-ai-products/beauty/9303_gen_products-beauty_florwell-bath-soak-back_ingredients_p0074_1024x1536.sdr.png	o7ac	4	20	33736	209.08779599994887	344.61200000004055	73.732	
9226-lilith-ai-products	imazen-26-png-v3/png-v3/9226-lilith-ai-products/beauty/9303_gen_products-beauty_florwell-bath-soak-back_ingredients_p0074_1024x1536.sdr.png	o7ac	4	32	17142	230.0810239976272	478.1929999999761	57.760	
9226-lilith-ai-products	imazen-26-png-v3/png-v3/9226-lilith-ai-products/beauty/9303_gen_products-beauty_florwell-bath-soak-back_ingredients_p0074_1024x1536.sdr.png	o7ac	4	44	7125	423.39882199303247	833.7889999999533	34.345	
9226-lilith-ai-products	imazen-26-png-v3/png-v3/9226-lilith-ai-products/beauty/9303_gen_products-beauty_florwell-bath-soak-back_ingredients_p0074_1024x1536.sdr.png	o7ac	6	20	34591	253.9008180028759	350.36599999996554	73.597	
9226-lilith-ai-products	imazen-26-png-v3/png-v3/9226-lilith-ai-products/beauty/9303_gen_products-beauty_florwell-bath-soak-back_ingredients_p0074_1024x1536.sdr.png	o7ac	6	32	17962	192.3510130000068	367.57500000004484	58.213	
9226-lilith-ai-products	imazen-26-png-v3/png-v3/9226-lilith-ai-products/beauty/9303_gen_products-beauty_florwell-bath-soak-back_ingredients_p0074_1024x1536.sdr.png	o7ac	6	44	7349	192.21702800132334	367.57500000004484	33.920	
9226-lilith-ai-products	imazen-26-png-v3/png-v3/9226-lilith-ai-products/beauty/9303_gen_products-beauty_florwell-bath-soak-back_ingredients_p0074_1024x1536.sdr.png	o7ac	8	20	36649	258.52550999843515	295.77199999997106	72.613	
9226-lilith-ai-products	imazen-26-png-v3/png-v3/9226-lilith-ai-products/beauty/9303_gen_products-beauty_florwell-bath-soak-back_ingredients_p0074_1024x1536.sdr.png	o7ac	8	32	18878	149.75644400692545	99.39800000002208	57.861	
9226-lilith-ai-products	imazen-26-png-v3/png-v3/9226-lilith-ai-products/beauty/9303_gen_products-beauty_florwell-bath-soak-back_ingredients_p0074_1024x1536.sdr.png	o7ac	8	44	7682	154.93674100434873	146.92300000001524	32.679	
9226-lilith-ai-products	imazen-26-png-v3/png-v3/9226-lilith-ai-products/beauty/9303_gen_products-beauty_florwell-bath-soak-back_ingredients_p0074_1024x1536.sdr.png	o7ac	10	20	38073	160.43501200329047	135.78900000005945	72.259	
9226-lilith-ai-products	imazen-26-png-v3/png-v3/9226-lilith-ai-products/beauty/9303_gen_products-beauty_florwell-bath-soak-back_ingredients_p0074_1024x1536.sdr.png	o7ac	10	32	19490	229.24135900393594	162.34900000002028	56.915	
9226-lilith-ai-products	imazen-26-png-v3/png-v3/9226-lilith-ai-products/beauty/9303_gen_products-beauty_florwell-bath-soak-back_ingredients_p0074_1024x1536.sdr.png	o7ac	10	44	7765	169.83013499702793	162.34900000002028	29.844	
9226-lilith-ai-products	imazen-26-png-v3/png-v3/9226-lilith-ai-products/home/kitchen/9817_gen_products-home-kitchen_fieldstone-glass-storage-set_p0578_1536x1024.sdr.png	t1	4	20	16790	338.2711209997069	243.8370000000134	78.599	
9226-lilith-ai-products	imazen-26-png-v3/png-v3/9226-lilith-ai-products/home/kitchen/9817_gen_products-home-kitchen_fieldstone-glass-storage-set_p0578_1536x1024.sdr.png	t1	4	32	9327	360.30344100436196	272.84599999998704	66.270	
9226-lilith-ai-products	imazen-26-png-v3/png-v3/9226-lilith-ai-products/home/kitchen/9817_gen_products-home-kitchen_fieldstone-glass-storage-set_p0578_1536x1024.sdr.png	t1	4	44	4235	341.75799299555365	192.70199999996862	39.608	
9226-lilith-ai-products	imazen-26-png-v3/png-v3/9226-lilith-ai-products/home/kitchen/9817_gen_products-home-kitchen_fieldstone-glass-storage-set_p0578_1536x1024.sdr.png	t1	6	20	22528	258.5479030094575	195.35300000002565	79.864	
9226-lilith-ai-products	imazen-26-png-v3/png-v3/9226-lilith-ai-products/home/kitchen/9817_gen_products-home-kitchen_fieldstone-glass-storage-set_p0578_1536x1024.sdr.png	t1	6	32	13065	246.3408120092936	245.91600000003666	66.915	
9226-lilith-ai-products	imazen-26-png-v3/png-v3/9226-lilith-ai-products/home/kitchen/9817_gen_products-home-kitchen_fieldstone-glass-storage-set_p0578_1536x1024.sdr.png	t1	6	44	6531	254.92070500331465	146.5329999999625	41.690	
9226-lilith-ai-products	imazen-26-png-v3/png-v3/9226-lilith-ai-products/home/kitchen/9817_gen_products-home-kitchen_fieldstone-glass-storage-set_p0578_1536x1024.sdr.png	t1	8	20	23303	158.4204380051233	64.94399999995437	79.393	
9226-lilith-ai-products	imazen-26-png-v3/png-v3/9226-lilith-ai-products/home/kitchen/9817_gen_products-home-kitchen_fieldstone-glass-storage-set_p0578_1536x1024.sdr.png	t1	8	32	13546	305.76466899947263	88.40700000001789	65.606	
9226-lilith-ai-products	imazen-26-png-v3/png-v3/9226-lilith-ai-products/home/kitchen/9817_gen_products-home-kitchen_fieldstone-glass-storage-set_p0578_1536x1024.sdr.png	t1	8	44	6716	220.79743299400434	78.48499999997216	40.341	
9226-lilith-ai-products	imazen-26-png-v3/png-v3/9226-lilith-ai-products/home/kitchen/9817_gen_products-home-kitchen_fieldstone-glass-storage-set_p0578_1536x1024.sdr.png	t1	10	20	25100	257.8848239936633	116.69200000002888	79.328	
9226-lilith-ai-products	imazen-26-png-v3/png-v3/9226-lilith-ai-products/home/kitchen/9817_gen_products-home-kitchen_fieldstone-glass-storage-set_p0578_1536x1024.sdr.png	t1	10	32	13882	270.6273429939756	166.73099999999863	53.424	
9226-lilith-ai-products	imazen-26-png-v3/png-v3/9226-lilith-ai-products/home/kitchen/9817_gen_products-home-kitchen_fieldstone-glass-storage-set_p0578_1536x1024.sdr.png	t1	10	44	6827	92.90621300169732	17.694000000020083	33.781	
9226-lilith-ai-products	imazen-26-png-v3/png-v3/9226-lilith-ai-products/home/kitchen/9817_gen_products-home-kitchen_fieldstone-glass-storage-set_p0578_1536x1024.sdr.png	t3	4	20	22432	299.92530099116266	245.75900000004935	84.105	
9226-lilith-ai-products	imazen-26-png-v3/png-v3/9226-lilith-ai-products/home/kitchen/9817_gen_products-home-kitchen_fieldstone-glass-storage-set_p0578_1536x1024.sdr.png	t3	4	32	12919	217.42369700223207	221.08000000002903	75.152	
9226-lilith-ai-products	imazen-26-png-v3/png-v3/9226-lilith-ai-products/home/kitchen/9817_gen_products-home-kitchen_fieldstone-glass-storage-set_p0578_1536x1024.sdr.png	t3	4	44	5932	102.92271399521269	93.96699999996372	54.084	
9226-lilith-ai-products	imazen-26-png-v3/png-v3/9226-lilith-ai-products/home/kitchen/9817_gen_products-home-kitchen_fieldstone-glass-storage-set_p0578_1536x1024.sdr.png	t3	6	20	27937	214.33996099221986	121.20400000007692	84.090	
9226-lilith-ai-products	imazen-26-png-v3/png-v3/9226-lilith-ai-products/home/kitchen/9817_gen_products-home-kitchen_fieldstone-glass-storage-set_p0578_1536x1024.sdr.png	t3	6	32	17062	283.2436619937653	168.74499999995862	74.956	
9226-lilith-ai-products	imazen-26-png-v3/png-v3/9226-lilith-ai-products/home/kitchen/9817_gen_products-home-kitchen_fieldstone-glass-storage-set_p0578_1536x1024.sdr.png	t3	6	44	8567	199.67249598994385	118.25499999999067	53.794	
9226-lilith-ai-products	imazen-26-png-v3/png-v3/9226-lilith-ai-products/home/kitchen/9817_gen_products-home-kitchen_fieldstone-glass-storage-set_p0578_1536x1024.sdr.png	t3	8	20	28972	141.71209699998144	94.50099999999395	83.693	
9226-lilith-ai-products	imazen-26-png-v3/png-v3/9226-lilith-ai-products/home/kitchen/9817_gen_products-home-kitchen_fieldstone-glass-storage-set_p0578_1536x1024.sdr.png	t3	8	32	17776	487.32847700011916	28.463000000030547	74.602	
9226-lilith-ai-products	imazen-26-png-v3/png-v3/9226-lilith-ai-products/home/kitchen/9817_gen_products-home-kitchen_fieldstone-glass-storage-set_p0578_1536x1024.sdr.png	t3	8	44	8924	77.00042698706966	51.163000000059355	53.187	
9226-lilith-ai-products	imazen-26-png-v3/png-v3/9226-lilith-ai-products/home/kitchen/9817_gen_products-home-kitchen_fieldstone-glass-storage-set_p0578_1536x1024.sdr.png	t3	10	20	31132	289.0923590020975	67.41000000000952	83.887	
9226-lilith-ai-products	imazen-26-png-v3/png-v3/9226-lilith-ai-products/home/kitchen/9817_gen_products-home-kitchen_fieldstone-glass-storage-set_p0578_1536x1024.sdr.png	t3	10	32	19143	164.10655500658322	84.53699999999742	74.495	
9226-lilith-ai-products	imazen-26-png-v3/png-v3/9226-lilith-ai-products/home/kitchen/9817_gen_products-home-kitchen_fieldstone-glass-storage-set_p0578_1536x1024.sdr.png	t3	10	44	9764	256.60536500799935	353.51099999996904	52.766	
9226-lilith-ai-products	imazen-26-png-v3/png-v3/9226-lilith-ai-products/home/kitchen/9817_gen_products-home-kitchen_fieldstone-glass-storage-set_p0578_1536x1024.sdr.png	o6	4	20	20617	260.16174801043235	353.51099999996904	83.107	
9226-lilith-ai-products	imazen-26-png-v3/png-v3/9226-lilith-ai-products/home/kitchen/9817_gen_products-home-kitchen_fieldstone-glass-storage-set_p0578_1536x1024.sdr.png	o6	4	32	11504	136.6050689975964	258.0420000000174	72.396	
9226-lilith-ai-products	imazen-26-png-v3/png-v3/9226-lilith-ai-products/home/kitchen/9817_gen_products-home-kitchen_fieldstone-glass-storage-set_p0578_1536x1024.sdr.png	o6	4	44	5189	214.78886299883015	363.12099999997827	49.859	
9226-lilith-ai-products	imazen-26-png-v3/png-v3/9226-lilith-ai-products/home/kitchen/9817_gen_products-home-kitchen_fieldstone-glass-storage-set_p0578_1536x1024.sdr.png	o6	6	20	25742	195.18522499129176	98.34399999995469	82.999	
9226-lilith-ai-products	imazen-26-png-v3/png-v3/9226-lilith-ai-products/home/kitchen/9817_gen_products-home-kitchen_fieldstone-glass-storage-set_p0578_1536x1024.sdr.png	o6	6	32	15253	200.5427699914435	138.83899999997595	72.161	
9226-lilith-ai-products	imazen-26-png-v3/png-v3/9226-lilith-ai-products/home/kitchen/9817_gen_products-home-kitchen_fieldstone-glass-storage-set_p0578_1536x1024.sdr.png	o6	6	44	7407	237.5043999927584	211.81800000000806	48.319	
9226-lilith-ai-products	imazen-26-png-v3/png-v3/9226-lilith-ai-products/home/kitchen/9817_gen_products-home-kitchen_fieldstone-glass-storage-set_p0578_1536x1024.sdr.png	o6	8	20	26808	139.1574859881075	135.14800000000093	82.342	
9226-lilith-ai-products	imazen-26-png-v3/png-v3/9226-lilith-ai-products/home/kitchen/9817_gen_products-home-kitchen_fieldstone-glass-storage-set_p0578_1536x1024.sdr.png	o6	8	32	15897	139.08588999765925	55.24699999998006	71.667	
9226-lilith-ai-products	imazen-26-png-v3/png-v3/9226-lilith-ai-products/home/kitchen/9817_gen_products-home-kitchen_fieldstone-glass-storage-set_p0578_1536x1024.sdr.png	o6	8	44	7705	359.37900499266107	141.11099999996668	47.895	
9226-lilith-ai-products	imazen-26-png-v3/png-v3/9226-lilith-ai-products/home/kitchen/9817_gen_products-home-kitchen_fieldstone-glass-storage-set_p0578_1536x1024.sdr.png	o6	10	20	28792	164.4955929950811	54.88900000000285	82.462	
9226-lilith-ai-products	imazen-26-png-v3/png-v3/9226-lilith-ai-products/home/kitchen/9817_gen_products-home-kitchen_fieldstone-glass-storage-set_p0578_1536x1024.sdr.png	o6	10	32	17087	225.7650880055735	94.64299999996229	71.682	
9226-lilith-ai-products	imazen-26-png-v3/png-v3/9226-lilith-ai-products/home/kitchen/9817_gen_products-home-kitchen_fieldstone-glass-storage-set_p0578_1536x1024.sdr.png	o6	10	44	8432	80.9550669946475	32.85700000002123	47.512	
9226-lilith-ai-products	imazen-26-png-v3/png-v3/9226-lilith-ai-products/home/kitchen/9817_gen_products-home-kitchen_fieldstone-glass-storage-set_p0578_1536x1024.sdr.png	o7	4	20	19113	179.301280004438	241.01700000001358	82.017	
9226-lilith-ai-products	imazen-26-png-v3/png-v3/9226-lilith-ai-products/home/kitchen/9817_gen_products-home-kitchen_fieldstone-glass-storage-set_p0578_1536x1024.sdr.png	o7	4	32	10401	388.4452339989366	518.8529999999645	70.688	
9226-lilith-ai-products	imazen-26-png-v3/png-v3/9226-lilith-ai-products/home/kitchen/9817_gen_products-home-kitchen_fieldstone-glass-storage-set_p0578_1536x1024.sdr.png	o7	4	44	4546	277.6599680073559	340.51299999993034	46.639	
9226-lilith-ai-products	imazen-26-png-v3/png-v3/9226-lilith-ai-products/home/kitchen/9817_gen_products-home-kitchen_fieldstone-glass-storage-set_p0578_1536x1024.sdr.png	o7	6	20	24122	284.87035000580363	351.01499999998964	81.803	
9226-lilith-ai-products	imazen-26-png-v3/png-v3/9226-lilith-ai-products/home/kitchen/9817_gen_products-home-kitchen_fieldstone-glass-storage-set_p0578_1536x1024.sdr.png	o7	6	32	13892	244.05901799036656	194.81000000004656	70.036	
9226-lilith-ai-products	imazen-26-png-v3/png-v3/9226-lilith-ai-products/home/kitchen/9817_gen_products-home-kitchen_fieldstone-glass-storage-set_p0578_1536x1024.sdr.png	o7	6	44	6734	249.1188869898906	231.07000000001676	45.192	
9226-lilith-ai-products	imazen-26-png-v3/png-v3/9226-lilith-ai-products/home/kitchen/9817_gen_products-home-kitchen_fieldstone-glass-storage-set_p0578_1536x1024.sdr.png	o7	8	20	24980	386.7027949891053	250.50699999999892	81.201	
9226-lilith-ai-products	imazen-26-png-v3/png-v3/9226-lilith-ai-products/home/kitchen/9817_gen_products-home-kitchen_fieldstone-glass-storage-set_p0578_1536x1024.sdr.png	o7	8	32	14411	87.53686599084176	20.394000000010237	68.945	
9226-lilith-ai-products	imazen-26-png-v3/png-v3/9226-lilith-ai-products/home/kitchen/9817_gen_products-home-kitchen_fieldstone-glass-storage-set_p0578_1536x1024.sdr.png	o7	8	44	6907	555.1815130020259	153.75500000003228	43.946	
9226-lilith-ai-products	imazen-26-png-v3/png-v3/9226-lilith-ai-products/home/kitchen/9817_gen_products-home-kitchen_fieldstone-glass-storage-set_p0578_1536x1024.sdr.png	o7	10	20	26905	306.8930330045987	72.14800000002697	81.323	
9226-lilith-ai-products	imazen-26-png-v3/png-v3/9226-lilith-ai-products/home/kitchen/9817_gen_products-home-kitchen_fieldstone-glass-storage-set_p0578_1536x1024.sdr.png	o7	10	32	15493	373.0580119881779	91.80700000001707	69.073	
9226-lilith-ai-products	imazen-26-png-v3/png-v3/9226-lilith-ai-products/home/kitchen/9817_gen_products-home-kitchen_fieldstone-glass-storage-set_p0578_1536x1024.sdr.png	o7	10	44	7582	156.12207200319972	110.4129999999941	43.823	
9226-lilith-ai-products	imazen-26-png-v3/png-v3/9226-lilith-ai-products/home/kitchen/9817_gen_products-home-kitchen_fieldstone-glass-storage-set_p0578_1536x1024.sdr.png	o8	4	20	18753	186.91990899969824	249.6439999999609	81.778	
9226-lilith-ai-products	imazen-26-png-v3/png-v3/9226-lilith-ai-products/home/kitchen/9817_gen_products-home-kitchen_fieldstone-glass-storage-set_p0578_1536x1024.sdr.png	o8	4	32	10062	191.94654400052968	349.8600000000067	70.087	
9226-lilith-ai-products	imazen-26-png-v3/png-v3/9226-lilith-ai-products/home/kitchen/9817_gen_products-home-kitchen_fieldstone-glass-storage-set_p0578_1536x1024.sdr.png	o8	4	44	4341	200.73937199776992	412.03400000000556	44.415	
9226-lilith-ai-products	imazen-26-png-v3/png-v3/9226-lilith-ai-products/home/kitchen/9817_gen_products-home-kitchen_fieldstone-glass-storage-set_p0578_1536x1024.sdr.png	o8	6	20	23659	101.86039700056426	436.36000000000763	81.476	
9226-lilith-ai-products	imazen-26-png-v3/png-v3/9226-lilith-ai-products/home/kitchen/9817_gen_products-home-kitchen_fieldstone-glass-storage-set_p0578_1536x1024.sdr.png	o8	6	32	13506	451.1930540029425	528.8979999999839	69.247	
9226-lilith-ai-products	imazen-26-png-v3/png-v3/9226-lilith-ai-products/home/kitchen/9817_gen_products-home-kitchen_fieldstone-glass-storage-set_p0578_1536x1024.sdr.png	o8	6	44	6503	159.648910004762	123.65600000001109	44.125	
9226-lilith-ai-products	imazen-26-png-v3/png-v3/9226-lilith-ai-products/home/kitchen/9817_gen_products-home-kitchen_fieldstone-glass-storage-set_p0578_1536x1024.sdr.png	o8	8	20	24408	395.4790209972998	124.95099999999582	80.808	
9226-lilith-ai-products	imazen-26-png-v3/png-v3/9226-lilith-ai-products/home/kitchen/9817_gen_products-home-kitchen_fieldstone-glass-storage-set_p0578_1536x1024.sdr.png	o8	8	32	14002	171.46420700009912	20.737999999994372	68.089	
9226-lilith-ai-products	imazen-26-png-v3/png-v3/9226-lilith-ai-products/home/kitchen/9817_gen_products-home-kitchen_fieldstone-glass-storage-set_p0578_1536x1024.sdr.png	o8	8	44	6660	156.40735400666017	90.54999999997904	42.528	
9226-lilith-ai-products	imazen-26-png-v3/png-v3/9226-lilith-ai-products/home/kitchen/9817_gen_products-home-kitchen_fieldstone-glass-storage-set_p0578_1536x1024.sdr.png	o8	10	20	26415	280.7829990051687	191.9210000000504	80.954	
9226-lilith-ai-products	imazen-26-png-v3/png-v3/9226-lilith-ai-products/home/kitchen/9817_gen_products-home-kitchen_fieldstone-glass-storage-set_p0578_1536x1024.sdr.png	o8	10	32	15072	234.71429200435523	136.65000000001726	68.333	
9226-lilith-ai-products	imazen-26-png-v3/png-v3/9226-lilith-ai-products/home/kitchen/9817_gen_products-home-kitchen_fieldstone-glass-storage-set_p0578_1536x1024.sdr.png	o8	10	44	7340	351.46428500593174	206.23099999997407	42.478	
9226-lilith-ai-products	imazen-26-png-v3/png-v3/9226-lilith-ai-products/home/kitchen/9817_gen_products-home-kitchen_fieldstone-glass-storage-set_p0578_1536x1024.sdr.png	o7ac	4	20	19239	302.13500700483564	401.4410000000481	82.166	
9226-lilith-ai-products	imazen-26-png-v3/png-v3/9226-lilith-ai-products/home/kitchen/9817_gen_products-home-kitchen_fieldstone-glass-storage-set_p0578_1536x1024.sdr.png	o7ac	4	32	10400	164.2492359969765	238.98200000002134	70.604	
9226-lilith-ai-products	imazen-26-png-v3/png-v3/9226-lilith-ai-products/home/kitchen/9817_gen_products-home-kitchen_fieldstone-glass-storage-set_p0578_1536x1024.sdr.png	o7ac	4	44	4564	212.87689200835302	440.0139999999908	45.830	
9226-lilith-ai-products	imazen-26-png-v3/png-v3/9226-lilith-ai-products/home/kitchen/9817_gen_products-home-kitchen_fieldstone-glass-storage-set_p0578_1536x1024.sdr.png	o7ac	6	20	24164	78.55491900409106	331.6510000000079	81.833	
9226-lilith-ai-products	imazen-26-png-v3/png-v3/9226-lilith-ai-products/home/kitchen/9817_gen_products-home-kitchen_fieldstone-glass-storage-set_p0578_1536x1024.sdr.png	o7ac	6	32	13890	320.5796440015547	216.0029999999864	69.929	
9226-lilith-ai-products	imazen-26-png-v3/png-v3/9226-lilith-ai-products/home/kitchen/9817_gen_products-home-kitchen_fieldstone-glass-storage-set_p0578_1536x1024.sdr.png	o7ac	6	44	6728	429.5148259989219	287.7979999999951	45.076	
9226-lilith-ai-products	imazen-26-png-v3/png-v3/9226-lilith-ai-products/home/kitchen/9817_gen_products-home-kitchen_fieldstone-glass-storage-set_p0578_1536x1024.sdr.png	o7ac	8	20	24977	327.4394110048888	144.22500000002003	81.194	
9226-lilith-ai-products	imazen-26-png-v3/png-v3/9226-lilith-ai-products/home/kitchen/9817_gen_products-home-kitchen_fieldstone-glass-storage-set_p0578_1536x1024.sdr.png	o7ac	8	32	14417	67.7065269992454	29.092999999974722	68.957	
9226-lilith-ai-products	imazen-26-png-v3/png-v3/9226-lilith-ai-products/home/kitchen/9817_gen_products-home-kitchen_fieldstone-glass-storage-set_p0578_1536x1024.sdr.png	o7ac	8	44	6908	320.67595700209495	19.68300000000056	43.919	
9226-lilith-ai-products	imazen-26-png-v3/png-v3/9226-lilith-ai-products/home/kitchen/9817_gen_products-home-kitchen_fieldstone-glass-storage-set_p0578_1536x1024.sdr.png	o7ac	10	20	26905	159.60348398948554	48.74700000000587	81.323	
9226-lilith-ai-products	imazen-26-png-v3/png-v3/9226-lilith-ai-products/home/kitchen/9817_gen_products-home-kitchen_fieldstone-glass-storage-set_p0578_1536x1024.sdr.png	o7ac	10	32	15494	142.96241200645454	28.810000000007108	69.070	
9226-lilith-ai-products	imazen-26-png-v3/png-v3/9226-lilith-ai-products/home/kitchen/9817_gen_products-home-kitchen_fieldstone-glass-storage-set_p0578_1536x1024.sdr.png	o7ac	10	44	7582	200.3822639962891	122.4000000000558	43.823	
